grid_id,grid_area_km2,entry_all__1987,entry_all__1988,entry_all__1989,entry_all__1990,entry_all__1991,entry_productive__1987,entry_productive__1988,entry_productive__1989,entry_productive__1990,entry_productive__1991,exp__1987__00_03,exp__1987__03_06,exp__1987__06_09,exp__1987__09_12,exp__1987__12_20,exp__1987__gt_20,exp__1988__00_03,exp__1988__03_06,exp__1988__06_09,exp__1988__09_12,exp__1988__12_20,exp__1988__gt_20,exp__1989__00_03,exp__1989__03_06,exp__1989__06_09,exp__1989__09_12,exp__1989__12_20,exp__1989__gt_20,exp__1990__00_03,exp__1990__03_06,exp__1990__06_09,exp__1990__09_12,exp__1990__12_20,exp__1990__gt_20,exp__1991__00_03,exp__1991__03_06,exp__1991__06_09,exp__1991__09_12,exp__1991__12_20,exp__1991__gt_20,initial_stock__00_03,initial_stock__03_06,initial_stock__06_09,initial_stock__09_12,initial_stock__12_20,initial_stock__gt_20,initial_stock_total_ha,sel__1987__00_03,sel__1987__03_06,sel__1987__06_09,sel__1987__09_12,sel__1987__12_20,sel__1987__gt_20,sel__1988__00_03,sel__1988__03_06,sel__1988__06_09,sel__1988__09_12,sel__1988__12_20,sel__1988__gt_20,sel__1989__00_03,sel__1989__03_06,sel__1989__06_09,sel__1989__09_12,sel__1989__12_20,sel__1989__gt_20,sel__1990__00_03,sel__1990__03_06,sel__1990__06_09,sel__1990__09_12,sel__1990__12_20,sel__1990__gt_20,sel__1991__00_03,sel__1991__03_06,sel__1991__06_09,sel__1991__09_12,sel__1991__12_20,sel__1991__gt_20
"105,140",73.0836367871529,0.0,0.0,0.0,0.0,0.0,0.0,0.0,0.0,0.0,0.0,68.30276641658708,126.81643977258717,76.27484670339847,79.4354295945635,151.64528683961606,88.7277097159741,71.54002318195268,130.0537153730205,82.74953237234378,81.42869415937685,148.40795163453794,92.0537472491171,83.57543288773181,139.81676951389682,105.53796624669845,98.31373520084453,186.48162994010778,92.92979877322328,93.28737484520556,146.29145136814486,108.77529048452193,114.50038976856304,209.14297375305026,102.6418084415735,99.76186787193897,154.03499712944026,126.4592126836964,128.4518050287284,241.85703998079487,116.30176994099335,0.0,0.0,0.0,0.0,0.0,0.0,0.0,0.0,0.0,0.0,0.0,0.0,0.0,0.0,0.0,0.0,0.0,0.0,0.0,0.0,0.0,0.0,0.0,0.0,0.0,0.0,0.0,0.0,0.0,0.0,0.0,0.0,0.0,0.0,0.0,0.0,0.0
"100,141",66.3866925942657,0.0,0.0,0.0,0.0,0.0,0.0,0.0,0.0,0.0,0.0,129.91425518896068,460.34754089187174,436.42308789795527,608.1000319854886,1670.9191771843853,2457.214583896188,133.15416793729747,460.34754089187174,433.1831567913879,604.8601101772458,1667.679259667677,2466.934338115243,136.39409093763317,463.5874712831834,436.42308789795527,604.8601101772458,1656.1553496201832,2453.6697876416,136.39409093763317,468.4409981980043,431.56956310178725,604.8601101772458,1652.9154216130573,2452.2213502650166,136.39409093763317,468.4409981980043,441.28929347898446,613.5634419525371,1660.4244005016249,2456.0838488503996,0.0,0.0,0.0,0.0,0.0,0.0,0.0,0.0,0.0,0.0,0.0,0.0,0.0,0.0,0.0,0.0,0.0,0.0,0.0,0.0,0.0,0.0,0.0,0.0,0.0,0.0,0.0,0.0,0.0,0.0,0.0,0.0,0.0,0.0,0.0,0.0,0.0
"101,141",578.0662436058642,0.0,0.0,0.0,0.0,0.0,0.0,0.0,0.0,0.0,0.0,3017.38072644402,6069.461623161914,6647.765366404666,6094.379543620464,13169.261175908296,9090.26344258458,3128.6099732988023,6167.833204174042,6730.383712266474,6204.528503972409,13510.026886891386,9294.84946497001,3135.0892704599046,6154.873702907563,6728.211105857176,6230.445763665555,13521.562601684122,9304.314509086047,3161.9087968947842,6200.216734341079,6779.487692742255,6256.362873870252,13572.268004563275,9330.041913737503,3182.9603090295604,6242.461206608193,6857.240521578696,6309.8115802344155,13720.175633225723,9451.310998228484,0.0,0.0,0.0,0.0,0.0,0.0,0.0,0.0,0.0,0.0,0.0,0.0,0.0,0.0,0.0,0.0,0.0,0.0,0.0,0.0,0.0,0.0,0.0,0.0,0.0,0.0,0.0,0.0,0.0,0.0,0.0,0.0,0.0,0.0,0.0,0.0,0.0
"102,141",982.0263574565336,0.0,0.0,0.0,0.0,0.0,0.0,0.0,0.0,0.0,0.0,5528.20816636927,13430.586413130104,16372.855921016955,14325.065381316577,17761.107038108043,5121.766382021998,5598.384665556516,13611.530594750948,16623.8684050934,14493.517213256684,18079.181155957427,5214.452440832176,5646.974203415479,13693.32885779306,16717.10345654394,14563.159371454574,18219.286765265,5283.316814304801,5702.0488448816195,13835.869751347747,16809.96028147772,14605.679856343362,18251.107676136726,5318.952427031012,5740.923222847547,13997.84589899942,16891.837517030566,14595.570542087738,18323.558459600747,5399.938962341757,0.0,0.0,0.0,0.0,0.0,0.0,0.0,0.0,0.0,0.0,0.0,0.0,0.0,0.0,0.0,0.0,0.0,0.0,0.0,0.0,0.0,0.0,0.0,0.0,0.0,0.0,0.0,0.0,0.0,0.0,0.0,0.0,0.0,0.0,0.0,0.0,0.0
"103,141",1453.4043743663183,0.0,0.0,0.0,0.0,0.0,0.0,0.0,0.0,0.0,0.0,11912.602173914627,26847.88097831595,20340.642040515417,10930.353664564618,7583.6131394115155,842.3165793914421,11949.127881727965,26974.746452548454,20453.640186444452,10990.265359795327,7586.852145453996,850.0392838291093,12081.926457129272,27435.917860134905,20832.53433978137,11228.433359619215,7872.827731756136,913.5605275032567,12133.744892082961,27546.036034687822,20949.474436978733,11307.78933806139,7921.407239822313,940.0814958338644,12321.384588086372,27898.26858410461,21186.119833094464,11536.729999112147,8135.14608612154,1003.2332690042608,0.0,0.0,0.0,0.0,0.0,0.0,0.0,0.0,0.0,0.0,0.0,0.0,0.0,0.0,0.0,0.0,0.0,0.0,0.0,0.0,0.0,0.0,0.0,0.0,0.0,0.0,0.0,0.0,0.0,0.0,0.0,0.0,0.0,0.0,0.0,0.0,0.0
"104,141",2205.7437286092463,0.0,0.0,0.0,0.0,0.0,0.0,0.0,0.0,0.0,0.0,15103.575231708264,27219.48828769385,19109.394103501825,10974.672157885047,8928.386217891468,2431.5681672806836,15265.47815529225,27470.557181988515,19217.070089654364,11020.522346409629,8959.143953909595,2428.317753727296,15470.562218504325,27737.46466920049,19407.795891208276,11047.815116461585,9082.193457236011,2351.7064884354086,15607.649244067248,27912.330541822026,19488.397824321073,11024.07427679604,9096.223386790705,2369.5066330984528,15649.748524663028,27965.92870272936,19502.101901767768,11053.958372006695,8991.014196128472,2366.2702088907654,0.0,0.0,0.0,0.0,0.0,0.0,0.0,0.0,0.0,0.0,0.0,0.0,0.0,0.0,0.0,0.0,0.0,0.0,0.0,0.0,0.0,0.0,0.0,0.0,0.0,0.0,0.0,0.0,0.0,0.0,0.0,0.0,0.0,0.0,0.0,0.0,0.0
"105,141",1503.226002040825,0.0,0.0,0.0,0.0,0.0,0.0,0.0,0.0,0.0,0.0,4286.797237494412,5097.7741677602135,4674.746691647698,4144.742250260185,7307.641494750977,4522.369840290032,4428.3569122062,5256.167939532972,4943.2210450611865,4346.705457066554,7767.2041605332315,4702.80375328625,4480.55239123363,5311.866914274176,4995.682917759466,4378.879351407406,7798.885324893279,4730.322106101466,4548.41913409981,5534.830235996432,5185.0455499321815,4587.042028420578,8169.485099719553,4910.923585604685,4628.026860228706,5694.6510240853995,5356.927541026882,4703.237322830687,8325.530761229757,5028.264737042257,0.0,0.0,0.0,0.0,0.0,0.0,0.0,0.0,0.0,0.0,0.0,0.0,0.0,0.0,0.0,0.0,0.0,0.0,0.0,0.0,0.0,0.0,0.0,0.0,0.0,0.0,0.0,0.0,0.0,0.0,0.0,0.0,0.0,0.0,0.0,0.0,0.0
"106,141",215.08809679289737,0.0,0.0,0.0,0.0,0.0,0.0,0.0,0.0,0.0,0.0,4634.528052646039,3120.6128632096684,1869.4900018673318,770.6261787143408,331.6758021906311,33.97495963994194,4741.485534151863,3298.7437882535596,1969.5090557463027,805.0954579792771,346.23337318663505,33.97495963994194,4773.315945761812,3366.705216180577,1993.952660953297,835.8330410845139,342.9966991162768,30.738663701450122,4805.319672625673,3380.7037543661454,2016.6044820897716,845.5426405177396,342.99699046378043,27.502372054492724,4829.4434588198565,3372.060917108199,2042.493634616627,834.2102368027556,341.37300315838235,24.266080407535327,0.0,0.0,0.0,0.0,0.0,0.0,0.0,0.0,0.0,0.0,0.0,0.0,0.0,0.0,0.0,0.0,0.0,0.0,0.0,0.0,0.0,0.0,0.0,0.0,0.0,0.0,0.0,0.0,0.0,0.0,0.0,0.0,0.0,0.0,0.0,0.0,0.0
"108,141",96.10327355010156,0.0,0.0,0.0,0.0,0.0,0.0,0.0,0.0,0.0,0.0,450.04342811715367,889.9574223611869,778.4108438033684,418.7859503774082,248.38190777909523,28.73405085264468,453.27597659241917,906.1575738214979,768.6508050114501,417.5693555635564,259.6882006093567,28.73405085264468,456.50863950860264,911.0513548074983,759.2578923131905,434.1739103868896,262.5149878997429,30.343767443825218,481.5164527266633,950.1027248522814,783.4937405904134,465.78611013842567,259.33314977346686,33.57598356359145,484.74856179648754,948.4801729342516,802.8872433026631,470.6280634861366,272.262171608794,30.343945780922386,0.0,0.0,0.0,0.0,0.0,0.0,0.0,0.0,0.0,0.0,0.0,0.0,0.0,0.0,0.0,0.0,0.0,0.0,0.0,0.0,0.0,0.0,0.0,0.0,0.0,0.0,0.0,0.0,0.0,0.0,0.0,0.0,0.0,0.0,0.0,0.0,0.0
"109,141",29.391816529405492,0.0,0.0,0.0,0.0,0.0,0.0,0.0,0.0,0.0,0.0,120.52747597787894,268.6197885606804,336.96597151756293,264.93819395981586,122.79253423634698,9.695098161697388,114.0639034757427,271.85135951977156,327.85340946234913,268.17054049454487,126.01177256341074,9.695098161697388,117.29585948083914,271.7881716167226,327.85344808615895,271.402066154106,119.54818051095103,9.695098161697388,120.52747597787894,271.78820404164935,346.80051322450834,288.27082891744726,142.17099516625498,9.695098161697388,117.29563775156058,279.8742884981866,340.336836533453,291.50273175520056,138.9392608904371,9.695098161697388,0.0,0.0,0.0,0.0,0.0,0.0,0.0,0.0,0.0,0.0,0.0,0.0,0.0,0.0,0.0,0.0,0.0,0.0,0.0,0.0,0.0,0.0,0.0,0.0,0.0,0.0,0.0,0.0,0.0,0.0,0.0,0.0,0.0,0.0,0.0,0.0,0.0
"100,142",1338.9962657464637,0.0,0.0,0.0,0.0,0.0,0.0,0.0,0.0,0.0,0.0,7217.168690910527,18791.712057401615,21554.041565687516,15101.910325000801,27888.557040756823,14867.971207621518,7262.527860155294,18949.02153552186,21716.039493114808,15199.10917658619,28102.558809954513,15023.793498681573,7259.643872513491,18959.021098192996,21708.1115170591,15136.73708099384,28034.520216900695,14916.698118179918,7317.962965264041,19006.36255385922,21703.257426257223,15131.070180604973,28135.136469987792,14958.81719133246,7340.642328276354,19100.320377612577,21783.442897794757,15230.618770717172,28385.42402915674,15238.707963562943,0.0,0.0,0.0,0.0,0.0,0.0,0.0,0.0,0.0,0.0,0.0,0.0,0.0,0.0,0.0,0.0,0.0,0.0,0.0,0.0,0.0,0.0,0.0,0.0,0.0,0.0,0.0,0.0,0.0,0.0,0.0,0.0,0.0,0.0,0.0,0.0,0.0
"101,142",2504.6089561232607,0.0,0.0,0.0,0.0,0.0,0.0,0.0,0.0,0.0,0.0,10828.572795744505,27836.705933469886,34331.787651361214,28239.326743468115,56583.02631612759,35011.9075546246,10867.449902887907,27917.522018725263,34440.32668513691,28377.022505180506,57150.861112184146,35513.80821122002,10796.17594134387,27829.236359280236,34303.26511515449,28315.46624650207,56758.863487251125,35202.80133874463,10867.450403566923,27864.85970158297,34345.62282307476,28415.89705123153,56934.36986141579,35352.63355753843,10956.536333807777,27966.648884602157,34532.16863212961,28548.827675993303,57324.49926589704,36023.27405689184,0.0,0.0,0.0,0.0,0.0,0.0,0.0,0.0,0.0,0.0,0.0,0.0,0.0,0.0,0.0,0.0,0.0,0.0,0.0,0.0,0.0,0.0,0.0,0.0,0.0,0.0,0.0,0.0,0.0,0.0,0.0,0.0,0.0,0.0,0.0,0.0,0.0
"102,142",2504.3014825435944,0.0,0.0,0.0,0.0,0.0,0.0,0.0,0.0,0.0,0.0,13645.280067899179,32397.257913150035,43522.241434192656,40274.00551954811,53009.88327886638,21432.230768335565,13680.913590409707,32507.854813226993,43717.39965026145,40441.994939903176,53296.53794607743,21607.776613389746,13771.259333683462,32600.538220922615,43828.708266750036,40499.02760009204,53531.28584266644,21761.18840445257,13850.528512576044,32737.65852212438,43920.31306779992,40674.410575767586,53637.54781251702,21842.167212378747,13879.682166197717,32855.35448097715,43990.483219625436,40727.5110699074,53949.975023020954,22078.631456982857,0.0,0.0,0.0,0.0,0.0,0.0,0.0,0.0,0.0,0.0,0.0,0.0,0.0,0.0,0.0,0.0,0.0,0.0,0.0,0.0,0.0,0.0,0.0,0.0,0.0,0.0,0.0,0.0,0.0,0.0,0.0,0.0,0.0,0.0,0.0,0.0,0.0
"103,142",2503.8403957275705,0.0,0.0,0.0,0.0,0.0,0.0,0.0,0.0,0.0,0.0,14712.703058369018,31656.46855982893,26977.204816433958,22850.681047901453,33745.985243386844,18363.762055116542,14737.806642585641,31979.89566216936,27333.48290285783,23106.194258012023,34029.93991938385,18372.761978990893,15175.052296707676,33451.58217379533,28677.24929673718,23994.110994001465,35132.51188580663,19010.08064111915,15355.715859909616,33890.99591084274,29123.023532340103,24191.68451189808,35309.593252644816,19058.669286577373,15706.413119580697,34928.483472597836,29902.39844783895,24663.84071488006,36144.03061570466,19607.715787524805,0.0,0.0,0.0,0.0,0.0,0.0,0.0,0.0,0.0,0.0,0.0,0.0,0.0,0.0,0.0,0.0,0.0,0.0,0.0,0.0,0.0,0.0,0.0,0.0,0.0,0.0,0.0,0.0,0.0,0.0,0.0,0.0,0.0,0.0,0.0,0.0,0.0
"104,142",2503.2258438713516,0.0,0.0,0.0,0.0,0.0,0.0,0.0,0.0,0.0,0.0,14992.799805123199,17758.280330005346,7329.391896013185,3716.280087558896,9807.535211003993,28330.832541136642,15031.659143406738,17710.526960061576,7342.353281024858,3756.766217967576,9817.79270780881,28362.488153518414,15087.066006032159,17801.199825444874,7544.194403652116,3872.8013610129265,10051.297962920804,28913.37144788106,15142.11377510183,17960.669365257374,7608.958578113481,3873.158543882184,10083.498938096736,28778.997383108326,15201.111058578304,18160.33137337367,7693.505460632548,3970.3059328172726,10276.191814618951,29096.02302814371,0.0,0.0,0.0,0.0,0.0,0.0,0.0,0.0,0.0,0.0,0.0,0.0,0.0,0.0,0.0,0.0,0.0,0.0,0.0,0.0,0.0,0.0,0.0,0.0,0.0,0.0,0.0,0.0,0.0,0.0,0.0,0.0,0.0,0.0,0.0,0.0,0.0
"105,142",2502.4580244555964,0.0,0.0,0.0,0.0,0.0,0.0,0.0,0.0,0.0,0.0,5205.465378740722,7606.662097012763,9117.343203147253,10228.282195233365,26090.379478937037,23375.72293444615,5357.762238170586,7980.493494485406,9469.34513889294,10588.186506271362,26748.682219693237,23473.882069089366,5398.844810009938,8048.460527810864,9500.823456184537,10796.663945544937,26653.627635173234,23420.29580179196,5495.931759358387,8076.759837302975,9445.38956519295,10873.964461564083,26406.47790424777,23278.610111950893,5477.319278335571,8032.061566039628,9322.38641140227,10754.3729043437,25987.68662783305,22806.241781024368,0.0,0.0,0.0,0.0,0.0,0.0,0.0,0.0,0.0,0.0,0.0,0.0,0.0,0.0,0.0,0.0,0.0,0.0,0.0,0.0,0.0,0.0,0.0,0.0,0.0,0.0,0.0,0.0,0.0,0.0,0.0,0.0,0.0,0.0,0.0,0.0,0.0
"106,142",2269.9620142626172,0.0,0.0,0.0,0.0,0.0,0.0,0.0,0.0,0.0,0.0,17953.37196609273,27336.821747583504,23504.84341286678,13688.341832285305,10076.94888311461,2990.6432319641112,18320.388678539504,27919.464130799908,23917.49240838313,13931.986871447285,10429.519703140446,3236.5936270713805,18326.590741891494,27893.007697083904,23940.557572949165,13916.67177481745,10471.939630518707,3303.1100084641403,18342.78917323842,28153.495831541917,24186.940725624794,14041.609328215733,10643.464031229767,3574.955026850981,18391.901081884607,27978.092634829347,23982.40180441538,13857.47945987851,10570.305983056274,3536.933576711019,0.0,0.0,0.0,0.0,0.0,0.0,0.0,0.0,0.0,0.0,0.0,0.0,0.0,0.0,0.0,0.0,0.0,0.0,0.0,0.0,0.0,0.0,0.0,0.0,0.0,0.0,0.0,0.0,0.0,0.0,0.0,0.0,0.0,0.0,0.0,0.0,0.0
"107,142",1924.7664607628246,0.0,0.0,0.0,0.0,0.0,0.0,0.0,0.0,0.0,0.0,17571.172166770113,23441.135293879226,21418.026668082028,11798.239125127418,9084.716204823699,800.5792615133173,17951.017972280464,24226.71583723835,21999.38392643554,12063.5127012178,9244.123421596078,797.3478376584894,18130.505902764377,25064.755439115037,22616.618755472406,12359.727234438355,9417.141998714558,810.2832181173212,17911.756786075293,25358.093635847992,22704.358795036984,12469.71202583874,9438.396979669495,807.0488021093256,17747.0870460024,25226.171558693342,22519.19786497097,12364.14134886031,9364.021666337929,807.049617024029,0.0,0.0,0.0,0.0,0.0,0.0,0.0,0.0,0.0,0.0,0.0,0.0,0.0,0.0,0.0,0.0,0.0,0.0,0.0,0.0,0.0,0.0,0.0,0.0,0.0,0.0,0.0,0.0,0.0,0.0,0.0,0.0,0.0,0.0,0.0,0.0,0.0
"108,142",2235.968067379422,0.0,0.0,0.0,0.0,0.0,0.0,0.0,0.0,0.0,0.0,14319.936352768133,32102.98005583146,28157.370065026185,16519.024756561543,11791.658476962295,1438.8578094884463,14384.606322325913,32439.293274859825,28547.240088643277,16801.03330371894,11880.586014223098,1425.1167501832927,14374.239581651314,32585.76599873281,28805.14134657523,16915.724184516836,11935.554925870894,1405.6338005318362,14443.246866536609,32941.38589228368,29203.780697710376,17078.172903802348,12110.142806243895,1389.4692995800692,14226.81073850931,32882.20884677382,29264.445218487348,17035.242220916003,12071.35252637863,1378.2358781795876,0.0,0.0,0.0,0.0,0.0,0.0,0.0,0.0,0.0,0.0,0.0,0.0,0.0,0.0,0.0,0.0,0.0,0.0,0.0,0.0,0.0,0.0,0.0,0.0,0.0,0.0,0.0,0.0,0.0,0.0,0.0,0.0,0.0,0.0,0.0,0.0,0.0
"109,142",2176.3501462020963,0.0,0.0,0.0,0.0,0.0,0.0,0.0,0.0,0.0,0.0,17745.402143911284,30608.98691521532,26169.389284575216,15401.72367712563,12513.67823788138,2162.900835545858,17495.422336088443,30250.77474085583,25863.543109905022,15192.557664814181,12321.200208956589,2095.264696439107,17177.95463873919,29714.739823450756,25404.05701047112,14857.421259427538,11949.633492600686,1888.5673047084435,17332.20111143168,29948.868958278726,25534.09248695654,14868.045163220986,12058.859662363577,1882.101425268136,17768.352161262548,30286.633155911575,25796.283010091032,15096.480637574663,12141.228262560977,1862.2138996573055,0.0,0.0,0.0,0.0,0.0,0.0,0.0,0.0,0.0,0.0,0.0,0.0,0.0,0.0,0.0,0.0,0.0,0.0,0.0,0.0,0.0,0.0,0.0,0.0,0.0,0.0,0.0,0.0,0.0,0.0,0.0,0.0,0.0,0.0,0.0,0.0,0.0
"110,142",1641.089648532665,0.0,0.0,0.0,0.0,0.0,0.0,0.0,0.0,0.0,0.0,3161.08523013358,952.2601372877757,473.2364733527688,459.9181550306432,898.1945954061022,1534.1473168952791,3183.486142050986,951.158905398612,479.6964130710153,463.14820344868826,919.4058657805125,1618.112372599396,3347.3551973744934,982.925797734541,500.4656457788804,482.93062067125356,965.8316963326697,1592.2763061149446,3527.26150746439,1044.2721827366772,542.4452202207901,505.3062946020388,1018.8815717042662,1660.0904245002596,3612.035687704647,1050.7323456147137,556.1746390202466,519.0364811167997,1047.4934265660304,1645.79024792185,0.0,0.0,0.0,0.0,0.0,0.0,0.0,0.0,0.0,0.0,0.0,0.0,0.0,0.0,0.0,0.0,0.0,0.0,0.0,0.0,0.0,0.0,0.0,0.0,0.0,0.0,0.0,0.0,0.0,0.0,0.0,0.0,0.0,0.0,0.0,0.0,0.0
"111,142",111.55304722376694,0.0,0.0,0.0,0.0,0.0,0.0,0.0,0.0,0.0,0.0,485.6395010106704,72.01275739202313,6.455670356750488,0.0,0.0,0.0,466.2733463399551,69.89877216582205,6.455670356750488,0.0,0.0,0.0,446.90665308166956,84.92437419423871,6.455670356750488,0.0,0.0,0.0,432.8690925467248,81.69661435613446,6.455670356750488,0.0,0.0,0.0,397.36318691852046,75.24102291593366,6.455670356750488,0.0,0.0,0.0,0.0,0.0,0.0,0.0,0.0,0.0,0.0,0.0,0.0,0.0,0.0,0.0,0.0,0.0,0.0,0.0,0.0,0.0,0.0,0.0,0.0,0.0,0.0,0.0,0.0,0.0,0.0,0.0,0.0,0.0,0.0,0.0,0.0,0.0,0.0,0.0,0.0
"98,143",229.62214878921702,0.0,0.0,0.0,0.0,0.0,0.0,0.0,0.0,0.0,0.0,4336.34033610587,5193.091835751253,1353.839250906776,158.0425546356276,71.21372882992614,25.91906499862671,4347.432257626104,5206.051532520967,1363.5334614585427,155.38716129695666,71.21372882992614,25.91906499862671,4347.44494299795,5235.871166680841,1366.7732817004708,152.14728836452258,71.21372882992614,25.91906499862671,4331.245544957179,5250.469694353553,1373.9644850478453,162.12102560436023,77.69344441563476,25.91906499862671,4212.602108270046,5124.114158131095,1317.2855519126442,162.15910913243013,74.45355598599303,25.91906499862671,0.0,0.0,0.0,0.0,0.0,0.0,0.0,0.0,0.0,0.0,0.0,0.0,0.0,0.0,0.0,0.0,0.0,0.0,0.0,0.0,0.0,0.0,0.0,0.0,0.0,0.0,0.0,0.0,0.0,0.0,0.0,0.0,0.0,0.0,0.0,0.0,0.0
"99,143",1601.5424549207967,0.0,0.0,0.0,0.0,0.0,0.0,0.0,0.0,0.0,0.0,24490.033030748367,46611.77315783501,20194.954835891724,3995.2752757268795,2866.284467458725,539.6304142475128,24551.592445373535,46728.41155958176,20299.357910633087,3985.555499096478,2911.6443479061127,552.5903325080872,24519.193532705307,46757.57219052315,20295.394016981125,3992.0361018377193,2908.4044246673584,568.7902669906616,24483.554589509964,46686.29375529289,20279.19439649582,3966.116352339352,2912.3687114715576,572.0302720069885,24331.278531074524,46498.37783432007,20094.51846385002,3924.7212963300594,2918.848819255829,565.5502986907959,0.0,0.0,0.0,0.0,0.0,0.0,0.0,0.0,0.0,0.0,0.0,0.0,0.0,0.0,0.0,0.0,0.0,0.0,0.0,0.0,0.0,0.0,0.0,0.0,0.0,0.0,0.0,0.0,0.0,0.0,0.0,0.0,0.0,0.0,0.0,0.0,0.0
"100,143",2322.910120529624,0.0,0.0,0.0,0.0,0.0,0.0,0.0,0.0,0.0,0.0,10423.331131870606,26634.054596433452,28731.353345500724,18176.743686669477,26934.62305560112,9765.549378268857,10418.642867576375,26635.84615811273,28759.789489375846,18157.304309123167,26963.960678263273,9768.789393298764,10486.338881590786,26690.137705606572,28867.432313071982,18169.628870087043,27098.24707278364,9825.316575325236,10501.089553291657,26760.603709589264,28911.34370273702,18251.263145201814,27179.335000644947,9841.516366279826,10527.009243662216,26793.00329245212,28912.156861246334,18279.69865774454,27271.032269070194,9945.194506204829,0.0,0.0,0.0,0.0,0.0,0.0,0.0,0.0,0.0,0.0,0.0,0.0,0.0,0.0,0.0,0.0,0.0,0.0,0.0,0.0,0.0,0.0,0.0,0.0,0.0,0.0,0.0,0.0,0.0,0.0,0.0,0.0,0.0,0.0,0.0,0.0,0.0
"101,143",2504.815946949535,0.0,0.0,0.0,0.0,0.0,0.0,0.0,0.0,0.0,0.0,14399.591408500486,26216.05274805461,33372.72008101893,26890.96522083937,47973.940909607285,25074.512206115913,14538.162559735543,26412.37993777874,33680.4930035348,27282.415303805294,48903.00819799388,25774.552554699956,14590.36626743429,26533.063035273088,33847.081564823784,27454.489807244845,49328.14481525797,26299.02801125564,14617.719427098482,26758.778247161008,34058.28625058006,27688.445898134567,49645.03476037699,26647.560082898417,14744.071563472002,27020.383817942,34300.454238438135,27912.79965604894,50432.916356979644,27366.784229264536,0.0,0.0,0.0,0.0,0.0,0.0,0.0,0.0,0.0,0.0,0.0,0.0,0.0,0.0,0.0,0.0,0.0,0.0,0.0,0.0,0.0,0.0,0.0,0.0,0.0,0.0,0.0,0.0,0.0,0.0,0.0,0.0,0.0,0.0,0.0,0.0,0.0
"102,143",2504.5083717404486,0.0,0.0,0.0,0.0,0.0,0.0,0.0,0.0,0.0,0.0,8331.095357926688,20175.062124193417,27416.035522548827,23995.787170394262,36803.6635904817,18104.33786305914,8557.127249972962,20836.17603670008,28255.86608275152,24743.828294427727,37628.28441255233,18465.621142498654,8702.900053756379,21103.421427823985,28566.761587137335,25111.31459938124,38148.48070680394,18716.40461878029,8763.637193959368,21195.206563252093,28714.50776896197,25441.64805495599,38750.38974657152,18864.341166695427,8815.467119496478,21473.793613213184,29067.602665993752,25762.3485150384,39149.18921451755,19026.311977585625,0.0,0.0,0.0,0.0,0.0,0.0,0.0,0.0,0.0,0.0,0.0,0.0,0.0,0.0,0.0,0.0,0.0,0.0,0.0,0.0,0.0,0.0,0.0,0.0,0.0,0.0,0.0,0.0,0.0,0.0,0.0,0.0,0.0,0.0,0.0,0.0,0.0
"103,143",2504.047133259502,0.0,0.0,0.0,0.0,0.0,0.0,0.0,0.0,0.0,0.0,8709.384070971433,21376.603932142258,28337.75822324098,27288.356256778567,49405.83541445639,28202.70805744938,8683.576564237183,21416.286191832787,28328.047769492277,27361.227717008776,49623.19744268305,28229.88772990563,8761.306465550964,21613.48958280601,28561.591049522507,27586.76293366563,50383.82758431342,28797.915697306275,8790.812211302215,21717.135877694338,28668.578834570155,27634.09013549954,50684.323712233934,29089.402487248062,8830.38884472099,21775.43731709368,28883.509842247124,27952.204046139996,51339.00992481195,29772.331034406023,0.0,0.0,0.0,0.0,0.0,0.0,0.0,0.0,0.0,0.0,0.0,0.0,0.0,0.0,0.0,0.0,0.0,0.0,0.0,0.0,0.0,0.0,0.0,0.0,0.0,0.0,0.0,0.0,0.0,0.0,0.0,0.0,0.0,0.0,0.0,0.0,0.0
"104,143",2503.4323806343864,0.0,0.0,0.0,0.0,0.0,0.0,0.0,0.0,0.0,0.0,34624.15054140278,70124.19951619353,42839.885534234134,15080.552664217295,11341.424168525959,3436.795313387291,34684.947327574555,70252.90621689253,42860.4028129054,15144.238506492915,11266.95956796291,3405.505257397072,34918.08008666879,70582.45947875883,43098.94575447568,15409.76838463241,11729.66830833379,3569.926451098685,34886.43008504101,70662.60192844446,43192.1261556644,15410.852107700648,11897.498372728685,3658.4298728821323,34844.706471098165,70751.1105560817,43378.4823071433,15568.799496145812,12027.011786396364,3705.5624761871263,0.0,0.0,0.0,0.0,0.0,0.0,0.0,0.0,0.0,0.0,0.0,0.0,0.0,0.0,0.0,0.0,0.0,0.0,0.0,0.0,0.0,0.0,0.0,0.0,0.0,0.0,0.0,0.0,0.0,0.0,0.0,0.0,0.0,0.0,0.0,0.0,0.0
"105,143",2502.664312582746,0.0,0.0,0.0,0.0,0.0,0.0,0.0,0.0,0.0,0.0,9894.00809969341,15849.891416109309,12736.41691109059,9495.11724814153,15066.215313813265,9231.407271733002,9966.276863173878,15928.951144982319,12945.455277966517,9687.580214751935,15375.075813146665,9353.314857415591,9858.639190481224,15816.536956529055,12756.974384143305,9641.262099745694,15395.106337496813,9380.315252598593,9923.725807017907,15946.800918797884,12840.238453780905,9756.697018820632,15828.830281913044,9778.16326734973,9923.463209071813,16071.15964202507,12902.802218757894,9664.266091026044,15811.582330613044,9749.289604719947,0.0,0.0,0.0,0.0,0.0,0.0,0.0,0.0,0.0,0.0,0.0,0.0,0.0,0.0,0.0,0.0,0.0,0.0,0.0,0.0,0.0,0.0,0.0,0.0,0.0,0.0,0.0,0.0,0.0,0.0,0.0,0.0,0.0,0.0,0.0,0.0,0.0
"106,143",2501.7431773094504,0.0,0.0,0.0,0.0,0.0,0.0,0.0,0.0,0.0,0.0,16498.881671552095,36432.44848821398,36406.49007072449,24175.563442262945,24542.844859827266,4746.698357795267,16621.8552800459,36862.16194860796,36818.51216840931,24342.560087369468,24894.12288248399,4792.00233504632,16697.084921730268,37181.059437157135,37163.29521740651,24551.444807823966,25127.1109932086,4902.755659277299,16807.366187210646,37546.71256750332,37573.77641020008,24777.083315169577,25347.16497951956,4980.422682220796,16777.524959480063,37278.22689862532,37272.04040644403,24669.653766084182,25128.229984566744,4966.672995361627,0.0,0.0,0.0,0.0,0.0,0.0,0.0,0.0,0.0,0.0,0.0,0.0,0.0,0.0,0.0,0.0,0.0,0.0,0.0,0.0,0.0,0.0,0.0,0.0,0.0,0.0,0.0,0.0,0.0,0.0,0.0,0.0,0.0,0.0,0.0,0.0,0.0
"107,143",2500.669272378322,0.0,0.0,0.0,0.0,0.0,0.0,0.0,0.0,0.0,0.0,12827.427289094177,31124.589472739837,35247.33272030026,22923.99891281128,19535.872701226028,2232.843852584502,12843.612312640396,31439.15199402734,35590.988422913644,23152.03762299407,19612.69516132018,2242.551199977538,12998.869328107086,31913.810422420505,36119.83020715246,23662.269020600415,19865.17037906647,2283.8834158027876,13158.903574177797,32369.073301058193,36890.43768593938,24098.204296236414,20182.171730422975,2267.7098370636213,13157.212222166621,32314.826180623557,36899.34420739529,24023.82468617477,20039.876201345407,2238.6028443420637,0.0,0.0,0.0,0.0,0.0,0.0,0.0,0.0,0.0,0.0,0.0,0.0,0.0,0.0,0.0,0.0,0.0,0.0,0.0,0.0,0.0,0.0,0.0,0.0,0.0,0.0,0.0,0.0,0.0,0.0,0.0,0.0,0.0,0.0,0.0,0.0,0.0
"108,143",2499.442944558251,0.0,0.0,0.0,0.0,0.0,0.0,0.0,0.0,0.0,0.0,22924.954193963258,44703.46712625073,36708.46367051742,21935.975176688735,18170.30810234126,5233.759929625194,22838.408945385618,44622.66048944043,36610.76193270684,21955.369318362777,18147.67120072421,5153.758578270557,22708.236187478607,44630.82062809328,36603.58598544738,21983.642548029093,18166.322952551,5191.735152928035,22701.790377399033,44628.31317802599,36631.97101448751,21989.30257277769,18046.714334768407,5156.176802841823,22695.334465577555,44605.77620753307,36453.43087692167,21960.121334982854,17894.778761190526,5056.7835468245485,0.0,0.0,0.0,0.0,0.0,0.0,0.0,0.0,0.0,0.0,0.0,0.0,0.0,0.0,0.0,0.0,0.0,0.0,0.0,0.0,0.0,0.0,0.0,0.0,0.0,0.0,0.0,0.0,0.0,0.0,0.0,0.0,0.0,0.0,0.0,0.0,0.0
"109,143",2498.0645896418578,0.0,0.0,0.0,0.0,0.0,0.0,0.0,0.0,0.0,0.0,33168.9926742507,39042.92084628554,27298.585174761567,13036.55512900072,9064.293891702913,2406.8951582534637,32437.933041407083,38655.034124186466,27004.646706238917,12839.800623761908,8878.333729408301,2335.8001370056,31575.406106582344,38113.4494418163,26648.199282447033,12734.828410535702,8932.561620199915,2354.3804841443603,30891.237731233297,37821.094860246136,26515.263227448744,12823.498849408767,9013.67210911676,2409.3190887376372,30091.66530596789,37311.448011442255,26339.842602754103,12908.528433488398,9213.967810143675,2439.027057005377,0.0,0.0,0.0,0.0,0.0,0.0,0.0,0.0,0.0,0.0,0.0,0.0,0.0,0.0,0.0,0.0,0.0,0.0,0.0,0.0,0.0,0.0,0.0,0.0,0.0,0.0,0.0,0.0,0.0,0.0,0.0,0.0,0.0,0.0,0.0,0.0,0.0
"110,143",2376.0183780395364,0.0,0.0,0.0,0.0,0.0,0.0,0.0,0.0,0.0,0.0,8038.03838409536,4699.95500220411,3571.9206141443806,3053.1548118413657,5002.951064595989,4145.401650008034,8061.82808486714,4834.156647446576,3670.2363896706524,3120.6017495604124,5079.0167302917025,4439.26280432589,8288.960194079082,4742.484448821871,3542.8658274622517,3088.301913667193,4877.000918636135,4281.0328763092275,8636.91392326542,4913.624176175921,3656.251723298839,3170.8378263931654,5018.7288685462045,4277.806363161873,8647.247510394864,4982.881251855925,3797.547835685693,3303.879686232174,5244.817449869828,4240.870354232602,0.0,0.0,0.0,0.0,0.0,0.0,0.0,0.0,0.0,0.0,0.0,0.0,0.0,0.0,0.0,0.0,0.0,0.0,0.0,0.0,0.0,0.0,0.0,0.0,0.0,0.0,0.0,0.0,0.0,0.0,0.0,0.0,0.0,0.0,0.0,0.0,0.0
"111,143",1090.841103955782,0.0,0.0,0.0,0.0,0.0,0.0,0.0,0.0,0.0,0.0,2255.989234573701,752.5249389283797,269.3226818440008,178.81659902871823,350.6906825757494,311.8073868573881,2311.950684426813,756.6402737897985,291.9122113583135,185.2711001807568,366.82950703864003,310.7802180692262,2301.430722483467,776.0040423673742,279.0009455082464,195.004830010732,347.46635691885854,291.4151968404359,2244.867748213749,797.7969183416927,285.4562162754583,198.18092312158322,338.37957864275165,295.06013619011526,2168.0187627876508,775.2002355547512,271.44519026980686,188.49751915277218,315.78570442667194,257.7255425434487,0.0,0.0,0.0,0.0,0.0,0.0,0.0,0.0,0.0,0.0,0.0,0.0,0.0,0.0,0.0,0.0,0.0,0.0,0.0,0.0,0.0,0.0,0.0,0.0,0.0,0.0,0.0,0.0,0.0,0.0,0.0,0.0,0.0,0.0,0.0,0.0,0.0
"112,143",27.902602248756043,0.0,0.0,0.0,0.0,0.0,0.0,0.0,0.0,0.0,0.0,22.503081672331867,15.47031102554471,9.259159133013558,0.0,2.8461666668162624,6.071805294822244,19.353332042694092,12.244689563676424,12.484806105669808,0.0,2.8461666668162624,8.930621591268801,19.353332042694092,15.47031102554471,12.484806105669808,0.0,2.8461666668162624,8.930621591268801,19.353332042694092,12.307911532532936,12.484806105669808,0.0,2.8461666668162624,8.930621591268801,22.503081672331867,12.307911532532936,12.484806105669808,0.0,2.8461666668162624,8.930621591268801,0.0,0.0,0.0,0.0,0.0,0.0,0.0,0.0,0.0,0.0,0.0,0.0,0.0,0.0,0.0,0.0,0.0,0.0,0.0,0.0,0.0,0.0,0.0,0.0,0.0,0.0,0.0,0.0,0.0,0.0,0.0,0.0,0.0,0.0,0.0,0.0,0.0
"99,144",2290.900867861153,0.0,0.0,0.0,0.0,0.0,0.0,0.0,0.0,0.0,0.0,30662.901056534636,54463.21211256327,28112.853878135305,15746.57098772292,22935.355168725928,9234.54376357864,30672.621780402053,54482.653012889044,28138.77429949723,15847.824423420663,23005.186396982153,9247.50366252731,30533.304329878676,54385.45534586719,28103.948885615668,15783.749573815103,23041.550358678778,9237.783536852108,30337.293798515842,54184.57836556247,27909.55182379087,15718.950193751092,23006.634638692816,9189.18355125259,29823.767916147382,53566.559877304935,27409.887889942467,15511.59168993258,22634.035296585043,8995.508225143658,0.0,0.0,0.0,0.0,0.0,0.0,0.0,0.0,0.0,0.0,0.0,0.0,0.0,0.0,0.0,0.0,0.0,0.0,0.0,0.0,0.0,0.0,0.0,0.0,0.0,0.0,0.0,0.0,0.0,0.0,0.0,0.0,0.0,0.0,0.0,0.0,0.0
"100,144",2505.1742034292174,0.0,0.0,0.0,0.0,0.0,0.0,0.0,0.0,0.0,0.0,14701.254583057702,40507.49696088493,44671.321317147274,29399.887916172247,35035.99373860079,8595.220981645583,14685.054620203317,40588.495626217715,44695.79301884502,29434.07899586453,35023.03274824759,8598.460421609878,14709.525510562635,40606.48647364262,44669.236920062234,29426.874082725186,35057.94772460601,8643.81948595047,14764.604588998533,40643.91751066751,44597.144623859254,29405.98511075693,35056.067456800796,8631.20304294474,14790.524091972089,40590.28601654652,44574.3755070864,29393.025376793918,35072.95163025856,8660.450922663073,0.0,0.0,0.0,0.0,0.0,0.0,0.0,0.0,0.0,0.0,0.0,0.0,0.0,0.0,0.0,0.0,0.0,0.0,0.0,0.0,0.0,0.0,0.0,0.0,0.0,0.0,0.0,0.0,0.0,0.0,0.0,0.0,0.0,0.0,0.0,0.0,0.0
"101,144",2505.0203406141377,0.0,0.0,0.0,0.0,0.0,0.0,0.0,0.0,0.0,0.0,11103.37792523141,33129.34583839716,45430.62158560286,31987.713727090875,32725.884292140665,12953.540289493636,11323.681621863796,33861.53252467455,46149.39964615037,32339.043030115205,33117.160430901655,13303.435692878797,11466.30819054772,34045.75644996213,46386.273103123094,32475.114099832612,33271.6034245622,13483.798161856332,11654.21297713448,34584.73833941852,47480.21460994646,33423.6368711696,33649.91844198844,13579.551695950826,11725.488120996251,34834.12448031949,47925.13125696183,33674.16732054038,34049.84830736085,14162.717992194492,0.0,0.0,0.0,0.0,0.0,0.0,0.0,0.0,0.0,0.0,0.0,0.0,0.0,0.0,0.0,0.0,0.0,0.0,0.0,0.0,0.0,0.0,0.0,0.0,0.0,0.0,0.0,0.0,0.0,0.0,0.0,0.0,0.0,0.0,0.0,0.0,0.0
"102,144",2504.712665031562,0.0,0.0,0.0,0.0,0.0,0.0,0.0,0.0,0.0,0.0,4994.895699079364,14088.765764868493,21032.232140491524,21386.04941945637,56054.04704807506,56111.67258833156,5059.682950075,14309.040747320885,21218.762619602912,21671.4656782758,56831.206420063514,56991.77482365159,5029.449673310448,14258.291810588276,21096.744565038123,21538.653385083817,56465.88367952365,56505.673831616194,5065.083710805107,14288.529554124907,21210.395170400658,21644.48085212801,56639.724492320835,56705.99698308495,5100.717606679131,14364.116718924279,21267.626374036194,21711.429002870296,56913.71706681626,57187.86422449093,0.0,0.0,0.0,0.0,0.0,0.0,0.0,0.0,0.0,0.0,0.0,0.0,0.0,0.0,0.0,0.0,0.0,0.0,0.0,0.0,0.0,0.0,0.0,0.0,0.0,0.0,0.0,0.0,0.0,0.0,0.0,0.0,0.0,0.0,0.0,0.0,0.0
"103,144",2504.2512767504004,0.0,0.0,0.0,0.0,0.0,0.0,0.0,0.0,0.0,0.0,5623.232261976541,15233.400124566695,21346.065110973286,23211.584533240744,57129.13094445583,44304.76730426713,5678.293515311971,15411.530703561446,21559.827987960743,23524.223853740506,58203.605667066564,45009.767145933816,5804.242385656693,15831.028601084503,22125.159533487586,24170.880699295154,59844.76856544532,46021.47906985844,5859.304778129914,15971.54837387029,22367.3547416472,24452.299616875367,60708.91121461718,46548.698373198036,5884.860687900056,16046.038828305638,22568.162663984298,24487.925216259675,61053.491615655366,46808.27025544036,0.0,0.0,0.0,0.0,0.0,0.0,0.0,0.0,0.0,0.0,0.0,0.0,0.0,0.0,0.0,0.0,0.0,0.0,0.0,0.0,0.0,0.0,0.0,0.0,0.0,0.0,0.0,0.0,0.0,0.0,0.0,0.0,0.0,0.0,0.0,0.0,0.0
"104,144",2503.636325806813,0.0,0.0,0.0,0.0,0.0,0.0,0.0,0.0,0.0,0.0,11328.070188092252,27963.74013750132,35815.99834931411,29839.779986740563,33936.290857285145,8461.38972456689,11506.14964725644,28400.846602602564,36469.24139065275,30376.550718980678,34493.48731139314,8535.508357569752,11933.920726157168,29251.25613829201,37459.32711276635,31269.412346006844,35798.79933232232,8926.518230815029,11999.756454325656,29541.131029279557,37787.058770184434,31576.02116999346,36083.28748215133,9049.465892866547,12026.01289745125,29567.03074994835,37832.11391830631,31619.457697016587,35987.05318360983,9030.390434441848,0.0,0.0,0.0,0.0,0.0,0.0,0.0,0.0,0.0,0.0,0.0,0.0,0.0,0.0,0.0,0.0,0.0,0.0,0.0,0.0,0.0,0.0,0.0,0.0,0.0,0.0,0.0,0.0,0.0,0.0,0.0,0.0,0.0,0.0,0.0,0.0,0.0
"105,144",2502.8680121246284,0.0,0.0,0.0,0.0,0.0,0.0,0.0,0.0,0.0,0.0,7200.87051859276,16017.589194315557,20166.89732406373,20002.064481031197,30944.22991200709,18535.311249940536,7221.28229324023,16041.681335754021,20326.94032751626,20086.483941314735,31137.555358997044,18847.667062681798,7258.7026835161105,16185.195534870672,20528.9711049323,20255.886431133047,31416.770472871558,19057.260589888516,7471.281429075727,16656.24072522743,21082.467263347033,20686.742023140774,32143.48001572572,19412.513495218052,7549.779815905701,16876.717833073,21245.3706718127,20869.07944688049,32300.52558655365,19476.43045663553,0.0,0.0,0.0,0.0,0.0,0.0,0.0,0.0,0.0,0.0,0.0,0.0,0.0,0.0,0.0,0.0,0.0,0.0,0.0,0.0,0.0,0.0,0.0,0.0,0.0,0.0,0.0,0.0,0.0,0.0,0.0,0.0,0.0,0.0,0.0,0.0,0.0
"106,144",2501.9465854081664,0.0,0.0,3.2359507083892822,0.0,0.0,0.0,0.0,3.2359507083892822,0.0,0.0,10632.240687279607,23737.931913151457,29287.125676027932,22457.62704821007,22933.34051481696,10085.852858122656,10699.129840748918,23852.15380132245,29537.16126641105,22672.96574665051,23141.877421538975,10148.156544772315,10978.842798027337,24431.986845595224,30240.363867594213,23197.872504919647,23703.280986973823,10423.213826266456,11198.886599441603,24976.59955864233,30845.46287186286,23655.10749249926,24310.810340964563,10722.542443550334,11247.424577375486,24962.493634096776,30745.964588883344,23547.601456363525,24246.254960575294,10625.4776807196,0.0,0.0,0.0,0.0,0.0,0.0,0.0,0.0,0.0,0.0,0.0,0.0,0.0,0.0,0.0,0.0,0.0,0.0,0.0,0.0,0.0,3.2359507083892822,0.0,0.0,0.0,0.0,0.0,0.0,0.0,0.0,0.0,0.0,0.0,0.0,0.0,0.0,0.0
"107,144",2500.8723450079538,0.0,0.0,0.0,0.0,0.0,0.0,0.0,0.0,0.0,0.0,23149.41587210076,54374.279263805875,52932.7930512447,29122.150568822788,16863.44971725426,1378.553776404437,23058.148365408768,54524.68114356246,53167.375199310445,29258.621521121382,16948.370402041604,1372.0874473066892,22957.893271357407,54568.531023834264,53235.04826511122,29325.81861499244,17145.680652284624,1397.9684034796323,22996.718887955536,54549.14403567127,53332.09849205484,29493.222001753602,17499.078400808223,1459.4306262539883,22877.05221906363,54490.940857742346,53290.06415548792,29506.893638189165,17482.920233922847,1449.729940037634,0.0,0.0,0.0,0.0,0.0,0.0,0.0,0.0,0.0,0.0,0.0,0.0,0.0,0.0,0.0,0.0,0.0,0.0,0.0,0.0,0.0,0.0,0.0,0.0,0.0,0.0,0.0,0.0,0.0,0.0,0.0,0.0,0.0,0.0,0.0,0.0,0.0
"108,144",2499.6456397604634,0.0,0.0,0.0,0.0,0.0,0.0,0.0,0.0,0.0,0.0,11607.187391556949,22870.475441761573,20174.340666561497,13050.011053411634,19039.77446580775,11899.243360810187,11722.768696775627,22976.355153538192,20338.419536624235,13149.439981198779,18900.54517230146,11804.057054156885,11942.614902486992,23000.604200546408,20381.187180799592,13223.076412539389,18851.502400290734,11702.398588036556,11907.053481695702,22932.71984918631,20382.0016727915,13181.062089781668,18838.59143802418,11548.066485772413,11880.379590033554,22880.99779912256,20200.89892236205,13016.931604070289,18478.015262733723,11168.095659615012,0.0,0.0,0.0,0.0,0.0,0.0,0.0,0.0,0.0,0.0,0.0,0.0,0.0,0.0,0.0,0.0,0.0,0.0,0.0,0.0,0.0,0.0,0.0,0.0,0.0,0.0,0.0,0.0,0.0,0.0,0.0,0.0,0.0,0.0,0.0,0.0,0.0
"109,144",2498.2668677990646,0.0,0.0,0.0,0.0,0.0,0.0,0.0,0.0,0.0,0.0,1647.7183246762145,4692.248832677393,7132.3837409571115,9095.783334333757,27098.437465515322,46464.35088865242,1654.1798374802459,4617.123086706797,7045.147303159565,8957.481384311002,26927.468673992156,45727.986923455246,1673.577723756491,4778.69961883227,7247.64846499013,9213.491007953533,27305.909930592894,45999.94396439347,1690.5437956922194,4758.037285123151,7252.5052404665485,9200.55266463897,27164.53777407758,45299.36626359435,1687.3198085897109,4824.286427266925,7272.9459121657355,9213.57599497122,27093.1709294394,43821.394967833694,0.0,0.0,0.0,0.0,0.0,0.0,0.0,0.0,0.0,0.0,0.0,0.0,0.0,0.0,0.0,0.0,0.0,0.0,0.0,0.0,0.0,0.0,0.0,0.0,0.0,0.0,0.0,0.0,0.0,0.0,0.0,0.0,0.0,0.0,0.0,0.0,0.0
"110,144",2496.3623051829313,0.0,0.0,0.0,0.0,0.0,0.0,0.0,0.0,0.0,0.0,981.4755820152807,2532.1322174539755,3513.7821466539417,4718.72017624986,14066.36210361836,36620.84609162294,955.6376763699102,2485.8185403169373,3374.9095134351765,4528.080314077115,13552.872362769818,35623.09884357733,939.4862948772954,2369.5570411504486,3231.5840137135747,4272.951987661099,12793.947930833405,32787.27405358109,966.4258245991726,2408.7556245401793,3257.4152622353795,4305.244059718823,12832.69598878131,32265.821709014854,957.8392312741747,2366.814902531867,3255.637094536949,4214.837744630551,12341.613335260688,29382.734642054056,0.0,0.0,0.0,0.0,0.0,0.0,0.0,0.0,0.0,0.0,0.0,0.0,0.0,0.0,0.0,0.0,0.0,0.0,0.0,0.0,0.0,0.0,0.0,0.0,0.0,0.0,0.0,0.0,0.0,0.0,0.0,0.0,0.0,0.0,0.0,0.0,0.0
"111,144",2414.335947010116,0.0,0.0,0.0,0.0,0.0,0.0,0.0,0.0,0.0,0.0,2774.2249074384276,2756.292748639163,2591.373316544177,2749.8748087331364,7477.7157981096525,19562.938472755282,2687.120506803662,2669.890377296186,2536.2051512222665,2684.130915188322,7319.962424667208,18892.276383302727,2622.5763459607665,2583.584265729493,2478.1232723217386,2619.0742912470123,7183.608126641255,18239.657422584645,2560.1754226516273,2542.905249270271,2482.1773290353663,2596.491913813236,7163.096349659152,18129.542238457994,2533.2448896623123,2563.039740843866,2473.31567050242,2576.7783571299387,7073.577869041292,17975.48314521266,0.0,0.0,0.0,0.0,0.0,0.0,0.0,0.0,0.0,0.0,0.0,0.0,0.0,0.0,0.0,0.0,0.0,0.0,0.0,0.0,0.0,0.0,0.0,0.0,0.0,0.0,0.0,0.0,0.0,0.0,0.0,0.0,0.0,0.0,0.0,0.0,0.0
"112,144",1220.2927432414965,0.0,0.0,0.0,0.0,0.0,0.0,0.0,0.0,0.0,0.0,3916.598817816903,2796.425444358003,1882.2413357856228,1382.2157745623122,2016.7210841347187,1445.8220721478556,4055.171044468412,2858.15997262375,1964.0085072461295,1373.2390257171555,2039.6337909034653,1327.5467090083102,4186.9801164711225,2880.242502682817,1936.4272167327356,1363.9131977969525,1971.450865159315,1275.9397274924258,4208.8360069022465,2872.971488973206,1954.961248107985,1363.9095638209699,1882.3047232057534,1228.2655985813515,4077.3048139478647,2835.5624907596434,1921.065313539318,1325.558123069651,1830.7033306982003,1128.6341020686955,0.0,0.0,0.0,0.0,0.0,0.0,0.0,0.0,0.0,0.0,0.0,0.0,0.0,0.0,0.0,0.0,0.0,0.0,0.0,0.0,0.0,0.0,0.0,0.0,0.0,0.0,0.0,0.0,0.0,0.0,0.0,0.0,0.0,0.0,0.0,0.0,0.0
"99,145",1696.3492584525725,0.0,0.0,0.0,0.0,0.0,0.0,0.0,0.0,0.0,0.0,22489.672920855355,47453.07586124645,28915.108517976834,11935.578789583842,13070.038283753862,5264.444910823598,22368.180510463902,47450.5606270145,28895.66888436897,11960.685645843954,13215.113599706163,5289.640686809315,22317.95517674334,47418.161583354435,28887.25822655547,11928.286251331778,13249.127069992177,5318.800635396733,22197.08504511796,47291.80269067522,28747.939584416035,11818.12676932952,13210.971316379659,5279.920659362569,21968.660568857198,46982.88708662988,28517.888855712557,11734.78959145546,13066.798017204508,5185.960823833241,0.0,0.0,0.0,0.0,0.0,0.0,0.0,0.0,0.0,0.0,0.0,0.0,0.0,0.0,0.0,0.0,0.0,0.0,0.0,0.0,0.0,0.0,0.0,0.0,0.0,0.0,0.0,0.0,0.0,0.0,0.0,0.0,0.0,0.0,0.0,0.0,0.0
"100,145",2505.3759979232664,0.0,0.0,0.0,0.0,0.0,0.0,0.0,0.0,0.0,0.0,38472.17627452962,91001.55146394618,72496.82508576805,19239.561912203768,7749.878888157301,1768.8358916535096,38465.69652723424,90945.40497727395,72464.4254452079,19190.962335492113,7747.36326840251,1766.3201369538026,38389.72905928667,90903.46390071572,72422.21722893808,19200.68227043245,7770.04326799243,1805.2001315846162,38305.48961526926,90767.38488283815,72367.95069015915,19161.802573586443,7716.678827966427,1789.0001518025117,38318.10674039055,90749.73651980047,72329.88400413851,19143.086907053927,7690.758995021557,1775.2269875554477,0.0,0.0,0.0,0.0,0.0,0.0,0.0,0.0,0.0,0.0,0.0,0.0,0.0,0.0,0.0,0.0,0.0,0.0,0.0,0.0,0.0,0.0,0.0,0.0,0.0,0.0,0.0,0.0,0.0,0.0,0.0,0.0,0.0,0.0,0.0,0.0,0.0
"101,145",2505.2220854140123,0.0,0.0,0.0,0.0,0.0,0.0,0.0,0.0,0.0,0.0,18812.672778367065,55254.964286346076,69941.97037975182,44062.24284390188,32544.34483574325,7333.5973620396035,18845.070386885665,55318.513299871905,70033.49558765467,44182.1126277802,32735.485493168177,7461.0116510176185,18832.734164323996,55304.56314970092,70041.08059893775,44164.298815112954,32743.590840406046,7428.614753940058,18855.413503256033,55330.226980481435,70081.02502616995,44161.058914285546,32827.823339528666,7454.532326676798,18859.022597402687,55342.196333384054,70066.44228208953,44105.98428187931,32704.714739865885,7375.712442157782,0.0,0.0,0.0,0.0,0.0,0.0,0.0,0.0,0.0,0.0,0.0,0.0,0.0,0.0,0.0,0.0,0.0,0.0,0.0,0.0,0.0,0.0,0.0,0.0,0.0,0.0,0.0,0.0,0.0,0.0,0.0,0.0,0.0,0.0,0.0,0.0,0.0
"102,145",2504.914310740224,0.0,0.0,0.0,0.0,0.0,0.0,0.0,0.0,0.0,0.0,16258.272797353597,40912.69681547576,45027.20070084872,34018.100286444496,43253.455088844494,23496.826502115586,16423.120152336945,41420.35438151922,45947.95625317891,34685.742866042085,43900.529426986104,24039.872026222827,16469.17923942454,41591.115998113855,46184.04412128318,34746.92687368206,43827.44414428263,23966.99255052641,16521.009014519524,41756.64622527291,46377.02568102444,34923.828434727235,43996.60456570364,24082.344693759842,16540.44258395083,41836.014273571505,46519.54792857731,34913.75382503715,44008.76477094632,24149.028296228484,0.0,0.0,0.0,0.0,0.0,0.0,0.0,0.0,0.0,0.0,0.0,0.0,0.0,0.0,0.0,0.0,0.0,0.0,0.0,0.0,0.0,0.0,0.0,0.0,0.0,0.0,0.0,0.0,0.0,0.0,0.0,0.0,0.0,0.0,0.0,0.0,0.0
"103,145",2504.452774563146,0.0,0.0,0.0,0.0,0.0,0.0,0.0,0.0,0.0,0.0,9298.99429266406,24453.91566621369,31075.50473604202,27124.073642064075,51287.71808341718,33669.56268255664,9864.559572501275,26312.38047391293,32843.634378929695,28128.59958866812,52386.119729014936,34486.4519145255,10132.685159199846,27038.015490970425,33593.64155655841,28653.29302488215,53108.980403708476,35321.141010692074,10414.478109114778,27721.843753838075,34375.33738079444,28996.262495000687,53405.41509813234,35584.38677551325,10433.912177556169,27795.989130206206,34423.92460503951,28960.992750033212,53256.419436838114,35402.53919529822,0.0,0.0,0.0,0.0,0.0,0.0,0.0,0.0,0.0,0.0,0.0,0.0,0.0,0.0,0.0,0.0,0.0,0.0,0.0,0.0,0.0,0.0,0.0,0.0,0.0,0.0,0.0,0.0,0.0,0.0,0.0,0.0,0.0,0.0,0.0,0.0,0.0
"104,145",2503.8376278050514,0.0,3.237931489944458,3.237931489944458,0.0,6.475866317749023,0.0,3.237931489944458,3.237931489944458,0.0,6.475866317749023,9158.680190614625,24619.69586871091,34684.42984862796,35868.58960886469,62618.41319728458,31197.658214799092,9178.110006145402,24720.073122004902,34828.0704273093,36001.3503729867,63050.257843515916,31556.15624888644,9307.630166343613,24976.686573912117,35220.5860245658,36404.03979488635,64038.22782463092,32168.77622255437,9378.865130714341,25155.94259975097,35408.38683585654,36589.93943054349,64444.864746826766,32438.15189048168,9356.201394609376,25136.871503406415,35417.28928358602,36592.91252245435,64439.990362291705,32340.120001496514,0.0,0.0,0.0,0.0,0.0,0.0,0.0,0.0,0.0,0.0,0.0,0.0,0.0,0.0,0.0,0.0,0.0,3.237931489944458,0.0,0.0,3.237931489944458,0.0,0.0,0.0,0.0,0.0,0.0,0.0,0.0,0.0,0.0,0.0,3.237931489944458,3.2379348278045654,0.0,0.0,0.0
"105,145",2503.069071565988,0.0,0.0,0.0,0.0,0.0,0.0,0.0,0.0,0.0,0.0,8813.247823174794,21810.124597018374,29629.581751506466,27254.068060213915,44166.8774051395,33033.597179975695,8972.671197723874,22104.322329349146,30042.114881699697,27646.37449813544,44974.152772090005,33828.972920438355,9016.373141799253,22217.25590399761,30097.97082259328,27719.224762164846,45118.678491415696,34104.2171096568,9081.114810262006,22319.845717965858,30245.249945310523,27896.52657256781,45258.43350192518,34351.424693726556,9093.249334637323,22429.901347219246,30416.800118593146,27910.543544730957,45282.41043925191,34169.5107505976,0.0,0.0,0.0,0.0,0.0,0.0,0.0,0.0,0.0,0.0,0.0,0.0,0.0,0.0,0.0,0.0,0.0,0.0,0.0,0.0,0.0,0.0,0.0,0.0,0.0,0.0,0.0,0.0,0.0,0.0,0.0,0.0,0.0,0.0,0.0,0.0,0.0
"106,145",2502.1473570121016,0.0,0.0,6.471964597702026,0.0,0.0,0.0,0.0,6.471964597702026,0.0,0.0,7215.758860684376,20546.143667222004,28392.493007174664,27056.65806228974,41436.00839489114,13737.011318445208,7340.337756851607,20863.516113342022,28988.811949240928,27749.31565208061,42433.51712050625,14098.959767832477,7489.183348635131,21295.775613608075,29723.15981631559,28464.42349941403,43512.097012344064,14461.542740004672,7590.215956468208,21615.49624570491,30161.610323996632,28850.482465793575,44181.301891508294,14678.889524091459,7564.333281058891,21736.764209813697,30371.142362755414,28994.502057169935,44475.912907164704,14711.604721746258,0.0,0.0,0.0,0.0,0.0,0.0,0.0,0.0,0.0,0.0,0.0,0.0,0.0,0.0,0.0,0.0,0.0,0.0,0.0,0.0,0.0,6.471964597702026,0.0,0.0,0.0,0.0,0.0,0.0,0.0,0.0,0.0,0.0,0.0,0.0,0.0,0.0,0.0
"107,145",2501.072785236709,0.0,0.0,0.0,0.0,0.0,0.0,0.0,0.0,0.0,0.0,10717.540125578527,32061.374444007874,33009.11316697177,24078.56253613865,20858.97536496462,3478.101764303095,10775.762213677053,32293.53050152367,33240.4693700005,24257.266410560234,21027.4304462302,3390.7796400603124,10924.53238651145,32710.022362774493,33836.57016122388,24579.080534631128,21604.056493811513,3533.1007386263677,11041.863824436712,32862.025657957674,34221.454926635706,24838.625788216497,21837.56085035287,3568.3480999002268,11077.443712542105,33139.45655968423,34396.12504573056,24961.541026618434,21903.140644892526,3597.461121512394,0.0,0.0,0.0,0.0,0.0,0.0,0.0,0.0,0.0,0.0,0.0,0.0,0.0,0.0,0.0,0.0,0.0,0.0,0.0,0.0,0.0,0.0,0.0,0.0,0.0,0.0,0.0,0.0,0.0,0.0,0.0,0.0,0.0,0.0,0.0,0.0,0.0
"108,145",2499.84570709237,0.0,0.0,0.0,0.0,0.0,0.0,0.0,0.0,0.0,0.0,25000.27483157083,37707.25287233988,29484.327962747273,14102.82175871531,11820.857280610588,2641.279142488218,25052.069640473757,37822.089652675735,29528.053470198312,14204.89538706611,11865.306656054892,2673.6035183560616,25328.47270522585,38035.47858558169,29720.60205376943,14436.96065782659,12073.840624829834,2650.9772421014077,25490.136871073293,38101.78270872434,29549.911630782895,14234.964178382646,11790.86368726001,2630.79492075677,25801.294608446195,38311.916357470494,29715.56882573764,14344.861742555391,11839.356615834142,2605.651850490944,0.0,0.0,0.0,0.0,0.0,0.0,0.0,0.0,0.0,0.0,0.0,0.0,0.0,0.0,0.0,0.0,0.0,0.0,0.0,0.0,0.0,0.0,0.0,0.0,0.0,0.0,0.0,0.0,0.0,0.0,0.0,0.0,0.0,0.0,0.0,0.0,0.0
"109,145",2475.1656241845635,0.0,0.0,0.0,0.0,0.0,0.0,0.0,0.0,0.0,0.0,1990.5507435976292,5739.486716458377,8468.239993144016,9688.67000113375,24185.817716491925,31888.97966846859,2004.1974520945082,5726.658139571958,8567.698244339812,9736.901004538817,24357.043949519888,31914.877738651576,2042.9686637186537,5878.530069455915,8790.630207034654,9975.873629527932,25179.919153012484,32835.00109597188,2003.3755046666838,5928.587246794795,8799.030354611079,10067.933451141094,25396.000140156466,32740.31263262899,2017.9046644940097,5899.5016443177765,8754.676509243835,10055.010180587393,25271.21935370296,32267.575102321778,0.0,0.0,0.0,0.0,0.0,0.0,0.0,0.0,0.0,0.0,0.0,0.0,0.0,0.0,0.0,0.0,0.0,0.0,0.0,0.0,0.0,0.0,0.0,0.0,0.0,0.0,0.0,0.0,0.0,0.0,0.0,0.0,0.0,0.0,0.0,0.0,0.0
"110,145",2496.9356827029314,0.0,0.0,0.0,0.0,0.0,0.0,0.0,0.0,0.0,0.0,2434.4433744739085,5566.028125503016,8165.964640830544,9503.548186551825,22096.920516248774,43776.570398410164,2439.293716176351,5593.290172033683,8223.888942763384,9594.770192859687,22211.340432845845,43794.31151912072,2400.5409295399986,5607.818700274298,8236.637057060354,9559.258804081,22137.3098281449,43902.7407720706,2410.2254359563194,5729.720902457891,8304.274511642081,9698.107552310532,22295.373521980586,43669.606679813536,2445.746789201101,5829.809392944036,8521.34430126209,9895.066900830176,22443.085507905253,42780.78859117826,0.0,0.0,0.0,0.0,0.0,0.0,0.0,0.0,0.0,0.0,0.0,0.0,0.0,0.0,0.0,0.0,0.0,0.0,0.0,0.0,0.0,0.0,0.0,0.0,0.0,0.0,0.0,0.0,0.0,0.0,0.0,0.0,0.0,0.0,0.0,0.0,0.0
"111,145",2495.253685058386,0.0,0.0,0.0,0.0,0.0,0.0,0.0,0.0,0.0,0.0,4494.886272078869,4862.710097096949,4308.031700676563,3556.3114741278623,7330.141290588939,13876.550219277773,4647.935047872394,5053.415935880062,4487.539497051987,3711.154307849735,7735.040427229451,14077.362400442946,4696.330902822345,5046.516690262625,4497.562838359908,3695.0142166689334,7716.372247119979,13585.345839856654,4774.102984538733,5120.70819641001,4545.938103958205,3724.0420491770205,7791.3533103886775,13386.012586735746,4718.916584048552,5004.1186899914455,4445.1311433352685,3685.3449909761844,7732.137083309773,13075.028707529516,0.0,0.0,0.0,0.0,0.0,0.0,0.0,0.0,0.0,0.0,0.0,0.0,0.0,0.0,0.0,0.0,0.0,0.0,0.0,0.0,0.0,0.0,0.0,0.0,0.0,0.0,0.0,0.0,0.0,0.0,0.0,0.0,0.0,0.0,0.0,0.0,0.0
"112,145",2493.4210777130747,0.0,0.0,0.0,0.0,0.0,0.0,0.0,0.0,0.0,0.0,40068.799830879885,20746.598845550125,13031.240175088245,8766.002803252728,11638.701536927501,4415.324224822662,41031.59945953033,21532.605370158773,13504.410266875284,9175.146963687037,12128.496377028669,4596.806764745712,41020.230021685245,21752.78461095305,13658.033068000568,9281.192357820624,12174.835301179512,4636.60806109578,41035.623880381674,22021.612825619937,13821.710423609791,9403.763989013785,12367.532160939421,4678.544246217316,39770.960382745776,21087.632656698603,13042.940838895125,8821.68082045574,11408.533650829278,4318.090319514742,0.0,0.0,0.0,0.0,0.0,0.0,0.0,0.0,0.0,0.0,0.0,0.0,0.0,0.0,0.0,0.0,0.0,0.0,0.0,0.0,0.0,0.0,0.0,0.0,0.0,0.0,0.0,0.0,0.0,0.0,0.0,0.0,0.0,0.0,0.0,0.0,0.0
"113,145",1897.4708593868852,0.0,0.0,0.0,0.0,0.0,0.0,0.0,0.0,0.0,0.0,6978.709174482495,4629.6952789961115,3241.0371428947824,2305.7485968627184,4450.493196147096,6832.492683240479,7278.707378134072,4812.1260911978925,3397.6748936550293,2378.59824349366,4631.832433005875,7032.991594745598,7408.364587945564,4870.485836510564,3404.1205540077362,2401.5027230459104,4667.268670102661,7028.530928965176,7388.832821476693,4863.685488656923,3381.557471789566,2407.3871659942706,4643.084202417673,7040.85958590975,7364.022512394775,4817.847240836013,3373.504214744942,2453.030096559899,4596.345517774656,7141.995053310956,0.0,0.0,0.0,0.0,0.0,0.0,0.0,0.0,0.0,0.0,0.0,0.0,0.0,0.0,0.0,0.0,0.0,0.0,0.0,0.0,0.0,0.0,0.0,0.0,0.0,0.0,0.0,0.0,0.0,0.0,0.0,0.0,0.0,0.0,0.0,0.0,0.0
"114,145",306.21197739649375,0.0,0.0,0.0,0.0,0.0,0.0,0.0,0.0,0.0,0.0,2796.4927707569273,639.7022336875691,254.38107821240146,209.8068617848789,483.4842248252794,523.682214083391,2844.7920449630888,662.244801417519,251.1601271320792,222.68731775564305,503.86719307992973,523.6829175780802,2785.2140040341546,646.1453062450184,247.94004055752475,198.54229883493161,494.20709381197014,502.2031635144177,2772.3433999407525,639.7048901473775,244.7199539829703,194.27390796717475,484.54678568933525,480.2174989354377,2851.233772165635,657.4081479334363,257.6015014339896,195.33478106610914,494.2078848848156,473.7772046696906,0.0,0.0,0.0,0.0,0.0,0.0,0.0,0.0,0.0,0.0,0.0,0.0,0.0,0.0,0.0,0.0,0.0,0.0,0.0,0.0,0.0,0.0,0.0,0.0,0.0,0.0,0.0,0.0,0.0,0.0,0.0,0.0,0.0,0.0,0.0,0.0,0.0
"97,146",127.09310931112829,0.0,0.0,0.0,0.0,0.0,0.0,0.0,0.0,0.0,0.0,2406.1906210656257,3308.805207372179,1968.5005049004276,905.1616712186852,361.52380466741675,3.2395143508911133,2422.959082322962,3330.6932417532976,1983.669053802303,912.8469925497094,371.242070200864,3.2395143508911133,2436.0177568407616,3368.3459766948927,1993.3871967886007,903.1290157411614,374.48147583288306,3.2395143508911133,2450.461480886796,3394.6425774434038,2025.781090292276,906.3684621427575,377.7208130387699,3.2395143508911133,2479.6152465652017,3424.482213429844,2050.488950701321,910.81449063245,374.4813728360569,3.2395143508911133,0.0,0.0,0.0,0.0,0.0,0.0,0.0,0.0,0.0,0.0,0.0,0.0,0.0,0.0,0.0,0.0,0.0,0.0,0.0,0.0,0.0,0.0,0.0,0.0,0.0,0.0,0.0,0.0,0.0,0.0,0.0,0.0,0.0,0.0,0.0,0.0,0.0
"99,146",1489.354377473058,0.0,0.0,0.0,0.0,0.0,0.0,0.0,0.0,0.0,0.0,31687.134544779274,59338.70341056562,22878.302438279694,2435.732996588127,929.8509446508745,63.17340803146362,31745.936966574427,59382.97080563283,22898.9492632333,2438.9730416587754,920.1310485727647,59.93341660499573,31703.118279681486,59402.41101907468,22873.02932919895,2446.850654899373,921.6684282031714,66.41339445114136,31568.33471210143,59371.21817212198,22856.829369444007,2427.4106276624343,905.4685192313849,72.89337468147278,31516.774387282952,59272.3921251484,22804.989587682838,2390.1573421338026,881.1749569565643,72.89338111877441,0.0,0.0,0.0,0.0,0.0,0.0,0.0,0.0,0.0,0.0,0.0,0.0,0.0,0.0,0.0,0.0,0.0,0.0,0.0,0.0,0.0,0.0,0.0,0.0,0.0,0.0,0.0,0.0,0.0,0.0,0.0,0.0,0.0,0.0,0.0,0.0,0.0
"100,146",2505.5750918368713,0.0,0.0,0.0,0.0,0.0,0.0,0.0,0.0,0.0,0.0,46226.90648100142,103674.11085441627,73426.92118160024,11573.166424039766,943.4098976490545,0.0,46252.82639953856,103641.71154573478,73433.4012648274,11560.206552747652,940.1699818012762,0.0,46307.90600511793,103628.58663924068,73446.36130134358,11566.686524156496,936.9299753544378,0.0,46240.59082934622,103543.13998762767,73436.64100662961,11550.486801866457,938.5562853691625,0.0,46243.10661027197,103523.31916806745,73420.44132987752,11534.287126544878,928.8364300606298,0.0,0.0,0.0,0.0,0.0,0.0,0.0,0.0,0.0,0.0,0.0,0.0,0.0,0.0,0.0,0.0,0.0,0.0,0.0,0.0,0.0,0.0,0.0,0.0,0.0,0.0,0.0,0.0,0.0,0.0,0.0,0.0,0.0,0.0,0.0,0.0,0.0,0.0
"101,146",2505.4211302915983,0.0,32.39869666099548,45.357728719711304,9.71950888633728,78.95982319233464,0.0,32.39869666099548,45.357728719711304,9.71950888633728,78.95982319233464,30421.436182297915,84842.36472512319,80962.30179779576,29422.373591931657,10365.470743243835,437.37183928489685,30398.75871924326,84903.5115994818,81053.01305000829,29458.00917056401,10371.9502144505,440.6117296218872,30413.890826520736,84849.17230292395,81017.37432711171,29443.43646679111,10347.658168700162,430.89233326911926,30399.864346580882,84803.16780415608,80968.77841608571,29466.115100957828,10318.500344660702,424.4127769470215,30416.063929157634,84727.58635991227,80914.24818903979,29411.038290359455,10247.224307682935,411.4537923336029,0.0,0.0,0.0,0.0,0.0,0.0,0.0,0.0,0.0,0.0,0.0,0.0,0.0,3.239889621734619,6.47974967956543,16.199302911758423,6.479754447937012,0.0,0.0,3.239777088165283,25.91863775253296,12.959431171417236,3.239882707595825,0.0,0.0,3.239764928817749,6.479743957519531,0.0,0.0,0.0,0.0,0.0,27.12445169804143,51.83537149429321,0.0,0.0,0.0
"102,146",2505.1132578347547,0.0,0.0,0.0,0.0,0.0,0.0,0.0,0.0,0.0,0.0,32776.9575395556,88334.09918048616,78433.48752012254,32128.925614045645,8254.790130805035,71.2652153968811,32783.43732595163,88348.68315405564,78438.35447353196,32090.05335013726,8235.3543447962,68.02602195739746,32731.48245907484,88244.47956294451,78321.74046176743,32025.266078637625,8228.87625379469,68.02602195739746,32735.80171983101,88242.32187424733,78344.41683381867,31997.73865108209,8238.594855259915,68.02602195739746,32719.606037543796,88167.28512777347,78267.75342522135,31962.106148049406,8209.441460560818,68.02602195739746,0.0,0.0,0.0,0.0,0.0,0.0,0.0,0.0,0.0,0.0,0.0,0.0,0.0,0.0,0.0,0.0,0.0,0.0,0.0,0.0,0.0,0.0,0.0,0.0,0.0,0.0,0.0,0.0,0.0,0.0,0.0,0.0,0.0,0.0,0.0,0.0,0.0
"103,146",2504.6515757054385,0.0,0.0,0.0,0.0,0.0,0.0,0.0,0.0,0.0,0.0,24180.872487485172,50700.22460956667,48041.89814268467,33533.08463965303,40961.77634029108,22645.978721393323,24124.201463848938,50648.40698571299,48072.24994265893,33594.62469230539,40948.822155520495,22561.77566911099,24049.70634642302,50544.7593042383,48008.295305842046,33568.70807133562,40989.298494640985,22629.786579860425,24069.14151540457,50556.10483407975,48047.15996872771,33550.48076161777,40937.83576309073,22505.46700407664,24059.427801758637,50508.34962707875,47908.2514349657,33466.2738424245,40722.81461149383,22292.07672364104,0.0,0.0,0.0,0.0,0.0,0.0,0.0,0.0,0.0,0.0,0.0,0.0,0.0,0.0,0.0,0.0,0.0,0.0,0.0,0.0,0.0,0.0,0.0,0.0,0.0,0.0,0.0,0.0,0.0,0.0,0.0,0.0,0.0,0.0,0.0,0.0,0.0
"104,146",2504.036235689707,0.0,77.71703863143921,12.952481508255005,3.238269805908203,3.2380759716033936,0.0,77.71703863143921,12.952481508255005,3.238269805908203,3.2380759716033936,13514.909624046439,34027.54703814095,49037.049261958935,44745.0653348904,60995.52689611959,28650.5649393306,13537.57470650112,34057.89275342998,49075.90520683084,44780.68004879764,61075.26969274166,28694.274670108156,13555.922437535082,34041.70009023723,49073.87291007509,44753.95163945591,61084.987455688744,28763.905289126375,13562.397859917437,34009.32223159847,49041.491579108144,44750.7174067918,61137.52663901741,28852.591803995765,13568.87287317351,34022.27654130039,49021.70785928053,44715.10004715826,61072.401261031395,28771.831689090355,0.0,0.0,0.0,0.0,0.0,0.0,0.0,0.0,0.0,0.0,0.0,0.0,0.0,12.9529128074646,35.62045907974243,16.190741539001465,9.71465539932251,3.238269805908203,0.0,0.0,0.0,12.952481508255005,0.0,0.0,0.0,3.238269805908203,0.0,0.0,0.0,0.0,0.0,0.0,3.2380759716033936,0.0,0.0,0.0,0.0
"105,146",2503.26744003452,0.0,0.0,0.0,0.0,0.0,0.0,0.0,0.0,0.0,0.0,12711.119517390867,27217.637203283866,36570.70825152304,34352.138192934144,52352.3104136523,37548.372746765854,12735.579721158158,27311.49946195658,36669.00720168096,34500.60655600978,52657.995346956624,37533.61812418676,12738.257535862454,27274.68933428222,36645.52052884943,34495.383825492856,52580.90462240705,37504.71792373283,12786.81200091792,27366.525227398964,36820.71109534713,34744.60973615646,53140.99167274493,37928.38663302964,12782.369473941653,27374.200469285362,36851.043396178415,34802.863475751874,53139.14461327908,38072.40618878907,0.0,0.0,0.0,0.0,0.0,0.0,0.0,0.0,0.0,0.0,0.0,0.0,0.0,0.0,0.0,0.0,0.0,0.0,0.0,0.0,0.0,0.0,0.0,0.0,0.0,0.0,0.0,0.0,0.0,0.0,0.0,0.0,0.0,0.0,0.0,0.0,0.0
"106,146",2502.3454413315894,0.0,0.0,0.0,0.0,0.0,0.0,0.0,0.0,0.0,0.0,6566.290828814225,16915.013461036306,23074.666143915696,22660.228901990256,31727.575431267425,15771.354781372407,6684.635446495168,17135.363929291332,23574.454250991108,22980.190266712973,32383.590099306668,16087.03871647891,6726.698682254903,17274.504575272167,23858.299324821022,23212.77909270642,32661.58116441895,16445.55564027113,6777.166495899125,17566.467624563327,24260.45399249114,23617.110622045107,33431.68815781743,16909.04345996894,6830.14794569483,17682.964453596225,24422.25121677436,23801.972206374714,33766.433947505204,17164.896232895757,0.0,0.0,0.0,0.0,0.0,0.0,0.0,0.0,0.0,0.0,0.0,0.0,0.0,0.0,0.0,0.0,0.0,0.0,0.0,0.0,0.0,0.0,0.0,0.0,0.0,0.0,0.0,0.0,0.0,0.0,0.0,0.0,0.0,0.0,0.0,0.0,0.0
"107,146",2501.2705423730513,0.0,3.2339870929718018,0.0,3.233992576599121,3.234174966812134,0.0,3.2339870929718018,0.0,3.233992576599121,3.234174966812134,4167.7442295439105,13527.925605986165,21170.55076977038,23407.08780016057,38580.54285626318,9460.180323698007,4177.445191133724,13577.279563104406,21157.75106012681,23200.027520227428,38454.952974851454,9495.748267032586,4235.65427516769,13781.019383346335,21357.535429662817,23336.957842220978,38795.38938746171,9701.538176755344,4249.486629203721,13932.298120773541,21490.848491166616,23484.25491942798,39000.41131696888,9719.740719911164,4226.843626455232,13867.617395675885,21419.704906009225,23470.121025936274,38793.83004441542,9645.356613275117,0.0,0.0,0.0,0.0,0.0,0.0,0.0,0.0,0.0,0.0,0.0,0.0,0.0,0.0,0.0,0.0,0.0,3.2339870929718018,0.0,0.0,0.0,0.0,0.0,0.0,0.0,0.0,0.0,0.0,0.0,3.233992576599121,0.0,0.0,0.0,0.0,0.0,3.234174966812134,0.0
"108,146",2500.0430959776727,0.0,0.0,0.0,0.0,0.0,0.0,0.0,0.0,0.0,0.0,6633.696846629125,21003.126553192327,31158.349031640035,32065.133164045852,41046.44765037088,9717.839460009218,6638.951101255418,21172.819122047986,31270.684559382647,32158.86978947508,40842.975590640424,9582.045964382207,6666.441242194644,21294.043110272465,31417.34798695714,32333.440503710386,40981.50142672295,9565.044796248043,6698.764720178118,21273.850355656006,31414.08498616499,32219.888275004363,40717.59850050608,9354.906552095974,6709.664020945044,21350.70617503278,31441.132654953002,32152.001826144195,40506.62598073435,9287.739692794576,0.0,0.0,0.0,0.0,0.0,0.0,0.0,0.0,0.0,0.0,0.0,0.0,0.0,0.0,0.0,0.0,0.0,0.0,0.0,0.0,0.0,0.0,0.0,0.0,0.0,0.0,0.0,0.0,0.0,0.0,0.0,0.0,0.0,0.0,0.0,0.0,0.0
"109,146",2465.646040580878,0.0,0.0,0.0,0.0,0.0,0.0,0.0,0.0,0.0,0.0,8097.534353549807,24157.692308696114,34284.968610845826,30389.665024360016,27028.97226878615,5498.805990422939,8166.628672609142,24522.276963195618,34831.026588649365,30865.971088249535,27458.649383104548,5530.02433698037,8292.623780498318,24959.753105042964,35374.31180783252,31223.857613121287,27947.83580716077,5685.138057582519,8343.242674437692,25128.801047308305,35492.393756275545,31250.665680856324,27923.390098007985,5771.089437373479,8372.902586301168,25080.823845980212,35184.23332755799,31034.549478712262,27495.26448664478,5744.486087654151,0.0,0.0,0.0,0.0,0.0,0.0,0.0,0.0,0.0,0.0,0.0,0.0,0.0,0.0,0.0,0.0,0.0,0.0,0.0,0.0,0.0,0.0,0.0,0.0,0.0,0.0,0.0,0.0,0.0,0.0,0.0,0.0,0.0,0.0,0.0,0.0,0.0
"110,146",2497.132221038431,9.685367584228516,45.196539878845215,7.659533304326675,16.14170265197754,41.97410559654236,9.685367584228516,45.196539878845215,7.659533304326675,16.14170265197754,41.97410559654236,9361.649700324675,22561.66887977357,29542.63691673092,27418.945518569377,34520.17402893048,9228.899253607731,9360.036749428395,22602.436000852023,29623.174961386478,27484.97084291588,34542.01913185588,9276.263994285171,9337.435947483662,22560.2851212595,29619.96843129233,27417.537452056353,34453.256513484324,9158.403795280643,9360.03221136916,22609.67124654826,29700.495548882205,27592.24519405084,34666.55121229677,9248.446786684148,9451.644557148802,22744.539897477393,29869.562742135106,27754.72758907523,34758.364903613634,9193.525866392547,0.0,0.0,0.0,0.0,0.0,0.0,0.0,3.2287886142730713,3.228118896484375,0.0,3.2284600734710693,0.0,0.0,19.3701491355896,6.456253528594971,16.14134120941162,3.2287960052490234,0.0,0.0,0.0,4.431492609136245,0.0,0.0,3.2280406951904297,0.0,3.228220224380493,9.684332370758057,3.2291500568389893,0.0,0.0,0.0,3.228818893432617,9.685844659805298,9.686079025268555,16.144849061965942,3.2285139560699463,0.0
"111,146",2495.449746293618,0.0,6.455482006072998,6.45556116104126,3.2278597354888916,3.227756977081299,0.0,6.455482006072998,6.45556116104126,3.2278597354888916,3.227756977081299,10000.002231069639,20560.60956879036,24106.951323611127,20681.09069791682,25368.31745380046,8151.274289839876,9942.781177606768,20485.569609605565,24016.625667435514,20614.942323648233,25180.50851561322,8100.373187643874,9833.082066621966,20356.525474988714,23914.578084453882,20484.677037020294,24888.817939236586,7806.709098202575,9772.113649214014,20283.392712556615,23872.282955871844,20488.760462964754,24963.398466037303,7816.391246659148,9848.364338617697,20308.155510627523,23939.000740991854,20626.46337744115,24948.716043609733,7800.265466553557,0.0,0.0,0.0,0.0,0.0,0.0,0.0,0.0,0.0,0.0,0.0,0.0,0.0,0.0,3.227764844894409,0.0,0.0,3.227717161178589,0.0,0.0,3.2277328968048096,0.0,3.22782826423645,0.0,0.0,0.0,0.0,3.2278597354888916,0.0,0.0,0.0,0.0,3.227756977081299,0.0,0.0,0.0,0.0
"112,146",2493.6166311574284,0.0,0.0,0.0,0.0,0.0,0.0,0.0,0.0,0.0,0.0,9003.162635869605,14136.868737506866,16297.972403593625,12939.85758455875,13479.79065846368,5223.264972169726,9013.54410678265,13984.928196915458,16072.24545604762,12791.504694305682,13210.125997271254,5183.303637829014,8888.958403729457,13777.266684514401,15893.606611130284,12577.819888072854,12932.46697287466,4965.8493575357925,8869.262242222767,13754.690269214032,15789.160965623108,12367.383125130335,12720.966323827295,4853.025211026622,8625.857488765903,13630.553289161944,15563.035088561564,12230.346932423348,12370.763300569384,4527.33983390565,0.0,0.0,0.0,0.0,0.0,0.0,0.0,0.0,0.0,0.0,0.0,0.0,0.0,0.0,0.0,0.0,0.0,0.0,0.0,0.0,0.0,0.0,0.0,0.0,0.0,0.0,0.0,0.0,0.0,0.0,0.0,0.0,0.0,0.0,0.0,0.0,0.0
"113,146",2491.4998763869366,0.0,0.0,0.0,0.0,9.663231611251831,0.0,0.0,0.0,0.0,9.663231611251831,2073.93405269735,3584.4078698186313,4564.798566874336,4865.998774139554,9426.878445370055,6448.875449751874,2109.0086097670537,3614.993751266891,4638.208528757095,4928.932406578812,9559.347474950902,6525.105626200696,2128.3359157992345,3646.8547606823495,4678.7925990637605,4957.559902903614,9684.140773115905,6560.329043007833,2157.3311405135137,3662.9710247871926,4698.947566119362,5020.384040825976,9751.876589538535,6589.732872689939,2183.4568946277395,3698.276767481075,4781.10758689151,5063.870293191835,9932.82274478931,6593.484760064704,0.0,0.0,0.0,0.0,0.0,0.0,0.0,0.0,0.0,0.0,0.0,0.0,0.0,0.0,0.0,0.0,0.0,0.0,0.0,0.0,0.0,0.0,0.0,0.0,0.0,0.0,0.0,0.0,0.0,0.0,0.0,0.0,0.0,0.0,0.0,9.663231611251831,0.0
"114,146",2321.602132599225,0.0,78.44087311333301,9.655709505081177,0.0,3.2200756072998047,0.0,59.131713119207646,6.437880039215088,0.0,3.2200756072998047,5146.907865747751,4937.460632876789,5200.577308010586,4070.053985788308,4342.303309146096,1422.9202130392487,5469.598373328003,5191.143410933251,5544.616753550136,4312.531204803317,4615.119624315524,1504.472411993438,5371.396842542349,5329.531795233371,5690.418949973349,4416.565333544974,4709.90657896902,1546.3296681675256,5344.45795246012,5350.873011091643,5703.300453793769,4451.97685974813,4756.019423506306,1515.745793797923,5453.711596171996,5531.655234493928,5864.235222470526,4602.053300727583,4928.894410670037,1555.436906226476,0.0,0.0,0.0,0.0,0.0,0.0,0.0,0.0,0.0,0.0,0.0,0.0,0.0,6.435542106628418,23.725483623205445,12.873030185699463,6.437219142913818,6.440372705459595,3.2200653553009033,3.2196907997131348,0.0,0.0,3.218189239501953,0.0,0.0,0.0,0.0,0.0,0.0,0.0,0.0,0.0,0.0,0.0,0.0,3.2200756072998047,0.0
"115,146",1410.5726212782026,0.0,28.954756498336792,9.64955472946167,3.2152984142303467,0.0,0.0,16.086426496505737,9.64955472946167,3.2152984142303467,0.0,4201.904823630464,1565.078874722649,1219.7220403905008,699.9336126346213,841.488025338977,1473.3663313837612,4415.4323127512835,1749.5696794201347,1291.9259401471008,758.821438853881,876.8680795744353,1497.0707901393666,4447.275330233107,1749.5741752792808,1302.7747684534859,760.599195171805,891.5112898508708,1468.1163330947652,4395.813427853117,1709.7768111518783,1314.4457576536665,734.8702067019893,871.0153086858637,1426.252688374239,4455.124032155205,1749.10600214472,1327.3189001345168,750.9579514148189,890.3159831243403,1415.7960447330101,0.0,0.0,0.0,0.0,0.0,0.0,0.0,0.0,0.0,0.0,0.0,0.0,0.0,0.0,3.217349052429199,9.651482105255127,0.0,3.217595338821411,0.0,3.2146100997924805,0.0,3.217381238937378,3.2175633907318115,0.0,0.0,3.2152984142303467,0.0,0.0,0.0,0.0,0.0,0.0,0.0,0.0,0.0,0.0,0.0
"116,146",337.09524588771063,0.0,9.643285036087036,6.428833961486816,0.0,0.0,0.0,9.643285036087036,3.2144055366516113,0.0,0.0,1331.2501179236992,312.86428023787107,64.25991082191467,54.61722731590271,67.44926023483276,190.57786355766598,1360.1756397742852,316.0760638854083,67.47161746025085,57.829041481018066,70.66146755218506,190.57786355766598,1308.639278941061,312.86316038580503,57.83590030670166,57.829041481018066,64.23943495750427,180.94298396858517,1237.1984741753222,293.58785034628477,61.04748725891113,57.829041481018066,57.81499671936035,184.1546546057159,1276.493725568173,292.8593451883279,51.40760684013367,57.829041481018066,57.814722299575806,184.1546546057159,0.0,0.0,0.0,0.0,0.0,0.0,0.0,0.0,0.0,0.0,0.0,0.0,0.0,9.643285036087036,0.0,0.0,0.0,0.0,0.0,3.2144055366516113,0.0,0.0,0.0,0.0,0.0,0.0,0.0,0.0,0.0,0.0,0.0,0.0,0.0,0.0,0.0,0.0,0.0
"117,146",521.6780145047779,0.0,0.0,0.0,0.0,0.0,0.0,0.0,0.0,0.0,0.0,853.5374239154891,247.4968816832,263.99984260353386,242.72964905944525,750.8923387415268,1652.0824631167393,835.0330656238631,250.70657988342583,260.7912287310058,245.9403371736115,731.633785236583,1622.6411284755259,808.9766375233146,253.9159433439666,257.5820271566802,249.14988493171393,739.2489453371833,1629.4160923817578,806.9643117970112,247.49765105995476,251.16301461014092,249.15115975585638,732.8285401877234,1613.368687138838,792.9302873293559,253.91834350380242,247.95311804565728,255.57107423988043,719.988154035456,1596.2730472218755,0.0,0.0,0.0,0.0,0.0,0.0,0.0,0.0,0.0,0.0,0.0,0.0,0.0,0.0,0.0,0.0,0.0,0.0,0.0,0.0,0.0,0.0,0.0,0.0,0.0,0.0,0.0,0.0,0.0,0.0,0.0,0.0,0.0,0.0,0.0,0.0,0.0
"96,147",86.25284304255426,0.0,0.0,0.0,0.0,0.0,0.0,0.0,0.0,0.0,0.0,3874.9248072932746,2136.8627911820126,242.39693492627612,16.195326328277588,0.0,0.0,3912.8157773616263,2183.6325376604113,261.8313881752538,22.673465728759766,0.0,0.0,3921.707322286157,2186.8716118906054,258.5923206207799,22.673465728759766,0.0,0.0,3968.083240483789,2210.5105448330146,265.0704643127965,32.39071011543274,0.0,0.0,3984.27862832406,2216.988719281028,265.0704643127965,32.39071011543274,0.0,0.0,0.0,0.0,0.0,0.0,0.0,0.0,0.0,0.0,0.0,0.0,0.0,0.0,0.0,0.0,0.0,0.0,0.0,0.0,0.0,0.0,0.0,0.0,0.0,0.0,0.0,0.0,0.0,0.0,0.0,0.0,0.0,0.0,0.0,0.0,0.0,0.0,0.0
"97,147",2434.3450510207854,0.0,0.0,0.0,0.0,0.0,0.0,0.0,0.0,0.0,0.0,62724.02311600892,80994.22206636597,28161.03515129183,7119.815320650736,3723.5086794011736,55.07202172279358,63856.84422846683,82589.33126559634,29080.629848200675,7332.400159660975,3814.2151022069597,55.07202172279358,64269.650596323205,83496.68744118729,29395.264836549766,7400.429010693232,3859.5683193318987,55.07202172279358,65148.2602802529,84537.36607253319,29738.64581653091,7514.534500034182,3875.7659499757433,64.79060697555542,65899.77200170499,85391.38507306062,30008.73839538238,7529.512649507148,3872.526938688054,64.79060697555542,0.0,0.0,0.0,0.0,0.0,0.0,0.0,0.0,0.0,0.0,0.0,0.0,0.0,0.0,0.0,0.0,0.0,0.0,0.0,0.0,0.0,0.0,0.0,0.0,0.0,0.0,0.0,0.0,0.0,0.0,0.0,0.0,0.0,0.0,0.0,0.0,0.0
"98,147",2167.053492248736,0.0,0.0,0.0,0.0,0.0,0.0,0.0,0.0,0.0,0.0,48141.90528919089,77842.80126778568,26992.227778599306,3748.5096430872,744.6528985238543,6.479236125946045,48480.16413866678,78552.39828569094,27158.676891621417,3790.626159915737,751.1321677899829,6.479236125946045,48793.701085353365,79212.99653713468,27385.46279388315,3835.9830143545187,757.6114098763934,6.479236125946045,49498.968227453784,80664.808268663,28030.168984707663,3938.9289409338257,770.5701353288165,6.479236125946045,49832.65881378229,81362.48657723876,28337.945160206626,3968.0868322073243,783.5285854077807,3.239603281021118,0.0,0.0,0.0,0.0,0.0,0.0,0.0,0.0,0.0,0.0,0.0,0.0,0.0,0.0,0.0,0.0,0.0,0.0,0.0,0.0,0.0,0.0,0.0,0.0,0.0,0.0,0.0,0.0,0.0,0.0,0.0,0.0,0.0,0.0,0.0,0.0,0.0
"99,147",2493.0881941162743,0.0,3.2399539947509766,12.959909200668335,16.199814081192017,0.0,0.0,3.2399539947509766,12.959909200668335,16.199814081192017,0.0,53473.272587824795,79939.18729908793,22981.50643436675,3048.9578362128314,366.52401391665137,0.0,53971.157568071394,80970.29055668232,23233.002471109463,3094.317287268358,373.0040108362833,0.0,54391.86831600713,81684.61872484918,23353.28717064296,3081.3571684977587,366.5240935484568,0.0,54970.61526460929,82492.67747006322,23537.9646937791,3087.83691555472,366.5240935484568,0.0,55349.69055528922,82869.73167952368,23596.283781999697,3080.6326680800494,356.80413333574927,0.0,0.0,0.0,0.0,0.0,0.0,0.0,0.0,0.0,0.0,0.0,0.0,0.0,0.0,0.0,3.2399539947509766,0.0,0.0,0.0,0.0,0.0,12.959909200668335,0.0,0.0,0.0,0.0,6.479925155639648,9.719888925552368,0.0,0.0,0.0,0.0,0.0,0.0,0.0,0.0,0.0,0.0
"100,147",2505.771434759674,0.0,3.239901542663574,22.67967677116394,16.19957208633423,3.239964485168457,0.0,3.239901542663574,22.67967677116394,16.19957208633423,3.239964485168457,22369.771583219608,74632.03950133976,82384.30635677693,25416.98806760358,4063.486017488031,242.99689102172852,22403.644473824785,74826.84459382972,82633.7847655904,25504.46728251027,4063.48602940896,242.99689102172852,22367.280106578157,74840.52839659709,82598.14438163159,25504.467148995867,4053.766155026941,239.75695538520813,22424.787029791816,74754.99244875253,82556.02423797963,25485.02722213315,4034.3263831363006,239.75697302818298,22424.78621034716,74716.53134982912,82471.78465281842,25440.391864991656,4034.3263247237487,233.27707839012146,0.0,0.0,0.0,0.0,0.0,0.0,0.0,0.0,0.0,0.0,0.0,0.0,0.0,0.0,0.0,3.239901542663574,0.0,0.0,0.0,6.479931592941284,6.479912519454956,6.479930400848389,3.2399022579193115,0.0,0.0,0.0,3.239966630935669,12.95960545539856,0.0,0.0,0.0,0.0,3.239964485168457,0.0,0.0,0.0,0.0
"101,147",2505.6174248485822,16.199028253555298,97.19586420059204,104.08221244812012,165.63761296833263,118.65353621314554,16.199028253555298,97.19586420059204,104.08221244812012,165.63761296833263,118.65353621314554,22377.861657923342,86529.18634762296,94781.32287393458,25962.875018055303,3773.384718752842,29.15828847885132,22426.457523649813,86708.28602182258,94868.79644738085,25998.51264494167,3770.144974566441,29.15828847885132,22428.629610623564,86685.23471865655,94849.35721908457,25988.79282134281,3773.384481049519,29.15828847885132,22422.15059408113,86711.96631558923,94788.86664184403,26001.751197512014,3770.1449006566813,29.15828847885132,22452.376067942263,86708.72882350473,94694.50502722965,25962.87374156223,3766.905137635212,29.15828847885132,0.0,0.0,0.0,0.0,0.0,0.0,0.0,3.239769458770752,9.719382286071777,3.2398765087127686,0.0,0.0,0.0,12.959517240524292,55.07772207260132,19.439078092575073,9.719546794891357,0.0,0.0,6.4797399044036865,23.085739135742188,64.7972059249878,6.479781627655029,3.239745855331421,0.0,12.959355115890503,42.116639375686646,87.88278356159435,22.678834915161133,0.0,0.0,3.239809274673462,66.81645931075602,42.11749291419983,6.479774713516235,0.0,0.0
"102,147",2505.3094559424267,16.19764542579651,185.4560789201774,42.11145877838135,93.94126772880554,42.11190843582153,16.19764542579651,185.4560789201774,42.11145877838135,93.94126772880554,42.11190843582153,23629.14745780253,93446.90640747128,79565.3422565161,24003.14271661534,3895.618805479536,0.0,23742.5265035274,93794.59581497886,79711.1113962828,24016.100535838745,3895.6186750645734,0.0,23783.695393357553,93705.64665102119,79684.84131035337,23986.947626083038,3866.465621304045,0.0,23887.353936467447,93890.34397283818,79751.78840582696,23999.906290738723,3876.183787655363,0.0,23824.727092379213,93798.87820877002,79612.49563591805,23977.2306477715,3863.2262249703504,0.0,0.0,0.0,0.0,3.2392401695251465,0.0,0.0,3.2392401695251465,3.239372730255127,6.479145288467407,6.479127407073975,0.0,0.0,0.0,25.914989233016968,94.75440278988259,48.59041476249695,16.196272134780884,0.0,0.0,16.19659924507141,9.717748165130615,12.957871198654175,3.2392401695251465,0.0,0.0,29.15364956855774,38.87244915962219,19.43655753135681,6.478611469268799,0.0,0.0,3.239222288131714,25.9148268699646,9.718369960784912,3.2394893169403076,0.0,0.0
"103,147",2504.8476298431815,246.1359794139862,285.8247115724227,107.28737106884228,201.6229567808263,155.4506540298462,242.89690399169922,285.8247115724227,107.28737106884228,201.6229567808263,155.4506540298462,29787.847556089888,77564.49361173312,70913.7241797578,31148.56731278849,13417.974675296335,1608.5928203461217,29930.35681316806,77797.6977848212,70996.7230530449,31245.73198969317,13479.51148855546,1615.0703505871343,29833.188825106154,77650.73030586615,70925.38205131737,31216.581846308236,13508.65847289422,1628.0252324936437,29765.171021914015,77576.58869254355,70805.13775407847,31182.97195068901,13469.790537236719,1595.6369146702336,29654.64037815543,77384.2406704566,70763.03054654178,31124.265739866325,13359.674412129907,1595.6365668175267,12.954277515411377,103.63329458236694,158.68805241584778,3.2384729385375977,0.0,0.0,278.5140974521637,16.193162202835083,80.96639156341553,119.82841372489929,22.670337200164795,3.2385993003845215,0.0,71.25587439537048,149.79514266182395,58.29605150222778,6.477643013000488,0.0,0.0,38.868008613586426,36.03257790172801,29.148131847381592,3.2386527061462402,0.0,0.0,78.14090281467811,61.53824782371521,42.104450702667236,19.839355439765782,0.0,0.0,22.66914701461792,55.05498743057251,71.24896001815796,6.477559566497803,0.0,0.0
"104,147",2504.2320991791407,401.5074055194855,847.2670259475708,288.1799397468567,336.7507252693176,297.89669036865234,401.5074055194855,847.2670259475708,288.1799397468567,336.7507252693176,297.89669036865234,15285.48319567886,47126.56874950633,65014.552028882266,41882.19367631276,39408.43829975876,12263.512671456618,15291.95904173103,47011.61636405365,64934.6882321713,41899.05819065056,39428.01115857854,12210.630182013792,15279.007952825696,46862.66643028633,64693.498421214616,41850.207245798665,39545.656872146275,12321.799143777174,15256.342636005551,46781.03482996155,64635.20741321901,41892.29411384638,39624.43800532117,12356.334731803221,15275.767897503049,46670.944044935,64538.477338128,41859.92207114556,39465.78440725103,12255.963518367094,100.3790864944458,343.23092222213745,456.5587363243103,97.13982558250427,29.141247034072876,0.0,1026.4498176574707,29.142215490341187,152.1864287853241,165.1340844631195,48.56896734237671,6.475709438323975,0.0,45.33220887184143,242.84854102134705,332.4323637485504,152.18397521972656,71.23208856582642,3.2378485202789307,22.666747570037842,100.379474401474,119.80446004867554,38.85347104072571,6.4757866859436035,0.0,19.42853331565857,165.1386468410492,100.3769850730896,38.854615688323975,12.951944351196289,0.0,22.666321992874146,123.04402112960815,110.09233593940735,25.904353380203247,16.18965792655945,0.0
"105,147",2503.4630673151387,0.0,94.93559616874246,3.2372891902923584,9.71045708656311,6.473902940750122,0.0,94.93559616874246,3.2372891902923584,9.71045708656311,6.473902940750122,10816.512657152438,29354.045178951004,46584.16236941955,48282.47389300947,57850.42420704412,17791.042782847086,10835.933060632968,29351.214645904656,46569.33785121769,48341.68567289279,57993.913241320966,17788.900590362737,10848.880758510852,29333.017054779393,46545.67564738499,48378.35931276809,58172.10265681978,17892.60624054647,10907.141352401995,29452.632315840445,46768.03400463311,48661.81285308951,58695.229794937026,18230.315993524066,10885.701315246843,29435.23149874351,46760.74446330165,48674.75518392676,58579.275132090435,18103.1538721683,0.0,0.0,0.0,0.0,0.0,0.0,0.0,0.0,0.0,0.0,0.0,0.0,0.0,6.47380518913269,16.183212757110596,33.435532510981844,29.132639169692993,9.71040654182434,0.0,0.0,0.0,0.0,3.2372891902923584,0.0,0.0,0.0,0.0,0.0,3.236475706100464,6.4739813804626465,0.0,0.0,0.0,0.0,6.473902940750122,0.0,0.0
"106,147",2502.540788232585,51.76775670051575,152.06902551651,48.53232741355896,53.21371793466456,155.30885219573975,51.76775670051575,152.06902551651,48.53232741355896,53.21371793466456,155.30885219573975,10622.775744884157,26807.070123339636,35605.101109895506,36083.53728733811,49953.37495241353,23745.45978723414,10647.05228905117,26948.23306055443,35860.74404612521,36330.75945489734,50346.99584495227,23832.827354296518,10672.9355562154,26964.411537126467,35998.84071811788,36423.14339535845,50580.757346923696,23924.224824661364,10759.088244850496,27142.386534885332,36312.010391863645,36787.37214958715,51332.313888358134,24603.341000568165,10747.761496974908,27216.815990642473,36377.80535510848,36892.151658236755,51393.055202976866,24583.983074992306,0.7231410727781409,17.621901270922493,16.898770211724674,9.705369472503662,3.235114812850952,0.0,48.18429684077992,9.705869197845459,19.41294527053833,22.648942232131958,0.0,0.0,0.0,12.941951036453247,45.29755520820618,48.531290769577026,32.35576772689819,12.942460775375366,0.0,9.705969333648682,12.943334102630615,9.706438302993774,12.94140100479126,3.235184669494629,0.0,3.2351298332214355,6.470289707183838,24.09539699273951,9.7062828540802,9.706618547439575,0.0,12.94393277168274,58.24280548095703,58.237884283065796,22.648683071136475,3.235546588897705,0.0
"107,147",2501.465566379699,48.51537299156189,630.7319912910461,265.2385485172272,150.57754779142493,161.71719694137573,38.812310457229614,621.0281178951263,265.2385485172272,150.57754779142493,158.48296737670898,25396.845967585432,51655.513187276614,52250.97229236715,33358.929532077265,32957.91375871172,10253.007557432324,25487.415967518675,51645.40873496018,52351.24101013296,33359.651652480105,32943.661426809726,10250.180806049646,25428.79018454645,51531.78285532091,52296.25873536222,33281.04196481985,32866.419690706214,10176.998937283312,25380.268390942554,51363.58979158495,52204.96310073628,33093.44857077879,32772.72041966588,10187.924074598388,25338.226339865665,51276.675472403505,52216.84856456588,33104.37195953201,32843.669800453565,10252.627392479018,73.6693602814394,147.32609033865089,41.32154166838702,45.27775001525879,12.93619155883789,0.0,320.530933862574,12.93841290473938,16.17133855819702,6.4680016040802,3.2345573902130127,0.0,0.0,122.91377592086792,229.6463406085968,109.9702000617981,106.73731279373169,48.52576303482056,3.2347254753112793,32.346107006073,139.08586597442627,51.7545166015625,29.11310863494873,12.938950300216675,0.0,19.406630277633667,77.62670516967773,43.839379313412834,0.0,9.704833030700684,0.0,38.81180238723755,48.5156135559082,45.28041434288025,12.93758749961853,12.937549591064453,0.0
"108,147",2468.0384175840386,9.69991683959961,25.865566730499268,16.16624402999878,6.466623067855835,6.466089248657227,9.69991683959961,25.865566730499268,12.933471441268921,6.466623067855835,6.466089248657227,18634.06876341408,40279.89066196516,47800.20163954099,41352.50502100271,48447.70666947085,12146.470033272573,18657.921533578046,40325.56617620505,47806.55896328852,41388.512644914554,48510.353287921236,12184.580875792222,18677.31125687898,40380.53522565879,47863.54137500781,41453.11820500318,48501.8743542559,12156.2858797438,18761.312245082856,40493.28342523387,47964.15861386037,41561.815438534235,48631.53706897661,12211.512608534682,18805.808823462092,40538.54754247478,48095.4872672885,41637.437111229985,48742.23908276932,12256.069175759483,0.0,0.0,0.0,0.0,0.0,0.0,0.0,6.467077016830444,0.0,0.0,3.232839822769165,0.0,0.0,0.0,9.699414730072021,12.933095216751099,0.0,3.2330567836761475,0.0,6.467036485671997,0.0,3.233217477798462,3.233217477798462,0.0,0.0,3.2335963249206543,0.0,3.2330267429351807,0.0,0.0,0.0,0.0,0.0,0.0,3.2330446243286133,3.2330446243286133,0.0
"109,147",2459.21636072654,116.29732751846313,83.99603533744812,35.535133361816406,35.53327703475952,64.94855214287253,113.06705141067505,83.99603533744812,35.535133361816406,35.53327703475952,64.94855214287253,18160.168222640543,41852.56016756974,53362.06040533196,44722.5178002264,35672.05023717226,3296.2317080890425,18160.200182498673,41854.00621010182,53363.12611795312,44667.59289611835,35718.095793880195,3309.8453878430755,18228.001356672776,42020.284891074305,53594.4015347967,44848.95174437972,35863.91086928236,3364.7754940061004,18318.468264889252,42071.46063784337,53621.06198002498,44946.30052273788,35949.0271721924,3432.6385594872863,18358.322712611218,42151.01715858871,53733.726016715926,45008.438063914175,36036.268390520876,3446.2466607234055,29.072441577911377,148.59297037124634,77.52693557739258,19.38157820701599,12.921899795532227,0.0,287.4958255290985,16.152726888656616,51.68592953681946,22.61424684524536,19.383893251419067,3.230254888534546,0.0,3.230276107788086,22.61324906349182,38.76728367805481,16.154572248458862,3.230654239654541,0.0,6.460685968399048,9.691365003585815,6.460660696029663,6.4616379737854,6.4607837200164795,0.0,6.460502624511719,12.920799016952515,6.460530757904053,9.691444635391235,0.0,0.0,17.937193399317124,37.31980801189647,3.230743885040283,6.460806846618652,0.0,0.0
"110,147",2497.3260417027413,1132.5016164087783,1628.992383334216,877.12304427764,658.7522776126862,1039.454893759185,1103.436299016429,1574.0928846331203,860.9764704956729,632.917866230011,1023.3073753628075,29704.342353468313,51577.55726323129,42312.733965043466,22922.329054082606,13779.998638533609,417.5800215552835,29444.97968311123,51204.75668449402,42196.88651962187,22838.76617024085,13848.506255436878,407.89516919360443,28904.67161187939,50563.17652714019,41762.72304572124,22766.6493154133,13842.05041866396,404.66770642504974,28727.499647890356,50221.753365387645,41475.97705083455,22753.73972969896,13889.419812077165,401.4395608256845,28933.7162455269,50591.99411144257,41704.42665840878,22846.614509212264,13989.531505936266,404.6693043063669,578.0677742958069,1068.9446775913239,917.1630544662476,293.8735430240631,35.52398228645325,0.0,2893.5730316638947,285.2080074310303,414.5623999380598,255.114563703537,122.71690893173218,25.834419012069702,0.0,388.55634984970095,594.5799066992367,432.7194941043854,145.31841492652893,12.918719053268433,0.0,154.99707698822021,347.53611233374653,268.025203704834,67.81411790847778,19.37530827522278,3.228651285171509,167.91112303733826,251.87344622612,164.69614100456238,45.2078652381897,3.229290723800659,0.0,230.69285098992142,416.80469059289675,297.8989504767399,71.4513992029078,6.459484100341797,0.0
"111,147",2495.643095667886,99.64059800447203,124.78426305452983,139.08689225982218,1238.6354907568764,206.51662826538086,96.41492838205076,121.55838839213054,139.08689225982218,815.9885934408974,200.0635588169098,30229.60187755753,44236.924219039836,44906.59902463989,29472.873242952308,18719.81806844356,1538.0892294247947,30186.788205373054,44253.90110361248,44870.68747539614,29479.25724445885,18696.962747942234,1560.6781130631766,30162.718116640575,44379.69122182995,45033.56805498272,29494.388568566825,18697.361441111098,1547.7711981137595,30408.280697384067,44947.55401408344,45497.160544255195,29635.14223817657,18718.20198214662,1554.226717789968,30622.084817158942,45308.950616106325,45733.09605136852,29750.593138865865,18762.97318769904,1544.5480213960013,177.43642616271973,165.58254639120662,81.00180186103373,19.354665517807007,6.452776193618774,0.0,449.8282161263859,15.05914036432902,32.61566389869241,26.160025490031522,16.128630876541138,6.451467752456665,0.0,15.062858740488688,35.49907469749451,41.956637144088745,29.039817810058594,0.0,0.0,29.04245376586914,38.713987827301025,58.425206554637235,12.90524411201477,0.0,0.0,258.5149401552537,266.02218513769265,203.98467710158405,58.43014348815469,25.810696601867676,3.2259509563446045,35.49993658065796,77.4395523071289,54.85962677001953,32.264443159103394,0.0,0.0
"112,147",2493.809478762586,238.35293409964618,216.48742574616975,196.7680784178715,1221.3062030829635,361.5551003241071,231.90198156973895,216.48742574616975,196.7680784178715,1214.8553630866256,361.5551003241071,22797.601488946464,48097.94584532158,58515.098661440505,37342.36537464179,22020.760376783444,1184.4063909222098,22585.900838900543,47852.00439747455,58411.50340725488,37296.51666272949,21990.123179145885,1168.9972618822958,22622.210191262937,47832.239037647436,58356.67847181863,37255.462660638026,21974.015088029933,1149.6510387663748,22641.19396123699,47677.06361475645,58157.530968405226,37192.195146422295,21962.338976822644,1146.4257932906057,22504.888999782826,47351.257934154244,57704.01978772856,37038.13956138013,21869.198678269106,1139.9812484984304,326.5503727379967,692.7374946051953,456.3868018842211,213.2581794159085,22.5771267414093,0.0,1711.509975384731,38.699519634246826,77.04736958672018,77.45730411024655,35.47436738014221,3.2234208583831787,0.0,45.55686134263581,70.95071864128113,74.17842674255371,25.801419019699097,0.0,0.0,25.80267643928528,64.89677713712057,73.82264887024374,32.245975971221924,0.0,0.0,196.34067379166098,435.10661523575874,419.6654785698535,135.07740746666403,28.665188022688323,0.0,51.59212255477905,116.48762166733835,145.1037037372589,29.021597385406494,19.35005497932434,0.0
"113,147",2491.6921795304866,64.85600538721272,662.4172382420185,277.9207009408988,1767.1936746017604,433.9373254776001,64.85600538721272,597.9801838463428,248.92270937900918,1709.1992955581813,424.27075362205505,13306.653601614635,32443.4998953118,42721.2503161421,33188.33495972484,36547.82098535089,8695.90981820331,13255.504563232498,32293.11253883792,42640.41897830121,33212.40676549089,36563.2066844585,8592.089095997342,13159.143964479485,32043.244260001647,42463.70170148401,33081.76421906341,36464.10007158541,8519.047059146096,13052.817815969505,31846.959129640167,42283.11420960052,32884.4212585309,36223.22591261396,8404.278248060451,12757.774895818562,30980.210354394538,41305.599732012844,32211.995698581024,35383.11248714877,8101.44849585365,0.0,70.90175724029541,58.01319980621338,16.115207195281982,9.669123888015747,0.0,154.69928812980652,0.0,19.74022074213215,29.003262281417847,12.89002537727356,3.22249698638916,0.0,41.88895082473755,137.4843647480011,113.18144917581596,105.65596819484935,132.10627436637878,67.66317653656006,38.66699266433716,67.6683292388916,74.51684490559148,32.62721633537143,22.554810285568237,12.888515949249268,149.30446004867554,416.4921027987611,542.5480464467815,262.1975836277008,251.66137819664152,86.99572443962097,35.44595384597778,151.4537811279297,134.2622766494751,70.89107489585876,28.995150804519653,3.2225162982940674
"114,147",2489.6834429870064,0.0,49.192085296967456,9.659212827682495,89.06439509672278,55.80197436949786,0.0,45.97164896235747,9.659212827682495,89.06439509672278,52.58208091399249,5557.753385429756,12481.55619368927,17010.999554688322,16750.317211068843,24583.525435004518,9286.266937718672,5582.725246320986,12605.213034942102,17228.553994643455,16885.51846543667,24978.12802536628,9440.7927868226,5552.708163318446,12534.749721137216,17243.752050996292,16704.393190607367,25243.529635377025,9556.036396497839,5508.855029659645,12457.661515889447,17065.65865155575,16582.06735347205,25138.723190321645,9491.638262266271,5445.562546422435,12155.481975234723,16643.954507554743,16250.968883692047,24574.835628204724,9285.986810915143,0.0,0.0,0.0,0.0,0.0,0.0,0.0,0.0,0.0,0.0,0.0,0.0,0.0,0.0,12.724429088480331,9.655396461486816,13.93521936080035,3.219137191772461,6.437466859817505,0.0,3.22049617767334,3.2182204723358154,3.22049617767334,0.0,0.0,8.561955359402825,25.761634826660156,19.321635961532593,16.099881887435913,19.319287061691284,0.0,6.440209627151489,12.879947423934937,7.500720335455502,16.100958585739136,6.439998626708984,3.2202463150024414
"115,147",2487.401682098051,0.0,9.647021770477295,12.859636545181274,16.477665079341214,0.0,0.0,9.647021770477295,9.644474267959595,16.477665079341214,0.0,10313.472095489504,11737.563720364664,14528.813063254074,12098.14650124475,16841.06099845381,5641.291339685403,10528.076498799232,11907.584107837489,14635.328309760373,12161.241707164167,17073.712316205456,5763.101468676211,10495.91425710192,11642.084250358506,14447.991631068433,12036.84902104303,17128.50048546604,5839.886304958193,10126.100047640708,11365.258026115567,14061.07391173138,11798.861299134236,16841.64317048391,5746.207951731775,9735.9048909767,11145.759982149273,13645.39514439246,11481.853573726205,16445.554063034055,5530.712833113764,0.0,0.0,0.0,0.0,0.0,0.0,0.0,0.0,0.0,0.0,0.0,0.0,0.0,0.0,3.2156660556793213,0.0,6.431355714797974,0.0,0.0,0.0,0.0,3.214937925338745,3.2147459983825684,3.2147903442382812,0.0,0.0,3.2147562503814697,10.047970903621,3.214937925338745,0.0,0.0,0.0,0.0,0.0,0.0,0.0,0.0
"116,147",2484.971953573397,0.0,9.640893697738647,99.6239264011383,83.55768823623657,0.0,0.0,9.640893697738647,93.19559693336487,83.55768823623657,0.0,7499.581944922841,11542.887045807931,16601.26721131942,16774.340508415185,35200.07025576479,24202.51186716042,7561.02735175806,11658.525155253503,16794.035452724907,16941.397251798593,35565.5649205292,24475.597335783637,7499.572419183395,11668.56581714761,16839.018371225808,16941.39529915043,35554.802392912854,24456.35765477816,7513.642807924047,11576.80997668341,16747.220994256524,16809.657736494028,35415.83417371395,24324.236020246204,7360.116539082808,11421.77606565438,16522.300661109475,16632.941223813974,35024.580550026425,24009.402531066593,0.0,0.0,0.0,0.0,0.0,0.0,0.0,0.0,0.0,0.0,0.0,0.0,0.0,3.213473320007324,0.0,3.2139124870300293,0.0,0.0,3.213507890701294,9.640940427780151,0.0,16.068493604660034,28.923719882965088,19.28112816810608,19.281314849853516,0.0,9.640869379043579,22.496723175048828,9.641664028167725,28.923855543136597,12.854576110839844,0.0,0.0,0.0,0.0,0.0,0.0
"117,147",2189.8278897506984,0.0,0.0,0.0,0.0,12.840948343276978,0.0,0.0,0.0,0.0,12.840948343276978,7000.624408473221,4499.878573910396,6438.704310309652,7670.282033145194,23684.103652458565,36771.51996415269,7224.244174946991,4506.3046703497575,6441.911418330435,7686.323012053733,23649.608072202347,36749.93470140345,7372.691321747911,4503.099457279842,6435.499105345968,7660.257667630327,23455.894647272897,36177.459943690956,7295.546641079585,4573.723349587123,6434.776667049819,7676.305059760225,23561.410311963515,36276.75551347919,7293.550913593816,4621.870008007686,6543.913014343672,7798.273724406374,23911.67147825653,36803.78248729238,0.0,0.0,0.0,0.0,0.0,0.0,0.0,0.0,0.0,0.0,0.0,0.0,0.0,0.0,0.0,0.0,0.0,0.0,0.0,0.0,0.0,0.0,0.0,0.0,0.0,0.0,0.0,0.0,0.0,0.0,0.0,6.420455694198608,0.0,3.210252523422241,0.0,3.210240125656128,0.0
"118,147",784.4799945531688,0.0,0.0,0.0,0.0,0.0,0.0,0.0,0.0,0.0,0.0,896.8416536003934,337.2255537360323,280.87386414116503,300.99367986099395,864.957791997872,1792.5463945818883,880.5409301486669,340.0293572425843,274.4604866177428,313.8266941107956,864.9083858770482,1839.948172073738,871.1838576943265,349.65009765625007,287.29138561791063,307.4122959174362,861.6997693819158,1815.0918227382735,848.7319674641477,336.8217418670655,288.0071186299417,295.21160805552614,864.9043279928319,1796.2556868010874,813.4569988400327,340.02728729248054,291.21157901240326,304.8338593277277,886.5479839016408,1803.0700980420204,0.0,0.0,0.0,0.0,0.0,0.0,0.0,0.0,0.0,0.0,0.0,0.0,0.0,0.0,0.0,0.0,0.0,0.0,0.0,0.0,0.0,0.0,0.0,0.0,0.0,0.0,0.0,0.0,0.0,0.0,0.0,0.0,0.0,0.0,0.0,0.0,0.0
"96,148",437.9247897141966,0.0,0.0,0.0,0.0,0.0,0.0,0.0,0.0,0.0,0.0,13314.14679116735,9576.076185770595,3098.98434696852,694.8865063891692,210.53888750076294,6.4781482219696045,13466.063312658605,9671.647022405326,3132.8099502787873,701.3645723567289,220.2559678554535,6.4781482219696045,13659.234907706577,9648.947126934574,3150.8083733147264,714.6891536142311,229.9731216430664,6.4781482219696045,14010.092303827692,9898.352439234304,3225.3063827580095,738.7979211872698,247.60389215151469,6.4781482219696045,14381.728276179816,10195.683149645374,3386.039105262008,787.3838992184283,260.5601597468058,6.4781482219696045,0.0,0.0,0.0,0.0,0.0,0.0,0.0,0.0,0.0,0.0,0.0,0.0,0.0,0.0,0.0,0.0,0.0,0.0,0.0,0.0,0.0,0.0,0.0,0.0,0.0,0.0,0.0,0.0,0.0,0.0,0.0,0.0,0.0,0.0,0.0,0.0,0.0
"97,148",2505.5028553636926,0.0,0.0,0.0,0.0,0.0,0.0,0.0,0.0,0.0,0.0,115128.05383457201,74433.48657545389,16434.22457980829,2464.361826826544,495.6122281551361,3.239123821258545,115482.93140217183,75036.18134838555,16700.831129598617,2483.3910255890264,508.56909561157227,3.239123821258545,115704.25387606153,75477.40149599712,16916.07363224684,2492.7653855781928,515.0477435588837,3.239123821258545,116222.14071685751,75920.03686492304,17045.242716089884,2497.795255897559,529.7960215091705,3.239123821258545,116895.43497001327,76690.83366597399,17297.90173365275,2546.384627817191,536.2744324684143,3.239123821258545,0.0,0.0,0.0,0.0,0.0,0.0,0.0,0.0,0.0,0.0,0.0,0.0,0.0,0.0,0.0,0.0,0.0,0.0,0.0,0.0,0.0,0.0,0.0,0.0,0.0,0.0,0.0,0.0,0.0,0.0,0.0,0.0,0.0,0.0,0.0,0.0,0.0
"98,148",2505.8109193602477,0.0,0.0,9.719630002975464,0.0,0.0,0.0,0.0,9.719630002975464,0.0,0.0,90499.035912898,97494.35351138582,22466.71656854106,1956.5869296588148,161.98715448379517,0.0,90892.6662835598,97965.10850180083,22601.164585839062,1966.3065670527662,161.98715448379517,0.0,91300.88454313278,98598.98435840232,22765.989434710667,1969.546377281114,161.98715448379517,0.0,91834.63412233426,99172.36128234862,22891.935141647562,1998.7043431796278,158.7473726272583,0.0,91906.31853383007,99162.55270951308,22868.850159428162,1992.2248590983595,158.7473726272583,0.0,0.0,0.0,0.0,0.0,0.0,0.0,0.0,0.0,0.0,0.0,0.0,0.0,0.0,0.0,0.0,0.0,0.0,0.0,0.0,0.0,9.719630002975464,0.0,0.0,0.0,0.0,0.0,0.0,0.0,0.0,0.0,0.0,0.0,0.0,0.0,0.0,0.0,0.0
"99,148",2505.9649769539706,16.199910402297974,307.7981958389282,110.15915489196777,71.279465675354,119.87914419174194,16.199910402297974,307.7981958389282,110.15915489196777,71.279465675354,119.87914419174194,83257.7059460827,86372.36771715106,17176.42876154114,945.9135681713329,57.91251929601034,0.0,84436.64699045256,87629.067199736,17367.58665114571,955.633505972694,57.91251929601034,0.0,85171.78543063707,88561.36118938128,17524.489013160444,958.8734966839062,61.15247472127279,0.0,86264.04811138358,89966.35786261277,17645.091345275618,968.5933615291821,61.15247472127279,0.0,86814.11887616363,91296.35825477488,17830.492901052214,978.3132216060864,61.15247472127279,0.0,0.0,0.0,0.0,0.0,0.0,0.0,0.0,9.719948053359985,6.479962348937988,0.0,0.0,0.0,0.0,184.67889738082886,113.39935159683228,9.71994686126709,0.0,0.0,0.0,32.39983797073364,71.27942204475403,6.4798948764801025,0.0,0.0,0.0,48.599685192108154,22.67978048324585,0.0,0.0,0.0,0.0,97.19936466217041,22.679779529571533,0.0,0.0,0.0,0.0
"100,148",2446.5337570597358,3.2399942874908447,44.952547049054914,16.19969415664673,25.919697046279907,19.43982434272766,3.2399942874908447,41.71256849719029,16.19969415664673,25.919697046279907,19.43982434272766,61618.91782356152,55005.07462823531,25497.708737348104,4045.943579225914,291.59776639938354,0.0,60700.41563680689,54983.43656147414,25497.708806489492,4049.183610229866,288.35780668258667,0.0,60785.04081673157,54989.104386716725,25505.637374852682,4049.1836552909776,291.59779715538025,0.0,60716.837919570906,55028.7086912688,25520.706319532204,4052.423572807686,285.1178505420685,0.0,60524.48952001405,55074.068936973454,25532.942074975777,4052.42360904731,278.6379008293152,0.0,0.0,0.0,0.0,0.0,0.0,0.0,0.0,0.0,3.2399942874908447,0.0,0.0,0.0,0.0,35.232703423032575,6.479865074157715,0.0,0.0,0.0,0.0,12.959757328033447,3.2399368286132812,0.0,0.0,0.0,0.0,16.19985032081604,9.719846725463867,0.0,0.0,0.0,0.0,6.479914903640747,9.719921827316284,3.23998761177063,0.0,0.0,0.0
"101,148",2505.8109193602204,3.239884376525879,200.86749267578125,87.03048175643472,169.13150818207683,42.11728310585022,3.239884376525879,200.86749267578125,87.03048175643472,169.13150818207683,42.11728310585022,70745.49462414818,104109.04425201696,48442.579630506734,6544.757351891199,399.55884240094355,3.2397704124450684,70915.75989891315,104283.62256987984,48486.170149492755,6547.997110144296,396.3189668459051,3.2397704124450684,71194.7473101775,104285.75257448497,48437.573115515246,6554.476749674478,399.5587618154638,3.2397704124450684,71363.21014811199,104311.6682741455,48423.54630417356,6541.517968908945,406.038512210285,3.2397704124450684,71502.92679796967,104332.1705281351,48391.55379734133,6541.517871634164,409.2783903879278,3.2397704124450684,0.0,0.0,0.0,0.0,0.0,0.0,0.0,0.0,3.239884376525879,0.0,0.0,0.0,0.0,12.959481239318848,119.87336468696594,68.03464674949646,0.0,0.0,0.0,29.158884525299072,26.579285602008596,28.052710493873146,3.2396011352539062,0.0,0.0,55.07649850845337,64.79696798324585,46.01818425515119,3.2398574352264404,0.0,0.0,19.43836212158203,12.959358930587769,9.71956205368042,0.0,0.0,0.0
"102,148",2505.5028553637358,64.78821563720703,1194.5275140668832,476.18928599357605,724.5458165009816,362.81645679473877,64.78821563720703,1191.288234796711,476.18928599357605,721.3065625031788,362.81645679473877,45480.61961980147,105739.2380164745,66365.83069105243,15491.412442298031,2022.822344053493,3.2394237518310547,45587.87779433868,105815.90400046931,66412.93308153246,15491.411510558224,2029.300416696773,3.2394237518310547,45360.7152119543,105382.90549542672,66088.99222650622,15387.34349667512,2035.7788045294146,3.2394237518310547,45461.13796481151,105353.34423420666,65964.14177889918,15384.103776568994,2035.7788414842944,3.2394237518310547,45325.08719572086,105064.36363288003,65672.18955003608,15322.554080838785,2029.3002760298114,3.2394237518310547,0.0,6.478363037109375,0.0,0.0,0.0,0.0,6.478363037109375,0.0,32.39347743988037,22.676318407058716,9.718419790267944,0.0,0.0,275.3497943878174,465.66152342815025,333.6586754322052,116.61824154853821,0.0,0.0,45.3498694896698,222.4382546742757,179.24650136629742,25.915177583694458,3.239482879638672,0.0,110.13731598854065,288.3084235191345,277.50874956448877,45.352073431015015,0.0,0.0,35.633612632751465,116.62008309364319,178.16871690750122,32.394044160842896,0.0,0.0
"103,148",2505.0408873151987,362.71153140068054,2036.9722725148292,629.2259465600929,1102.3147477121913,1113.2348551656687,362.71153140068054,2030.4952853913398,625.98748792667,1095.8378674002254,1113.2348551656687,35727.41677866169,101965.98841860812,73404.56234951207,19357.754123255785,2997.1112795754975,145.73830461502075,35733.90208724059,102025.0573457896,73407.85774335486,19416.05039004999,3006.827313749463,145.73830461502075,35229.043521482796,100753.87259429297,72819.46124516749,19232.165922070482,2984.157316534192,145.73830461502075,35122.17708380923,100491.99795545038,72719.06926978896,19187.181960537855,2964.727986900479,145.73830461502075,34934.79258008564,99937.29580138809,72402.09770878249,19071.00110118155,2942.056170313031,148.97692012786865,116.58538007736206,369.1910698413849,236.05636806301044,64.7702956199646,3.238497734069824,0.0,789.8416113357919,97.1547966003418,148.9704613685608,100.39374470710754,16.19252872467041,0.0,0.0,388.26465863994525,993.0636355269188,497.6687384549309,148.25974645240635,3.238506317138672,0.0,126.30061364173889,254.2699620667626,181.00197143367694,51.46092362216875,12.954017162322998,0.0,183.7872026677225,510.8786271020478,304.4229280948639,87.03351166762558,9.715597867965698,0.0,197.14108949642554,572.8103446296617,229.935467004776,110.10951232910156,3.2384417057037354,0.0
"104,148",2504.425168663611,391.8037157058716,1045.1434985291723,563.2739090143465,792.5192028597289,764.1645777225494,385.328488111496,1045.1434985291723,563.2739090143465,782.8041400030547,764.1645777225494,36626.385629368764,84330.80186387511,63262.99861202708,26194.23648886681,15893.558662541707,3608.9125008470874,36590.40837540533,84240.18967098628,63260.110469014035,26165.496100168606,15924.856713978448,3631.5767166502337,36311.56904372888,83611.64099826064,62990.32618055999,26051.451138140175,15957.23467680613,3667.1912476904254,36185.27735027986,83333.64779132954,62880.62884774489,26015.476990055573,15947.521039454141,3689.8551225550036,36010.77656259443,82777.8805561982,62666.506565686774,25944.240087341797,15886.003537623086,3663.9528939611773,67.99982237815857,203.99468517303467,201.10698371120526,74.47212791442871,6.4754414558410645,0.0,554.0490606326682,32.38159441947937,168.37216091156006,126.28732204437256,55.049784660339355,3.237626075744629,0.0,236.73742942997052,440.72972588726117,266.5864302214454,97.85154328720242,3.2383697032928467,0.0,74.47702503204346,297.44799672201566,148.8988294657539,42.45005779453352,0.0,0.0,142.4770152568817,407.1860210016662,181.33143591880798,51.80966782569885,0.0,0.0,142.47345232963562,362.6524736881256,181.32565593719482,67.99928855895996,9.713707208633423,0.0
"105,148",2503.6559038633413,236.32216930389404,608.6070322990417,268.69624876976013,137.4009858636295,301.07002305984497,223.3727674484253,608.6070322990417,268.69624876976013,137.4009858636295,301.07002305984497,23858.468386096578,64072.9435412968,65847.24890461155,39743.42461490445,21249.07819197318,2366.9627178715727,23881.125077409368,64082.23759034008,65932.43081702344,39795.210981367156,21272.391970919634,2347.542164187338,23795.157361099766,63965.32147153313,65828.8255478298,39723.99402785115,21269.152056979205,2360.4888053940795,23806.30323479222,63927.93998328659,65932.80297163888,39798.03524924821,21350.476596433982,2383.1445926236174,23773.935386872756,63839.481324013555,65840.34650758108,39775.37822128839,21256.608190615043,2344.3037320183776,45.321882009506226,223.37451720237732,148.91454339027405,71.21839451789856,12.948988914489746,0.0,501.7783260345459,9.71212911605835,90.64491558074951,67.98374056816101,35.609482288360596,19.422499895095825,0.0,55.03290104866028,216.89882826805115,207.18640613555908,97.11745715141296,32.371439695358276,0.0,29.135615825653076,139.205420255661,61.50841426849365,29.135154724121094,9.711643695831299,0.0,16.18670654296875,55.03445506095886,20.857577946606803,38.84778141975403,6.4744648933410645,0.0,25.89818239212036,119.78012895584106,90.64449691772461,42.0856990814209,22.661515712738037,0.0
"106,148",2502.7333482504773,12.94206166267395,342.9623064994812,171.4794294834137,72.96906762684092,135.88956689834595,12.94206166267395,342.9623064994812,171.4794294834137,72.96906762684092,135.88956689834595,22687.89432540781,55366.81862976786,60577.97406012684,41155.18378370509,35930.509224696245,6147.13548708523,22506.270850279747,55331.20745494601,60612.114248874146,41232.83554094539,36050.22277168759,6176.254583125956,22627.798127564256,55407.778616378826,60647.29960587353,41295.040279865265,36072.87262873181,6160.07783127392,22687.828211273863,55476.463283607074,60688.64716841381,41324.88273126377,36114.5284965272,6202.140280490763,22571.734787145313,55333.35930967705,60664.60500673221,41299.00305229916,36001.69308529835,6121.246913438685,51.76804828643799,61.47448658943176,61.47443914413452,9.706605672836304,3.2354888916015625,0.0,187.65906858444214,3.235517740249634,0.0,0.0,6.471030950546265,3.2355129718780518,0.0,71.18077325820923,97.06377148628235,113.24386310577393,22.647835969924927,38.82606267929077,0.0,16.1773624420166,58.23898673057556,51.76718711853027,29.1187424659729,16.17715072631836,0.0,9.70644736289978,25.88408899307251,17.966693216211656,9.705976486206055,9.705861568450928,0.0,19.412970542907715,45.296536922454834,32.354626417160034,22.64845085144043,16.176982164382935,0.0
"107,148",2501.657807887628,1405.3526887903026,1590.1144166806166,613.712273570603,644.8434204260509,313.7518928050995,1405.3526887903026,1590.1144166806166,607.2442230907141,641.6088213125865,313.7518928050995,20394.23873216311,50647.526249579816,53352.48007070037,39729.17555847168,39939.11643792975,7256.6530799071,20174.692437258887,50182.971055591806,53013.67013401518,39706.93315414822,40009.865650169515,7295.059125971327,20004.071690096574,49692.77416315921,52619.87636588695,39480.18889111725,39993.28312174666,7340.33619744731,19987.91156484099,49591.38175658432,52465.761278374055,39372.7397552724,39900.29801193593,7340.337661575804,19933.33981883292,49365.6961495708,52352.96757699742,39308.460353491355,39971.462472594954,7356.512153696547,1237.515551064996,3506.794475922865,3373.7245350061676,1689.8575135418014,404.26510787010193,16.16895890235901,10228.326142308291,248.65222594784757,588.6690022945404,406.71979538880146,135.43881688678965,25.87284827232361,0.0,203.36477359042448,546.2121768212786,491.22247098006454,252.28423404693604,93.79593205451965,3.2348291873931885,51.74958920478821,213.4714765548706,183.94856120651843,90.55855417251587,67.51604195202098,0.0,106.32934798446357,193.25227715267854,193.6545131253261,109.56171822734908,35.57614088058472,3.2348239421844482,42.04902243614197,80.86163759231567,77.62890338897705,64.69243335723877,48.519896030426025,0.0
"108,148",2441.4297059923106,1339.7053501877128,1882.5690701755823,718.269794771718,1335.5203959997962,647.0318257453395,1310.6068780693352,1869.6375988277734,718.269794771718,1332.2876787241767,647.0318257453395,20061.749279635565,45328.811531380125,41435.18612883793,26247.338787209756,25364.902859381138,11011.26891669105,19790.061583370323,44899.23172206879,41261.81148054647,26273.9031075328,25584.459635380204,11265.251276222865,19485.62213049122,44147.88863517163,40874.778814921665,26203.476527780644,25785.814871016675,11446.691930473553,19377.976357937794,43909.067847641774,40740.79123705976,26206.700784772984,25834.894511800656,11492.642820215224,19034.942713108252,43154.58646832634,40437.52297740544,26050.807309755623,25796.63608232386,11525.192017928292,2773.551373935213,5495.829169476266,3564.6942938122093,1508.3400099726286,471.32414984142076,54.96312355995178,13868.702120597689,234.14230060109907,510.4050722720577,392.5939097348382,131.43580410620746,38.79700064659119,3.23279070854187,350.1036039866653,822.4636180915085,448.839441614525,173.86731699962243,71.13032460212708,3.2332935333251953,151.92914581298828,287.3028395400328,179.5213291729198,74.36169099807739,25.154789247699814,0.0,289.70330895349093,570.9679134537192,303.4914732446857,145.49300932884216,22.63197374343872,0.0,109.90625500679016,263.9579584944482,193.1569182807324,70.31167810757955,9.699015855789185,0.0
"109,148",2486.7710540739245,737.470521957734,679.9271699896046,185.61897079430375,248.39990815087862,174.79844694698556,731.007311851838,679.9271699896046,185.61897079430375,245.16818436547823,171.5667298373054,21084.01021255418,43901.82799373701,43139.21325256591,30997.57974790217,23684.104379081728,3905.067508877025,21076.07329289773,44114.642812417536,43509.75604826329,31307.040989185778,23915.945437173286,3932.325236377529,21166.511933676404,44173.52513947486,43810.65084952374,31531.014430633244,24204.535048383827,4126.203128394894,21244.423466649714,44435.20221353699,44037.79490738196,31779.38639640808,24448.995717200116,4238.6028107624425,21234.301318279904,44456.69074050865,44086.88543143647,31805.51991116673,24542.698891314343,4329.762511450636,784.9506819472595,2128.7362468513793,1422.7287842647702,863.5199413355659,213.99501324260936,0.0,5413.930667641582,198.56477305000902,287.97106426930895,137.13186566315446,87.95287199955361,19.38673686981201,0.0,137.1639754444945,278.1601868610756,150.79009311245937,91.19156714420693,22.621347427368164,0.0,67.86186075210571,42.01071739196777,39.487686357311176,29.085211515426636,7.173494777492449,0.0,58.16284418106079,86.83483084603853,64.62246513366699,29.085182428359985,6.462861776351929,0.0,48.473193883895874,71.39317994678723,32.312238931655884,16.156432390213013,3.231684684753418,0.0
"110,148",2497.517095714043,473.45598761801625,409.6634912518894,200.19878768920898,377.38842424317903,368.11532608107024,473.45598761801625,390.2876098184025,184.05261754989624,370.9305630581052,361.65613404348784,24508.21740070044,50154.44610242844,41587.003235902965,21932.344323707093,12154.495186637429,1172.0139489734875,24537.300969273438,50177.62904629707,41642.14952473079,22006.620454103802,12200.100679213392,1168.7898538673626,24561.724748677832,50293.94598375582,41752.853074718914,22088.802139620682,12326.451680871553,1187.1034376200507,24622.26396160406,50629.76937803006,41939.75539001577,22195.365081648728,12474.986002179689,1229.0750402983497,24737.679286978288,50786.554977178566,42076.774046371494,22250.66805707239,12523.833254225114,1234.4694851426516,29.0585355758667,119.46301341056824,83.95619988441467,58.11830186843872,29.06021785736084,0.0,319.65626859664917,58.12293243408203,153.77829758887196,177.60092973709106,64.57954382896423,19.374284029006958,0.0,87.17712450027466,151.3502624062931,93.6382486820221,38.74781799316406,19.37415623664856,0.0,32.28713345527649,67.80802392959595,35.518675088882446,29.064035892486572,19.374749183654785,0.0,48.4257607460022,154.9927864074707,106.56297969818115,38.75076985359192,22.1982663528592,0.0,64.57967686653137,127.1405016674715,118.67751012315938,31.884040717517628,19.374404668807983,0.0
"111,148",2495.8336843663456,29.045517683029175,58.09824252128601,54.86803984642029,766.8178355095433,267.84040212631226,29.045517683029175,54.87217330932617,54.86803984642029,673.2346038219976,222.66401839256287,14196.1893880386,29999.999188153884,31739.935484558926,22044.904027870587,21265.799692431618,5593.479698490629,14221.98311665479,30136.48485889529,31893.309198684314,22238.54323749729,21463.02753198661,5674.144376825819,14292.955817250646,30322.13505435177,32095.85089866133,22355.10647274653,21488.416934768826,5646.581626822902,14380.098188666738,30579.879300239973,32379.418388300313,22513.21700050036,21723.16251960081,5724.025668313457,14360.396578949574,30434.694239821154,32266.881850746562,22429.72443955552,21749.371181029896,5686.378569374832,16.137418270111084,67.77396893501282,93.599440574646,90.37980628013611,132.34001898765564,12.911402463912964,413.1420555114746,0.0,6.455399513244629,16.134984970092773,3.2272589206695557,0.0,3.227874279022217,16.138998985290527,6.455637693405151,16.138474225997925,6.455424070358276,3.2278664112091064,6.4557719230651855,3.2277159690856934,22.5932879447937,9.682580709457397,9.681825399398804,6.454716205596924,3.2279136180877686,67.76920104026794,267.43625206947326,170.62819018550948,118.99527176408208,41.95120644569397,6.454482316970825,32.270265340805054,80.6768000125885,80.6731915473938,22.58956027030945,6.4542012214660645,0.0
"112,148",2493.999571900895,2256.692569323147,1603.1654483542725,1864.0310686943578,8979.672331078844,1136.3259692584768,2234.126159020031,1599.9414257273957,1857.5830611107397,8953.88206265767,1136.3259692584768,42387.87391595654,70253.79847363304,60337.73040088672,27989.112367632802,11392.368213604947,325.3422371546427,41765.93923002505,69277.81435412145,59709.87734640159,27719.36563086696,11360.130475592146,325.3422371546427,41381.293035613795,68647.44268650636,59063.10115129527,27517.3201882568,11347.23775918437,322.1180793444315,40946.40192784141,67877.31870024625,58374.598547754096,27330.3505645995,11335.107392207314,328.56906453768414,39112.91922902501,64284.421152740375,55087.83636765854,26216.618407696365,11054.639989987541,325.34722272555035,2649.74724167562,5441.181101093105,4239.981955260857,1328.460913145776,343.4279549692191,12.895672798156738,14015.69483894273,431.32231980024596,901.9862885175967,608.1548071318982,247.52559495159224,45.13714861869812,0.0,275.44178581892277,566.3024064896154,569.046225976009,169.80807068862168,19.342936754226685,0.0,386.8861675262451,637.9348392645518,630.4235596058415,161.18860578536987,41.149888928731286,0.0,1568.6697625861448,3216.4709790472893,2987.3351416849623,965.4240244930864,212.75832295417786,3.22383189201355,203.13595032691956,405.499684716206,347.1379863168679,148.31124567985535,32.24110221862793,0.0
"113,148",2491.8817346216015,6792.803841851739,5186.096380055185,4436.88797532063,17035.62574433626,3648.8491002512915,6648.2102447855705,5160.321175873514,4414.334158525281,16942.181593173158,3594.0727619124395,22468.421762278504,54832.8860978968,65551.12457107093,29102.003783352233,10559.389275397507,1530.5902623849756,21478.936989134436,52703.11138578584,62948.16296054896,28180.30175231017,10409.140578065198,1533.8119742589838,20761.269901371004,50814.77433324701,60944.79056156196,27425.653766639556,10315.682847056669,1543.4713949876673,20258.257958720715,49177.81086580894,59169.29120644869,26735.58405118082,10196.523199807896,1533.8096644597895,18186.871397212908,43168.08550245715,52068.357894580506,24137.525616098857,9584.691066061281,1491.9348375516784,4815.608036442364,10731.703301212834,10304.114683140027,4140.3857142401675,915.4537267460541,12.89183521270752,30920.15729699415,908.5395985173244,2118.07780083114,2504.6919296414244,927.2004664028393,189.7004493928423,0.0,625.7153230265076,1716.1418210366194,1938.9576033498727,757.0617835325353,116.00007939338684,6.444565534591675,505.87854504585266,1490.8006228605907,1640.2315726523307,667.9187702122856,109.5046477542204,0.0,1885.2706514667063,5520.812876445171,6626.257161757525,2401.105837791106,502.2900929591235,6.44497275352478,354.0176109042822,1174.4827563313877,1395.3995679098018,547.7314786911011,122.4413480758667,0.0
"114,148",2489.8724655105943,33.25975275039673,80.49952602386475,68.64595126544728,177.10353255271912,68.67627008662504,33.25975275039673,80.49952602386475,68.64595126544728,173.88370156288147,68.67627008662504,12121.3395954852,24919.346359931722,35814.532827135154,32138.28749075778,41294.735434133865,11221.349665434222,12192.1597770934,25014.47216638116,35954.54325418191,32343.54649608089,41685.17872236663,11359.761215956072,12052.657281487596,24843.51325688362,35786.297148673664,32269.877194370012,41641.915974410374,11388.314902572072,12010.78695210756,24720.078243670745,35592.793847357985,32172.23693399336,41519.595903428395,11311.050588874257,11856.2498329574,24433.550007947284,35110.9305257339,31845.279530427037,41051.45398131444,10985.503197938322,9.658717393875122,12.88143014907837,9.661105155944824,0.0,3.220244884490967,0.0,35.42149758338928,3.2203750610351562,9.659069538116455,12.881159782409668,7.499148368835449,0.0,0.0,9.660974979400635,32.2009756565094,28.979244470596313,9.658330917358398,0.0,0.0,9.660093784332275,23.602563299852257,27.882516541200523,7.5007776400622195,0.0,0.0,12.880654096603394,41.86219882965088,67.62086915969849,28.979974031448364,16.0997371673584,6.440268278121948,3.2197399139404297,23.602040369370403,22.540411233901978,9.657696962356567,9.656381607055664,0.0
"115,148",2487.5901372402536,0.0,0.0,0.0,2.811405288471895,0.0,0.0,0.0,0.0,2.811405288471895,0.0,7216.307283274333,13142.696824976041,18974.803684193477,23731.62834563723,50343.9882704688,34277.19313999158,7180.537631320954,13134.498075907837,18994.04298518218,23865.286102343543,50564.14438765844,34506.15487820869,7183.741574335098,13174.860204670475,19016.149657269085,23869.597377616283,50657.881753772854,34489.00729762901,7196.6064908981325,13159.174410003774,18940.80876972909,23872.82785876405,50572.13462556391,34427.5490042649,7122.643905210495,13021.273637220906,18752.573408377404,23676.72809834387,50056.284709990265,33822.6358430049,0.0,0.0,0.0,0.0,0.0,0.0,0.0,0.0,0.0,0.0,0.0,0.0,0.0,0.0,0.0,0.0,0.0,0.0,0.0,0.0,0.0,0.0,0.0,0.0,0.0,0.0,0.0,2.811405288471895,0.0,0.0,0.0,0.0,0.0,0.0,0.0,0.0,0.0
"116,148",2471.39262321121,0.0,0.0,6.424624443054199,6.424054145812988,16.060465574264526,0.0,0.0,6.424624443054199,6.424054145812988,16.060465574264526,19647.968922683303,15269.233833727181,17676.061888081418,17479.630560572943,36338.49344751135,46081.962123599704,19547.56551621661,15237.123487648309,17672.862447125302,17467.589789539226,36261.6958203802,46415.76947892787,19451.603155004275,15172.469790552177,17618.249466997968,17451.444371773214,36235.35522300403,46399.97581589081,19429.122986661685,15069.67487487606,17567.255772793527,17428.95123846671,36180.82729381861,46248.16902875806,19323.116647826922,14999.801423920835,17441.235504978777,17318.98483131633,35880.185798055056,45683.30868247911,0.0,0.0,0.0,0.0,0.0,0.0,0.0,0.0,0.0,0.0,0.0,0.0,0.0,0.0,0.0,0.0,0.0,0.0,0.0,6.424624443054199,0.0,0.0,0.0,0.0,0.0,6.424054145812988,0.0,0.0,0.0,0.0,0.0,12.848330974578857,3.212134599685669,0.0,0.0,0.0,0.0
"117,148",2482.582324636991,170.1579327583313,67.42805528640747,3.2110061645507812,6.4217822551727295,0.0,170.1579327583313,67.42805528640747,0.0,6.4217822551727295,0.0,45175.34848868613,18687.15465935165,16874.878770869385,16420.081326569765,39121.66938670102,46070.643443732166,44914.89833648907,18671.096257528607,16903.764859240662,16400.839523162096,39043.82494987693,45771.743070934324,44827.367729754544,18590.833290895764,16855.6105692798,16330.624898370106,38925.061616488994,45127.38810630779,44798.03666972741,18574.769313654248,16782.58817258442,16286.387400973077,38800.283989861426,44842.21999821943,44778.69331994899,18631.71412612223,16833.513108015995,16295.995836603875,38828.74706863982,44883.86509619039,0.0,0.0,0.0,0.0,0.0,0.0,0.0,170.1579327583313,0.0,0.0,0.0,0.0,0.0,51.37262558937073,3.211163282394409,0.0,0.0,6.422290563583374,6.42197585105896,0.0,0.0,0.0,0.0,0.0,0.0,6.4217822551727295,0.0,0.0,0.0,0.0,0.0,0.0,0.0,0.0,0.0,0.0,0.0
"118,148",2171.150468985115,0.0,0.0,0.0,0.0,0.0,0.0,0.0,0.0,0.0,0.0,4491.825360452428,8903.112599835675,13533.704857438219,17200.037773824206,51985.44645234277,61760.01600885204,4501.318364619274,8861.83580009423,13445.34451381833,17123.080138898364,51783.45977803399,61026.3850459398,4523.76919484045,8868.921492786034,13442.121826476678,17155.140676951876,51774.64940552618,60823.49042247978,4530.181942938823,8885.04368207034,13475.971968165566,17196.102684303358,51863.587825010334,61182.32013180583,4514.144775866527,8906.81587800699,13541.877856753856,17287.66265971988,52082.813635472696,61702.50693195473,0.0,0.0,0.0,0.0,0.0,0.0,0.0,0.0,0.0,0.0,0.0,0.0,0.0,0.0,0.0,0.0,0.0,0.0,0.0,0.0,0.0,0.0,0.0,0.0,0.0,0.0,0.0,0.0,0.0,0.0,0.0,0.0,0.0,0.0,0.0,0.0,0.0
"119,148",640.4675605808178,0.0,0.0,0.0,0.0,0.0,0.0,0.0,0.0,0.0,0.0,188.16528805470935,308.77283869631145,473.78425862087926,712.2854000418794,2096.3270494479757,6792.265128525565,188.16649254537097,305.56842218286846,485.1872237083959,712.2880886881959,2112.343025400124,6759.84548033359,184.96461709714404,302.36854182131145,481.98751953816884,699.4793192237031,2066.0979649871006,6601.852457470987,184.96254833913318,302.3696299637065,499.407022969863,709.0849062293183,2048.2969391224433,6614.669546313379,184.96707090116016,327.99345527536724,516.8278118498185,710.4919579075832,2108.738020152671,6747.068780034197,0.0,0.0,0.0,0.0,0.0,0.0,0.0,0.0,0.0,0.0,0.0,0.0,0.0,0.0,0.0,0.0,0.0,0.0,0.0,0.0,0.0,0.0,0.0,0.0,0.0,0.0,0.0,0.0,0.0,0.0,0.0,0.0,0.0,0.0,0.0,0.0,0.0
"96,149",890.730079889056,0.0,0.0,3.2388904094696045,22.672971963882446,0.0,0.0,0.0,3.2388904094696045,22.672971963882446,0.0,31962.09338859764,19899.891534759478,5572.8843460391545,1063.6314905690213,179.69417682909497,6.4778664112091064,32529.71642216608,20458.82630824575,5713.176660914514,1112.8511862979217,224.67222957237095,6.4778664112091064,32831.52690081784,20805.98478880489,5891.320610900018,1158.1970710978787,247.34577779395906,6.4778664112091064,33099.854038034704,21257.63734886412,6095.375253815744,1174.3918771968167,263.54084782226414,6.4778664112091064,33407.1908963166,21714.74226655118,6282.015371090758,1265.0830247626584,260.30190257652134,6.4778664112091064,0.0,0.0,0.0,0.0,0.0,0.0,0.0,0.0,0.0,0.0,0.0,0.0,0.0,0.0,0.0,0.0,0.0,0.0,0.0,0.0,0.0,3.2388904094696045,0.0,0.0,0.0,16.19510793685913,3.2389237880706787,3.2389402389526367,0.0,0.0,0.0,0.0,0.0,0.0,0.0,0.0,0.0
"97,149",2505.6934070852412,0.0,0.0,0.0,6.479092121124268,3.2395436763763428,0.0,0.0,0.0,6.479092121124268,3.2395436763763428,116808.1523583459,59679.98892618537,11334.631802227916,1779.9659420920354,576.61585688591,35.63198375701904,118039.41235215898,60625.94736310829,11652.879384517668,1851.6362670169156,606.1117406845093,35.63198375701904,119349.9728508912,61477.30383239822,11869.505434465407,1906.7051273093502,612.5908721446991,35.63198375701904,119886.66503596774,62070.67410904007,11999.486759128755,1948.818337272195,615.8308466434479,35.63198375701904,120616.48534216132,62716.09724816622,12073.990596952623,1971.4932265982907,622.3095127105713,35.63198375701904,0.0,0.0,0.0,0.0,0.0,0.0,0.0,0.0,0.0,0.0,0.0,0.0,0.0,0.0,0.0,0.0,0.0,0.0,0.0,0.0,0.0,0.0,0.0,0.0,0.0,0.0,6.479092121124268,0.0,0.0,0.0,0.0,3.2395436763763428,0.0,0.0,0.0,0.0,0.0
"98,149",2506.0015647884456,0.0,16.199213981628418,84.23364448547363,213.8232400417328,187.9060673713684,0.0,16.199213981628418,84.23364448547363,204.10408687591553,187.9060673713684,101086.9285249411,97256.4863398262,21598.072726728402,1330.8139695494783,84.23410439491272,0.0,101388.329928544,97506.44475180306,21663.27512066785,1334.0538141101015,84.23416948318481,0.0,101769.4040195914,97874.55897929714,21725.237490605374,1343.7729162543428,84.23416948318481,0.0,102538.834132044,98318.41071801934,21829.315871574363,1359.9715110629213,84.23416948318481,0.0,102687.45931220337,98286.42040630976,21794.085376899384,1347.0121800273073,74.51459431648254,0.0,0.0,0.0,0.0,0.0,0.0,0.0,0.0,0.0,0.0,0.0,0.0,0.0,0.0,6.47970175743103,9.719512224197388,0.0,0.0,0.0,0.0,25.917705297470093,32.3976309299469,25.91830825805664,0.0,0.0,0.0,90.71270036697388,97.19263410568237,16.198752403259277,0.0,0.0,0.0,64.7947130203247,106.91249418258667,16.19886016845703,0.0,0.0,0.0
"99,149",2506.1556693693274,0.0,12.959746599197388,6.479884147644043,255.2321174144745,55.079456090927124,0.0,12.959746599197388,6.479884147644043,255.2321174144745,55.079456090927124,96824.89505779884,100996.90172031628,18125.152653481913,794.8602991104126,6.479820489883423,0.0,97862.09101895166,101624.64176738309,18176.99264195199,804.5801684856415,6.479820489883423,0.0,98862.10471885346,102380.35196334802,18390.830647971583,804.5802128314972,6.479820489883423,0.0,99546.54843528038,103131.20888363333,18490.5456164145,807.8201315402985,6.479820489883423,0.0,99586.15261513954,103169.77206484196,18500.26524570222,801.3402950763702,6.479820489883423,0.0,0.0,0.0,0.0,0.0,0.0,0.0,0.0,0.0,0.0,0.0,0.0,0.0,0.0,9.719823837280273,3.2399227619171143,0.0,0.0,0.0,0.0,0.0,6.479884147644043,0.0,0.0,0.0,0.0,148.31355261802673,106.91856479644775,0.0,0.0,0.0,0.0,29.15983772277832,25.919618368148804,0.0,0.0,0.0,0.0
"100,149",2495.3782406271403,0.0,6.886402631273457,29.159310340881348,97.92422795295715,3.2399842739105225,0.0,6.886402631273457,29.159310340881348,97.92422795295715,3.2399842739105225,69145.71334278256,58714.70344205746,9591.983714865702,496.1617201720967,40.35307474323348,0.0,70383.70593869733,60325.32119693476,9812.303296135922,505.88171519391676,37.11316914745406,0.0,71834.08332951303,61748.0717672479,9973.083232441137,509.1217104350819,40.35307474323348,0.0,73122.86225462054,63259.92511760114,10116.773470691607,502.64172758214613,40.35307474323348,0.0,73784.92347556751,63907.42693063699,10175.093473009036,512.3616322433247,40.35307474323348,0.0,0.0,0.0,0.0,0.0,0.0,0.0,0.0,0.0,0.0,0.0,0.0,0.0,0.0,6.886402631273457,0.0,0.0,0.0,0.0,0.0,25.9193172454834,3.239993095397949,0.0,0.0,0.0,0.0,84.96423101425171,12.959996938705444,0.0,0.0,0.0,0.0,0.0,3.2399842739105225,0.0,0.0,0.0,0.0
"101,149",2438.591975602635,12.958520412445068,25.91806197166443,61.55490159988403,38.8771767616272,32.39715099334717,12.958520412445068,25.91806197166443,61.55490159988403,38.8771767616272,32.39715099334717,54860.25526203922,86731.2737336701,23237.89556515451,2215.462382548463,718.2779301521825,22.67856788635254,55071.61888569664,86880.29975920377,23263.407581873504,2205.7176535877525,711.7981582996892,22.67856788635254,55110.328637144616,87058.0246603386,23295.804790564147,2199.237656906539,722.584376446406,19.438698053359985,54974.94784672027,87310.16723888527,23319.628171586988,2238.116242006713,717.2098063543731,19.438698053359985,55225.457842985794,87360.6063093578,23342.24355643403,2225.1567374023734,707.4900030210906,19.438698053359985,0.0,0.0,0.0,0.0,0.0,0.0,0.0,3.2396419048309326,3.2396252155303955,6.47925329208374,0.0,0.0,0.0,12.959018230438232,9.719205856323242,3.239837884902954,0.0,0.0,0.0,16.19875478744507,38.876708984375,6.479437828063965,0.0,0.0,0.0,9.719440221786499,25.91793656349182,3.239799976348877,0.0,0.0,0.0,12.959138870239258,16.1983540058136,3.2396581172943115,0.0,0.0,0.0
"102,149",2482.6446331817488,16.197595357894897,249.44154405593872,106.90185046195984,178.16597390174866,223.10445279233596,16.197595357894897,249.44154405593872,106.90185046195984,171.68700623512268,223.10445279233596,55584.63641101425,131883.69971175477,35258.91139580595,4864.8270782349155,1393.3573776301216,181.40268778800964,51387.74217662343,131663.4286643477,35186.03388345849,4855.109749924903,1393.3573776301216,181.40268778800964,51290.96231372964,131554.4894566106,35208.70883572709,4863.6206429350605,1395.517158688751,187.881511926651,51363.449736336166,131647.21478316552,35171.04359049423,4879.818392072939,1423.593365690755,187.88149976730347,51363.45225783984,131607.11976993133,35179.94756129676,4873.338717972063,1417.1141557908527,187.88149976730347,6.479093790054321,3.239506959915161,0.0,0.0,0.0,0.0,9.718600749969482,0.0,16.197595357894897,0.0,0.0,0.0,0.0,90.7064254283905,152.2564513683319,6.478667259216309,0.0,0.0,0.0,12.957493782043457,77.74730181694031,16.197054862976074,0.0,0.0,0.0,45.35002303123474,100.42142462730408,19.43669080734253,6.478867769241333,0.0,0.0,104.4647363354178,102.44259340622845,16.197123050689697,0.0,0.0,0.0
"103,149",2503.156890148525,9.71550726890564,232.10721032759722,29.95947174838945,146.957214902429,476.52316494736016,9.71550726890564,232.10721032759722,29.95947174838945,137.24130494454326,473.2845282152587,45378.6918657228,117474.39565783669,44350.521233801745,5776.289451744977,482.5850820541382,9.716488122940063,43622.79665740892,117415.79902828722,44376.02707677729,5782.766655114117,485.8240022659302,9.716488122940063,43475.34589944727,117477.71738329869,44415.65928103877,5779.527973797742,485.8240022659302,9.716488122940063,43512.556425092735,117704.86049758126,44474.36902758654,5776.289609816495,482.5850820541382,9.716488122940063,43431.193305618624,117797.98409612973,44461.01012256098,5798.961289790097,482.5850820541382,9.716488122940063,9.715304374694824,35.6236937046051,16.19286298751831,0.0,0.0,0.0,61.53186106681824,6.47707724571228,3.2384300231933594,0.0,0.0,0.0,0.0,77.01277084444084,135.66140911625882,19.433030366897583,0.0,0.0,0.0,6.47685432434082,13.766692445792405,9.715924978256226,0.0,0.0,0.0,36.03015052384021,72.06356354507746,29.14759087562561,0.0,0.0,0.0,132.83044995139628,214.15055138550554,119.8264536857605,6.4770731925964355,0.0,0.0
"104,149",2371.724362980385,382.0855262279511,4867.922962659014,1909.9733361777135,1629.4061661748324,1786.4284609439324,382.0855262279511,4864.684747689379,1906.735163885004,1626.1680654076968,1779.9519404056023,33630.82944450472,110237.14658058577,66707.1260662266,12892.581385800419,1852.8386923621683,12.95128846168518,33619.791186011076,110011.56441812609,66599.19233928008,12876.390880057392,1849.6011466334849,12.95128846168518,32956.677020094445,107561.95919476957,65183.39491407451,12691.82131285387,1849.6000568221598,12.95128846168518,32724.11551460659,106598.75151149901,64624.961289604034,12610.86766762453,1839.8855184863596,12.95128846168518,32539.84616028562,105847.80424703898,64117.66348278476,12562.297047087726,1830.1724371264963,12.95128846168518,42.096744537353516,201.8458882967631,105.78177841504414,12.953059673309326,0.0,0.0,362.6774709224701,38.858012437820435,206.15558179219562,120.88208190600078,16.189850091934204,0.0,0.0,732.366621945886,2488.4626709807153,1420.431253751119,210.47247862815857,12.951722383499146,0.0,244.38123080122705,991.6732942497028,570.3016028843675,97.14088845252991,3.238147497177124,0.0,184.57110452651978,827.4435954280929,546.1556683381398,58.28421664237976,9.713480472564697,0.0,287.92039885240445,892.9985153347839,505.1309163570404,87.42592120170593,6.476188659667969,0.0
"105,149",2442.9376407334594,1613.9291915267122,4941.864828754873,1577.1405089892592,1534.7742006816115,2005.9535486333511,1575.083227333368,4925.679262091131,1570.6660004653181,1531.5371062792983,1993.0047449700974,32086.608266084335,77432.09462868466,59057.74420359929,22183.441799456465,9396.58705210125,928.9078652858734,31800.20553025545,76646.61113463943,58479.51914713336,22105.745417649137,9432.598934199765,928.907924413681,31016.00670701663,74675.88726159545,56843.35616286876,21736.68945770918,9513.521082904294,932.1445779800415,30867.493559145456,74176.71396261008,56524.18443990595,21717.26317315756,9500.57334718985,938.6172804832458,30550.749467549602,73472.64612803084,56203.193773001316,21572.407623120846,9445.547630408233,928.9076080322266,204.17790577551898,681.9244718186995,334.4948726710151,80.92971873283386,9.711498737335205,0.0,1311.2384677354025,249.25944232940674,656.1350031338486,546.6766899950364,123.0120918750763,0.0,0.0,808.2003955476424,2054.3151760494006,1694.1121234164518,359.3395049571991,9.712062120437622,0.0,237.38194952572093,711.7743622592851,511.443400924346,90.64336371421814,19.422924041748047,0.0,339.91346621513367,727.6311086635965,379.82404480541453,80.93138837814331,3.237098217010498,0.0,488.81701588630676,911.7799994580887,479.1057782173157,110.06446027755737,3.2374911308288574,0.0
"106,149",2465.261159535673,340.45454440864864,1282.234731283375,406.217105737387,495.09371425684765,888.4705593324176,340.45454440864864,1282.234731283375,406.217105737387,495.09371425684765,883.2172535886953,71188.10509811009,88027.79869659367,35542.58872915342,7487.758202532224,1877.486642931957,119.4607596210405,70911.45040463748,87461.68857821856,35254.24371438587,7465.102308252744,1871.0549475604414,119.4607596210405,70850.97049266404,87224.77674241252,35153.38358027888,7403.633118847302,1861.347273057115,119.4607596210405,70758.2676265941,86975.18331609145,35121.42778243832,7380.982137182645,1848.4059733802198,119.4607596210405,70553.23297282482,86469.89863445806,34901.978052306644,7331.942177476132,1836.6812856692893,119.4607596210405,961.7050478972641,993.0994445389392,301.632014615863,35.58891940116882,3.235278367996216,0.0,2295.2607048212312,116.47032475471497,139.11848855018616,78.39535771164239,6.4703733921051025,0.0,0.0,325.8035020903045,629.6665986369637,278.235271692276,48.529358863830566,0.0,0.0,120.43119945526124,201.66796418732287,61.47092843055725,22.647013664245605,0.0,0.0,132.65079188346863,289.24743989215176,57.019270647273345,16.176211833953857,0.0,0.0,314.5458740234375,404.14323002871345,151.58715670436035,9.705773830413818,3.2352190017700195,0.0
"107,149",2437.646713641568,1358.2327923382031,3315.40219855963,1123.6922729249095,1563.2644084752776,2338.8383896491105,1345.2960953319775,3306.548664334241,1113.9892776246165,1560.0293749631621,2329.1352448603684,66806.81859845927,89318.16459099918,38653.689981359596,9054.095368428323,1356.0715405295878,3.234636068344116,66594.4300903208,89044.05304572068,38493.59586348908,8966.358613158207,1336.6642450641184,3.234636068344116,65793.44391341864,87608.03604649282,37875.38544176419,8866.084116602879,1307.5544995616465,3.234636068344116,65592.78908738903,87167.24268379678,37695.863132108425,8846.678419257145,1300.6771100885728,3.234636068344116,64997.89007530588,86463.36995026926,37459.36421854824,8794.52415671629,1290.9746106989244,3.234636068344116,4966.994751052296,4748.305174870585,1972.556740062377,511.37954375977614,87.32788300514221,0.0,12286.564092750175,390.2687016103782,559.1468418738422,285.5037869359933,81.26706280147329,29.109702110290527,0.0,1003.6023990201015,1509.2560983311896,654.6035025447022,116.44470572471619,22.641958713531494,0.0,319.47794756889346,505.8391155205521,233.2798204272401,48.51752471923828,6.874869388692519,0.0,488.990214510525,730.6394955803366,285.0121638728123,45.68407177738115,9.703429222106934,0.0,750.065529904646,1195.3634037578806,302.8441073614008,64.68865656852722,16.17354726791382,0.0
"108,149",2489.041279052111,1914.9325500450882,2721.9875244804457,909.6673140600616,1965.1915616933038,852.237499072505,1872.901374908522,2718.7540909954146,899.968657024234,1958.727143758886,839.3070576929579,51010.841742120065,78775.62790120816,46135.70480890086,17720.685265276476,4092.215585095275,29.092002868652344,50551.54854731185,78376.40844094145,46110.1757608077,17620.078311594792,4079.2890790527945,29.092002868652344,49927.68281564245,77428.44099417292,45706.99834215219,17405.993487372114,4064.345998018863,29.092002868652344,49723.68980479334,77200.86491449768,45559.488629039115,17351.040913834287,4054.6512138544344,32.32530164718628,49036.66247407407,76418.59618193308,45135.192288409016,17182.94447542639,4025.558223217609,35.55850076675415,5233.400865942824,6529.121792782988,4046.0219973190165,1306.0476035510792,261.8346757888794,0.0,17376.426935384785,679.1431539432675,766.1575653553009,281.7364520961163,132.93545132992313,12.928752183914185,0.0,870.457398777382,1158.1174732161503,447.72650217448967,216.59288096427917,25.859835863113403,0.0,281.2723500728607,356.02927801749286,198.01120832574134,58.19060516357422,6.465215444564819,0.0,638.1285663707583,754.4673320601969,420.6610981950573,132.53936576843262,12.930781364440918,0.0,300.65311074256897,326.9121711291519,175.37146378217957,29.904362026850382,6.465950012207031,0.0
"109,149",2499.2379151447485,1819.1213371753693,1270.6303141145145,168.0176055431366,711.2679361446231,520.6146189250198,1796.50315117836,1260.9368202714359,164.78640604019165,701.575112734589,517.3836428202835,27384.358576052804,67881.63193594801,57096.62101948494,25582.316172531548,6481.373860133863,148.63663911819458,27448.934059136525,67600.37569124652,56778.49369271877,25513.000000815304,6500.754532588697,151.8668496608734,27554.465747105845,67892.09853361074,56838.53340284216,25645.78138577144,6571.838094009137,161.5611972808838,27881.767209173653,68386.04790993017,57135.76241676199,25711.836292925072,6591.219584478116,168.02290034294128,27972.622452235693,68282.92426211787,57016.772083676085,25653.6756891634,6562.1398551594975,164.79248428344727,261.7481179237366,595.3761384384304,506.0324933454102,201.0806660708259,9.695353269577026,0.0,1573.9327690479802,180.94432091712952,736.695193529129,672.071460723877,193.8671543598175,12.925021648406982,0.0,142.16556310653687,575.9499197034274,452.35209465026855,80.77667140960693,9.69257140159607,0.0,25.84832262992859,45.23520827293396,51.69781446456909,42.00506067276001,0.0,0.0,48.469242811203,329.9906148059695,219.71824955940247,96.93458008766174,6.462425470352173,0.0,61.39083170890808,265.35836735145716,148.63113355636597,42.003310203552246,0.0,0.0
"110,149",2497.7053347657866,7431.765130974265,6164.567812860713,1890.7193600682654,2465.6444736695757,1682.8773231590494,7347.828291632148,6087.2378141206855,1793.8624894170202,2407.5313504910937,1621.5351684177622,33368.34813070671,48325.532006289905,29350.425340843198,10424.006514613768,2830.0167301598717,50.45450533698587,31857.390066927557,46007.20855849677,27974.112838362707,9836.501280565823,2760.060200326583,50.45450533698587,30712.5608292589,43787.77223740746,26904.099125404915,9478.13325621661,2736.007601193821,50.45539988349466,30591.83215346336,43698.260855729895,26864.369836497775,9561.784438815772,2777.9857367796058,50.45539988349466,30289.652841099567,43359.46162712901,26663.413106349864,9506.90479799813,2792.519774482764,56.91466940711526,7733.326331416298,13392.134471898924,8747.146211444633,3560.1211295773,803.8242858129389,0.0,34236.55243015008,2075.9782433509827,2846.190939176784,1707.8540804862978,630.6350166208604,87.1700119972229,0.0,1556.7405603633206,2608.773968999526,1345.9644293925342,458.46573138237,114.06458093979779,3.2285430431365967,639.2712638378143,688.7677010900834,320.6884375628303,119.30614081270554,25.828946113586426,0.0,758.735901594162,960.8454692560084,542.2584747707142,122.6870813369751,23.004423533233943,0.0,472.1669931495891,616.6607620716095,364.8227620124817,132.3679006099701,35.51675057411194,0.0
"111,149",2496.0214642460605,6640.896452258616,4235.3766673808,2243.9920695435767,5679.477143550386,1722.4278912852792,6460.156818936854,4115.456970921685,2179.4442446839575,5498.77385690259,1659.096792866202,16791.062143554875,40084.66714459027,38749.955567134595,22830.402405446188,15137.139668238398,3272.7832104084537,15696.998105299708,37811.61313637752,37016.16762081689,22096.907355528252,14946.075381899815,3245.745276511884,15084.837672369153,36471.22332239618,36082.15267138201,21669.004403644452,14847.100351000767,3233.6484730496127,14898.723017112883,35706.305228940175,35649.97889762672,21530.3666982015,14788.197180616153,3248.568007825403,14250.286327994103,33532.81663326002,33885.65392046909,20709.942557590148,14544.162750911713,3205.824408834121,6272.588974917169,12342.637643534532,9044.770494187112,4388.219525013718,1889.2281319421882,90.36006546020508,34027.80483505492,1137.3794868450539,2441.9534746413137,1848.5567200698106,795.8911216698441,220.23987846374513,16.13613724708557,699.2840393739589,1567.0589126082027,1125.7499722003936,550.1699940429014,157.05828142166138,16.13577127456665,325.93450951576233,884.7172468222825,622.5527366516637,262.3325101113787,80.67974185943604,3.2274997234344482,696.8485224050634,2086.7744223286127,1712.3541338939292,781.3410905978259,198.86719528366538,22.588492393493652,248.4881775379181,560.2936219215393,551.4014472372392,189.18816455672768,96.81594467163086,12.90943694114685
"112,149",2494.1868626135115,5157.027090298896,5078.625036285438,2623.214667510051,20653.893162061653,1454.5348097670312,4941.748109966165,5030.269574687995,2597.4247817506975,20563.62006383129,1422.2931334364648,27307.57893846923,52790.802160765146,57036.78227271565,29709.887182693852,19081.521761322954,3052.7769468933934,26347.387132553024,51080.12403489748,55320.510942144014,28944.41834635454,18935.572867718864,3010.863372812084,25593.631292250575,49602.63048092336,53687.8449150525,28270.033309182934,18721.140262494366,2991.5174315069235,25368.714876772374,48775.86141692236,52793.829426670076,27964.136753441308,18671.09746208378,3022.5564283155927,22147.814650293425,41760.41267536949,45249.68705910514,25051.478067189568,17806.19203014935,3006.4473162912855,2526.3059839164516,4929.295044111737,4633.1986218265465,1737.3836708900974,487.2352795815935,35.46585249900818,14348.884452825432,628.0320690444871,1691.7039259377646,1684.3901519550998,723.5456674416861,189.49648822429134,24.579807362836952,729.9403609341266,1580.6777928043812,1729.3879435286801,727.110831529954,243.80590826763827,19.34673762321472,347.83681429694684,846.8354704641829,935.9504415951524,344.59740575154626,112.5324680365768,9.672181606292725,3027.7892172261777,6772.408654082055,7238.208599002689,2735.676626297072,766.9669174605725,22.57004976272583,164.4396231174469,515.866286277771,472.3739172888737,211.57970141523023,54.80988335609436,3.223721981048584
"113,149",2492.068494081988,10464.788546956754,8174.477956640954,5380.810210375693,13744.369619105844,2693.6737373856936,10109.21685088382,8103.5916830184415,5355.037297873404,13634.823826049356,2629.2335728196535,25081.77813201418,49135.57474502955,40985.41587166786,16818.953644262576,5906.9729290924815,437.86176294719473,23058.78882402532,44956.50243608344,38041.619729154256,15735.833746660459,5715.738074688818,431.41579861079947,21392.618170738217,41773.590799927246,35389.17627823399,14679.379737070496,5416.9189131559115,412.07854933177725,20067.684410438353,39485.3549893426,33712.516875022055,14137.742875491873,5235.358753149181,412.07787413036124,17369.668850334954,34370.19930778765,29058.322108351953,12241.922989047745,4765.229414208729,390.7292200453141,18818.549320204114,27862.709492340276,18242.965115933326,6713.170252744825,1770.7470857395845,32.22335433959961,73440.36462130172,1848.9006510323168,3927.3270038707587,2970.802347177618,1135.5081000131718,220.23366159551284,6.445087194442749,1418.118125223646,2825.1006076569656,2550.5660352632112,1017.7816749189413,279.133726608052,12.891513347625732,1192.513456212773,1983.4834858884997,1519.4765868775985,490.88897556604127,165.45172604486052,3.223067283630371,2414.1631880657346,4650.366568057677,4380.338652282602,1775.8084709606924,392.8001026714549,21.346844011194566,497.6557248068791,924.3889077682121,820.5488307055305,283.5359034538269,103.10420608520508,0.0
"114,149",2490.058698857438,5054.225326633454,4539.6576602487,2634.228836973976,2564.8401112949145,965.5578509975882,5034.908079004288,4536.437628033582,2621.3500442112195,2548.738995591332,939.7971588779898,28864.719108280482,51648.630021008335,49734.70722292919,28907.24451209891,30468.1174462468,16620.470007186777,28074.842898064973,49895.22832009934,47970.92803981912,28140.975407090842,30233.541022233403,16503.190111467884,27357.66011562348,48305.76635984347,46234.161662932005,27433.002215605156,30030.5445457926,16416.29354913001,26888.83305130286,47389.6128175296,45335.33089719286,26998.437684278862,29801.439335466835,16228.202090501783,26253.91604385937,46075.858007950876,44123.67957894755,26512.495637067157,29263.705694704433,15683.268346977231,1817.0907441840452,3105.9744420332067,2064.910851972243,537.653662925608,55.79314478425418,3.217837333679199,7584.640683233037,705.0917830467224,1697.589528016483,1725.5369205474854,742.527976437176,160.9440655708313,3.2178053855895996,673.8699329712812,1458.305493593216,1604.1522398808424,656.4782330849591,137.1951039763058,6.436624526977539,457.1598973274231,859.4135306274189,834.8020345379324,344.4343509674072,119.10357451438904,6.43665623664856,458.2450153126436,928.3858728436862,855.3371311159694,267.0797840090359,36.47199551357943,3.2191967964172363,130.91933012569652,348.7911314992344,318.4335691059337,109.459792137146,32.19333600997925,0.0
"115,149",2471.339415576099,0.0,3.2161061763763428,3.217442274093628,3.2173991203308105,0.0,0.0,3.2161061763763428,3.217442274093628,3.2173991203308105,0.0,6811.51434079806,14931.975888359779,21666.60825290306,29309.810592240916,71455.598710306,60860.990523368244,6837.242629448573,14983.423129904502,21711.61783256157,29345.18591052972,71569.78251326317,60866.4139449559,6838.684822659398,14995.22465443985,21700.178994102105,29306.58663684808,71664.21400987306,60598.1944002058,6845.10525260439,15020.543242771484,21705.89026728144,29281.409348878675,71494.76299942895,60059.325863826045,6812.938894610311,14938.03540159487,21609.541561557737,29149.769744718782,70988.06120481866,58811.57125063878,0.0,0.0,0.0,0.0,0.0,0.0,0.0,0.0,0.0,0.0,0.0,0.0,0.0,0.0,0.0,0.0,3.2161061763763428,0.0,0.0,0.0,0.0,0.0,0.0,3.217442274093628,0.0,0.0,0.0,0.0,0.0,3.2173991203308105,0.0,0.0,0.0,0.0,0.0,0.0,0.0
"116,149",2485.3449191457626,0.0,6.4236695766448975,0.0,3.213052272796631,0.0,0.0,6.4236695766448975,0.0,3.213052272796631,0.0,7351.309194779863,10216.592343462216,13798.15495252329,17179.22156800195,50569.09674196991,69265.10966781728,7409.549186369952,10268.013983381497,13896.555020262216,17324.24041389764,50888.40667731716,69784.01820974256,7472.595971402,10350.84883159189,13999.374442984079,17423.86213707269,51252.287526560765,70291.6280331724,7504.722340163063,10408.699387727067,13995.441753070496,17474.06530988824,51348.6974997053,70379.56246401375,7552.894591864418,10411.210137535547,14020.42645427199,17510.632655538295,51310.61346564386,70271.52290862775,0.0,0.0,0.0,0.0,0.0,0.0,0.0,0.0,0.0,0.0,0.0,0.0,0.0,6.4236695766448975,0.0,0.0,0.0,0.0,0.0,0.0,0.0,0.0,0.0,0.0,0.0,0.0,0.0,0.0,0.0,0.0,3.213052272796631,0.0,0.0,0.0,0.0,0.0,0.0
"117,149",2456.679457861985,0.0,3.209707498550415,0.0,0.0,0.0,0.0,3.209707498550415,0.0,0.0,0.0,9078.580208645615,8507.645515725193,8879.929315776451,9648.396470794492,30374.749574937072,69834.87826132962,9107.860439682941,8491.595846936283,8869.577904899448,9648.393141517454,30386.606458942562,69677.17681377729,9160.004876983867,8549.350825354633,8899.264376799265,9716.19129935433,30540.386758339642,70120.65211037468,9173.244853245978,8552.158375320249,8910.786440366857,9729.021664773718,30549.23131854768,69928.60664467438,9157.19783098651,8493.208888479308,8885.510493659038,9713.8831247872,30549.225419833616,69687.7093419019,0.0,0.0,0.0,0.0,0.0,0.0,0.0,0.0,0.0,0.0,0.0,0.0,0.0,3.209707498550415,0.0,0.0,0.0,0.0,0.0,0.0,0.0,0.0,0.0,0.0,0.0,0.0,0.0,0.0,0.0,0.0,0.0,0.0,0.0,0.0,0.0,0.0,0.0
"118,149",2453.5216426604643,0.0,0.0,0.0,0.0,0.0,0.0,0.0,0.0,0.0,0.0,18080.413405641855,14685.545024343566,15802.69776744001,15690.85920823041,37681.64765670159,62212.85794782358,18053.38167763037,14643.867583700256,15813.034837201063,15699.036714351878,37664.61924718689,62290.16199154853,17982.828536513272,14608.188309076722,15809.837264731352,15710.785584988313,37831.34791075202,62899.72829044847,18011.689683440152,14649.864834907945,15838.695894434873,15733.245355667786,37949.357053986714,63249.551517643646,18005.26667928976,14666.295903462991,15859.699982749715,15758.179198262269,37997.36104487063,63348.65372684422,0.0,0.0,0.0,0.0,0.0,0.0,0.0,0.0,0.0,0.0,0.0,0.0,0.0,0.0,0.0,0.0,0.0,0.0,0.0,0.0,0.0,0.0,0.0,0.0,0.0,0.0,0.0,0.0,0.0,0.0,0.0,0.0,0.0,0.0,0.0,0.0,0.0
"119,149",1097.960873263516,0.0,0.0,0.0,0.0,0.0,0.0,0.0,0.0,0.0,0.0,1558.2800095212226,3800.3495142272877,4835.24504532814,5692.596000875212,15764.430469568104,28750.716271508907,1537.6547615266313,3783.251684161729,4819.057130801444,5664.182954693776,15734.189937466266,28707.436423442876,1547.264449331807,3802.4675726619425,4843.584745148117,5681.445652348388,15776.166025840534,28605.990294581767,1545.3794485840142,3799.337839845583,4847.1839353337,5683.148979034611,15822.066827961044,28707.841881815588,1564.5991408142388,3827.3133054808077,4877.3945030735995,5723.321749080396,15913.01558640611,29044.916833532556,0.0,0.0,0.0,0.0,0.0,0.0,0.0,0.0,0.0,0.0,0.0,0.0,0.0,0.0,0.0,0.0,0.0,0.0,0.0,0.0,0.0,0.0,0.0,0.0,0.0,0.0,0.0,0.0,0.0,0.0,0.0,0.0,0.0,0.0,0.0,0.0,0.0
"120,149",105.60161894350091,0.0,0.0,0.0,0.0,0.0,0.0,0.0,0.0,0.0,0.0,265.0993343110178,596.3632840829737,762.6764336015665,965.1580130726683,2123.263620679518,3466.0938271662776,265.0993343110178,594.2673145378337,765.8764567758524,961.7948401516559,2117.9673025187317,3462.1278534262797,261.52280943627454,597.4673801506267,763.7674274912068,971.3950932568195,2140.369316297418,3455.061459503923,261.52280943627454,597.4673801506267,757.3671546449849,971.3950932568195,2153.1701576289,3480.663454018388,264.7229034208784,597.4673801506267,760.5674465170094,974.5952153748157,2164.8290452714054,3493.63970231075,0.0,0.0,0.0,0.0,0.0,0.0,0.0,0.0,0.0,0.0,0.0,0.0,0.0,0.0,0.0,0.0,0.0,0.0,0.0,0.0,0.0,0.0,0.0,0.0,0.0,0.0,0.0,0.0,0.0,0.0,0.0,0.0,0.0,0.0,0.0,0.0,0.0
"92,150",155.6668686079585,0.0,0.0,0.0,0.0,0.0,0.0,0.0,0.0,0.0,0.0,4449.958081843806,413.7367938527874,47.91171615357493,9.703932762145996,1.6743651670568132,10.110107473298616,4501.624970894234,423.3270588154886,44.676978757334695,9.703932762145996,1.6743651670568132,10.110107473298616,4692.447297513251,423.3270588154886,44.676978757334695,9.703932762145996,1.6743651670568132,10.110107473298616,4745.357524869021,416.8570003743265,44.676978757334695,9.703932762145996,1.6743651670568132,13.34483938591153,4779.604781149883,413.6218619580362,41.44223110909556,9.703932762145996,1.6743651670568132,13.34483938591153,0.0,0.0,0.0,0.0,0.0,0.0,0.0,0.0,0.0,0.0,0.0,0.0,0.0,0.0,0.0,0.0,0.0,0.0,0.0,0.0,0.0,0.0,0.0,0.0,0.0,0.0,0.0,0.0,0.0,0.0,0.0,0.0,0.0,0.0,0.0,0.0,0.0
"93,150",583.9467497501057,0.0,0.0,0.0,0.0,0.0,0.0,0.0,0.0,0.0,0.0,14091.074669951084,7525.607624528922,1832.637435276368,155.32840567196115,29.12698221206665,0.0,14251.767152603,7686.1285141253,1903.9258719734119,155.6713128819185,32.36334300041199,0.0,14472.988652761307,8136.494730835335,2098.5385910716714,191.27125938078936,29.12698221206665,0.0,14943.821353403726,8975.710188664641,2490.108153708776,239.81504972121294,25.89063000679016,0.0,15218.453229695675,9559.896633919549,2786.211348264358,259.23204810759603,25.89063000679016,0.0,0.0,0.0,0.0,0.0,0.0,0.0,0.0,0.0,0.0,0.0,0.0,0.0,0.0,0.0,0.0,0.0,0.0,0.0,0.0,0.0,0.0,0.0,0.0,0.0,0.0,0.0,0.0,0.0,0.0,0.0,0.0,0.0,0.0,0.0,0.0,0.0,0.0
"94,150",482.2867245907572,0.0,0.0,0.0,0.0,0.0,0.0,0.0,0.0,0.0,0.0,13342.591999268065,5695.185769898284,1189.0631461910173,105.18542730948505,12.946380853652954,3.236553430557251,13447.573248835171,5922.189619632796,1308.3052357785841,137.2068987902473,19.419808864593506,3.236553430557251,13995.340692452823,6206.283308088078,1416.2913198835708,143.6795674380134,19.419808864593506,3.236553430557251,13993.720541738061,6295.8302057528035,1463.6113418261207,150.15327821338877,16.183096885681152,3.236553430557251,14028.171035252364,6447.093461264816,1513.3772704900477,163.09961329067454,16.183096885681152,3.236553430557251,0.0,0.0,0.0,0.0,0.0,0.0,0.0,0.0,0.0,0.0,0.0,0.0,0.0,0.0,0.0,0.0,0.0,0.0,0.0,0.0,0.0,0.0,0.0,0.0,0.0,0.0,0.0,0.0,0.0,0.0,0.0,0.0,0.0,0.0,0.0,0.0,0.0
"95,150",612.3096162269285,0.0,3.238164186477661,0.0,0.0,0.0,0.0,3.238164186477661,0.0,0.0,0.0,12670.781393232532,13392.91790978114,5339.374000413744,2798.8639606887227,3112.871477203743,1135.068041268517,13477.766466514737,14187.649665699753,5537.0551752399,2840.9605051928884,3224.598524473228,1185.2679251455793,13629.916271785662,14264.914084014707,5538.816711218216,2776.1963066512467,3214.884127519645,1194.982417228175,13854.125528072846,14405.582095721189,5488.473890530829,2763.243890708101,3198.6926630955118,1199.8332922103357,14196.479882352492,14460.068702509823,5436.646017560772,2740.5760428363205,3211.6449946384805,1169.0766824591394,0.0,0.0,0.0,0.0,0.0,0.0,0.0,0.0,0.0,0.0,0.0,0.0,0.0,0.0,3.238164186477661,0.0,0.0,0.0,0.0,0.0,0.0,0.0,0.0,0.0,0.0,0.0,0.0,0.0,0.0,0.0,0.0,0.0,0.0,0.0,0.0,0.0,0.0
"96,150",1857.527543350635,77.73396182060242,176.3379637774299,64.77939820289612,6.477930545806885,0.0,77.73396182060242,176.3379637774299,64.77939820289612,6.477930545806885,0.0,78893.12153247758,56064.470295056184,7462.983487835118,754.8998768376368,189.61356438935974,10.807388228061154,79622.36011305696,56587.76068198728,7626.547823655372,788.4943946155846,196.0904580527661,10.807388228061154,80214.58035705042,57113.09314515077,7599.023930026971,760.9712018134546,192.8520296985028,10.807388228061154,80401.05513994927,57256.76623666801,7651.060350547118,760.9710709216547,186.3745521479962,10.807388228061154,80770.48048696893,57843.55210551843,7770.134665538751,764.2111195685816,183.13620867074707,7.56898562300439,0.0,0.0,0.0,0.0,0.0,0.0,0.0,48.583690881729126,29.15027093887329,0.0,0.0,0.0,0.0,108.31952806080089,68.01843571662903,0.0,0.0,0.0,0.0,51.82354378700256,12.955854415893555,0.0,0.0,0.0,0.0,6.477930545806885,0.0,0.0,0.0,0.0,0.0,0.0,0.0,0.0,0.0,0.0,0.0
"97,150",2505.8810627936346,0.0,189.66766802002402,59.92321673468047,9.71773886680603,0.0,0.0,189.66766802002402,59.92321673468047,9.71773886680603,0.0,141886.62903325883,48510.41675520037,4861.095075823279,372.68665158234387,68.0265462398529,0.0,142618.73950307694,49087.024295569405,4996.323703420864,385.6439849086836,74.50513911247253,0.0,143394.9701193267,49425.43223497821,5077.311140430676,395.36201202355176,77.74446105957031,0.0,143918.8722472415,49578.16525519689,5096.749594104992,395.36199056587964,77.74446105957031,0.0,144741.4862693805,50031.15955879642,5241.798932597217,414.7983399578169,80.98397040367126,0.0,0.0,0.0,0.0,0.0,0.0,0.0,0.0,0.0,0.0,0.0,0.0,0.0,0.0,160.51469627548667,29.152971744537354,0.0,0.0,0.0,0.0,56.68364420965606,3.239572525024414,0.0,0.0,0.0,0.0,3.2392430305480957,6.478495836257935,0.0,0.0,0.0,0.0,0.0,0.0,0.0,0.0,0.0,0.0
"98,150",2506.189312794903,0.0,236.4762589968887,204.10849356651306,463.2938370704651,489.2113118171692,0.0,236.4762589968887,204.10849356651306,463.2938370704651,489.2113118171692,154276.05862246867,61752.32277440089,6799.266636746538,448.28014767684186,12.959220170974731,0.0,154336.82689050786,61848.3082120138,6799.266106742037,448.28015125312055,12.959220170974731,0.0,154496.23987172628,62025.35983366499,6831.662595408571,451.5201090625688,12.959220170974731,0.0,154554.60744649475,61941.843292509344,6834.901399033678,457.99946010626996,12.959220170974731,0.0,154362.00959191227,61811.52358598242,6825.905358537973,454.7597943595811,12.959220170974731,0.0,0.0,0.0,0.0,0.0,0.0,0.0,0.0,0.0,0.0,0.0,0.0,0.0,0.0,171.68207955734403,55.07525372505188,6.4792914390563965,3.2396342754364014,0.0,0.0,100.43413519859314,97.19470381736755,6.479654550552368,0.0,0.0,0.0,304.5428626537323,145.79184412956238,9.719496011734009,3.2396342754364014,0.0,0.0,314.26145577430725,165.2303683757782,9.71948766708374,0.0,0.0,0.0
"99,150",2506.3434636553598,0.0,66.41260191132041,25.919350624084473,68.03834700584412,51.83878302574158,0.0,64.79895567893982,25.919350624084473,68.03834700584412,51.83878302574158,125205.38386730397,86626.27732727015,14697.555106649212,573.4748659133911,0.0,0.0,125920.66732731332,87380.23027169284,14781.070823201946,570.2349236011505,0.0,0.0,126456.9668136662,88029.19566260412,14862.070845374874,573.4749610424042,0.0,0.0,126940.62823400964,88867.56729462194,14985.19061423283,573.4750111103058,0.0,0.0,127172.447128395,89211.00721576261,14994.911085614971,579.9548993110657,0.0,0.0,0.0,0.0,0.0,0.0,0.0,0.0,0.0,0.0,0.0,0.0,0.0,0.0,0.0,42.119110107421875,19.439862489700317,3.239983081817627,0.0,0.0,0.0,12.959709882736206,12.959640741348267,0.0,0.0,0.0,0.0,22.679458379745483,25.919387817382812,19.43950080871582,0.0,0.0,0.0,38.879162311553955,12.959620714187622,0.0,0.0,0.0,0.0
"100,150",2506.343463655387,0.0,25.919793844223022,6.479947090148926,152.27886533737183,100.43938970565796,0.0,25.919793844223022,6.479947090148926,152.27886533737183,100.43938970565796,94904.75516638477,83834.62429525617,11635.143486533447,385.5578486919403,9.719899654388428,0.0,97543.19671888353,87014.88310718536,12047.346314225479,395.27784752845764,9.719899654388428,0.0,99124.74325502342,88086.0862187666,12187.873236675825,404.9978668689728,9.719899654388428,0.0,100409.28270218609,89609.00511425243,12414.672322054472,411.47795152664185,9.719899654388428,0.0,100790.49353031647,90372.89229772138,12528.084675587861,404.9979524612427,9.719899654388428,0.0,3.239936351776123,0.0,0.0,0.0,0.0,0.0,3.239936351776123,0.0,0.0,0.0,0.0,0.0,0.0,16.199882984161377,9.719910860061646,0.0,0.0,0.0,0.0,6.479947090148926,0.0,0.0,0.0,0.0,0.0,103.67924642562866,45.35964322090149,3.239975690841675,0.0,0.0,0.0,45.359692096710205,55.079697608947754,0.0,0.0,0.0,0.0
"101,150",2506.1893127949475,6.479530572891235,126.35080814361572,180.30934775763868,220.30384635925293,166.2956809801214,6.479530572891235,87.47420692443848,180.30934775763868,220.30384635925293,159.8162858289831,116852.59531805562,37290.85750830781,4431.226555310979,178.17184437863966,6.479247331619263,0.0,120486.34765375924,39124.36274745698,4662.863167744992,178.17146314733168,6.479247331619263,0.0,122363.61625193522,39934.12375524745,4831.332188588498,178.1716226493611,6.479247331619263,0.0,123265.12826205419,40395.01828557838,4862.090599181605,181.41162408940932,6.479247331619263,0.0,123780.44634799396,40704.78014162288,4876.67626191027,181.4117382919087,6.479247331619263,0.0,0.0,0.0,0.0,0.0,0.0,0.0,0.0,6.479530572891235,0.0,0.0,0.0,0.0,0.0,61.55544924736023,25.918757677078247,0.0,0.0,0.0,0.0,156.01754037913153,21.05210944531011,0.0,3.2396979331970215,0.0,0.0,197.62531089782715,16.199045658111572,3.2397918701171875,3.2396979331970215,0.0,0.0,104.74002192441155,55.07626390457153,0.0,0.0,0.0,0.0
"102,150",2407.8446280866037,116.60896587371826,1578.9467574577704,316.0166262299407,337.98206131318034,217.79938972791035,116.60896587371826,1578.9467574577704,316.0166262299407,337.98206131318034,217.79938972791035,90399.49738212657,67399.9372879524,12083.572877951228,778.7744628850152,87.82816193057042,6.478224277496338,89391.24191604498,67653.98666031782,12135.529455663644,791.7314192715813,87.82816193057042,6.478224277496338,87857.66174850088,66814.21691398715,12062.643822414733,785.252565092199,87.82816193057042,6.478224277496338,87611.24487529453,67105.11103129575,12110.051868506038,785.252565092199,84.58862492991429,6.478224277496338,86451.88816305889,67211.2263689864,12118.55215225313,788.4920162621667,87.82772610140782,6.478224277496338,12.956552028656006,25.913187980651855,0.0,0.0,0.0,0.0,38.86974000930786,35.63047504425049,80.97849082946777,0.0,0.0,0.0,0.0,542.0485507712644,917.0487773175333,116.61032152175903,3.239107847213745,0.0,0.0,137.1259733835856,172.04403755618077,6.846615290174297,0.0,0.0,0.0,220.6361112351511,101.1502561083027,16.195693969726562,0.0,0.0,0.0,79.81218868423912,137.98720104367123,0.0,0.0,0.0,0.0
"103,150",2474.710846561247,184.6188247203827,1702.2207249183282,423.18942538616704,423.19874222418844,225.25354824253156,184.6188247203827,1702.2207249183282,423.18942538616704,423.19874222418844,225.25354824253156,60944.538621796804,103804.2428681439,22299.02380926375,3859.389442131566,1027.5351336843828,42.103620529174805,60816.676665285515,104077.56045426294,22373.51582700972,3862.6282972550857,1027.5351336843828,42.103620529174805,60166.87030153461,103352.00819362566,22295.78265506987,3869.1059815145004,1024.2969132311205,42.103620529174805,60065.8398183514,103265.71541919708,22296.151298806246,3872.3443290448654,1024.2969132311205,42.103620529174805,59960.68677897547,103162.43270862056,22286.438120171602,3862.6287278390396,1021.0582295305588,38.86495757102966,29.15108895301819,6.478032350540161,0.0,0.0,0.0,0.0,35.62912130355835,90.69202470779419,84.21156740188599,6.4768226146698,3.238409996032715,0.0,0.0,727.6614137425142,877.3937170748617,93.92707133293152,3.23852276802063,0.0,0.0,178.143217086792,213.3848718764735,31.661336422901527,0.0,0.0,0.0,203.68768122242946,200.080380488377,16.192261934280396,3.2384185791015625,0.0,0.0,89.9547403344921,125.58345012758292,9.715357780456543,0.0,0.0,0.0
"104,150",2452.561197972816,662.1383540116104,3609.376370225233,1012.674054922777,1036.0798716199165,1781.9051693729325,658.9006037197861,3599.662305865568,1006.1984429976519,1029.6041113984352,1781.9051693729325,66356.0821841941,98035.95470773379,47239.40646222619,12965.823229441927,3018.6697527885435,9.713983535766602,66211.98441129478,98105.21438516262,47239.40411046532,13001.325646007765,3028.3833763122557,12.951848268508911,63957.26730407921,97102.96530909445,47114.21227948898,12996.59960966952,3047.8106603145598,12.951848268508911,63424.07063747387,96873.09161014744,47056.94348192214,12983.648004587962,3047.8101825237272,12.951848268508911,62972.721791992924,96533.78641900641,46956.568329492264,12985.133315408933,3051.048667144775,12.951848268508911,113.32487106323242,58.28185820579529,11.326168273476993,0.0,0.0,0.0,182.9328975425047,430.63540959358215,186.1712209664139,42.09397315979004,0.0,0.0,0.0,2291.982130120782,1111.2551027335371,180.23367510589898,16.19139790534973,0.0,0.0,564.9639434562009,338.34249391555784,96.41608208768508,6.475923538208008,0.0,0.0,472.70148932980555,412.82333184036554,121.41379793204513,19.42767071723938,3.237821578979492,0.0,743.6305486361185,799.7519021483029,183.47996417681375,48.56720948219299,6.4755449295043945,0.0
"105,150",2504.0330100196034,1291.435101032257,1418.708832549114,379.7460626069237,355.8675558108909,740.1537080259884,1239.6438579559326,1408.9983106126974,379.7460626069237,352.6309537429435,740.1537080259884,45370.016357604196,101852.29344851177,56236.25867438316,15051.402310476115,1760.768352991927,0.0,45316.4338514917,101837.93314166443,56050.163183970544,15025.508294448664,1776.9533829754475,0.0,45303.46725321938,101660.12073833428,55819.151996217064,14980.193088874628,1789.9016568726186,0.0,45450.5649885589,101824.63857721536,55780.445593500146,14957.533595905115,1783.4273517197255,0.0,45536.34188956841,102064.70494445541,55696.473441227754,14939.723456643607,1796.3763864105824,0.0,42.07653260231018,44.9465664508296,19.421093463897705,6.473750114440918,0.0,0.0,112.91794263147841,284.82731771469116,585.8330585956573,313.95904564857483,55.02443599700928,0.0,0.0,291.3205349445343,668.3144196239172,387.8605767988691,55.02855038642883,6.474228858947754,0.0,67.97404551506042,181.22861678179572,107.88422920563642,16.184855222702026,6.474315881729126,0.0,100.34334707260132,145.4692592162712,93.87055087089539,12.94779658317566,0.0,0.0,146.72796060898725,362.5368723869324,192.04522278168622,38.84365224838257,0.0,0.0
"106,150",2503.10991320834,1865.3620351361292,5387.185418454338,1939.2424624480454,2924.6451849769146,4650.647808527479,1849.184488873388,5377.479027596642,1910.1228743113725,2918.1748621295483,4623.559269922855,55013.97744047128,113602.21671356409,33967.669781722274,5530.22135218265,1439.8878205374176,23.855844039543,55011.886857430145,113237.93793001177,33798.01545295808,5510.812760435366,1436.6537159040863,23.855844039543,53554.25707493295,110723.95001273345,33058.921862375966,5412.156721326416,1433.4203286722595,23.855844039543,53297.72959834454,109757.83824892607,32828.52188042005,5292.450592013903,1439.8905010775024,23.855844039543,52563.57676690419,108278.66090898703,32452.242101547763,5256.863522979326,1416.0356336331836,23.855844039543,552.018162244909,944.1297954942665,214.97186880111695,39.54536428451538,3.23528790473938,0.0,1753.9004787295473,421.325195163839,1086.7093528008927,305.5624789602616,35.587461948394775,0.0,0.0,1576.2723279111526,2783.344387592989,877.136620426178,137.4904631278094,3.2352285385131836,0.0,427.78788899159895,1107.0443611023472,284.7016387743108,90.58898544311523,0.0,0.0,855.628180921779,1640.736701231377,370.04415661213443,45.29505753517151,6.470765829086304,0.0,1363.7596175764122,2636.6642844331027,542.2500272227269,74.41442608833313,6.470914602279663,0.0
"107,150",2502.033749352016,1583.225764838387,6218.470772450578,1906.6978271699418,2476.3946096055647,2565.814940495585,1550.8771689807668,6199.064975922715,1903.462982962178,2460.2229968660017,2546.4066503478034,40736.55931167415,87377.27355916548,51585.96133711946,20783.967573143455,12632.570682438683,2619.4201879435896,40672.571952001716,87015.90880353312,51338.31927439652,20793.664926029654,12588.914246205723,2570.9123704367994,38785.32039929371,84147.91094884592,50551.46320962811,20745.140297628852,12577.587037237954,2538.571036093843,38071.19348289078,83403.32030903593,50391.668974724,20712.796535469504,12629.336958321404,2502.998603814256,37275.76442677554,82278.69709785687,50029.40995272655,20698.237550282945,12596.991857918572,2460.958744280946,338.8187993507759,380.9756046828102,157.0455946445465,28.38807044029236,6.467998504638672,0.0,911.6960676230636,468.31691923702465,747.5846999869627,312.3311360471389,22.644413709640503,0.0,0.0,2103.847831053827,3186.6430448232913,808.3034422678106,87.33424687385559,9.70226502418518,3.2341458797454834,769.110237270243,878.8339025179546,219.9406716823578,32.34449052810669,0.0,3.2336809635162354,917.518875985987,1186.9051210936382,329.9256510734558,22.639667749404907,3.2336809635162354,0.0,931.1642931863373,1153.4116220446192,387.44103828037487,54.98473620414734,16.17129683494568,3.23366379737854
"108,150",2500.8048786493437,258.6318352568383,488.15321909493093,98.60828167129965,93.75630858178232,387.98228907585144,248.9312522757287,488.15321909493093,98.60828167129965,93.75630858178232,362.114714384079,19525.284262085897,55886.86063656245,57904.3103668671,33279.34750797328,22087.727521198867,7984.538431180692,19530.856957760046,55933.16598084673,57795.12791212774,33227.60499527034,21968.11192418921,7887.55709864018,19682.572275975173,55998.00436489628,57694.90781653722,33228.482790856266,22012.157897791207,7861.687352908826,19740.764960864013,56083.271405625805,57688.02044397335,33188.800972157835,21931.347515901864,7745.3037879597905,19707.232363565297,56008.51119555398,57676.72284021097,33166.16755455148,21933.685955738554,7687.119201673246,16.167628526687622,80.83754372596741,101.84653168846579,45.26879072189331,9.699971199035645,6.467010974884033,260.2874768369338,12.932591438293457,80.82310995401122,93.7443911486981,45.265759229660034,16.165400505065918,0.0,12.920812888238943,135.77570550394992,203.66682119743493,98.61177590127085,30.71131984205807,6.466783761978149,6.465893983840942,25.866717100143433,45.265958309173584,14.54417210747214,6.465540170669556,0.0,3.23337459564209,11.310503592210658,30.71058813356886,42.0349063873291,6.466935873031616,0.0,61.42913460731506,113.16217136383057,100.22899317741394,48.497151136398315,32.33075666427612,6.466507434844971
"109,150",2499.4237120996763,935.13991374502,1180.7305656620101,255.18970021360062,250.36430964376413,254.2705704240238,931.9098743868809,1167.8089967914657,248.72938498609207,247.1338664045521,251.04008522314183,17180.206144580654,58838.99572931178,67260.13944692707,35437.70689157691,15098.924491254953,1995.8459734710993,17185.975342916037,58792.94961824978,67427.463780937,35628.52583480442,15150.62312492576,2002.3076519760432,17263.36939395643,58960.678004406946,67550.76760155265,35818.45818352138,15334.805650560525,2034.6242658886256,17284.37278809454,59133.384004416184,67720.38270776224,35853.27472606266,15320.263323010648,2018.4653270038905,17303.591149473188,59118.344065298756,67828.21349147533,35898.50369086826,15309.850873328187,2021.6969570907893,96.91033244132996,281.0347681045532,258.42185497283936,67.83983492851257,6.460527658462524,0.0,710.6673181056976,96.90106921569974,427.993385850682,318.18121327699396,82.37343734385921,6.460768699645996,0.0,121.14102325532951,470.01726650350236,437.73354723687265,116.30085229873657,22.616307497024536,0.0,20.993274677501006,93.6719283692977,98.52644504659315,25.84416675567627,9.693570137023926,0.0,30.685080622691736,135.686594247818,61.38013768196106,16.15194272994995,3.2301111221313477,0.0,26.18766834595624,90.62286872209287,92.23033684375238,38.767712116241455,3.231499195098877,0.0
"110,150",2497.8907112398497,5404.655681849461,4234.808174729815,1604.2041553506663,3065.369115153481,2897.6571211272594,5114.090991497975,4093.7188551556833,1536.4060086259653,2916.8581579124225,2723.3173491412517,19240.245191243113,49249.529079877626,36632.71501774881,13800.9920055539,3797.6460405770467,349.9824435523912,18005.99418885941,47387.97826830453,35567.08811920765,13472.998749196297,3762.14516915714,346.7539346031114,17070.22882364217,45641.50839074827,34591.63385811413,13245.233077039906,3749.2510165158437,359.6728527358934,16681.170263810254,44978.74540133851,34255.04065960716,13064.401224566442,3691.1247183266805,366.130808096306,16110.319667928363,43621.07086142279,33593.282293204706,12886.799065543157,3630.980046933305,362.9014963916704,11169.595458540263,23313.05077631614,14579.244919783463,4200.7488411033855,526.2177128791809,0.0,53788.857708622425,1283.8673383881064,2072.837741878921,1282.798407082464,406.7927384376526,67.79476571083069,0.0,863.113862843607,1812.8470638237745,1033.563730282877,342.2231918119917,41.97100639343262,0.0,398.1906467521892,667.2336297540104,330.94442318374035,117.4342358159084,22.603073120117188,0.0,667.2517435242148,1346.4874046550078,699.6961109638214,158.2194323539734,41.97372221946716,3.2297441959381104,536.8834709653668,1239.5455539983861,672.440669930215,219.55724906921387,51.66204786300659,3.2283573150634766
"111,150",2496.2063878496524,11885.509746599197,9039.708270240297,5445.650510222305,6728.68328124869,4941.0282903512325,11385.292707729339,8871.395549516115,5293.9802943771965,6564.110684460284,4812.36329297365,19588.881848316563,49615.01912028555,42700.91952748205,17407.153158971374,9085.30270243065,4313.188004815345,17725.08253820176,44910.18171114921,39512.688915002116,16326.303439853704,8636.37408898765,4141.772091485005,16234.581736725451,41406.299193827304,36815.953004693045,15382.473063032301,8218.494141848882,3982.4605710394244,15511.750572471992,39380.91813960355,35380.85198407921,14826.271583383224,7966.384676094616,3890.097443405787,14350.49097790718,36846.609056790665,33120.899798679355,14037.336106731378,7640.896831990223,3697.3421484376872,12988.484659857846,28991.23674043113,19532.921056211693,6916.720686210369,2212.5959554186056,200.0489640235901,70842.00806215324,1929.5256174358667,4777.920920651567,3211.651221693264,1079.783697675256,338.0122920672099,48.39895820617676,1464.3436520006142,3363.520372056961,2685.031727964738,924.4713050898383,359.80905528162043,74.21943712234497,787.9064519246419,2132.401804612665,1586.7487681005516,523.9313540215586,230.7248602063048,32.26705551147461,1033.270419146033,2408.1250498135882,2126.0595096962124,732.4778802394867,212.54996835671218,51.62785720825195,662.5777318991867,1990.533392574273,1499.7636321610096,465.8608612827226,171.03925251960754,22.588422536849976
"112,150",2494.3713036235667,3006.409182961782,4950.919498870887,2290.811392570944,3067.5381301767684,1733.1821905687743,2970.9402899106344,4879.9795865517035,2194.086100603552,2983.7100488073684,1681.591309221118,20032.971027660373,48030.1604267055,40533.929380544025,21001.069570349708,16333.98645581919,6299.419215167739,19525.954019765293,46753.6097984445,39622.13567540131,20533.51986119139,16273.127617314287,6286.50780217788,19173.917215114485,45405.577720414905,38392.34182796011,20027.33036886851,16010.40517961091,6206.246486807806,18792.912172882232,44564.726063840535,37693.01094776228,19820.95861732165,15877.001723670963,6220.333186957417,18519.306492783977,43595.29801792725,36853.95646577536,19379.569663451697,15554.527310900596,6049.430890175877,1351.9012493984374,4319.358880998574,4446.810874330296,1608.7539472318163,709.004853515999,175.7199357687258,12611.549741243849,343.80627321261983,962.4973419507344,927.9319862496619,538.8302751896429,151.53120493888855,46.34320836908677,656.6172558326347,1809.0608277339563,1516.3684545732012,571.0909729564892,284.92312394403945,41.91895151138306,334.2499885502983,786.898663409551,653.7807666292377,248.27806639671326,151.53208136558533,19.346534252166748,475.13259785783055,1051.1922166983288,851.5767261477077,357.55822676957825,183.76391649246216,64.48636484146118,309.1552299910901,607.4584453947404,407.49476506195816,215.61741958318973,112.8463089466095,29.019140243530273
"113,150",2492.2524108399516,3896.046889616462,4777.720569424536,3378.4566791880366,2371.83157267477,2119.0493693772487,3660.853044344398,4668.182844929602,3278.572727762484,2255.8347305288503,2061.0569112721614,34731.911639318285,42819.52280300271,30210.809106144254,16576.8489632887,11857.205784695756,2869.1937933220584,34023.23385095035,41660.9825342197,29316.001597246468,16246.517079850737,11835.746227321437,2904.633305245755,33066.18098772553,40107.719339997166,28157.98346042446,15665.665427829705,11580.331940506017,2901.0594284123067,32471.242601677008,38958.8455253199,27391.16549535359,15355.535533138349,11470.796316955602,2907.514235693801,31786.63777181868,37970.13059132427,26846.249267100357,15045.450564319013,11320.604961774861,2877.313466021594,18663.61476412755,24756.828063173853,12788.38663921917,3991.4764328863107,1212.9587863333086,74.10362911224365,61487.368314852436,825.3286542985954,1227.8532278491002,1080.196591908324,418.99750822198155,98.81296809514363,9.664093971252441,989.8041901850232,1534.903809302461,1235.6002141681372,616.6595138802247,275.10344952228024,16.11166787147522,678.678495651133,1225.3145987931418,820.3665743696923,370.54830026626587,167.555162191391,16.109596490859985,569.6830165189856,786.4628901762121,556.5770793662351,219.4643457478168,116.00045609474182,7.646942624858782,420.7613806864794,680.1384203714483,592.8324131965637,267.4363899230957,96.6656243801117,3.2226827144622803
"114,150",2490.242096177406,8301.145496952766,8151.023106434765,2478.6330114327225,2192.345969019684,1816.4665477341296,8178.817165720696,8053.012554964364,2385.2713197193893,2060.3734179122775,1739.2059702938677,36109.25878362375,59287.77165387003,46388.93681788538,23593.716542184116,15401.053446109621,3553.40635245454,34420.87648040734,56028.39146412213,43767.6674685235,22471.229206893022,15126.764309181886,3501.549612782048,32466.45561533348,52977.7822118516,40897.365479229935,21227.6077798058,14562.53735435523,3413.9744060179764,31973.877217362908,52151.36885121289,40065.31224451531,20705.813809546304,14287.606331611147,3343.5447732401826,31245.95441271931,50805.274026540676,39179.690445885004,20244.35062132817,13929.176957810158,3218.415282910477,3532.577356121587,5906.075324476466,3196.1273828721514,877.7107835713555,260.7440011501312,6.436727523803711,13779.671575715496,1452.315357318579,2977.667044845282,2484.2657710430667,1030.333306426628,231.0180418725107,3.217644214630127,1657.8963313102722,2543.4803884758667,2494.2021179835,1027.9541693014257,323.04401317764734,6.435534715652466,443.11325090352227,765.7078316379996,709.7474380960651,357.27227759361267,109.4305214881897,0.0,372.3407938592574,798.3891780376434,601.9556560516357,210.43834953214608,74.03066873550415,3.2187716960906982,346.09980761584114,648.695920123306,502.97540116029626,199.5873818397522,41.84745955467224,0.0
"115,150",2487.95865341525,89.67472975113813,53.60060154129477,16.086657524108887,19.29887628555298,0.0,89.67472975113813,51.82143949620864,9.651453018188477,19.29887628555298,0.0,8948.395862993539,18934.584286228815,28548.784431756714,33830.39565026058,64056.44419461045,48376.216217918954,8956.261442326564,18913.669941688986,28503.221675570807,33794.335188994686,63985.5122007342,48262.43728628159,8941.627499952503,18905.616185201383,28350.832323129503,33617.426140437405,63487.83578047285,47426.57604632845,8951.276597633549,18879.88278631229,28271.131508332604,33476.94864696054,63181.21671400538,46870.48951481277,8990.572319991916,18852.703002844602,28136.098296264572,33331.67848215383,62851.886624900966,46366.074524705546,0.0,3.2172157764434814,9.651614904403687,0.0,3.2159841060638428,0.0,16.08481478691101,1.7791624405804805,3.217622756958008,56.47775653390323,19.986465675690596,8.21372234400581,0.0,0.0,3.217580795288086,19.646384469200584,12.869774103164673,16.087700128555298,0.0,0.0,3.216259241104126,3.2175700664520264,0.0,3.217623710632324,0.0,0.0,3.2175800800323486,0.0,6.432507514953613,9.648788690567017,0.0,0.0,0.0,0.0,0.0,0.0,0.0
"116,150",2485.5271917406903,0.0,0.0,0.0,0.0,0.0,0.0,0.0,0.0,0.0,0.0,19182.768340598835,18978.60623218219,26471.688015485277,31679.928098011012,62085.908169428505,36723.63854944378,19308.060009013905,19136.024814383192,26622.29697901408,31837.386675405498,62478.51779482318,37076.63115111426,19405.610686570522,19113.534483687086,26663.35717591024,31814.885510015483,62487.47769395043,37161.3164667382,19453.79100707185,19102.288041198957,26620.85732499478,31853.908375497893,62458.58202878167,37126.446389216064,19674.73426643727,19195.467737282026,26665.83788625119,31977.30818233303,62653.36856755556,37399.457790631874,0.0,0.0,0.0,0.0,0.0,0.0,0.0,0.0,0.0,0.0,0.0,0.0,0.0,0.0,0.0,0.0,0.0,0.0,0.0,0.0,0.0,0.0,0.0,0.0,0.0,0.0,0.0,0.0,0.0,0.0,0.0,0.0,0.0,0.0,0.0,0.0,0.0
"117,150",2482.9485162917626,3.2092971801757812,9.628846883773804,3.209321975708008,0.0,0.0,3.2092971801757812,9.628846883773804,3.209321975708008,0.0,0.0,15187.437583264182,14326.568140609594,18626.226941888475,22029.488390957144,55247.10158918605,63841.106789948884,15251.64809995539,14358.668196065755,18631.044373635686,22103.31658033016,55369.10520671115,63844.38894975418,15341.53024464495,14414.834016979445,18724.127829436697,22181.54592352007,55545.611748678544,64183.23896048676,15392.910156782935,14456.564847648848,18713.90634461665,22191.166860390644,55682.73001947964,64613.2765608722,15482.808382805655,14468.226155404485,18691.437222922086,22248.942346383075,55814.279930740246,64922.74449873812,0.0,0.0,0.0,0.0,3.2104573249816895,0.0,3.2104573249816895,0.0,0.0,0.0,0.0,3.2092971801757812,0.0,0.0,0.0,0.0,0.0,9.628846883773804,0.0,0.0,0.0,0.0,0.0,3.209321975708008,0.0,0.0,0.0,0.0,0.0,0.0,0.0,0.0,0.0,0.0,0.0,0.0,0.0
"118,150",2480.223479483822,0.0,0.0,0.0,0.0,0.0,0.0,0.0,0.0,0.0,0.0,9783.086241231245,13684.48161379964,18013.852920601414,21731.453599253826,58862.04233479781,68010.16366288989,9776.673090205473,13652.411650821277,18013.679280173543,21715.433344641857,58714.57732820792,67755.52520251555,9805.53095720796,13678.067431851932,18061.773698937657,21750.703208962612,58977.49805789555,68332.30623097888,9868.04916566774,13735.780889436313,18097.37604401158,21850.095119038753,59264.06342534178,68831.79906527951,9928.96976830445,13745.401576444217,18105.383182706082,21904.42936054305,59281.53764539046,68874.2271793403,0.0,0.0,0.0,0.0,0.0,0.0,0.0,0.0,0.0,0.0,0.0,0.0,0.0,0.0,0.0,0.0,0.0,0.0,0.0,0.0,0.0,0.0,0.0,0.0,0.0,0.0,0.0,0.0,0.0,0.0,0.0,0.0,0.0,0.0,0.0,0.0,0.0
"119,150",2365.866086875616,0.0,0.0,0.0,0.0,0.0,0.0,0.0,0.0,0.0,0.0,3796.454595276888,6993.7904075603865,9863.46511741339,12728.267145206413,39262.26335671743,63706.24374400494,3780.44085259157,6990.585239160763,9805.703830337525,12638.852456327513,38834.53468064981,62648.408718587845,3793.2498449774343,6961.764293421017,9806.03070514062,12622.698254440344,38795.6618859983,62510.89572525212,3796.4418560953695,6980.96324657272,9884.285040516013,12632.283528659857,38904.12574258225,62772.77332652317,3777.2208668680746,6955.336607921826,9849.038441795463,12526.754407314227,38605.95440722914,61964.008433836585,0.0,0.0,0.0,0.0,0.0,0.0,0.0,0.0,0.0,0.0,0.0,0.0,0.0,0.0,0.0,0.0,0.0,0.0,0.0,0.0,0.0,0.0,0.0,0.0,0.0,0.0,0.0,0.0,0.0,0.0,0.0,0.0,0.0,0.0,0.0,0.0,0.0
"120,150",1771.970403174664,0.0,0.0,0.0,0.0,0.0,0.0,0.0,0.0,0.0,0.0,2585.3794040259195,5286.663105551403,7365.444404571197,8607.15566095184,25592.67495514177,46391.10174037241,2607.7760984476877,5270.674730602901,7310.000126204772,8591.66335682121,25389.24204784561,45825.50623322842,2617.3737155970407,5273.879237238567,7282.277211747451,8624.168850710814,25379.333995352536,45727.96636575904,2647.2814954626792,5321.8587687651325,7351.996483531654,8718.819275958866,25692.32112685839,46493.415019988075,2690.952831703074,5309.059809748333,7385.859355430043,8755.606412468705,25745.146124105824,46547.14712469718,0.0,0.0,0.0,0.0,0.0,0.0,0.0,0.0,0.0,0.0,0.0,0.0,0.0,0.0,0.0,0.0,0.0,0.0,0.0,0.0,0.0,0.0,0.0,0.0,0.0,0.0,0.0,0.0,0.0,0.0,0.0,0.0,0.0,0.0,0.0,0.0,0.0
"121,150",1306.5476644108635,0.0,0.0,0.0,0.0,0.0,0.0,0.0,0.0,0.0,0.0,2173.382699437235,4780.717337682198,6627.281533162732,7874.396398990294,25241.367785405182,44153.38649158197,2191.3009189830104,4785.881795822404,6652.428894841434,7915.924148528716,25423.125440398388,44489.01802579094,2200.88223211625,4790.679487136765,6665.213329398395,7966.689488444608,25527.788888929408,44688.02254073199,2200.8783601985256,4771.511324314041,6684.369510733844,7960.29648211984,25518.202543018382,44553.69165347884,2200.5224430476915,4776.304248272202,6663.619304334414,7957.105023417753,25451.920617471955,44292.66069773692,0.0,0.0,0.0,0.0,0.0,0.0,0.0,0.0,0.0,0.0,0.0,0.0,0.0,0.0,0.0,0.0,0.0,0.0,0.0,0.0,0.0,0.0,0.0,0.0,0.0,0.0,0.0,0.0,0.0,0.0,0.0,0.0,0.0,0.0,0.0,0.0,0.0
"122,150",1349.4203327174014,0.0,0.0,0.0,0.0,0.0,0.0,0.0,0.0,0.0,0.0,2755.816574023752,5368.633393532622,8037.264379247031,8956.5653589819,27103.992719137896,46540.95942075954,2789.162914093803,5396.615220142813,8036.059056976729,8975.701079950146,27238.557154600287,46723.26046718149,2796.0739526468165,5427.054960535086,8084.609789646372,9007.951727192076,27343.230510199297,46872.19065403471,2829.7529686647304,5465.75240852412,8112.518554200377,9049.401227901497,27407.709768000772,47128.66452644105,2834.5827036203123,5463.595590558706,8118.895419110503,9057.219908114977,27398.132578316858,47075.08039496366,0.0,0.0,0.0,0.0,0.0,0.0,0.0,0.0,0.0,0.0,0.0,0.0,0.0,0.0,0.0,0.0,0.0,0.0,0.0,0.0,0.0,0.0,0.0,0.0,0.0,0.0,0.0,0.0,0.0,0.0,0.0,0.0,0.0,0.0,0.0,0.0,0.0
"123,150",534.176605927582,0.0,0.0,0.0,0.0,0.0,0.0,0.0,0.0,0.0,0.0,1191.6553731179704,2475.9526869773863,3268.960838120591,3935.6966526816873,11623.737653427499,18883.27940220085,1197.916268824596,2477.341299186968,3281.7079415732733,3948.4430420707254,11649.225210838693,18941.688632459267,1207.2277709212958,2476.301909320495,3289.3013199460274,3945.2584593604593,11683.108003359215,18920.88696578063,1216.7850342956244,2496.4657539236778,3311.6051067006356,3958.005481035569,11713.807791963278,19002.982928514477,1227.9321790442748,2502.840402017855,3337.096921313978,3986.6810365031747,11754.336641105016,19063.006436444262,0.0,0.0,0.0,0.0,0.0,0.0,0.0,0.0,0.0,0.0,0.0,0.0,0.0,0.0,0.0,0.0,0.0,0.0,0.0,0.0,0.0,0.0,0.0,0.0,0.0,0.0,0.0,0.0,0.0,0.0,0.0,0.0,0.0,0.0,0.0,0.0,0.0
"91,151",417.32999293840624,0.0,0.0,0.0,0.0,0.0,0.0,0.0,0.0,0.0,0.0,6044.484285685594,48.50271248817444,0.0,0.0,0.0,0.0,6473.09775369027,58.20296001434326,0.0,0.0,0.0,0.0,6619.635154825097,51.73613667488098,0.0,0.0,0.0,0.0,6761.150191828782,51.736188650131226,0.0,0.0,0.0,0.0,6896.958766373464,51.73617696762085,0.0,0.0,0.0,0.0,0.0,0.0,0.0,0.0,0.0,0.0,0.0,0.0,0.0,0.0,0.0,0.0,0.0,0.0,0.0,0.0,0.0,0.0,0.0,0.0,0.0,0.0,0.0,0.0,0.0,0.0,0.0,0.0,0.0,0.0,0.0,0.0,0.0,0.0,0.0,0.0,0.0
"92,151",2502.217354031172,0.0,0.0,0.0,0.0,0.0,0.0,0.0,0.0,0.0,0.0,95998.95821877087,11872.6027246737,1545.3749954410628,458.21696543974036,520.7689702510834,271.7074339389801,97556.59439186583,11867.73208891644,1558.3113817878798,461.451502087537,507.83028173446655,284.64556908607483,99293.32392171599,11980.935500495572,1610.0611960598067,464.6854152707493,546.644552230835,310.52284812927246,101137.26428971945,12297.946388595245,1626.2324154087141,490.5621373681461,549.879246711731,310.5226228237152,104263.3947071758,13268.368464941137,1762.0936355300978,522.9065248994266,578.9905550479889,300.8178925514221,0.0,0.0,0.0,0.0,0.0,0.0,0.0,0.0,0.0,0.0,0.0,0.0,0.0,0.0,0.0,0.0,0.0,0.0,0.0,0.0,0.0,0.0,0.0,0.0,0.0,0.0,0.0,0.0,0.0,0.0,0.0,0.0,0.0,0.0,0.0,0.0,0.0
"93,151",2503.293822687761,0.0,0.0,0.0,0.0,0.0,0.0,0.0,0.0,0.0,0.0,21458.434912779747,29653.140577546288,14989.901487716039,2928.298332339642,581.6602409802231,87.36153674125671,22316.175528768465,32301.622778463363,17127.948772568794,3466.299106322083,646.377440923803,80.88849902153015,23588.346086966754,35507.50728250953,19672.432745489416,3980.744195450988,702.2029344268874,93.83042120933533,24713.04011191106,38115.75578655822,22094.735903891396,4650.441591123506,760.8096899602928,103.53702187538147,26073.859359282134,40959.93228528172,24426.686272513634,5217.289928823358,823.1971469234018,110.00815558433533,0.0,0.0,0.0,0.0,0.0,0.0,0.0,0.0,0.0,0.0,0.0,0.0,0.0,0.0,0.0,0.0,0.0,0.0,0.0,0.0,0.0,0.0,0.0,0.0,0.0,0.0,0.0,0.0,0.0,0.0,0.0,0.0,0.0,0.0,0.0,0.0,0.0
"94,151",2486.86244692623,0.0,0.0,0.0,0.0,0.0,0.0,0.0,0.0,0.0,0.0,46301.25029932097,28662.51073534442,11827.941577454174,1931.2301620006563,139.98656894833434,6.473156929016113,46714.32998022846,29030.24318221971,12074.021097524494,1983.0139721393587,139.98656894833434,6.473156929016113,48714.8018740308,30599.76626930611,13315.129926592695,2241.602496145286,156.1693520751654,6.473156929016113,50772.410667592405,32851.60997292481,14999.67449458814,2554.1256502506776,181.70756648194558,6.473156929016113,52484.880988688565,34708.300339457564,16138.535220861433,2768.834881952697,221.26961832233505,6.473156929016113,0.0,0.0,0.0,0.0,0.0,0.0,0.0,0.0,0.0,0.0,0.0,0.0,0.0,0.0,0.0,0.0,0.0,0.0,0.0,0.0,0.0,0.0,0.0,0.0,0.0,0.0,0.0,0.0,0.0,0.0,0.0,0.0,0.0,0.0,0.0,0.0,0.0
"95,151",2490.3947734539483,0.0,58.28686499595642,6.476137638092041,0.0,0.0,0.0,58.28686499595642,6.476137638092041,0.0,0.0,48566.957602686045,45230.71056975477,18810.390485615822,7077.876079929576,6163.585431340162,3030.9118727833616,49911.66493480813,46575.131977611425,19285.287156275208,7272.159194839703,6359.4991200643435,3097.29926572033,50608.06000357609,47452.42623715494,19578.29719489883,7283.6542162829755,6331.431346404319,3119.965608694039,52151.83342385198,49191.508336808634,20106.87556689113,7377.546613448274,6421.01989347514,3137.7692696449803,52685.72880362436,49775.86601026386,20218.847976125457,7314.940669847937,6471.744888452455,3103.772150383744,0.0,0.0,0.0,0.0,0.0,0.0,0.0,0.0,0.0,0.0,0.0,0.0,0.0,45.33468008041382,6.476281404495239,0.0,3.2379517555236816,3.2379517555236816,0.0,6.476137638092041,0.0,0.0,0.0,0.0,0.0,0.0,0.0,0.0,0.0,0.0,0.0,0.0,0.0,0.0,0.0,0.0,0.0
"96,151",2505.603393489435,3.238621711730957,110.11850237846375,93.92476534843445,48.58311080932617,12.956120014190674,3.238621711730957,110.11850237846375,93.92476534843445,48.58311080932617,12.956120014190674,83087.11954121778,71894.91978768555,26098.918649635125,6834.190188852946,2731.001577022029,168.40356755256653,83496.25625413354,72544.00443597775,26561.498673078124,6964.5457333321665,2776.342238547755,168.40356755256653,83841.01446971239,73043.33260897842,26550.169425808213,6938.091020701913,2752.604908192391,165.16508269309998,84070.48536399487,73534.5129119125,26823.839800450383,6959.945375363966,2755.296917398303,152.21103429794312,84197.61512096538,73596.61540659644,26919.897884060352,6883.285843927721,2724.0167564186395,152.21099066734314,0.0,0.0,0.0,0.0,0.0,0.0,0.0,3.238621711730957,0.0,0.0,0.0,0.0,0.0,74.49277806282043,29.14813470840454,6.4775896072387695,0.0,0.0,0.0,25.91044521331787,55.058963775634766,9.716390609741211,3.2389657497406006,0.0,0.0,29.14951229095459,16.194744348526,3.238854169845581,0.0,0.0,0.0,6.478031635284424,6.47808837890625,0.0,0.0,0.0,0.0
"97,151",2506.0657748885196,3.23940372467041,153.70009309824775,148.19770274068796,52.93559078889734,12.958006381988525,3.23940372467041,153.70009309824775,148.19770274068796,52.93559078889734,12.958006381988525,133863.4907271086,52875.40269444971,4181.624934088015,630.8591445894801,276.06072005384107,84.21878051757812,134594.05060028657,53082.714166627215,4188.103710066103,643.8160177679622,276.06072005384107,90.69726014137268,135044.2892166082,53159.63130898943,4197.820733438753,637.3371690722072,269.5825553809895,71.26216268539429,135210.98169422618,53387.35696048362,4204.297225843691,637.3368441076839,276.06093010060926,71.2621750831604,135499.60628838165,53752.827858139484,4298.233171116137,640.5758666010463,269.58256992452283,71.2621750831604,0.0,0.0,0.0,0.0,0.0,0.0,0.0,0.0,3.23940372467041,0.0,0.0,0.0,0.0,118.06814939555,35.631943702697754,0.0,0.0,0.0,0.0,127.94965783193999,20.248044908747953,0.0,0.0,0.0,0.0,31.32660581925336,15.130203984765446,6.47878098487854,0.0,0.0,0.0,12.958006381988525,0.0,0.0,0.0,0.0,0.0
"98,151",2506.3741157552163,3.239875078201294,474.76501077016195,161.98498797416687,430.58811842974495,200.86495113372803,3.239875078201294,474.76501077016195,161.98498797416687,430.58811842974495,200.86495113372803,171078.73053584655,34016.895639873015,3006.6765301077976,469.73541924813213,141.8197366321788,0.0,171302.18748822395,34091.4078178172,3035.8344290106907,476.21468636849346,141.8197366321788,0.0,172649.05511450578,33990.179349874044,3013.1576793044223,460.0166237101835,141.8197366321788,0.0,172609.36235955832,33926.832376045335,3026.9292213309045,460.0166237101835,141.8197366321788,0.0,172593.6437866669,33815.61540829995,3026.930305897021,451.1108595455394,141.8197366321788,0.0,0.0,0.0,0.0,0.0,0.0,0.0,0.0,3.239875078201294,0.0,0.0,0.0,0.0,0.0,293.34356706937155,145.78575372695923,19.43762731552124,16.198062658309937,0.0,0.0,113.39015030860901,48.59483766555786,0.0,0.0,0.0,0.0,309.65397920047536,98.25684020659503,16.198051691055298,6.479247331619263,0.0,0.0,168.46799182891846,29.157339096069336,3.2396202087402344,0.0,0.0,0.0
"99,151",2506.5283121755283,0.0,439.0092391603133,275.39760398864746,307.7948455810547,447.79998207092285,0.0,421.1957814693451,275.39760398864746,307.7948455810547,447.79998207092285,151518.43814558326,42160.01511835024,4471.306230865741,200.15456175804138,9.719943761825562,0.0,151228.5241648702,42379.61115549686,4474.546376310611,193.67466068267822,9.719943761825562,0.0,151828.62963749288,42577.16211490724,4487.50648006084,187.1946883201599,9.719943761825562,0.0,152143.19313314193,42787.850581675884,4491.559778849284,177.47497606277466,6.479971408843994,0.0,151162.83371638224,42552.85906646485,4449.440137783687,190.43472409248352,6.479971408843994,0.0,0.0,0.0,0.0,0.0,0.0,0.0,0.0,0.0,0.0,0.0,0.0,0.0,0.0,353.15628838539124,58.31954765319824,6.479945421218872,3.240000009536743,0.0,0.0,210.59802865982056,64.7995753288269,0.0,0.0,0.0,0.0,278.6349575519562,29.15988802909851,0.0,0.0,0.0,0.0,406.4045970439911,34.91551446914673,6.479870557785034,0.0,0.0,0.0
"100,151",2506.528312175505,0.0,1115.407951337216,142.55939269065857,90.71914744377136,161.3137230873108,0.0,1115.407951337216,142.55939269065857,87.4792127609253,161.3137230873108,84200.2002397537,76479.44332486695,7718.6763840740805,200.96721235537063,9.719968557357788,0.0,86989.26368299744,78965.76719913109,7956.348276572135,200.96721235537063,9.719968557357788,0.0,88101.27700911033,80402.78092623972,8034.107341919694,194.48729983591568,9.719968557357788,0.0,90103.49071405541,82623.54331875221,8215.887391156775,197.72721186899673,9.719968557357788,0.0,90655.52244489238,83959.64319803388,8346.132863242952,204.20711771273147,9.719968557357788,0.0,0.0,0.0,0.0,0.0,0.0,0.0,0.0,0.0,0.0,0.0,0.0,0.0,0.0,748.4503301863576,349.13130762717304,17.82631352368523,0.0,0.0,0.0,110.15961933135986,32.399773359298706,0.0,0.0,0.0,0.0,45.35943341255188,42.11977934837341,0.0,0.0,0.0,0.0,115.22959637641907,46.084126710891724,0.0,0.0,0.0,0.0
"101,151",2506.374115755223,0.0,343.42359590530396,110.14165108250637,401.7222230434418,77.75506949424744,0.0,336.94410395622253,110.14165108250637,398.48258805274963,77.75506949424744,44098.1105505158,59143.045045435676,7113.346239242366,164.47740876066916,0.0,0.0,48713.27277616614,64107.500139276664,7771.717382577821,193.6356364427828,0.0,0.0,52557.920537598,69056.98283941417,8362.417403825124,213.07436382162803,0.0,0.0,54813.72039746397,72450.64574383941,8738.35850714141,222.79370462286704,0.0,0.0,56642.06858225991,75043.60363863684,9074.418109787212,245.47193276274436,0.0,0.0,77.75680756568909,132.83455896377563,0.0,0.0,0.0,0.0,210.59136652946472,0.0,0.0,0.0,0.0,0.0,0.0,106.91462993621826,210.59039068222046,19.439083337783813,0.0,0.0,0.0,27.532106839909275,76.12983914730596,6.479705095291138,0.0,0.0,0.0,366.0842173099518,32.39837074279785,0.0,0.0,0.0,0.0,29.157591342926025,45.35767912864685,3.2397990226745605,0.0,0.0,0.0
"102,151",2506.0657748885287,0.0,9.717505931854248,77.74234127998352,32.39232635498047,3.2391438484191895,0.0,6.478234529495239,51.827746868133545,29.1531023979187,3.2391438484191895,54656.97671935792,75340.47752224418,12048.303556656372,609.9018504993589,19.435884475708008,0.0,57429.15383622506,79242.60759327553,12469.148673288497,619.6178942100676,19.435884475708008,0.0,58667.685117496214,81722.61213558796,12823.59178872015,645.5324318782957,19.435884475708008,0.0,61906.67814525341,86646.19269302592,13294.742907487647,674.6865692512663,19.435884475708008,0.0,63804.25135577986,88400.69499208039,13548.497332695422,677.9265141861113,19.435884475708008,0.0,0.0,0.0,0.0,0.0,0.0,0.0,0.0,0.0,0.0,0.0,0.0,0.0,0.0,6.478234529495239,0.0,0.0,0.0,0.0,0.0,25.91362714767456,25.914119720458984,0.0,0.0,0.0,0.0,12.956831932067871,16.19627046585083,0.0,0.0,0.0,0.0,3.2391438484191895,0.0,0.0,0.0,0.0,0.0
"103,151",2498.85385441526,70.18016243822434,927.3173017670127,222.0202621450611,209.43837166673995,25.908246278762817,70.18016243822434,927.3173017670127,218.7815085878559,206.1996131027446,25.908246278762817,84977.25964593327,73662.82517419888,13704.57664061621,1753.0564546491587,335.18584688878525,0.0,84407.83623522778,73853.21923702557,13740.20864249304,1752.4215121035481,335.18584688878525,0.0,83383.72727130816,73650.40472524399,13607.78953362259,1697.2413654280645,338.4248324272679,0.0,82530.89444840749,73825.79730031441,13617.159675990832,1687.6526596312428,338.424692475562,0.0,81632.98723853524,73867.55747783511,13588.370608719655,1684.414161897173,335.18536409116257,0.0,6.4775145053863525,0.0,0.0,0.0,0.0,0.0,6.4775145053863525,41.745515110913445,18.71935463512645,9.715292692184448,0.0,0.0,0.0,252.25130868238563,474.63789964844204,148.61324763578529,51.81484580039978,0.0,0.0,51.81620645523071,124.86561574842415,38.86126208305359,3.238424301147461,0.0,0.0,100.04002118391149,77.36902809423559,25.552066090527703,3.238497734069824,0.0,0.0,9.715468645095825,9.71557068824768,6.4772069454193115,0.0,0.0,0.0
"104,151",2504.987127345011,1033.4487068054723,4313.841271800621,1916.0674415700578,1552.5374020567126,927.8911977515501,1033.4487068054723,4313.841271800621,1916.0674415700578,1552.5374020567126,927.8911977515501,48610.19060683905,118023.04993302218,58578.02689533421,12771.594738220701,1556.9226000393137,0.0,48337.286325163004,117518.04290615719,58378.35625558087,12752.167023396025,1556.9229700649485,0.0,47010.949319528125,114941.8523916684,57699.110036720005,12680.929929708967,1550.4467749679789,0.0,46376.702838910795,113902.8688273374,57250.663284652364,12655.02620289279,1547.2080650413736,0.0,45984.495992855926,113143.58410333653,57029.317780226345,12593.505383944044,1537.4940013969644,0.0,9.713295459747314,19.42672085762024,4.850474809197818,0.0,0.0,0.0,33.990491126565374,287.4721834631527,533.3535425092659,199.67146611213684,12.951514720916748,0.0,0.0,1210.5813124759525,2404.5825585561643,640.3934273130753,58.28397345542908,0.0,0.0,509.9394788489622,1001.392393244014,375.5944256782532,29.141143798828125,0.0,0.0,426.66177522902393,815.4949599565244,261.8132277918797,48.56743907928467,0.0,0.0,174.57678058287678,556.8881695719326,171.60260128974915,22.66531205177307,2.158334255218506,0.0
"105,151",2504.2171840130163,670.555351118013,3990.0184825102488,1403.7023614715126,1531.9276261638192,1193.333749658921,670.555351118013,3990.0184825102488,1403.7023614715126,1531.9276261638192,1193.333749658921,35247.67932540107,96991.94950064864,80994.90803285394,23260.976735022487,3358.6170678419226,3.2374107837677,35092.04573054032,96698.20061846152,80787.49920727318,23222.1384429006,3352.142221955692,3.2374107837677,34232.60347808108,94733.74380051387,79880.14420762437,23027.925169136943,3352.1427576822393,3.2374107837677,34067.52225578532,94097.19324599153,79426.98069205659,22924.347780611934,3342.4319272321814,3.2374107837677,33792.941846165,93370.5077222235,78964.29320775295,22799.723403040567,3332.7219419759863,3.2374107837677,9.709872245788574,35.60300421714783,9.70977234840393,9.70966625213623,0.0,0.0,64.73231506347656,140.2570437824025,282.4232792143728,189.61300300336353,51.787286043167114,6.474739074707031,0.0,856.2057791373309,2014.4436356133106,921.9227353049259,194.20948767662048,3.236844778060913,0.0,252.4817078113556,633.32936371074,414.31507325172424,97.10276770591736,6.473448991775513,0.0,266.49413675420425,687.8367324071772,467.5460534768946,97.10411167144775,12.946591854095459,0.0,192.05359071843765,650.6279406547546,288.083603143692,58.26521921157837,4.303395930458517,0.0
"106,151",2503.2938226876613,1811.1525220179092,5439.87396591411,1482.5495361365524,1634.061264744927,2109.6054438058068,1807.916518619014,5436.63785427318,1469.6068724669663,1627.5897798454062,2109.6054438058068,37524.297145462966,111511.1388663554,68472.43584981993,14340.758796484331,1662.4707834580365,0.0,37359.997536845294,110650.45018838062,67997.64024751609,14301.927416117052,1655.9985751965467,0.0,36569.72039375398,107852.58510701048,66459.95035511279,14137.70326276293,1655.9983391621533,0.0,36286.85276334239,107087.31540967904,66052.23259948095,14066.514455037024,1659.2336394646588,0.0,36047.39422290278,106324.69751451905,65629.75624427048,14005.032479958441,1649.5254335263196,0.0,40.44285596492244,155.3050210971458,80.89649724960327,3.23618745803833,0.0,0.0,279.88056176970986,239.44443774223328,999.8302077732834,513.6298317731596,51.77655339241028,3.235487937927246,0.0,877.6360367242028,2823.108179958194,1561.1518636927885,171.5060151165607,3.2357587814331055,0.0,290.1493083720114,723.1997534265705,398.0093715948217,55.01244020462036,3.2359988689422607,0.0,278.2803294658661,839.4715677261353,448.35486806981703,51.77514338493347,9.707871198654175,0.0,429.54863608023703,1110.52237126126,517.7576961517334,48.54131531715393,3.2354249954223633,0.0
"107,151",2502.2173540312187,950.3061691789067,3229.410272475785,1315.8895964472902,1488.9403870816325,1662.6562982933194,950.3061691789067,3222.941159364289,1315.8895964472902,1488.9403870816325,1662.6562982933194,34862.551548521194,103730.3862499097,72517.06334110991,16672.954762010944,3922.970339172027,811.7130248481153,34618.41119583542,103334.10501857178,72358.47374688131,16666.48566868819,3927.8279522306775,814.947284453523,34088.62187494858,101804.74681436126,71648.3232675057,16637.375146894825,3932.672531001708,824.6494610244154,33939.58004225189,101292.89013902626,71321.63906991902,16605.033769159687,3929.4383925129387,821.4151351386427,33663.022828285364,100666.73898219409,70862.35543557054,16609.87027008954,3932.6726168323967,824.6491131717084,22.640416622161865,59.83335189445346,48.50975036621094,4.857004947288363,0.0,0.0,135.84052383011465,246.65724884388493,470.66621034753086,207.1071859434539,25.875524044036865,0.0,0.0,681.8068236715653,1685.4263468948066,778.0817990892074,74.39113664627075,3.235053062438965,0.0,227.4811408211203,675.2091425736745,380.8577603181203,32.341552734375,0.0,0.0,318.6014034196442,681.1316007866579,443.9220475729774,42.05083775520325,3.234497547149658,0.0,381.6621057987213,859.7198902504117,385.69292163848877,29.111894607543945,6.4694859981536865,0.0
"108,151",2500.9881399702463,4155.520104163301,4591.920138925664,1192.8728525114996,1570.4434971884184,1934.873643428204,4145.819596284044,4591.920138925664,1192.8728525114996,1554.2818086222105,1928.4083583654142,27709.82686562164,86368.83178377617,76295.57655149722,23462.491813474546,6925.439883231182,740.1510129330204,27279.862343922785,84758.1135960663,74850.386311273,23089.637391393328,6909.275843857784,723.9887454865025,26904.829529706167,83015.55000007854,73362.22380849147,22756.46124351633,6938.358352306777,730.4528096077488,26816.737356776815,82626.91035576802,72869.23309801328,22652.12908200844,6848.5730210351,717.5219657776402,26625.200371057846,81970.56305208299,72316.41444022143,22558.374620719987,6824.321570069182,707.8262629864262,548.1403471554027,2430.5681400542167,1790.3168330996643,320.0691912174225,25.864537000656128,0.0,5114.959048527362,489.7649414174697,1753.1427535907894,1507.4267254389968,359.9236044771531,35.5615713596344,0.0,536.6752326011658,1951.0643637432772,1662.71274711291,397.82596868159726,43.64182678671444,0.0,113.95503766209471,476.01276236702415,478.44686675071716,108.29312020470114,16.16506552696228,0.0,190.73526287078857,645.8489120913487,585.1452452304317,119.61967611312866,12.932712316513062,0.0,284.46433329582214,818.7891341919992,650.5890391892078,168.10069823265076,6.465153455734253,0.0
"109,151",2499.6065934611906,1837.3319811129104,1736.7798093487236,849.0355099752838,1184.955677504633,1337.8059199314494,1824.4099652075301,1727.0873771835777,845.8039256647522,1165.5686130476934,1334.5743945103068,36291.77266124838,97077.32502497318,66265.46756017442,15373.79933159024,4932.621915749008,347.37784619798845,35990.99570040049,96479.34431803085,65944.88118481169,15315.090347026375,4942.3209680828395,344.14607139101213,35727.258206675106,95999.43605414372,65586.283110282,15239.335695154523,4916.466347387725,344.1463658379573,35533.59437461648,95636.57218875231,65338.315122051805,15141.68982258404,4865.666404532451,344.1462015675563,35192.77775045376,94963.23907375989,64978.89397057178,15083.539065748102,4839.824363755245,340.91463609209245,140.39527877919815,522.4016203992508,288.305701418484,71.08556294441223,6.461505174636841,0.0,1028.649668715982,407.40867781452107,821.2524208807479,456.2773273028579,126.54845328143999,12.923085927963257,0.0,399.4427408798068,698.628426286286,517.7214277688195,104.832463351418,6.4623188972473145,0.0,188.9901032335618,361.20155575602666,247.15163292043349,35.53677988052368,12.923853874206543,0.0,254.41312061945598,616.3491416398217,256.0373347609651,32.3076491355896,6.461366891860962,0.0,268.1587824821472,655.7781680836397,342.45145575953467,58.49391388612635,9.692074298858643,0.0
"110,151",2498.07317821967,1771.421740727331,1960.0691103065715,1071.6795638018964,1926.61577241561,1285.702921854281,1754.4650525841057,1934.2394150818095,1055.5379627162336,1894.3287252678592,1279.2451619971032,39621.13900525524,95797.1005346691,55562.00853424914,11287.09222439878,1089.3472553337322,9.685162544250488,39508.50372827474,95516.40043472496,55384.453656191916,11303.255698720146,1079.6629599178539,9.685162544250488,39354.76977761586,94714.70606449632,55023.815306053904,11255.886368517782,1069.974881514381,6.456767320632935,39169.194821846715,94254.59778766167,54711.9688178558,11226.825011019613,1069.9764224136577,6.456767320632935,38694.82180221687,93258.58255234045,54123.48467852929,11090.104637602264,1050.6050053680644,6.456767320632935,1016.9726885272007,3452.1367335459763,1493.26117867208,184.0447700023651,12.91499137878418,0.0,6159.330362126406,303.1564184955522,959.4697292234384,424.0347132757598,54.89038944244385,12.913802146911621,0.0,324.86485481075215,1017.0756725741368,511.59261764358075,71.02153046364877,9.684739589691162,0.0,174.36416244506836,581.4365912577686,264.2161471161188,32.29221558570862,3.228846311569214,0.0,388.2503340655682,894.9878926323909,517.445619467193,87.18613076210022,6.4587483406066895,0.0,272.27180630553005,611.8190695407344,340.62945068490274,54.5248354659361,0.0,0.0
"111,151",2496.38840841833,5564.388796568852,5498.536304504732,4474.298711978688,4496.967235092088,4152.034469477336,5350.62534235225,5246.003784204932,4244.378739861881,4358.216541294023,4031.0497872857486,34291.563720101,72807.73861674422,31812.64482038722,6331.119127240835,2743.252865444445,904.6500259773404,33463.11870279032,70378.4737294113,30791.772891576617,6068.163172319823,2614.213406931185,857.8808716914233,32488.207721327803,67758.43278601684,29596.403143357296,5785.56869409505,2502.9139525273267,806.2629777571734,31465.25687184708,65648.13309825074,28790.822565368573,5579.453059346069,2349.66741029702,754.6473797938403,30459.898272402144,63530.472616220926,27836.577832447314,5449.059286858053,2257.724256661359,696.5807472846087,10475.33740809104,22735.107981785608,11614.699625261157,2466.628075623045,1143.493668012993,191.03872739567475,48626.30548616951,1105.1460619131724,2730.0484445964594,1126.6583974239875,243.59739674306383,125.81960821151733,19.355433464050293,1025.3062352096333,2634.496020527447,1184.5290081155067,241.98214673995972,114.52552337739982,45.16485023498535,938.7790778468636,2140.3206035211974,837.8288816377227,183.8885170282102,114.52765251701953,29.03400731086731,1001.8688623503142,2181.928719217637,962.2948157777973,133.08835325054093,59.680410877863565,19.355379819869995,918.5204647896337,1947.6891604161729,948.6598594600079,164.55725264549255,45.170950412750244,6.452099561691284
"112,151",2494.5528483496882,4649.321541425294,4092.064862953448,3285.2862723182234,3387.041854087979,3848.0167772872774,4530.352179804971,4030.796388136172,3101.497237713197,3290.3139886304443,3612.6679971320955,28150.628467121314,46508.04410520161,26923.708765640447,9895.071591213638,7205.019448363548,2877.479853525349,27179.88818519443,44416.832402240536,25787.528885501975,9630.683417156632,7074.801929939495,2822.659470904107,26018.653597037,42819.294466893814,24984.574824178915,9413.030327735227,6997.426708687053,2810.124860079148,25148.226744375042,41447.001815068485,24303.68649703568,9238.559986711953,6891.023275602565,2806.904550106385,24872.46946742675,40189.17764008279,23565.559245051587,8942.258216928034,6583.122308208429,2626.365897686341,12481.272795008677,25686.74172684445,16052.26001064637,5335.549430118824,1922.3205835089962,258.50897462975746,61736.65352075707,1118.1056814997803,1919.3638321941974,1086.6266205310822,274.0617847442627,119.29706692695618,12.897193908691406,1072.990024837793,1742.9684905080235,882.74218397047,225.70087313652039,90.27461075782776,16.12020492553711,784.6074196291905,1312.4987171378789,678.731195750891,203.1378207206726,109.62569832801819,12.89638614654541,564.3056807518005,1356.6547759794723,860.2547357194563,302.7534230260288,167.65298080444336,38.692392349243164,651.3432898521423,1411.9823875960183,941.5468361377716,356.2934929894466,219.25095391273499,32.251036643981934
"113,151",2492.433438515706,2704.187282446319,3507.932206840141,2861.641475284801,2611.0700857396223,2446.680469485825,2584.618411501716,3453.1554174133375,2755.330791795955,2527.308719610701,2304.920516463822,28907.71915739845,43714.697209225444,35626.35179653261,16993.855548452862,12483.628528565987,4070.262291365979,28405.479179049475,43015.8131901498,34990.27785353567,16758.902902117898,12277.848674021516,4067.0270532262093,27311.99102318147,41804.15249679229,33871.119804572125,16289.534922591378,12087.723014078889,4011.8924550477195,26703.23463627778,40454.91573989812,32878.40343268432,16022.073584309746,12021.122046433244,4037.6532613698173,26072.23585261925,39055.29740204998,31783.31514593386,15491.688642995498,11738.11461571712,3957.082578605764,5832.173878166722,11247.813958515842,10168.364555531856,4339.077494440827,1897.1486424184316,248.48670093498978,33733.06523000867,533.7742998600006,790.4550513426462,686.0166941091127,310.1452157497406,238.44617986679077,25.780970573425293,922.16071211123,1112.841041065665,915.4704161933824,344.7893726825714,141.78032779693604,16.113547563552856,680.5026272194059,961.6217248832478,704.0096966818268,277.0892126560211,112.7731876373291,19.33434271812439,488.1416028144313,842.7313531380074,706.3339568297067,312.8907682390774,148.20841240882874,29.002626180648804,380.6953467125986,774.0494435759151,608.9221813678741,354.3871624469757,161.08916807174683,25.777214288711548
"114,151",2490.4226113061763,3195.2475849460147,3361.931745280471,1577.76758889404,1526.307325379989,2279.6804897859984,3142.9229855892704,3300.7601039306787,1523.0355704232759,1397.5103490520928,2154.1109199598723,27778.822958981757,51943.12804429951,43202.31714791503,23965.54504297294,22878.45056652181,10466.511200363497,27121.037337248934,50580.11126972647,42169.328808192644,23657.087662521997,22690.961229421573,10373.54971931682,26543.721639049756,49399.18189483717,41138.19413181661,23283.00321037442,22422.247866162128,10056.766753533308,26660.74140444924,48945.85267531451,40489.81277551372,23069.126792719784,22267.5443785443,9852.618880086788,26471.878326180406,48558.479607240835,40138.477758103734,22903.53077724868,22089.783994598947,9763.932731812609,2747.298599469428,6684.255192321889,4275.6311431295735,1448.702346605413,501.13767268236944,20.129888750525083,15677.154842959197,586.9505341950585,1280.150722613989,957.152820003734,267.1698958294064,48.280014514923096,3.218998432159424,611.6964309215546,1311.1576735010333,991.9971160308988,295.7883438119701,86.9025981426239,3.2179415225982666,287.3415826535693,669.6413333079394,426.2078255999322,101.2187969862246,38.62603187561035,0.0,257.54949498176575,609.305545834934,374.7144248195723,120.5347469030642,35.40613651275635,0.0,440.5246146174038,820.1957714819441,635.8413688500723,193.16277933120728,64.386385679245,0.0
"115,151",2429.3557283672094,12.870436191558838,79.68293685352101,11.772719966664035,18.207964288487155,9.651860237121582,12.870436191558838,79.68293685352101,11.772719966664035,18.207964288487155,9.651860237121582,7070.81409028558,15891.3300527984,23325.016235970517,28819.482015169368,70394.57401393534,43269.70783919353,7075.642860774432,15867.204037621439,23315.551040964496,28792.58470095092,70270.68227348235,43172.343235917186,7011.316440228854,15709.415779945895,23117.399399495593,28534.68401422781,69622.80587265259,42369.8273967771,6979.154570226107,15722.289219496295,23112.94056286064,28372.488280172907,69377.49107353829,41882.114656396014,6988.798344497119,15718.259347918452,23076.33197760582,28362.54678307888,69234.31149052267,41734.70198726748,0.0,0.0,3.2170426845550537,3.2176003456115723,0.0,0.0,6.434643030166626,0.0,3.2176012992858887,0.0,6.435213327407837,3.2176215648651123,0.0,3.2175791263580322,17.867188756606158,22.86393021695754,26.081617007536046,9.652621746063232,0.0,0.0,0.0,6.775946847130271,4.9967731195337635,0.0,0.0,3.2176215648651123,3.217622756958008,3.558324090172263,4.99677407320808,3.2176218032836914,0.0,0.0,0.0,3.2173011302948,6.434559106826782,0.0,0.0
"116,151",2485.7065964455433,89.94845676422119,9.636116027832031,3.211915969848633,3.2125444412231445,0.0,83.52406549453735,9.636116027832031,3.211915969848633,3.2125444412231445,0.0,8997.03153577599,19167.203875218187,29006.69031258284,36010.81446127517,72464.41685199832,36847.5887481596,9025.94149390015,19276.436475430284,29148.879490506417,36174.688163509556,72645.03396991655,37031.455578629175,8977.744094760747,19233.86490097046,28959.34588087774,35993.88472970139,72375.04442113148,36707.611036010814,8958.456313999028,19180.055197856942,28914.360927712685,36008.88191831158,72159.68996044327,36424.885797210765,9067.693141610951,19276.443776748696,29080.67313182962,36095.63317191647,72324.26560994878,36494.14778726989,0.0,0.0,0.0,0.0,0.0,0.0,0.0,6.424994468688965,6.425077199935913,19.274439811706543,22.487326860427856,28.912227153778076,0.0,0.0,0.0,0.0,0.0,9.636116027832031,0.0,0.0,0.0,0.0,0.0,3.211915969848633,0.0,0.0,0.0,0.0,3.2125444412231445,0.0,0.0,0.0,0.0,0.0,0.0,0.0,0.0
"117,151",2483.127343486766,135.596737167882,51.34937071800232,11.239462870242548,28.885780811309814,22.46707773208618,135.596737167882,51.34937071800232,11.239462870242548,25.67642331123352,22.46707773208618,13565.294076371658,23226.320873936485,36096.544580494185,47313.36636896695,72436.16330669347,18267.066827760955,13613.463311124313,23261.654565056633,36138.29806832706,47366.27168038874,72574.07385537299,18443.622152315398,13594.196943450439,23253.620046891418,36099.761103910554,47355.75171016712,72614.34988367232,18498.19456838252,13633.458188894681,23240.779184617248,36154.31736545001,47401.628961267656,72662.50481117752,18491.75821159961,13649.518608930997,23296.140603360942,36225.028467231634,47477.85056083249,72801.37688815733,18563.991557146517,0.0,6.418652772903442,12.837366819381714,23.27155521243226,12.836769580841064,0.0,55.36434438555848,0.0,9.627960443496704,39.31774379973318,35.30278182029724,51.34825110435486,0.0,0.0,6.4185404777526855,16.046675443649292,16.046799659729004,12.837355136871338,0.0,0.0,0.0,3.209320068359375,8.030142801883173,0.0,0.0,0.0,3.209667682647705,3.209357500076294,6.41937255859375,12.838025569915771,0.0,0.0,3.2096304893493652,9.628941059112549,3.2096304893493652,6.418875694274902,0.0
"118,151",2480.4017190755753,0.0,0.0,0.0,0.0,0.0,0.0,0.0,0.0,0.0,0.0,12724.068978503174,23254.552174611188,35927.03566830205,41238.95385124262,57140.51005469304,14722.83680980813,12741.883128623404,23188.64925396957,35822.85740596734,41124.111691065395,57001.68070574275,14658.70229595315,12791.41295571608,23221.534161910822,35811.49268917383,41122.47343840131,57109.77243921991,14669.912836063608,12785.884244159624,23186.285747155955,35709.764154812874,41046.209419506675,57145.42117544344,14742.058830858678,12753.825517448726,23203.742762883503,35723.466761032745,41056.63731601098,57227.97744294055,14814.193783060708,0.0,0.0,0.0,0.0,0.0,0.0,0.0,0.0,0.0,0.0,0.0,0.0,0.0,0.0,0.0,0.0,0.0,0.0,0.0,0.0,0.0,0.0,0.0,0.0,0.0,0.0,0.0,0.0,0.0,0.0,0.0,0.0,0.0,0.0,0.0,0.0,0.0
"119,151",2477.5306260859898,0.0,0.0,0.0,0.0,0.0,0.0,0.0,0.0,0.0,0.0,10867.742042976266,20122.878801513187,29185.923882584477,31421.210571733172,40335.60105048628,9567.497783573936,10915.03496278875,19932.488398567835,28885.359342916337,31184.531194945877,39729.33281063004,9489.034330568127,10827.146240475598,19667.243192407197,28336.055165197336,30521.57191739924,38903.42712797932,9390.300684480106,10841.017582065919,19630.639393282872,28209.515340207603,30250.687266075845,38725.886543061686,9459.945343343883,10866.906567910139,19587.84678041234,28082.891085835996,30120.444727511498,38502.2241601383,9481.55009891566,0.0,0.0,0.0,0.0,0.0,0.0,0.0,0.0,0.0,0.0,0.0,0.0,0.0,0.0,0.0,0.0,0.0,0.0,0.0,0.0,0.0,0.0,0.0,0.0,0.0,0.0,0.0,0.0,0.0,0.0,0.0,0.0,0.0,0.0,0.0,0.0,0.0
"120,151",2474.515013632871,0.0,0.0,0.0,0.0,0.0,0.0,0.0,0.0,0.0,0.0,7345.266333466884,15825.56148829086,22113.525764204474,24576.282072054175,42934.07905476981,21325.812429547776,7285.00789861866,15631.246117381486,21716.280091428758,24136.390067517525,41939.716012022545,21132.8705197568,7264.205657141816,15549.887755523006,21534.952085717523,23977.43269826384,41761.45163888744,21234.632897463965,7281.534991916955,15647.985824396093,21756.014411433538,24166.478446260153,41966.557041332766,21367.016872808046,7278.857819676866,15767.666653100181,21817.58945838891,24231.763978295236,42152.35961209839,21371.48194146343,0.0,0.0,0.0,0.0,0.0,0.0,0.0,0.0,0.0,0.0,0.0,0.0,0.0,0.0,0.0,0.0,0.0,0.0,0.0,0.0,0.0,0.0,0.0,0.0,0.0,0.0,0.0,0.0,0.0,0.0,0.0,0.0,0.0,0.0,0.0,0.0,0.0
"121,151",2471.3558764464506,0.0,0.0,0.0,0.0,0.0,0.0,0.0,0.0,0.0,0.0,6572.6100128529115,11852.853383198906,16509.254036090886,18632.48715456701,54517.16456110898,74102.62122060459,6557.41149610164,11873.635756071875,16550.77218813896,18656.405018842925,54619.26049310927,74227.3627719954,6570.1890425074325,11883.21880155451,16551.12076719041,18653.21575955223,54752.58461841602,74427.93396053127,6605.327571808122,11911.960523661444,16569.951348368326,18640.7940854484,54858.256317723964,74602.48630931892,6576.579041658662,11884.025670012305,16486.120403045763,18596.899198801377,54554.73508226264,74190.90758510292,0.0,0.0,0.0,0.0,0.0,0.0,0.0,0.0,0.0,0.0,0.0,0.0,0.0,0.0,0.0,0.0,0.0,0.0,0.0,0.0,0.0,0.0,0.0,0.0,0.0,0.0,0.0,0.0,0.0,0.0,0.0,0.0,0.0,0.0,0.0,0.0,0.0
"122,151",2468.0542542097064,0.0,0.0,0.0,0.0,0.0,0.0,0.0,0.0,0.0,0.0,8582.277864040112,14654.291839794083,18855.947577077266,21736.354880268427,62544.06349347994,78374.30553627855,8588.658997834897,14670.240746454163,18859.118492127396,21796.961719925257,62696.174460135255,78628.53965121905,8595.02910786984,14706.114645133297,18879.503930601415,21857.541995222422,62753.905405076344,78784.44155506526,8626.924521507,14708.50518722908,18901.83077791625,21892.26040389771,62799.013888415175,79013.70431340535,8629.308600517346,14667.013174966736,18878.691543212586,21868.85793585216,62585.60164554821,78607.33476548194,0.0,0.0,0.0,0.0,0.0,0.0,0.0,0.0,0.0,0.0,0.0,0.0,0.0,0.0,0.0,0.0,0.0,0.0,0.0,0.0,0.0,0.0,0.0,0.0,0.0,0.0,0.0,0.0,0.0,0.0,0.0,0.0,0.0,0.0,0.0,0.0,0.0
"123,151",2464.61123087194,0.0,0.0,0.0,0.0,0.0,0.0,0.0,0.0,0.0,0.0,8073.984348081141,13659.676434880612,17077.268038516882,18955.754956682056,57390.89753124947,77319.17816629409,8077.155406974345,13701.084631091473,17112.305007701758,19022.654517371982,57423.81570445322,77634.5278699772,8128.1394469962415,13771.162705785153,17172.456861725037,19054.13769454208,57645.173620753194,77881.6632750025,8112.203669332057,13809.366647368786,17250.299751503324,19156.051724617155,57919.11137300005,78312.01033327534,8123.3376693491855,13838.02916539323,17275.779458505964,19166.63641198196,58046.086268846666,78488.24429581025,0.0,0.0,0.0,0.0,0.0,0.0,0.0,0.0,0.0,0.0,0.0,0.0,0.0,0.0,0.0,0.0,0.0,0.0,0.0,0.0,0.0,0.0,0.0,0.0,0.0,0.0,0.0,0.0,0.0,0.0,0.0,0.0,0.0,0.0,0.0,0.0,0.0
"124,151",617.9279286130625,0.0,0.0,0.0,0.0,0.0,0.0,0.0,0.0,0.0,0.0,1958.6596845402437,3767.8726830435735,5010.335574241713,5391.479678591561,15945.492716679852,17321.471771372064,1955.477862478705,3771.054490561579,5013.519215913848,5381.931806286644,15955.035909543316,17287.411935278946,1952.2943743481355,3774.2390623045903,5029.37362395455,5391.819650978202,15954.67027048223,17249.222991177612,1971.3920770897585,3796.4930250308093,5053.415766171849,5395.003052801246,16021.504946986364,17293.0050005866,1974.5743047013002,3806.038621153551,5056.624280138577,5391.819915622825,16083.72994899469,17386.09307831315,0.0,0.0,0.0,0.0,0.0,0.0,0.0,0.0,0.0,0.0,0.0,0.0,0.0,0.0,0.0,0.0,0.0,0.0,0.0,0.0,0.0,0.0,0.0,0.0,0.0,0.0,0.0,0.0,0.0,0.0,0.0,0.0,0.0,0.0,0.0,0.0,0.0
"91,152",280.44872036213644,0.0,0.0,0.0,0.0,0.0,0.0,0.0,0.0,0.0,0.0,215.60268265125796,12.93405795097351,0.0,0.0,0.0,0.0,241.81372994441614,12.93405795097351,0.0,0.0,0.0,0.0,261.2148262884103,12.93405795097351,0.0,0.0,0.0,0.0,317.79481556742803,12.93405795097351,2.612061018102309,0.0,0.0,0.0,326.0507414023082,12.93405795097351,2.612061018102309,0.0,0.0,0.0,0.0,0.0,0.0,0.0,0.0,0.0,0.0,0.0,0.0,0.0,0.0,0.0,0.0,0.0,0.0,0.0,0.0,0.0,0.0,0.0,0.0,0.0,0.0,0.0,0.0,0.0,0.0,0.0,0.0,0.0,0.0,0.0,0.0,0.0,0.0,0.0,0.0
"92,152",2502.397985683287,0.0,0.0,0.0,0.0,0.0,0.0,0.0,0.0,0.0,0.0,51354.82932420525,3998.0331993804257,353.39011668410956,93.80936455726624,74.40103435516357,38.81781816482544,54619.3693846581,4137.122008632211,364.15968143332236,100.27860450744629,71.16619896888733,38.81797766685486,57484.850550784315,4311.8024678931515,373.86437618124717,100.27906608581543,74.4013364315033,42.05236840248108,60482.263588944596,4589.985165427713,377.09927522528403,113.21838593482971,90.57553124427795,58.22615313529968,62457.651378715724,5174.370689465019,532.366966122272,119.68846464157104,116.45358085632324,61.46090030670166,0.0,0.0,0.0,0.0,0.0,0.0,0.0,0.0,0.0,0.0,0.0,0.0,0.0,0.0,0.0,0.0,0.0,0.0,0.0,0.0,0.0,0.0,0.0,0.0,0.0,0.0,0.0,0.0,0.0,0.0,0.0,0.0,0.0,0.0,0.0,0.0,0.0
"93,152",2503.4747543893723,0.0,0.0,0.0,0.0,0.0,0.0,0.0,0.0,0.0,0.0,29763.61662039383,25786.471365135792,20130.924184241947,6709.919919755412,1739.8841983580123,485.339971780777,30089.603452798434,26725.223853496478,21266.017161287044,6977.686779211082,1801.3619449419134,511.22273325920105,31663.922913921582,27650.54045381079,22079.15345916467,7276.1873145103455,1917.3918448345335,550.0490362644196,32410.123817228803,28344.037536910004,22355.63054084123,7478.428903835896,1975.6406575100095,611.523166179657,34074.39007177915,28864.23487895704,22729.815693109176,7597.263919232874,2026.8690889162176,611.5220220088959,0.0,0.0,0.0,0.0,0.0,0.0,0.0,0.0,0.0,0.0,0.0,0.0,0.0,0.0,0.0,0.0,0.0,0.0,0.0,0.0,0.0,0.0,0.0,0.0,0.0,0.0,0.0,0.0,0.0,0.0,0.0,0.0,0.0,0.0,0.0,0.0,0.0
"94,152",2504.398376071177,0.0,0.0,0.0,0.0,0.0,0.0,0.0,0.0,0.0,0.0,71995.2808070136,24146.445851247452,10200.566803388034,3388.645182283252,891.080003933813,80.91540288925171,72144.18871302044,24330.93842871049,10457.980765925202,3556.951907785266,907.2620627450008,74.44190645217896,73472.13869574675,25103.842900612774,11074.058631188262,3754.387887389987,978.1114422985152,90.62562608718872,74560.77403339591,26020.534991779517,11590.509090672287,4000.36649483232,1042.84312674485,97.09902024269104,76292.69926508922,26566.700246694978,11941.271729211247,4129.119892060524,1077.3652907717462,100.33550715446472,0.0,0.0,0.0,0.0,0.0,0.0,0.0,0.0,0.0,0.0,0.0,0.0,0.0,0.0,0.0,0.0,0.0,0.0,0.0,0.0,0.0,0.0,0.0,0.0,0.0,0.0,0.0,0.0,0.0,0.0,0.0,0.0,0.0,0.0,0.0,0.0,0.0
"95,152",2505.1685386131367,0.0,19.429906845092773,6.476558685302734,0.0,0.0,0.0,19.429906845092773,6.476558685302734,0.0,0.0,67812.40789813154,48787.390887520356,12538.692991006143,1496.4792195927862,585.853403895509,158.6792392730713,71324.94899652145,51021.85166083879,13095.99292887426,1564.4799927842382,602.0452302390454,161.91762447357178,74588.57489768478,53251.72415739602,13750.40095988816,1655.1427358758215,608.5214601451275,165.1560037136078,77528.83011144843,55112.89582047931,14257.949234176152,1723.139866508222,618.2365256244061,165.1560037136078,78643.40655230728,55778.54251740026,14186.982466264802,1723.1415142190222,618.2372151309369,168.39437437057495,0.0,0.0,0.0,0.0,0.0,0.0,0.0,0.0,0.0,0.0,0.0,0.0,0.0,16.191577196121216,3.2383296489715576,0.0,0.0,0.0,0.0,6.476558685302734,0.0,0.0,0.0,0.0,0.0,0.0,0.0,0.0,0.0,0.0,0.0,0.0,0.0,0.0,0.0,0.0,0.0
"96,152",2505.7849816008684,42.10502481460571,255.87555122375488,116.5973756313324,6.4776153564453125,6.4780402183532715,42.10502481460571,255.87555122375488,113.3588547706604,6.4776153564453125,6.4780402183532715,90931.88914876636,39541.02393846137,13048.734459329118,4492.229619078543,3270.4493586418675,576.472419500351,91760.93335418793,41073.16789591358,13767.721392322053,4685.738121649798,3361.1282181141423,599.1436786651611,92186.60164499936,41999.03777750426,14127.20440022992,4721.362637183245,3383.79971092916,599.1441476345062,92822.14924387557,43026.01031410179,14530.410944857316,4767.51768098158,3369.218476635802,602.3831944465637,92876.34446954259,43419.63685694488,14626.506407022478,4751.327980139677,3297.972096783507,599.1459715366364,0.0,0.0,0.0,0.0,0.0,0.0,0.0,25.910719871520996,12.955297946929932,3.239006996154785,0.0,0.0,0.0,187.86003851890564,64.77669548988342,3.2388172149658203,0.0,0.0,0.0,77.73248839378357,29.14873456954956,3.23881459236145,3.2388172149658203,0.0,0.0,6.4776153564453125,0.0,0.0,0.0,0.0,0.0,6.4780402183532715,0.0,0.0,0.0,0.0,0.0
"97,152",2506.2474964954768,29.155113220214844,764.8796746029573,368.47081118751976,35.63217806816101,16.196820974349976,29.155113220214844,764.8796746029573,365.23121672798607,35.63217806816101,16.196820974349976,135850.5662290648,55793.69243780304,6237.588420198477,932.1042762382358,417.86549973487854,9.717753410339355,136350.95824683228,55920.02762976814,6273.220735834158,938.582937298569,421.1046624183655,6.478477239608765,136788.77152916684,56095.58532485401,6286.177104518927,948.3002277000278,417.8652482032776,6.478477239608765,137202.8323142379,56323.155961765966,6354.203668640173,964.4968071563571,453.49751377105713,6.478477239608765,137287.44170442657,56230.66528616232,6344.486144588507,941.8213756664127,421.1049280166626,6.478477239608765,0.0,0.0,0.0,0.0,0.0,0.0,0.0,29.155113220214844,0.0,0.0,0.0,0.0,0.0,677.4177786602693,80.98357367515564,3.239123582839966,0.0,3.239198684692383,0.0,314.21593856811523,51.01527815987082,0.0,0.0,0.0,0.0,29.15358018875122,6.47859787940979,0.0,0.0,0.0,0.0,12.957580089569092,3.239240884780884,0.0,0.0,0.0,0.0
"98,152",2506.555926771111,61.55535078048706,2303.092054675607,294.81844186782837,352.321728069642,398.4922318458557,55.075783252716064,2273.934241364984,294.81844186782837,352.321728069642,395.2524480819702,162575.9849086107,22392.195679144766,2122.093210697174,197.6311457157135,3.239844560623169,0.0,163390.85565372635,22670.818848805335,2157.731769800186,197.63113141059875,3.239844560623169,0.0,162062.19616184515,22731.561698205798,2170.6907637119293,204.1108751296997,3.239844560623169,0.0,162662.150101298,23008.736592948204,2215.2348297100443,207.35074615478516,3.239844560623169,0.0,163014.0928344306,23219.326778352028,2237.914084003486,206.5375159403857,9.719544172286987,0.0,3.239795207977295,0.0,0.0,0.0,0.0,0.0,3.239795207977295,51.83607864379883,3.2397046089172363,0.0,0.0,0.0,0.0,2228.576941798715,45.35729956626892,0.0,0.0,0.0,0.0,285.0990617275238,6.479542016983032,3.239838123321533,0.0,0.0,0.0,339.36252744899076,12.959200620651245,0.0,0.0,0.0,0.0,379.05352330207825,16.198924779891968,0.0,0.0,0.0,0.0
"99,152",2506.7101680197234,74.51879930496216,1597.297179222107,126.35830545425415,492.47312211990356,343.4348027706146,68.03891611099243,1571.3775596618652,119.8783700466156,489.23317527770996,343.4348027706146,100484.63108849151,57958.47236760925,5040.527245551464,191.15813660621643,6.479974031448364,0.0,102133.14876398946,59030.18303950814,5157.166603595135,194.39812803268433,3.239987373352051,0.0,102351.85087438191,59444.99609758433,5189.5673654378625,191.1582112312317,3.239987373352051,0.0,104958.4786993887,61279.63683416703,5422.032392455082,204.1181502342224,3.239987373352051,0.0,105827.6052927756,61651.43318827385,5441.47196502779,204.11817336082458,3.239987373352051,0.0,0.0,0.0,0.0,0.0,0.0,0.0,0.0,16.199756383895874,48.59921646118164,3.239943265914917,0.0,0.0,0.0,952.5460398197174,563.7522578239441,55.079262018203735,0.0,0.0,0.0,58.31921863555908,58.31918382644653,3.2399675846099854,0.0,0.0,0.0,340.1950469017029,139.31829071044922,9.719837665557861,0.0,0.0,0.0,233.2763273715973,110.15847539901733,0.0,0.0,0.0,0.0
"100,152",2506.710168019676,3.2399935722351074,825.3464830099367,84.2397198677063,100.43901109695435,61.559388160705566,3.2399935722351074,822.1064899145388,80.99972486495972,93.95914626121521,58.3194785118103,65461.319050983344,57504.510326393916,5521.416011208178,225.98530570665994,3.239917278289795,0.0,71340.1961506647,61921.92704108744,5899.677839211856,229.22513739267984,3.239917278289795,0.0,74630.89100489243,63979.5516040933,6038.996187184839,232.46508185068765,6.479898691177368,0.0,78913.84769972353,66703.25409894176,6290.607946836248,251.90489546457925,9.719815254211426,0.0,81384.99562028717,68145.38048692778,6444.042521163527,268.1047884623209,9.719815254211426,0.0,0.0,0.0,0.0,0.0,0.0,0.0,0.0,3.2399935722351074,0.0,0.0,0.0,0.0,0.0,388.7862377877329,418.7466442332548,14.573607893551097,0.0,0.0,0.0,42.1198410987854,29.15992259979248,9.719961166381836,0.0,0.0,0.0,77.75930523872375,16.199841022491455,0.0,0.0,0.0,0.0,45.35959768295288,12.959880828857422,0.0,0.0,0.0,0.0
"101,152",2506.5559267711756,0.0,38.87581157684326,6.479331731796265,42.11634588241577,6.479339599609375,0.0,29.156951904296875,0.0,32.396740674972534,6.479339599609375,43682.86572784816,44490.20874116094,4956.536296920216,174.94782972335815,0.0,0.0,46311.65508530281,47746.79032248609,5538.064254360574,200.86562967300415,0.0,0.0,49581.5903422365,51789.79609700091,5965.712948160546,204.10540437698364,0.0,0.0,55220.472487485174,57407.72126694661,6472.182410072814,204.10540437698364,0.0,0.0,58387.86345809113,60630.75039987191,6740.713772125806,213.8245813846588,0.0,0.0,0.0,0.0,0.0,0.0,0.0,0.0,0.0,0.0,0.0,0.0,0.0,0.0,0.0,19.43791389465332,9.719038009643555,0.0,0.0,0.0,0.0,0.0,0.0,0.0,0.0,0.0,0.0,12.95864987373352,19.438090801239014,0.0,0.0,0.0,0.0,0.0,0.0,6.479339599609375,0.0,0.0,0.0
"102,152",2506.2474964954736,0.0,113.38234853744507,84.22580218315125,9.717858791351318,6.479146480560303,0.0,74.50789523124695,84.22580218315125,9.717858791351318,3.2395553588867188,66912.18480875352,62147.571400691006,6468.614678437104,384.2128867972131,22.67529034614563,0.0,69761.34141684044,64317.8941709266,6600.615851757575,387.45235966327147,22.67529034614563,0.0,72269.68686476875,66593.23659319036,6862.187031011022,390.69148086192564,22.67529034614563,0.0,74471.67223424817,68671.32885627559,7124.573896865285,406.88816569926695,22.67529034614563,0.0,76996.95631461889,70673.62472905552,7325.417930821813,423.08556460025267,22.67529034614563,0.0,0.0,0.0,0.0,0.0,0.0,0.0,0.0,0.0,0.0,0.0,0.0,0.0,0.0,48.59187412261963,25.91602110862732,0.0,0.0,0.0,0.0,61.54966711997986,22.676135063171387,0.0,0.0,0.0,0.0,3.2392868995666504,6.478571891784668,0.0,0.0,0.0,0.0,3.2395553588867188,0.0,0.0,0.0,0.0,0.0
"103,152",2505.784981600907,544.1410000324249,5344.129773855209,404.85323429107666,64.77628135681152,45.34317350387573,544.1410000324249,5308.502909183502,404.85323429107666,64.77628135681152,45.34317350387573,87509.96602436421,74241.33027277834,6275.471833932166,642.6278141283522,74.48766684532166,19.43063521385193,91556.8218059652,78972.79998738907,6709.4643764374305,652.3434620642195,68.01048636436462,19.43063521385193,91305.33204329622,79668.36643351575,6887.597261655097,652.3431285166273,71.24889326095581,16.19219136238098,93147.9437946198,81344.42956079596,7026.866463649039,655.5818639540205,71.24903917312622,16.19219136238098,93924.89158581472,82536.66987589761,7094.881931292777,668.536486937953,74.48750019073486,16.19219136238098,129.55441045761108,12.955600023269653,0.0,0.0,0.0,0.0,142.51001048088074,359.52038526535034,168.42540335655212,16.19521141052246,0.0,0.0,0.0,2921.464955329895,2276.9145181179047,110.12343573570251,0.0,0.0,0.0,129.55349373817444,259.10569882392883,16.19404172897339,0.0,0.0,0.0,29.149070024490356,35.62721133232117,0.0,0.0,0.0,0.0,9.716525316238403,35.62664818763733,0.0,0.0,0.0,0.0
"104,152",2473.301421124774,152.17897725105286,1306.1848110825406,1356.6639294624329,1199.6372445162606,600.3268220966937,152.17897725105286,1306.1848110825406,1356.6639294624329,1199.6372445162606,600.3268220966937,101810.83927432697,83993.15807491563,8627.64450369442,534.9873502198387,58.28750205039978,0.0,101726.50075498655,84003.67466266107,8604.977634530907,528.5107400361229,58.28750205039978,0.0,100619.51250214952,83270.86449187782,8562.887699466592,528.5105245057274,58.28750205039978,0.0,98391.0293273393,82605.08401749648,8530.510341268426,518.7970466557671,58.28750205039978,0.0,95684.99273985694,82195.38189609564,8492.471517489937,525.2728502694298,58.28750205039978,0.0,0.0,0.0,0.0,0.0,0.0,0.0,0.0,116.56506419181824,32.376397371292114,3.237515687942505,0.0,0.0,0.0,675.9104472468881,597.8976860841115,32.37667775154114,0.0,0.0,0.0,821.368883450826,509.393905321757,22.663466453552246,3.2376742362976074,0.0,0.0,716.6862897078197,448.14933152853274,34.80162327990812,0.0,0.0,0.0,260.37382107435485,291.3885905742645,48.56441044807434,0.0,0.0,0.0
"105,152",2504.398376071272,2512.633376948974,6473.08381744366,1610.4110381649991,1527.3704585991654,1930.2481423462139,2460.848135583541,6466.610704145244,1610.4110381649991,1524.1332004032884,1917.3011318290935,66784.41474254832,125388.71695376564,38783.766042816875,4576.93130905862,270.08705087643045,0.0,66258.19474520403,124186.16671857647,38334.659955891446,4554.27421505685,266.85021944980997,0.0,64386.0768710847,120529.2932791925,37566.0931124201,4502.48484046693,263.61368509273905,0.0,63861.05809885941,119715.12853117549,37318.66459249421,4505.722541882946,266.85021944980997,0.0,63370.13446252673,118876.43428693285,37066.570446796046,4489.539860322429,263.61363049488443,0.0,106.81591963768005,268.65605568885803,61.499714612960815,3.2371788024902344,0.0,0.0,440.20886874198914,705.6128885746002,1296.4197763573889,439.3950337924209,16.18376851081848,3.236668348312378,0.0,1961.6850455891854,3697.52179850223,768.5639309499778,38.83992910385132,0.0,0.0,499.16430428355346,847.6339762369792,257.13874121647257,6.474016427993774,0.0,0.0,497.3703698803397,779.3371158300662,234.47945304851905,12.946261644363403,0.0,0.0,541.6279829586254,1045.5148599147797,301.0238811969757,29.13440775871277,0.0,0.0
"106,152",2503.474754389284,5941.5833919366205,19056.440800572378,3718.2594514398015,3104.83723990216,4400.618543856752,5808.913384946188,19049.968855048162,3715.0237491635717,3101.6015187908624,4400.618543856752,52755.83240244435,112093.01036500836,58933.489868321136,7046.621789468504,584.2040824918186,0.0,51053.79181144285,109319.15778015828,57807.572224170086,6985.139512790419,587.4399619130527,0.0,46146.88374228665,99038.32801166888,54121.12738715994,6820.922506548377,580.9683399228488,0.0,45380.62446412479,97096.84953162435,53404.23387919969,6791.801551081153,577.7326896218692,0.0,44508.76740449457,95397.14273337663,52756.731782779505,6765.91430256507,571.2613470582401,0.0,310.64128732681274,838.0858519077301,291.2264769077301,25.8856041431427,3.2360708713531494,0.0,1469.0752911567688,1770.7197846665101,2832.101990949406,1134.9037221384983,71.18788719177246,0.0,0.0,4887.496518634347,10257.705684304705,3712.240505165212,189.29018455299678,3.235962390899658,0.0,878.6906519973979,2064.43510741346,739.5416872529422,32.35630249977112,0.0,0.0,810.3816551292645,1616.3866903837989,648.9466376332675,25.88653564453125,0.0,0.0,916.3870797559327,2361.401807976704,1058.1159527301788,64.71370339393616,0.0,0.0
"107,152",2502.3979856833366,2194.5478251877953,7960.184490015928,1555.0840322531906,3157.6041132412706,3074.2295223348283,2155.742720455282,7960.184490015928,1555.0840322531906,3157.6041132412706,3064.5272322766923,72449.56776632795,100642.81261307962,53720.31244572192,7379.08117705233,248.23960764267866,0.0,71813.26360393413,99654.7776970901,53282.71191817079,7327.330742176841,245.0047643885893,0.0,68676.29332805522,96290.46068903981,51951.64978787105,7220.592831190895,238.535365413217,0.0,67933.10072246159,95708.20291283647,51760.841734299946,7214.1254430378185,235.30164534905379,0.0,66036.13481623144,94553.50918008768,51333.91479974354,7168.843941267799,241.771547387628,0.0,646.7691297531128,570.7932076014724,287.82393884658813,33.949130230323945,0.0,0.0,1539.3354064314974,590.3037857625999,1026.8459540067934,473.90342670982955,61.454710721969604,3.2348432540893555,0.0,3136.9586131572723,3334.3975472450256,1362.6851964501775,122.90871071815491,3.234422445297241,0.0,787.6711818190182,540.210828962513,217.5009869257609,6.4673144817352295,3.233720064163208,0.0,1651.1780935203328,1093.24719525412,380.83363131915826,32.3451931476593,0.0,0.0,1499.19069871061,1123.0601747232326,416.39957427978516,25.876784563064575,0.0,0.0
"108,152",2501.168433562941,7866.627953548057,9233.91218421132,2102.944916836421,2987.2064054956622,3615.173981235541,7792.2618086525035,9224.212866994447,2093.2462237993877,2977.509170626659,3592.5441403847108,86232.7496933881,77056.49497498438,29839.372702255438,3955.123617427489,269.28151377696616,9.697359323501587,83428.89818651255,73564.0754004731,28252.81184835528,3757.9207115341633,230.48825463313682,9.697359323501587,79692.51527670317,69826.74912257944,26713.162296633633,3596.277569310805,220.79078063029868,9.697359323501587,78852.79835997187,69092.19189086054,26334.91456542483,3538.088151471755,214.32485541362388,6.4651172161102295,77541.02729625047,67895.21462275095,25861.30989346972,3470.201381700179,204.62648495692832,6.4651172161102295,5528.553731441498,5109.88722392344,2190.3744149750355,284.5053095817566,6.465520858764648,0.0,13119.786200780494,2691.425134933696,3382.52031899714,1550.1965300737643,151.9528579711914,16.166966676712036,0.0,3678.1871271479367,3815.6411150352624,1568.7416008435043,158.41021704673767,3.232806921005249,0.0,872.0408984932245,791.2274548418382,375.01994729042053,51.72448515892029,3.233438014984131,0.0,1406.325407743454,1120.2024632444568,402.4889123439789,42.026278018951416,6.466109275817871,0.0,1739.3052535057068,1304.4592727707882,477.65981497110107,71.11979913711548,0.0,0.0
"109,152",2499.786512890515,3933.970639296139,4974.312073454203,2868.2085929459217,2839.343099656759,1949.233760162428,3908.127403088177,4920.832675004473,2848.824924284804,2816.7281945378168,1862.0074210606367,60163.55145535002,80847.54068483466,37692.493551379564,4846.006402314879,315.1901383231668,0.0,58824.59187222182,79133.6233264652,37056.05772552209,4784.623064817168,299.0367591212778,0.0,57015.42495806638,77079.65297404646,36348.19873231252,4732.9328125130905,305.4979100059061,0.0,55963.89321307014,75584.51628456303,35693.14796282637,4619.851394237257,286.1133141349344,0.0,54674.389689438955,74162.89487540303,35367.63978729528,4603.698123277403,279.65110300288484,0.0,1945.791060770259,2506.078757617053,675.8369201295516,45.22658085823059,3.2308099269866943,0.0,5176.164129302081,1381.6965496680316,1797.9298679791245,676.8137219522514,48.45681428909302,3.2304491996765137,0.0,1999.7984458801793,2147.756374010385,718.3570436991896,54.92081141471863,0.0,0.0,991.9288733005524,1301.1904690807942,474.9328830242157,74.31140375137329,6.461295127868652,0.0,1162.680658985587,1322.08389971116,296.42309347694993,32.308879137039185,3.231663227081299,0.0,680.3021319585688,890.9247333769705,284.3201742172241,3.2303504943847656,3.2300310134887695,0.0
"110,152",2498.252689503422,12800.187369597194,8722.766452110514,3292.4443337131947,3843.879329771154,2527.5176958878837,12652.4614505665,8636.31912853858,3256.925161998412,3801.9043339196373,2488.7707836469017,49932.51379710927,98063.40749170547,46068.262652988065,5721.08164769528,472.0886896628959,29.052490234375,46675.065340794776,92199.55748401997,43240.84419151382,5477.863050490734,462.4041627425773,29.052490234375,44442.18675812273,88744.6710299978,41308.564785315015,5266.942858695048,446.263762809716,29.052490234375,43871.26894675798,87394.65211725516,40491.91483199831,5177.638378795923,446.2623494643791,25.824500799179077,42945.642219522895,85565.48366803,39705.93967584162,5064.631611999811,443.033933021508,19.368272066116333,5190.499583865147,12828.849312529845,6628.132561056286,862.0043245287502,25.827563524246216,0.0,25535.313345504277,3378.7281721105765,6052.402449716306,2952.2866809788875,256.1306500743417,12.913497686386108,0.0,2413.1744473980925,3845.043649120892,2115.523818701389,243.2075395892648,19.36967372894287,0.0,706.0812295857597,1561.7615866464726,883.6323714059941,98.99312430830562,3.22886061668396,3.227989435195923,983.7381459591435,1876.1484661915724,825.785130855149,106.54811716079712,6.456476449966431,3.227997303009033,560.0771812139773,1160.2342187068043,678.0572214126587,87.17414951324463,3.228012800216675,0.0
"111,152",2496.567479904931,6224.0627080721015,3770.9799105101943,2234.0027831143025,2129.1109143191693,3458.079204241435,6015.1413237553015,3613.6878215686947,2170.28157304689,2041.9917975360272,3380.633301417033,21234.805032434655,55241.759164486684,36396.237670871335,7559.104718589784,2012.9472407275555,693.8303332328796,20177.82633374439,53058.397994827756,34480.86659769639,7160.041583919527,1919.368170636308,658.3314783573151,19538.13734895015,51519.64695937118,33446.852929293884,6984.45217855678,1861.2887071544048,648.6505448818207,19326.308517109184,50741.45582716793,32835.54848947993,6825.261361439089,1825.7929309779522,651.877810716629,19106.08297500237,49942.57397286472,32258.03335312582,6670.834452399086,1806.43539871515,645.424250125885,22895.450623209334,50852.31367339901,24177.871866078476,3891.452090896345,426.6128362375147,45.178264141082764,102288.87935396175,1067.4692145945978,2374.002468134375,2042.3004479492413,395.8365364074707,100.03340244293213,35.49925422668457,662.8366915356879,1639.590538446576,1067.0937398274739,189.31358218193054,48.39883828163147,6.4544312953948975,368.9173001448313,950.5476100341946,669.0394004185995,162.41641497612,19.36084747314453,0.0,335.5763773918152,871.920908353843,631.6608182159125,154.43188578942244,32.266974210739136,16.134833574295044,619.5220010280609,1583.2977158228555,903.5237483978271,229.1135070323944,35.4953088760376,9.681020259857178
"112,152",2494.7314509182984,4697.486977245293,2765.4469375040017,2020.8817955306931,2113.0448862730286,1919.6880030351526,4059.022680665932,2576.2405759334565,1875.7842315486832,2045.3305927931094,1839.0854217725641,20114.549121589283,18005.750689319535,8641.527012117236,3617.763765700658,2228.454367576861,270.1023796848222,18841.582728916055,16335.677777623197,7879.2752773621505,3356.992008817897,2096.6249459276014,260.42972672499866,17877.846618718726,15383.571024262674,7409.412532614726,3260.9987290503927,2019.252725649815,257.5622405435525,17026.2398889953,14352.966324386412,7164.74975805563,3186.8467953803492,1983.782375384312,254.3386496927224,16461.944552748813,13874.66522076738,6781.433041547326,2974.3929896205073,1880.5993161687663,244.66586536426172,41542.996188817306,64886.16194253623,31168.91074231092,8167.524662798526,2206.827095036413,93.14547678723055,148065.5661082866,1159.7871134056763,1631.0708723928415,807.8462731408139,309.1475315047245,141.4998279908124,9.671062231063843,919.4302005384482,1028.1410929586373,451.3576545715332,119.28211808204651,54.80594611167908,3.2235636711120605,583.2524609257193,770.2354697349025,312.7231214046478,128.96354794502258,80.60963153839111,0.0,744.8257608413696,589.0024075648364,382.9834271197226,231.79013760417115,87.05707812309265,9.671781539916992,432.07156229019165,633.5641503885681,447.8138090732051,245.03497672080994,74.15369749069214,6.44722580909729
"113,152",2492.6115314330796,6148.099241113663,5182.535554549273,3977.5140605907814,2936.399431239857,1906.9746279622993,5677.710842704773,5002.108888289507,3845.4172855358497,2823.6306293122907,1794.198419561573,15909.963418724023,31042.29698708291,29178.396389958438,14279.40614712285,8801.227527250963,3334.2364948646696,14812.498534906612,29423.052787158067,27607.71436387324,13790.110547975464,8564.845598358266,3282.7029784576566,14048.877976949545,27351.46120719068,26194.998491992206,13212.711767224704,8323.196128505819,3208.2347300333136,13567.12518807299,26038.870498489865,25317.80327908198,12915.207608330484,8348.943538564794,3241.520394591724,13135.327853640389,25193.59572760825,24499.52231184735,12615.52135573649,8155.626944202535,3236.1637579880507,9522.429660668093,22890.484971451293,20618.742644152924,9243.849940129821,3966.5787791803773,525.5685072253732,66767.65450280787,1223.9995977177339,1862.5084844205894,1635.453009599798,626.7407815503138,283.89762484045593,45.11134457588196,820.5158492060268,1764.7846131895103,1534.0465078260386,621.7840728759766,222.31118774414062,38.66665744781494,680.2511227439431,1460.7685331980388,1076.106130694408,444.62446188926697,148.2216408252716,35.445396184921265,580.0048296451569,860.6750317452,857.7438720936868,351.2098877429962,154.66709637641907,19.329911708831787,257.75584530830383,611.3702022103703,499.7555027840184,238.4179117679596,180.45441842079163,6.4445390701293945
"114,152",2372.171012940241,2076.3734152363795,2438.048006581325,1327.096557443282,1295.7197520723532,1424.0895143041423,1906.5727778434757,2380.0966735353654,1272.3588963200064,1247.4210729589652,1356.468466568928,18442.94619442435,37950.84838515917,43743.88252666511,29546.994264133304,24287.32138609699,7443.953544755075,18285.253166139828,37657.80398808554,43425.66175559082,29262.436162574617,24226.368034931256,7389.266033200657,18047.179569786673,37099.8558016749,43029.51577243338,29041.87599119953,24308.99920963493,7429.717892681385,17933.43830196624,37003.27284278308,42830.083817324,28967.952119754344,24378.5670782538,7494.857320706985,17904.667477136496,36655.13471939143,42479.80389990714,28773.623901867402,24212.81477423649,7463.409107298945,2104.110091335633,4510.352824819788,3361.0349244183185,1667.8928321838382,816.7915528923858,60.36672403672162,12520.548949686685,297.2058425005745,523.238537864124,563.9148799092162,345.51950126816246,173.47527774549,3.218738555908203,302.98003188021045,735.0618117781246,676.23408982707,423.034740785524,226.69606753798092,16.08993172645569,218.14015853638742,355.77380089105344,373.35750263812497,231.76303339004517,86.88428207472259,6.440118789672852,141.66722536087036,432.37759765456707,423.21315426358996,169.69890638893725,74.0251898765564,6.43899941444397,225.3783781528473,417.7302421205184,413.48539855152956,225.32656455039978,74.54788319363314,0.0
"115,152",2487.8961497232817,467.4560347332674,346.32589688301084,91.49979563039892,111.13995878556196,77.53189815633436,441.7192176117617,346.32589688301084,91.49979563039892,111.13995878556196,77.53189815633436,9141.109001230725,20775.513905514927,31674.60544328128,38808.02115709548,78802.16057477932,28688.928168541777,9133.055777769463,20697.970986490625,31559.88648740824,38625.03242407312,78551.18152047512,28440.55101320697,9038.0006542692,20501.7583047203,31254.322800560552,38238.015501590795,77207.2300024285,27297.837219534667,9007.620909383251,20459.616276122073,31072.146417295226,38054.69210268656,76554.96704919012,26835.476865966644,8997.978200366451,20406.811006711512,30962.441256467027,37906.74161483447,75958.57854763854,26358.47923459352,38.6071937084198,103.27953532162834,156.1537701326258,93.63018960391773,104.68324355237624,3.216987133026123,499.57091945199403,19.30154800415039,61.4645632351146,122.58341203577379,146.5396706384771,88.61524956647088,3.2147741317749023,33.951740197574395,57.90814995765686,90.07941508293152,75.7617717181935,85.4072837156408,3.217536211013794,0.0,19.302765369415283,22.518561363220215,23.95359630865209,25.724872589111328,0.0,6.432283639907837,12.864682912826538,29.29479834612678,25.731350660324097,36.816843226376704,0.0,6.432266712188721,6.43462061882019,24.2932318463045,12.866771221160889,27.50500775786007,0.0
"116,152",2485.883088296356,456.29925632476807,208.8847417831421,85.32597593980677,146.38152079301722,16.067721366882324,382.38653922080994,208.8847417831421,78.90232519822962,146.38152079301722,16.067721366882324,13002.043661465364,28623.346144905277,45106.72199019451,41926.21443616736,41088.42324278869,10578.17721099573,12937.800530781466,28507.683609476277,44905.10122464685,41870.8659403614,41079.487105239605,10591.734763364231,12651.873113264757,28296.43423032854,44683.40673182993,41707.88268570994,40833.03158597292,10466.387148599064,12661.527605166155,28200.870058607587,44580.59411119013,41574.365545276574,40599.98301243408,10319.269451576121,12783.636929859835,28172.64555792902,44564.510229335116,41461.90113020318,40493.89423258632,10347.424200885436,28.921579122543335,51.40111303329468,47.482196115044985,70.71598935127258,35.35690140724182,0.0,233.8777790293974,51.40280222892761,64.26771974563599,134.9536154270172,86.7688238620758,41.77932691574097,3.2142510414123535,16.06618618965149,41.77495741844177,51.41495490074158,57.8508083820343,41.77783489227295,0.0,3.211855173110962,16.06685733795166,19.28167414665222,27.48509244638331,12.85684609413147,0.0,16.060811042785645,16.068857192993164,22.49557638168335,51.41282415390015,40.34345202165491,0.0,0.0,0.0,3.2115800380706787,3.213688373565674,9.642452955245972,0.0
"117,152",2483.3032651285043,268.836133220149,128.39681243896484,126.78597305428748,48.14610266685486,64.18907618522644,230.31447479958626,118.76698660850525,97.89542005669837,38.51689124107361,57.76943349838257,15500.230313355314,33509.57889391956,51434.18155122738,42950.590905579396,37589.50831887862,10211.491449101764,15554.77674108206,33444.65148762816,51465.376109032535,43046.08505906498,37773.356572357814,10269.30662940343,15445.629987294065,33351.558010140594,51392.24346512813,43018.77291359153,37776.567372290294,10330.272598965961,15474.537639433729,33280.942050496276,51266.323248402274,42862.29360464694,37662.61098059486,10308.506095267276,15669.643210908478,33453.459706087684,51523.025509732375,43113.45089774225,37745.24010810571,10375.91155586336,67.41152215003967,147.64705657958984,186.1572003364563,169.2938008037268,51.35094499588013,6.422425985336304,628.282950851029,6.421687364578247,77.04434657096863,82.65262029404734,51.355454206466675,12.84036636352539,0.0,16.0501606464386,28.88925075531006,35.30851078033447,32.10031247138977,6.418751955032349,0.0,6.418527364730835,12.842095851898193,28.88994026184082,36.90552471291785,12.839331865310669,0.0,3.2095186710357666,12.838618516921997,6.419656038284302,6.419173717498779,9.629924297332764,0.0,9.629209995269775,3.209778308868408,32.09282732009888,9.629150390625,3.208467483520508,0.0
"118,152",2480.577060230617,0.0,0.0,0.0,0.0,0.0,0.0,0.0,0.0,0.0,0.0,11952.966340193096,26886.807646976733,41931.60618275755,46202.16754784584,58756.05124123799,12816.545657504774,11961.149568077162,26887.869472790702,41964.69861943581,46155.69006581868,58688.62295941092,12822.971596826292,11909.809373613432,26858.180474217734,41842.462945710904,46028.0853235039,58725.18735966122,12848.631977189756,11900.190356966094,26784.447867806753,41752.95448856821,45987.20168491439,58620.99352076287,12883.19017290695,11860.670833510978,26704.310315306982,41744.052449727526,45933.5078504497,58556.240350098706,12846.163767146129,0.0,0.0,0.0,0.0,0.0,0.0,0.0,0.0,0.0,0.0,0.0,0.0,0.0,0.0,0.0,0.0,0.0,0.0,0.0,0.0,0.0,0.0,0.0,0.0,0.0,0.0,0.0,0.0,0.0,0.0,0.0,0.0,0.0,0.0,0.0,0.0,0.0
"119,152",2477.70538012025,0.0,0.0,0.0,0.0,0.0,0.0,0.0,0.0,0.0,0.0,11864.45473867211,25560.029669764463,37567.64274740406,38660.14340593768,45838.85680868485,6369.490365669773,11769.87527351286,25228.84174835355,37076.073078122805,38111.63061014905,45280.973794063866,6336.413566624884,11693.063354538937,24882.55769069335,36666.227077959105,37660.15586565616,44920.59840645603,6298.013264691595,11641.83667926695,24820.94219785578,36424.15147222351,37586.294395082135,44918.51498495738,6316.446442763945,11596.376208929923,24796.14223659833,36309.59577964521,37532.41925921253,44789.19871172064,6314.233720161401,0.0,0.0,0.0,0.0,0.0,0.0,0.0,0.0,0.0,0.0,0.0,0.0,0.0,0.0,0.0,0.0,0.0,0.0,0.0,0.0,0.0,0.0,0.0,0.0,0.0,0.0,0.0,0.0,0.0,0.0,0.0,0.0,0.0,0.0,0.0,0.0,0.0
"120,152",2474.6891776719726,0.0,0.0,0.0,0.0,0.0,0.0,0.0,0.0,0.0,0.0,11048.984122604481,18816.863261702485,27098.306052235996,28122.438490632005,40306.36170780705,8964.442919245887,10887.423739121941,18455.601997489557,26402.889890524923,27397.355120783228,39477.18744088995,8795.919580689597,10882.593704063751,18319.01433412421,26238.68289924977,27198.472915234288,39323.693745887984,8783.103057137656,10883.36619881742,18392.544150990132,26262.604001761414,27200.625404112016,39468.049522775764,8875.832735530066,10897.734837038377,18457.258451013007,26304.73699333247,27354.348077286933,39569.01728983018,8898.566040200812,0.0,0.0,0.0,0.0,0.0,0.0,0.0,0.0,0.0,0.0,0.0,0.0,0.0,0.0,0.0,0.0,0.0,0.0,0.0,0.0,0.0,0.0,0.0,0.0,0.0,0.0,0.0,0.0,0.0,0.0,0.0,0.0,0.0,0.0,0.0,0.0,0.0
"121,152",2471.5294514754805,0.0,0.0,0.0,0.0,0.0,0.0,0.0,0.0,0.0,0.0,7031.3376332254975,16149.266515694411,23059.156408997143,26623.526142496223,60799.02857946881,54859.24031928474,7009.775666278952,16104.534946642669,22951.75530592507,26590.321854024776,60690.36925769974,54986.251258503224,7025.746757072561,16098.4908727543,22954.941699662864,26577.17921633066,60765.515544329435,55078.92142040122,7038.535164159887,16124.055536879743,23028.413598297157,26666.284601225576,60996.294050039025,55197.20847319996,7003.396737379187,16107.290543784346,22944.234223069398,26617.58837740468,60697.609257632605,54778.91738586986,0.0,0.0,0.0,0.0,0.0,0.0,0.0,0.0,0.0,0.0,0.0,0.0,0.0,0.0,0.0,0.0,0.0,0.0,0.0,0.0,0.0,0.0,0.0,0.0,0.0,0.0,0.0,0.0,0.0,0.0,0.0,0.0,0.0,0.0,0.0,0.0,0.0
"122,152",2468.2272451599665,0.0,0.0,0.0,0.0,0.0,0.0,0.0,0.0,0.0,0.0,8021.15706952974,15576.69025430773,20011.08843373224,22106.693755109634,64612.01076308419,77368.42850433612,8062.6249540702975,15640.481986142142,20116.35950015947,22307.305061335657,64978.544034165025,77898.73628585572,8053.05448516771,15642.852051896676,20122.73519491121,22256.61673661026,64986.338606032194,77771.11889697149,8091.331995572296,15675.547608948691,20221.601052035538,22354.443607846424,65311.40868086347,78274.79922979859,8066.606588417877,15620.227819777472,20160.726785095067,22245.973067084476,65037.3553462496,77881.98734182844,0.0,0.0,0.0,0.0,0.0,0.0,0.0,0.0,0.0,0.0,0.0,0.0,0.0,0.0,0.0,0.0,0.0,0.0,0.0,0.0,0.0,0.0,0.0,0.0,0.0,0.0,0.0,0.0,0.0,0.0,0.0,0.0,0.0,0.0,0.0,0.0,0.0
"123,152",2464.783646689301,0.0,0.0,0.0,0.0,0.0,0.0,0.0,0.0,0.0,0.0,7529.073603586121,13614.514647559557,17388.382643984816,19976.30576499116,59129.038583869566,91770.25450670673,7538.634783700867,13636.815765456591,17432.992619561217,20036.840760785457,59324.43192125115,92397.80051791902,7529.077609495087,13649.562640504275,17413.895437287352,20008.18003352296,59313.83764632544,91859.17403039092,7525.894242481156,13678.239247874651,17455.31848053839,20057.025562100313,59547.53167936475,92168.5602110171,7529.083090976639,13695.232845435423,17459.55804334155,20117.55319123735,59654.19921787581,92402.51005359538,0.0,0.0,0.0,0.0,0.0,0.0,0.0,0.0,0.0,0.0,0.0,0.0,0.0,0.0,0.0,0.0,0.0,0.0,0.0,0.0,0.0,0.0,0.0,0.0,0.0,0.0,0.0,0.0,0.0,0.0,0.0,0.0,0.0,0.0,0.0,0.0,0.0
"124,152",1753.4862020625808,0.0,0.0,0.0,0.0,0.0,0.0,0.0,0.0,0.0,0.0,5290.928983917423,8493.156515220568,10518.86488870359,12006.091718325897,39513.34387156355,65746.69210843479,5284.562761774249,8512.2477966346,10506.144183432823,12041.097267041489,39602.4547011553,65937.63170876596,5304.496576617745,8540.886736015245,10515.691695248848,12050.645000348373,39691.700604144266,66052.65918837342,5301.306955646065,8537.092545343849,10515.688566243416,12041.10550201921,39717.16108221166,66093.51285423484,5329.948500226525,8566.338385681078,10541.14525607801,12050.657066474243,39791.95330445626,66366.91213449778,0.0,0.0,0.0,0.0,0.0,0.0,0.0,0.0,0.0,0.0,0.0,0.0,0.0,0.0,0.0,0.0,0.0,0.0,0.0,0.0,0.0,0.0,0.0,0.0,0.0,0.0,0.0,0.0,0.0,0.0,0.0,0.0,0.0,0.0,0.0,0.0,0.0
"125,152",31.212633802517107,0.0,0.0,0.0,0.0,0.0,0.0,0.0,0.0,0.0,0.0,54.033026456832886,172.72804709789798,210.22198491096498,250.4530823286842,815.3869493774339,1296.5323539257051,54.033026456832886,172.72804709789798,213.40005688667299,250.4530823286842,815.3873847297593,1296.5322494983675,54.033026456832886,172.72804709789798,213.40005688667299,250.4529602583717,815.3871057800218,1306.067354488373,54.033026456832886,172.72804709789798,213.40005688667299,250.4529602583717,812.2091732791826,1312.424021291733,54.033026456832886,172.72804709789798,213.40005688667299,250.4529602583717,812.2091732791826,1309.2456877708437,0.0,0.0,0.0,0.0,0.0,0.0,0.0,0.0,0.0,0.0,0.0,0.0,0.0,0.0,0.0,0.0,0.0,0.0,0.0,0.0,0.0,0.0,0.0,0.0,0.0,0.0,0.0,0.0,0.0,0.0,0.0,0.0,0.0,0.0,0.0,0.0,0.0
"91,153",165.7836131443039,0.0,0.0,0.0,0.0,0.0,0.0,0.0,0.0,0.0,0.0,0.0,0.0,0.0,0.0,0.0,0.0,0.0,0.0,0.0,0.0,0.0,0.0,0.0,0.0,0.0,0.0,0.0,0.0,0.0,0.0,0.0,0.0,0.0,0.0,0.0,0.0,0.0,0.0,0.0,0.0,0.0,0.0,0.0,0.0,0.0,0.0,0.0,0.0,0.0,0.0,0.0,0.0,0.0,0.0,0.0,0.0,0.0,0.0,0.0,0.0,0.0,0.0,0.0,0.0,0.0,0.0,0.0,0.0,0.0,0.0,0.0,0.0,0.0,0.0,0.0,0.0,0.0
"92,153",2482.977873122811,0.0,0.0,0.0,0.0,0.0,0.0,0.0,0.0,0.0,0.0,27557.842275170715,1428.61898726856,442.08099953988017,168.21733927726746,190.8613519668579,48.52416467666626,30124.70528783798,1477.139035648458,442.08099953988017,168.21733927726746,190.8613519668579,48.52416467666626,31552.060601282115,1561.2445861760307,448.5514213309568,177.92245244979858,197.33114194869995,54.99424362182617,33336.18644946603,1716.5146603051353,451.78612105706156,190.86219930648804,203.8014588356018,58.22927808761597,35131.122371423946,1771.5044998589683,458.25586478569926,194.0972490310669,207.0365035533905,58.22927808761597,0.0,0.0,0.0,0.0,0.0,0.0,0.0,0.0,0.0,0.0,0.0,0.0,0.0,0.0,0.0,0.0,0.0,0.0,0.0,0.0,0.0,0.0,0.0,0.0,0.0,0.0,0.0,0.0,0.0,0.0,0.0,0.0,0.0,0.0,0.0,0.0,0.0
"93,153",2503.6526623958107,0.0,0.0,0.0,0.0,0.0,0.0,0.0,0.0,0.0,0.0,18860.338227019594,6879.129058926714,2173.8353484443587,511.97238559068415,411.62046382006474,417.73443299835805,19116.23981032746,7023.947650009978,2160.8919976524276,502.26627749742244,398.68109938677617,404.79149467056874,20477.314886112777,7484.510644686456,2332.3983157447738,566.6279828408185,447.21142885264226,463.02851301735524,21559.022972364983,7740.504858730354,2435.951999979393,602.5803646499035,460.15511700686284,456.5556357533324,21902.77167016852,8200.800309690774,2578.691408696829,686.718622153413,482.09651160240173,433.9063349396575,0.0,0.0,0.0,0.0,0.0,0.0,0.0,0.0,0.0,0.0,0.0,0.0,0.0,0.0,0.0,0.0,0.0,0.0,0.0,0.0,0.0,0.0,0.0,0.0,0.0,0.0,0.0,0.0,0.0,0.0,0.0,0.0,0.0,0.0,0.0,0.0,0.0
"94,153",2504.5765402028537,0.0,3.2374045848846436,0.0,0.0,0.0,0.0,3.2374045848846436,0.0,0.0,0.0,35636.30275811681,33338.72177639756,12090.11262656754,4783.035611155454,3775.755210724999,1198.9264103496776,35856.06530967787,33469.02624993138,12082.581869504964,4802.458024266187,3808.12766846769,1176.2651700103984,36533.83511204439,34240.87671217638,12301.881440678762,4942.006294689926,3966.7444501792684,1234.5336109722361,37048.03727623154,34773.44170792337,12389.278337994741,5044.418898086921,4105.938354340722,1244.24378267176,37766.644725047845,35605.70676369667,12831.701915083677,5316.691718438092,4223.1874144666335,1270.1413730705485,0.0,0.0,0.0,0.0,0.0,0.0,0.0,0.0,0.0,0.0,0.0,0.0,0.0,0.0,0.0,0.0,0.0,3.2374045848846436,0.0,0.0,0.0,0.0,0.0,0.0,0.0,0.0,0.0,0.0,0.0,0.0,0.0,0.0,0.0,0.0,0.0,0.0,0.0
"95,153",2505.3469183689776,3.238136053085327,50.73171933492024,6.4756247997283936,0.0,0.0,0.0,44.255400737126664,6.4756247997283936,0.0,0.0,51239.74420012025,46342.38608489691,11247.953625088114,2016.1190373841455,925.513995068681,271.96393179893494,52592.06407075582,47912.88302770409,11756.065333243912,2060.374182536555,928.7521606856701,265.4886648654938,54176.93891938247,49753.60312359005,12226.918971568462,2138.0839319967754,926.326396820592,271.9640190601349,54600.26452116124,50772.31459577037,12714.749711384495,2263.2790869815676,965.179791805791,271.96421456336975,55732.75069417205,52012.888476356806,13124.236142618516,2330.9154527551987,1049.3582907891741,278.4394500255585,0.0,0.0,0.0,0.0,0.0,0.0,0.0,0.0,0.0,0.0,0.0,0.0,0.0,24.825916131337483,9.714889287948608,9.714595317840576,0.0,0.0,0.0,3.2378089427948,0.0,3.2378158569335938,0.0,0.0,0.0,0.0,0.0,0.0,0.0,0.0,0.0,0.0,0.0,0.0,0.0,0.0,0.0
"96,153",2505.963535292532,0.0,39.93420497389401,9.716830492019653,16.19493794441223,0.0,0.0,39.93420497389401,9.716830492019653,16.19493794441223,0.0,51642.89842588293,37914.25730557068,8337.954540789362,1943.3069447096655,1447.3927166901383,508.1385714437447,54501.776985000164,41156.96309769482,9060.112062758091,1997.631831994711,1424.7220406971726,464.5989926768284,56828.71677321546,43475.007706700126,9439.739937232522,2029.2055424606096,1379.377294107512,464.5985079718571,58865.31331361135,45745.098817644866,10013.863724026027,2091.8061185416054,1402.0487673722062,461.35934552678873,60848.17678375244,47834.661536074615,10488.327467143303,2215.2501615197048,1421.48226146324,484.0319426966648,0.0,0.0,0.0,0.0,0.0,0.0,0.0,0.0,0.0,0.0,0.0,0.0,0.0,20.500293888765224,12.955904483795166,3.239002227783203,0.0,3.239004373550415,0.0,9.716830492019653,0.0,0.0,0.0,0.0,0.0,3.2389633655548096,6.477970123291016,0.0,3.239002227783203,3.239002227783203,0.0,0.0,0.0,0.0,0.0,0.0,0.0
"97,153",2506.4261814791325,12.957513809204102,611.4261436658746,217.04004836082458,64.78961300849915,6.479132652282715,12.957513809204102,604.9469931321985,210.56089305877686,64.78961300849915,6.479132652282715,99843.75468704279,46482.71133036894,14692.706783286263,4227.978572127398,2615.1416702691245,515.4043832274044,100003.32195826324,46895.59121527018,14784.720697127137,4241.912475628946,2582.747106355779,533.0486474261564,100679.33922502761,47517.361222157764,15023.96033638412,4300.222038788888,2573.029637855642,516.8519957289976,101844.0968086682,48213.993606332704,15169.73259356349,4300.222501320932,2479.088502925985,516.8526926265043,102869.7280171731,48769.710671178036,15323.600528368295,4345.958128960927,2553.596877855413,542.7683959231657,0.0,0.0,0.0,0.0,0.0,0.0,0.0,6.478778839111328,6.478734970092773,0.0,0.0,0.0,0.0,436.4976334768183,136.05452871322632,25.915990591049194,0.0,0.0,6.478840351104736,149.01263093948364,58.30909872055054,3.239163398742676,0.0,0.0,0.0,38.87318825721741,16.19778299331665,9.718641757965088,0.0,0.0,0.0,0.0,3.239579916000366,3.2395527362823486,0.0,0.0,0.0
"98,153",2506.734699683881,3.2397994995117188,336.92926502227783,113.38941884040833,61.555460929870605,6.479566812515259,3.2397994995117188,336.92926502227783,113.38941884040833,61.555460929870605,6.479566812515259,134545.61428351776,52176.52552792325,5637.410230692694,406.66619428746844,229.29158994169796,270.50452453575883,134688.8052420158,52269.66815657242,5637.410130080054,396.94701394193316,216.33294912787045,264.02507883988176,134903.33756241985,52338.67616677097,5635.794827133066,400.1867106830373,222.81208535643185,286.7026839920119,135761.87127670308,52507.149129865684,5647.30644305734,400.1876684104695,212.28020944314844,283.46304780922685,136763.41671648028,52750.94045335265,5730.724964733684,426.99481380126053,225.2388633699978,270.5043011375502,0.0,0.0,0.0,0.0,0.0,0.0,0.0,3.2397994995117188,0.0,0.0,0.0,0.0,0.0,194.38261723518372,136.06734228134155,6.4793055057525635,0.0,0.0,0.0,103.67040371894836,9.719015121459961,0.0,0.0,0.0,0.0,19.438286542892456,42.11717438697815,0.0,0.0,0.0,0.0,6.479566812515259,0.0,0.0,0.0,0.0,0.0
"99,153",2506.8889850174714,0.0,0.0,80.9999692440033,3.2399702072143555,0.0,0.0,0.0,0.0,0.0,0.0,82069.33796433281,68980.37982449905,7882.997701749615,171.71817064285278,19.439836263656616,0.0,83730.15445571039,70636.26690489077,8057.955416307263,178.19804573059082,16.199867963790894,0.0,86515.93120857875,72862.7276432346,8268.553422555737,178.1981270313263,19.43986201286316,0.0,90134.22709414165,76015.32221419484,8599.37506853085,187.91804456710815,19.43986201286316,0.0,91437.29698524755,77129.58472700213,8760.649992332272,187.91805052757263,16.199867963790894,0.0,0.0,0.0,0.0,0.0,0.0,0.0,0.0,0.0,0.0,0.0,0.0,0.0,0.0,0.0,0.0,0.0,0.0,0.0,0.0,0.0,0.0,0.0,0.0,0.0,0.0,0.0,0.0,0.0,0.0,0.0,0.0,0.0,0.0,0.0,0.0,0.0,0.0
"100,153",2506.8889850174733,0.0,0.0,19.44000005722046,0.0,0.0,0.0,0.0,0.0,0.0,0.0,29699.92843046095,46575.43347009397,6253.814007075627,443.87718081474304,106.91941142082214,0.0,32508.641541568908,50592.37634058186,6746.290535720189,404.9973638057709,80.99949049949646,0.0,34670.71111345291,53840.87126653896,7154.527855666478,333.7178270816803,74.51952719688416,0.0,37236.740862879094,57118.30059800055,7509.133763182396,265.6783323287964,55.0796639919281,0.0,38315.61133681559,58501.12107606869,7638.007725898891,223.55860686302185,48.59970688819885,0.0,0.0,0.0,0.0,0.0,0.0,0.0,0.0,0.0,0.0,0.0,0.0,0.0,0.0,0.0,0.0,0.0,0.0,0.0,0.0,0.0,0.0,0.0,0.0,0.0,0.0,0.0,0.0,0.0,0.0,0.0,0.0,0.0,0.0,0.0,0.0,0.0,0.0
"101,153",2506.7346996839033,0.0,3.2396388053894043,9.719568729400635,3.2398521900177,6.4796671867370605,0.0,3.2396388053894043,6.479712247848511,0.0,6.4796671867370605,35759.90099769013,39822.65523801971,2950.212265985152,38.876569747924805,0.0,0.0,39916.361774571735,44503.9850393501,3296.870996968886,38.876569747924805,0.0,0.0,42094.31669430826,46940.52684561879,3461.287150585885,42.11620736122131,0.0,0.0,46047.06264600847,50921.90860819723,3688.6935708522797,48.59548497200012,0.0,0.0,48680.33608923238,53068.490818168604,3784.0811955910103,51.835206031799316,0.0,0.0,0.0,0.0,0.0,0.0,0.0,0.0,0.0,0.0,0.0,0.0,0.0,0.0,0.0,3.2396388053894043,0.0,0.0,0.0,0.0,0.0,0.0,6.479712247848511,0.0,0.0,0.0,0.0,0.0,0.0,0.0,0.0,0.0,0.0,6.4796671867370605,0.0,0.0,0.0,0.0,0.0
"102,153",2506.426181479165,0.0,437.64528805601833,61.545026540756226,6.478677272796631,0.0,0.0,437.64528805601833,55.065858125686646,6.478677272796631,0.0,56737.39769036162,63986.139444000575,9040.762427548801,686.7408545017242,45.350698709487915,0.0,59312.709998645965,67759.20421957316,9847.364826182758,728.8522796630859,48.5901083946228,0.0,63631.3961981792,71069.07519222335,10355.139272296197,761.2455816268921,45.35075044631958,0.0,66779.67298743024,74274.46667595938,10747.098855817087,761.245185136795,48.5901083946228,0.0,69703.13538847437,77753.02001387373,10986.810585582025,774.2024548053741,48.5901083946228,0.0,0.0,0.0,0.0,0.0,0.0,0.0,0.0,0.0,0.0,0.0,0.0,0.0,0.0,123.08919882774353,249.77245146620507,61.544477224349976,3.2391605377197266,0.0,0.0,19.43501853942871,25.91331672668457,9.717522859573364,0.0,0.0,0.0,3.2391562461853027,3.239521026611328,0.0,0.0,0.0,0.0,0.0,0.0,0.0,0.0,0.0,0.0
"103,153",2505.9635352924633,0.0,87.09332793366676,29.15145206451416,61.540085792541504,12.954864025115967,0.0,87.09332793366676,29.15145206451416,61.540085792541504,12.954864025115967,63151.89142991609,70614.24147191609,5382.484498384886,1140.0378186702728,297.9631588459015,0.0,67853.4523648664,75383.40923266411,5731.915646227667,1201.574660539627,310.91908836364746,0.0,70611.56232933531,78738.34668016995,5919.768420847723,1214.5305726528168,314.1575884819031,0.0,73624.53144064137,81622.97002155361,6152.953666838476,1221.0079145431519,310.9189326763153,0.0,76600.80742986061,85027.97099912401,6036.3645049656125,1172.4263014793396,288.24772334098816,0.0,0.0,0.0,0.0,0.0,0.0,0.0,0.0,0.0,0.0,0.0,0.0,0.0,0.0,29.149596452713013,51.46584122788673,6.477890253067017,0.0,0.0,0.0,3.239079236984253,22.67328906059265,3.239083766937256,0.0,0.0,0.0,32.38968467712402,22.672876358032227,0.0,0.0,6.477524757385254,0.0,12.954864025115967,0.0,0.0,0.0,0.0,0.0
"104,153",2427.874516057845,38.85141134262085,591.4042843977611,639.9731245040894,724.1606189409893,239.58336806297302,38.85141134262085,588.1664034525554,639.9731245040894,720.9227248827617,239.58336806297302,110599.53726008639,49496.47164944573,3072.66593189146,395.04523849487305,48.57297420501709,0.0,112448.38787284272,50802.67339048011,3162.608087859434,398.28341007232666,48.57297420501709,0.0,111920.27904014775,51154.49612250795,3207.943021617216,395.04585909843445,48.57297420501709,0.0,110170.96885353069,51898.43844091939,3243.564830861372,411.23573184013367,48.57297420501709,0.0,110426.13639997218,52994.52276628064,3290.527571469662,401.52247381210327,48.57297420501709,0.0,0.0,0.0,0.0,0.0,0.0,0.0,0.0,38.85141134262085,0.0,0.0,0.0,0.0,0.0,432.76230923334754,152.16657876968384,3.237515449523926,0.0,0.0,0.0,448.94997692108154,181.30963134765625,9.713516235351562,0.0,0.0,0.0,484.5695616404215,200.73604083061218,32.379218339920044,3.2379040718078613,0.0,0.0,187.78097653388977,51.80239152908325,0.0,0.0,0.0,0.0
"105,153",2504.576540202923,945.1050860881805,5374.867304216646,2088.1047933288646,1916.4937939129625,2090.82106664695,938.631849527359,5374.867304216646,2088.1047933288646,1916.4937939129625,2087.5843777946397,89548.63529067505,121655.7200908792,19805.639351805516,1340.6635982943517,152.1206247806549,0.0,89888.61941032876,121090.03975033668,19732.227181734754,1330.9535670233709,148.88412046432495,0.0,87825.63518908912,117910.08932837601,19293.835751023944,1314.7708666277867,152.12042903900146,0.0,86793.53998029184,116744.96281231807,19126.333766854976,1308.2971131754857,152.12042903900146,0.0,86126.2213806947,115749.65515009002,18943.65036183806,1295.3521957350713,145.64750170707703,0.0,90.62610816955566,213.61935925483704,61.49642372131348,3.2367424964904785,0.0,0.0,368.97863364219666,291.2997581958771,559.9434440135956,87.38864731788635,0.0,0.0,0.0,2007.955928185407,2947.944443878473,399.547480916042,16.182700395584106,3.236750841140747,0.0,930.0892429548152,1025.3087067594715,132.70684361457825,0.0,0.0,0.0,757.7121211968216,1026.0820541381836,129.46315693855286,3.236461639404297,0.0,0.0,804.1991620989406,1118.3171336015064,161.83150601387024,0.0,3.2365760803222656,0.0
"106,153",2503.6526623957666,2223.6679969983943,6053.944697015426,2046.3493541680127,3592.770561669855,3296.5108027317947,2091.000987883175,6041.0041207005,2043.1140424214154,3592.770561669855,3290.0385176995223,63652.711132951816,118384.46687830664,40356.892348167945,2931.326454131744,183.53074178041197,0.0,63131.06095798063,117500.15795212261,39954.85400759473,2889.264037816665,183.53074178041197,0.0,61706.037810952985,114044.6630500513,38745.0297928137,2831.0191883732296,183.53076395333983,0.0,61189.05288302103,113097.30130459095,38401.31238833316,2827.78198096051,183.53076395333983,0.0,57974.60710552533,110803.70973273167,37677.929624122735,2750.121794669769,183.53076395333983,0.0,148.8371298313141,354.1377127086415,77.65719628334045,3.2360663414001465,0.0,0.0,583.8681051646962,472.4085741043091,1155.8742040353663,449.77474188804626,12.943467855453491,0.0,0.0,1417.8348188849054,3377.7480854819805,1193.647765482173,51.77345085144043,0.0,0.0,550.7879521145541,1083.8925515165515,395.49052846010994,12.943010330200195,0.0,0.0,792.7410776615143,2097.8488714442533,663.3501925468445,38.83042001724243,0.0,0.0,690.9868060252246,1803.0458847242244,763.64719581604,32.3586311340332,0.0,0.0
"107,153",2502.575598478806,1778.3128105444066,9602.144773801168,1870.5794463943032,3403.113695791656,3102.6965318174925,1613.3487738412969,9582.737699111303,1867.3451596091775,3403.113695791656,3099.4621584864226,80300.06382198894,101163.3389652383,36183.634660671276,3810.512528780395,335.6748877805822,0.0,79427.41015393873,100839.85166484234,36105.99273104481,3804.0440672668756,335.6743170065038,0.0,75370.18429726432,96512.48562027051,34940.9922429814,3745.8184088501275,338.90855920735527,0.0,74403.81605033594,95749.87843478334,34789.6837506743,3729.6451987303935,338.90855920735527,0.0,71426.32263840974,94244.52603719468,34310.97295574861,3677.8925425090038,338.9082602304571,0.0,365.5114631652832,380.2405679310069,84.10045170783997,0.0,0.0,0.0,829.8524828041301,821.5936460494995,636.4956871313207,145.5559995174408,9.703441143035889,0.0,0.0,3990.020844706367,4316.126318977394,1205.4262600197512,71.16427540779114,0.0,0.0,879.0311659083648,775.5517462534062,193.3548468393438,19.407400608062744,0.0,0.0,1522.557294630537,1469.7711161650864,394.61352705955505,16.17175793647766,0.0,0.0,1397.2422733306885,1299.5237871450536,360.6448873688193,38.81666088104248,3.2345497608184814,0.0
"108,153",2501.345713700423,370.91324826034844,1714.8938664380241,926.1645156149771,1425.6623139381409,2378.604696381326,367.68115921768486,1695.497802394979,919.6998182539846,1425.6623139381409,2349.5156255843594,71087.37029647079,100845.4474470765,41784.99453984055,5203.065848575854,402.5265899517957,0.0,71139.08575653282,100893.15874113757,41791.482089448444,5206.298510538363,405.75894840745366,0.0,70528.12607955185,100263.6090302832,41718.75545457017,5206.297159181857,405.75894840745366,0.0,70256.56830548492,100035.68976727748,41692.97568440811,5215.995880829119,408.9917791703168,0.0,69820.1360948011,99521.6570777061,41463.454161170885,5196.600779997134,412.2243896344129,0.0,642.5286180945004,961.6365046360913,517.3169893947302,19.393707752227783,0.0,0.0,2140.8758198775495,67.88060522079468,211.7241489980735,84.84347719959185,3.2329277992248535,0.0,0.0,695.0100729465485,804.9240474700928,185.86602010165944,9.697661876678467,0.0,0.0,417.0204734802246,379.84160006093043,113.14072370529175,9.697021007537842,0.0,0.0,575.4339845180511,617.4754137992859,216.58827590942383,16.164639711380005,0.0,0.0,1015.1146790981293,1083.8879508654277,237.5834945641312,9.697139739990234,3.232361316680908,0.0
"109,153",2499.9634247784315,1791.4792837451487,1462.3780761213864,1232.194358741536,957.6005688190461,858.9551382822149,1791.4792837451487,1439.7634199114407,1228.9637354962967,942.8926361729117,852.4943395418279,47092.74474084144,106982.79953806072,54879.04625298556,9486.506355628782,1022.6951301789751,3.230713129043579,46617.85520899062,106219.30253674097,54682.82895029572,9497.65050022836,1025.923497984456,3.230713129043579,46378.80853365356,105710.9968719314,54616.63297902836,9536.43130390878,1042.0802226758472,3.230713129043579,45832.004319162006,104741.26162768065,54361.31728969555,9491.198561837627,1035.618300745534,3.230713129043579,45581.132880425925,104082.67147730285,54163.28516445253,9481.505688359692,1019.4651089406481,3.230713129043579,640.4014544515048,1567.2089077949524,520.1271570205688,32.307345151901245,3.2318835258483887,0.0,2763.276747944776,474.89537954330444,952.9862606525421,335.9675667285919,24.39854567752165,3.2315311431884766,0.0,392.6991497825174,707.8379388949451,310.1475565433502,29.07877469062805,0.0,0.0,358.59093737602234,705.6107067220352,151.83939266204834,9.692131280899048,3.230567455291748,0.0,242.63458496262047,528.701340192907,161.86591201950523,9.690798997879028,0.0,0.0,200.2990312576294,404.88831560471476,208.54437652195202,32.30224108695984,6.460375070571899,0.0
"110,153",2498.4291996164493,10033.396851879008,5789.374822437062,2561.9023319188286,3028.443403883541,3982.5348606502307,9813.830878597148,5744.170447885289,2552.2166310254265,2988.266692793603,3898.5814795886768,35565.645184794594,88587.68596603355,51953.38563459528,8043.646545441009,552.4734104941873,0.0,33863.916769730815,83997.70929293912,49168.92150750067,7707.221015675862,558.9305199454813,0.0,32889.51378021053,81459.4937568384,47655.366751295915,7503.808594687779,552.4738239120035,0.0,32274.618518866748,80051.70908137958,46877.17277656256,7376.819697650273,542.7868324588327,0.0,31858.56740962104,78633.14666837524,46083.29312720112,7254.165492471058,549.2444943259744,0.0,7522.31836999164,19905.917421810296,11372.968793050915,1211.862985723159,19.370518684387207,0.0,40032.438089260395,1802.6415665972468,4769.788580801907,2859.781621282241,378.39030270482976,3.228807210922241,0.0,1104.9983286969803,2736.2514852832346,1683.3630074192497,209.87231183052063,9.685314655303955,0.0,538.4892827594981,1262.4686701634353,653.3356954574585,94.69491500854492,3.228067636489868,0.0,524.3964595037348,1452.2774788622764,892.1658372561137,119.42691717147827,0.0,0.0,782.5407237529755,1872.5703872727413,1091.718071161532,148.5223958492279,3.2299015522003174,0.0
"111,153",2496.743556986729,4192.394916229622,3203.797509707657,2571.0347712413936,2781.4639329938327,4081.09935409228,4150.448469572441,3139.2637312786255,2503.2790382282406,2707.254470828,3945.5817752520243,36611.658359485526,77769.27603319207,37938.27981171047,5263.002041672726,461.77293493326977,3.2267909049987793,35421.6091138849,75406.89207717485,37057.26164024764,5137.14285716917,455.31763841685125,3.2267909049987793,34879.83591981589,74512.29106828185,36644.25428471659,5072.60635695364,435.95640399035284,3.2267909049987793,33791.355313303895,73062.502805075,36095.6852427492,5044.637788787543,435.95578100260565,3.2267909049987793,33013.44587773061,72026.57118579547,35652.56948965484,4983.321689620673,429.50122096117803,3.2267909049987793,18395.92695514361,29991.50060075966,9258.145074287117,708.7707163492838,41.94415235519409,0.0,58396.28749889486,1060.047037337808,2066.0256096054527,892.0589238063961,122.63373970985413,9.683159112930298,0.0,787.020531171911,1601.462457064086,673.3369051615397,74.21773076057434,3.226107120513916,0.0,885.3932616486269,1148.9138516388687,444.229675134023,21.514355262120564,3.2278945446014404,0.0,908.6870956121707,1277.9698623348686,452.8228954474131,64.54825019836426,3.226367235183716,0.0,1059.9478472709657,2161.774276971817,672.2270969549814,48.40563201904297,3.226922035217285,0.0
"112,153",2494.9070661768965,7636.010619926454,4648.447170331431,4708.607032589819,3817.4489788653805,4413.247142534629,7013.685996103287,4435.627053096247,4576.402211718466,3711.3998793985334,4303.6230459026265,27787.722213540357,28016.98131698627,10377.364145383648,3171.3039669018162,1929.4400504205742,424.4319850183001,25125.950689306443,25088.365766361647,9491.101078589758,2981.458297346152,1858.8785278890646,434.10256492857843,23367.525255515528,23200.760159545785,8937.754593252668,2927.363002536811,1836.3141558263815,421.2085043168536,20925.99625517153,21025.305042229447,8435.6057988279,2851.151578013102,1813.748706588558,427.6548386788836,19766.902406208188,20194.120180846196,8069.946596419578,2683.7885981877644,1804.0752077196157,408.3135436749926,78798.71528745352,56483.48586880833,12466.739843334872,1814.4537033997328,425.158354065465,19.341012239456177,150007.89406930137,2915.0345308359933,2919.291441685546,896.3881683228062,199.51479225158693,83.45706300735473,0.0,1899.9817387178832,1914.5940004451602,534.0103073681103,54.80588173866272,29.01191210746765,3.223212718963623,2174.1604398764816,1824.6910567498676,472.3243834467495,76.21446531426673,29.011866331100464,0.0,1724.4769858612735,1352.8056958030252,430.130579065809,174.97162714659,22.567023992538452,6.447967529296875,1567.6933816844341,1728.037056800431,733.8084101845237,190.98357567600175,79.87734398841857,3.2232775688171387
"113,153",2492.7866446332523,5495.404985891604,3579.0529018205752,2586.051711205875,4039.624288316801,4254.579818525501,5282.714883791232,3511.3890460294833,2521.6096061510198,3829.8609745680114,4067.688689508625,19869.911008780615,50442.801090557434,41117.5551506482,23157.28448174888,17330.787562616202,3980.441158029145,18806.884499697597,48570.715814383824,39816.23630572488,22620.934828870435,17226.23603285902,3980.4415139880834,18236.539211234864,47083.04072672713,38698.62867247638,22336.411483464522,17094.930377604916,3967.54717967183,17639.24650416094,45733.96164267764,37862.70182652568,22113.689405851736,17077.69410097833,3964.3146657672582,17512.160172082866,44970.948584649144,36862.00687699879,21711.43500640813,17045.468551518872,4006.208372327393,3480.028935997159,9674.63144118178,7662.14398470112,2675.8258528830956,1147.4650470995434,121.36640644073486,24761.461668303436,957.7540409134883,1896.700319375244,1460.8640070363588,667.3678855419159,271.0271503448486,29.00148057937622,628.7002343654633,1443.1123460788353,976.6684262537489,311.4672939777374,128.88483095169067,22.555914402008057,399.90963621139525,969.422225748324,745.9154640562394,274.24363208284564,125.67312741279602,6.445520639419556,410.3093128896227,1292.748299474342,1294.7540275349336,654.8212434291839,151.44625329971313,25.781837940216064,635.5395363807678,1684.6118522335503,1089.4930516934862,486.5610177516937,165.0397032737732,6.443528175354004
"114,153",2429.4824487175792,130.8858699461993,229.63833985328674,128.78902292251587,331.63495683670044,418.54248332977295,118.01083370657528,219.98206124305725,125.56993317604065,309.09213495254517,386.3439927101135,12140.184174811606,37410.353001013,56373.655998244,39892.94919995421,29838.61832688088,9180.383225113736,12245.34830882035,37505.19992299735,56577.11167319709,40195.81624799337,30063.214451938515,9273.715574652539,12283.749475744658,37547.98063756345,56642.99108860072,40336.729640710124,30166.201848655586,9336.67501459776,12412.532223013335,37735.34662577873,56981.22738192035,40492.5619457142,30379.443002281936,9497.631137711393,12470.47235825389,37745.71061349664,56867.341723089594,40443.91153439354,30383.63800955567,9505.146880156384,28.977816820144653,115.90883731842041,179.20178122520446,99.81135201454163,35.41613698005676,4.2806161403656,463.5965404987335,12.876366376876831,36.12146843741922,49.694359375448784,19.318639516830444,0.0,0.0,22.533340454101562,61.167075634002686,90.14632892608643,36.475696659088136,9.659619569778442,0.0,9.659467220306396,45.07462692260742,32.196990966796875,28.97905921936035,9.659788846969604,0.0,25.755757093429565,51.517472982406616,157.76294827461243,67.61723208427429,6.438724517822266,0.0,35.414817094802856,125.56456351280212,148.10112190246582,51.508718729019165,22.535383224487305,3.219388246536255
"115,153",2488.4897536668855,1032.1728265285492,2202.8073587417603,138.2824478149414,360.18213152885437,389.12283539772034,1025.7408773899078,2144.9230642318726,115.7714638710022,286.2191083431244,337.66947412490845,12471.677531148875,31330.335629660472,46179.99753883212,37414.402336366504,40966.16273400831,13978.951522009043,12298.064068939173,31086.07359359311,45779.4830728213,37336.19184259714,40933.905106551974,14000.669317500731,11922.558936028388,30177.76565477334,44529.930019372114,36672.29942300927,39932.232431525816,13606.6108049561,11879.779062480555,30108.44668945612,44378.06643630664,36608.95821868392,39866.50824485574,13500.475222509049,11863.70058915101,29968.5474056487,44271.92970945041,36466.291558289064,39754.57784996781,13460.784268586776,6.432872533798218,12.865712642669678,48.24519085884094,32.16357398033142,3.216299295425415,0.0,102.92364931106567,141.47062492370605,279.73469614982605,411.59320306777954,138.26855325698853,51.457632541656494,3.216167449951172,279.742648601532,594.9106392860413,852.2017467021942,311.9391646385193,99.69670796394348,6.432157039642334,9.646834135055542,25.72669553756714,51.454089641571045,19.294994592666626,9.648849964141846,0.0,35.374128103256226,102.90819764137268,99.69511294364929,41.809654712677,6.4320149421691895,0.0,22.510204553604126,106.12419176101685,128.6363832950592,64.31836485862732,12.864415884017944,3.215913772583008
"116,153",2486.0566230298477,0.0,0.0,0.0,0.0,0.0,0.0,0.0,0.0,0.0,0.0,8497.343416903064,20391.346189645694,30846.820829815962,23634.358017007977,25881.83776845184,16232.546154619664,8519.824113104389,20506.293640519125,31042.022350022373,23853.87383819281,26088.494065094925,16297.597282750932,8380.948842734917,20359.940018326626,30777.736685380747,23757.434770113814,25901.190548690156,16114.405125959245,8357.021184171415,20433.843976170407,30821.998447281705,23824.206819644627,25897.972202094392,16162.569683654634,8357.027499641157,20293.29224648008,30760.959408861978,23750.321638217625,25865.836046570417,16268.571789367525,0.0,0.0,0.0,0.0,0.0,0.0,0.0,0.0,0.0,0.0,0.0,0.0,0.0,0.0,0.0,0.0,0.0,0.0,0.0,0.0,0.0,0.0,0.0,0.0,0.0,0.0,0.0,0.0,0.0,0.0,0.0,0.0,0.0,0.0,0.0,0.0,0.0
"117,153",2483.4762372354094,3.2096168994903564,0.0,0.0,0.0,0.0,3.2096168994903564,0.0,0.0,0.0,0.0,11488.817889952192,26831.660757090995,42082.571587109094,31182.707337642183,23502.981939459776,8605.454881435282,11564.223801129472,27070.027573775307,42586.505103106596,31508.44582092528,23768.506897660794,8701.024742524763,11561.097701078303,27242.52252723282,42768.60139881489,31587.827216781352,23802.221619561136,8652.84856240048,11565.756557559967,27386.84979465148,42913.01023577522,31684.674732133455,23842.453899000204,8771.658291738173,11539.271965582231,27417.16655652663,43061.52527829338,31674.24763455017,23943.387540100135,9005.224767396028,0.0,0.0,0.0,0.0,0.0,0.0,0.0,0.0,0.0,0.0,3.2096168994903564,0.0,0.0,0.0,0.0,0.0,0.0,0.0,0.0,0.0,0.0,0.0,0.0,0.0,0.0,0.0,0.0,0.0,0.0,0.0,0.0,0.0,0.0,0.0,0.0,0.0,0.0
"118,153",2480.749459272081,0.0,0.0,0.0,0.0,0.0,0.0,0.0,0.0,0.0,0.0,10382.330220707725,24570.370460527083,39363.78699705742,44240.082676648155,66766.07945721757,20753.464341110343,10373.525235841787,24583.929604976318,39352.51527201148,44263.36070489229,66737.89780731389,20792.668084652283,10342.172585336833,24547.837805832136,39387.77419572719,44212.066569798604,66619.83438989976,20795.892777473786,10323.280748766545,24515.069116962655,39339.67188101657,44136.14470307406,66513.57602506244,20763.038916772017,10309.650558213627,24494.401965368495,39197.575485313646,43958.240662613105,66230.05960717762,20589.761406886344,0.0,0.0,0.0,0.0,0.0,0.0,0.0,0.0,0.0,0.0,0.0,0.0,0.0,0.0,0.0,0.0,0.0,0.0,0.0,0.0,0.0,0.0,0.0,0.0,0.0,0.0,0.0,0.0,0.0,0.0,0.0,0.0,0.0,0.0,0.0,0.0,0.0
"119,153",2477.8771992076586,0.0,0.0,0.0,0.0,0.0,0.0,0.0,0.0,0.0,0.0,10332.403306473938,21666.701549973208,32773.25136705567,41117.33383070721,72510.21908628706,25211.70294413847,10236.33578728601,21528.992103066164,32507.469147168893,40819.53015863475,71809.93367979107,25186.121026137294,10177.90679495288,21470.31026402642,32356.994023525018,40573.02129995402,71152.13646255287,25130.93444147297,10243.385265041801,21434.037176390255,32392.22696705987,40598.64082538661,71118.34830943089,25275.047510292017,10272.212450195762,21423.632895597755,32307.542719564255,40550.3204018088,70868.56480397616,25199.975689315797,0.0,0.0,0.0,0.0,0.0,0.0,0.0,0.0,0.0,0.0,0.0,0.0,0.0,0.0,0.0,0.0,0.0,0.0,0.0,0.0,0.0,0.0,0.0,0.0,0.0,0.0,0.0,0.0,0.0,0.0,0.0,0.0,0.0,0.0,0.0,0.0,0.0
"120,153",2474.860413581024,0.0,0.0,0.0,0.0,0.0,0.0,0.0,0.0,0.0,0.0,8702.01348213495,20861.728252931673,30750.611884234004,37464.69889873149,72453.15902107183,22027.097996074077,8765.986227791916,20861.7235501252,30648.60275143736,37413.39835343081,72619.2913795172,22382.098381868065,8794.783649962556,20824.38696237826,30539.46647269025,37198.27156421064,72359.65346010152,22593.435054742593,8804.361923258912,20873.407684290643,30597.00912601247,37159.075045477184,72579.23265117664,22766.43986863903,8817.49285806581,20866.99179478907,30547.776718206034,37089.76035671515,72428.14073191438,22820.111830106438,0.0,0.0,0.0,0.0,0.0,0.0,0.0,0.0,0.0,0.0,0.0,0.0,0.0,0.0,0.0,0.0,0.0,0.0,0.0,0.0,0.0,0.0,0.0,0.0,0.0,0.0,0.0,0.0,0.0,0.0,0.0,0.0,0.0,0.0,0.0,0.0,0.0
"121,153",2471.7001047397102,0.0,0.0,0.0,0.0,0.0,0.0,0.0,0.0,0.0,0.0,5465.991209728577,12201.400974971171,17194.17899727541,20963.15670381528,55295.49762291535,33551.98915364135,5489.177972810408,12266.923695350159,17318.46351044505,21199.717844935964,55825.18799623135,33920.19777641203,5473.193370835921,12314.839752459991,17293.235963394123,21244.078829587677,55974.93476795216,34105.01055551603,5492.364979045531,12346.797033572662,17337.95684008785,21286.34803039981,56243.32806726718,34344.228415750986,5482.426352187699,12404.314250731933,17404.70247765148,21340.310173644273,56482.90728018705,34609.66860119969,0.0,0.0,0.0,0.0,0.0,0.0,0.0,0.0,0.0,0.0,0.0,0.0,0.0,0.0,0.0,0.0,0.0,0.0,0.0,0.0,0.0,0.0,0.0,0.0,0.0,0.0,0.0,0.0,0.0,0.0,0.0,0.0,0.0,0.0,0.0,0.0,0.0
"122,153",2468.397320158825,0.0,0.0,0.0,0.0,0.0,0.0,0.0,0.0,0.0,0.0,4486.368112208797,10378.188064435886,14428.608336162568,17207.920455558626,52392.21917660003,70432.8386893983,4499.127601268246,10409.25778346249,14498.773495864869,17283.392117364732,52504.38443584442,71082.71389565279,4505.512475612118,10396.494818975414,14502.766356426127,17309.264674201662,52344.87350228627,70656.95441838152,4499.139397742702,10386.909797956432,14531.454861360438,17363.58162249677,52521.33436158497,71145.69820051754,4483.182733418896,10412.435629417385,14601.629404979594,17424.520526720495,52763.34861677394,71644.96797890663,0.0,0.0,0.0,0.0,0.0,0.0,0.0,0.0,0.0,0.0,0.0,0.0,0.0,0.0,0.0,0.0,0.0,0.0,0.0,0.0,0.0,0.0,0.0,0.0,0.0,0.0,0.0,0.0,0.0,0.0,0.0,0.0,0.0,0.0,0.0,0.0,0.0
"123,153",2464.953151719099,0.0,0.0,0.0,0.0,0.0,0.0,0.0,0.0,0.0,0.0,4915.776260838789,10920.161760938869,14711.104895360797,17719.51438603869,57511.41343824349,87597.2589046609,4909.405851350111,10948.818585766063,14787.586587913363,17803.403571761824,57786.4385955128,88088.01611572807,4934.893362984938,10971.120405805812,14781.222049959033,17801.976108793184,57792.84156605402,88039.69265872448,4950.827668652815,10965.548248017069,14837.763568888458,17884.818593028947,58154.95498379164,88678.59524194211,4941.270311579985,11016.514451945062,14898.301135073456,17932.6046700515,58347.9198090815,89325.34724842332,0.0,0.0,0.0,0.0,0.0,0.0,0.0,0.0,0.0,0.0,0.0,0.0,0.0,0.0,0.0,0.0,0.0,0.0,0.0,0.0,0.0,0.0,0.0,0.0,0.0,0.0,0.0,0.0,0.0,0.0,0.0,0.0,0.0,0.0,0.0,0.0,0.0
"124,153",2461.3687349638412,0.0,0.0,0.0,0.0,0.0,0.0,0.0,0.0,0.0,0.0,4107.977772490183,8313.312872271445,11548.88133873285,14223.885548800114,50031.43639567974,99553.17911504953,4114.340363518397,8310.131095986273,11576.711793260012,14293.863604038837,50414.6584018567,101046.24575984059,4123.879492060343,8291.039980273154,11576.68583090726,14304.806977334678,50400.17569342781,101190.22617885738,4133.419569031397,8297.402995686438,11611.684166983996,14333.426765504539,50508.315510188826,101348.13784685975,4124.584031948389,8310.125986676123,11633.951920108233,14358.872029605567,50740.57732692886,102090.2145179178,0.0,0.0,0.0,0.0,0.0,0.0,0.0,0.0,0.0,0.0,0.0,0.0,0.0,0.0,0.0,0.0,0.0,0.0,0.0,0.0,0.0,0.0,0.0,0.0,0.0,0.0,0.0,0.0,0.0,0.0,0.0,0.0,0.0,0.0,0.0,0.0,0.0
"125,153",820.384932595875,0.0,0.0,0.0,0.0,0.0,0.0,0.0,0.0,0.0,0.0,1412.736417129928,2574.942706390456,3485.4946805019003,3977.908129132963,14155.878071262321,32670.614459899825,1419.091477468902,2568.5871539555346,3511.0309344254288,3993.794252551771,14260.03470362682,33176.74841102151,1419.090901926452,2559.0541832886493,3526.916566701964,4003.3275040757426,14345.123611948537,33443.8990061788,1412.7363506111444,2565.410593076781,3557.892333402821,4012.860651410795,14384.615020122716,33614.914954219144,1418.3826026542515,2574.943003221587,3573.782411709019,4022.3964366090067,14444.99431666393,33743.593837111606,0.0,0.0,0.0,0.0,0.0,0.0,0.0,0.0,0.0,0.0,0.0,0.0,0.0,0.0,0.0,0.0,0.0,0.0,0.0,0.0,0.0,0.0,0.0,0.0,0.0,0.0,0.0,0.0,0.0,0.0,0.0,0.0,0.0,0.0,0.0,0.0,0.0
"91,154",853.8247527491475,0.0,0.0,0.0,0.0,0.0,0.0,0.0,0.0,0.0,0.0,0.0,0.0,0.0,0.0,0.0,0.0,0.0,0.0,0.0,0.0,0.0,0.0,0.0,0.0,0.0,0.0,0.0,0.0,0.0,0.0,0.0,0.0,0.0,0.0,0.0,0.0,0.0,0.0,0.0,0.0,0.0,0.0,0.0,0.0,0.0,0.0,0.0,0.0,0.0,0.0,0.0,0.0,0.0,0.0,0.0,0.0,0.0,0.0,0.0,0.0,0.0,0.0,0.0,0.0,0.0,0.0,0.0,0.0,0.0,0.0,0.0,0.0,0.0,0.0,0.0,0.0,0.0
"92,154",2502.7501473344146,0.0,0.0,0.0,0.0,0.0,0.0,0.0,0.0,0.0,0.0,211.2116494599511,32.34748816490173,6.469550132751465,0.0,3.2350895404815674,0.0,224.14928845798272,35.58258771896362,6.469550132751465,0.0,3.2350895404815674,0.0,246.7931695405175,35.58258771896362,6.469550132751465,0.0,3.2350895404815674,0.0,366.41267830904786,42.05211806297302,6.469550132751465,0.0,3.2350895404815674,0.0,413.82767827931565,38.81764578819275,6.469550132751465,0.0,3.2350895404815674,0.0,0.0,0.0,0.0,0.0,0.0,0.0,0.0,0.0,0.0,0.0,0.0,0.0,0.0,0.0,0.0,0.0,0.0,0.0,0.0,0.0,0.0,0.0,0.0,0.0,0.0,0.0,0.0,0.0,0.0,0.0,0.0,0.0,0.0,0.0,0.0,0.0,0.0
"93,154",2503.827501537339,0.0,0.0,0.0,0.0,0.0,0.0,0.0,0.0,0.0,0.0,2728.720982791863,2104.330346406675,1459.6353763103486,996.1898868850633,1005.3187494165758,595.2899028806125,2745.70510169665,2186.042814350128,1502.4173791558135,1032.4999482594285,1043.7984142593307,639.3408662618375,3063.316890708138,2241.049348926544,1518.5977878720153,1039.3285259761062,1046.3239768645342,661.995041066525,3498.4499606413,2195.3858930036135,1505.654492631613,1042.564862684175,1082.6353307060167,661.9933487714505,3689.573965398003,2158.972898584254,1479.764889016806,1016.319885965422,1056.3897054887284,668.4636163057065,0.0,0.0,0.0,0.0,0.0,0.0,0.0,0.0,0.0,0.0,0.0,0.0,0.0,0.0,0.0,0.0,0.0,0.0,0.0,0.0,0.0,0.0,0.0,0.0,0.0,0.0,0.0,0.0,0.0,0.0,0.0,0.0,0.0,0.0,0.0,0.0,0.0
"94,154",2504.751631165901,0.0,0.0,0.0,0.0,0.0,0.0,0.0,0.0,0.0,0.0,51469.58800411972,27284.208729163336,7594.73387411342,2827.157876319511,2884.8657181141425,1275.4695859450921,52573.13186719465,28157.43337946592,7770.446411059885,2832.9176734961716,2943.4813975764255,1304.2427349988154,53457.61697123098,28970.869588264763,7991.375973730461,2926.435917326048,3002.4563480480047,1385.1618274155787,54541.50539367246,29903.64958319289,8237.396273165123,3021.1188842951083,3069.726776785944,1420.7625046673945,55625.99814251451,30831.099890683676,8587.011728792564,3086.2219471230223,3183.732809567919,1469.3126913014582,0.0,0.0,0.0,0.0,0.0,0.0,0.0,0.0,0.0,0.0,0.0,0.0,0.0,0.0,0.0,0.0,0.0,0.0,0.0,0.0,0.0,0.0,0.0,0.0,0.0,0.0,0.0,0.0,0.0,0.0,0.0,0.0,0.0,0.0,0.0,0.0,0.0
"95,154",2505.522221311076,0.0,0.0,0.0,0.0,0.0,0.0,0.0,0.0,0.0,0.0,39617.09128438165,38348.24662409576,7627.871590497446,1270.0418297066408,429.26388389550004,55.042622089385986,40332.00773378541,38835.08423002094,7488.918439312542,1237.6649771942812,396.88660675965104,55.042622089385986,41580.60525266891,40386.484835011346,7841.021781430525,1311.0542197638867,457.5905540849648,58.280431032180786,43637.093055542784,42520.449364322776,8504.784438579221,1421.1398303920148,522.34546121616,55.042519092559814,45977.88907828612,44462.37453725572,8975.074275511386,1540.9405844622968,602.93634149327,58.28041124343872,0.0,0.0,0.0,0.0,0.0,0.0,0.0,0.0,0.0,0.0,0.0,0.0,0.0,0.0,0.0,0.0,0.0,0.0,0.0,0.0,0.0,0.0,0.0,0.0,0.0,0.0,0.0,0.0,0.0,0.0,0.0,0.0,0.0,0.0,0.0,0.0,0.0
"96,154",2506.1390092156144,0.0,0.0,0.0,0.0,0.0,0.0,0.0,0.0,0.0,0.0,48911.51807944167,45839.95255501411,11271.094726103427,2432.218409987057,1643.7073432884963,642.9176449121213,52288.766570775646,48724.29068442608,12014.90691800024,2524.710041404238,1690.6774311065674,639.6788884938932,53470.528087186816,49855.99988362463,12261.065946053524,2568.6963338206797,1685.8116132698806,628.3493926525116,55672.836379332635,51808.01364663817,12552.008932756911,2625.191681888057,1695.528051324919,625.1104724407196,57561.53241005317,53399.75405710913,13016.58924145979,2735.3012565986783,1758.6796379865384,647.7823755741119,0.0,0.0,0.0,0.0,0.0,0.0,0.0,0.0,0.0,0.0,0.0,0.0,0.0,0.0,0.0,0.0,0.0,0.0,0.0,0.0,0.0,0.0,0.0,0.0,0.0,0.0,0.0,0.0,0.0,0.0,0.0,0.0,0.0,0.0,0.0,0.0,0.0
"97,154",2506.6017844559383,0.0,0.8130442899816176,0.0,0.0,0.0,0.0,0.8130442899816176,0.0,0.0,0.0,68553.7327222609,44261.886433024505,7203.999493454953,1074.012259505777,379.0022358894348,45.348910093307495,72620.7755613458,47015.2703069313,7458.201836571975,1106.151859293732,385.48095703125,48.58810043334961,77825.78723130787,50083.33329063023,7896.329539593529,1167.6991005046696,411.3968126773834,48.58810043334961,80677.95535323667,52240.398646923146,8261.255769376196,1211.6010976164948,447.0288419723511,48.58810043334961,84439.14486211048,55214.04126127094,8669.571519254236,1253.7118714182984,476.1828074455261,48.58810043334961,0.0,0.0,0.0,0.0,0.0,0.0,0.0,0.0,0.0,0.0,0.0,0.0,0.0,0.8130442899816176,0.0,0.0,0.0,0.0,0.0,0.0,0.0,0.0,0.0,0.0,0.0,0.0,0.0,0.0,0.0,0.0,0.0,0.0,0.0,0.0,0.0,0.0,0.0
"98,154",2506.910389086654,0.0,0.0,0.0,0.0,0.0,0.0,0.0,0.0,0.0,0.0,100014.96635206635,46799.13598102121,11266.131049220703,2218.3848863022,1022.1250500146081,163.61170690573897,100524.43170891276,46940.32650289629,11271.883663923601,2201.4614899195876,970.2894391480614,153.8923816017076,101198.45509541548,47637.75844724038,11477.599731383607,2220.900272134706,983.2481710377862,171.704459362404,101988.96976508346,48156.12253715291,11626.629302201554,2211.181139234468,980.8215451352737,152.266311340706,102654.83511989632,48638.94052468843,11747.315209770204,2203.088447268804,982.4355743062263,142.54726784743514,0.0,0.0,0.0,0.0,0.0,0.0,0.0,0.0,0.0,0.0,0.0,0.0,0.0,0.0,0.0,0.0,0.0,0.0,0.0,0.0,0.0,0.0,0.0,0.0,0.0,0.0,0.0,0.0,0.0,0.0,0.0,0.0,0.0,0.0,0.0,0.0,0.0
"99,154",2507.0647177504798,0.0,0.0,0.0,0.0,0.0,0.0,0.0,0.0,0.0,0.0,59957.083111171174,74674.2735617432,12573.03186579218,576.7123064994812,106.91978096961975,35.63994765281677,61152.79019370173,77405.41255295135,12797.274355587304,583.1920795440674,100.43977761268616,35.639946937561035,63553.00089358816,80871.4635644735,13309.150318935806,625.311437368393,100.4397611618042,42.11993670463562,65400.095170690496,84507.20014335126,13879.371458288268,647.9910526275635,90.71977114677429,38.879944801330566,66239.7955444074,86301.9933722122,14125.609284726312,657.7109477519989,90.71977114677429,38.879944801330566,0.0,0.0,0.0,0.0,0.0,0.0,0.0,0.0,0.0,0.0,0.0,0.0,0.0,0.0,0.0,0.0,0.0,0.0,0.0,0.0,0.0,0.0,0.0,0.0,0.0,0.0,0.0,0.0,0.0,0.0,0.0,0.0,0.0,0.0,0.0,0.0,0.0
"100,154",2507.064717750494,0.0,0.0,0.0,0.0,0.0,0.0,0.0,0.0,0.0,0.0,35151.855718924955,56142.08446113829,7115.072414033553,191.15896725654602,6.479992866516113,0.0,34751.29130495763,56669.47128532073,7091.667631738326,187.91899752616882,3.239994525909424,0.0,36256.67561361743,60391.76304225549,7370.303470723769,187.91895294189453,3.239994525909424,0.0,37960.328904155656,64019.09709573634,7888.69898521199,200.87868642807007,3.239919662475586,0.0,39447.827234799246,67177.28619713879,8356.881409537558,207.35860919952393,3.239919662475586,0.0,0.0,0.0,0.0,0.0,0.0,0.0,0.0,0.0,0.0,0.0,0.0,0.0,0.0,0.0,0.0,0.0,0.0,0.0,0.0,0.0,0.0,0.0,0.0,0.0,0.0,0.0,0.0,0.0,0.0,0.0,0.0,0.0,0.0,0.0,0.0,0.0,0.0
"101,154",2506.9103890866795,0.0,0.0,0.0,0.0,0.0,0.0,0.0,0.0,0.0,0.0,28469.330632724017,33691.78795591243,4674.45811899503,176.56114224920086,3.2398581504821777,0.0,32675.14530807009,38750.08885196518,5051.89575291802,231.63692836293987,6.479597091674805,0.0,39294.023845082644,46794.59374396755,5979.286782805126,299.6709564162236,12.959076166152954,0.0,47816.864679844235,59332.01541458579,7083.255484252818,312.6303034258824,9.719337224960327,0.0,51661.40662835158,64905.54445590318,7666.416569620021,335.30850939283187,9.719337224960327,0.0,0.0,0.0,0.0,0.0,0.0,0.0,0.0,0.0,0.0,0.0,0.0,0.0,0.0,0.0,0.0,0.0,0.0,0.0,0.0,0.0,0.0,0.0,0.0,0.0,0.0,0.0,0.0,0.0,0.0,0.0,0.0,0.0,0.0,0.0,0.0,0.0,0.0
"102,154",2506.6017844559165,0.0,3.239152193069458,0.0,29.155050039291382,3.2394988536834717,0.0,0.0,0.0,19.436717748641968,3.2394988536834717,48018.61778192988,58742.09670348449,4719.399416534573,97.18211126327515,0.0,0.0,50644.912311693275,62817.86725229283,5080.593848465004,100.42175698280334,0.0,0.0,54484.66434081863,68068.6846747922,5479.861731901355,110.13990879058838,0.0,0.0,57988.79977147439,73588.87360084198,5842.669605150409,113.37915539741516,0.0,0.0,60416.8681631855,77367.46490236359,6030.905074080298,113.37915539741516,0.0,0.0,0.0,0.0,0.0,0.0,0.0,0.0,0.0,0.0,0.0,0.0,0.0,0.0,0.0,0.0,0.0,0.0,0.0,0.0,0.0,0.0,0.0,0.0,0.0,0.0,0.0,19.436717748641968,0.0,0.0,0.0,0.0,0.0,0.0,3.2394988536834717,0.0,0.0,0.0,0.0
"103,154",2506.1390092156785,0.0,0.0,19.43071961402893,3.2384493350982666,35.62267088890076,0.0,0.0,19.43071961402893,3.2384493350982666,32.384247064590454,72500.75465843723,81901.84252305966,4697.4546506199185,207.27434706687927,45.3420250415802,0.0,74167.64974920983,84449.94572722679,4794.259149585986,213.7519555091858,45.3420250415802,0.0,76014.75369476055,86778.74133877849,4947.381079934626,216.9907729625702,45.34210968017578,0.0,77792.88984533011,88447.65405933156,4991.099770858242,220.22979402542114,45.34210968017578,0.0,80111.73392687686,90737.29310200542,5103.033921654085,213.75192618370056,45.34210968017578,0.0,0.0,0.0,0.0,0.0,0.0,0.0,0.0,0.0,0.0,0.0,0.0,0.0,0.0,0.0,0.0,0.0,0.0,0.0,0.0,16.192270278930664,3.2384493350982666,0.0,0.0,0.0,0.0,3.2384493350982666,0.0,0.0,0.0,0.0,0.0,29.14582896232605,3.2384181022644043,0.0,0.0,0.0,0.0
"104,154",2505.522221311077,0.0,0.0,0.0,0.0,0.0,0.0,0.0,0.0,0.0,0.0,79076.69750180058,68790.22544428881,5415.282897488276,518.066126982371,64.75914978981018,0.0,82282.78443143415,71365.29784387886,5758.878789385627,543.9718076388041,61.52185320854187,0.0,85304.79414484081,74037.16140601962,5968.435014525581,573.1144818464915,58.283536195755005,0.0,87611.19317019687,75547.42221294758,6107.6752255355605,582.8287405172983,58.283536195755005,0.0,89001.96649755776,76400.19361691474,6188.076692506379,573.1148871580759,55.04521989822388,0.0,0.0,0.0,0.0,0.0,0.0,0.0,0.0,0.0,0.0,0.0,0.0,0.0,0.0,0.0,0.0,0.0,0.0,0.0,0.0,0.0,0.0,0.0,0.0,0.0,0.0,0.0,0.0,0.0,0.0,0.0,0.0,0.0,0.0,0.0,0.0,0.0,0.0
"105,154",2428.1421030057327,3.236701250076294,631.9917760521757,515.4739763746074,774.441557484047,380.9833531959384,3.236701250076294,631.9917760521757,515.4739763746074,771.2045067123338,380.9833531959384,86763.94711935006,92124.75428560948,13687.879485869875,831.7242674556433,51.79283046722412,0.0,87106.75436543765,92123.42563668512,13674.931919599047,828.4873387542425,48.55540204048157,0.0,86804.99434763404,91746.10231398414,13606.95412662076,818.7751848426519,55.029486417770386,0.0,86520.40194958987,91568.61391010003,13577.006565167856,822.0110079971014,64.74072861671448,3.236840009689331,85227.69698291292,91147.30668408638,13538.170097424936,818.7742724147497,64.74072861671448,3.236840009689331,0.0,0.0,0.0,0.0,0.0,0.0,0.0,0.0,3.236701250076294,0.0,0.0,0.0,0.0,294.5506806373596,298.5979645878661,35.606364011764526,3.236766815185547,0.0,0.0,207.16020274162292,279.18104529474294,29.132728338241577,0.0,0.0,0.0,382.78196533240526,336.6319522857666,51.79058909416199,0.0,0.0,0.0,178.66987156306996,173.17956954638166,29.133912086486816,0.0,0.0,0.0
"106,154",2503.8275015373706,48.53767371177673,1104.9515514990862,237.72614301887214,382.50675154199786,503.66362177063434,45.30157160758972,1104.9515514990862,237.72614301887214,382.50675154199786,503.66362177063434,70739.41792621705,129488.46850810894,26866.51706144576,1357.7700732427486,76.76427163890764,0.0,70871.01603125497,129715.5864043825,26895.711898933674,1351.2978254037746,76.76426710895464,0.0,70648.70197475751,129061.15679244995,26730.68664826038,1357.7682078557857,80.00038256458208,0.0,70697.24266613324,129017.47804928481,26755.85050703591,1341.588066406811,83.2355503063576,0.0,68762.46762991793,128580.82344904133,26652.309542432486,1341.5888205247768,83.2355503063576,0.0,3.236070394515991,3.2360661029815674,3.235929489135742,0.0,0.0,0.0,9.7080659866333,0.0,42.06569266319275,3.2358789443969727,0.0,0.0,0.0,288.81533712779776,664.0587869840509,152.07742738723755,0.0,0.0,0.0,97.0667097568512,126.99406888157714,13.665364380443798,0.0,0.0,0.0,126.17635525161145,230.44737565096688,25.883020639419556,0.0,0.0,0.0,130.13965355929207,337.93566750638627,35.588300704956055,0.0,0.0,0.0
"107,154",2502.750147334389,109.96684622764587,1259.9159446706958,400.35065114918876,853.1723908602023,997.3010420715109,109.96684622764587,1259.9159446706958,393.8812996191137,853.1723908602023,997.3010420715109,40643.639842732744,114533.77551199314,59652.81510108779,9087.194910305621,993.8474512969747,12.937862396240234,40801.424654883034,114920.30435237417,59983.45602255709,9164.824920672061,1006.784442988564,12.937862396240234,40659.11700932372,114439.99954939823,59858.94303923027,9226.283190744998,1019.722721902062,16.1725594997406,40744.81971233218,114537.04690552692,59838.637853864595,9221.426395580816,1029.4248643790975,16.1725594997406,40566.110983803694,114071.91802317863,59599.30436256633,9229.505751782774,1019.7223111068502,16.1725594997406,9.702438831329346,12.93603777885437,6.468327760696411,0.0,0.0,0.0,29.106804370880127,12.936380863189697,54.98377060890198,42.0466947555542,0.0,0.0,0.0,255.52637672424316,703.5869773378558,278.16474890708923,19.404003620147705,3.2338380813598633,0.0,97.03615832328796,203.76995706558228,80.1383203310125,12.936863899230957,0.0,0.0,143.13650081204435,462.61729026027757,240.94932431333206,3.2348270416259766,3.2344484329223633,0.0,212.7584968847387,574.3056817138896,207.002119400922,3.234744071960449,0.0,0.0
"108,154",2501.51993540019,236.78486518111885,1514.4029546793768,291.8240042106778,587.5958362663494,447.89234081062614,230.32031897750556,1514.4029546793768,291.8240042106778,587.5958362663494,444.6600047663146,39060.76393044509,112918.74611205587,65050.10180324199,8913.932268480228,543.9047290970298,0.0,39089.861660128016,112874.30836564419,65063.03094112265,8897.771938899921,524.5084290195914,0.0,38944.407724981684,112047.59438463564,64613.71607001903,8862.22028694527,527.7408158470603,0.0,38903.117956605616,111967.50032683351,64624.23586986673,8862.219556669163,524.5077771831961,0.0,39018.76504547549,111719.48834277973,64504.62825296533,8839.588483671116,518.0424217869254,0.0,71.11161804199219,327.36141383507675,175.4554817611096,32.321364641189575,0.0,0.0,606.2498782793681,25.858023643493652,121.21941398639305,60.616576244316846,22.626305103302002,0.0,0.0,226.27254056930542,795.1858484745026,454.1570304449867,38.787535190582275,0.0,0.0,70.39050737829768,169.7147561307047,48.486518144607544,3.232222557067871,0.0,0.0,90.50737476348877,319.296331986259,161.62920022010803,16.16292929649353,0.0,0.0,125.34151469118454,217.4842485857945,95.36793146507412,6.466310024261475,0.0,0.0
"109,154",2500.1372842584137,708.1103954212339,1849.9593594476291,1171.6226953749563,939.3377095783458,1084.3049633764754,672.5761148826749,1843.4987948342869,1168.3925866370107,939.3377095783458,1074.613387372447,54241.00688265352,119054.63884698735,44196.83491843261,3697.7455606572767,207.58721057760948,0.0,54035.401837829515,118927.9003919059,44181.33983531933,3681.5927620046277,210.81767980444664,0.0,53461.011086758444,118044.05161777945,44031.13205116028,3684.825926315083,204.35653941023583,0.0,52994.894963685205,117324.86963705458,43844.235420586076,3668.6724047773023,204.35679213392967,0.0,52839.15615032982,116975.94076504334,43717.447590833544,3665.4400451295514,201.12623206961388,0.0,976.7379329784244,1604.0248398088943,311.3445921421051,9.691013097763062,3.230440855026245,0.0,2905.0288188822133,237.9289557756162,310.1053176898582,118.08093228901134,6.460909128189087,0.0,0.0,577.6214293910008,1017.1244781942928,235.83066940307617,12.922217845916748,0.0,0.0,411.6483246887432,633.6479925202389,119.86616831947775,3.2301011085510254,0.0,0.0,284.2734169960022,474.1613418186412,171.21173453330994,9.691216230392456,0.0,0.0,358.0181216137082,629.3738378412584,87.22142791748047,0.0,0.0,0.0
"110,154",2498.6026638238586,625.763388599134,3294.1895430836025,2533.5333564431057,2654.464819956761,2217.87973465452,619.305148566938,3294.1895430836025,2517.3851242215023,2644.7755132207685,2208.1911286307313,57598.76650366877,94895.53392899831,34079.39391411893,5095.613696283453,716.6329292942495,0.0,57563.75100892291,95053.38777675628,34071.520712714104,5117.407177672667,706.9465608288259,0.0,56618.241816893744,93854.17560566639,33666.98357260648,5101.256522403044,703.7189838577718,0.0,56169.58487099947,92592.76515926194,32996.686004648014,5007.615209088606,690.802582948348,0.0,55476.66295043441,91353.99106451485,32540.513484481733,4991.468999133391,694.0316676784963,0.0,918.9332162688761,1681.3104715524937,512.9319927056631,54.89554405212402,0.0,0.0,3168.0712245791565,198.8511690008874,308.4195004294901,107.9941687929864,4.040310343574075,0.0,0.0,1138.1226801348666,1581.2099007447562,539.3320598602295,32.29578709602356,3.2291152477264404,0.0,610.4548396933312,1271.08324118315,580.9449914193622,48.44307327270508,6.458978652954102,0.0,810.5941589495715,1352.169673424141,446.4869985636543,35.52468228340149,0.0,0.0,590.6151204801074,1184.8320630288592,390.76258611679077,41.981359004974365,0.0,0.0
"111,154",2496.9165950778897,2444.4609515966154,1380.9997822518442,1895.717848228006,1840.2402498320037,2893.2492584583806,2402.1663043732738,1364.8692261452768,1853.7747077212616,1814.429830272525,2857.7611374256658,96483.18911143378,67852.39568709205,13389.56067890747,1643.5654698399935,362.2815309169246,9.682631969451904,95067.57907785902,67402.60641592061,13338.749626652401,1624.202690222684,362.2823787333919,9.682631969451904,94908.70099125749,67253.72351559001,13309.703549162548,1617.748920538846,359.05630189203754,9.682631969451904,93440.67441837177,66563.79497131458,13176.323499536516,1617.7494481591616,355.8295934798671,9.682631969451904,92650.39402058917,65896.47045177197,13053.704404687884,1595.1561718968783,349.37515646242633,9.682631969451904,23997.33490931193,7932.608663957259,955.0403476191502,38.719924211502075,3.226682662963867,0.0,32926.9305277628,1733.4898975877202,581.5572878566443,77.43812537193298,9.680993556976318,0.0,0.0,896.3193443831276,394.3289232908511,67.76695227622986,3.2270030975341797,3.2270030975341797,0.0,1197.6176540655247,591.622595018499,64.53445863723755,0.0,0.0,0.0,1132.8024164760814,575.1438868513294,96.80062937736511,9.682897567749023,0.0,0.0,1731.2065707711613,881.2877810328614,229.13153409957886,16.13525152206421,0.0,0.0
"112,154",2495.0796497067413,7802.196409150667,4480.481886930092,5892.513194046768,4748.8843648227985,4750.360122883553,7644.54706089824,4271.243112292009,5831.245605669769,4677.938099840575,4692.680746844236,56727.547504805574,43375.32129428059,16924.78912444769,4247.281975489971,1561.824795402265,178.7488562453027,54601.948153924015,40519.78756823539,15286.437228664696,3893.3704074971824,1468.6876535453048,181.97203987719968,53144.63087097898,39253.33255743233,14759.023697999877,3816.3552999253375,1452.5728590525832,165.49936687806073,49312.22333682472,35934.29397594975,13505.510925036786,3580.1961106403205,1417.1129014529433,165.14542180136138,48959.13718634025,35235.65948875371,13059.085071006477,3420.1546440713546,1391.322859767839,161.9218412025302,49093.30699721692,39557.6839202217,10418.585078837827,1160.2851898801093,141.8248217040417,6.446672677993774,100378.1326805386,2308.616006575379,3193.504106322457,1698.615118929919,350.6805663772658,93.13126269321816,0.0,1918.084044596728,1564.7882038022956,675.5359668516645,93.49319791793823,19.34169912338257,0.0,2418.2237750053405,2269.6625591764264,962.0065132580553,162.01105314610052,19.341705083847046,0.0,1930.9589475164225,1745.4919464840607,745.5469653587716,214.03322873396033,38.68343114852905,3.2235805988311768,2341.81417926807,1557.727842093449,623.0645726297415,163.62555279918746,6.4486000537872314,0.0
"113,154",2492.910396074129,2171.0056436323653,1076.0694764221416,1006.8427130212971,1148.2440116882324,1402.1694513227426,2145.2257313990126,1075.715559161878,997.1738873949238,1141.798552083969,1376.0390920639038,22798.080771765053,55933.005971187704,50079.97260518261,28502.484397551587,18629.769908889135,5027.284072140152,22666.66730030471,55375.38026779867,49597.62420261701,28264.356977113086,18646.595658836177,5058.432281553044,22730.931335976544,55464.02319406621,49415.78864457934,28214.849783121368,18629.674032074796,5068.468751072415,22371.688701283696,54645.084267544284,48873.2090696017,28170.776186167022,18667.78940391821,5155.824912488227,22479.270424167782,54916.90976911527,49026.14755859562,28152.67671691857,18626.982880754098,5154.213005711986,2471.8752189131346,5344.728906799765,3243.2418484435366,869.631629262251,117.61205204047408,6.443652153015137,12053.533307612177,275.3482588917601,780.7625009125354,707.7964197962891,332.62921350516524,48.68933829326256,0.0,138.9324308825474,410.7951784451802,329.4275157311383,141.7839858531952,51.553459882736206,3.2229883670806885,171.1688996221505,405.0778480595233,288.8000084895713,103.12420105934143,29.002930164337158,0.0,197.65328406633114,404.007686105429,304.54000711534536,161.48183688182456,70.8929271697998,3.222810745239258,267.47892022132874,467.2858393192291,412.4897336959839,177.22792959213257,51.55666923522949,0.0
"114,154",2449.7107118210793,19.320027112960815,28.97896146774292,9.659743547439575,32.20257210731506,22.536351919174194,16.100568771362305,28.97896146774292,9.659743547439575,32.20257210731506,19.316334009170532,9052.302853200013,29397.220249202204,41395.26583209505,28011.795701365376,22202.28160433115,10519.189711733425,9122.516623238957,29652.8521198628,41754.05730817178,28197.28416123297,22300.79583672075,10516.808187656776,9187.95918525621,29826.75208490783,41911.78065222759,28310.57353878863,22419.441626496413,10660.516526240928,9239.973800310434,29929.390773631076,41910.73076310719,28353.987909306732,22505.40039464259,10850.453269977195,9278.7873850757,30093.87796656104,42177.31884044853,28586.771613711004,22714.78146235616,10953.473557014091,9.659878015518188,6.439330339431763,35.41699814796448,9.659056186676025,3.220148801803589,0.0,64.39541149139404,0.0,3.219601631164551,9.660667419433594,3.22029972076416,0.0,0.0,3.2196624279022217,22.53900933265686,3.220289707183838,0.0,0.0,0.0,0.0,6.439273834228516,3.2204697132110596,0.0,0.0,0.0,0.0,6.4406280517578125,12.880997657775879,12.880946397781372,0.0,0.0,0.0,9.657009601593018,9.659324407577515,0.0,0.0,0.0
"115,154",2488.660828582258,881.422256231308,2727.901823282242,447.1525979042053,440.7162055969238,498.6210968494415,788.1332483291626,2669.997386932373,376.38171458244324,379.5946719646454,453.5828859806061,7863.946505826128,22781.74700344123,27684.735763103818,18794.245058277545,23801.333304784817,19700.833147691275,7784.955811364978,22621.71027628207,27458.438743838138,18697.73198546709,23888.94721645842,19757.7447137842,7559.786298484429,21742.090377769284,26322.88876833635,18099.397315400256,23656.68020587061,19712.72760343645,7571.8397180183265,21659.883319533106,26187.78946795183,18003.32069022609,23728.849251983676,19793.10914397333,7598.998084440419,21675.96229366134,26246.921982706288,18113.466921509014,23827.733048926144,19935.307474350462,90.0748381614685,395.6664237976074,649.8097097873688,305.6126501560211,80.42238187789917,3.2166271209716797,1524.8026309013367,83.6370279788971,247.6950604915619,276.6483292579651,128.68002891540527,45.03907012939453,6.433731555938721,173.709969997406,849.2347476482391,1026.1794476509094,463.2406861782074,141.54698157310486,16.085553884506226,28.95270347595215,93.2885959148407,128.67422890663147,93.29546999931335,32.170716285705566,0.0,25.734137296676636,86.85385513305664,141.5443630218506,54.68874788284302,57.90518307685852,12.868385553359985,35.383495807647705,106.15771126747131,144.75969052314758,109.37521839141846,45.03828763961792,12.8684823513031
"116,154",2486.227157095385,0.0,0.0,0.0,0.0,0.0,0.0,0.0,0.0,0.0,0.0,20348.883695884782,32990.59436774161,38896.42902321815,31893.967533615523,43267.36599112211,15614.226049217523,20387.43964199646,33093.42692685034,39118.93982847812,31958.242358473235,43370.202352291926,15671.260122349684,20419.56176118477,33136.78728122898,39158.292728351145,31951.827944067412,43210.974670833704,15600.574590971892,20403.501228853303,33037.203810884435,38992.84756813891,31743.01225474208,42901.08689808565,15598.990851147968,20366.562242926804,32920.75727268574,38893.25934015162,31630.55589654773,42743.71049650417,15656.10680247288,0.0,0.0,0.0,0.0,0.0,0.0,0.0,0.0,0.0,0.0,0.0,0.0,0.0,0.0,0.0,0.0,0.0,0.0,0.0,0.0,0.0,0.0,0.0,0.0,0.0,0.0,0.0,0.0,0.0,0.0,0.0,0.0,0.0,0.0,0.0,0.0,0.0
"117,154",2483.646216534366,19.25682020187378,9.628497123718262,16.04703140258789,0.0,0.0,19.25682020187378,9.628497123718262,16.04703140258789,0.0,0.0,27248.22770808164,43690.50435726316,48682.27606615741,32636.416598715507,25436.566012894873,3624.0848418432124,27344.521659291964,43811.64648279304,48790.84130086898,32610.77567520329,25436.64639315792,3611.235296125973,27295.562955979738,43831.732827464286,48669.75810872993,32490.395067351474,25217.466251039506,3569.523830051983,27200.876804244283,43704.17799905423,48396.12950529491,32312.296401380092,24862.655047526077,3528.530152466718,27238.55187639068,43430.49684050318,48125.793383271084,31915.145431660672,24493.585707720587,3453.0267734415393,0.0,0.0,0.0,0.0,0.0,0.0,0.0,19.25682020187378,0.0,0.0,0.0,0.0,0.0,9.628497123718262,0.0,0.0,0.0,0.0,0.0,16.04703140258789,0.0,0.0,0.0,0.0,0.0,0.0,0.0,0.0,0.0,0.0,0.0,0.0,0.0,0.0,0.0,0.0,0.0
"118,154",2480.918873225939,0.0,0.0,0.0,0.0,0.0,0.0,0.0,0.0,0.0,0.0,13237.997456134533,25213.987361456366,40470.900641662,42662.954864122345,49507.13680994651,15919.711416973785,13276.74473541858,25322.2617814999,40686.97556177308,42999.038530996724,49726.87482039508,15945.382382406906,13338.724581980237,25499.18585278941,40936.96919150446,43181.005957027504,49850.41578274522,15935.754733099655,13345.12060824469,25595.330897055417,41090.051201528666,43397.486397573055,49693.3287386969,15791.551463433805,13328.081452033099,25618.765381859797,41054.49160299769,43385.961528482614,49287.64582470538,15430.08142232147,0.0,0.0,0.0,0.0,0.0,0.0,0.0,0.0,0.0,0.0,0.0,0.0,0.0,0.0,0.0,0.0,0.0,0.0,0.0,0.0,0.0,0.0,0.0,0.0,0.0,0.0,0.0,0.0,0.0,0.0,0.0,0.0,0.0,0.0,0.0,0.0,0.0
"119,154",2478.0460407013966,0.0,0.0,0.0,0.0,0.0,0.0,0.0,0.0,0.0,0.0,10549.128881763943,20673.716991619036,32187.77019422381,34407.081543700835,45315.74302818167,20027.948034912,10570.497116547003,20881.886410100786,32440.073757620416,34765.96883677314,45761.438908764896,20292.67127896477,10624.681648180533,20994.196321637024,32665.30645707354,34801.2597517855,45822.89505639824,20339.404542455486,10701.550103590534,21229.627808866313,32966.936061822664,35106.40522913185,46130.512719002894,20532.080243081673,10748.176635690763,21359.978393719244,33132.749788072055,35227.99959057546,46157.197718144394,20472.28122509414,0.0,0.0,0.0,0.0,0.0,0.0,0.0,0.0,0.0,0.0,0.0,0.0,0.0,0.0,0.0,0.0,0.0,0.0,0.0,0.0,0.0,0.0,0.0,0.0,0.0,0.0,0.0,0.0,0.0,0.0,0.0,0.0,0.0,0.0,0.0,0.0,0.0
"120,154",2475.0286790644604,0.0,0.0,0.0,0.0,0.0,0.0,0.0,0.0,0.0,0.0,6507.591952798882,14608.969274326399,22693.84560353429,26874.41541937566,55936.7871006012,31997.731951207745,6544.372005099877,14666.535214570922,22850.579409190723,27001.01688728052,56420.182025517664,32552.085674224185,6579.554603213891,14663.335299400253,22871.907869870058,27038.600499043743,56399.656822213,32515.825666048015,6202.03465592347,14554.562576917571,22898.557618751714,27143.891102098016,56681.080892008424,32796.7381688679,6194.042649012921,14626.537358808517,22981.71905261956,27237.7207135668,56779.13283507216,32949.15351485458,0.0,0.0,0.0,0.0,0.0,0.0,0.0,0.0,0.0,0.0,0.0,0.0,0.0,0.0,0.0,0.0,0.0,0.0,0.0,0.0,0.0,0.0,0.0,0.0,0.0,0.0,0.0,0.0,0.0,0.0,0.0,0.0,0.0,0.0,0.0,0.0,0.0
"121,154",2471.8677943272055,0.0,0.0,0.0,0.0,0.0,0.0,0.0,0.0,0.0,0.0,1206.3833879012689,3359.7273118318294,4997.230385291343,6087.373928053239,15564.7247755621,10783.02250714863,1218.3425717989605,3297.3987163898987,4885.407296883826,5918.832999624926,15146.149976628434,10537.81975461081,1205.5602222124737,3240.2522706845225,4827.881814229255,5858.126406111437,14887.72120711196,10479.10110373684,1202.362380329768,3221.0969428875865,4821.4944691536475,5867.696657576281,14969.173231926152,10608.42915799758,1192.7766278425854,3208.3284923890055,4789.528147208457,5810.171804823595,14956.351243005081,10524.086477654588,0.0,0.0,0.0,0.0,0.0,0.0,0.0,0.0,0.0,0.0,0.0,0.0,0.0,0.0,0.0,0.0,0.0,0.0,0.0,0.0,0.0,0.0,0.0,0.0,0.0,0.0,0.0,0.0,0.0,0.0,0.0,0.0,0.0,0.0,0.0,0.0,0.0
"122,154",2468.5644377091385,0.0,0.0,0.0,0.0,0.0,0.0,0.0,0.0,0.0,0.0,2797.456199888155,6377.887223010905,9158.969625244888,11439.244998230652,35041.862481599695,62612.50293539366,2762.3540072478504,6369.108600671619,9179.712902185964,11519.037195934967,35047.009397436595,62542.58185398532,2736.8299703635425,6308.162166127971,9080.022136322657,11356.861369963251,34611.73223175254,61865.92598224528,2775.1222362555714,6357.6082621537,9022.569365135829,11371.988754495918,34702.047819352614,62301.589446010774,2791.073477510378,6360.782537075117,9099.122743240992,11426.721315704606,34817.36841311268,62902.73617102305,0.0,0.0,0.0,0.0,0.0,0.0,0.0,0.0,0.0,0.0,0.0,0.0,0.0,0.0,0.0,0.0,0.0,0.0,0.0,0.0,0.0,0.0,0.0,0.0,0.0,0.0,0.0,0.0,0.0,0.0,0.0,0.0,0.0,0.0,0.0,0.0,0.0
"123,154",2465.1197049090874,0.0,0.0,0.0,0.0,0.0,0.0,0.0,0.0,0.0,0.0,11902.65729877715,12978.93006473242,15072.904695576313,17430.11737987855,54206.54189248084,88667.38513980381,11901.082664442063,12940.918527341357,15066.54356772292,17433.30251214364,54276.63140244483,88851.64779859899,11870.836070051382,12943.942136025895,15042.845030537774,17361.11894060677,54021.29200223847,88473.82913590506,11889.953044166754,12935.197706604002,15040.484097231136,17416.706726030276,54228.74971874554,88886.00042466556,11905.8774182703,13008.45384635925,15053.221964109645,17500.595372613272,54469.51963797082,89392.36979379374,0.0,0.0,0.0,0.0,0.0,0.0,0.0,0.0,0.0,0.0,0.0,0.0,0.0,0.0,0.0,0.0,0.0,0.0,0.0,0.0,0.0,0.0,0.0,0.0,0.0,0.0,0.0,0.0,0.0,0.0,0.0,0.0,0.0,0.0,0.0,0.0,0.0
"124,154",2461.5347353414395,0.0,0.0,0.0,0.0,0.0,0.0,0.0,0.0,0.0,0.0,4771.30634540857,9408.128900346568,12514.756177927466,15713.130024913715,51113.320929597394,96383.37630985204,4790.402122681749,9417.51657501202,12563.258906927296,15758.369753846937,51362.213476348385,97012.2439207311,4779.2609071338875,9428.803944597057,12595.760769882389,15799.703962335401,51430.25286170173,97136.89019985478,4766.530827959846,9425.608941325954,12640.293475427814,15861.892565857197,51721.39241696525,97881.90566623537,4788.792005499671,9447.871703157238,12678.457812347599,15899.363331919092,51989.28982765534,98839.81056040691,0.0,0.0,0.0,0.0,0.0,0.0,0.0,0.0,0.0,0.0,0.0,0.0,0.0,0.0,0.0,0.0,0.0,0.0,0.0,0.0,0.0,0.0,0.0,0.0,0.0,0.0,0.0,0.0,0.0,0.0,0.0,0.0,0.0,0.0,0.0,0.0,0.0
"125,154",1968.246110912589,0.0,0.0,0.0,0.0,0.0,0.0,0.0,0.0,0.0,0.0,2847.4959514141083,6174.243124701929,7979.86857808057,9555.371297265969,32837.00706038662,85480.62790375785,2866.55433511734,6206.006858327341,8040.21095216695,9665.816036125258,33227.54658538874,87026.7948019944,2876.084379196167,6244.117546536876,8083.78488442103,9738.864333292082,33500.34759649015,88119.83992608669,2888.7868390083313,6279.051641442729,8157.640554354237,9818.270068069532,33860.490183952745,89318.30715822893,2895.1407175064087,6291.750947215511,8152.877464673098,9850.748566295588,33934.431681613365,89579.53213125678,0.0,0.0,0.0,0.0,0.0,0.0,0.0,0.0,0.0,0.0,0.0,0.0,0.0,0.0,0.0,0.0,0.0,0.0,0.0,0.0,0.0,0.0,0.0,0.0,0.0,0.0,0.0,0.0,0.0,0.0,0.0,0.0,0.0,0.0,0.0,0.0,0.0
"126,154",792.9975512624254,0.0,0.0,0.0,0.0,0.0,0.0,0.0,0.0,0.0,0.0,1989.3345171124329,2561.6240561737736,3480.0361712240706,3989.545509737613,12722.13331591475,35351.934644756126,1986.1608933121552,2575.897656466914,3499.0665154718886,3973.681954306247,12690.403051489473,35212.70356127234,1989.3350204140534,2582.242269303752,3508.5856485628615,3995.890045326831,12706.278954942552,35305.44666828642,1995.6810094029297,2591.760741736842,3521.368432386249,3999.0601844011567,12788.751861293642,35551.3061131309,1979.8147324234833,2588.5841350817213,3516.6470639528015,4010.1580641811975,12822.032267263823,35684.84594730302,0.0,0.0,0.0,0.0,0.0,0.0,0.0,0.0,0.0,0.0,0.0,0.0,0.0,0.0,0.0,0.0,0.0,0.0,0.0,0.0,0.0,0.0,0.0,0.0,0.0,0.0,0.0,0.0,0.0,0.0,0.0,0.0,0.0,0.0,0.0,0.0,0.0
"91,155",1011.2166514825224,0.0,0.0,0.0,0.0,0.0,0.0,0.0,0.0,0.0,0.0,0.0,0.0,0.0,0.0,0.0,0.0,0.0,0.0,0.0,0.0,0.0,0.0,0.0,0.0,0.0,0.0,0.0,0.0,0.0,0.0,0.0,0.0,0.0,0.0,0.0,0.0,0.0,0.0,0.0,0.0,0.0,0.0,0.0,0.0,0.0,0.0,0.0,0.0,0.0,0.0,0.0,0.0,0.0,0.0,0.0,0.0,0.0,0.0,0.0,0.0,0.0,0.0,0.0,0.0,0.0,0.0,0.0,0.0,0.0,0.0,0.0,0.0,0.0,0.0,0.0,0.0,0.0
"92,155",2502.9215879259514,0.0,0.0,0.0,0.0,0.0,0.0,0.0,0.0,0.0,0.0,722.2596729680604,3.235079288482666,0.0,3.2337100505828857,0.0,3.2336983680725098,753.5393363260756,3.235079288482666,0.0,3.2337100505828857,0.0,3.2336983680725098,821.4337837901771,3.235079288482666,0.0,3.2337100505828857,0.0,3.2336983680725098,893.6321612647935,0.0,0.0,3.2337100505828857,0.0,3.2336983680725098,989.5733483408012,3.235079288482666,0.0,3.2337100505828857,0.0,3.2336983680725098,0.0,0.0,0.0,0.0,0.0,0.0,0.0,0.0,0.0,0.0,0.0,0.0,0.0,0.0,0.0,0.0,0.0,0.0,0.0,0.0,0.0,0.0,0.0,0.0,0.0,0.0,0.0,0.0,0.0,0.0,0.0,0.0,0.0,0.0,0.0,0.0,0.0
"93,155",2503.9992274051874,0.0,0.0,0.0,0.0,0.0,0.0,0.0,0.0,0.0,0.0,58670.734873336914,16593.294330095778,5244.217873349843,1839.2435260024727,1674.25591562776,1020.9478084844702,59960.4616295824,17012.735662858628,5357.479785218892,1920.5021302241903,1758.747206369101,1100.2317519187927,61173.006293640894,17130.88964982033,5318.642256990132,1878.4314000148397,1749.0353669316162,1106.7030024528503,63676.873746538164,17551.516923856736,5480.789099880293,1930.1966247100454,1781.3858312756408,1126.112741947174,65053.460442740325,18046.59195728302,5597.631667496176,1985.9176464679194,1846.099697271048,1159.180217848572,0.0,0.0,0.0,0.0,0.0,0.0,0.0,0.0,0.0,0.0,0.0,0.0,0.0,0.0,0.0,0.0,0.0,0.0,0.0,0.0,0.0,0.0,0.0,0.0,0.0,0.0,0.0,0.0,0.0,0.0,0.0,0.0,0.0,0.0,0.0,0.0,0.0
"94,155",2504.9236044798763,0.0,0.0,0.0,0.0,0.0,0.0,0.0,0.0,0.0,0.0,41954.929293749374,7953.158437008951,1386.7532082997118,456.00390130959306,343.07332396507263,67.96711730957031,42562.43137993157,8047.0541427883445,1404.562366440717,449.1753543750913,355.6642623611525,77.67681384086609,43130.49627399537,8210.871902278826,1414.2759472875034,452.412121667114,371.84748966179643,87.38647174835205,44248.660291299624,8631.657806240346,1462.4742493844499,497.72431601449557,407.4506495662764,87.38636994361877,44963.645211495605,8863.095121136834,1510.6693933888978,526.1419070038141,433.34257490120683,102.85793889924591,0.0,0.0,0.0,0.0,0.0,0.0,0.0,0.0,0.0,0.0,0.0,0.0,0.0,0.0,0.0,0.0,0.0,0.0,0.0,0.0,0.0,0.0,0.0,0.0,0.0,0.0,0.0,0.0,0.0,0.0,0.0,0.0,0.0,0.0,0.0,0.0,0.0
"95,155",2505.694402900397,0.0,0.0,0.0,0.0,0.0,0.0,0.0,0.0,0.0,0.0,20496.977685172882,14531.14087990686,1507.1729432283664,140.83350551642624,64.7533278465271,19.425965785980225,21024.20105432716,15217.563225963066,1536.3107675253177,137.59576809920517,64.7533278465271,19.425965785980225,22083.542099325325,16038.332146089215,1664.1826326940572,140.83370268859116,64.7533278465271,19.425965785980225,23233.30079682481,17126.19972654511,1783.977037183911,150.5468529514238,64.7533278465271,19.425965785980225,24960.17442340196,18359.79197559357,1911.863277831732,163.497751121895,71.22862982749939,19.425965785980225,0.0,0.0,0.0,0.0,0.0,0.0,0.0,0.0,0.0,0.0,0.0,0.0,0.0,0.0,0.0,0.0,0.0,0.0,0.0,0.0,0.0,0.0,0.0,0.0,0.0,0.0,0.0,0.0,0.0,0.0,0.0,0.0,0.0,0.0,0.0,0.0,0.0
"96,155",2506.3113587852113,0.0,0.0,0.0,0.0,0.0,0.0,0.0,0.0,0.0,0.0,20240.005776764367,20004.200302353092,5492.620250250312,822.4879376607782,523.0439161740097,131.16489689957862,21643.943441219893,20789.074544411076,5641.586285693038,816.0102956014521,492.28148221969604,124.68767374169593,22911.579469790177,21212.84317692682,5800.299024683822,812.7734250741846,506.85139150245516,119.83611607551575,24724.09874440081,22176.89813218023,6091.791117094078,845.1632289605982,523.0461132012161,119.83611607551575,27321.929825975378,23048.11364862311,6378.4138722270145,893.7342087100534,547.330680924771,126.31347608566284,0.0,0.0,0.0,0.0,0.0,0.0,0.0,0.0,0.0,0.0,0.0,0.0,0.0,0.0,0.0,0.0,0.0,0.0,0.0,0.0,0.0,0.0,0.0,0.0,0.0,0.0,0.0,0.0,0.0,0.0,0.0,0.0,0.0,0.0,0.0,0.0,0.0
"97,155",2506.7742608063204,0.0,0.0,0.0,0.0,0.0,0.0,0.0,0.0,0.0,0.0,28585.36300774088,45978.575019674674,14647.48609667479,3510.3644987125026,2458.6397620649896,1200.1639790394727,30507.133285301807,48907.26728144628,15437.083702581067,3675.092016425787,2509.2611696953863,1190.4456686833325,32214.449175730875,51553.80694684142,16160.187586596432,3910.360487353568,2607.1662004564323,1209.8812601426068,33591.058926606645,53846.32282319444,17106.096616318646,4256.977402341132,2790.606742761649,1284.3881323197309,35803.37057273622,56871.958622239625,17987.43064356224,4462.266157024047,2973.2193628021314,1329.7398781636182,0.0,0.0,0.0,0.0,0.0,0.0,0.0,0.0,0.0,0.0,0.0,0.0,0.0,0.0,0.0,0.0,0.0,0.0,0.0,0.0,0.0,0.0,0.0,0.0,0.0,0.0,0.0,0.0,0.0,0.0,0.0,0.0,0.0,0.0,0.0,0.0,0.0
"98,155",2507.082950337187,0.0,0.0,0.0,0.0,0.0,0.0,0.0,0.0,0.0,0.0,57415.022287403364,67424.95579213441,21057.264912833416,4580.242276667614,2355.3250877184028,978.4292833805084,59216.34794432884,69496.16335061392,21171.027652225304,4495.280214513517,2263.401842311784,962.2306196689606,60134.90166818675,70818.90946068017,21248.054907249934,4485.560309137083,2278.8764063535955,996.2424268722534,60800.26224689204,71759.6446577923,21328.22208273925,4513.5119583962005,2262.6775318800237,989.762677192688,61744.5695901394,73164.31280430533,21606.600588327296,4565.348519122366,2283.7299758630643,967.0837535858154,0.0,0.0,0.0,0.0,0.0,0.0,0.0,0.0,0.0,0.0,0.0,0.0,0.0,0.0,0.0,0.0,0.0,0.0,0.0,0.0,0.0,0.0,0.0,0.0,0.0,0.0,0.0,0.0,0.0,0.0,0.0,0.0,0.0,0.0,0.0,0.0,0.0
"99,155",2507.2373215651387,0.0,0.0,0.0,0.0,0.0,0.0,0.0,0.0,0.0,0.0,45696.1635755941,94610.98340902611,18663.820222603106,1329.9631582054437,401.74928879737854,58.318321228027344,47196.26212356699,98283.7830223149,18948.900754180606,1335.2363881831075,398.50937485694885,55.07841730117798,48776.63426994437,100731.72158363755,19215.850128596434,1338.476724839678,392.0295920372009,58.318318367004395,50623.147952427586,103957.56016367371,19560.48061888638,1376.1488618196227,395.2694697380066,64.79814505577087,51516.04583413274,105228.59679372265,19719.721431077694,1389.1087605298735,379.06981229782104,61.55824398994446,0.0,0.0,0.0,0.0,0.0,0.0,0.0,0.0,0.0,0.0,0.0,0.0,0.0,0.0,0.0,0.0,0.0,0.0,0.0,0.0,0.0,0.0,0.0,0.0,0.0,0.0,0.0,0.0,0.0,0.0,0.0,0.0,0.0,0.0,0.0,0.0,0.0
"100,155",2507.2373215651573,0.0,0.0,0.0,0.0,0.0,0.0,0.0,0.0,0.0,0.0,36209.4707338221,72810.8061868331,8425.123153003991,145.7990846633911,3.239997148513794,0.0,38172.397027615014,76243.24761923715,8702.312761892057,149.03911638259888,3.239997148513794,0.0,41561.79660353287,82099.4643864295,9147.875976428799,158.75910305976868,6.479994297027588,0.0,45630.927046849676,88969.31547459248,9870.487027986377,165.23907446861267,9.719993829727173,0.0,48565.72569481532,93939.83758667215,10405.982985932222,187.91900157928467,9.719993829727173,0.0,0.0,0.0,0.0,0.0,0.0,0.0,0.0,0.0,0.0,0.0,0.0,0.0,0.0,0.0,0.0,0.0,0.0,0.0,0.0,0.0,0.0,0.0,0.0,0.0,0.0,0.0,0.0,0.0,0.0,0.0,0.0,0.0,0.0,0.0,0.0,0.0,0.0
"101,155",2507.0829503371942,0.0,0.0,0.0,9.71886658668518,3.2396137714385986,0.0,0.0,0.0,0.0,3.2396137714385986,30629.009454082043,48066.301896718905,5377.1290376766065,254.31847242841533,38.87784266471863,0.0,35469.773085218316,57152.97196793931,6197.819740923714,254.318222804163,38.87784266471863,0.0,39198.08474628879,64186.081893890056,7129.061574847091,296.432989878748,38.87784266471863,0.0,44820.94084209556,74085.99274358281,8320.73986008588,315.87191538343245,38.87784266471863,0.0,48529.195277655366,80476.29381386533,9067.320020701838,322.3515294028264,38.87784266471863,0.0,0.0,0.0,0.0,0.0,0.0,0.0,0.0,0.0,0.0,0.0,0.0,0.0,0.0,0.0,0.0,0.0,0.0,0.0,0.0,0.0,0.0,0.0,0.0,0.0,0.0,0.0,0.0,0.0,0.0,0.0,0.0,3.2396137714385986,0.0,0.0,0.0,0.0,0.0
"102,155",2506.774260806283,0.0,0.0,0.0,3.23954439163208,0.0,0.0,0.0,0.0,0.0,0.0,47308.45468340575,61554.183777193,3914.574032271142,388.7218475341797,90.70084404945374,0.0,47821.19781843635,62819.66424757919,3993.1306295637996,320.69487833976746,84.2220070362091,0.0,49722.98486967461,64933.120795825875,4032.0044031386287,272.1037471294403,80.98219919204712,0.0,51785.186227711514,66743.36041711638,4090.666590780371,239.71084237098694,71.26450967788696,0.0,54034.3102904535,68967.7279170242,4239.679617017859,226.75312447547913,71.26450967788696,0.0,3.2391223907470703,0.0,0.0,0.0,0.0,0.0,3.2391223907470703,0.0,0.0,0.0,0.0,0.0,0.0,0.0,0.0,0.0,0.0,0.0,0.0,0.0,0.0,0.0,0.0,0.0,0.0,0.0,0.0,0.0,0.0,0.0,0.0,0.0,0.0,0.0,0.0,0.0,0.0
"103,155",2506.31135878525,6.477272033691406,3.2386014461517334,0.0,3.238820791244507,0.0,3.238636016845703,3.2386014461517334,0.0,3.238820791244507,0.0,63894.20348542438,87738.98097878623,4480.663307174982,152.213858127594,9.717248439788818,0.0,65107.662732197256,88916.04108926735,4551.916921123804,155.45293736457825,9.717248439788818,0.0,66259.06806878763,90639.61887997274,4640.978591543085,152.21418523788452,9.717248439788818,0.0,67375.69255348187,92327.8096759366,4736.163407174278,155.45314264297485,9.717248439788818,0.0,68655.02340069845,94153.75845167684,4810.654729214836,155.4532985687256,9.717248439788818,0.0,0.0,0.0,0.0,0.0,0.0,0.0,0.0,0.0,3.238636016845703,0.0,0.0,0.0,0.0,0.0,3.2386014461517334,0.0,0.0,0.0,0.0,0.0,0.0,0.0,0.0,0.0,0.0,0.0,3.238820791244507,0.0,0.0,0.0,0.0,0.0,0.0,0.0,0.0,0.0,0.0
"104,155",2505.6944029003967,0.0,6.476290225982666,0.0,0.0,0.0,0.0,6.476290225982666,0.0,0.0,0.0,74228.83278427405,76839.70168086408,8254.844696676966,1131.6334655518626,187.80190420150757,0.0,74701.30745107519,77495.39778959518,8383.281040108439,1141.3486535782909,181.32590436935425,0.0,75658.64503610462,78854.3819035474,8482.03329263762,1167.253538870344,181.32591700553894,0.0,76983.31188115325,80545.70962940478,8631.103783610288,1189.9189930195903,191.03948426246643,0.0,79220.35720410346,82436.12970982626,8728.241444590512,1171.697126304402,184.56337523460388,0.0,0.0,0.0,0.0,0.0,0.0,0.0,0.0,0.0,0.0,0.0,0.0,0.0,0.0,6.476290225982666,0.0,0.0,0.0,0.0,0.0,0.0,0.0,0.0,0.0,0.0,0.0,0.0,0.0,0.0,0.0,0.0,0.0,0.0,0.0,0.0,0.0,0.0,0.0
"105,155",2467.9665551895496,9.710402965545654,240.97145429779502,117.9734748952529,239.52064394950867,171.54742884635925,9.710402965545654,240.97145429779502,117.9734748952529,239.52064394950867,171.54742884635925,73813.43077622021,87093.75471195427,20926.90691651363,2649.4437658085544,362.54185795783997,0.0,73999.72175661722,87558.20216462565,21164.2697378009,2642.9703413738926,372.253258228302,0.0,74703.18611446267,88336.62073845022,21364.953353008572,2620.310106207343,372.2530393600464,0.0,75581.40768846998,89126.45315093153,21516.355815320858,2610.598802019568,375.4903042316437,0.0,76277.38736018667,89939.56130649996,21682.52105648284,2620.309841085883,372.25312638282776,0.0,0.0,0.0,0.0,0.0,0.0,0.0,0.0,6.4734508991241455,3.236952066421509,0.0,0.0,0.0,0.0,101.78636065651389,113.28974652290344,25.895347118377686,0.0,0.0,0.0,46.762451802983,61.50043487548828,6.473748445510864,3.236839771270752,0.0,0.0,119.75956106185913,84.15637946128845,29.131056308746338,6.473647117614746,0.0,0.0,61.4965136051178,80.91945052146912,22.65779757499695,3.2367992401123047,3.236867904663086,0.0
"106,155",2360.2037388124536,0.0,50.31502657310635,69.73031072990567,80.8844183772218,84.48402941834692,0.0,47.07907920257718,69.73031072990567,80.8844183772218,84.48402941834692,61964.086378432265,94495.02232425634,27561.851341282156,2250.2323128644157,252.37187719345093,0.0,62371.03964249853,94841.6074420555,27694.551813041464,2253.469310945623,252.3717942237854,0.0,62613.59293425409,95035.48705318861,27774.741987289166,2276.118333047979,252.3717942237854,0.0,63195.85994738784,95536.72799044778,28022.450524951895,2295.531601852529,255.60732889175415,0.0,63399.531545243546,95643.27410556101,28035.488671485113,2291.4724783831953,252.37168431282043,0.0,0.0,0.0,0.0,0.0,0.0,0.0,0.0,0.0,0.0,0.0,0.0,0.0,0.0,17.956344417497224,29.122734785079956,0.0,0.0,0.0,0.0,17.957936815187043,48.53641724586487,3.2359566688537598,0.0,0.0,0.0,25.87367094451306,45.302818059921265,9.707929372787476,0.0,0.0,0.0,48.537044048309326,32.3562126159668,3.5907727540708057,0.0,0.0,0.0
"107,155",2483.958063871361,38.81181836128235,617.76251745224,139.07969403266907,422.0856489574208,263.60235979136297,35.57740783691406,617.76251745224,139.07969403266907,422.0856489574208,263.60235979136297,60893.068303719694,124120.05043861353,33142.562811534546,2909.0459580627144,624.7228668661678,29.02000652481528,61017.28040748485,124251.76815568513,33213.72086636319,2921.9834523406685,631.1917203398311,29.02000652481528,60946.614503024604,123893.49169798459,33052.00793878331,2918.7484054771126,611.7860444517696,29.02000652481528,61025.84623962945,123982.0267199722,33043.86382656659,2926.829043341618,608.5519336195553,29.02000652481528,60928.08675938308,123848.67455752504,32972.714298567116,2934.9060532663384,608.5524631472194,29.02000652481528,0.0,22.639278411865234,3.234149694442749,0.0,0.0,0.0,25.873428106307983,3.234426498413086,22.640113830566406,9.70286750793457,0.0,0.0,0.0,139.07661247253418,365.4856219291687,113.20028305053711,0.0,0.0,0.0,35.58013439178467,61.453235387802124,38.81178021430969,3.234544038772583,0.0,0.0,164.9551293849945,190.83411026000977,63.062515441109156,3.233893871307373,0.0,0.0,87.33227038383484,122.90743255615234,50.127975960338816,3.2346808910369873,0.0,0.0
"108,155",2501.6910544366788,16.16048574447632,164.1232652916628,184.24764561653137,253.20755830933066,200.40146040916443,12.928564071655273,164.1232652916628,184.24764561653137,253.20755830933066,200.40146040916443,51677.943365383166,107131.75437901533,36525.0741334644,2950.8402612087775,181.01876640319824,0.0,51772.84530498562,107429.1591632179,36602.662829705776,2973.4701263783027,174.55446219444275,0.0,51738.72384984915,107363.61008309848,36552.555483002754,2973.4668352482367,171.32111287117004,0.0,51743.74582125721,107416.24781876264,36499.219804301916,2963.7710690376807,164.85658192634583,0.0,51742.686167105516,107408.91429856898,36454.68758076032,2950.8406901238013,164.85641598701477,0.0,3.2319602966308594,42.016061305999756,6.464061737060547,0.0,0.0,0.0,51.71208333969116,6.46425986289978,0.0,0.0,0.0,6.464304208755493,0.0,51.71670603752136,83.3172438397127,25.857284545898438,3.2320308685302734,0.0,0.0,54.951555490493774,109.901296377182,19.39479374885559,0.0,0.0,0.0,79.36967891805313,135.0447263437159,38.793153047561646,0.0,0.0,0.0,64.64418387413025,122.82587957382202,9.69836163520813,3.2330353260040283,0.0,0.0
"109,155",2458.055578428067,1116.3076499527576,2701.6371680689795,1444.6114789841222,2112.221632786358,1195.3248981204688,1113.0774208134296,2691.945358176325,1431.6893722412633,2092.837332316006,1163.0191706386267,53673.74109959602,105507.99431335038,34322.50312414263,5398.056238567127,2170.9378855929654,100.14908647537231,53485.172435808185,105012.97341251,34203.550025610835,5398.055529033436,2167.7064214453976,100.14908647537231,52808.747170752176,103767.35884965355,33888.137787213986,5398.051152860417,2170.938227962045,100.14908647537231,52351.810450067715,103070.4368659889,33756.62541089993,5362.507769262089,2154.783672641305,103.37998414039612,51777.446445865266,101913.31835701327,33520.05402559486,5325.760852392981,2151.54917604783,103.37998414039612,2157.9763312124737,3049.381849431991,431.2893377107732,12.922633647918701,6.460747241973877,0.0,5658.030899245131,381.18343187687447,599.4346304828046,129.22919368743896,3.2301647663116455,0.0,0.0,915.824390075721,1407.8206150503718,348.914347410202,19.386005640029907,0.0,0.0,551.3292553172391,760.8204846036201,116.3083484172821,3.2312839031219482,0.0,0.0,686.7132051383749,1183.1945605558508,213.2367742061615,9.692792415618896,0.0,0.0,366.6555704462762,615.4378818848554,174.46450233459473,6.461215972900391,0.0,0.0
"110,155",2498.7730381436363,761.941847150466,971.894821210936,433.81795703102557,398.4305303769953,213.14322185516357,645.6832068611593,955.7490356407914,391.83815489937274,356.44812948283027,193.7679581642151,73803.83946302357,93896.85866879669,26782.81003708746,3975.4976168258518,1244.1277903014538,421.2911579562168,73728.10202195504,93893.86116753185,26735.81078713548,3972.2667840106815,1237.6721826487897,414.8332822276097,74057.52472921259,94417.05058974284,26865.20492979124,4001.3278897388313,1234.4416447574017,406.34909859358095,74123.46658045451,94566.0452656512,26883.99494718757,4001.3304982765053,1224.7553265982983,409.57794943510316,74279.2482421501,94952.09487294682,26967.944198362497,4001.328354416642,1234.44336661638,422.49395600019716,748.6419202084635,490.7963648534288,103.33248734474182,0.0,0.0,0.0,1342.770772406634,453.7188721787696,185.50739498512417,6.456939697265625,0.0,0.0,0.0,641.0612033292359,292.0841743506637,22.603657960891724,0.0,0.0,0.0,278.8036175840041,106.57646465301514,6.458072662353516,0.0,0.0,0.0,249.8930366712458,103.32630968093872,3.228783130645752,0.0,0.0,0.0,125.94717359542847,64.59123349189758,3.229551076889038,0.0,0.0,0.0
"111,155",2497.086550342139,1156.7539134726803,1597.9981389466454,1287.885953618966,977.7079167366028,1354.6725325930352,1153.5281556353848,1581.8622720662286,1278.205003454171,964.7993688583374,1332.0840413916344,98679.92660631573,79454.56226455841,14902.733980483634,1487.8558284048943,166.70004018147785,0.0,98296.04811289172,79150.67283076495,14915.27810664177,1478.528232092951,166.70004018147785,0.0,97682.57700555933,78953.08760707146,14979.928472948075,1484.981578583811,173.15315492947894,0.0,97215.39814115694,78718.05716931868,14979.579962091819,1507.5679271174413,169.92597039540607,0.0,96933.3978734671,78579.66002389592,14982.802875595466,1514.0198616934758,166.7000258763631,0.0,4869.7217555878215,4037.644728376351,566.8415494544834,23.784257411956787,0.0,0.0,9497.99229083061,682.4449346766752,458.17436051368713,12.908860445022583,0.0,0.0,0.0,1046.1981225434472,480.8061451911926,54.858004331588745,0.0,0.0,0.0,794.1768283385857,438.8592920303345,45.168883085250854,0.0,0.0,0.0,596.9659278392792,335.5718369483948,32.26160407066345,0.0,0.0,0.0,806.1194770682092,451.74805307388306,74.21651124954224,0.0,0.0,0.0
"112,155",2485.656225484307,3720.530480158563,2440.909563412386,2148.7736042069455,2029.3733275413515,2485.0443142629138,3620.905054101757,2392.539931645113,2090.7354305314084,1981.0064058780672,2436.6802328801623,47447.076479741634,63225.94085006621,28050.701184096986,6450.663265534943,2234.1143573919935,38.68758153915405,46283.07239430558,61821.420109779705,27292.005760777225,6356.812767221413,2240.5676817099256,45.13566827774048,45716.82177405543,60957.77361306491,26960.16398487184,6314.544340132732,2187.7871928308523,48.35932993888855,44765.90770471329,59888.89437914456,26634.85754898763,6304.8720445623585,2187.788895139507,51.58347272872925,44880.985656273595,59323.61205501744,26335.87980976105,6294.370500184976,2171.662298450283,51.58347272872925,21165.073913194617,24287.150805691177,7480.934265883761,935.2479394005794,158.45097931506587,6.448345184326172,54033.30624866952,1161.687581647611,1517.9906239687227,834.8423391603956,90.26742577552795,16.11708354949951,0.0,785.7674599236133,1150.8040593633464,394.7059552258136,54.81362771987915,6.448829412460327,0.0,638.1013200741188,1049.595757554559,338.55194919904073,58.038280963897705,6.44812273979187,0.0,593.2652139383204,978.24396164838,377.25283193588257,32.24439835548401,0.0,0.0,678.968333976409,1186.975837569143,493.3497745990753,64.48856210708618,12.897724628448486,0.0
"113,155",2451.370566765439,2320.841344867968,1017.4256850625954,398.55291548336254,879.1754311552235,622.1924376674726,2288.2980822881063,991.6443158533059,395.3305961188148,859.8395551672169,577.0757861324385,15446.145745720582,37790.13455223009,41117.11218376628,25284.708836851867,20215.1316786551,8049.718229335897,15190.582877194645,37296.456315046205,40674.954567995264,25277.0117074901,20321.40641458268,8221.543103736989,15079.200726958818,37144.79600575298,40625.73819220207,25164.69579409992,20186.358247847653,8223.654388810139,15122.797685389425,37316.481968533764,40729.92820755828,25301.057678217046,20337.348061268007,8355.757466460209,15121.199437708014,37371.35453593965,40600.247364097486,25194.686540089402,20349.687143478208,8360.587528363396,3133.8843699202816,8877.76194472687,8889.211684523376,3522.1259621152694,1143.782038824231,164.26872842732598,25731.03472853735,358.0278178243076,702.5817565254137,741.0652846336366,312.6008212566376,151.46536469459534,22.557037353515625,135.55274001009323,311.0130398254769,296.749315403957,121.25116076656417,104.52032440409941,22.557735443115234,54.784050941467285,125.682133436203,131.07850781048046,54.783774852752686,25.779544591903687,3.2225844860076904,113.71137746455622,211.747569510516,319.02928948402405,122.452397108078,83.23175465172412,9.667166948318481,177.21467328071594,154.95843364678177,154.67371606826782,58.00341606140137,25.78060483932495,6.444942235946655
"114,155",2490.8463589053654,0.0,16.095439434051514,3.2203383445739746,6.439188241958618,9.659518241882324,0.0,16.095439434051514,3.2203383445739746,6.439188241958618,9.659518241882324,7250.635558992273,16821.392416584724,23530.236711792855,22674.197765350338,27975.809278215143,7426.297903229208,7324.699988036997,17009.558885862312,23659.64153244075,22793.580692518455,28100.90994541879,7450.985122506758,7474.604596103407,17168.773022009344,23922.57443856913,23000.703343172634,28368.5668542703,7492.841795747419,7831.934750999189,17639.74491496647,24339.268911295312,23402.578131588765,28811.620239383104,7560.447650020262,8140.114761434817,17987.06739800397,24689.786701931676,23623.28116440305,29086.278443010182,7570.106925790449,3.2204480171203613,3.217639207839966,0.0,3.220468282699585,0.0,0.0,9.658555507659912,0.0,0.0,0.0,0.0,0.0,0.0,3.2204480171203613,6.437177419662476,6.437813997268677,0.0,0.0,0.0,3.2203383445739746,0.0,0.0,0.0,0.0,0.0,3.2203383445739746,0.0,3.2188498973846436,0.0,0.0,0.0,9.659518241882324,0.0,0.0,0.0,0.0,0.0
"115,155",2488.8288518637787,3.2168755531311035,6.433686017990112,16.084432125091553,22.51824951171875,3.2167019844055176,3.2168755531311035,6.433686017990112,16.084432125091553,22.51824951171875,3.2167019844055176,7372.378529496288,16116.231178753984,26261.49935926643,30519.523577833173,46345.624905256205,11308.053249766777,7398.120640702343,15962.087748597647,26094.813940753185,30279.11344542503,46065.66899748691,11225.522886737188,7354.537282683804,15963.891770559198,26001.6003227131,30282.4140004158,45846.155562674765,11194.585626824697,7416.364048035941,15992.872800546533,26146.683093240215,30374.655611450526,45882.61635831572,11201.749069329802,7408.1432155618495,16148.252794615426,26339.46322900641,30592.301983482696,46303.0400703851,11285.37171232373,0.0,0.0,0.0,0.0,0.0,0.0,0.0,0.0,0.0,3.2168755531311035,0.0,0.0,0.0,3.216886520385742,3.21679949760437,0.0,0.0,0.0,0.0,12.867578268051147,3.2168538570404053,0.0,0.0,0.0,0.0,22.51824951171875,0.0,0.0,0.0,0.0,0.0,0.0,0.0,3.2167019844055176,0.0,0.0,0.0
"116,155",2486.394647674406,0.0,12.849472522735596,0.0,12.8483145236969,0.0,0.0,12.849472522735596,0.0,12.8483145236969,0.0,14897.750515920976,28608.75228319355,35494.89010497449,34074.775882124435,49483.98136037191,12149.2683796892,14926.661604626039,28560.546145297965,35479.53541717716,34040.723476332314,49597.97627380502,12155.83825507725,14965.211929066041,28546.082269959355,35482.72326264568,33944.31284205306,49384.99414563272,12059.449971109278,14938.788490225286,28536.465819649602,35437.58471749436,33844.00863687385,49269.089725724385,11978.822390810648,14955.25747440469,28501.969573278988,35360.4851996721,33785.47300860836,49266.009182927184,12104.150128142039,0.0,0.0,0.0,0.0,0.0,0.0,0.0,0.0,0.0,0.0,0.0,0.0,0.0,0.0,3.2125401496887207,0.0,0.0,3.2118637561798096,6.425068616867065,0.0,0.0,0.0,0.0,0.0,0.0,9.63616394996643,3.2121505737304688,0.0,0.0,0.0,0.0,0.0,0.0,0.0,0.0,0.0,0.0
"117,155",2483.8131604718014,102.69381308555603,250.33242654800415,32.09706139564514,25.673885345458984,16.046056985855103,102.69381308555603,250.33242654800415,32.09706139564514,25.673885345458984,16.046056985855103,39157.68287874109,56299.81180986798,51873.42426809891,29852.383641552453,17052.964286337647,557.9241514710819,39186.24500822833,56446.722382270586,52018.477093220696,29866.847930582826,17072.95718779751,557.9232275990879,39136.89124685455,56636.7799060167,51967.10486571461,29797.68435422392,16967.039857770884,548.2914259938633,39215.505756206134,56601.24133391474,51879.57301904172,29688.085500874236,16743.95058913231,535.454031756345,39326.43336975247,56634.36881983701,51775.729339130245,29632.78426214947,16676.532917928696,535.453018954221,0.0,0.0,0.0,0.0,0.0,0.0,0.0,41.72078561782837,22.463363885879517,28.882490158081055,9.62717342376709,0.0,0.0,154.04521536827087,35.30468678474426,44.93289566040039,9.629642248153687,6.4199864864349365,0.0,3.209428310394287,0.0,19.258246660232544,6.418218612670898,3.211167812347412,0.0,16.047179222106934,3.2095401287078857,6.417165994644165,0.0,0.0,0.0,0.0,3.208388566970825,9.62758493423462,0.0,3.210083484649658,0.0
"118,155",2481.0852598326246,0.0,0.0,0.0,0.0,0.0,0.0,0.0,0.0,0.0,0.0,17453.109550426518,36001.84714625676,50087.09765898199,33566.52246681101,22750.921775843115,4848.730732476478,17524.342358382542,36208.56414178493,50456.098576710276,33781.29921975977,22978.21871721137,4848.7312453148415,17574.677337245375,36325.784949485,50477.7689651508,33587.44328346533,22779.031550330743,4807.0530481693795,17676.100064969527,36429.79644054339,50690.952702017385,33686.66780412805,22687.774472673267,4737.95961896298,17706.70719075109,36359.18862888579,50868.778200802146,33634.46899387042,22573.94277995147,4569.827771699195,0.0,0.0,0.0,0.0,0.0,0.0,0.0,0.0,0.0,0.0,0.0,0.0,0.0,0.0,0.0,0.0,0.0,0.0,0.0,0.0,0.0,0.0,0.0,0.0,0.0,0.0,0.0,0.0,0.0,0.0,0.0,0.0,0.0,0.0,0.0,0.0,0.0
"119,155",2478.2118626572847,0.0,0.0,0.0,0.0,0.0,0.0,0.0,0.0,0.0,0.0,11355.712284617333,23787.955064489328,35198.5879606247,31015.94026791629,35087.67041878794,13315.273480784661,11464.599735789208,23995.06449870222,35722.49464522624,31541.547502426074,35567.48170797403,13574.662717711693,11520.800541659899,24189.532481818107,35948.010399465944,31732.75838946081,35801.0682233184,13611.085683948855,11666.071121661806,24560.825105643744,36658.36321221614,32409.24797047447,36472.20559810563,13971.07510626176,11726.910038201951,24904.99425251344,37110.18699858049,32840.71703037281,36804.45299626145,14086.941273466746,0.0,0.0,0.0,0.0,0.0,0.0,0.0,0.0,0.0,0.0,0.0,0.0,0.0,0.0,0.0,0.0,0.0,0.0,0.0,0.0,0.0,0.0,0.0,0.0,0.0,0.0,0.0,0.0,0.0,0.0,0.0,0.0,0.0,0.0,0.0,0.0,0.0
"120,155",2475.1939325252906,0.0,0.0,0.0,0.0,0.0,0.0,0.0,0.0,0.0,0.0,8851.176136302012,19127.125021982196,24813.937476606934,20020.55135561625,19903.505942928092,4497.834878459631,8905.16704970154,19270.177435791724,25085.87852594432,20194.550021668976,20138.73524355795,4545.819337621389,9024.71404621087,19507.323266252817,25288.929209258513,20323.446100162993,20355.654185584946,4553.420877424876,9263.457507693534,20144.441954896964,26067.636440307957,21092.899780516535,21165.216053642947,4734.112479047214,9454.9792509668,20571.80667414665,26434.369133346223,21629.886200144712,21766.170188034284,4907.188137727625,0.0,0.0,0.0,0.0,0.0,0.0,0.0,0.0,0.0,0.0,0.0,0.0,0.0,0.0,0.0,0.0,0.0,0.0,0.0,0.0,0.0,0.0,0.0,0.0,0.0,0.0,0.0,0.0,0.0,0.0,0.0,0.0,0.0,0.0,0.0,0.0,0.0
"121,155",2472.032479014311,0.0,0.0,0.0,0.0,0.0,0.0,0.0,0.0,0.0,0.0,2592.6320051604625,6094.717505250258,8702.608821407019,10005.896885539036,20748.70688343422,13320.570980307635,2619.389552263185,6180.958579573912,8772.554023365883,10151.23848207698,21066.95596309643,13468.731558273352,2622.5800303496567,6262.60653178832,8802.134666198843,10140.921658346699,21006.257947897444,13380.500542823003,2668.48449380912,6399.949091364355,9063.725263887296,10368.180867440093,21530.02441852794,13680.558502559099,2735.5571914485854,6556.981514961579,9264.632767992394,10515.968730981678,21768.271639788385,13605.099618503158,0.0,0.0,0.0,0.0,0.0,0.0,0.0,0.0,0.0,0.0,0.0,0.0,0.0,0.0,0.0,0.0,0.0,0.0,0.0,0.0,0.0,0.0,0.0,0.0,0.0,0.0,0.0,0.0,0.0,0.0,0.0,0.0,0.0,0.0,0.0,0.0,0.0
"122,155",2468.7285569925634,0.0,0.0,0.0,0.0,0.0,0.0,0.0,0.0,0.0,0.0,2776.172224096223,6472.594833286136,9581.340557078753,11706.30847048479,28980.771349417,29462.012414721885,2830.418537191316,6504.512071283191,9665.448908545924,11846.734087941226,29092.321562080757,29562.613603055244,2811.284305147096,6406.673379607294,9479.215228779176,11618.989279627333,28469.314900200035,29013.83927334617,2831.6166970729823,6545.498286277173,9627.531863973654,11803.227877784242,28905.25002011131,29567.036914654338,2908.1875166893,6626.786597003189,9857.220424221077,12036.648160881155,29688.488231613122,30790.60248357829,0.0,0.0,0.0,0.0,0.0,0.0,0.0,0.0,0.0,0.0,0.0,0.0,0.0,0.0,0.0,0.0,0.0,0.0,0.0,0.0,0.0,0.0,0.0,0.0,0.0,0.0,0.0,0.0,0.0,0.0,0.0,0.0,0.0,0.0,0.0,0.0,0.0
"123,155",2465.2832658736766,0.0,3.183685064315796,0.0,0.0,0.0,0.0,3.183685064315796,0.0,0.0,0.0,6615.525153954824,6795.438099623661,7484.76800570488,8229.005652500602,25154.305420240697,48617.905361378434,6432.094291708516,6613.863295529871,7305.232685923109,8128.862964840497,24708.89639666127,48127.6677804788,6274.4735065104915,6561.330749041426,7179.609370010974,8052.454705348669,24444.012145996094,47775.21322808452,6237.669852656009,6588.431252962,7302.0869387383555,8117.584439488954,24727.578513779357,48348.012942600246,6193.102160614612,6593.657229143964,7442.267667173872,8191.947361742282,25310.07720654992,49857.20437367009,0.0,0.0,0.0,0.0,0.0,0.0,0.0,0.0,0.0,0.0,0.0,0.0,0.0,0.0,0.0,3.183685064315796,0.0,0.0,0.0,0.0,0.0,0.0,0.0,0.0,0.0,0.0,0.0,0.0,0.0,0.0,0.0,0.0,0.0,0.0,0.0,0.0,0.0
"124,155",2461.697748847711,0.0,0.0,0.0,0.0,0.0,0.0,0.0,0.0,0.0,0.0,8472.949025411232,9830.330539562188,11891.382659991583,13658.428244572062,42537.76004706083,79308.68458846315,8632.413321440827,9876.132402065688,11948.651407082876,13704.397441166524,42593.37576770408,79602.09686409163,8893.771981377695,9995.861789704302,12033.602992753422,13726.678956049565,42804.86185460651,79888.839036086,9064.201405150283,10119.959900380114,12086.271840993097,13803.609800605214,42960.70775435391,80544.24569225403,9341.079938275207,10174.05478382204,12184.869292918374,13914.926246671117,43135.54315541211,81540.88067940543,0.0,0.0,0.0,0.0,0.0,0.0,0.0,0.0,0.0,0.0,0.0,0.0,0.0,0.0,0.0,0.0,0.0,0.0,0.0,0.0,0.0,0.0,0.0,0.0,0.0,0.0,0.0,0.0,0.0,0.0,0.0,0.0,0.0,0.0,0.0,0.0,0.0
"125,155",2457.9731920665517,0.0,0.0,0.0,0.0,0.0,0.0,0.0,0.0,0.0,0.0,5809.212749054853,9416.155892661975,12272.950436152663,14032.502224828684,44383.5810726091,106821.86030197237,5850.498662999097,9463.820557645724,12358.718094863143,14150.047572519266,44783.78417901245,108486.68854600306,5869.545662930433,9482.879549554751,12407.946796002107,14210.397916616177,44987.50407866216,109287.66412887479,5920.34636073393,9517.8173029937,12446.05581146689,14273.92091900227,45122.098910601,109787.60735878006,5926.716460993711,9562.299089721606,12460.379906930175,14356.517627776839,45420.326257951594,110642.22153786769,0.0,0.0,0.0,0.0,0.0,0.0,0.0,0.0,0.0,0.0,0.0,0.0,0.0,0.0,0.0,0.0,0.0,0.0,0.0,0.0,0.0,0.0,0.0,0.0,0.0,0.0,0.0,0.0,0.0,0.0,0.0,0.0,0.0,0.0,0.0,0.0,0.0
"126,155",2321.563255636981,0.0,0.0,0.0,0.0,0.0,0.0,0.0,0.0,0.0,0.0,10133.05218723054,13019.381554769066,15297.652612150414,15986.360305187745,46411.79690729123,80745.64899101446,10169.00664897526,13052.672175049314,15338.888860882027,16094.182952997728,46710.39799805717,81604.62193141358,10226.096248107799,13122.425861477384,15376.93429726432,16163.934797880693,47052.835290394585,82465.57688190798,10260.977367835887,13150.971701502333,15421.811657190321,16234.871839392415,47300.87255224247,82976.3411250105,10288.083068505457,13204.873162865171,15478.865138769148,16337.91353249643,47513.55620478929,83279.03284214898,0.0,0.0,0.0,0.0,0.0,0.0,0.0,0.0,0.0,0.0,0.0,0.0,0.0,0.0,0.0,0.0,0.0,0.0,0.0,0.0,0.0,0.0,0.0,0.0,0.0,0.0,0.0,0.0,0.0,0.0,0.0,0.0,0.0,0.0,0.0,0.0,0.0
"127,155",203.84786241723003,0.0,0.0,0.0,0.0,0.0,0.0,0.0,0.0,0.0,0.0,2396.3949105758293,1361.1380915987727,1155.1398439846787,1289.78597258867,3229.5614640413555,6949.226508924073,2402.7320635337455,1367.4746454107997,1148.8037956200394,1289.7872502738353,3243.739692064361,6980.129101743885,2405.9011261481864,1361.1389344084498,1170.9805858574662,1318.303218119752,3281.759435268478,7139.327984239541,2405.9011261481864,1364.3073234904048,1174.8571659808065,1327.8055708342906,3300.053356138866,7226.266544659933,2394.6464672724405,1361.1408491480586,1171.6892070059682,1343.6454703742384,3338.073015419643,7278.939901482825,0.0,0.0,0.0,0.0,0.0,0.0,0.0,0.0,0.0,0.0,0.0,0.0,0.0,0.0,0.0,0.0,0.0,0.0,0.0,0.0,0.0,0.0,0.0,0.0,0.0,0.0,0.0,0.0,0.0,0.0,0.0,0.0,0.0,0.0,0.0,0.0,0.0
"91,156",1212.3034364211496,0.0,0.0,0.0,0.0,0.0,0.0,0.0,0.0,0.0,0.0,38.80115246772766,23.040123501945942,32.73970562897477,12.933980941772461,12.933580160140991,0.0,77.60386157035828,45.67453650586745,55.37435705147537,19.40088725090027,25.867561101913452,6.467103481292725,168.14295840263367,126.51236895673415,90.94286829911027,32.33465909957886,42.03494644165039,19.40116047859192,184.3105754852295,149.14735106580397,100.6433063217238,42.034968852996826,48.50197505950928,22.634541034698486,232.81346368789673,152.38084224813124,100.6433063217238,45.2684543132782,48.50197505950928,22.634541034698486,0.0,0.0,0.0,0.0,0.0,0.0,0.0,0.0,0.0,0.0,0.0,0.0,0.0,0.0,0.0,0.0,0.0,0.0,0.0,0.0,0.0,0.0,0.0,0.0,0.0,0.0,0.0,0.0,0.0,0.0,0.0,0.0,0.0,0.0,0.0,0.0,0.0
"92,156",2503.0898767005588,0.0,0.0,0.0,0.0,0.0,0.0,0.0,0.0,0.0,0.0,2239.142291285945,256.7578819920035,22.640395164489746,22.639721155166626,6.468219518661499,6.468301296234131,2427.150471491907,289.1030025940315,25.875051736831665,25.87344765663147,6.468219518661499,6.468301296234131,2643.059141174952,335.1969468051312,42.04443645477295,29.107140064239502,6.468219518661499,6.468301296234131,3155.3095581054686,435.4604310447095,77.61905431747437,42.044291257858276,19.404043674468994,9.70233678817749,3729.8119431476966,526.0201873237012,87.32145929336548,48.51213574409485,19.404043674468994,16.170629024505615,0.0,0.0,0.0,0.0,0.0,0.0,0.0,0.0,0.0,0.0,0.0,0.0,0.0,0.0,0.0,0.0,0.0,0.0,0.0,0.0,0.0,0.0,0.0,0.0,0.0,0.0,0.0,0.0,0.0,0.0,0.0,0.0,0.0,0.0,0.0,0.0,0.0
"93,156",2504.167796363174,0.0,0.0,0.0,0.0,0.0,0.0,0.0,0.0,0.0,0.0,11310.339918007572,881.3297274617589,79.26463310858783,42.86559214872473,8.489536038567039,6.47147274017334,11367.792173537086,856.6600578644698,85.7366234554964,42.86559214872473,11.725244036842795,6.47147274017334,11357.27985404239,851.4063914579505,92.20864551207599,39.6297811536228,11.725244036842795,6.47147274017334,11354.027233617446,857.876479701435,92.20864551207599,39.629785683575804,11.725244036842795,6.47147274017334,11412.271178596158,883.7637539667243,92.20864551207599,42.86559214872473,11.725244036842795,6.47147274017334,0.0,0.0,0.0,0.0,0.0,0.0,0.0,0.0,0.0,0.0,0.0,0.0,0.0,0.0,0.0,0.0,0.0,0.0,0.0,0.0,0.0,0.0,0.0,0.0,0.0,0.0,0.0,0.0,0.0,0.0,0.0,0.0,0.0,0.0,0.0,0.0,0.0
"94,156",2505.0924164384414,0.0,0.0,0.0,0.0,0.0,0.0,0.0,0.0,0.0,0.0,228.70328374469983,16.18627166748047,0.0,0.0,0.0,0.0,244.88887019718396,16.18627166748047,0.0,0.0,0.0,0.0,244.88974805439221,16.18627166748047,0.0,0.0,0.0,0.0,263.9573067552903,16.18627166748047,0.0,0.0,0.0,0.0,280.5502085592232,16.18627166748047,0.0,0.0,0.0,0.0,0.0,0.0,0.0,0.0,0.0,0.0,0.0,0.0,0.0,0.0,0.0,0.0,0.0,0.0,0.0,0.0,0.0,0.0,0.0,0.0,0.0,0.0,0.0,0.0,0.0,0.0,0.0,0.0,0.0,0.0,0.0,0.0,0.0,0.0,0.0,0.0,0.0
"95,156",2505.8634193730873,0.0,0.0,0.0,0.0,0.0,0.0,0.0,0.0,0.0,0.0,2274.2781611891355,51.80934500694275,0.0,0.0,0.0,0.0,2280.349405039993,45.333324909210205,0.0,0.0,0.0,0.0,2486.509444703308,58.28526306152344,0.0,0.0,0.0,0.0,2676.6997643508166,55.04711151123047,0.0,0.0,0.0,0.0,2814.8622647322863,64.76097297668457,0.0,0.0,0.0,0.0,0.0,0.0,0.0,0.0,0.0,0.0,0.0,0.0,0.0,0.0,0.0,0.0,0.0,0.0,0.0,0.0,0.0,0.0,0.0,0.0,0.0,0.0,0.0,0.0,0.0,0.0,0.0,0.0,0.0,0.0,0.0,0.0,0.0,0.0,0.0,0.0,0.0
"96,156",2506.4805401919825,0.0,0.0,0.0,0.0,0.0,0.0,0.0,0.0,0.0,0.0,3827.02959317974,97.16479468345642,0.0,0.0,0.0,0.0,3253.7437324028388,80.97072196006775,0.0,0.0,0.0,0.0,3303.387070129432,84.20966172218323,0.0,0.0,0.0,0.0,3470.005821163514,90.6880419254303,6.478133916854858,0.0,0.0,0.0,4281.640057669434,136.437550722384,3.239060401916504,0.0,0.0,0.0,0.0,0.0,0.0,0.0,0.0,0.0,0.0,0.0,0.0,0.0,0.0,0.0,0.0,0.0,0.0,0.0,0.0,0.0,0.0,0.0,0.0,0.0,0.0,0.0,0.0,0.0,0.0,0.0,0.0,0.0,0.0,0.0,0.0,0.0,0.0,0.0,0.0
"97,156",2506.943566687101,0.0,0.0,0.0,0.0,0.0,0.0,0.0,0.0,0.0,0.0,27393.148968747082,45449.41224008075,17417.750731028762,3788.761998482311,1807.2170586866491,261.47870228430804,28300.343779201135,47274.43949977275,17707.84192735728,3702.515596168181,1675.6208889063669,232.32368657729205,29006.351226313905,48764.33369270119,18107.015865665322,3697.2571436601525,1643.226896243937,212.88737914702472,30063.911487900972,50169.679990241115,18455.57357596323,3717.0954740243797,1657.4028342807992,203.16884229323443,32464.088278163646,51861.76542316606,19099.007214738813,3842.211611088584,1753.7720290941352,216.12609217307147,0.0,0.0,0.0,0.0,0.0,0.0,0.0,0.0,0.0,0.0,0.0,0.0,0.0,0.0,0.0,0.0,0.0,0.0,0.0,0.0,0.0,0.0,0.0,0.0,0.0,0.0,0.0,0.0,0.0,0.0,0.0,0.0,0.0,0.0,0.0,0.0,0.0
"98,156",2507.252339570218,0.0,0.0,0.0,0.0,0.0,0.0,0.0,0.0,0.0,0.0,49079.011157893205,55998.944878655784,15548.802146493688,4749.934632752923,4045.944543351379,2001.4401561877307,50893.11574946759,58593.95894233573,16010.683551634997,4824.444964145211,4037.4415748633587,1897.7663325926837,51473.59983813529,59935.4516234669,16414.913995726904,4869.797598098306,4050.8044470179316,1875.492908416075,51991.40188285322,60729.3502429317,16357.479885015302,4773.819701974532,3888.815047823214,1813.935151276869,53476.51634795244,62906.565781473655,16845.863809151742,4896.926461241293,4011.9211338389155,1826.8922869542066,0.0,0.0,0.0,0.0,0.0,0.0,0.0,0.0,0.0,0.0,0.0,0.0,0.0,0.0,0.0,0.0,0.0,0.0,0.0,0.0,0.0,0.0,0.0,0.0,0.0,0.0,0.0,0.0,0.0,0.0,0.0,0.0,0.0,0.0,0.0,0.0,0.0
"99,156",2507.406752585112,0.0,0.0,0.0,0.0,0.0,0.0,0.0,0.0,0.0,0.0,56539.59511560178,74003.86526649981,21471.186868922854,7431.448944425582,4753.824363396214,1168.8254312889248,58272.98931397457,76438.88728350191,21659.01961200471,7458.589589536891,4769.618693826713,1168.4190072704764,59357.65938533802,77634.78463726885,21873.443263359633,7435.504338504754,4779.339798925437,1161.9393441368552,59949.35607375164,78333.99660994866,22082.823281721976,7401.086222386827,4685.7889860274745,1119.8205573250266,60290.27759732265,78776.16992176186,22162.60187638133,7420.525897956361,4712.433008730645,1119.8206674744101,0.0,0.0,0.0,0.0,0.0,0.0,0.0,0.0,0.0,0.0,0.0,0.0,0.0,0.0,0.0,0.0,0.0,0.0,0.0,0.0,0.0,0.0,0.0,0.0,0.0,0.0,0.0,0.0,0.0,0.0,0.0,0.0,0.0,0.0,0.0,0.0,0.0
"100,156",2507.4067525851196,0.0,3.2399368286132812,3.239973306655884,0.0,16.199955224990845,0.0,3.2399368286132812,3.239973306655884,0.0,16.199955224990845,47233.925870103456,80529.73625235839,11182.275195154487,1777.7771560734393,1192.3572509288788,184.6799030303955,50777.90578261357,86574.15654622995,11667.951984416735,1868.496928173888,1198.8372259140015,197.63988828659058,56561.61688643717,94187.83654034373,12393.05627562579,1933.7033660383786,1257.1571576595306,207.35987663269043,61375.6030925171,99492.71620216183,13052.791095091316,1962.863368508395,1289.557082414627,213.83985948562622,62688.28088370772,102077.17428873942,13370.30781157157,1985.543263432559,1282.3528399467468,213.83985948562622,0.0,0.0,0.0,0.0,0.0,0.0,0.0,0.0,0.0,0.0,0.0,0.0,0.0,0.0,3.2399368286132812,0.0,0.0,0.0,0.0,0.0,3.239973306655884,0.0,0.0,0.0,0.0,0.0,0.0,0.0,0.0,0.0,0.0,12.959957599639893,3.239997625350952,0.0,0.0,0.0,0.0
"101,156",2507.2523395702137,0.0,0.0,0.0,0.0,0.0,0.0,0.0,0.0,0.0,0.0,27785.6476268011,51353.14395760088,3865.917146503224,218.2892128392762,55.484436306298946,0.0,34423.52339304382,62506.939744426694,4480.254162850099,224.76856149879157,55.484436306298946,0.0,37288.79028225318,66704.95042510501,4633.223750789492,217.88267297931748,49.41126282168369,0.0,40853.87720209383,70965.50258969326,4847.049565513461,221.12280006595688,55.89076168490391,0.0,43639.50087391161,75200.07872994927,5058.038045582117,217.8831109542473,62.370254349241065,0.0,0.0,0.0,0.0,0.0,0.0,0.0,0.0,0.0,0.0,0.0,0.0,0.0,0.0,0.0,0.0,0.0,0.0,0.0,0.0,0.0,0.0,0.0,0.0,0.0,0.0,0.0,0.0,0.0,0.0,0.0,0.0,0.0,0.0,0.0,0.0,0.0,0.0
"102,156",2506.943566687125,0.0,3.2391135692596436,0.0,3.2394063472747803,0.0,0.0,3.2391135692596436,0.0,0.0,0.0,43946.501790377675,56823.98311457915,2416.495713876275,49.33752008606406,0.0,0.0,48357.720109304726,62640.53894962423,2582.868124853396,46.098274432911595,6.478886604309082,0.0,53012.30268815266,68707.06717297796,2989.9557383565343,52.5771493547103,6.478886604309082,0.0,57381.608242399554,74240.34304937848,3343.054718783322,52.5771493547103,6.478886604309082,0.0,59078.39794589118,76581.13822878855,3498.5465386418728,55.816665851368626,6.478886604309082,0.0,0.0,0.0,0.0,0.0,0.0,0.0,0.0,0.0,0.0,0.0,0.0,0.0,0.0,3.2391135692596436,0.0,0.0,0.0,0.0,0.0,0.0,0.0,0.0,0.0,0.0,0.0,0.0,0.0,0.0,0.0,0.0,0.0,0.0,0.0,0.0,0.0,0.0,0.0
"103,156",2506.48054019195,0.0,16.19437003135681,0.0,12.955278873443604,0.0,0.0,16.19437003135681,0.0,12.955278873443604,0.0,61064.71307418113,93170.94152706183,6968.570081106823,307.7326886401457,90.68662643432617,9.716721296310425,62194.37908032268,94779.52018516391,7184.506387151458,310.97166178086223,93.92568373680115,9.716721296310425,63607.30897789002,96085.12730084306,7372.35096398709,301.25574443200054,97.16477155685425,9.716721296310425,64849.39260344973,97328.8247297848,7427.410522140242,298.0176071868223,87.44806122779846,6.478168964385986,66625.44086196656,100119.94205614258,7576.387391961791,298.01625034668865,84.2090196609497,6.478168964385986,0.0,0.0,0.0,0.0,0.0,0.0,0.0,0.0,0.0,0.0,0.0,0.0,0.0,9.716187953948975,6.478182077407837,0.0,0.0,0.0,0.0,0.0,0.0,0.0,0.0,0.0,0.0,6.4773454666137695,3.238966703414917,0.0,3.238966703414917,0.0,0.0,0.0,0.0,0.0,0.0,0.0,0.0
"104,156",2505.8634193730218,0.0,16.189799785614014,3.2378036975860596,6.475858688354492,19.4276282787323,0.0,16.189799785614014,3.2378036975860596,6.475858688354492,19.4276282787323,49653.21147990134,87219.91945546748,23516.43762272573,7213.606051037358,3310.253835838916,722.0567879676819,50922.73095202166,89379.54416185732,24004.59940290545,7317.630470000996,3284.3501815019868,699.390376329422,52264.4948253108,91645.0516774318,24558.69343324362,7456.8611452214855,3345.8688234506867,673.4863588809967,53035.76739374703,93132.32387071029,24963.96522481488,7544.2838365667,3322.7963058901764,676.7236559391022,53685.506983199775,94332.82545464365,25125.454543984168,7588.390717834584,3232.136094327066,667.0099017620087,0.0,0.0,0.0,0.0,0.0,0.0,0.0,0.0,0.0,0.0,0.0,0.0,0.0,3.2377967834472656,9.714212656021118,3.23779034614563,0.0,0.0,0.0,0.0,3.2378036975860596,0.0,0.0,0.0,0.0,0.0,3.237994909286499,3.237863779067993,0.0,0.0,0.0,3.2382142543792725,0.0,6.476006031036377,9.71340799331665,0.0,0.0
"105,156",2505.092416438466,0.0,38.84238386154175,38.841625928878784,20.853505017710667,72.26925902366638,0.0,38.84238386154175,38.841625928878784,20.853505017710667,72.26925902366638,55733.88014576575,103024.48016433154,31810.0665241017,6335.782774441851,1251.7101886805367,0.0,56335.9837889718,104108.62111282816,32176.707055266696,6452.731920421825,1261.4227040346932,0.0,56709.05220946143,104843.24769975623,32326.022873667167,6472.15533989738,1277.6092002924752,0.0,57038.53045230005,105362.28922729025,32582.820802386592,6559.153588881213,1290.559596830256,0.0,57519.02072185629,106142.39940167968,32793.636710557745,6591.929444907694,1313.6270031152985,0.0,0.0,0.0,0.0,0.0,0.0,0.0,0.0,0.0,0.0,0.0,0.0,0.0,0.0,12.94753623008728,25.894847631454468,0.0,0.0,0.0,0.0,6.473551511764526,29.131415128707886,3.236659288406372,0.0,0.0,0.0,6.47319483757019,14.380310180140476,0.0,0.0,0.0,0.0,22.28777864774068,30.562467829386392,19.419012546539307,0.0,0.0,0.0
"106,156",2383.9681450788376,0.0,74.43160676956177,6.471397399902344,72.98484596084145,189.83751401901247,0.0,74.43160676956177,6.471397399902344,72.98484596084145,189.83751401901247,67392.69763682308,89777.19481863787,25361.071830488654,2192.554504436605,320.364209651947,9.707318544387817,68682.50481280439,91428.02109283465,25864.35198325269,2257.269306701772,323.6004183292389,9.707318544387817,69270.53822278976,92193.67053509879,26071.422799769567,2276.6809468690085,323.60023975372314,9.707318544387817,70092.40093977498,93026.40517883861,26320.641058658148,2286.3875532571005,323.60082387924194,9.707318544387817,70571.2972858672,93405.56142748383,26424.825767747094,2325.9405364962186,326.83679270744324,9.707318544387817,0.0,0.0,0.0,0.0,0.0,0.0,0.0,0.0,0.0,0.0,0.0,0.0,0.0,48.543009519577026,25.88859724998474,0.0,0.0,0.0,0.0,3.235658645629883,3.235738754272461,0.0,0.0,0.0,0.0,38.83413600921631,27.678227985606476,6.472481966018677,0.0,0.0,0.0,90.95953550338746,85.93293495178223,12.945043563842773,0.0,0.0,0.0
"107,156",2442.86033265255,51.754276752471924,498.10304522514343,32.34279108047485,194.06056594848633,523.9694049358368,45.28527474403381,494.8685281276703,32.34279108047485,194.06056594848633,514.2672441005707,66287.64859688048,122016.28065799078,20454.009771153505,1122.8166297557307,165.47913561521793,6.4673051834106445,67297.72625239784,123626.00708798334,20824.84527009328,1136.1612280153759,178.41843758283878,6.4673051834106445,67373.75482813797,123849.96582816722,20905.71696441968,1132.927621200038,181.65302763639713,6.4673051834106445,68004.41823825087,124653.43501899196,21025.391097005206,1149.1012256884105,178.41874705015445,6.4673051834106445,68209.0218708833,124721.29728323806,21090.08925979932,1161.3176697487925,178.41998396574283,6.4673051834106445,0.0,0.0,0.0,0.0,0.0,0.0,0.0,19.407418251037598,25.877856492996216,0.0,0.0,0.0,0.0,197.30119609832764,274.92822098731995,22.639111042022705,0.0,0.0,0.0,3.2340774536132812,25.874433040618896,0.0,0.0,3.234280586242676,0.0,74.3906729221344,113.20102667808533,6.468866348266602,0.0,0.0,0.0,206.99621295928955,291.09833312034607,16.17269802093506,0.0,0.0,0.0
"108,156",2501.859027354218,0.0,71.13574934005737,6.466497182846069,106.69149565696716,9.698152542114258,0.0,71.13574934005737,6.466497182846069,106.69149565696716,9.698152542114258,52674.39855913462,112171.67872410009,29785.04810711823,3574.2677488504664,2428.3613106867847,1786.8897429830888,53606.78334292244,114094.01026547095,30364.89298425375,3674.476596373202,2518.873107876497,1799.8225814230302,53899.0893725498,114533.55069075657,30423.0660790032,3691.359776859657,2512.4057206770954,1815.9823621637681,54339.560723660965,115474.32294301425,30872.806191667853,3772.1723614982525,2586.7522909304676,1877.4009179003099,54539.258929619136,115916.88303491741,30985.21469223265,3810.959781532661,2638.47307583304,1887.1015728838304,0.0,0.0,0.0,0.0,0.0,0.0,0.0,0.0,0.0,0.0,0.0,0.0,0.0,6.466878890991211,32.334423542022705,29.100992918014526,3.2334539890289307,0.0,0.0,0.0,6.466497182846069,0.0,0.0,0.0,0.0,58.19417858123779,45.263967990875244,3.233349084854126,0.0,0.0,0.0,6.465034008026123,3.2331185340881348,0.0,0.0,0.0,0.0
"109,156",2500.4756703149346,29.079172134399414,25.852712154388428,12.92459511756897,0.0,3.2312698364257812,3.2311079502105713,16.157402515411377,12.92459511756897,0.0,0.0,41561.616256163165,101322.24519298779,42042.90938282199,6712.609488704157,5746.94513875924,3408.2769210058095,42147.69162031809,102768.86539372652,42566.219773634744,6764.318566062404,5766.342787332162,3422.9849707463204,42461.08956057791,103697.63068061532,42812.29681898285,6789.442686767205,5750.5888422601365,3406.831313548368,42767.6286776926,104440.85622429196,43095.017874229656,6831.450319707159,5802.702834041445,3422.6481987420248,42979.099569834914,104883.76286870547,43402.05344587681,6887.9984306335455,5754.244885356753,3430.89309368975,24.636726241953234,16.955152654647826,6.46304178237915,0.0,0.0,0.0,48.05492067898021,0.0,3.2311079502105713,0.0,0.0,0.0,0.0,9.694489002227783,3.231456756591797,3.231456756591797,0.0,0.0,0.0,0.0,9.694288730621338,3.230306386947632,0.0,0.0,0.0,0.0,0.0,0.0,0.0,0.0,0.0,0.0,0.0,0.0,0.0,0.0,0.0
"110,156",2498.940279357856,58.12809109687805,145.27907395362854,45.19539976119995,32.28267216682434,32.28270483016968,25.832777500152588,132.36211895942688,45.19539976119995,29.05293869972229,25.82637858390808,33483.1107945489,84464.51847821029,41900.4911497088,10847.126229583517,11269.67622001592,7202.415986039592,33853.09247539651,85328.94580952045,42351.26049898091,10889.109363614813,11250.316086129582,7136.033673009686,34070.65317205542,85801.88705094467,42533.96737974578,10892.34573751618,11182.50978477422,7037.940045267928,34142.77433453635,86006.65687921186,42601.26369112239,10834.882802348044,11120.09966027316,7002.788263371412,34460.88475824524,86720.49302885952,43032.9574794414,10896.236597638037,11181.474683876599,7049.441492114348,35.51798343658447,77.49700689315796,6.457388401031494,0.0,3.2291665077209473,0.0,122.70154523849487,12.916348457336426,12.916429042816162,0.0,0.0,0.0,0.0,54.88167119026184,71.02426242828369,3.228104591369629,3.2280807495117188,0.0,0.0,16.140474796295166,25.826805114746094,3.2281198501586914,0.0,0.0,0.0,12.912463903427124,12.912409543991089,3.228065252304077,0.0,0.0,0.0,9.684391498565674,9.685903549194336,6.456083536148071,0.0,0.0,0.0
"111,156",2497.25337970439,237.58018951977,119.38828468322754,177.45814156532288,245.2188377380371,334.3496395784266,234.3528307017158,103.25358533859253,174.2311155796051,235.53720831871033,334.3496395784266,28539.90935509532,64096.22238733253,47625.47507720274,17289.76383523006,12111.217817493514,2315.7651377818165,28883.10490786795,65036.638692429486,48254.7542210766,17451.085388937183,12063.162447965846,2322.2163137099324,29390.745685217422,65725.8438465567,48583.04523495039,17512.739579326968,12088.965117252574,2325.7955350464463,29508.686975164037,66048.63135368403,48704.5544476827,17476.167383240718,12044.855831818488,2319.343102890837,29712.37976224282,66633.67163358483,49092.65853892401,17501.994676636714,11971.402057602825,2290.3044497555375,43.961972099192,90.36506700515747,34.274361616022446,14.915973377227782,0.0,0.0,183.5173740975997,121.40655975902781,90.35745882987976,19.362707376480103,0.0,3.226104736328125,0.0,51.62678241729736,29.039745092391968,12.906529426574707,3.2263824939727783,6.454145908355713,0.0,70.98569631576538,77.43616962432861,19.357216835021973,0.0,6.452032804489136,0.0,90.34618973731995,122.60518145561218,19.358543395996094,3.2272937297821045,0.0,0.0,111.71731106814217,154.8728802204132,61.30665349960327,6.452794790267944,0.0,0.0
"112,156",2495.4155476463557,415.93959617614746,554.6096894741058,480.47494673728943,986.700820684433,1425.1139724254608,412.7144260406494,551.3855473995209,477.2494387626648,964.1283376216888,1415.4421517848969,39713.57450100113,62060.768739090716,34962.89419922174,12003.171999974344,6814.3317447269665,881.9005435148875,40006.54568435912,62874.59976570185,35378.23632923388,12112.808282418344,6913.942194668452,875.4476657549541,39964.23028355766,63061.31900928348,35720.81326838568,12173.71342106146,6918.778005064236,897.6694116349314,40846.33548997243,63484.465036307134,35915.033569215324,12248.276378049104,6954.247640550839,933.1468672509287,40973.29389709865,63866.608407724605,36131.02213422176,12323.227505541785,7063.531445091847,942.820367788801,61.256977558135986,51.586092710494995,19.34687829017639,6.448130130767822,0.0,0.0,138.6380786895752,238.58806443214417,135.43021750450134,32.24758195877075,6.448562145233154,0.0,0.0,274.0575678348541,196.70893907546997,70.94614505767822,9.672895431518555,0.0,0.0,180.56923389434814,216.05412888526917,74.17512106895447,6.450954914093018,0.0,0.0,393.35487365722656,415.98241662979126,145.11774325370789,9.673304080963135,0.0,0.0,812.4559712409973,512.6949801445007,77.3926031589508,12.898597240447998,0.0,0.0
"113,156",2493.2936673590143,161.054190158844,140.53872710676754,57.98961329460144,273.804080247879,399.43849897384644,154.61189007759094,140.53872710676754,54.768808126449585,264.14161586761475,399.43849897384644,44801.1707991974,40538.16862103706,34266.097091667325,19598.382950128293,13509.1762182591,1569.6791462019376,45527.81702577086,41082.46024561022,34501.72710969589,19782.0392861974,13738.596253079992,1591.156666032006,46606.637912479106,41814.95852592881,34939.91445971097,20012.25552988146,13895.111496001598,1607.26648162954,47652.240468036434,42512.63161532459,35454.88225426487,20231.313397646885,14109.470492191876,1651.3007579560376,48699.150557926594,43015.87742712638,35774.17841199146,20379.491496325474,14278.060952571794,1651.3014894242383,12.884174346923828,139.30665669160732,41.87937617301941,0.0,0.0,0.0,194.07020721155055,3.2214431762695312,48.31760835647583,67.64136528968811,35.43147325515747,0.0,0.0,48.331305265426636,37.44838625403011,25.770646333694458,22.546432495117188,6.4419567584991455,0.0,12.887584209442139,16.109244346618652,16.10711145401001,9.664868116378784,0.0,0.0,83.75501322746277,103.08115696907043,54.75802803039551,22.547417640686035,0.0,0.0,161.05757784843445,167.5115294456482,57.98446011543274,12.884931564331055,0.0,0.0
"114,156",2491.2803880512656,19.321566104888916,35.4072380065918,16.101735591888428,25.758190393447876,151.35797667503357,19.321566104888916,35.4072380065918,16.101735591888428,25.758190393447876,151.35797667503357,15565.243197409314,36279.18214348438,46232.31808161456,37717.807931246476,28284.59944953918,3291.8391669638017,15583.161008845125,36370.4000230462,46386.46498711343,37830.47488992355,28400.85303801742,3305.777888171813,15883.03744809207,36593.3039791154,46569.93882997551,37857.94938569349,28477.22704588292,3292.905642860076,16116.707614808925,36952.914906607424,46727.01277548005,37966.22090510761,28515.340392582093,3291.1503183233976,16203.941739810683,37095.69737143797,46796.426654815674,38040.260972756034,28508.243632738264,3271.849088131213,0.0,0.0,0.0,0.0,0.0,0.0,0.0,0.0,9.660414695739746,9.66115140914917,0.0,0.0,0.0,16.0947265625,9.656985998153687,9.65552544593811,0.0,0.0,0.0,12.881498336791992,0.0,0.0,3.2202372550964355,0.0,0.0,9.66120195388794,9.661231994628906,3.2178728580474854,3.217883586883545,0.0,0.0,86.95054364204407,57.96712923049927,6.440303802490234,0.0,0.0,0.0
"115,156",2488.993781187452,32.154967308044434,9.645333528518677,6.429821729660034,22.509770154953003,48.23179221153259,32.154967308044434,9.645333528518677,6.429821729660034,22.509770154953003,48.23179221153259,12815.221404523474,36861.93518339887,51509.43423043327,36646.696937538596,23868.02432737725,2304.937612808452,12807.342019127862,36685.43434691522,51238.39804892167,36411.47365473392,23713.498135346992,2324.2356737024643,12828.0865919805,36792.31278247927,51334.189068417465,36399.04691238123,23600.48862949633,2309.433112197764,12834.529451868577,36936.35040061427,51501.43348842229,36472.63544553589,23548.630292250127,2315.8627052840066,12876.735675413465,37274.91826600094,51967.38984110028,36662.82776796865,23673.596717837274,2335.1556871470284,0.0,0.0,0.0,0.0,0.0,0.0,0.0,0.0,6.431157827377319,19.292010068893433,6.431799411773682,0.0,0.0,0.0,3.2149276733398438,0.0,3.2154555320739746,3.2149503231048584,0.0,0.0,3.214916467666626,0.0,3.214905261993408,0.0,0.0,0.0,3.215433120727539,19.294337034225464,0.0,0.0,0.0,3.2149839401245117,19.29250431060791,25.72430396080017,0.0,0.0,0.0
"116,156",2486.559052683384,9.643309116363525,0.0,0.0,0.0,0.0,9.643309116363525,0.0,0.0,0.0,0.0,24077.975302276423,21825.25760031027,27306.912297928564,26383.529544757395,38666.1188564871,11560.414380642947,24023.339987573436,21870.219032767236,27291.21791852876,26410.006256755194,38671.609378870795,11523.468194394953,24068.717625859204,21970.527778361822,27400.773183350466,26432.069044129054,38524.483888892566,11559.521125828052,24159.501936299195,21987.33145933338,27339.312743894723,26306.34962522469,38402.038830923564,11518.566732574911,24314.54679804877,22117.5785820587,27594.950865794162,26441.715197257436,38690.44070052352,11647.06360499999,0.0,0.0,0.0,0.0,0.0,0.0,0.0,3.2144174575805664,3.2143945693969727,0.0,3.2144970893859863,0.0,0.0,0.0,0.0,0.0,0.0,0.0,0.0,0.0,0.0,0.0,0.0,0.0,0.0,0.0,0.0,0.0,0.0,0.0,0.0,0.0,0.0,0.0,0.0,0.0,0.0
"117,156",2483.9770272254636,3.2108278274536133,3.2092907428741455,0.0,0.0,0.0,3.2108278274536133,3.2092907428741455,0.0,0.0,0.0,18255.24153281006,51552.53227890239,54615.68655132313,27019.088762794752,20912.401412230844,8560.880971251281,18234.710784717638,51449.030712748514,54677.543863792984,26994.123625181233,20889.94311950814,8567.708636902827,18255.89567649692,51394.428919327496,54613.334739943115,26965.220896385228,20748.7038047136,8515.122334226908,18235.907117699644,51309.455184532606,54471.38771143801,26860.511595309014,20631.54260572545,8515.527171474345,18319.833767376695,51113.19498516811,54364.256435211966,26858.000745516194,20645.210032531322,8509.108562332041,0.0,0.0,0.0,0.0,0.0,0.0,0.0,0.0,3.2108278274536133,0.0,0.0,0.0,0.0,0.0,0.0,3.2092907428741455,0.0,0.0,0.0,0.0,0.0,0.0,0.0,0.0,0.0,0.0,0.0,0.0,0.0,0.0,0.0,0.0,0.0,0.0,0.0,0.0,0.0
"118,156",2481.248577555739,0.0,0.0,9.6128990650177,6.411734342575073,3.204272747039795,0.0,0.0,9.6128990650177,6.411734342575073,3.204272747039795,29038.149543741634,49782.2429237721,42769.0986538644,16980.72300740036,7086.776631295447,536.3903448974385,29087.608729431675,49686.63068456742,42924.88230641122,17012.45977837245,7171.713949326909,533.1852054988636,29109.33212929052,49519.48924508468,42585.82733042194,16918.684687109555,7128.813910209431,549.2086940204396,29637.5384284917,49949.51941291397,42657.382122241754,16864.960439920425,7132.0130850904125,562.0247717296376,29912.793348653642,50303.58467222756,42686.99222442122,16729.60468967662,7136.656912201525,562.0236304198994,0.0,0.0,0.0,0.0,0.0,0.0,0.0,0.0,0.0,0.0,0.0,0.0,0.0,0.0,0.0,0.0,0.0,0.0,0.0,3.204313278198242,0.0,3.2042860984802246,3.2042996883392334,0.0,0.0,0.0,3.2043397426605225,3.207394599914551,0.0,0.0,0.0,0.0,0.0,3.204272747039795,0.0,0.0,0.0
"119,156",2478.3746238533004,0.0,19.22115206718445,3.2034640312194824,19.221529960632324,16.01875352859497,0.0,19.22115206718445,3.2034640312194824,19.221529960632324,16.01875352859497,26417.936040000357,49432.19602207109,37429.97445902638,15526.795433045367,9204.172010565739,2454.6935544556263,27044.20060717265,50631.08792142774,38330.41475795578,15951.68486706042,9413.321838270449,2537.9562457150105,27320.72095833199,51380.19466298982,38846.69996287403,16025.560501850352,9547.381802447637,2552.7564171828476,28097.70076778917,53057.76840576939,39810.96724222876,16442.17496862131,9846.191666776993,2676.445142578611,28385.54815211951,53682.90885009298,40317.49654292407,16657.500992570203,9937.161888806024,2686.8367638681448,0.0,0.0,0.0,0.0,0.0,0.0,0.0,0.0,0.0,0.0,0.0,0.0,0.0,0.0,3.2034645080566406,12.814236640930176,3.203450918197632,0.0,0.0,3.2034640312194824,0.0,0.0,0.0,0.0,0.0,0.0,6.406752824783325,9.611083030700684,0.0,3.2036941051483154,0.0,0.0,6.407697677612305,3.203626871109009,3.203721284866333,3.203707695007324,0.0
"120,156",2475.3561330781054,0.0,0.0,0.0,0.0,0.0,0.0,0.0,0.0,0.0,0.0,21142.87854380888,42953.565715232544,37276.337648747016,22228.075176085684,22598.980725769903,4640.70531596857,21538.291682308798,43866.38231026799,38104.48569400076,22715.50523650132,22958.034274158294,4752.660010716495,21748.302266501447,44332.862706855696,38290.49535649337,22855.874488352794,22928.872933726227,4789.855780809066,22162.484246934622,45281.6246745577,39069.189192752274,23241.859386023352,23376.326237247507,4892.572191700281,22415.47457470426,45881.993921330395,39694.60223513211,23544.042931673575,23825.616590463414,4988.545723900141,0.0,0.0,0.0,0.0,0.0,0.0,0.0,0.0,0.0,0.0,0.0,0.0,0.0,0.0,0.0,0.0,0.0,0.0,0.0,0.0,0.0,0.0,0.0,0.0,0.0,0.0,0.0,0.0,0.0,0.0,0.0,0.0,0.0,0.0,0.0,0.0,0.0
"121,156",2472.1941182805667,0.0,0.0,0.0,0.0,0.0,0.0,0.0,0.0,0.0,0.0,7563.253344449809,19395.527642934463,22930.53009767065,16276.707807721341,20406.715385470674,5837.659060815736,7689.873707519792,19897.23149638176,23516.04547715187,16657.321022417033,20921.952669707465,6010.555295572093,7693.0651488173235,19894.048531341552,23524.433817316505,16688.579161792644,20803.300024626304,5994.58795057278,7902.048302954318,20229.61329805711,24079.698667793647,16999.137626725555,21291.328480550357,6214.627166836869,8113.266745331707,20797.55013714959,24539.745378371783,17348.936859739533,21624.758456891188,6412.241838772156,0.0,0.0,0.0,0.0,0.0,0.0,0.0,0.0,0.0,0.0,0.0,0.0,0.0,0.0,0.0,0.0,0.0,0.0,0.0,0.0,0.0,0.0,0.0,0.0,0.0,0.0,0.0,0.0,0.0,0.0,0.0,0.0,0.0,0.0,0.0,0.0,0.0
"122,156",2468.8896378788436,0.0,0.0,0.0,0.0,0.0,0.0,0.0,0.0,0.0,0.0,1604.4478435516357,4367.948019440969,6409.073844698363,8291.537839739929,27707.81098819153,41732.62593398375,1614.0194728374481,4435.344089662327,6444.976751817441,8326.249022056541,27969.53743598508,41763.30692537719,1607.6350519657135,4435.3437523000375,6481.68583428813,8351.778914262733,27974.770014770358,41698.16359196083,1631.9592241455528,4477.225317862454,6577.650329524396,8442.709041443057,28357.68192142973,42367.513485798176,1670.225400130889,4539.808555998521,6791.757977504357,8777.633556213565,29171.924087874093,44069.76169557852,0.0,0.0,0.0,0.0,0.0,0.0,0.0,0.0,0.0,0.0,0.0,0.0,0.0,0.0,0.0,0.0,0.0,0.0,0.0,0.0,0.0,0.0,0.0,0.0,0.0,0.0,0.0,0.0,0.0,0.0,0.0,0.0,0.0,0.0,0.0,0.0,0.0
"123,156",2465.443794908232,0.0,0.0,0.0,0.0,0.0,0.0,0.0,0.0,0.0,0.0,1596.02929724338,3818.4521514331595,5284.299740890427,6180.831069622786,20353.387799415403,60071.91697975421,1597.4245051206326,3828.615391332028,5253.6221925913105,6174.446465168746,20227.12874121199,59913.89287382108,1584.6727603734707,3764.9089020074584,5175.970516854641,6008.799472008498,19715.222170483834,58113.81783170514,1584.6744915307736,3787.215010959027,5174.929548052245,5961.018663321288,19607.613712738075,57840.237148710345,1618.3098425837122,3826.6641335982904,5286.424210575515,6127.061505304598,20215.71868382248,59703.568707609185,0.0,0.0,0.0,0.0,0.0,0.0,0.0,0.0,0.0,0.0,0.0,0.0,0.0,0.0,0.0,0.0,0.0,0.0,0.0,0.0,0.0,0.0,0.0,0.0,0.0,0.0,0.0,0.0,0.0,0.0,0.0,0.0,0.0,0.0,0.0,0.0,0.0
"124,156",2461.8577362315577,0.0,0.0,0.0,0.0,0.0,0.0,0.0,0.0,0.0,0.0,12092.368888958761,13451.630587505826,14545.580527098038,14955.763147313923,42352.90912712415,61289.62106505936,12027.703558231802,13478.436563383364,14574.19472602115,15000.319781024784,42464.61288296382,61411.75428741866,11933.442413700326,13336.466678533367,14420.69106330591,14822.12897439751,41927.86804156771,60505.82061620413,11897.62867141518,13314.17495075207,14420.683882138308,14807.780576315115,41899.18923001757,60720.70541936837,12000.856196711109,13416.701419113197,14582.9307188006,14951.33563063098,42203.1463659782,61714.952005329316,0.0,0.0,0.0,0.0,0.0,0.0,0.0,0.0,0.0,0.0,0.0,0.0,0.0,0.0,0.0,0.0,0.0,0.0,0.0,0.0,0.0,0.0,0.0,0.0,0.0,0.0,0.0,0.0,0.0,0.0,0.0,0.0,0.0,0.0,0.0,0.0,0.0
"125,156",2458.132651718623,0.0,0.0,0.0,0.0,0.0,0.0,0.0,0.0,0.0,0.0,8858.567538925245,13539.824313340467,15807.631136070511,17514.82590320624,50828.21204278703,106321.10986804402,8887.144815393522,13562.054750142377,15839.398799549363,17546.580400972736,50964.7701883101,106675.24122895073,8874.43667692764,13577.938028989118,15823.509024750016,17549.754538085414,50950.075872593305,106778.25541608474,8890.310952850416,13574.759596047681,15833.040343414566,17540.233973052455,50929.82563612695,106675.01884872867,8887.137463756635,13567.696713301715,15861.62019289615,17530.7181728148,50956.78484248273,106767.46726806492,0.0,0.0,0.0,0.0,0.0,0.0,0.0,0.0,0.0,0.0,0.0,0.0,0.0,0.0,0.0,0.0,0.0,0.0,0.0,0.0,0.0,0.0,0.0,0.0,0.0,0.0,0.0,0.0,0.0,0.0,0.0,0.0,0.0,0.0,0.0,0.0,0.0
"126,156",2454.269773418501,0.0,0.0,0.0,0.0,0.0,0.0,0.0,0.0,0.0,0.0,7268.075227556976,11387.404379483763,14224.450593319129,15864.722140109305,45933.710225539115,90182.0536354093,7325.16288596228,11425.459390279357,14246.655715789984,15883.733861005072,46106.937681763775,90560.91689951374,7347.350893793853,11457.168528911177,14259.339389410208,15924.935028826956,46341.55084118188,91316.72495878911,7410.755428133758,11488.859099265639,14334.224289183525,15996.649213057874,46499.30874529633,91468.80348768234,7413.919345436843,11511.045447465483,14372.246121411232,16006.150203210233,46554.309286136246,91290.49710247095,0.0,0.0,0.0,0.0,0.0,0.0,0.0,0.0,0.0,0.0,0.0,0.0,0.0,0.0,0.0,0.0,0.0,0.0,0.0,0.0,0.0,0.0,0.0,0.0,0.0,0.0,0.0,0.0,0.0,0.0,0.0,0.0,0.0,0.0,0.0,0.0,0.0
"127,156",948.9853879099935,0.0,0.0,0.0,0.0,0.0,0.0,0.0,0.0,0.0,0.0,5663.593828431298,7238.4343730159835,7374.416831681308,7362.874275962044,19611.437756003583,26510.677202543553,5695.26857732885,7305.427315443638,7426.21588345696,7435.727515021492,19769.81774491235,26849.42374756383,5749.117517462899,7374.341420945935,7551.795805165348,7509.199764721066,20007.371269168103,27333.97818558917,5802.967766514947,7460.933452814701,7668.529151806177,7635.900818102032,20245.61675506573,27724.87150205912,5821.972775450875,7489.1259117575255,7693.870143541635,7661.242129795223,20327.124042553995,27771.487043149802,0.0,0.0,0.0,0.0,0.0,0.0,0.0,0.0,0.0,0.0,0.0,0.0,0.0,0.0,0.0,0.0,0.0,0.0,0.0,0.0,0.0,0.0,0.0,0.0,0.0,0.0,0.0,0.0,0.0,0.0,0.0,0.0,0.0,0.0,0.0,0.0,0.0
"91,157",250.52760818094316,0.0,0.0,0.0,0.0,0.0,0.0,0.0,0.0,0.0,0.0,103.90216624503043,54.60199487349566,68.0937105328429,22.634517192840576,25.867857694625854,3.2335431575775146,110.05197733056312,109.57147896430072,90.72812353676441,32.33496689796448,45.26868772506714,12.9339759349823,169.92772402482873,161.30685794493732,97.1951807648528,48.50234627723694,61.43600940704346,19.400689840316772,179.62785424905664,190.40837466857013,129.529438605963,64.6694700717926,71.13647055625916,19.400689840316772,215.31008669628815,200.1087142243105,145.69682942932727,74.36980891227722,71.13647055625916,19.400689840316772,0.0,0.0,0.0,0.0,0.0,0.0,0.0,0.0,0.0,0.0,0.0,0.0,0.0,0.0,0.0,0.0,0.0,0.0,0.0,0.0,0.0,0.0,0.0,0.0,0.0,0.0,0.0,0.0,0.0,0.0,0.0,0.0,0.0,0.0,0.0,0.0,0.0
"92,157",2375.933380506577,0.0,0.0,0.0,0.0,0.0,0.0,0.0,0.0,0.0,0.0,6390.607617874706,2677.3438752314623,582.1866064071655,232.87541460990906,242.58035612106323,29.111096382141113,6876.351427075442,2968.445013651193,656.5808379650116,258.75014662742615,258.7530527114868,32.345120668411255,7553.147363687029,3258.739608754364,763.3193509578705,307.26634907722473,291.0977466106415,38.813252210617065,8677.40291454839,3695.3891584770354,912.1049017906189,397.8310053348541,323.4418077468872,51.750638246536255,9855.938927208208,4070.592627515045,989.7313432693481,417.2383074760437,339.6146469116211,48.51658058166504,0.0,0.0,0.0,0.0,0.0,0.0,0.0,0.0,0.0,0.0,0.0,0.0,0.0,0.0,0.0,0.0,0.0,0.0,0.0,0.0,0.0,0.0,0.0,0.0,0.0,0.0,0.0,0.0,0.0,0.0,0.0,0.0,0.0,0.0,0.0,0.0,0.0
"93,157",2504.33316555982,0.0,0.0,0.0,0.0,0.0,0.0,0.0,0.0,0.0,0.0,337.6249545826631,0.0,0.0,0.0,0.0,0.0,353.8056758656221,0.0,0.0,0.0,0.0,0.0,379.69422495505387,0.0,0.0,0.0,0.0,0.0,451.24617767520976,3.2360401153564453,0.0,0.0,0.0,0.0,483.9623018526563,3.2360401153564453,0.0,0.0,0.0,0.0,0.0,0.0,0.0,0.0,0.0,0.0,0.0,0.0,0.0,0.0,0.0,0.0,0.0,0.0,0.0,0.0,0.0,0.0,0.0,0.0,0.0,0.0,0.0,0.0,0.0,0.0,0.0,0.0,0.0,0.0,0.0,0.0,0.0,0.0,0.0,0.0,0.0
"94,157",2505.2580241215373,0.0,0.0,0.0,0.0,0.0,0.0,0.0,0.0,0.0,0.0,600.6717713412116,3.236941337585449,0.0,0.0,0.0,0.0,574.7766960200141,3.236941337585449,0.0,0.0,0.0,0.0,626.2122683412888,3.236941337585449,0.0,0.0,0.0,0.0,710.3739613822863,6.473874807357788,0.0,0.0,0.0,0.0,868.2245568780338,12.947883605957031,0.0,0.0,0.0,0.0,0.0,0.0,0.0,0.0,0.0,0.0,0.0,0.0,0.0,0.0,0.0,0.0,0.0,0.0,0.0,0.0,0.0,0.0,0.0,0.0,0.0,0.0,0.0,0.0,0.0,0.0,0.0,0.0,0.0,0.0,0.0,0.0,0.0,0.0,0.0,0.0,0.0
"95,157",2506.0292277524895,0.0,0.0,0.0,0.0,0.0,0.0,0.0,0.0,0.0,0.0,1679.6679016047833,22.666847944259644,0.0,0.0,0.0,0.0,1718.926826954823,25.904666423797607,0.0,0.0,0.0,0.0,1954.8459581496668,29.142457962036133,0.0,0.0,0.0,0.0,2064.580385060404,29.141662120819092,0.0,0.0,0.0,0.0,2184.3955186320286,38.856061935424805,0.0,0.0,0.0,0.0,0.0,0.0,0.0,0.0,0.0,0.0,0.0,0.0,0.0,0.0,0.0,0.0,0.0,0.0,0.0,0.0,0.0,0.0,0.0,0.0,0.0,0.0,0.0,0.0,0.0,0.0,0.0,0.0,0.0,0.0,0.0,0.0,0.0,0.0,0.0,0.0,0.0
"96,157",2506.64651041438,0.0,0.0,0.0,0.0,0.0,0.0,0.0,0.0,0.0,0.0,3831.4953401060666,55.0614378452301,0.0,0.0,0.0,0.0,4071.547963646346,58.300426721572876,0.0,0.0,0.0,0.0,4823.310477417591,55.06163477897644,0.0,0.0,0.0,0.0,5150.065208327537,71.25590181350708,0.0,0.0,0.0,0.0,7100.139173423542,142.10613137600467,0.0,0.0,0.0,0.0,0.0,0.0,0.0,0.0,0.0,0.0,0.0,0.0,0.0,0.0,0.0,0.0,0.0,0.0,0.0,0.0,0.0,0.0,0.0,0.0,0.0,0.0,0.0,0.0,0.0,0.0,0.0,0.0,0.0,0.0,0.0,0.0,0.0,0.0,0.0,0.0,0.0
"97,157",2507.1096590441452,0.0,0.0,0.0,0.0,0.0,0.0,0.0,0.0,0.0,0.0,32275.178354540058,19105.314688029943,6109.886942993426,1569.9088443269916,834.7301899012398,120.58627537278568,33998.12037078352,21210.338464704215,6797.872903217989,1599.0644682398029,840.4849489408381,123.10161900520325,35538.78731113134,22291.434440552017,7196.332333435732,1637.938948725719,814.5690737443812,113.38302516937256,36992.06635683004,23965.26990409271,7602.560052377104,1675.6811051022773,834.0047496038325,106.90386152267456,41443.045445183205,24994.509381771088,7905.53198596543,1726.78827493518,832.8734906364889,110.14323830604553,0.0,0.0,0.0,0.0,0.0,0.0,0.0,0.0,0.0,0.0,0.0,0.0,0.0,0.0,0.0,0.0,0.0,0.0,0.0,0.0,0.0,0.0,0.0,0.0,0.0,0.0,0.0,0.0,0.0,0.0,0.0,0.0,0.0,0.0,0.0,0.0,0.0
"98,157",2507.418513709239,0.0,0.0,0.0,0.0,0.0,0.0,0.0,0.0,0.0,0.0,82695.3114315538,51631.99806438333,17009.605150188185,4161.429273011638,2899.789966806711,1233.2209441689884,83446.21880113377,53404.390086906096,17600.020878330866,4335.966830599542,2936.150745648964,1182.1077371008255,83948.3878558804,54702.392621650884,18188.838291430005,4504.024833050897,3028.8825031168317,1191.4185894180746,84231.38249989584,55359.415006097166,18191.996093103,4507.9905020012575,2957.610041940913,1181.6996076752157,84578.03884407118,56035.389690186006,18493.61153916284,4589.708824306375,2964.8146289572996,1178.459371392867,0.0,0.0,0.0,0.0,0.0,0.0,0.0,0.0,0.0,0.0,0.0,0.0,0.0,0.0,0.0,0.0,0.0,0.0,0.0,0.0,0.0,0.0,0.0,0.0,0.0,0.0,0.0,0.0,0.0,0.0,0.0,0.0,0.0,0.0,0.0,0.0,0.0
"99,157",2507.5729677230092,0.0,0.0,0.0,0.0,12.959999084472656,0.0,0.0,0.0,0.0,12.959999084472656,20629.353463931177,48621.594505547546,33833.63120212555,9189.550350029329,3666.699937378192,1568.1988268478244,21218.299705330526,49704.65023054235,33915.620696188416,9051.36336615413,3605.5479950530857,1487.6072247336892,21662.176037375128,51148.95314608461,34055.19426204644,8954.571304049212,3492.1501173599095,1422.8088977645425,22180.480130097443,52537.271613052784,34503.75960781715,9067.970749821383,3452.8643835984026,1393.6495924304513,22384.506074811896,52933.17460964989,34610.64862784124,9014.33765598746,3433.423965593413,1383.9298692058114,0.0,0.0,0.0,0.0,0.0,0.0,0.0,0.0,0.0,0.0,0.0,0.0,0.0,0.0,0.0,0.0,0.0,0.0,0.0,0.0,0.0,0.0,0.0,0.0,0.0,0.0,0.0,0.0,0.0,0.0,0.0,6.479999542236328,3.239999771118164,0.0,3.239999771118164,0.0,0.0
"100,157",2507.572967722997,0.0,0.0,0.0,0.0,0.0,0.0,0.0,0.0,0.0,0.0,30214.65725908934,62628.79872391269,17130.674019048725,4566.141949182398,1942.4733799279904,295.5641014575958,33045.52763330984,68403.60581578648,18341.953264432796,4750.0971007403205,2042.9132669748044,308.52409529685974,35837.24955507914,72307.98742280286,18920.548211629717,4743.61747527777,2043.3199147561018,308.5240948200226,38350.730845896396,76989.87806865749,19695.992746865515,4892.656941897261,2127.559719739241,315.0040876865387,40553.0221530185,81034.6172650917,19998.541476173024,4884.321370093028,2056.2796944954816,324.7240607738495,0.0,0.0,0.0,0.0,0.0,0.0,0.0,0.0,0.0,0.0,0.0,0.0,0.0,0.0,0.0,0.0,0.0,0.0,0.0,0.0,0.0,0.0,0.0,0.0,0.0,0.0,0.0,0.0,0.0,0.0,0.0,0.0,0.0,0.0,0.0,0.0,0.0
"101,157",2507.418513709268,0.0,0.0,3.2397377490997314,0.0,0.0,0.0,0.0,3.2397377490997314,0.0,0.0,43411.78398109699,52526.91901643791,5956.374240312389,1197.2852667686986,1192.9611409364963,297.6411394670898,51975.760738285855,61798.9393695074,6675.699466738981,1255.1926551201764,1231.837568586948,313.8393997744018,60837.923678702,70389.7463796036,6941.204795530731,1233.326617527943,1208.7533712658228,297.641040761798,67212.7061437878,77875.67603468895,7233.851751253652,1285.1621807107738,1237.9119937691034,300.88071485313714,70179.16558757202,81193.97617389736,7401.0990393573165,1307.8394699582866,1228.193417337829,291.16181751045525,0.0,0.0,0.0,0.0,0.0,0.0,0.0,0.0,0.0,0.0,0.0,0.0,0.0,0.0,0.0,0.0,0.0,0.0,0.0,3.2397377490997314,0.0,0.0,0.0,0.0,0.0,0.0,0.0,0.0,0.0,0.0,0.0,0.0,0.0,0.0,0.0,0.0,0.0
"102,157",2507.1096590441416,0.0,0.0,0.0,0.0,0.0,0.0,0.0,0.0,0.0,0.0,60820.43957360959,53065.298372183584,7497.041104796354,1474.578177801768,1308.745222091675,255.9226701259613,66036.4258459596,57638.19680324909,7930.045726937874,1545.8466211477917,1341.140195131302,255.92259240150452,69944.95145779687,60380.94586639779,7962.091655556361,1519.930721394221,1302.2666268348696,246.20429253578186,78496.05414023402,66250.19044025739,8237.045906458648,1581.4837030092876,1299.0283887386324,255.9229917526245,82002.63120428253,68782.66695041375,8376.341614399704,1578.2448295275371,1279.590840816498,249.443861246109,0.0,0.0,0.0,0.0,0.0,0.0,0.0,0.0,0.0,0.0,0.0,0.0,0.0,0.0,0.0,0.0,0.0,0.0,0.0,0.0,0.0,0.0,0.0,0.0,0.0,0.0,0.0,0.0,0.0,0.0,0.0,0.0,0.0,0.0,0.0,0.0,0.0
"103,157",2506.646510414364,0.0,0.0,0.0,0.0,0.0,0.0,0.0,0.0,0.0,0.0,83065.11256509107,80226.67782914873,8068.191268602071,1101.5238547175538,553.4783133029937,38.86750507354736,83320.52349415104,80834.61124366219,8207.455131450353,1101.5232567637574,559.9550944328307,38.86750507354736,84084.85881952489,81797.77335055763,8253.147095639097,1127.4316694586887,553.4769209384917,38.86750507354736,85248.7553326298,82845.12598891539,8331.231247090356,1130.2649483362834,511.77810020446776,38.86750507354736,87071.47725794642,84702.49547503509,8498.934076084808,1136.7443287054698,495.22785568985284,38.86750507354736,0.0,0.0,0.0,0.0,0.0,0.0,0.0,0.0,0.0,0.0,0.0,0.0,0.0,0.0,0.0,0.0,0.0,0.0,0.0,0.0,0.0,0.0,0.0,0.0,0.0,0.0,0.0,0.0,0.0,0.0,0.0,0.0,0.0,0.0,0.0,0.0,0.0
"104,157",2427.2268990831194,0.0,0.0,0.0,0.0,0.0,0.0,0.0,0.0,0.0,0.0,41076.21282365369,72158.67650059624,25740.494259755753,9883.291590906592,10453.987703314948,3932.368658679139,41999.19630430913,73414.35487731297,26099.89853717486,10035.057004058126,10511.203956965837,3965.827373561672,42815.697709086366,74966.74390771714,26652.348047802494,10193.71538766599,10579.259775444105,3936.68818860989,43459.06527542414,75819.84754773213,26950.27497825342,10193.708527886633,10520.083982247932,3917.2591267202415,44003.674988683066,76820.98510911697,27165.540520604452,10156.962596866197,10376.587888068778,3843.437526791703,0.0,0.0,0.0,0.0,0.0,0.0,0.0,0.0,0.0,0.0,0.0,0.0,0.0,0.0,0.0,0.0,0.0,0.0,0.0,0.0,0.0,0.0,0.0,0.0,0.0,0.0,0.0,0.0,0.0,0.0,0.0,0.0,0.0,0.0,0.0,0.0,0.0
"105,157",2492.0497687643297,0.0,3.2373948097229004,0.0,0.0,0.0,0.0,3.2373948097229004,0.0,0.0,0.0,47860.99970962673,105512.60194658299,25337.309832350413,4646.048891132019,2966.320311894136,1580.3533673875472,48699.37953423424,107315.32296824642,25648.29463401869,4671.541488049078,2938.239788934296,1553.3902661323548,49692.81867582096,109054.99276281617,25935.94782199953,4742.764917013693,2925.2903885093388,1563.1010818004609,50325.74928338481,110285.11717375586,26192.095342040524,4791.729725786285,2935.0014859882053,1608.4238886356354,50827.40044965558,111280.0061879485,26366.41892320595,4833.4087771771,2928.122459706138,1583.5916507833144,0.0,0.0,0.0,0.0,0.0,0.0,0.0,0.0,0.0,0.0,0.0,0.0,0.0,3.2373948097229004,0.0,0.0,0.0,0.0,0.0,0.0,0.0,0.0,0.0,0.0,0.0,0.0,0.0,0.0,0.0,0.0,0.0,0.0,0.0,0.0,0.0,0.0,0.0
"106,157",2452.263371597002,0.0,0.0,0.0,0.0,3.2363357543945312,0.0,0.0,0.0,0.0,3.2363357543945312,68310.81020203384,99563.54396486562,15698.649938144867,1524.069851728514,825.8918729697957,190.53113637905494,70768.15488595214,102218.15159238462,16194.59499986686,1556.4254210911545,829.1251164352193,193.36140738936032,72371.79645024562,103837.36962151062,16476.399163866045,1566.1319242440018,832.3622344409719,196.59761105986203,74095.24115247914,105313.27232704165,16739.332101510554,1592.6134675596275,838.834050027062,199.83381926031674,75433.82999461587,106373.27919197551,16844.188593850413,1605.5570522401847,845.3065715705648,203.07001840086545,0.0,0.0,0.0,0.0,0.0,0.0,0.0,0.0,0.0,0.0,0.0,0.0,0.0,0.0,0.0,0.0,0.0,0.0,0.0,0.0,0.0,0.0,0.0,0.0,0.0,0.0,0.0,0.0,0.0,0.0,0.0,3.2363357543945312,0.0,0.0,0.0,0.0,0.0
"107,157",2479.0862730185877,0.0,3.2348363399505615,3.234990119934082,0.0,6.468199014663696,0.0,0.0,3.234990119934082,0.0,6.468199014663696,74452.37259439952,100925.95566736764,16127.593730197235,1377.5328606755127,354.22112541198726,42.04024624824524,76581.54444507242,103496.16724895028,16684.34751396086,1406.2396275529675,350.98698000907893,45.274189949035645,77501.77836797564,104830.389205956,16835.75605466413,1428.882558299046,354.2223523139953,42.04050588607788,78136.10993929936,105662.71244270288,16971.5907418971,1435.3496930131726,363.92332963943477,42.04050588607788,78753.04468681297,106160.76764947854,17082.266719267416,1441.8140546808056,357.4544022560119,42.04050588607788,0.0,0.0,0.0,0.0,0.0,0.0,0.0,0.0,0.0,0.0,0.0,0.0,0.0,0.0,0.0,0.0,0.0,0.0,0.0,0.0,3.234990119934082,0.0,0.0,0.0,0.0,0.0,0.0,0.0,0.0,0.0,0.0,0.0,6.468199014663696,0.0,0.0,0.0,0.0
"108,157",2502.0238114778917,0.0,3.232651472091675,0.0,0.0,0.0,0.0,3.232651472091675,0.0,0.0,0.0,44216.75732116139,89091.88397695412,34392.6217050889,6604.4587764422095,5614.995566254035,5270.417304541083,45122.984456445665,90733.81141010922,35011.35709723679,6762.861052242914,5805.721877460853,5415.891334797354,45345.735827970515,91116.76265624835,35143.90429475448,6792.679355642842,5889.771455889121,5510.35920752357,46051.45664174136,92209.16906391967,35785.96485269864,6993.493807064318,6106.367987518684,5752.8128053076125,46341.99866145827,92890.03723575182,36148.00978482564,7090.4704527724025,6132.2319060615455,5801.306088579402,0.0,0.0,0.0,0.0,0.0,0.0,0.0,0.0,0.0,0.0,0.0,0.0,0.0,0.0,3.232651472091675,0.0,0.0,0.0,0.0,0.0,0.0,0.0,0.0,0.0,0.0,0.0,0.0,0.0,0.0,0.0,0.0,0.0,0.0,0.0,0.0,0.0,0.0
"109,157",2500.6401109815306,0.0,25.844704627990723,6.055047239976771,0.0,50.4703643060198,0.0,25.844704627990723,6.055047239976771,0.0,50.4703643060198,33086.1312563625,82735.7548963612,34598.56578693764,5791.194396973592,3985.42183044845,2067.3102347934946,34134.44695976388,85231.29593422271,35469.49233660698,5901.056498290044,4057.9547711587416,2096.3892457569345,34616.138476403554,86702.10051652028,35956.6434350584,5987.5583544647,4099.543113785164,2131.2083057375517,35317.72128866233,88759.8831916678,36900.35795191316,6068.351849912195,4212.231110128701,2173.2180079432096,36047.54395359731,90630.78678056772,37607.434034107246,6148.720538090725,4262.489573427275,2205.528944394168,0.0,0.0,0.0,0.0,0.0,0.0,0.0,0.0,0.0,0.0,0.0,0.0,0.0,0.0,19.38329005241394,6.461414575576782,0.0,0.0,0.0,2.8248409888323613,0.0,3.230206251144409,0.0,0.0,0.0,0.0,0.0,0.0,0.0,0.0,0.0,9.286536737516816,34.72206823966082,6.461759328842163,0.0,0.0,0.0
"110,157",2499.104345025291,0.0,22.59919238090515,0.0,3.2280256748199463,0.0,0.0,22.59919238090515,0.0,3.2280256748199463,0.0,29939.51537156105,79985.1753858071,46197.50260037815,11228.408930440977,4427.038338724772,882.3521127700806,30660.082267049715,81100.74250822722,46696.47504205985,11179.979688306883,4413.763951131409,879.1229782104492,31464.84572670506,82538.87575003588,47086.48504108354,11111.108703789057,4397.6186629024205,888.8127756118774,32067.193373029375,83741.0597508627,47489.05781456912,11044.758436183369,4328.746767230127,856.5205760002136,32805.34262589474,85936.06304300719,48274.49528286598,11099.65693066541,4312.972909631916,869.4423642158508,0.0,0.0,0.0,0.0,0.0,0.0,0.0,0.0,0.0,0.0,0.0,0.0,0.0,6.456897735595703,16.14229464530945,0.0,0.0,0.0,0.0,0.0,0.0,0.0,0.0,0.0,0.0,0.0,3.2280256748199463,0.0,0.0,0.0,0.0,0.0,0.0,0.0,0.0,0.0,0.0
"111,157",2497.417040863681,0.0,0.0,0.0,12.905096769332886,3.2264564037323,0.0,0.0,0.0,12.905096769332886,3.2264564037323,37037.360887974384,67756.18992752375,33673.693814345905,8678.908306170444,3692.7450320524326,254.56372720587487,38027.98371014501,69634.16067578654,34374.86477875709,8866.087166834812,3810.7230984874795,251.33628875601525,39358.27927634763,71625.20109632344,35169.69339078174,8980.091652124067,3846.2219469257425,248.10870606291527,40341.67985747095,73505.23501656756,35957.03714650378,9146.8178189287,3886.018962672177,241.6535807310366,41083.8243247135,74971.39364867585,36436.5255624687,9198.44057040308,3883.4585193867774,238.42630345213647,0.0,0.0,0.0,0.0,0.0,0.0,0.0,0.0,0.0,0.0,0.0,0.0,0.0,0.0,0.0,0.0,0.0,0.0,0.0,0.0,0.0,0.0,0.0,0.0,0.0,0.0,9.679000616073608,3.2260961532592773,0.0,0.0,0.0,3.2264564037323,0.0,0.0,0.0,0.0,0.0
"112,157",2495.578776996997,3.224836587905884,0.0,0.0,0.0,3.2254209518432617,0.0,0.0,0.0,0.0,3.2254209518432617,37398.85209624627,45717.72323682169,21977.841581648474,9063.358675895017,7195.7479023596825,1703.9706444057765,38794.74247180061,47710.375560404274,22596.141715914597,9172.212668625512,7247.6873383278935,1723.3127099785152,40386.89842874397,49417.914327929066,22959.274332253142,9252.856855366274,7273.4338693852515,1723.6670119706323,41734.67026473401,51175.31452551449,23523.153554155317,9284.275503124907,7244.415500187406,1710.76916884815,43337.24903338377,52578.11679673569,24059.765734916575,9410.411300797554,7283.095577740201,1707.9474128031263,0.0,0.0,0.0,0.0,0.0,0.0,0.0,0.0,0.0,0.0,0.0,0.0,0.0,0.0,0.0,0.0,0.0,0.0,0.0,0.0,0.0,0.0,0.0,0.0,0.0,0.0,0.0,0.0,0.0,0.0,0.0,0.0,3.2254209518432617,0.0,0.0,0.0,0.0
"113,157",2493.4564268778395,0.0,45.10980582237244,93.44675397872925,45.11225438117981,0.0,0.0,45.10980582237244,93.44675397872925,45.11225438117981,0.0,49779.61646143034,38571.445213241204,27094.187656296002,17856.022614663256,17333.308801304123,2741.3730600413155,50396.64828678393,39034.947340111634,27313.273012826023,18056.15938542497,17365.984270449244,2780.0394692953896,50698.070096328214,39652.72400726057,27485.37907782069,18139.89205299359,17440.137447696572,2770.020479669758,50892.09429543345,40012.88397625661,27713.698295450216,18339.63198863011,17423.22219259318,2721.6978530790293,51296.27044881745,40354.796534412046,27906.28566452756,18392.2816091631,17333.045252390468,2702.3631799127543,0.0,0.0,0.0,0.0,0.0,0.0,0.0,0.0,0.0,0.0,0.0,0.0,0.0,35.44299817085266,9.666807651519775,0.0,0.0,0.0,0.0,93.44675397872925,0.0,0.0,0.0,0.0,0.0,25.778262853622437,16.111512422561646,0.0,3.2224791049957275,0.0,0.0,0.0,0.0,0.0,0.0,0.0,0.0
"114,157",2491.442680666972,0.0,0.0,0.0,0.0,0.0,0.0,0.0,0.0,0.0,0.0,20904.963382617167,49411.006054479,47875.711775100935,26542.641481794104,17144.46106536248,2260.9803006864063,20910.992195936276,49504.42450780776,47881.17413879657,26538.8197626329,17183.89227611598,2254.544513723897,21135.438825557747,49848.168759332926,48160.465389113335,26626.14190771066,17176.44908961595,2241.670275709676,21358.565859010174,50169.405251625474,48321.084622819755,26670.026952048847,17134.2053141622,2244.479240401586,21327.063249602037,50349.59182059064,48301.82465372086,26566.724491689714,16910.284509009005,2257.3567626317345,0.0,0.0,0.0,0.0,0.0,0.0,0.0,0.0,0.0,0.0,0.0,0.0,0.0,0.0,0.0,0.0,0.0,0.0,0.0,0.0,0.0,0.0,0.0,0.0,0.0,0.0,0.0,0.0,0.0,0.0,0.0,0.0,0.0,0.0,0.0,0.0,0.0
"115,157",2489.1555749885983,0.0,0.0,0.0,0.0,0.0,0.0,0.0,0.0,0.0,0.0,36309.78016539555,53828.32542818386,42203.6008639532,25761.602928633783,26401.476251027172,5029.696757201587,36345.164063653756,53908.60367035959,42439.84634626613,25802.042607425243,26379.386385347334,5039.344759349262,36522.79741879163,54209.91197762583,42629.119348419415,25882.048234856364,26341.51215113192,5016.825275544559,36615.69904893239,54315.73083076664,42670.53912714884,25911.38139145047,26248.653138610436,5010.395174626743,36761.05571379661,54616.27212577801,42797.41603206373,26000.25809350481,26224.69953299878,4962.136348132526,0.0,0.0,0.0,0.0,0.0,0.0,0.0,0.0,0.0,0.0,0.0,0.0,0.0,0.0,0.0,0.0,0.0,0.0,0.0,0.0,0.0,0.0,0.0,0.0,0.0,0.0,0.0,0.0,0.0,0.0,0.0,0.0,0.0,0.0,0.0,0.0,0.0
"116,157",2486.720330791429,0.0,0.0,0.0,0.0,0.0,0.0,0.0,0.0,0.0,0.0,25610.788600661705,31284.794663865894,32336.192463885098,29019.326246725348,51544.606186581594,17672.62492215493,25758.61307189698,31406.190833261902,32467.5288375228,29212.921551905427,51705.65713317816,17721.24602116697,25892.433890855078,31480.109102180893,32565.87318729419,29243.466643891614,51725.28950945537,17737.31036409677,25969.468383722677,31556.5440927786,32543.4471678285,29182.853560430864,51526.182851071455,17650.989936823004,26059.14341671046,31579.787095190495,32562.373702534507,29211.385048077154,51538.65698373645,17618.870256179922,0.0,0.0,0.0,0.0,0.0,0.0,0.0,0.0,0.0,0.0,0.0,0.0,0.0,0.0,0.0,0.0,0.0,0.0,0.0,0.0,0.0,0.0,0.0,0.0,0.0,0.0,0.0,0.0,0.0,0.0,0.0,0.0,0.0,0.0,0.0,0.0,0.0
"117,157",2484.137775721014,0.0,0.0,0.0,0.0,0.0,0.0,0.0,0.0,0.0,0.0,14197.866646381453,34746.751052463755,31677.280235350358,19738.5733614024,27332.85913327722,11834.352956886853,14170.804790829678,34819.86594149833,31731.867124613593,19741.773673301584,27442.805816584943,11843.989784785814,14167.614541527804,34830.22423670058,31768.656216439078,19780.323904281504,27274.691286987414,11732.854555116915,14203.321841205336,34707.89053019075,31591.45435206469,19690.50448322857,27111.811127691642,11697.150744309143,14255.459815302083,34729.96593907487,31572.155794342823,19671.24130154217,26963.818490076064,11600.480832118614,0.0,0.0,0.0,0.0,0.0,0.0,0.0,0.0,0.0,0.0,0.0,0.0,0.0,0.0,0.0,0.0,0.0,0.0,0.0,0.0,0.0,0.0,0.0,0.0,0.0,0.0,0.0,0.0,0.0,0.0,0.0,0.0,0.0,0.0,0.0,0.0,0.0
"118,157",2481.4087855994962,0.0,6.41070032119751,0.0,0.0,3.204820156097412,0.0,6.41070032119751,0.0,0.0,3.204820156097412,23146.111860507142,46350.552677073196,24886.51738077893,4874.165062503254,1020.9564880548737,28.856329679489136,25023.381136493124,48994.27319406528,26060.677239379696,5009.7784945254225,1023.760081686693,28.856187105178833,25766.625959280424,49804.329997647976,26389.008160267622,5004.163004418915,1030.1726864955003,32.06300067901611,27023.839061022736,50563.56860893941,26495.82176357438,5016.980851909226,1036.5850261828477,32.06300067901611,28146.00629366426,51172.853700635016,26799.95419174924,5036.214527759365,1039.7948684907426,32.06300067901611,0.0,0.0,0.0,0.0,0.0,0.0,0.0,0.0,0.0,0.0,0.0,0.0,0.0,0.0,0.0,3.205521821975708,3.2051784992218018,0.0,0.0,0.0,0.0,0.0,0.0,0.0,0.0,0.0,0.0,0.0,0.0,0.0,0.0,0.0,0.0,3.204820156097412,0.0,0.0,0.0
"119,157",2478.534283794426,0.0,12.806604146957397,0.0,3.20397686958313,32.039782762527466,0.0,12.806604146957397,0.0,3.20397686958313,32.039782762527466,33709.17455096525,54346.73533115385,25179.908154418423,6777.871579671373,2866.5466088173434,608.0854514196808,33924.41983805731,55646.42109881103,25697.970721989983,6904.164071009205,2936.9730526325748,636.895551259845,33570.02237094897,55501.84481295792,25712.967962708186,6913.3563672626715,2936.961018216376,617.6835065439636,35199.78102125934,56915.85900834028,26128.492567235342,6988.05943773494,2940.160356987224,636.8942516401703,35751.41767255558,57549.38199470838,26342.688502765166,7029.6800924235695,2959.364628542171,647.5508327923569,0.0,0.0,0.0,0.0,0.0,0.0,0.0,0.0,0.0,0.0,0.0,0.0,0.0,3.203382730484009,9.603221416473389,0.0,0.0,0.0,0.0,0.0,0.0,0.0,0.0,0.0,0.0,0.0,3.20397686958313,0.0,0.0,0.0,0.0,0.0,32.039782762527466,0.0,0.0,0.0,0.0
"120,157",2475.5152405562876,0.0,0.0,0.0,0.0,0.0,0.0,0.0,0.0,0.0,0.0,25458.480454888064,53543.35011730008,43977.34671305676,22205.648228815495,13992.382440746533,1819.6238339321285,26066.185469419815,54973.09971936731,45192.275436841745,22966.775029259104,14516.855061842414,1870.806491650787,25799.7988023412,54870.5601480886,45248.39961575621,23101.47363000945,14603.171392158434,1867.2145205656689,26531.54634618292,56061.80206134553,46099.67158641254,23403.875135488135,14807.48185804124,1902.742014802671,26846.969825792316,56658.54241282986,46558.05342842271,23681.66089014353,14989.34520811193,1920.8614881805345,0.0,0.0,0.0,0.0,0.0,0.0,0.0,0.0,0.0,0.0,0.0,0.0,0.0,0.0,0.0,0.0,0.0,0.0,0.0,0.0,0.0,0.0,0.0,0.0,0.0,0.0,0.0,0.0,0.0,0.0,0.0,0.0,0.0,0.0,0.0,0.0,0.0
"121,157",2472.352672313062,0.0,0.0,0.0,0.0,0.0,0.0,0.0,0.0,0.0,0.0,6451.730668863596,16369.874219393263,19574.025804958153,15031.21333324021,19681.783679618085,6409.316911861008,6668.671846346762,16992.232484653887,20116.029844574834,15483.805970032072,20108.385593526502,6607.663173623178,6643.115445332434,17007.495685253893,20175.724379619896,15410.367986137726,20079.77278822076,6566.537815540912,6786.89972300997,17345.446207359728,20647.952232240226,15646.741662438713,20463.444752755815,6731.854177210377,6988.929981155021,17747.375831762016,21107.809734656763,15896.000478680931,20735.78947210592,6767.420895560582,0.0,0.0,0.0,0.0,0.0,0.0,0.0,0.0,0.0,0.0,0.0,0.0,0.0,0.0,0.0,0.0,0.0,0.0,0.0,0.0,0.0,0.0,0.0,0.0,0.0,0.0,0.0,0.0,0.0,0.0,0.0,0.0,0.0,0.0,0.0,0.0,0.0
"122,157",2469.047640941428,0.0,0.0,0.0,0.0,0.0,0.0,0.0,0.0,0.0,0.0,3134.9557875306,6825.435497604632,9955.515467199624,12279.903752733679,32128.05622894062,27932.866774111168,3150.9036952168335,6866.533611400454,10038.476870569528,12360.063441881477,32364.215916182013,28106.48713216688,3134.947785726248,6830.358962718178,9945.539418245764,12234.15847701746,31933.885238088344,28071.078703436197,3179.6060646683563,6951.173686456681,9977.048252992068,12424.751917150908,32306.400308024644,28378.274769765256,3156.546153927785,6953.5720153163475,9950.645781165478,12379.218691943675,32278.9331213091,28666.669246621226,0.0,0.0,0.0,0.0,0.0,0.0,0.0,0.0,0.0,0.0,0.0,0.0,0.0,0.0,0.0,0.0,0.0,0.0,0.0,0.0,0.0,0.0,0.0,0.0,0.0,0.0,0.0,0.0,0.0,0.0,0.0,0.0,0.0,0.0,0.0,0.0,0.0
"123,157",2465.601252996744,0.0,0.0,0.0,0.0,0.0,0.0,0.0,0.0,0.0,0.0,3912.956550091388,7509.363987652459,10003.071334131091,12023.443564180297,37181.14850654789,54347.588011368585,3992.1863132093467,7551.33140425121,10025.336613384883,11969.648043986861,37157.60357706687,54104.83910420735,3985.8205998514213,7510.969336063721,9955.884622236326,11955.575008986043,36973.409826124414,53695.436885519586,3998.562022266201,7520.5157118152165,9984.563430210188,12000.164431450414,37084.893826750216,53716.57161063774,4062.2702878091854,7616.084674389222,10135.29635190496,12184.492038771685,37656.75110167428,54772.71088137252,0.0,0.0,0.0,0.0,0.0,0.0,0.0,0.0,0.0,0.0,0.0,0.0,0.0,0.0,0.0,0.0,0.0,0.0,0.0,0.0,0.0,0.0,0.0,0.0,0.0,0.0,0.0,0.0,0.0,0.0,0.0,0.0,0.0,0.0,0.0,0.0,0.0
"124,157",2462.014658919969,0.0,0.0,0.0,0.0,0.0,0.0,0.0,0.0,0.0,0.0,5092.952528861925,6503.43298318059,8036.040290779226,8543.990471594008,26106.536649072863,63105.23623481918,5146.5994666193055,6499.279198655897,8051.945931619756,8511.84327123399,26046.494521894638,62658.593627962415,5120.444336202098,6441.6373225333655,7936.019682241888,8416.833218344522,25729.128342737866,61403.77417658357,5172.145213992923,6521.158049690958,8035.0037032333075,8518.21600561703,25923.550690992197,62040.24054621528,5238.93777385506,6651.578629124399,8195.405462797951,8699.844120935366,26614.768292842185,64613.3724409468,0.0,0.0,0.0,0.0,0.0,0.0,0.0,0.0,0.0,0.0,0.0,0.0,0.0,0.0,0.0,0.0,0.0,0.0,0.0,0.0,0.0,0.0,0.0,0.0,0.0,0.0,0.0,0.0,0.0,0.0,0.0,0.0,0.0,0.0,0.0,0.0,0.0
"125,157",2458.289052198583,0.0,0.0,0.0,0.0,0.0,0.0,0.0,0.0,0.0,0.0,17350.889421719192,18517.639006287445,20946.879948833877,22002.480419537605,60276.33359430724,69205.0992856998,17382.640922802566,18555.742650896897,20969.105956057007,22021.52041115481,60460.47130940848,69732.16474638174,17278.519488144855,18504.923978239884,20956.35682103961,21961.13695587832,60464.24445230726,69738.28185621057,17313.470062304477,18539.8505322045,20981.753831365997,21970.658955714287,60483.27867967848,70033.55671082104,17389.703969527225,18565.2661987847,20997.636171081955,22014.41684763385,60613.92541619749,70588.94450529791,0.0,0.0,0.0,0.0,0.0,0.0,0.0,0.0,0.0,0.0,0.0,0.0,0.0,0.0,0.0,0.0,0.0,0.0,0.0,0.0,0.0,0.0,0.0,0.0,0.0,0.0,0.0,0.0,0.0,0.0,0.0,0.0,0.0,0.0,0.0,0.0,0.0
"126,157",2437.391773006844,0.0,0.0,0.0,0.0,0.0,0.0,0.0,0.0,0.0,0.0,9847.425750964294,13007.438080361311,15537.968939667124,17159.119884334825,51907.215575541704,95607.2173869292,9882.319417946945,13039.143696120207,15572.851340656656,17203.51008900287,52125.2361694336,96391.35912977949,9914.033140175949,13064.519914677565,15623.58977735557,17240.86121406742,52352.81783681197,97660.38854091402,9939.402773612152,13086.72034054083,15661.63104808845,17300.719307751748,52539.10273171781,98201.00770811568,9936.22168874086,13089.887963107054,15655.282348280329,17310.21694120893,52539.07033420919,98083.96369631524,0.0,0.0,0.0,0.0,0.0,0.0,0.0,0.0,0.0,0.0,0.0,0.0,0.0,0.0,0.0,0.0,0.0,0.0,0.0,0.0,0.0,0.0,0.0,0.0,0.0,0.0,0.0,0.0,0.0,0.0,0.0,0.0,0.0,0.0,0.0,0.0,0.0
"127,157",778.6523188412391,0.0,0.0,0.0,0.0,0.0,0.0,0.0,0.0,0.0,0.0,1520.0595718580134,2561.3852293734462,3071.373242263233,3551.3241130286574,11760.02691162427,33928.07999609312,1523.2273997026332,2564.553750062457,3096.7136613172643,3570.9348027145165,11820.307419085972,34421.9694574889,1526.3961797910579,2581.2265201652754,3131.717811977162,3584.2893787084845,11934.64004540163,35309.67951954954,1535.894073124493,2600.2344776237715,3144.3851691835066,3584.289774483326,11956.059386108436,35546.67583291297,1545.3959568696864,2597.065523012947,3138.053539430394,3598.9091129630224,11937.056748006858,35606.69317254834,0.0,0.0,0.0,0.0,0.0,0.0,0.0,0.0,0.0,0.0,0.0,0.0,0.0,0.0,0.0,0.0,0.0,0.0,0.0,0.0,0.0,0.0,0.0,0.0,0.0,0.0,0.0,0.0,0.0,0.0,0.0,0.0,0.0,0.0,0.0,0.0,0.0
"92,158",2008.1922921092785,0.0,0.0,0.0,0.0,0.0,0.0,0.0,0.0,0.0,0.0,2000.7067963422514,292.9624740684734,48.513349771499634,25.8754141330719,42.047086000442505,12.938181638717651,2084.7947153390623,325.3041791523204,58.21731114387512,25.8754141330719,42.047086000442505,12.938181638717651,2333.8188692868926,360.8802539909587,67.9205801486969,25.8754141330719,45.28133535385132,12.938181638717651,3350.709085038129,456.51172389236154,87.3261284828186,38.81244397163391,54.984609603881836,16.172321557998657,3677.357360175077,492.0879358216828,93.79433727264404,38.81244397163391,58.21886444091797,16.172321557998657,0.0,0.0,0.0,0.0,0.0,0.0,0.0,0.0,0.0,0.0,0.0,0.0,0.0,0.0,0.0,0.0,0.0,0.0,0.0,0.0,0.0,0.0,0.0,0.0,0.0,0.0,0.0,0.0,0.0,0.0,0.0,0.0,0.0,0.0,0.0,0.0,0.0
"93,158",2504.4952929404612,0.0,0.0,0.0,0.0,0.0,0.0,0.0,0.0,0.0,0.0,333.30744671821594,16.18006443977356,0.0,0.0,0.0,0.0,349.48618936538696,16.18006443977356,0.0,0.0,0.0,0.0,378.60944652557373,19.415870189666748,0.0,0.0,0.0,0.0,385.0803322792053,22.652137279510498,0.0,0.0,0.0,0.0,423.9111592769623,22.652137279510498,0.0,0.0,0.0,0.0,0.0,0.0,0.0,0.0,0.0,0.0,0.0,0.0,0.0,0.0,0.0,0.0,0.0,0.0,0.0,0.0,0.0,0.0,0.0,0.0,0.0,0.0,0.0,0.0,0.0,0.0,0.0,0.0,0.0,0.0,0.0,0.0,0.0,0.0,0.0,0.0,0.0
"94,158",2505.4203854068905,0.0,0.0,0.0,0.0,0.0,0.0,0.0,0.0,0.0,0.0,868.9937274923511,48.560945987701416,0.0,0.0,0.0,0.0,861.8073737322115,45.32301306724548,0.0,0.0,0.0,0.0,1035.5554760437385,35.611400842666626,0.0,0.0,0.0,0.0,1228.7246362947951,45.322954416275024,0.0,0.0,0.0,0.0,1271.5266652658875,45.32306408882141,0.0,0.0,0.0,0.0,0.0,0.0,0.0,0.0,0.0,0.0,0.0,0.0,0.0,0.0,0.0,0.0,0.0,0.0,0.0,0.0,0.0,0.0,0.0,0.0,0.0,0.0,0.0,0.0,0.0,0.0,0.0,0.0,0.0,0.0,0.0,0.0,0.0,0.0,0.0,0.0,0.0
"95,158",2506.1917858610495,0.0,0.0,0.0,0.0,0.0,0.0,0.0,0.0,0.0,0.0,909.9125067860473,25.901988983154297,0.0,0.0,0.0,0.0,920.3429995022567,25.901988983154297,0.0,0.0,0.0,0.0,1208.2676703827055,32.37812256813049,0.0,0.0,0.0,0.0,1482.4242878212647,29.14056706428528,0.0,0.0,0.0,0.0,1581.9609944857805,25.90263295173645,0.0,0.0,0.0,0.0,0.0,0.0,0.0,0.0,0.0,0.0,0.0,0.0,0.0,0.0,0.0,0.0,0.0,0.0,0.0,0.0,0.0,0.0,0.0,0.0,0.0,0.0,0.0,0.0,0.0,0.0,0.0,0.0,0.0,0.0,0.0,0.0,0.0,0.0,0.0,0.0,0.0
"96,158",2506.8092272312106,0.0,0.0,0.0,0.0,0.0,0.0,0.0,0.0,0.0,0.0,3005.211741997214,42.1022002696991,0.0,0.0,0.0,0.0,2845.085495321424,32.38634133338928,0.0,0.0,0.0,0.0,3522.3166016690866,45.34136986732483,0.0,0.0,0.0,0.0,3702.5703468294696,51.81882619857788,0.0,0.0,0.0,0.0,3954.0779395888826,42.103025913238525,0.0,0.0,0.0,0.0,0.0,0.0,0.0,0.0,0.0,0.0,0.0,0.0,0.0,0.0,0.0,0.0,0.0,0.0,0.0,0.0,0.0,0.0,0.0,0.0,0.0,0.0,0.0,0.0,0.0,0.0,0.0,0.0,0.0,0.0,0.0,0.0,0.0,0.0,0.0,0.0,0.0
"97,158",2507.272495623356,0.0,0.0,0.0,0.0,0.0,0.0,0.0,0.0,0.0,0.0,30044.025412755855,4245.6715860731465,1019.629379528644,101.53221998214721,82.43790704783271,19.437532424926758,34719.09860210979,4393.2170594215395,1045.863603771434,109.45967965967515,93.60497005967532,19.437532424926758,36641.872220973404,4657.070516224469,1098.4207427249235,115.93882351763108,93.60494812516605,19.437532424926758,39196.353985713504,4947.881759614572,1160.6967945183023,116.66300300429849,103.32367094544803,12.958346605300903,43275.57891899931,5306.810400522457,1252.1288454420426,119.9025662309983,116.28195222405826,12.958346605300903,0.0,0.0,0.0,0.0,0.0,0.0,0.0,0.0,0.0,0.0,0.0,0.0,0.0,0.0,0.0,0.0,0.0,0.0,0.0,0.0,0.0,0.0,0.0,0.0,0.0,0.0,0.0,0.0,0.0,0.0,0.0,0.0,0.0,0.0,0.0,0.0,0.0
"98,158",2507.5814304788023,0.0,0.0,0.0,0.0,0.0,0.0,0.0,0.0,0.0,0.0,32804.158160387306,66559.971878221,21553.30430211553,3993.564726949205,2739.436173915863,1098.7093402974747,33807.33505574488,69774.44324254616,22392.878185098314,4120.090515301274,2754.1857912400187,1085.7498802774094,34496.17047795221,71208.9856691239,22725.43574824427,4172.331140226476,2699.9210258811127,1043.6323778264664,35003.4410647037,72423.0191627493,22928.813927045525,4145.689631905275,2683.722566494287,1014.474983178868,35625.47666250491,73811.50830672115,23333.056348453785,4268.8008072525845,2719.3607560485016,1007.9954499833724,0.0,0.0,0.0,0.0,0.0,0.0,0.0,0.0,0.0,0.0,0.0,0.0,0.0,0.0,0.0,0.0,0.0,0.0,0.0,0.0,0.0,0.0,0.0,0.0,0.0,0.0,0.0,0.0,0.0,0.0,0.0,0.0,0.0,0.0,0.0,0.0,0.0
"99,158",2507.73592469271,0.0,0.0,0.0,0.0,3.239980697631836,0.0,0.0,0.0,0.0,3.239980697631836,18639.204595510633,38410.32631190618,17055.231013976823,4385.72301604888,1577.390285542432,317.51299476623535,19031.96732082367,39970.84605036343,17764.838958520515,4544.876346011255,1628.506435206357,314.273175239563,19833.152024294348,42212.899512700475,18627.167503983364,4764.471256632898,1670.6267724542056,317.51318073272705,21880.03153819664,46999.716793041596,20671.595357567654,5179.913298983667,1784.0261476544772,323.9931149482727,22997.262813728,49554.07826909831,22155.417315832776,5520.111730952356,1881.2256172208224,317.5132145881653,0.0,0.0,0.0,0.0,0.0,0.0,0.0,0.0,0.0,0.0,0.0,0.0,0.0,0.0,0.0,0.0,0.0,0.0,0.0,0.0,0.0,0.0,0.0,0.0,0.0,0.0,0.0,0.0,0.0,0.0,0.0,0.0,0.0,3.239980697631836,0.0,0.0,0.0
"100,158",2507.7359246926917,0.0,0.0,0.0,0.0,0.0,0.0,0.0,0.0,0.0,0.0,28391.392278378615,50928.3686624125,17841.294024893818,4564.309527497198,2144.5125754253536,686.4465520914863,31146.52724491194,56500.73585439478,20423.230215877647,5095.664390664007,2384.9933467285305,748.3479983470019,32349.25768995472,58656.08898387798,21430.9224494691,5302.120592509064,2514.1859163620893,737.1796107712914,33906.768320119154,61076.57215209568,22422.744262802837,5563.83383623198,2618.6658827136544,750.1392417374778,36420.9849288314,64507.50838237182,23276.446495775144,5795.499888036766,2686.705519325593,753.3793089810539,0.0,0.0,0.0,0.0,0.0,0.0,0.0,0.0,0.0,0.0,0.0,0.0,0.0,0.0,0.0,0.0,0.0,0.0,0.0,0.0,0.0,0.0,0.0,0.0,0.0,0.0,0.0,0.0,0.0,0.0,0.0,0.0,0.0,0.0,0.0,0.0,0.0
"101,158",2507.581430478849,0.0,3.23974347114563,0.0,0.0,0.0,0.0,3.23974347114563,0.0,0.0,0.0,30527.20381633534,59654.55878882781,14928.470225580999,3102.5572361263576,2108.2552700323217,915.1543098131815,33920.6156713037,66755.93859939388,16797.332741598988,3458.1203509957186,2330.5802049580743,1062.597473454008,35572.85472052332,70209.07285898899,17457.247571702093,3618.4842128912614,2405.0952298585107,1080.233430931615,38253.463565253274,74156.19152311435,18185.666734452345,3772.354618152918,2524.968402856939,1091.9734612427508,41329.648537577836,79159.34321792358,19011.593225110744,3888.8348514098752,2589.7660379353692,1079.0136636219775,0.0,0.0,0.0,0.0,0.0,0.0,0.0,0.0,0.0,0.0,0.0,0.0,0.0,0.0,3.23974347114563,0.0,0.0,0.0,0.0,0.0,0.0,0.0,0.0,0.0,0.0,0.0,0.0,0.0,0.0,0.0,0.0,0.0,0.0,0.0,0.0,0.0,0.0
"102,158",2496.453174030425,3.239511489868164,3.2392075061798096,12.957201480865479,12.957414388656616,3.5948934947743134,3.239511489868164,3.2392075061798096,12.957201480865479,12.957414388656616,3.5948934947743134,108658.88130770104,43582.00507636164,8171.5756137539365,1204.6887872209738,424.37269830703735,55.07206058502197,111773.55195359436,46650.16457312248,8838.406077077343,1360.1825444688984,476.20556712150574,55.072062492370605,115512.0274402179,49667.71917052736,9398.81043528482,1418.4905133238026,515.0793840885162,55.072030544281006,118288.22200000988,52924.0310167163,10066.502396045013,1463.8415250768849,550.7141823768616,70.05018699589897,119911.40124093037,54806.39211693277,10397.995073097829,1537.2679185063234,585.128449863546,73.28974235478569,0.0,0.0,0.0,0.0,0.0,0.0,0.0,0.0,3.239511489868164,0.0,0.0,0.0,0.0,3.2392075061798096,0.0,0.0,0.0,0.0,0.0,9.717867612838745,3.2393338680267334,0.0,0.0,0.0,0.0,6.47862434387207,6.478790044784546,0.0,0.0,0.0,0.0,3.5948934947743134,0.0,0.0,0.0,0.0,0.0
"103,158",2449.5356017957233,0.0,0.0,3.2388792037963867,6.47816014289856,15.839475354026344,0.0,0.0,3.2388792037963867,6.47816014289856,15.839475354026344,77718.64691281506,73516.76005955866,15188.380145467494,2770.9154087552834,1455.0459423925363,109.21287766718396,78596.9688286959,75132.08552673284,15528.462268873289,2822.736107016545,1490.6990876468958,109.21287766718396,80756.14959274835,77815.84811503092,16023.981509491041,2874.5563606271558,1490.6989512714686,112.45145717882643,82755.28989380854,80307.81675486284,16548.81964039148,2913.8293005644105,1448.1893483909905,105.97419277452954,84516.83084280443,82613.77930033627,17275.532835987502,2988.322817247989,1500.011351993972,102.73528472208508,0.0,0.0,0.0,0.0,0.0,0.0,0.0,0.0,0.0,0.0,0.0,0.0,0.0,0.0,0.0,0.0,0.0,0.0,0.0,3.2388792037963867,0.0,0.0,0.0,0.0,0.0,6.47816014289856,0.0,0.0,0.0,0.0,0.0,12.600387772391823,3.2390875816345215,0.0,0.0,0.0,0.0
"104,158",2483.3429486398354,0.0,0.0,0.0,0.0,0.0,0.0,0.0,0.0,0.0,0.0,63253.66919600542,72979.36354661362,13955.443075499814,2796.4596028963724,1650.8429952546662,350.08123515072987,64120.91444542267,74286.27582228697,14301.01455689505,2849.344099664688,1650.8426512166566,340.3683509630315,66007.16745680266,75845.87024006658,14653.5461176358,2897.7723634560903,1644.3675692960328,330.65460393849537,67933.62260766215,77833.93002285958,14969.615880858662,2931.2261940161384,1602.273631660611,333.89227388325855,69436.58648365992,79856.38350762946,15331.83672024035,2947.4143024603522,1560.1821249410218,332.67338154456195,0.0,0.0,0.0,0.0,0.0,0.0,0.0,0.0,0.0,0.0,0.0,0.0,0.0,0.0,0.0,0.0,0.0,0.0,0.0,0.0,0.0,0.0,0.0,0.0,0.0,0.0,0.0,0.0,0.0,0.0,0.0,0.0,0.0,0.0,0.0,0.0,0.0
"105,158",2505.4203854068824,0.0,3.237445831298828,0.0,0.0,0.0,0.0,3.237445831298828,0.0,0.0,0.0,44288.90341868027,89916.50677636465,23706.219186454666,5561.055916328057,3632.5410893683343,2354.568940481485,44951.030318601464,91119.42957788917,24000.573795292432,5593.579363039428,3660.458639230915,2341.6264830439695,45766.72782669816,92353.21092918808,24360.675640475525,5681.929789957346,3686.355842437931,2393.4164715617308,46663.686762351615,94191.60584511663,24745.09300788899,5635.546791462805,3644.275355901905,2409.5993295519957,47872.361101103765,96358.85124029926,25198.282553461493,5688.7750404731905,3650.7530804540597,2399.889038643182,0.0,0.0,0.0,0.0,0.0,0.0,0.0,0.0,0.0,0.0,0.0,0.0,0.0,3.237445831298828,0.0,0.0,0.0,0.0,0.0,0.0,0.0,0.0,0.0,0.0,0.0,0.0,0.0,0.0,0.0,0.0,0.0,0.0,0.0,0.0,0.0,0.0,0.0
"106,158",2504.495292940404,0.0,0.0,0.0,0.0,0.0,0.0,0.0,0.0,0.0,0.0,52315.4359927458,98575.53810903139,21030.016047574023,5109.159653640262,5800.725211657729,4308.116002813975,53493.85815584052,100749.96836137213,21384.46345478974,5160.919793105593,5864.211230452855,4353.806072723164,54141.239284628515,101585.24130475384,21530.067490222405,5219.158937192432,5912.743303712208,4415.280490648045,54893.625159746996,102554.48803141539,21698.314020278405,5255.968263504553,5932.152440484364,4470.281698238148,55933.62699860778,103681.94103941356,21893.18757697928,5296.585159690708,5992.410557029762,4538.230254899754,0.0,0.0,0.0,0.0,0.0,0.0,0.0,0.0,0.0,0.0,0.0,0.0,0.0,0.0,0.0,0.0,0.0,0.0,0.0,0.0,0.0,0.0,0.0,0.0,0.0,0.0,0.0,0.0,0.0,0.0,0.0,0.0,0.0,0.0,0.0,0.0,0.0
"107,158",2450.7902805213585,0.0,3.2341980934143066,0.0,0.0,0.0,0.0,3.2341980934143066,0.0,0.0,0.0,59584.74722054332,98831.31687979135,22972.188334441653,2690.801946884978,1837.3332858225876,1330.5707644406486,60559.25868281103,100229.85077500528,23281.974150665133,2749.024807698119,1869.6812093398148,1333.8040141049553,61048.9304303777,101049.66902145029,23500.70726563136,2797.5433516567828,1885.8556795260483,1353.2136711064506,61576.84174508114,101618.70928632883,23659.201862351103,2813.7161614960314,1889.0904011866623,1366.152858871572,62047.46247545504,102156.9407553149,23781.39186542081,2833.1249229973437,1924.6722788950974,1379.0918647233177,0.0,0.0,0.0,0.0,0.0,0.0,0.0,0.0,0.0,0.0,0.0,0.0,0.0,0.0,3.2341980934143066,0.0,0.0,0.0,0.0,0.0,0.0,0.0,0.0,0.0,0.0,0.0,0.0,0.0,0.0,0.0,0.0,0.0,0.0,0.0,0.0,0.0,0.0
"108,158",2445.834791290109,0.0,12.928521633148193,0.0,6.464484930038452,9.696353435516357,0.0,12.928521633148193,0.0,6.464484930038452,9.696353435516357,91152.6150316229,77480.49429209653,17881.704469434888,2721.618548665327,1093.3886068250617,54.94985866546631,91917.60992885384,78135.4299245479,18038.90083702592,2741.0119729378644,1096.6205497171363,51.71767616271973,92207.97728698861,78131.47671378452,18077.62595299085,2753.5229212199943,1096.620492735096,54.950035572052,92619.8083205597,78408.1851449396,18161.761276583577,2811.71820027501,1119.2463539030036,54.949877977371216,93080.70443944092,78686.69303712939,18152.065557818318,2792.32340056569,1106.3170047189674,54.949877977371216,0.0,0.0,0.0,0.0,0.0,0.0,0.0,0.0,0.0,0.0,0.0,0.0,0.0,3.2324717044830322,6.464077949523926,3.2319719791412354,0.0,0.0,0.0,0.0,0.0,0.0,0.0,0.0,0.0,0.0,6.464484930038452,0.0,0.0,0.0,0.0,6.463975429534912,3.2323780059814453,0.0,0.0,0.0,0.0
"109,158",2500.8013274439554,61.376089572906494,651.790922277114,136.41855128512663,800.5944308617536,799.4312570553199,58.14572095870972,648.5592228104086,136.41855128512663,785.8879090898178,799.4312570553199,63607.597618947315,101524.06044056184,26991.909376023796,4917.404058737849,2221.032345044379,137.72307713452506,64144.50711241236,102255.582716767,27206.049039633137,4988.483842654322,2263.042839514975,134.49208124104666,64357.34709779796,102413.38142954322,27277.54821803617,4969.098537249659,2254.5654463422065,137.72412212315726,64600.26064026496,102871.13332803111,27439.000854074253,5024.020302815531,2256.581068742041,140.95524270955252,64489.02004648377,102702.3444570532,27403.351631307603,5031.931274566463,2251.3362743845173,140.95524270955252,12.921324968338013,77.52683186531067,16.150760650634766,0.0,0.0,0.0,106.59891748428345,25.842361450195312,22.61223268508911,9.691126823425293,0.0,0.0,0.0,156.85742022850934,410.94280323421253,80.75899934768677,0.0,0.0,0.0,28.033617791007547,79.31384088852826,25.841014623641968,3.2300779819488525,0.0,0.0,232.57760643959045,409.47357975735383,132.36052051431992,11.476202378553502,0.0,0.0,234.77015395257988,396.6910403700436,132.4383556842804,35.53170704841614,0.0,0.0
"110,158",2499.2651934929863,410.50430374986985,728.5749893899057,227.72424473295024,652.6958916673473,654.0349816266229,395.57256960027354,670.4377642388437,218.03431143293193,631.8846908784379,644.3453027192285,56741.40713760807,87289.88915388631,29028.46246927111,6760.355969343933,5056.325746140759,1663.4293529314155,56580.215005798906,87200.00542380857,29032.76017180704,6695.778113518509,4991.7424629548,1660.2000600618476,57369.02148544462,88580.6501699588,29226.870730959195,6760.344253931793,5033.722991547864,1679.5753342796775,58490.26577140676,89898.58824793684,29472.277309861827,6792.629245911392,5014.343413911145,1688.043260936176,59133.32241513589,90701.53974747096,29633.15707397554,6800.885770886553,4936.8332668164185,1699.743021894904,992.6723432176254,711.2831854483661,109.80108189582825,16.146432399749756,0.0,0.0,1829.9030429615696,207.87615893588347,184.4664690578685,3.2299416065216064,0.0,0.0,0.0,338.916879010668,263.6919600954243,67.82892513275146,0.0,0.0,0.0,87.41716953913371,108.00873082011354,19.37843346595764,3.229977607727051,0.0,0.0,242.22705936431885,271.9911588594025,113.00595823549754,1.4313424278708065,3.2291719913482666,0.0,316.72201320236803,275.94980495303287,45.215900897979736,3.2288942337036133,3.228689432144165,0.0
"111,158",2497.577492304101,0.0,29.0479838848114,0.0,0.0,25.820627212524414,0.0,29.0479838848114,0.0,0.0,25.820627212524414,36885.73449811187,63861.31275796797,38070.87401545188,16755.222602280446,14892.470179033278,5710.018017739876,37357.273210311396,64638.33035852302,38337.848011012175,16787.490549715825,14772.741489395441,5700.350266904457,38094.6744535175,65700.13720123816,38605.28673045496,16827.43717986836,14759.124658734192,5706.453902310951,39051.9885288678,66587.59477342905,38775.12496452052,16837.1223037888,14642.976076990952,5740.723034142514,39642.48891653641,67122.1523197034,38906.59881402184,16871.396882727568,14499.795062997295,5645.582074346729,0.0,0.0,0.0,0.0,0.0,0.0,0.0,0.0,0.0,0.0,0.0,0.0,0.0,25.82052254676819,3.227461338043213,0.0,0.0,0.0,0.0,0.0,0.0,0.0,0.0,0.0,0.0,0.0,0.0,0.0,0.0,0.0,0.0,22.593037843704224,3.2275893688201904,0.0,0.0,0.0,0.0
"112,158",2495.7388045239477,0.0,0.0,0.0,0.0,9.67213225364685,0.0,0.0,0.0,0.0,9.67213225364685,23706.048901862723,31284.471812438966,29208.326387854184,19107.200843378145,19852.581634982427,7026.090619777229,23897.013739704616,31407.06609172821,29372.404249444662,19144.25133406976,19787.624989096323,6995.040306949615,24710.89225119423,32237.01515089484,29600.16344096801,19178.536936815115,19725.908646994012,7053.431285905837,25784.692546607002,33000.74708580691,29922.54707887313,19267.197340359413,19731.10139076102,7075.992271232604,27101.618244301113,33791.13202398151,30305.372088167715,19289.330655512156,19319.561867153883,6908.25809299151,0.0,0.0,0.0,0.0,0.0,0.0,0.0,0.0,0.0,0.0,0.0,0.0,0.0,0.0,0.0,0.0,0.0,0.0,0.0,0.0,0.0,0.0,0.0,0.0,0.0,0.0,0.0,0.0,0.0,0.0,0.0,6.44819974899292,3.2239325046539307,0.0,0.0,0.0,0.0
"113,158",2493.6159930738754,0.0,0.0,0.0,0.0,0.0,0.0,0.0,0.0,0.0,0.0,23584.361359746785,48758.78564024439,49533.198175472375,27069.20422122339,20379.39478006737,1689.847288725423,24015.727587274476,49096.11417230157,49775.7958308622,27177.56715701889,20453.514015344546,1686.6281148171893,24278.457970505133,49189.14217916656,49481.70369147039,27086.092369792048,20315.314144689895,1683.4073859429827,24625.370870317198,49644.069991122975,49651.81887122043,27153.754429099146,20318.539306003906,1693.0705515122881,25106.195688308453,50192.82659641154,49886.65461059926,27240.731163260523,20343.236538568195,1686.6269241548052,0.0,0.0,0.0,0.0,0.0,0.0,0.0,0.0,0.0,0.0,0.0,0.0,0.0,0.0,0.0,0.0,0.0,0.0,0.0,0.0,0.0,0.0,0.0,0.0,0.0,0.0,0.0,0.0,0.0,0.0,0.0,0.0,0.0,0.0,0.0,0.0,0.0
"114,158",2491.601788241515,0.0,0.0,0.0,0.0,0.0,0.0,0.0,0.0,0.0,0.0,22192.30761040706,46150.51353296766,44858.913482692195,27424.540034082827,19189.889354446823,3431.925187444687,22272.797854582463,46165.14301039938,44931.815766687934,27430.99461319774,19186.471376831392,3454.454028701782,22679.39521650052,46413.6256690577,45065.43672892999,27390.36388981389,19031.940566580906,3444.790488100052,22809.174949002732,46523.36566914203,45087.81519626261,27319.078192195706,18951.437898915425,3438.3577905654906,22910.033669453973,46795.096490490665,45240.69808648613,27371.781951274126,18939.213009101273,3425.4770027160644,0.0,0.0,0.0,0.0,0.0,0.0,0.0,0.0,0.0,0.0,0.0,0.0,0.0,0.0,0.0,0.0,0.0,0.0,0.0,0.0,0.0,0.0,0.0,0.0,0.0,0.0,0.0,0.0,0.0,0.0,0.0,0.0,0.0,0.0,0.0,0.0,0.0
"115,158",2489.31419247356,0.0,28.94072675704956,3.216162919998169,0.0,0.0,0.0,25.724596977233887,3.216162919998169,0.0,0.0,27394.890344498206,43759.58861745292,38663.906377612846,30167.169628109652,32970.10999533055,6025.866999575671,27468.823282120276,43896.851562029704,38940.957171190494,30411.5058175115,33185.71109057781,6074.102378794726,27584.604707119513,44237.042832583065,39137.818775272375,30564.786653524287,33389.50688798474,6116.617543616014,27626.422309038688,44406.356831990975,39227.674698468756,30551.204025546245,33313.73040086428,6126.977425516353,27688.597065989175,44573.22776269913,39291.539059043396,30600.873505067826,33313.880110267564,6137.347068750157,0.0,0.0,0.0,0.0,0.0,0.0,0.0,0.0,0.0,0.0,0.0,0.0,0.0,3.21520733833313,9.648123979568481,6.431493282318115,3.215027332305908,3.214745044708252,0.0,0.0,3.216162919998169,0.0,0.0,0.0,0.0,0.0,0.0,0.0,0.0,0.0,0.0,0.0,0.0,0.0,0.0,0.0,0.0
"116,158",2486.878441434279,0.0,38.553377628326416,3.212383508682251,9.638262271881104,0.0,0.0,38.553377628326416,3.212383508682251,9.638262271881104,0.0,15784.82537171794,32678.545750136473,37047.1484753721,27604.412865764018,36646.73932950449,11560.20976410473,16000.112427925596,33100.124203346284,37634.02205308747,27959.954481122073,37118.37728721955,11626.493147847232,16202.518166517744,33442.615562683925,37914.11346902193,28182.35771700728,37436.96527540356,11655.918434143066,16494.83248279048,33835.10609063074,38206.6958832423,28357.44065466301,37754.06970058422,11769.680756097681,16746.67175108218,34012.57423459315,38432.035344041564,28514.690880453818,38009.43227466134,11826.829860432006,0.0,0.0,0.0,0.0,0.0,0.0,0.0,0.0,0.0,0.0,0.0,0.0,0.0,0.0,16.061835050582886,6.424778938293457,9.639023542404175,3.214301824569702,3.2134382724761963,0.0,0.0,3.212383508682251,0.0,0.0,0.0,3.2135424613952637,0.0,6.42471981048584,0.0,0.0,0.0,0.0,0.0,0.0,0.0,0.0,0.0
"117,158",2484.2953656424247,0.0,0.0,0.0,0.0,0.0,0.0,0.0,0.0,0.0,0.0,13329.779987387565,35770.902398793834,39089.960590867435,26636.594088458078,24828.984674491134,5044.6802050094975,13573.681050883086,36209.88238783724,39409.97318778878,26856.79813983207,25088.136443036212,5063.533230646919,13634.647262299293,36219.47861296149,39388.701325060334,26834.833622681865,24993.039037351984,5089.210289105247,13710.551051854152,36395.98880893202,39430.40909207007,26956.083738979643,25037.56832596181,5136.618587440604,13781.068146126876,36537.58508220093,39503.806692718055,27000.455565106637,25027.52516226394,5108.132592238633,0.0,0.0,0.0,0.0,0.0,0.0,0.0,0.0,0.0,0.0,0.0,0.0,0.0,0.0,0.0,0.0,0.0,0.0,0.0,0.0,0.0,0.0,0.0,0.0,0.0,0.0,0.0,0.0,0.0,0.0,0.0,0.0,0.0,0.0,0.0,0.0,0.0
"118,158",2481.5658439181184,0.0,0.0,0.0,0.0,0.0,0.0,0.0,0.0,0.0,0.0,23308.552534531616,35465.96698873838,15524.792711736642,3965.4784624585914,2664.830339299931,835.8255853933447,25371.067737501744,38205.35810789221,16658.35333336755,4077.384489942064,2697.996246431388,877.5033459943884,27001.75620769426,39332.383842846924,16832.573998869168,4148.637995460922,2717.2248018722908,867.8825121206396,28202.036945193424,40436.00970097149,17054.171258031623,4219.876116782544,2806.9760023098365,887.8404144707847,29831.357485157834,41232.70705712729,17140.164718813056,4219.873429791132,2799.3601370091533,897.4644019070793,0.0,0.0,0.0,0.0,0.0,0.0,0.0,0.0,0.0,0.0,0.0,0.0,0.0,0.0,0.0,0.0,0.0,0.0,0.0,0.0,0.0,0.0,0.0,0.0,0.0,0.0,0.0,0.0,0.0,0.0,0.0,0.0,0.0,0.0,0.0,0.0,0.0
"119,158",2478.6908027302106,0.0,0.0,0.0,0.0,0.0,0.0,0.0,0.0,0.0,0.0,33102.681718440144,47111.57989328141,26945.057519643444,10874.235999723509,8614.744306288514,2218.266514046052,33583.15495128445,47770.724119720275,27385.683498118906,11106.92113922811,8804.592616396325,2247.091652138093,33902.54724841399,47966.76698297519,27527.663658888203,11138.940741765266,8839.839697437661,2247.096772415498,34860.569984838075,48970.73997707555,27752.8457179322,11231.821882712607,8896.27185313655,2288.735340578416,35137.62224706201,49156.937375631525,27852.711620716025,11291.265773195379,8928.297465013991,2307.9533645938427,0.0,0.0,0.0,0.0,0.0,0.0,0.0,0.0,0.0,0.0,0.0,0.0,0.0,0.0,0.0,0.0,0.0,0.0,0.0,0.0,0.0,0.0,0.0,0.0,0.0,0.0,0.0,0.0,0.0,0.0,0.0,0.0,0.0,0.0,0.0,0.0,0.0
"120,158",2475.6712155287105,0.0,0.0,0.0,0.0,0.0,0.0,0.0,0.0,0.0,0.0,43267.447843988266,68648.3908752488,40963.96135544029,15652.6398750006,10119.722943215276,3200.4542786897396,45014.17965729564,70838.5393943422,42130.64298409387,16152.96518405746,10443.830675539313,3289.633069240346,45246.08453780904,71187.24474199612,42230.892066367465,16142.98638997826,10524.968482257806,3296.784881023332,46181.16872780369,72010.31035306874,42514.72946541636,16272.090934415892,10631.259342307669,3316.319672909905,46393.90135683452,72182.96354175829,42473.55183760699,16246.522742038613,10547.323902727574,3287.545407859017,0.0,0.0,0.0,0.0,0.0,0.0,0.0,0.0,0.0,0.0,0.0,0.0,0.0,0.0,0.0,0.0,0.0,0.0,0.0,0.0,0.0,0.0,0.0,0.0,0.0,0.0,0.0,0.0,0.0,0.0,0.0,0.0,0.0,0.0,0.0,0.0,0.0
"121,158",2472.5081020292855,0.0,0.0,0.0,0.0,0.0,0.0,0.0,0.0,0.0,0.0,4488.438389615452,9838.393752205606,13809.317816989562,11515.606246072171,10148.909455178768,3143.4423208591993,4583.95097769569,9967.770287483812,14064.445439100266,11710.113953887714,10305.519389893027,3140.6050749367364,4596.7299107439385,10022.510276827157,14125.173311684175,11694.161740600362,10411.300856082582,3149.8404603359754,4644.660316837536,10154.331689443774,14136.549344631267,11713.776861241286,10484.043216356577,3239.356394576092,4638.291627062069,10152.48936657064,14053.182949912316,11573.260662263048,10372.318890461267,3274.517712162991,0.0,0.0,0.0,0.0,0.0,0.0,0.0,0.0,0.0,0.0,0.0,0.0,0.0,0.0,0.0,0.0,0.0,0.0,0.0,0.0,0.0,0.0,0.0,0.0,0.0,0.0,0.0,0.0,0.0,0.0,0.0,0.0,0.0,0.0,0.0,0.0,0.0
"122,158",2469.20252746895,0.0,0.0,0.0,0.0,0.0,0.0,0.0,0.0,0.0,0.0,1667.2226359844208,3280.027921155855,5134.000193486494,6445.327397115559,16172.47468733507,10317.764095094157,1702.661467257668,3461.851682857439,5274.372064242643,6675.413615257601,17001.145798469992,10892.843083365759,1756.8887736236347,3532.0385267295087,5384.9557958939495,6854.439349516701,17495.13034511267,11347.389072867936,1830.2553707992329,3678.7514752902234,5675.237301478666,7113.191738499848,18393.639661694506,12089.864736752417,1830.2299384509815,3768.451999307146,5763.622652558719,7272.376587909812,18724.08478380371,12366.560702091105,0.0,0.0,0.0,0.0,0.0,0.0,0.0,0.0,0.0,0.0,0.0,0.0,0.0,0.0,0.0,0.0,0.0,0.0,0.0,0.0,0.0,0.0,0.0,0.0,0.0,0.0,0.0,0.0,0.0,0.0,0.0,0.0,0.0,0.0,0.0,0.0,0.0
"123,158",2465.755601830439,0.0,0.0,0.0,0.0,0.0,0.0,0.0,0.0,0.0,0.0,3634.687649188322,7673.212565804463,10261.930520799113,12064.418687974707,36407.41775540838,46244.91548117282,3655.385386217342,7744.065492492564,10341.554659670473,12155.56289285772,36730.024616289134,46619.914148419506,3703.1594176180224,7861.929024558909,10363.845179741988,12265.047900134443,36919.573845240644,47130.285260677345,3734.9984500295977,7906.539621692546,10319.852749873142,12268.212660962461,36698.62365013384,47652.458179110174,3777.6151141334985,7963.87632189358,10384.840896181968,12342.49051786217,36928.702762902016,48126.97603349499,0.0,0.0,0.0,0.0,0.0,0.0,0.0,0.0,0.0,0.0,0.0,0.0,0.0,0.0,0.0,0.0,0.0,0.0,0.0,0.0,0.0,0.0,0.0,0.0,0.0,0.0,0.0,0.0,0.0,0.0,0.0,0.0,0.0,0.0,0.0,0.0,0.0
"124,158",2462.168479032983,0.0,0.0,0.0,0.0,0.0,0.0,0.0,0.0,0.0,0.0,4916.631563892552,8260.834324972304,10826.86221348912,12143.68544139862,37287.19277043249,65256.93676417668,4957.992248764225,8314.55039619932,10908.345971094393,12207.370683813095,37402.81382868897,65078.5855310253,4961.206022014805,8292.741275922926,10941.959167568355,12170.02151538157,37362.914151978024,64596.72714064356,5008.940806141087,8362.75371708122,11075.749624361713,12273.039033901925,37743.42711023629,65457.21438465959,5083.525336211335,8445.484153644711,11206.597948131373,12377.932030002745,38205.825427614465,66517.62200511764,0.0,0.0,0.0,0.0,0.0,0.0,0.0,0.0,0.0,0.0,0.0,0.0,0.0,0.0,0.0,0.0,0.0,0.0,0.0,0.0,0.0,0.0,0.0,0.0,0.0,0.0,0.0,0.0,0.0,0.0,0.0,0.0,0.0,0.0,0.0,0.0,0.0
"125,158",2458.4423560882483,0.0,0.0,0.0,0.0,0.0,0.0,0.0,0.0,0.0,0.0,17286.89806385601,17169.39060129184,18870.788418513654,20137.07346796055,55587.00391215436,82637.8542461386,17452.079009252433,17201.156096353716,18930.43011498919,20124.365705062828,55540.58808210317,82702.65776657684,17404.459653097038,17131.300669565386,18844.673949723154,20044.966978122673,55343.68094304029,82367.36954851057,17458.48219390476,17150.37679685611,18870.080031399637,20083.089049865685,55465.619139954615,82681.93903482101,17580.980476859033,17201.201746120638,18889.16010761729,20152.277765527426,55704.252123661594,83763.64081867163,0.0,0.0,0.0,0.0,0.0,0.0,0.0,0.0,0.0,0.0,0.0,0.0,0.0,0.0,0.0,0.0,0.0,0.0,0.0,0.0,0.0,0.0,0.0,0.0,0.0,0.0,0.0,0.0,0.0,0.0,0.0,0.0,0.0,0.0,0.0,0.0,0.0
"126,158",2454.5784722476865,0.0,0.0,0.0,0.0,0.0,0.0,0.0,0.0,0.0,0.0,6990.990554258869,11590.84761192565,15413.855873496861,16338.450295192117,50128.07702646536,94176.39670468592,7010.013329432057,11600.352968952704,15460.695283995423,16392.334307891244,50279.39607174724,94769.75074572094,7032.209008381413,11670.098918459464,15529.262682739893,16481.126255017633,50628.15976875997,96037.47717192407,7032.2045528150065,11698.647682211447,15589.52452427546,16591.737063678105,50925.93736844343,96632.68374632385,7041.709995672749,11708.156527540732,15589.5133963267,16610.751120122273,51074.92545395178,97094.92641704221,0.0,0.0,0.0,0.0,0.0,0.0,0.0,0.0,0.0,0.0,0.0,0.0,0.0,0.0,0.0,0.0,0.0,0.0,0.0,0.0,0.0,0.0,0.0,0.0,0.0,0.0,0.0,0.0,0.0,0.0,0.0,0.0,0.0,0.0,0.0,0.0,0.0
"127,158",848.0763784567697,0.0,0.0,0.0,0.0,0.0,0.0,0.0,0.0,0.0,0.0,2110.2820447491667,3606.648391872293,4501.166733113457,5155.138249473946,16602.264265502665,34146.64454509043,2135.6213024662993,3648.7766867665673,4530.379826200709,5208.979901152032,16754.30835577366,34553.76895214809,2135.6190508412383,3636.1060334233666,4587.39916957687,5272.322289543525,16950.144354705248,35195.23252716532,2135.6168881463072,3639.2734912423516,4596.902759206997,5284.992698269263,17051.295734556046,35509.731656460666,2138.7874425457976,3660.0401690099748,4612.741524589764,5288.152687149421,17106.342200300736,35754.26780188317,0.0,0.0,0.0,0.0,0.0,0.0,0.0,0.0,0.0,0.0,0.0,0.0,0.0,0.0,0.0,0.0,0.0,0.0,0.0,0.0,0.0,0.0,0.0,0.0,0.0,0.0,0.0,0.0,0.0,0.0,0.0,0.0,0.0,0.0,0.0,0.0,0.0
"92,159",1313.6824140742904,0.0,0.0,0.0,0.0,0.0,0.0,0.0,0.0,0.0,0.0,61.4566285610199,32.34488916397095,0.0,0.0,0.0,0.0,74.3949043750763,34.31091369367113,3.2346506118774414,0.0,0.0,0.0,77.62881422042847,34.31091369367113,3.2346506118774414,0.0,0.0,0.0,100.26997256278992,41.69302841541814,3.2346506118774414,0.0,0.0,0.0,106.73929810523987,41.69302841541814,3.2346506118774414,0.0,0.0,0.0,0.0,0.0,0.0,0.0,0.0,0.0,0.0,0.0,0.0,0.0,0.0,0.0,0.0,0.0,0.0,0.0,0.0,0.0,0.0,0.0,0.0,0.0,0.0,0.0,0.0,0.0,0.0,0.0,0.0,0.0,0.0,0.0,0.0,0.0,0.0,0.0,0.0
"93,159",2504.6541372585357,0.0,0.0,0.0,0.0,0.0,0.0,0.0,0.0,0.0,0.0,258.85893750190735,6.471708536148071,0.0,0.0,0.0,0.0,271.80179262161255,6.471708536148071,0.0,0.0,0.0,0.0,284.74293851852417,6.471708536148071,0.0,0.0,0.0,0.0,287.979784488678,6.471708536148071,0.0,0.0,0.0,0.0,330.0433340072632,6.471708536148071,0.0,0.0,0.0,0.0,0.0,0.0,0.0,0.0,0.0,0.0,0.0,0.0,0.0,0.0,0.0,0.0,0.0,0.0,0.0,0.0,0.0,0.0,0.0,0.0,0.0,0.0,0.0,0.0,0.0,0.0,0.0,0.0,0.0,0.0,0.0,0.0,0.0,0.0,0.0,0.0,0.0
"94,159",2505.579458982023,0.0,0.0,0.0,0.0,0.0,0.0,0.0,0.0,0.0,0.0,328.50876693071103,6.4736363887786865,0.0,0.0,0.0,0.0,328.5087159091351,6.4736363887786865,0.0,0.0,0.0,0.0,401.3333806552139,9.710769414901733,0.0,0.0,0.0,0.0,433.69899983780056,9.710769414901733,0.0,0.0,0.0,0.0,501.6746289290634,9.710769414901733,0.0,0.0,0.0,0.0,0.0,0.0,0.0,0.0,0.0,0.0,0.0,0.0,0.0,0.0,0.0,0.0,0.0,0.0,0.0,0.0,0.0,0.0,0.0,0.0,0.0,0.0,0.0,0.0,0.0,0.0,0.0,0.0,0.0,0.0,0.0,0.0,0.0,0.0,0.0,0.0,0.0
"95,159",2506.351052332013,0.0,0.0,0.0,0.0,0.0,0.0,0.0,0.0,0.0,0.0,330.7983360318577,0.0,0.0,0.0,0.0,0.0,324.3227405576145,0.0,0.0,0.0,0.0,0.0,359.93996310514564,0.0,0.0,0.0,0.0,0.0,366.41680932325477,0.0,0.0,0.0,0.0,0.0,357.91137590875815,0.0,0.0,0.0,0.0,0.0,0.0,0.0,0.0,0.0,0.0,0.0,0.0,0.0,0.0,0.0,0.0,0.0,0.0,0.0,0.0,0.0,0.0,0.0,0.0,0.0,0.0,0.0,0.0,0.0,0.0,0.0,0.0,0.0,0.0,0.0,0.0,0.0,0.0,0.0,0.0,0.0,0.0
"96,159",2506.968649232762,0.0,0.0,0.0,0.0,0.0,0.0,0.0,0.0,0.0,0.0,2483.5325507182697,22.673405170440674,0.0,0.0,0.0,0.0,2464.1008650321583,19.434322834014893,0.0,0.0,0.0,0.0,2559.8321553875417,22.673405170440674,0.0,0.0,0.0,0.0,2745.8854264278034,22.673405170440674,0.0,0.0,0.0,0.0,3102.16759147831,32.3898651599884,0.0,0.0,0.0,0.0,0.0,0.0,0.0,0.0,0.0,0.0,0.0,0.0,0.0,0.0,0.0,0.0,0.0,0.0,0.0,0.0,0.0,0.0,0.0,0.0,0.0,0.0,0.0,0.0,0.0,0.0,0.0,0.0,0.0,0.0,0.0,0.0,0.0,0.0,0.0,0.0,0.0
"97,159",2507.432034983209,0.0,0.0,0.0,0.0,0.0,0.0,0.0,0.0,0.0,0.0,8307.356285900229,71.26751661300659,6.479125022888184,0.0,0.0,0.0,9125.647981326721,71.26751661300659,6.479125022888184,0.0,0.0,0.0,10447.700838201186,79.19489713556626,6.479125022888184,0.0,0.0,0.0,11542.974811765258,82.43433161623338,6.479125022888184,0.0,0.0,0.0,13515.530348891836,88.91293211824754,6.479125022888184,0.0,0.0,0.0,0.0,0.0,0.0,0.0,0.0,0.0,0.0,0.0,0.0,0.0,0.0,0.0,0.0,0.0,0.0,0.0,0.0,0.0,0.0,0.0,0.0,0.0,0.0,0.0,0.0,0.0,0.0,0.0,0.0,0.0,0.0,0.0,0.0,0.0,0.0,0.0,0.0
"98,159",2507.7410484163465,0.0,0.0,0.0,0.0,0.0,0.0,0.0,0.0,0.0,0.0,44166.183003934224,45085.441868296795,10022.503057134854,1539.671049759435,643.0936066290911,165.22956466674805,44980.96507791071,46054.89023593173,10120.076000859692,1520.651138341193,669.011775412279,168.46946334838867,45757.53485560511,47256.19473231633,10286.511025368934,1502.837885094624,662.5316390177783,171.70904326438904,46788.74663565486,48545.242154154126,10702.843320739037,1543.3423993512697,701.4083890101489,174.94870257377625,48720.053144026744,49728.54104084595,11013.864030899722,1637.296884290845,724.0867544791278,174.94896364212036,0.0,0.0,0.0,0.0,0.0,0.0,0.0,0.0,0.0,0.0,0.0,0.0,0.0,0.0,0.0,0.0,0.0,0.0,0.0,0.0,0.0,0.0,0.0,0.0,0.0,0.0,0.0,0.0,0.0,0.0,0.0,0.0,0.0,0.0,0.0,0.0,0.0
"99,159",2507.8955820208603,0.0,0.0,0.0,0.0,42.11981821060181,0.0,0.0,0.0,0.0,25.91988444328308,27737.567963202793,45439.10390449785,13673.403271135629,3048.7787675128266,1782.4687434224522,265.6760859489441,29676.55504727364,48711.80332554836,14520.520947066476,3370.336829068614,1924.3039287118352,275.3959639072418,31124.564387684244,51323.644405638,15353.613114122316,3590.655416610194,2070.1033531217017,288.3558931350708,32749.15365625363,54535.599865903096,16186.43674863273,3759.1345380568036,2115.4630778817573,294.83586144447327,34267.15871962659,57346.75633917602,17267.443991466596,4186.812274577571,2316.3417378453646,301.3158755302429,0.0,0.0,0.0,0.0,0.0,0.0,0.0,0.0,0.0,0.0,0.0,0.0,0.0,0.0,0.0,0.0,0.0,0.0,0.0,0.0,0.0,0.0,0.0,0.0,0.0,0.0,0.0,0.0,0.0,0.0,0.0,0.0,16.19992470741272,9.719959735870361,0.0,0.0,0.0
"100,159",2507.8955820208485,0.0,0.0,0.0,0.0,0.0,0.0,0.0,0.0,0.0,0.0,17605.82697748951,38138.16536640934,16252.843030865983,3057.455338806264,926.0018400528852,231.63718372700262,20138.200414404215,43835.22746708533,18361.500837598123,3572.609318107717,1062.804118571562,238.1168575894599,22639.580444129304,48896.97967203832,20291.358814543368,4040.3561542679276,1189.1621190884534,257.5564878594642,24767.462838689953,53837.032646459695,22269.876606406415,4387.030729358336,1298.4941139352086,276.99617630360177,26094.222810027175,56560.12697157018,23171.649668160608,4549.612335022759,1411.8917279374366,302.91562825558236,0.0,0.0,0.0,0.0,0.0,0.0,0.0,0.0,0.0,0.0,0.0,0.0,0.0,0.0,0.0,0.0,0.0,0.0,0.0,0.0,0.0,0.0,0.0,0.0,0.0,0.0,0.0,0.0,0.0,0.0,0.0,0.0,0.0,0.0,0.0,0.0,0.0
"101,159",2497.0319581075423,0.0,9.719561576843262,9.719082355499268,12.958649635314941,16.198312759399414,0.0,0.0,3.2397844791412354,12.958649635314941,16.198312759399414,56132.43920715742,31200.052793581344,11152.13638139893,2886.7317822998652,2007.4921858787538,1269.161204880359,62243.031063562266,35706.13507205832,13007.906790994195,3325.3119022836877,2514.110354017744,1490.6758800394393,66501.70554100392,39006.538206906414,14219.419035999448,3632.6878152342406,2748.990378851984,1581.391328418956,68769.34161231376,41812.07305561982,15163.751592936236,3841.625301751904,2885.062103028391,1704.0983567611845,69927.80080262445,43942.42809064248,15710.088904088152,3914.516280511781,2920.700585599039,1687.8995290176542,0.0,0.0,0.0,0.0,0.0,0.0,0.0,0.0,0.0,0.0,0.0,0.0,0.0,0.0,0.0,0.0,0.0,0.0,0.0,3.2397844791412354,0.0,0.0,0.0,0.0,0.0,6.479270696640015,6.479378938674927,0.0,0.0,0.0,0.0,12.958675146102905,3.239637613296509,0.0,0.0,0.0,0.0
"102,159",2461.3856413827034,0.0,0.0,0.0,0.0,0.0,0.0,0.0,0.0,0.0,0.0,64940.321628276964,9425.546584915648,1926.7484418223885,472.4039319150588,142.54016709327698,22.67698049545288,68627.76984777076,10578.000181777805,2246.117667907827,592.2581499211929,197.61261463165283,22.67698049545288,72401.38674733219,12129.879802900201,2538.3572586312016,699.506256201688,210.57011198997498,25.916536331176758,75620.42997548907,13600.29158141753,2771.582377506705,809.6419678716098,246.20416378974915,43.32124023344002,76486.00529000619,14011.676834846943,2937.1381128956295,818.8122859795888,250.6502051259957,43.32124023344002,0.0,0.0,0.0,0.0,0.0,0.0,0.0,0.0,0.0,0.0,0.0,0.0,0.0,0.0,0.0,0.0,0.0,0.0,0.0,0.0,0.0,0.0,0.0,0.0,0.0,0.0,0.0,0.0,0.0,0.0,0.0,0.0,0.0,0.0,0.0,0.0,0.0
"103,159",2506.96864923282,0.0,0.0,0.0,0.0,3.2385218143463135,0.0,0.0,0.0,0.0,3.2385218143463135,27216.125553841677,42072.93603641005,34195.68195458954,15671.96640539076,8029.071279927796,1089.777575741562,28283.881197332863,44021.30523703893,35687.26849282489,15869.206491312329,7941.275157696594,1028.2429568870393,28792.779664206028,45073.792857990076,36063.214561133296,15898.026213329915,7738.889989606072,982.9022042854159,29623.71424375047,46784.97930646317,37244.39501602697,16109.45929521486,7712.982804051568,963.4710121257632,30763.53366031833,49335.90358819961,38997.84925919608,16815.848394493027,7947.777666167653,976.0701974354538,0.0,0.0,0.0,0.0,0.0,0.0,0.0,0.0,0.0,0.0,0.0,0.0,0.0,0.0,0.0,0.0,0.0,0.0,0.0,0.0,0.0,0.0,0.0,0.0,0.0,0.0,0.0,0.0,0.0,0.0,0.0,0.0,0.0,3.2385218143463135,0.0,0.0,0.0
"104,159",2506.3510523319774,0.0,3.2383217811584473,0.0,3.2382891178131104,0.0,0.0,3.2383217811584473,0.0,3.2382891178131104,0.0,52582.58879248581,59981.6642702486,28711.605778880214,10218.371843637206,6374.511867643805,1798.3617349877077,53498.60133290196,61257.13777542488,29379.475616698175,10529.589926826253,6556.205567637611,1811.316406847449,54118.115052693494,62219.22237314149,29806.658055801956,10731.564576811883,6646.874932328393,1788.6510945572572,55081.81775654812,63662.97519831283,30244.78867960724,10839.673148260865,6671.166648185955,1778.9383782162386,56451.79997568598,65498.688843514865,30910.521380981747,11078.931833692626,6778.022222667582,1799.9299583780999,0.0,0.0,0.0,0.0,0.0,0.0,0.0,0.0,0.0,0.0,0.0,0.0,0.0,0.0,3.2383217811584473,0.0,0.0,0.0,0.0,0.0,0.0,0.0,0.0,0.0,0.0,3.2382891178131104,0.0,0.0,0.0,0.0,0.0,0.0,0.0,0.0,0.0,0.0,0.0
"105,159",2505.5794589820152,0.0,0.0,0.0,0.0,0.0,0.0,0.0,0.0,0.0,0.0,47106.77644628076,81794.25009414073,26157.159734397774,4375.390627353332,1376.3783517407437,35.6106493473053,48763.78075594153,83415.45989103783,26448.704126860113,4393.606823792177,1347.0141859905393,32.37325477600098,50594.07863427704,85510.99397258197,26893.274300456516,4443.368810262868,1356.7242251293333,32.37325477600098,51792.97556408339,86889.7718917669,27015.47871341425,4399.119449252708,1295.2155593292387,33.98562607765198,53260.62480316629,88514.81374347629,27535.01650348738,4512.416997069939,1291.977398003784,30.748231506347658,0.0,0.0,0.0,0.0,0.0,0.0,0.0,0.0,0.0,0.0,0.0,0.0,0.0,0.0,0.0,0.0,0.0,0.0,0.0,0.0,0.0,0.0,0.0,0.0,0.0,0.0,0.0,0.0,0.0,0.0,0.0,0.0,0.0,0.0,0.0,0.0,0.0
"106,159",2504.6541372585125,0.0,0.0,0.0,119.73093557357788,45.30361843109131,0.0,0.0,0.0,100.31500196456909,19.415372610092163,54675.07973439365,75519.12091221155,25432.944969205295,7569.872187527488,6173.950088090523,3185.3162236466123,55354.584749363916,76254.46007470523,25771.249432517972,7637.821158799003,6161.142609440112,3222.5196671691597,56454.5027502303,77745.57357778269,26125.915451740755,7710.634683134975,6254.985914789462,3257.390479658164,57405.861062569704,79069.93135838509,26359.611331842454,7684.267247681523,6193.49939736011,3262.954861710118,58170.0443200448,80260.17114812628,26716.28027570481,7760.138389207801,6216.459005822388,3321.1964660382737,0.0,0.0,0.0,0.0,0.0,0.0,0.0,0.0,0.0,0.0,0.0,0.0,0.0,0.0,0.0,0.0,0.0,0.0,0.0,0.0,0.0,0.0,0.0,0.0,0.0,16.17935800552368,35.59574484825134,38.83177304267883,6.472056865692139,3.2360692024230957,0.0,3.2360057830810547,12.943365573883057,3.2360012531280518,0.0,0.0,0.0
"107,159",2503.5754084109544,0.0,3.2342302799224854,9.70213770866394,6.46909236907959,3.234856605529785,0.0,3.2342302799224854,9.70213770866394,6.46909236907959,3.234856605529785,64444.45576037613,96875.38714780338,32183.956440837712,6838.89080083978,3949.970044339872,4539.976166228687,64952.74317987854,97354.99001081316,32379.637972873803,6945.637766486524,3975.1258392717327,4585.258248547947,65234.51031836903,97646.68088772998,32553.72365018714,6948.873680001615,3997.76882390041,4595.683600094739,65541.90568116694,98108.48899867112,32855.43662041496,7045.194081504673,4026.8820670034374,4721.11372349683,65730.78770469497,98411.406368667,33022.91858597644,7108.446244583879,4052.040334335963,4772.871246079838,0.0,0.0,0.0,0.0,0.0,0.0,0.0,0.0,0.0,0.0,0.0,0.0,0.0,0.0,3.2342302799224854,0.0,0.0,0.0,0.0,6.467907428741455,3.2342302799224854,0.0,0.0,0.0,0.0,3.2342357635498047,3.234856605529785,0.0,0.0,0.0,0.0,0.0,3.234856605529785,0.0,0.0,0.0,0.0
"108,159",2502.343646622494,0.0,42.02300667762756,16.161795377731323,64.65285205841064,58.19108843803406,0.0,42.02300667762756,16.161795377731323,64.65285205841064,58.19108843803406,118519.60525162735,81101.33590559679,8644.448404738483,1168.5104083846597,247.28024621103324,6.464661359786987,118707.60354339937,81276.01528985359,8662.215791667677,1165.2774326633005,247.28024621103324,6.464661359786987,119003.35237514085,81240.4478006606,8681.612622703291,1165.280359251359,247.28024621103324,6.464661359786987,119237.4260483882,81362.07999215033,8691.313639129377,1174.9770457576303,247.2801701555065,3.232327461242676,119363.10358786957,81211.33551484556,8710.710226262785,1174.976799471238,244.04789943788566,6.464661359786987,0.0,0.0,0.0,0.0,0.0,0.0,0.0,0.0,0.0,0.0,0.0,0.0,0.0,16.162633419036865,22.62782120704651,3.2325520515441895,0.0,0.0,0.0,9.696961402893066,3.232595205307007,3.23223876953125,0.0,0.0,0.0,29.094892024993896,29.093175172805786,3.232539653778076,0.0,3.2322452068328857,0.0,19.397056341171265,38.79403209686279,0.0,0.0,0.0,0.0
"109,159",2500.959278730674,29.080646514892578,462.0847532749176,29.08389401435852,118.10079704172472,255.13203809682062,29.080646514892578,458.85463309288025,29.08389401435852,118.10079704172472,242.210352639591,65289.80189420569,95243.72026103802,30313.602974323196,8448.960818674985,5178.719176340102,453.4571922292896,65429.19602427763,95394.26320050648,30429.499425848793,8516.810683157864,5269.179777193069,459.9182007780262,65269.901814178396,95483.83494255776,30440.982526576285,8487.732989457074,5227.423397817798,459.9169350137897,65473.39575501049,95863.27329665351,30652.186300850848,8574.96882500929,5280.322399691974,456.68707733060796,65457.07030835152,95867.46100157194,30618.68257981001,8497.435280468884,5198.523217374203,453.4575450887867,0.0,9.690744400024414,3.230191469192505,0.0,0.0,0.0,12.920935869216919,12.926348209381104,12.923775911331177,3.230522394180298,0.0,0.0,0.0,271.4520785808563,148.63739252090454,32.3046019077301,3.230276584625244,3.230283498764038,0.0,16.157113313674927,12.926780700683594,0.0,0.0,0.0,0.0,42.00849986076355,50.248097523520975,22.613670110702515,3.230529546737671,0.0,0.0,86.12997849127825,130.2384943036472,19.381052017211914,6.460827827453613,0.0,0.0
"110,159",2453.6126975197913,438.7154880504982,560.6768557744867,111.00876297670251,188.7488730870041,600.2913344888126,408.44584177522097,557.4477662759668,107.77959122377283,182.2894404850754,600.2913344888126,36168.27216771257,53683.33012643141,32556.47062718728,15811.10242375299,16156.677703546076,6016.151757250581,36387.33273809844,53901.3473560165,32621.096022596546,15791.7413690941,16074.87063299067,5990.327406655107,36216.6372058083,53877.87025771796,32422.67477515258,15611.963278805975,15839.897034175725,5924.142807374282,36312.3032372671,53852.35574386728,32303.10412501821,15410.46953942729,15486.898148273955,5813.410475640204,36252.90076868581,53784.78654523737,32211.612682038663,15311.981419931672,15173.999734778497,5759.713946644465,586.4979891964033,257.53676615509335,38.75524711608887,6.4594268798828125,3.22973895072937,0.0,892.4791682981977,286.1663809336868,109.36119239938026,12.91826844215393,0.0,0.0,0.0,350.37812923917585,184.46389100598356,19.376007080078125,0.0,3.22973895072937,0.0,72.2541986914242,19.377025604248047,16.148366928100586,0.0,0.0,0.0,125.95446944236755,33.728271576002534,19.37801766395569,3.228681802749634,0.0,0.0,225.1179847427443,347.72783644339614,16.148060083389282,11.297453219282861,0.0,0.0
"111,159",2445.537585662554,0.0,0.0,0.0,0.0,0.0,0.0,0.0,0.0,0.0,0.0,11613.632062961542,36971.43526601137,47351.575702891634,27915.130030254288,20451.501064700704,6663.791672549528,11800.765619804346,37481.168324500446,48004.9777229496,28057.443095687788,20389.92319208407,6621.835476241392,11874.609665881888,37806.254896042396,48488.37955460455,28248.055674794134,20296.12965525272,6596.006865105909,11951.432898084791,37936.51171241835,48694.62255841985,28052.448153630427,19781.747734235312,6499.316029137256,12042.766704251722,38131.14937153984,48856.92110572142,28273.98705364022,19750.177572664557,6445.6592076338975,0.0,0.0,0.0,0.0,0.0,0.0,0.0,0.0,0.0,0.0,0.0,0.0,0.0,0.0,0.0,0.0,0.0,0.0,0.0,0.0,0.0,0.0,0.0,0.0,0.0,0.0,0.0,0.0,0.0,0.0,0.0,0.0,0.0,0.0,0.0,0.0,0.0
"112,159",2495.895589658525,0.0,0.0,0.0,0.0,0.0,0.0,0.0,0.0,0.0,0.0,15539.23895825031,44199.85242405311,46358.82823712872,23469.58667506143,14945.09891369483,2649.217630708919,15580.809516654295,44374.03964989887,46395.32440097378,23283.341919884962,14855.300452335207,2609.3193666607726,15827.892467389387,44680.87882158897,46851.75461786494,23446.540450286866,14996.072316867227,2667.380354610144,15992.355092085108,45010.137343661,47289.975970775005,23635.631947684757,15168.200025522005,2686.7261492878783,15988.75985940765,45237.12939088485,47356.89729086652,23625.250477537455,14883.23962429645,2596.428182807623,0.0,0.0,0.0,0.0,0.0,0.0,0.0,0.0,0.0,0.0,0.0,0.0,0.0,0.0,0.0,0.0,0.0,0.0,0.0,0.0,0.0,0.0,0.0,0.0,0.0,0.0,0.0,0.0,0.0,0.0,0.0,0.0,0.0,0.0,0.0,0.0,0.0
"113,159",2430.2725627488057,0.0,0.0,0.0,0.0,0.0,0.0,0.0,0.0,0.0,0.0,13402.388605555365,41641.464452910885,44272.15931512889,24548.982358565056,17502.784026070203,2565.1410907212426,13590.795110106,42047.13731516482,44497.90259535173,24850.223183828246,17676.760394020643,2600.584253400915,13537.321840336745,42066.915472122266,44225.91217445205,24656.253786441393,17636.02176542843,2610.250686973684,13572.74417238516,42426.114768973515,44456.0591805402,24787.71228312511,17725.99195095511,2633.8778700136672,13639.134877637789,42764.00996897734,44737.63469794311,24929.842636958292,17811.16007743069,2659.6525372766982,0.0,0.0,0.0,0.0,0.0,0.0,0.0,0.0,0.0,0.0,0.0,0.0,0.0,0.0,0.0,0.0,0.0,0.0,0.0,0.0,0.0,0.0,0.0,0.0,0.0,0.0,0.0,0.0,0.0,0.0,0.0,0.0,0.0,0.0,0.0,0.0,0.0
"114,159",2463.1115802692584,0.0,0.0,0.0,0.0,0.0,0.0,0.0,0.0,0.0,0.0,28321.205447914086,53828.36663123767,34040.41653439765,13867.106568039164,11876.916476991128,4499.955339267208,28937.53179278561,54957.51700836163,34673.24481082524,14092.406549871668,12066.34703869726,4493.524043633892,29558.777819914914,56355.91309282453,35410.16536471424,14350.483589026508,12374.27155670091,4602.964422776653,29991.743904559753,57324.21102266405,35923.74133576973,14504.618859181684,12546.303521958518,4708.13591468007,30375.412005233764,58053.91783158264,36148.651108628634,14503.442914423289,12435.463034210952,4606.740196633807,0.0,0.0,0.0,0.0,0.0,0.0,0.0,0.0,0.0,0.0,0.0,0.0,0.0,0.0,0.0,0.0,0.0,0.0,0.0,0.0,0.0,0.0,0.0,0.0,0.0,0.0,0.0,0.0,0.0,0.0,0.0,0.0,0.0,0.0,0.0,0.0,0.0
"115,159",2489.46959362844,0.0,12.861586570739746,12.861653804779053,3.2154078483581543,0.0,0.0,12.861586570739746,12.861653804779053,3.2154078483581543,0.0,37476.44449990779,39158.19456410596,24371.10617945989,11857.210011904846,12595.850979189781,4874.987878378701,38238.66572278529,40116.462767294346,25025.31854286007,12245.281243014802,12913.833280976616,4923.253137883019,39069.964166534664,41060.77508586248,25572.15119038657,12493.453006288113,13266.407647106696,5048.698694523644,39496.815342447815,41670.706063989564,25801.94744515138,12666.385936704333,13316.402810927937,5068.708551033806,39731.68032728552,41897.40506502975,25869.82439599504,12565.040091833413,13230.129558546405,4956.844704249326,0.0,0.0,0.0,0.0,0.0,0.0,0.0,0.0,0.0,0.0,0.0,0.0,0.0,0.0,6.430793285369873,6.430793285369873,0.0,0.0,0.0,0.0,6.430838108062744,6.430815696716309,0.0,0.0,0.0,0.0,3.2154078483581543,0.0,0.0,0.0,0.0,0.0,0.0,0.0,0.0,0.0,0.0
"116,159",2487.0333448145616,0.0,0.0,0.0,0.0,9.637686491012573,0.0,0.0,0.0,0.0,6.4231812953948975,17670.640877695645,28551.310332337544,24964.392001966404,12187.049170383752,7811.426723014607,1780.9283798180372,17738.21260189075,28355.310086222253,25092.6791699129,12219.513722239286,7831.207134805007,1794.9842337271743,17908.49381040592,28694.51955119862,25378.341806880166,12433.277427841635,7856.935454211516,1792.177109705233,18360.73043792575,29403.29738999441,25612.172769651224,12463.511327021728,7899.507056390539,1818.3641954122804,18594.790571831723,30090.735270033627,26087.64453038141,12455.875485680148,7883.446111711802,1833.705612253675,0.0,0.0,0.0,0.0,0.0,0.0,0.0,0.0,0.0,0.0,0.0,0.0,0.0,0.0,0.0,0.0,0.0,0.0,0.0,0.0,0.0,0.0,0.0,0.0,0.0,0.0,0.0,0.0,0.0,0.0,0.0,6.4231812953948975,0.0,0.0,0.0,0.0,0.0
"117,159",2484.4497574392017,0.0,0.0,0.0,0.0,0.0,0.0,0.0,0.0,0.0,0.0,10310.08260710473,20834.222598486318,22733.621129016316,13423.22500669442,9161.7372695446,1268.170466402465,10383.066061405107,20962.07952753422,22835.80250498267,13449.3024507747,9168.165806198118,1243.2179748778249,10740.758623699112,21380.961901382372,22830.689629166736,13318.101774549485,9053.486318908017,1248.9106921943962,11020.055885414047,21663.47027130501,22814.639597009213,13244.299552816503,8968.023173698724,1244.9777197660183,11538.542101417801,21799.81370163057,22737.22928967102,13076.922106571756,8809.152173412547,1241.7791127980922,0.0,0.0,0.0,0.0,0.0,0.0,0.0,0.0,0.0,0.0,0.0,0.0,0.0,0.0,0.0,0.0,0.0,0.0,0.0,0.0,0.0,0.0,0.0,0.0,0.0,0.0,0.0,0.0,0.0,0.0,0.0,0.0,0.0,0.0,0.0,0.0,0.0
"118,159",2481.7197132274223,0.0,0.0,0.0,0.0,0.0,0.0,0.0,0.0,0.0,0.0,11404.45175221013,18101.126823218663,12547.178839041206,5191.335177559946,3938.5016092057317,822.725152571996,11567.25832011092,18615.973829228275,12742.073552313974,5281.1045617056825,3935.971096111746,823.4462726714563,11835.938049759587,18946.788466035618,12921.61236971874,5265.412133237427,3933.484156917123,801.7163117502249,12233.375804629048,19628.46167482208,13078.674921932408,5345.566897412842,4026.4605458483975,812.0543461388231,12569.112578473374,20402.918443216062,13294.127286271489,5405.78881056823,4090.008588695526,815.258494192946,0.0,0.0,0.0,0.0,0.0,0.0,0.0,0.0,0.0,0.0,0.0,0.0,0.0,0.0,0.0,0.0,0.0,0.0,0.0,0.0,0.0,0.0,0.0,0.0,0.0,0.0,0.0,0.0,0.0,0.0,0.0,0.0,0.0,0.0,0.0,0.0,0.0
"119,159",2478.844141664932,0.0,0.0,0.0,0.0,0.0,0.0,0.0,0.0,0.0,0.0,12304.035088207207,20939.614894594866,15845.983890337102,7061.584968723036,5345.896904804192,1890.9302059584975,11998.059819708618,19931.650625665516,15797.514980399375,7079.218338450263,5356.020275824677,1908.7214994093952,11994.351030841528,19779.195873173547,15846.076664414126,7144.999427933786,5414.741556003982,1931.138341631609,12615.585066802829,20551.340716896808,16038.202715124804,7253.879557986353,5460.754544561984,1947.1453539988574,12656.80776056028,20911.667942835305,16040.864925024556,7215.450507063959,5408.125127370685,1918.3296246192035,0.0,0.0,0.0,0.0,0.0,0.0,0.0,0.0,0.0,0.0,0.0,0.0,0.0,0.0,0.0,0.0,0.0,0.0,0.0,0.0,0.0,0.0,0.0,0.0,0.0,0.0,0.0,0.0,0.0,0.0,0.0,0.0,0.0,0.0,0.0,0.0,0.0
"120,159",2475.824019313671,0.0,0.0,0.0,0.0,0.0,0.0,0.0,0.0,0.0,0.0,38938.88902392761,38810.99165157991,15676.106321775214,6713.156052995196,6636.495302092795,2849.917335733713,40593.18133197672,39855.81957288256,16107.798305236594,6922.045657305624,6754.347533772038,2846.716891273798,40961.40941426894,39998.504046607486,16208.661063242895,7047.810208627289,6800.037141420327,2859.5096564143314,41452.18277035133,40151.96472995889,16306.103592747337,7068.988949745776,6841.608583327836,2881.5457401986214,41682.04643508033,40380.912021362084,16408.429509514455,7068.992557734134,6903.561364640441,2919.922586035261,0.0,0.0,0.0,0.0,0.0,0.0,0.0,0.0,0.0,0.0,0.0,0.0,0.0,0.0,0.0,0.0,0.0,0.0,0.0,0.0,0.0,0.0,0.0,0.0,0.0,0.0,0.0,0.0,0.0,0.0,0.0,0.0,0.0,0.0,0.0,0.0,0.0
"121,159",2472.6603690823486,0.0,0.0,0.0,0.0,0.0,0.0,0.0,0.0,0.0,0.0,4365.187467571333,7585.459442938074,5427.445404270584,2272.7139620752896,1980.7093759415193,900.1954082330067,4441.184092000886,7702.683248103833,5540.482852148542,2343.5574192308914,2015.5077943895376,917.7700943479351,4482.723175243303,7788.627206949158,5620.708332302056,2385.092229058696,2025.1053998563802,911.377060843449,4425.199562744066,7867.335201796363,5687.4586312050915,2378.709469726039,2047.4760170076406,910.1277320796368,4421.315425390356,7966.87934306743,5741.771003796072,2359.5553261541854,2034.7108972166097,926.1082315856335,0.0,0.0,0.0,0.0,0.0,0.0,0.0,0.0,0.0,0.0,0.0,0.0,0.0,0.0,0.0,0.0,0.0,0.0,0.0,0.0,0.0,0.0,0.0,0.0,0.0,0.0,0.0,0.0,0.0,0.0,0.0,0.0,0.0,0.0,0.0,0.0,0.0
"122,159",2469.3542594775063,0.0,0.0,0.0,0.0,0.0,0.0,0.0,0.0,0.0,0.0,1076.8044421252084,1799.8880129131617,2154.514568582236,2022.7627557679718,3411.927581129822,1540.969779552198,1140.614302116282,1884.4311787016252,2220.439873948752,2064.245459453732,3401.174658524756,1510.1546909622118,1143.8011896189523,1894.0005852110246,2212.464172066894,2099.8628971071803,3389.5961966159293,1454.7327786099677,1073.6005246218515,1844.5611582073511,2116.772430123535,2012.1440891293917,3309.707498664482,1432.417991698957,968.2964727457831,1761.5897994312586,2057.0989797470615,1969.0798825563168,3187.565788056804,1445.1694625031714,0.0,0.0,0.0,0.0,0.0,0.0,0.0,0.0,0.0,0.0,0.0,0.0,0.0,0.0,0.0,0.0,0.0,0.0,0.0,0.0,0.0,0.0,0.0,0.0,0.0,0.0,0.0,0.0,0.0,0.0,0.0,0.0,0.0,0.0,0.0,0.0,0.0
"123,159",2465.906803814348,0.0,0.0,0.0,0.0,0.0,0.0,0.0,0.0,0.0,0.0,2036.1291154132173,4265.817083366244,5691.682756407121,6873.584168701545,18052.048772303264,17586.79098995527,2100.0540546108696,4323.136158473819,5804.200707256094,7121.608809383242,18555.463540765348,18230.63131957615,2125.546215884826,4380.473305471271,5923.271278010163,7340.4821378015995,19072.131743511498,18691.08085789961,2201.9993134666893,4418.702191837161,5949.574725317489,7369.149561526728,19220.791397112494,18798.9556704596,2264.3241782366063,4491.971188314288,6077.811413254458,7480.652234198999,19460.272275827447,19056.000177176793,0.0,0.0,0.0,0.0,0.0,0.0,0.0,0.0,0.0,0.0,0.0,0.0,0.0,0.0,0.0,0.0,0.0,0.0,0.0,0.0,0.0,0.0,0.0,0.0,0.0,0.0,0.0,0.0,0.0,0.0,0.0,0.0,0.0,0.0,0.0,0.0,0.0
"124,159",2462.319159396488,0.0,0.0,0.0,0.0,0.0,0.0,0.0,0.0,0.0,0.0,6248.3209026037475,9815.26625978339,12023.179305193473,13581.056484515993,37291.82154112236,38043.88813956953,6386.868353805355,9980.703678244236,12129.298241516188,13767.90296396087,37791.50862413855,38964.17812501402,6409.110072812847,9834.35177548633,11909.803459783629,13661.73932877709,37159.953775561095,38129.67643087425,6418.638019046596,9878.86849792705,12000.036548534094,13704.363436081832,37290.050710751035,38180.98567177735,6436.296117819992,9850.237372000078,12049.535820033503,13704.231842705782,37207.11393381287,38162.55650307805,0.0,0.0,0.0,0.0,0.0,0.0,0.0,0.0,0.0,0.0,0.0,0.0,0.0,0.0,0.0,0.0,0.0,0.0,0.0,0.0,0.0,0.0,0.0,0.0,0.0,0.0,0.0,0.0,0.0,0.0,0.0,0.0,0.0,0.0,0.0,0.0,0.0
"125,159",2458.5925266603635,0.0,0.0,0.0,0.0,0.0,0.0,0.0,0.0,0.0,0.0,8035.791429269078,9493.887380917866,11680.99232929828,13351.266996194801,39296.41406435405,62087.58827211155,8070.75601767278,9560.61953528722,11713.65864168616,13374.421914185728,39192.06734899072,61800.75115363645,8077.1321215508015,9557.46697338422,11723.197377314287,13320.422174300398,39100.95421661863,61286.12273081144,8105.7335424301655,9598.770749171574,11742.27307545157,13378.303029201545,39309.30583136222,61642.28268268248,8137.4907023785145,9662.325094779331,11861.01133521585,13450.66381142373,39529.0243307338,62314.13337147376,0.0,0.0,0.0,0.0,0.0,0.0,0.0,0.0,0.0,0.0,0.0,0.0,0.0,0.0,0.0,0.0,0.0,0.0,0.0,0.0,0.0,0.0,0.0,0.0,0.0,0.0,0.0,0.0,0.0,0.0,0.0,0.0,0.0,0.0,0.0,0.0,0.0
"126,159",2454.7281483138986,0.0,0.0,0.0,0.0,6.3413941860198975,0.0,0.0,0.0,0.0,6.3413941860198975,5534.014579648597,9474.262009824492,11406.461160872965,12538.239268036448,36678.35941319092,64789.3626037205,5584.761589641196,9524.983179057816,11479.38801357606,12630.192307921016,36870.14842398214,65233.07945720356,5632.295969600303,9608.991918759255,11612.288832531724,12791.87823598525,37339.35703794815,66183.22731000303,5644.978787774665,9672.442329363732,11710.608062372956,12891.757699081943,37681.44069686123,66715.84168440315,5651.317351455314,9713.664939837365,11799.402222500596,12952.024697372959,37897.06565370747,67245.78106098737,0.0,0.0,0.0,0.0,0.0,0.0,0.0,0.0,0.0,0.0,0.0,0.0,0.0,0.0,0.0,0.0,0.0,0.0,0.0,0.0,0.0,0.0,0.0,0.0,0.0,0.0,0.0,0.0,0.0,0.0,0.0,0.0,6.3413941860198975,0.0,0.0,0.0,0.0
"127,159",2380.697582600916,0.0,0.0,0.0,0.0,0.0,0.0,0.0,0.0,0.0,0.0,8368.844041973001,14936.99493330413,18613.126135490456,19512.2893518317,54821.002133581685,83846.21628920145,8403.668609290964,15025.6603698104,18723.942414031306,19635.77960456493,55262.69858350381,84820.43196995025,8454.333394676096,15107.980346617042,18807.703301850488,19767.165186239694,55614.55012415063,85522.7314876575,8457.497531562693,15122.225994341046,18831.443424783036,19789.330233885263,55772.89045284402,85680.31554526254,8476.49632897938,15119.068855278165,18856.771899066254,19805.16137273452,55884.12754474621,85949.68127271147,0.0,0.0,0.0,0.0,0.0,0.0,0.0,0.0,0.0,0.0,0.0,0.0,0.0,0.0,0.0,0.0,0.0,0.0,0.0,0.0,0.0,0.0,0.0,0.0,0.0,0.0,0.0,0.0,0.0,0.0,0.0,0.0,0.0,0.0,0.0,0.0,0.0
"128,159",1772.400344256487,15.79846978187561,63.19043040275574,176.93237948417664,435.1505655643987,251.67477586783616,12.638909816741943,60.03225588798523,176.93237948417664,435.1505655643987,251.67477586783616,25514.501933685933,26501.918213757344,24844.73327727131,23084.625179716182,46282.02817580186,19091.987959867365,25536.62187539736,26536.732073962456,24898.47580046467,23087.780489631725,46310.50225469552,19114.127430206187,25648.79645795728,26677.346054772766,25001.205934804093,23146.263845253925,46492.27827482785,19232.53199311705,25598.243712615025,26620.4861810011,24994.89699248613,23127.306271840076,46501.775147729764,19249.914469351486,25418.17566077288,26516.22805617276,24892.769914785087,23100.987605302475,46448.06271606053,19245.018886159447,0.0,0.0,0.0,0.0,0.0,0.0,0.0,9.479369640350342,0.0,0.0,0.0,3.1595401763916016,0.0,25.27514672279358,9.478278398513794,3.1592447757720947,12.638900756835938,9.480685234069824,0.0,53.70930361747742,56.864248275756836,12.64038634300232,22.118491411209106,22.119537353515625,9.480412483215332,164.2514875206293,88.45737981796265,73.95634038495082,35.81009157498678,50.55995583534241,22.115310430526733,87.38351199486677,66.32888537107729,31.59605860710144,25.28246808052063,34.762805223464966,6.321046590805054
"129,159",186.22567134953093,6.314875602722168,3.1576571464538574,31.571260690689087,39.960516454659256,130.50130973984213,6.314875602722168,3.1576571464538574,31.571260690689087,39.960516454659256,130.50130973984213,4908.533748858582,4025.9080828825627,2702.1839238709094,2057.948262380152,2734.321319654876,1016.8895363237343,4926.6232791077855,4025.6467004486153,2695.869108349669,2064.262338803797,2743.7942708286582,1013.7323781873665,4910.836250318265,4029.548954743964,2699.0273462837818,2070.57719414094,2746.9511886390983,1023.7850933944478,4895.000920752917,4032.7067930885382,2702.1857241696002,2064.262978719263,2743.7940901073753,1023.7850933944478,4869.763394043492,4042.141268171048,2702.185684592116,2055.854743936951,2746.9517074379264,1023.7850933944478,0.0,0.0,0.0,0.0,0.0,0.0,0.0,3.157437801361084,3.157437801361084,0.0,0.0,0.0,0.0,0.0,3.1576571464538574,0.0,0.0,0.0,0.0,9.471614599227905,6.314035654067993,6.314496278762817,6.314015626907349,3.1570985317230225,0.0,28.394425207960836,3.1577370166778564,3.157756805419922,5.250597424600638,0.0,0.0,51.57320698102315,56.826560285979625,18.94376564025879,3.1577768325805664,0.0,0.0
"92,160",1976.4834306521404,0.0,0.0,0.0,0.0,0.0,0.0,0.0,0.0,0.0,0.0,636.3760587860556,304.7348424668406,63.133478875253715,19.403821229934692,17.60372098099952,6.468640327453613,675.1847924877616,337.075484680662,59.899383540247,19.403821229934692,17.60372098099952,6.468640327453613,705.102981407502,346.7776819939707,63.13345121869854,19.403821229934692,17.60372098099952,9.702735662460327,764.6088060182683,408.2240897889231,66.36748003492168,19.733561941221648,20.83766062867408,9.702735662460327,806.65142882291,427.62820594264014,72.83552622327618,24.94585588866589,20.83766062867408,9.702735662460327,0.0,0.0,0.0,0.0,0.0,0.0,0.0,0.0,0.0,0.0,0.0,0.0,0.0,0.0,0.0,0.0,0.0,0.0,0.0,0.0,0.0,0.0,0.0,0.0,0.0,0.0,0.0,0.0,0.0,0.0,0.0,0.0,0.0,0.0,0.0,0.0,0.0
"93,160",2430.7124291951955,0.0,0.0,0.0,0.0,0.0,0.0,0.0,0.0,0.0,0.0,268.95345766123603,3.2363195419311523,0.0,0.0,0.0,0.0,275.4245134073145,3.2363195419311523,0.0,0.0,0.0,0.0,291.6059635358698,0.0,0.0,0.0,0.0,0.0,311.02201182421516,0.0,0.0,0.0,0.0,0.0,327.20145875986884,3.2363195419311523,0.0,0.0,0.0,0.0,0.0,0.0,0.0,0.0,0.0,0.0,0.0,0.0,0.0,0.0,0.0,0.0,0.0,0.0,0.0,0.0,0.0,0.0,0.0,0.0,0.0,0.0,0.0,0.0,0.0,0.0,0.0,0.0,0.0,0.0,0.0,0.0,0.0,0.0,0.0,0.0,0.0
"94,160",2505.735204355629,0.0,0.0,0.0,0.0,0.0,0.0,0.0,0.0,0.0,0.0,615.9329957840489,29.133492708206177,0.0,0.0,0.0,0.0,612.6933526871251,29.133492708206177,0.0,0.0,0.0,0.0,656.3894683342354,29.134268522262573,0.0,0.0,0.0,0.0,691.9969867687599,25.897082090377808,0.0,0.0,0.0,0.0,805.285169027366,32.37144184112549,0.0,0.0,0.0,0.0,0.0,0.0,0.0,0.0,0.0,0.0,0.0,0.0,0.0,0.0,0.0,0.0,0.0,0.0,0.0,0.0,0.0,0.0,0.0,0.0,0.0,0.0,0.0,0.0,0.0,0.0,0.0,0.0,0.0,0.0,0.0,0.0,0.0,0.0,0.0,0.0,0.0
"95,160",2506.50698662074,0.0,0.0,0.0,0.0,0.0,0.0,0.0,0.0,0.0,0.0,474.7017168091793,3.2376327514648438,0.0,0.0,0.0,0.0,477.9414557503719,3.2376327514648438,0.0,0.0,0.0,0.0,588.038926749136,3.2376327514648438,0.0,0.0,0.0,0.0,620.4167717980404,6.475338459014893,0.0,0.0,0.0,0.0,630.1296156929989,6.475338459014893,0.0,0.0,0.0,0.0,0.0,0.0,0.0,0.0,0.0,0.0,0.0,0.0,0.0,0.0,0.0,0.0,0.0,0.0,0.0,0.0,0.0,0.0,0.0,0.0,0.0,0.0,0.0,0.0,0.0,0.0,0.0,0.0,0.0,0.0,0.0,0.0,0.0,0.0,0.0,0.0,0.0
"96,160",2507.124735832468,0.0,0.0,0.0,0.0,0.0,0.0,0.0,0.0,0.0,0.0,738.111140459659,0.0,0.0,0.0,0.0,0.0,734.8711316286349,0.0,0.0,0.0,0.0,0.0,754.3055910764956,3.2389674186706543,0.0,0.0,0.0,0.0,825.5623964964175,3.2389674186706543,0.0,0.0,0.0,0.0,852.2862593501222,0.0,0.0,0.0,0.0,0.0,0.0,0.0,0.0,0.0,0.0,0.0,0.0,0.0,0.0,0.0,0.0,0.0,0.0,0.0,0.0,0.0,0.0,0.0,0.0,0.0,0.0,0.0,0.0,0.0,0.0,0.0,0.0,0.0,0.0,0.0,0.0,0.0,0.0,0.0,0.0,0.0,0.0
"97,160",2505.6443949890304,0.0,0.0,0.0,0.0,0.0,0.0,0.0,0.0,0.0,0.0,7320.523285565657,54.09272482909408,6.479163646697998,0.0,0.0,3.239575147628784,8312.611055780859,63.811107664482265,6.479163646697998,0.0,0.0,3.239575147628784,9482.85518959924,60.5715163043901,6.479163646697998,0.0,0.0,3.239575147628784,10293.282002791237,67.86375397887885,6.479163646697998,0.0,0.0,3.239575147628784,10988.694663922928,71.10307926383673,6.479163646697998,3.2395927906036377,0.0,0.0,0.0,0.0,0.0,0.0,0.0,0.0,0.0,0.0,0.0,0.0,0.0,0.0,0.0,0.0,0.0,0.0,0.0,0.0,0.0,0.0,0.0,0.0,0.0,0.0,0.0,0.0,0.0,0.0,0.0,0.0,0.0,0.0,0.0,0.0,0.0,0.0,0.0
"98,160",2507.897326883071,0.0,0.0,0.0,0.0,0.0,0.0,0.0,0.0,0.0,0.0,58713.476790145796,43683.844650636944,7704.090341760597,1329.9094975237754,620.4164337298449,93.95428347587585,61719.9985649165,46653.92504948729,8290.48442120739,1389.8516648498235,662.5335070273455,103.67379260063171,64018.58995624803,49037.60000616523,8747.286175205192,1427.1141891339246,652.8132568976458,116.63304233551025,66929.73541710424,51774.44004098481,9383.921772624932,1568.0500507607178,701.4098166606005,113.39300465583801,69630.21284159867,53555.4965485788,9908.764872865115,1623.1260655178742,753.2456206461962,123.11242365837097,0.0,0.0,0.0,0.0,0.0,0.0,0.0,0.0,0.0,0.0,0.0,0.0,0.0,0.0,0.0,0.0,0.0,0.0,0.0,0.0,0.0,0.0,0.0,0.0,0.0,0.0,0.0,0.0,0.0,0.0,0.0,0.0,0.0,0.0,0.0,0.0,0.0
"99,160",2508.051899058518,0.0,0.0,0.0,0.0,0.0,0.0,0.0,0.0,0.0,0.0,30152.956091667627,40395.95578789618,7241.117140973782,770.2952822984433,440.6321585178375,259.1958246231079,33839.65912845556,45415.05626024732,8116.01198067478,834.2942025128533,460.0718970298767,259.19580936431885,36700.177036415356,49304.788586669805,8832.05841776156,889.3734647694756,466.55175733566284,265.6756658554077,39080.12327848135,52546.18682274257,9374.8242682672,929.066422032375,482.75176525115967,268.915461063385,41926.42884607408,55740.72113822021,10169.507885997436,996.381731080074,534.5909452438354,272.15548753738403,0.0,0.0,0.0,0.0,0.0,0.0,0.0,0.0,0.0,0.0,0.0,0.0,0.0,0.0,0.0,0.0,0.0,0.0,0.0,0.0,0.0,0.0,0.0,0.0,0.0,0.0,0.0,0.0,0.0,0.0,0.0,0.0,0.0,0.0,0.0,0.0,0.0
"100,160",2465.6424529433784,0.0,0.0,0.0,0.0,0.0,0.0,0.0,0.0,0.0,0.0,15070.400198508243,23343.03862181551,9290.807669342266,2468.6567021397987,1226.828855264888,496.6753527931139,17592.54729449609,27447.725872358624,10659.835509723775,2773.2622835972734,1359.6661801225998,555.6294258248572,19405.42593485328,29018.628056242884,11183.476152309717,2935.2466886174448,1456.8642322904923,581.5490484845404,21995.39257941714,31965.55861757409,12179.377156024819,3121.715622513902,1615.6211702711441,607.4682253014807,24104.33222415401,34959.69933687939,12964.634670068703,3230.1724201754027,1674.7533671790477,649.5875144612555,0.0,0.0,0.0,0.0,0.0,0.0,0.0,0.0,0.0,0.0,0.0,0.0,0.0,0.0,0.0,0.0,0.0,0.0,0.0,0.0,0.0,0.0,0.0,0.0,0.0,0.0,0.0,0.0,0.0,0.0,0.0,0.0,0.0,0.0,0.0,0.0,0.0
"101,160",2470.2497446999096,12.958868265151978,3.239642858505249,3.2397844791412354,19.438032150268555,0.0,12.958868265151978,3.239642858505249,3.2397844791412354,16.19824242591858,0.0,66806.27743301017,26551.896637642618,9151.19240117821,3037.3972559769945,2669.297226118574,1274.8919083875767,69180.09459162132,29821.17245988472,10659.393310003656,3567.610375856886,3006.232849049101,1401.2443716329688,70451.13297109699,32197.14561655755,11791.202725816242,3889.970747291341,3163.3558143092137,1475.759819726383,71739.1006796407,35069.47906589415,13070.34149445646,4267.218857583814,3261.2365322945166,1500.0652406767304,72358.50918476442,36588.875472468026,13635.143447860082,4364.412309226804,3228.8403933880377,1493.5860975340302,0.0,0.0,0.0,0.0,0.0,0.0,0.0,6.479567766189575,0.0,6.479300498962402,0.0,0.0,0.0,0.0,0.0,3.239642858505249,0.0,0.0,0.0,3.2397844791412354,0.0,0.0,0.0,0.0,0.0,0.0,0.0,12.958595514297485,3.2396469116210938,0.0,0.0,0.0,0.0,0.0,0.0,0.0,0.0
"102,160",2507.5882365056295,0.0,9.717859268188477,0.0,3.2395596504211426,0.0,0.0,9.717859268188477,0.0,0.0,0.0,24178.9568368117,29590.79770201982,17910.872709192947,5856.404069942586,2610.9208759794046,417.1385221079284,25147.95757035461,32098.32449108572,19909.179920247956,6409.2348887546395,2805.7314076713487,452.76960202011406,25818.506306839925,33737.45920916164,20973.835666639665,6691.052851401124,2889.9516339591905,465.7268163755828,26748.658499530713,36020.49341424306,22816.107813046026,7232.467576485989,3142.969165393418,465.72651572975457,27225.760844711225,37688.769728645624,23979.11775867799,7579.416041852914,3275.7806883540807,494.8795227602416,0.0,0.0,0.0,0.0,0.0,0.0,0.0,0.0,0.0,0.0,0.0,0.0,0.0,3.2392845153808594,6.478574752807617,0.0,0.0,0.0,0.0,0.0,0.0,0.0,0.0,0.0,0.0,0.0,0.0,0.0,0.0,0.0,0.0,0.0,0.0,0.0,0.0,0.0,0.0
"103,160",2507.1247358324995,0.0,0.0,0.0,0.0,0.0,0.0,0.0,0.0,0.0,0.0,38557.52186454513,31578.12138907675,28166.818966713137,14255.954750394823,8211.578389825074,2219.7589773841933,38774.635995428245,32521.816133184988,29429.292947218462,14770.506130888883,8280.318332810495,2191.425233895171,38997.39748050467,32773.66550420125,29703.571341017185,14842.590180430694,8278.732376698885,2227.0529468601826,39568.69350720575,34708.075838418095,31881.017573062116,15687.495046385598,8764.217026794659,2269.1601949280384,40045.504227489604,35885.85666744569,33178.274008747176,16082.29022285237,8892.962508195054,2252.9674864357594,0.0,0.0,0.0,0.0,0.0,0.0,0.0,0.0,0.0,0.0,0.0,0.0,0.0,0.0,0.0,0.0,0.0,0.0,0.0,0.0,0.0,0.0,0.0,0.0,0.0,0.0,0.0,0.0,0.0,0.0,0.0,0.0,0.0,0.0,0.0,0.0,0.0
"104,160",2506.5069866207136,0.0,0.0,0.0,9.712753057479858,3.2381274700164795,0.0,0.0,0.0,9.712753057479858,3.2381274700164795,50177.09825675067,64275.387288522725,40842.748302705615,14480.93638754265,6681.34317219117,790.0539766938078,50305.82835709629,64460.9584619466,40852.73596054712,14437.415450546787,6529.078449360529,757.6760751397002,50562.34711803923,65116.38272463573,41296.0476455249,14547.5034529901,6539.606971939872,751.2000693470824,51085.16808411187,65842.66824085385,41569.64813014385,14518.078871652191,6453.80810638035,760.9137229115355,52047.945849306445,67426.13765124246,42462.0580515983,14843.488152764825,6525.048067401437,783.583332935034,0.0,0.0,0.0,0.0,0.0,0.0,0.0,0.0,0.0,0.0,0.0,0.0,0.0,0.0,0.0,0.0,0.0,0.0,0.0,0.0,0.0,0.0,0.0,0.0,0.0,0.0,6.475171089172363,3.237581968307495,0.0,0.0,0.0,0.0,3.2381274700164795,0.0,0.0,0.0,0.0
"105,160",2505.735204355693,0.0,0.0,0.0,3.2372868061065674,0.0,0.0,0.0,0.0,3.2372868061065674,0.0,68300.07627591152,65824.20639339148,21516.77718854511,3918.11104460978,1645.3421930986292,213.64402532577515,68911.87718352336,66856.68670350242,21729.364432867835,3958.0247391794237,1650.7530594096465,226.59298419952393,70338.77056168857,69537.39220235395,22378.42325456937,4022.7610446546587,1679.8848488555236,226.59301805496216,71718.31560590031,71669.77027663063,22952.937921468878,4133.880467993605,1696.0646531806274,221.73037109375,73504.58829968021,73828.13409837741,23663.462979929118,4224.511748177397,1747.853207849054,218.4927330970764,0.0,0.0,0.0,0.0,0.0,0.0,0.0,0.0,0.0,0.0,0.0,0.0,0.0,0.0,0.0,0.0,0.0,0.0,0.0,0.0,0.0,0.0,0.0,0.0,0.0,0.0,0.0,0.0,3.2372868061065674,0.0,0.0,0.0,0.0,0.0,0.0,0.0,0.0
"106,160",2504.8096580877236,0.0,100.29165697097778,9.705790281295776,64.70351505279541,25.881455659866333,0.0,100.29165697097778,9.705790281295776,64.70351505279541,25.881455659866333,56903.332633975915,97148.09444910499,28675.769758657378,4774.803597579283,1324.857556587107,333.1780715044807,57094.13932425836,97530.90309402336,28837.568612054747,4813.63659752397,1298.9668374117682,338.0253617772869,57587.47951797504,98523.2829938356,29342.52594512958,4934.985742787753,1295.7312386092017,331.55496502016103,58035.82817756803,99007.79470914206,29580.37343980471,4931.749349574481,1263.3730542715857,323.45879106708605,58705.124854315036,100001.29831527545,29949.262714640296,4998.982913308984,1297.3422509455213,326.6948366660698,0.0,3.2352850437164307,0.0,0.0,0.0,0.0,3.2352850437164307,0.0,0.0,0.0,0.0,0.0,0.0,42.057080030441284,54.9993462562561,3.2352306842803955,0.0,0.0,0.0,6.470426321029663,3.2353639602661133,0.0,0.0,0.0,0.0,51.762797117233276,12.940717935562134,0.0,0.0,0.0,0.0,19.411049365997314,6.4704062938690186,0.0,0.0,0.0,0.0
"107,160",2503.7306702283945,19.40476417541504,705.0068359375,45.27613830566406,87.32246208190918,48.51019334793091,3.233976364135742,688.8374018669128,45.27613830566406,87.32246208190918,48.51019334793091,114266.50145678426,84949.42306927792,9602.119813975167,961.6951372277503,284.82075907669815,3.2350351810455322,114600.53617151109,85165.4866400139,9652.248558758754,971.3981039178137,288.05373765908035,3.2350351810455322,114586.8439121536,85050.63246239867,9581.112553319745,968.1652719628577,275.1140833087996,3.2350351810455322,114996.76801049475,85272.46282663531,9573.015910246793,968.1653413426642,275.1140833087996,3.2350351810455322,115005.67080846766,85135.8993974003,9527.738875964109,962.420838725333,281.58403613053116,3.2350351810455322,35.57997393608093,29.110071182250977,0.0,0.0,0.0,0.0,64.69004511833191,3.233976364135742,0.0,0.0,0.0,0.0,0.0,336.33178997039795,261.9561812877655,87.31561708450317,3.233813524246216,0.0,0.0,38.8081636428833,6.467974662780762,0.0,0.0,0.0,0.0,45.27787208557129,32.34278964996338,9.701800346374512,0.0,0.0,0.0,29.106130361557007,19.4040629863739,0.0,0.0,0.0,0.0
"108,160",2502.4986163064714,0.0,16.1637761592865,19.39838194847107,42.022148847579956,142.24996137619019,0.0,16.1637761592865,19.39838194847107,42.022148847579956,142.24996137619019,144191.65331287385,53974.56314829471,5688.059683681002,823.9886209123275,162.11648460649977,6.463973760604858,144321.78283224948,53961.71618665246,5699.371081010968,830.4545048825881,162.11648460649977,6.463973760604858,145057.39200321177,54208.94986394059,5718.771729128033,836.9209341161392,164.62596969417498,6.463973760604858,145456.63969761998,54352.103083899434,5741.3953453466,840.876070095511,167.85788874439166,6.463973760604858,145470.37826328,54323.01680426877,5737.443374612285,838.3659315025105,158.1620281200783,6.463973760604858,0.0,0.0,0.0,0.0,0.0,0.0,0.0,0.0,0.0,0.0,0.0,0.0,0.0,6.465394735336304,9.698381423950195,0.0,0.0,0.0,0.0,9.698679208755493,9.699702739715576,0.0,0.0,0.0,0.0,29.09371280670166,12.928436040878296,0.0,0.0,0.0,0.0,113.15281128883362,29.097150087356567,0.0,0.0,0.0,0.0
"109,160",2501.113924683411,0.0,135.73262691497803,93.71781921386719,51.7071487903595,61.40219283103943,0.0,135.73262691497803,90.48641777038574,51.7071487903595,61.40219283103943,56395.84935976851,76496.54284572322,30710.472400993458,10940.900204131181,9560.053118092408,3650.0297605963315,56616.3365929884,77034.39191258188,31111.893860552358,11081.266498091642,9714.484794450274,3721.1002514334286,56776.36290640737,77259.85100904167,31068.11333992808,10992.252837450364,9558.519957793927,3641.13992061989,56921.767377891716,77455.83186904404,31146.46122874559,10965.691877715728,9532.680311454511,3586.216779617235,57107.541261523365,77526.10001001919,31065.607273214006,10858.357457831326,9336.586874679491,3453.7652210272995,0.0,0.0,0.0,0.0,0.0,0.0,0.0,0.0,0.0,0.0,0.0,0.0,0.0,96.95235848426819,38.78026843070984,0.0,0.0,0.0,0.0,25.85339641571045,54.937379360198975,9.695641994476318,0.0,0.0,0.0,16.158764839172363,25.853729963302612,9.694653987884521,0.0,0.0,0.0,29.08669686317444,25.852351427078247,3.2317960262298584,3.2313485145568848,0.0,0.0
"110,160",2499.5770762296875,0.0,67.82161617279053,48.44847655296326,96.89662313461304,17.75520663915896,0.0,67.82161617279053,48.44847655296326,96.89662313461304,17.75520663915896,31141.00095596033,65932.91189313121,44249.24927394717,20618.004885639864,9476.799206989886,949.3092724388721,31676.514937434476,67398.5741371912,44900.475486170086,20794.490520100502,9468.554610760073,952.536113650191,32282.02973106141,68565.8051071466,45735.55185689833,21087.132140642992,9545.229049183341,947.6970682630351,32723.88553829193,69286.60640602392,45994.109476852434,21267.129312308633,9438.646233853173,934.7799633035472,32930.233976773656,69980.82540015144,46647.07635565086,21652.918608088592,9559.527000019598,905.7115619668773,0.0,0.0,0.0,0.0,0.0,0.0,0.0,0.0,0.0,0.0,0.0,0.0,0.0,6.459802150726318,32.29814314842224,29.063670873641968,0.0,0.0,0.0,32.298946142196655,16.1495304107666,0.0,0.0,0.0,0.0,61.36893653869629,32.29828500747681,3.2294015884399414,0.0,0.0,0.0,3.2293126583099365,3.2293126583099365,6.458489656448364,4.8380916660907225,0.0,0.0
"111,160",2497.8886039612894,0.0,0.0,0.0,0.0,0.0,0.0,0.0,0.0,0.0,0.0,15258.213397510377,40926.142516434425,28635.58282933142,11161.381960839852,7905.71545232324,2571.6200039929035,15632.637787266336,41888.8376287825,29243.70056158234,11308.748929789486,7878.647339691835,2603.8883021420124,15809.861089100556,42407.92255319707,29492.736206813886,11405.288439846037,7802.843878084071,2568.3888810223225,16190.383373929939,43193.00166122493,30100.738236405807,11561.762071825475,7833.485385520786,2552.262155000836,16489.035497190438,44083.04021589615,31109.120389965472,11987.702456213445,7967.7248969611,2526.4494180127685,0.0,0.0,0.0,0.0,0.0,0.0,0.0,0.0,0.0,0.0,0.0,0.0,0.0,0.0,0.0,0.0,0.0,0.0,0.0,0.0,0.0,0.0,0.0,0.0,0.0,0.0,0.0,0.0,0.0,0.0,0.0,0.0,0.0,0.0,0.0,0.0,0.0
"112,160",2496.049092636503,0.0,0.0,0.0,0.0,0.0,0.0,0.0,0.0,0.0,0.0,13611.73186006546,37276.33176966742,35078.40925784672,15746.086880329547,7664.6166369746725,836.6238426273944,13998.32008687468,37804.818302342464,34949.91512342154,15535.361183528341,7506.270288676842,814.0510548657062,14126.521641293695,38041.412470176176,34671.727541404616,15340.756842029798,7401.503659457788,797.9374076431873,14471.17899053611,38758.26366315916,35162.62816762457,15460.392268828788,7427.283221215829,794.711829811919,14931.566347508337,39875.3189898304,35936.603036073604,15618.291009739336,7455.935640321059,801.1644298142078,0.0,0.0,0.0,0.0,0.0,0.0,0.0,0.0,0.0,0.0,0.0,0.0,0.0,0.0,0.0,0.0,0.0,0.0,0.0,0.0,0.0,0.0,0.0,0.0,0.0,0.0,0.0,0.0,0.0,0.0,0.0,0.0,0.0,0.0,0.0,0.0,0.0
"113,160",2493.925384702864,0.0,0.0,0.0,0.0,0.0,0.0,0.0,0.0,0.0,0.0,24684.07041974161,35914.190396567894,29309.148929936277,14011.432945747,9172.323252147786,1147.8026679684135,26038.55530353153,36614.55815371345,29506.39783693108,14038.327669134325,9136.854532665364,1157.4707664181205,27745.209974497437,37814.24711981475,29797.9478610366,14030.575586541492,9157.76800735511,1163.9142471481773,29485.59797473795,39050.4230257212,30046.229216080083,14094.62487310615,9145.658589967092,1186.4678684402916,30626.8426802925,40432.038297170744,30847.519591589535,14307.36220453206,9187.526322730384,1224.0546574125103,0.0,0.0,0.0,0.0,0.0,0.0,0.0,0.0,0.0,0.0,0.0,0.0,0.0,0.0,0.0,0.0,0.0,0.0,0.0,0.0,0.0,0.0,0.0,0.0,0.0,0.0,0.0,0.0,0.0,0.0,0.0,0.0,0.0,0.0,0.0,0.0,0.0
"114,160",2482.5772716875376,0.0,0.0,0.0,0.0,0.0,0.0,0.0,0.0,0.0,0.0,34709.94513201433,34415.41922394808,16191.531315645518,7450.7094313930065,5085.554300086638,1736.2144995670694,37810.14858056798,35972.921142178886,16639.128300376033,7444.271488888124,5086.461207544102,1736.2177458744425,43429.35075311567,37810.493022310024,16888.395160947126,7579.465821964601,5176.564941096773,1729.7802196483988,47211.43221456209,39451.605891380124,17209.208665123173,7735.412330588173,5300.684238623638,1761.9719286899942,50306.45558916821,40983.34178877719,17627.480774001513,7746.872384320054,5374.730832766551,1777.510644384459,0.0,0.0,0.0,0.0,0.0,0.0,0.0,0.0,0.0,0.0,0.0,0.0,0.0,0.0,0.0,0.0,0.0,0.0,0.0,0.0,0.0,0.0,0.0,0.0,0.0,0.0,0.0,0.0,0.0,0.0,0.0,0.0,0.0,0.0,0.0,0.0,0.0
"115,160",2489.6217392259277,0.0,0.0,0.0,0.0,0.0,0.0,0.0,0.0,0.0,0.0,50591.5463827423,26043.607313718985,8432.060681906869,3108.597742915621,2670.133265779533,1131.70733016332,52974.983667018365,27266.279164174957,8751.114462652393,3194.6288812730827,2672.4420710227073,1128.4896935780844,54440.658662547314,28349.935873978742,9044.783413997351,3257.350623105554,2691.740731539446,1134.9221600850424,57082.2991134176,29100.36719805213,9197.194476046281,3271.998087812872,2689.9625528718916,1154.2220258076986,58844.15056369724,29855.62027980954,9279.390380256316,3243.6808117146584,2692.3688066211403,1170.305290635427,0.0,0.0,0.0,0.0,0.0,0.0,0.0,0.0,0.0,0.0,0.0,0.0,0.0,0.0,0.0,0.0,0.0,0.0,0.0,0.0,0.0,0.0,0.0,0.0,0.0,0.0,0.0,0.0,0.0,0.0,0.0,0.0,0.0,0.0,0.0,0.0,0.0
"116,160",2487.185001929278,0.0,0.0,3.2113912105560303,3.2115116119384766,0.0,0.0,0.0,3.2113912105560303,3.2115116119384766,0.0,51901.28233474844,33950.4258833455,12829.816325406468,4691.865669145771,3287.9201819728405,440.12628371294807,53659.63679679982,34313.3110636281,12908.598784543952,4706.341292647754,3326.516027672151,433.71281010683845,54605.13615522478,34323.05431970428,12775.343732472962,4683.857731608783,3252.638462049821,428.8912692780588,55682.62991061118,34397.69781276759,12786.94017249369,4661.377966908847,3238.180244169983,438.53107459498386,56243.71421157239,34847.56851360377,13047.202957983578,4818.805339841281,3344.207434378418,470.6624124760721,0.0,0.0,0.0,0.0,0.0,0.0,0.0,0.0,0.0,0.0,0.0,0.0,0.0,0.0,0.0,0.0,0.0,0.0,0.0,3.2113912105560303,0.0,0.0,0.0,0.0,0.0,3.2115116119384766,0.0,0.0,0.0,0.0,0.0,0.0,0.0,0.0,0.0,0.0,0.0
"117,160",2484.60091234213,9.631643295288086,16.052754878997803,0.0,0.0,9.632032632827759,3.21053147315979,12.842211246490479,0.0,0.0,9.632032632827759,16058.766046754985,29930.292699462298,16693.205305521158,6437.801016586903,2994.2231879954243,105.93112349510193,16306.97297872936,29747.270144610316,16458.114526257796,6301.369888904048,2913.1644653114613,112.34973192214966,17019.17410619025,29961.428470486288,16282.935834636875,6177.770243238935,2840.934364853653,112.34982919692993,17700.464681963826,30446.806147226634,16318.155636602289,6190.616644018772,2815.2598226650084,112.34982919692993,18404.298519432778,31774.76621758985,16733.807001629062,6295.823307181339,2845.7645619532636,118.76983880996704,0.0,0.0,0.0,0.0,0.0,0.0,0.0,0.0,0.0,0.0,0.0,3.21053147315979,0.0,9.631679773330688,0.0,0.0,3.21053147315979,0.0,0.0,0.0,0.0,0.0,0.0,0.0,0.0,0.0,0.0,0.0,0.0,0.0,0.0,0.0,3.2106411457061768,3.210737943649292,3.21065354347229,0.0,0.0
"118,160",2481.870355016522,0.0,0.0,0.0,0.0,0.0,0.0,0.0,0.0,0.0,0.0,8865.12129532496,10312.027894048128,5265.896698548747,1619.845839803359,1216.6431315216364,288.7631217367509,8681.098181714264,9792.956395203459,5070.771425081703,1562.1202864759107,1181.3758757385554,285.5550590879777,9330.127248165652,10706.692191761615,5540.553270277323,1616.5643017404218,1216.627221849853,301.58461130927594,9820.74668062341,11594.753484036877,5825.151966725143,1693.5036239736219,1235.8597030910792,298.3796078092912,11853.641126231587,13277.030255170897,6312.575377797144,1729.4717180532566,1239.0726931366266,291.9703229791978,0.0,0.0,0.0,0.0,0.0,0.0,0.0,0.0,0.0,0.0,0.0,0.0,0.0,0.0,0.0,0.0,0.0,0.0,0.0,0.0,0.0,0.0,0.0,0.0,0.0,0.0,0.0,0.0,0.0,0.0,0.0,0.0,0.0,0.0,0.0,0.0,0.0
"119,160",2478.9942623687825,0.0,0.0,0.0,0.0,0.0,0.0,0.0,0.0,0.0,0.0,51273.23141337564,21993.402281414288,5604.765883678549,1871.1230225712643,2503.4065946420033,1511.6487117365293,53273.120248205516,22090.703082972883,5549.051065980687,1847.0834684951633,2522.849267526701,1530.855131442874,54508.024581610916,22497.692290868945,5568.250770150914,1885.5041673763126,2529.2574506245405,1537.2607465341978,54564.05720369114,22476.601886174256,5582.133461721271,1891.9085398300022,2546.3032232583737,1540.4610121801786,56116.30668609002,23028.18524398897,5698.8938021594395,1879.0952988250583,2530.297865516064,1527.6532879427366,0.0,0.0,0.0,0.0,0.0,0.0,0.0,0.0,0.0,0.0,0.0,0.0,0.0,0.0,0.0,0.0,0.0,0.0,0.0,0.0,0.0,0.0,0.0,0.0,0.0,0.0,0.0,0.0,0.0,0.0,0.0,0.0,0.0,0.0,0.0,0.0,0.0
"120,160",2475.9736139838146,0.0,6.400178670883179,0.0,0.0,0.0,0.0,0.0,0.0,0.0,0.0,7725.020481461169,11708.593280134948,7742.77997048322,3073.5443281332655,3260.45518914578,2585.7996276603026,7651.276801266389,11630.98624567518,7712.765505116594,3114.334876498989,3294.577022419724,2557.0160580859465,7651.009753415163,11574.445330304725,7761.97880466966,3127.1444954488793,3332.9815887077184,2569.813492415933,7467.191649894153,11510.712862927307,7748.167666596057,3085.596325835995,3299.957085556143,2566.6219121203703,7291.118207450007,11350.049398851395,7652.2652589498775,3053.6019756410637,3268.748053151486,2560.222545264749,0.0,0.0,0.0,0.0,0.0,0.0,0.0,0.0,0.0,0.0,0.0,0.0,0.0,0.0,0.0,0.0,0.0,0.0,0.0,0.0,0.0,0.0,0.0,0.0,0.0,0.0,0.0,0.0,0.0,0.0,0.0,0.0,0.0,0.0,0.0,0.0,0.0
"121,160",2472.8094358728604,0.0,0.0,0.0,0.0,0.0,0.0,0.0,0.0,0.0,0.0,16344.695380937352,26987.861180258726,14164.901600819008,4501.65629793616,2183.935345730127,420.0650194691677,16636.968098332836,27640.159344812466,14465.28348344915,4583.1452503008,2235.057236513437,428.0575093484392,16695.661516257827,27675.46968733095,14516.795048363067,4598.3418244782615,2238.2551217883242,437.6393627381792,16417.195234909246,27274.19584349931,14446.141669665129,4604.744198984258,2231.8678139060153,432.8442929791469,16069.364689400618,26814.828814212942,14190.895234829772,4518.480347580068,2225.4683113902224,445.62357841005513,0.0,0.0,0.0,0.0,0.0,0.0,0.0,0.0,0.0,0.0,0.0,0.0,0.0,0.0,0.0,0.0,0.0,0.0,0.0,0.0,0.0,0.0,0.0,0.0,0.0,0.0,0.0,0.0,0.0,0.0,0.0,0.0,0.0,0.0,0.0,0.0,0.0
"122,160",2469.5027997219686,0.0,0.0,0.0,0.0,0.0,0.0,0.0,0.0,0.0,0.0,3341.818525987512,3489.656694746953,3410.743797790303,2108.747361711427,2384.798556279201,907.6155105001786,3479.0236923273865,3605.7390998092355,3489.3454195938857,2199.4041678045305,2405.5432019430054,939.5258856184342,3437.544081407434,3520.097123987535,3387.337410625757,2184.2405564785,2266.744883963641,862.1760342579262,3338.272728931202,3387.2503690289514,3209.021132141001,2116.7166549738713,2269.120000371746,823.8880234222786,3088.6113798291076,3240.018258364995,3084.3031763665817,2038.555374845804,2179.8078076914244,747.3255076866524,0.0,0.0,0.0,0.0,0.0,0.0,0.0,0.0,0.0,0.0,0.0,0.0,0.0,0.0,0.0,0.0,0.0,0.0,0.0,0.0,0.0,0.0,0.0,0.0,0.0,0.0,0.0,0.0,0.0,0.0,0.0,0.0,0.0,0.0,0.0,0.0,0.0
"123,160",2466.054822083728,0.0,0.0,0.0,0.0,0.0,0.0,0.0,0.0,0.0,0.0,1504.6309373313306,1165.4482409056495,1482.8031862277612,1795.045361916224,4778.2953874494515,1688.3243236915737,1409.0439889365553,1127.226232915766,1463.7078688640222,1715.6681532831753,4705.040798130222,1703.8946626279867,1396.2994546824812,1090.0592026598315,1435.0335488814935,1725.2193121882046,4649.081860104729,1705.2908882384208,1463.2321808272718,1198.3946106321673,1544.7439101761463,1793.86375225572,4836.72512568773,1836.6430054636562,1716.522061440524,1391.6405679225923,1742.2758368080738,1967.518073981416,5142.409189122331,1997.4659157949336,0.0,0.0,0.0,0.0,0.0,0.0,0.0,0.0,0.0,0.0,0.0,0.0,0.0,0.0,0.0,0.0,0.0,0.0,0.0,0.0,0.0,0.0,0.0,0.0,0.0,0.0,0.0,0.0,0.0,0.0,0.0,0.0,0.0,0.0,0.0,0.0,0.0
"124,160",2462.4666635525505,0.0,0.0,0.0,0.0,0.0,0.0,0.0,0.0,0.0,0.0,1868.2838967304606,3769.511318678014,5041.778037609773,6114.667801754147,14381.996584162991,7562.777169992409,1798.3345897655863,3655.779988232781,4932.078742523754,6005.75735261674,14230.830116079369,7658.473569847555,1785.618791149177,3605.570128591388,4955.054340384988,5954.093877603494,14258.835344626856,7887.333023228364,1826.9715238075632,3694.644035251468,5103.1242020607,6107.14170812906,14771.871529751199,8129.765049120024,1931.960172222175,3821.2296313332577,5289.672272708369,6396.525250093611,15455.012502487032,8447.169498158435,0.0,0.0,0.0,0.0,0.0,0.0,0.0,0.0,0.0,0.0,0.0,0.0,0.0,0.0,0.0,0.0,0.0,0.0,0.0,0.0,0.0,0.0,0.0,0.0,0.0,0.0,0.0,0.0,0.0,0.0,0.0,0.0,0.0,0.0,0.0,0.0,0.0
"125,160",2458.7395277393234,0.0,0.0,0.0,0.0,0.0,0.0,0.0,0.0,0.0,0.0,2826.8607228868145,5902.247801332847,7588.833131382513,8163.660495663624,24167.88276800268,24302.347018451317,2814.162626134648,5872.971312840779,7549.145926877564,8135.078372169009,24267.378905120546,24458.20521898083,2817.3389886491436,5930.242382653554,7656.47311202872,8208.164204526414,24554.898132070837,24674.532016699926,2807.8065565698284,5993.747821219762,7726.348867815615,8239.931282926073,24778.143972782997,24933.496236386956,2804.6360312574047,5981.762741457247,7737.824651615292,8250.272368052427,24705.223210401167,24854.88620329464,0.0,0.0,0.0,0.0,0.0,0.0,0.0,0.0,0.0,0.0,0.0,0.0,0.0,0.0,0.0,0.0,0.0,0.0,0.0,0.0,0.0,0.0,0.0,0.0,0.0,0.0,0.0,0.0,0.0,0.0,0.0,0.0,0.0,0.0,0.0,0.0,0.0
"126,160",2454.8746610207604,0.0,0.0,0.0,0.0,0.0,0.0,0.0,0.0,0.0,0.0,4174.151017070284,7636.945042133332,9955.532741876677,10542.054020153308,31515.59040833454,65925.41873609787,4268.552623770283,7713.013139486314,10021.386674159181,10589.603454576754,31756.622574723,66332.26720829104,4359.7785033413,7758.988944760492,10113.338095658433,10681.54383916107,31949.250897829203,66705.26049154974,4385.142610473258,7751.856081606361,10154.557605736863,10761.69638894586,32006.457586769026,66834.00853895114,4439.066213054282,7834.313979031059,10233.835459702623,10856.149707681992,32178.495300853017,67379.4694432586,0.0,0.0,0.0,0.0,0.0,0.0,0.0,0.0,0.0,0.0,0.0,0.0,0.0,0.0,0.0,0.0,0.0,0.0,0.0,0.0,0.0,0.0,0.0,0.0,0.0,0.0,0.0,0.0,0.0,0.0,0.0,0.0,0.0,0.0,0.0,0.0,0.0
"127,160",2450.8733508365153,0.0,0.0,0.0,0.0,0.0,0.0,0.0,0.0,0.0,0.0,10288.335893548705,16533.78709058855,18777.46247216019,18383.86021487292,46464.10256170011,75943.95305772856,10401.588747940812,16712.812729937425,18947.706903307106,18570.68038122233,47107.750264842834,77496.05589236185,10462.455623449065,16851.47324152928,19083.84716161933,18674.34988097116,47307.91776084619,77838.92795435026,10504.396119160745,16894.20864369168,19187.494600468057,18775.562687895344,47522.354606475084,77982.49340462591,10539.199283404443,16998.973071723827,19311.078518649643,18941.96408929264,47792.976062799906,78495.29640272458,0.0,0.0,0.0,0.0,0.0,0.0,0.0,0.0,0.0,0.0,0.0,0.0,0.0,0.0,0.0,0.0,0.0,0.0,0.0,0.0,0.0,0.0,0.0,0.0,0.0,0.0,0.0,0.0,0.0,0.0,0.0,0.0,0.0,0.0,0.0,0.0,0.0
"128,160",1453.7184056606459,3.1603472232818604,107.44041275978088,319.17185378074646,137.46902984544343,44.23770260810852,3.1603472232818604,107.44041275978088,319.17185378074646,137.46902984544343,44.23770260810852,13917.754731985167,19492.890399270895,17550.542216202793,16016.787139226877,34119.64207988066,23924.73312054616,14087.521829251682,19668.97466264893,17725.843752219633,16083.186647226297,34388.15144226036,24032.53502292914,14209.25084849526,19893.58928444993,17875.986555299573,16172.481257278781,34634.327432248174,24222.584873231255,14206.161059819951,19902.3457594591,17907.628186902813,16284.747984185875,34844.72033843153,24464.669994029813,14165.092290126577,19902.020514899606,17930.40160398203,16377.672614825942,35049.88956674688,24623.56571516149,0.0,0.0,0.0,0.0,0.0,0.0,0.0,0.0,0.0,0.0,3.1603472232818604,0.0,0.0,53.72203230857849,18.96023154258728,12.639890909194946,9.477733850479126,12.64052414894104,0.0,97.96274042129517,97.96400499343872,60.04189991950989,28.441453456878662,31.60127067565918,3.1604843139648438,56.88149166107178,41.081976890563965,17.372587233898685,15.799651622772217,6.320929765701294,0.012392671435487036,12.638712167739868,12.63918662071228,3.160327434539795,3.160013198852539,12.639463186264038,0.0
"90,161",207.4334051554819,0.0,0.0,0.0,0.0,0.0,0.0,0.0,0.0,0.0,0.0,0.0,0.0,0.0,0.0,0.0,0.0,0.0,0.0,0.0,0.0,0.0,0.0,0.0,0.0,0.0,0.0,0.0,0.0,0.0,0.0,0.0,0.0,0.0,0.0,0.0,0.0,0.0,0.0,0.0,0.0,0.0,0.0,0.0,0.0,0.0,0.0,0.0,0.0,0.0,0.0,0.0,0.0,0.0,0.0,0.0,0.0,0.0,0.0,0.0,0.0,0.0,0.0,0.0,0.0,0.0,0.0,0.0,0.0,0.0,0.0,0.0,0.0,0.0,0.0,0.0,0.0,0.0
"91,161",1723.1255780238641,0.0,0.0,0.0,0.0,0.0,0.0,0.0,0.0,0.0,0.0,109.90678834915161,0.0,0.0,0.0,0.0,0.0,116.37344217300415,0.0,0.0,0.0,0.0,0.0,113.13985013961792,0.0,0.0,0.0,0.0,0.0,119.60553431510925,0.0,0.0,0.0,0.0,0.0,126.07010221481323,3.232628107070923,0.0,0.0,0.0,0.0,0.0,0.0,0.0,0.0,0.0,0.0,0.0,0.0,0.0,0.0,0.0,0.0,0.0,0.0,0.0,0.0,0.0,0.0,0.0,0.0,0.0,0.0,0.0,0.0,0.0,0.0,0.0,0.0,0.0,0.0,0.0,0.0,0.0,0.0,0.0,0.0,0.0
"92,161",2498.4768413330426,0.0,0.0,0.0,0.0,0.0,0.0,0.0,0.0,0.0,0.0,3.2337818145751953,3.2337875366210938,0.0,0.0,0.0,0.0,3.2337818145751953,3.2337875366210938,0.0,0.0,0.0,0.0,3.2337818145751953,3.2337875366210938,0.0,0.0,0.0,0.0,3.2337818145751953,0.0,0.0,0.0,0.0,0.0,3.2337818145751953,0.0,0.0,0.0,0.0,0.0,0.0,0.0,0.0,0.0,0.0,0.0,0.0,0.0,0.0,0.0,0.0,0.0,0.0,0.0,0.0,0.0,0.0,0.0,0.0,0.0,0.0,0.0,0.0,0.0,0.0,0.0,0.0,0.0,0.0,0.0,0.0,0.0,0.0,0.0,0.0,0.0,0.0
"93,161",2504.9618158324524,0.0,0.0,0.0,0.0,0.0,0.0,0.0,0.0,0.0,0.0,200.63224625587463,12.9440598487854,0.0,0.0,0.0,0.0,210.3388102054596,12.9440598487854,0.0,0.0,0.0,0.0,229.75429010391235,12.9440598487854,0.0,0.0,0.0,0.0,239.46207427978516,16.17998504638672,0.0,0.0,0.0,0.0,252.40653109550476,12.9440598487854,0.0,0.0,0.0,0.0,0.0,0.0,0.0,0.0,0.0,0.0,0.0,0.0,0.0,0.0,0.0,0.0,0.0,0.0,0.0,0.0,0.0,0.0,0.0,0.0,0.0,0.0,0.0,0.0,0.0,0.0,0.0,0.0,0.0,0.0,0.0,0.0,0.0,0.0,0.0,0.0,0.0
"94,161",2476.357204996248,0.0,0.0,0.0,0.0,0.0,0.0,0.0,0.0,0.0,0.0,438.5669487831639,22.658870220184326,0.0,0.0,0.0,0.0,422.38349498486986,16.185606956481934,0.0,0.0,0.0,0.0,441.8043767330693,16.185606956481934,0.0,0.0,0.0,0.0,534.0939702987671,22.660361766815186,0.0,0.0,0.0,0.0,593.9518076298284,29.135138750076294,0.0,0.0,0.0,0.0,0.0,0.0,0.0,0.0,0.0,0.0,0.0,0.0,0.0,0.0,0.0,0.0,0.0,0.0,0.0,0.0,0.0,0.0,0.0,0.0,0.0,0.0,0.0,0.0,0.0,0.0,0.0,0.0,0.0,0.0,0.0,0.0,0.0,0.0,0.0,0.0,0.0
"95,161",2464.9883933244096,0.0,0.0,0.0,0.0,0.0,0.0,0.0,0.0,0.0,0.0,437.00164576979245,12.950658559799194,0.0,0.0,0.0,0.0,452.02344985569226,12.950658559799194,0.0,0.0,0.0,0.0,471.45185847843396,12.95009469985962,0.0,0.0,0.0,0.0,472.55521753816043,19.42554497718811,0.0,0.0,0.0,0.0,491.98174146203434,16.188032865524292,0.0,0.0,0.0,0.0,0.0,0.0,0.0,0.0,0.0,0.0,0.0,0.0,0.0,0.0,0.0,0.0,0.0,0.0,0.0,0.0,0.0,0.0,0.0,0.0,0.0,0.0,0.0,0.0,0.0,0.0,0.0,0.0,0.0,0.0,0.0,0.0,0.0,0.0,0.0,0.0,0.0
"96,161",2462.578735826086,0.0,0.0,0.0,0.0,0.0,0.0,0.0,0.0,0.0,0.0,2249.5848205603806,19.432758569717407,0.0,0.0,0.0,0.0,2289.161990154491,19.432758569717407,0.0,0.0,0.0,0.0,2586.299181762396,19.432758569717407,0.0,0.0,0.0,0.0,2812.008537720699,22.671239614486694,0.0,0.0,0.0,0.0,3250.040834506353,22.671239614486694,0.0,0.0,0.0,0.0,0.0,0.0,0.0,0.0,0.0,0.0,0.0,0.0,0.0,0.0,0.0,0.0,0.0,0.0,0.0,0.0,0.0,0.0,0.0,0.0,0.0,0.0,0.0,0.0,0.0,0.0,0.0,0.0,0.0,0.0,0.0,0.0,0.0,0.0,0.0,0.0,0.0
"97,161",2463.779832767688,0.0,0.0,0.0,0.0,0.0,0.0,0.0,0.0,0.0,0.0,12776.821845569795,3016.3413326730915,290.86731847314275,132.8186182975769,80.98798131942749,19.437454223632812,13566.8258170586,3481.7608084080266,385.53713017912474,136.0580930709839,97.18554258346558,22.6770339012146,14523.116600317115,3681.538514256945,403.1829591021819,145.77667355537415,93.94596886634827,19.437442541122437,16669.240255108067,4109.062460606706,487.40973665574023,155.495135307312,100.42493510246277,35.63485145568848,18200.32450985534,4545.66390057919,529.523072980432,158.73454403877258,106.90405344963074,35.63485145568848,0.0,0.0,0.0,0.0,0.0,0.0,0.0,0.0,0.0,0.0,0.0,0.0,0.0,0.0,0.0,0.0,0.0,0.0,0.0,0.0,0.0,0.0,0.0,0.0,0.0,0.0,0.0,0.0,0.0,0.0,0.0,0.0,0.0,0.0,0.0,0.0,0.0
"98,161",2508.0114106780043,0.0,0.0,0.0,0.0,0.0,0.0,0.0,0.0,0.0,0.0,108829.27679123785,40030.860374426375,6412.2009395739615,819.6659967899323,239.74285650253296,19.437926530838013,112334.87605436082,43278.817052703744,7409.1971516085605,936.2978684902191,278.61942172050476,16.198322296142578,113384.0017183547,45388.14439725969,8149.583628136505,1007.5730347633362,285.09874081611633,16.198322296142578,115349.70569097949,48124.10061202891,8778.088895518173,1069.1285359859467,317.49594950675964,16.198322296142578,116188.8812575097,49351.88523843522,9030.78826399504,1133.9235286712646,314.25611686706543,16.198322296142578,0.0,0.0,0.0,0.0,0.0,0.0,0.0,0.0,0.0,0.0,0.0,0.0,0.0,0.0,0.0,0.0,0.0,0.0,0.0,0.0,0.0,0.0,0.0,0.0,0.0,0.0,0.0,0.0,0.0,0.0,0.0,0.0,0.0,0.0,0.0,0.0,0.0
"99,161",2499.533619571077,0.0,0.0,0.0,0.0,0.0,0.0,0.0,0.0,0.0,0.0,23462.595523012384,27435.512104369147,8699.148590913475,1610.5236617462308,460.0770194530487,21.955647945404053,28504.863037827436,33486.940829717416,10065.84953849082,1804.1093643244574,485.99659490585327,28.435625791549683,32822.39838107707,39410.60059005606,11193.47508929664,1946.6681619223425,528.116058588028,25.195631742477417,38753.56423278883,45303.487361007574,12220.715581078623,2043.054726553898,505.43649458885193,19.43989133834839,44051.719061756135,52599.07884159556,14183.812993173038,2356.6093878278543,537.8362352848053,19.43988847732544,0.0,0.0,0.0,0.0,0.0,0.0,0.0,0.0,0.0,0.0,0.0,0.0,0.0,0.0,0.0,0.0,0.0,0.0,0.0,0.0,0.0,0.0,0.0,0.0,0.0,0.0,0.0,0.0,0.0,0.0,0.0,0.0,0.0,0.0,0.0,0.0,0.0
"100,161",2468.4752070268655,0.0,0.0,0.0,0.0,0.0,0.0,0.0,0.0,0.0,0.0,14701.989796388849,22960.898591908284,9826.734348966562,2508.9230468778046,852.8828279158648,156.2409520149231,17454.504499326034,27047.29652194883,11040.753024867936,2783.810841465931,1008.4001673838671,169.20058608055115,18548.673727855494,29426.64930635247,12002.981810208863,3057.3138768149356,1093.0708823260138,182.16050553321838,20008.15288800165,32104.190573099546,12902.587990702837,3250.263542913923,1154.629716163523,200.8759093284607,21169.566649092878,33967.56220697235,13495.350766845779,3409.2757257162357,1228.6778196428334,217.0755889415741,0.0,0.0,0.0,0.0,0.0,0.0,0.0,0.0,0.0,0.0,0.0,0.0,0.0,0.0,0.0,0.0,0.0,0.0,0.0,0.0,0.0,0.0,0.0,0.0,0.0,0.0,0.0,0.0,0.0,0.0,0.0,0.0,0.0,0.0,0.0,0.0,0.0
"101,161",2491.9659478455574,0.0,0.0,0.0,0.0,3.2396695613861084,0.0,0.0,0.0,0.0,3.2396695613861084,15286.548829677995,28567.71937952322,15304.446311976862,5021.105726887199,2241.587879266926,246.22454595565796,17559.888931000467,33132.06963483586,17595.838941704056,5765.376230997198,2462.9598598358675,262.4238443374634,19187.9438872515,36905.691476135624,19503.248713395173,6244.530736624026,2649.0634298184336,272.1434772014618,21380.9304101196,41564.3695868969,21947.10401600856,6890.875251118342,2826.4414421997817,278.62312030792236,22286.20358404739,43354.557498604634,22602.97471856416,7139.545018414889,2845.518828336865,294.82269525527954,0.0,0.0,0.0,0.0,0.0,0.0,0.0,0.0,0.0,0.0,0.0,0.0,0.0,0.0,0.0,0.0,0.0,0.0,0.0,0.0,0.0,0.0,0.0,0.0,0.0,0.0,0.0,0.0,0.0,0.0,0.0,0.0,3.2396695613861084,0.0,0.0,0.0,0.0
"102,161",2507.7410604077477,0.0,0.0,0.0,0.0,3.239581823348999,0.0,0.0,0.0,0.0,0.0,47630.56908790364,45064.692023467076,18787.23800753425,5956.936487713983,5600.88475409676,3927.4278039118817,49393.632072143,48444.96927502483,20602.381186181425,6497.910090247324,5890.175892988842,4011.651338495927,50519.873172223335,51078.62746017212,21771.81146570187,6763.543323317696,6003.554870525997,4040.807880797105,51917.41369791966,53372.70313584383,22488.274820822357,6749.778585414326,5882.995879492106,3988.624405025033,52235.96733131315,54013.45805892663,22424.88477645107,6438.661525670219,5558.716669839037,3920.9553901335767,0.0,0.0,0.0,0.0,0.0,0.0,0.0,0.0,0.0,0.0,0.0,0.0,0.0,0.0,0.0,0.0,0.0,0.0,0.0,0.0,0.0,0.0,0.0,0.0,0.0,0.0,0.0,0.0,0.0,0.0,0.0,0.0,0.0,0.0,0.0,0.0,0.0
"103,161",2507.2774472779884,0.0,0.0,0.0,0.0,0.0,0.0,0.0,0.0,0.0,0.0,46693.77273654844,39358.721959950875,14594.124131736568,6000.312363142126,5580.466677210378,4094.974401293549,48098.58671380212,40895.41836660049,15532.463068791933,6257.343939011705,5684.466859878278,4055.2968768821042,49585.90264896038,42986.47481629147,16146.207137180776,6359.823880528469,5775.510347558003,4029.382822965173,50777.06173945595,44843.99918709081,16874.939012123556,6530.673385874432,5769.390874763564,3968.2019188544327,51164.64536128044,45357.389263843084,17119.72511944677,6542.1663574910635,5610.584931142657,3945.172622417001,0.0,0.0,0.0,0.0,0.0,0.0,0.0,0.0,0.0,0.0,0.0,0.0,0.0,0.0,0.0,0.0,0.0,0.0,0.0,0.0,0.0,0.0,0.0,0.0,0.0,0.0,0.0,0.0,0.0,0.0,0.0,0.0,0.0,0.0,0.0,0.0,0.0
"104,161",2506.659549016291,0.0,0.0,0.0,0.0,0.0,0.0,0.0,0.0,0.0,0.0,47391.606978810996,56426.89218051387,27303.974020529735,10894.400558242609,8470.672097586652,2785.319932007322,47779.836528822954,56490.45491605834,27100.063714047978,10806.609220144794,8377.576127043892,2752.937510990629,48733.16067562664,56992.90894646645,27227.664923978322,10742.197238216211,8288.975640784993,2752.9336962933635,49503.64216288025,57562.11685845058,27396.03545172261,10707.38862798728,8069.137348078747,2752.9259851212596,50213.81046914681,58852.53671446128,28309.16330368566,11006.905278328351,8133.538710605398,2824.157969975004,0.0,0.0,0.0,0.0,0.0,0.0,0.0,0.0,0.0,0.0,0.0,0.0,0.0,0.0,0.0,0.0,0.0,0.0,0.0,0.0,0.0,0.0,0.0,0.0,0.0,0.0,0.0,0.0,0.0,0.0,0.0,0.0,0.0,0.0,0.0,0.0,0.0
"105,161",2505.8875818689494,0.0,6.4733662605285645,3.236687421798706,0.0,3.236464023590088,0.0,6.4733662605285645,3.236687421798706,0.0,3.236464023590088,101511.0888325869,61637.98253415707,13042.947757365659,3153.3103216685504,2011.5630352141811,1637.9215338230133,102017.13187654816,61970.40946329903,13136.8223677897,3124.17835650818,2043.931806051965,1647.6323668956757,103930.49246689948,63332.63862802188,13399.3098564176,3195.3917399443835,2030.9863068702175,1670.2926485538483,105020.35570306872,64258.962158782815,13528.777623656215,3237.467811921999,2053.6459827067806,1686.479444026947,105754.95606832225,65312.41189119114,13913.974848750056,3370.182499746248,2102.2006780745937,1728.5602142810822,0.0,0.0,0.0,0.0,0.0,0.0,0.0,0.0,0.0,0.0,0.0,0.0,0.0,0.0,6.4733662605285645,0.0,0.0,0.0,0.0,0.0,3.236687421798706,0.0,0.0,0.0,0.0,0.0,0.0,0.0,0.0,0.0,0.0,0.0,0.0,3.236464023590088,0.0,0.0,0.0
"106,161",2504.961815832462,0.0,3.235215663909912,0.0,0.0,0.0,0.0,3.235215663909912,0.0,0.0,0.0,69565.61141255229,71193.17958100078,27202.38467149828,7066.024852391785,2817.447850880903,302.70813186028425,70289.80394226055,71724.66965444696,27348.000346709232,7066.027762528962,2794.801028189939,299.47279269555037,71380.99461609242,72931.58970263331,27461.248631764392,7046.613989945954,2798.0373486855447,299.4726417765898,72239.53868857364,73778.65555008162,27761.284289209514,7114.566670772141,2802.717446966732,299.4717641578001,73078.65506733912,74704.19766174018,28249.878698436885,7201.93129288823,2848.0171481805687,302.7072566256804,0.0,0.0,0.0,0.0,0.0,0.0,0.0,0.0,0.0,0.0,0.0,0.0,0.0,0.0,3.235215663909912,0.0,0.0,0.0,0.0,0.0,0.0,0.0,0.0,0.0,0.0,0.0,0.0,0.0,0.0,0.0,0.0,0.0,0.0,0.0,0.0,0.0,0.0
"107,161",2503.8825744462665,0.0,48.50901556015015,3.23376202583313,6.4690892696380615,6.469036102294922,0.0,48.50901556015015,3.23376202583313,6.4690892696380615,6.469036102294922,131998.4605220047,43887.453854944186,5870.237385425381,1252.925345028148,953.5421074137969,315.2043644680696,132793.9199618433,44064.730769725866,5870.236283454708,1259.3935879118303,979.4179373488707,315.20443051001604,133473.2228651907,44182.86579542066,5889.646307859234,1285.2740224249224,1002.0627077327056,318.4394552006441,134753.91132083314,44496.51184744086,5950.381291191251,1275.5692902452806,1016.7905677206377,318.4394552006441,136134.85753894135,44788.488464021684,5963.315303365857,1272.3351672537187,1007.0873537905077,311.9694318070131,0.0,0.0,0.0,0.0,0.0,0.0,0.0,0.0,0.0,0.0,0.0,0.0,0.0,45.27411341667175,3.2349021434783936,0.0,0.0,0.0,0.0,3.23376202583313,0.0,0.0,0.0,0.0,0.0,6.4690892696380615,0.0,0.0,0.0,0.0,0.0,6.469036102294922,0.0,0.0,0.0,0.0,0.0
"108,161",2502.650234544998,12.933322429656982,646.6543354988098,158.4309697151184,329.79599809646606,333.03146171569824,12.933322429656982,643.4209711551666,145.49965977668762,323.32925820350647,333.03146171569824,103031.58030075465,61869.60163125992,20307.83670886919,5108.928729511709,2340.8611494597267,237.7399831126718,103777.5854466298,62210.74305168133,20505.020882453173,5144.483258701773,2347.3247562941383,221.57837298617645,104271.21753720022,62426.49486957345,20609.186956117668,5115.393140055151,2318.2346655424903,212.6044691955342,104910.4331132683,62821.752348137845,20867.063737424214,5176.811168171377,2344.098489194758,225.53199853055617,105298.44394460658,63226.83958078647,21106.252468856175,5293.173664785833,2408.74402180279,235.22852267377516,0.0,0.0,0.0,0.0,0.0,0.0,0.0,9.700087308883667,3.2332351207733154,0.0,0.0,0.0,0.0,355.660587310791,242.4929814338684,42.033921241760254,3.2334811687469482,0.0,0.0,87.29998207092285,51.73333191871643,6.46634578704834,0.0,0.0,0.0,171.36034321784973,126.10199165344238,25.866923332214355,0.0,0.0,0.0,194.00056910514832,122.86617064476013,16.164721965789795,0.0,0.0,0.0
"109,161",2501.26522596971,0.0,0.0,0.0,3.230764389038086,0.0,0.0,0.0,0.0,3.230764389038086,0.0,37968.61051571509,70588.50038586877,41509.761116803864,15378.880675169064,9848.004290595709,2209.9405933716716,38463.94725614622,71483.40295095442,42344.13734582733,15778.066859628638,10118.599538556267,2274.5597623684826,38728.26296926572,71937.20405234728,42739.027889501354,15913.768108036002,10257.706006179136,2302.101764793022,39049.043938169285,72363.32822678228,43034.73991598523,16123.781853820761,10512.954798589033,2276.2559148021774,39254.78802186273,72899.43110490218,43415.358135463684,16351.718635387046,10806.15245946342,2324.7164896675185,0.0,0.0,0.0,0.0,0.0,0.0,0.0,0.0,0.0,0.0,0.0,0.0,0.0,0.0,0.0,0.0,0.0,0.0,0.0,0.0,0.0,0.0,0.0,0.0,0.0,0.0,3.230764389038086,0.0,0.0,0.0,0.0,0.0,0.0,0.0,0.0,0.0,0.0
"110,161",2499.7280312383577,0.0,0.0,0.0,0.0,9.687511682510376,0.0,0.0,0.0,0.0,9.687511682510376,23411.626704335682,67901.17652001287,53619.873971573514,17988.16513581463,6066.349598201116,536.6696028700062,23876.413993632563,69292.01446220827,54736.04751798966,18381.14927555346,6169.701935084661,549.5852959146687,24334.58994483854,70556.74194593898,55329.00007473814,18621.971657101316,6221.446808755165,565.7328786840626,24623.559831504255,71191.16091533548,55774.12553528337,18863.343034021527,6289.262326657539,568.961984871883,24809.659318677117,71731.39347674894,56340.90086592132,19055.294864687265,6337.700094163185,575.4193043699452,0.0,0.0,0.0,0.0,0.0,0.0,0.0,0.0,0.0,0.0,0.0,0.0,0.0,0.0,0.0,0.0,0.0,0.0,0.0,0.0,0.0,0.0,0.0,0.0,0.0,0.0,0.0,0.0,0.0,0.0,0.0,0.0,0.0,9.687511682510376,0.0,0.0,0.0
"111,161",2498.039185176989,0.0,0.0,0.0,0.0,0.0,0.0,0.0,0.0,0.0,0.0,17701.06071762571,46501.34862070831,35962.06395610735,12721.872679514978,6196.172178231034,1393.8279283046722,18434.593526835535,48120.76496604845,36439.11626834121,12676.007027324977,6153.512186093423,1387.37473654747,19031.53133989222,49338.89340466612,36731.77461928573,12548.306671051885,6032.7232345244465,1329.3059554100037,19605.13077627818,50483.15182420693,37093.466776524336,12684.178824479906,6087.570510019976,1351.8899068832397,20123.607126244377,51813.528815778096,38047.52270944539,12993.937437827914,6245.666563858706,1400.6451577476428,0.0,0.0,0.0,0.0,0.0,0.0,0.0,0.0,0.0,0.0,0.0,0.0,0.0,0.0,0.0,0.0,0.0,0.0,0.0,0.0,0.0,0.0,0.0,0.0,0.0,0.0,0.0,0.0,0.0,0.0,0.0,0.0,0.0,0.0,0.0,0.0,0.0
"112,161",2496.1992745104835,0.0,0.0,0.0,0.0,0.0,0.0,0.0,0.0,0.0,0.0,21229.96280358632,37859.22277221211,37505.5534318176,14884.869448937623,7272.669364482282,691.6490937167523,22766.33756393451,38954.49416796085,37813.05720150424,14923.433549828624,7179.841793725071,678.7519229346631,23872.49444772869,40106.715531782065,38165.43537384763,15059.630255889895,7164.047516467525,665.8480623656628,25711.0996423207,41332.32113511702,38835.26379919146,15239.829243943272,7238.192402484371,675.5229550296185,26686.512744866166,42540.460455229695,39696.59354920107,15527.2087044398,7351.049622180416,665.4944423797084,0.0,0.0,0.0,0.0,0.0,0.0,0.0,0.0,0.0,0.0,0.0,0.0,0.0,0.0,0.0,0.0,0.0,0.0,0.0,0.0,0.0,0.0,0.0,0.0,0.0,0.0,0.0,0.0,0.0,0.0,0.0,0.0,0.0,0.0,0.0,0.0,0.0
"113,161",2465.8634130085,0.0,0.0,0.0,0.0,0.0,0.0,0.0,0.0,0.0,0.0,24981.581740968373,26655.682538737503,13333.241838160682,4571.857737012938,2154.220468743642,295.64112556681914,27602.234567056923,28909.124347311845,14273.044824800307,4848.0082102616625,2237.986724837621,298.86493290171904,30254.400831579696,31029.484772524185,15159.932187754499,5099.274134715398,2315.293737774269,305.30631054148955,33874.24006149816,34324.575065756784,16146.79388983577,5389.833429764766,2429.234905572031,321.41307175860686,35543.85722182593,36795.45825806973,17538.165730670855,5792.08315929712,2608.568215619817,318.19063127742095,0.0,0.0,0.0,0.0,0.0,0.0,0.0,0.0,0.0,0.0,0.0,0.0,0.0,0.0,0.0,0.0,0.0,0.0,0.0,0.0,0.0,0.0,0.0,0.0,0.0,0.0,0.0,0.0,0.0,0.0,0.0,0.0,0.0,0.0,0.0,0.0,0.0
"114,161",2480.7344638574455,0.0,0.0,0.0,0.0,0.0,0.0,0.0,0.0,0.0,0.0,16971.608950546673,25374.640833011326,10115.264027372059,3121.0501691612544,2654.0687898355372,916.4909505470126,18645.811927954357,27190.787784409993,10628.17095862931,3216.515880766102,2593.100255057391,887.521210156235,20032.724001935887,29193.303471988787,11230.847202599283,3364.5826072122536,2649.5999102723367,913.2677030189365,21951.213090149566,31587.198830698053,12037.490865914962,3570.6247348215065,2754.0258009882536,964.7664432151645,23334.102843114448,33216.91933131873,12536.950645431816,3676.8369256692777,2809.802147876515,967.9875311477512,0.0,0.0,0.0,0.0,0.0,0.0,0.0,0.0,0.0,0.0,0.0,0.0,0.0,0.0,0.0,0.0,0.0,0.0,0.0,0.0,0.0,0.0,0.0,0.0,0.0,0.0,0.0,0.0,0.0,0.0,0.0,0.0,0.0,0.0,0.0,0.0,0.0
"115,161",2489.7705908515895,0.0,0.0,0.0,6.429494857788086,3.2147305011749268,0.0,0.0,0.0,6.429494857788086,3.2147305011749268,44151.61170475436,18288.040189372794,7034.486125817019,2592.9417300607647,1830.399045825472,788.137633562088,46657.04659719,19132.944510274778,7340.6889587701535,2680.596741777308,1838.2744300131703,791.3535711765289,48670.90345121365,19985.467512851603,7614.162412727581,2812.4948283251597,1926.580619168749,801.0033719539642,51699.02855298379,20981.765716658385,8030.54450839828,2960.47379193867,2002.3573901419545,820.3042345046997,54014.123627722496,21982.846521300897,8339.692724003511,3069.0477243395417,2051.41886882221,852.4682278633118,0.0,0.0,0.0,0.0,0.0,0.0,0.0,0.0,0.0,0.0,0.0,0.0,0.0,0.0,0.0,0.0,0.0,0.0,0.0,0.0,0.0,0.0,0.0,0.0,0.0,6.429494857788086,0.0,0.0,0.0,0.0,0.0,3.2147305011749268,0.0,0.0,0.0,0.0,0.0
"116,161",2487.3333745730083,0.0,0.0,0.0,0.0,0.0,0.0,0.0,0.0,0.0,0.0,39291.58695221228,10854.254627305385,1701.032965331919,310.8467220811283,183.08592796325684,163.80539393424988,43080.5061081344,11490.32424433839,1749.9264306573307,310.8468293694889,192.72115421295166,163.80539393424988,48526.24605486627,12184.330258685466,1817.372475340787,323.69562573713415,199.14482188224792,163.80539393424988,54693.944687795636,13411.609359818813,1923.3681451825535,333.32832975668066,234.4806191921234,173.44074010849,60662.025780261734,14301.573422271129,2000.453995182935,352.5999745873844,228.0563406944275,173.44074010849,0.0,0.0,0.0,0.0,0.0,0.0,0.0,0.0,0.0,0.0,0.0,0.0,0.0,0.0,0.0,0.0,0.0,0.0,0.0,0.0,0.0,0.0,0.0,0.0,0.0,0.0,0.0,0.0,0.0,0.0,0.0,0.0,0.0,0.0,0.0,0.0,0.0
"117,161",2484.7487923750496,0.0,0.0,0.0,3.2104690074920654,3.2111008167266846,0.0,0.0,0.0,3.2104690074920654,3.2111008167266846,34940.38293462173,19555.449118395412,4914.110673160179,1154.5673631135155,720.0230249853695,269.68282675743103,34236.81028270067,19002.82498321907,4764.131517347635,1128.8954409066368,711.2017518464257,272.89516162872314,34316.72915816588,18634.652293382907,4691.156510309144,1074.3482528630425,695.1611699048211,276.1062264442444,34911.47383013052,18705.33624900369,4647.057488947288,1035.839701980703,711.2088443223168,276.1061658859253,36381.874105182345,19571.953730078305,4919.849889307396,1083.972261280172,715.1265709652621,282.528525352478,0.0,0.0,0.0,0.0,0.0,0.0,0.0,0.0,0.0,0.0,0.0,0.0,0.0,0.0,0.0,0.0,0.0,0.0,0.0,0.0,0.0,0.0,0.0,0.0,0.0,3.2104690074920654,0.0,0.0,0.0,0.0,0.0,0.0,3.2111008167266846,0.0,0.0,0.0,0.0
"118,161",2482.017731560797,0.0,0.0,0.0,0.0,0.0,0.0,0.0,0.0,0.0,0.0,19564.88806758862,19158.782804134782,5324.661376707227,1138.9776972658494,681.1324537922354,56.27873057758107,19266.47928448471,18914.228152351752,5434.597550946591,1110.1205324060777,665.0966874290915,56.27873057758107,18912.30742023412,18781.89754599777,5339.870601511002,1129.3552819616655,639.4469743896933,56.27873057758107,20533.750972217673,20260.85688381008,5208.450771188736,1148.5931338198045,645.8573325802298,59.484471029393816,21505.824166529786,21737.091532925064,5311.167534160614,1176.0201774428872,664.3713161805097,56.277481025808,0.0,0.0,0.0,0.0,0.0,0.0,0.0,0.0,0.0,0.0,0.0,0.0,0.0,0.0,0.0,0.0,0.0,0.0,0.0,0.0,0.0,0.0,0.0,0.0,0.0,0.0,0.0,0.0,0.0,0.0,0.0,0.0,0.0,0.0,0.0,0.0,0.0
"119,161",2479.1411273907756,0.0,0.0,0.0,0.0,0.0,0.0,0.0,0.0,0.0,0.0,46565.59464646228,20561.72581597029,5588.398575750051,2704.0009811784703,3485.1372588587737,1507.5103273017733,46523.2454739524,20023.217004034566,5444.598676128015,2633.546469774433,3457.1057097294747,1533.1187908275454,47238.985392694856,20583.287682682854,5498.335039938198,2655.9639197256047,3421.8688783028542,1552.325644455704,48584.918824241686,21221.17413885734,5604.142120922314,2754.238750773785,3434.71160882501,1541.6636738347072,49997.992537441445,21905.5907040035,5808.362340580248,2790.8678916407566,3466.7155897000252,1551.2697569893855,0.0,0.0,0.0,0.0,0.0,0.0,0.0,0.0,0.0,0.0,0.0,0.0,0.0,0.0,0.0,0.0,0.0,0.0,0.0,0.0,0.0,0.0,0.0,0.0,0.0,0.0,0.0,0.0,0.0,0.0,0.0,0.0,0.0,0.0,0.0,0.0,0.0
"120,161",2476.119962380927,0.0,0.0,0.0,0.0,0.0,0.0,0.0,0.0,0.0,0.0,34015.54536856951,30053.469784864727,15148.371535013239,6658.637275728526,7267.656621718874,5142.700369424446,34973.239946978705,29943.203033579095,15083.880488799601,6669.022456346774,7319.178255470127,5149.453629689123,35491.7292170403,30651.101048164743,15483.608508939367,6793.78524964931,7341.582994134754,5104.721511559393,35264.71281638426,30620.08835677352,15695.034753141215,6817.214433927163,7319.5416600592,5089.802445209727,35319.70882310307,30770.79550504965,15786.450533689238,6830.011117715462,7292.471524606032,5064.238694465861,0.0,0.0,0.0,0.0,0.0,0.0,0.0,0.0,0.0,0.0,0.0,0.0,0.0,0.0,0.0,0.0,0.0,0.0,0.0,0.0,0.0,0.0,0.0,0.0,0.0,0.0,0.0,0.0,0.0,0.0,0.0,0.0,0.0,0.0,0.0,0.0,0.0
"121,161",2472.9552655641596,0.0,0.0,0.0,0.0,0.0,0.0,0.0,0.0,0.0,0.0,26209.001618547998,38562.29252796735,22710.359390752456,9887.570308715223,8658.420232587703,3834.3057452052244,26619.923313081963,39272.277888054006,23288.507573717714,10012.122600346922,8798.61738671602,3827.557277392406,26739.33149200047,39354.657755208485,23580.952945066903,10111.910614554088,8785.807566540849,3869.0752076616473,26637.595894291822,39377.781019464186,23743.13246472303,10124.666317764919,8836.554158270594,3885.044659565944,26666.259919620963,39599.58729834182,23762.617357484967,10025.629257265728,8667.911426571303,3862.679351042766,0.0,0.0,0.0,0.0,0.0,0.0,0.0,0.0,0.0,0.0,0.0,0.0,0.0,0.0,0.0,0.0,0.0,0.0,0.0,0.0,0.0,0.0,0.0,0.0,0.0,0.0,0.0,0.0,0.0,0.0,0.0,0.0,0.0,0.0,0.0,0.0,0.0
"122,161",2469.6481117093376,0.0,0.0,0.0,0.0,0.0,0.0,0.0,0.0,0.0,0.0,5461.33075001193,7085.661160784142,7285.242420432147,5729.053658059064,7552.871787853802,3568.3841058843273,5560.57642271659,7146.604114823249,7364.700621663823,5790.4383670778825,7611.890727042217,3574.8018989198345,5672.261694404191,7132.627293340834,7347.082010373882,5809.304784929051,7585.8772814171,3488.422205958647,5774.015561979893,7231.389149324567,7364.48840713501,5860.359815990223,7558.003953148337,3444.8430087902966,5759.216930648393,7301.053008779824,7303.891196966171,5761.503484403385,7437.859451385573,3339.5792746880475,0.0,0.0,0.0,0.0,0.0,0.0,0.0,0.0,0.0,0.0,0.0,0.0,0.0,0.0,0.0,0.0,0.0,0.0,0.0,0.0,0.0,0.0,0.0,0.0,0.0,0.0,0.0,0.0,0.0,0.0,0.0,0.0,0.0,0.0,0.0,0.0,0.0
"123,161",2466.199620514963,0.0,0.0,0.0,0.0,0.0,0.0,0.0,0.0,0.0,0.0,1146.2926302975302,1682.5032391781901,2643.9490338867786,2577.6713141375894,2865.8776926423993,1194.5962067155278,1162.2183393067007,1717.5485654111003,2667.286363515667,2538.995256107929,2884.9732920553174,1221.4804264414543,1174.979620558608,1643.2081277576149,2603.547030839733,2474.9012517714036,2816.975230262794,1232.1041902383167,1185.5927687738456,1602.8392048115825,2540.1601788389917,2427.075354316188,2789.84070799117,1258.8903723969179,1150.522116288952,1561.4113354916667,2436.780240289838,2380.0497829914098,2698.1519797091387,1274.7955592884737,0.0,0.0,0.0,0.0,0.0,0.0,0.0,0.0,0.0,0.0,0.0,0.0,0.0,0.0,0.0,0.0,0.0,0.0,0.0,0.0,0.0,0.0,0.0,0.0,0.0,0.0,0.0,0.0,0.0,0.0,0.0,0.0,0.0,0.0,0.0,0.0,0.0
"124,161",2462.6109557721525,0.0,0.0,0.0,0.0,0.0,0.0,0.0,0.0,0.0,0.0,2218.207135866203,4971.216509047677,6732.107938759936,7428.436505241955,18524.99782781975,14217.943180655499,2278.644109676399,5028.51860875242,6844.168354479472,7486.342639635123,18728.128367215508,14255.462531053317,2329.533125827827,5130.330474982542,6997.608084489786,7523.625139508528,18800.66590353928,14297.814617413163,2380.4356233578105,5229.653508450004,7097.273381756802,7635.693708111258,18959.07518060534,14518.16758880989,2415.4361422884695,5252.588311116836,7052.465378296608,7570.238366659015,18554.106127763254,14269.435017841935,0.0,0.0,0.0,0.0,0.0,0.0,0.0,0.0,0.0,0.0,0.0,0.0,0.0,0.0,0.0,0.0,0.0,0.0,0.0,0.0,0.0,0.0,0.0,0.0,0.0,0.0,0.0,0.0,0.0,0.0,0.0,0.0,0.0,0.0,0.0,0.0,0.0
"125,161",2458.883324489662,0.0,0.0,0.0,0.0,0.0,0.0,0.0,0.0,0.0,0.0,5328.622152851142,9166.444481844062,9778.20076903923,7822.042466030869,13858.658813211028,11501.953838370828,5360.420617149391,9287.163615459556,9818.77999531989,7875.876439360077,13942.58693406161,11512.481604132,5398.534660385169,9435.63044929224,9929.211725747353,7920.303989914352,14006.036153050029,11460.833211966123,5462.078423784294,9562.016989093669,9907.66108696788,7862.435718428856,14059.141280115351,11386.236969339147,5693.976970348171,9904.438754763321,10307.204386031395,8043.735563604504,14294.298326531578,11572.72170680177,0.0,0.0,0.0,0.0,0.0,0.0,0.0,0.0,0.0,0.0,0.0,0.0,0.0,0.0,0.0,0.0,0.0,0.0,0.0,0.0,0.0,0.0,0.0,0.0,0.0,0.0,0.0,0.0,0.0,0.0,0.0,0.0,0.0,0.0,0.0,0.0,0.0
"126,161",2455.017975985384,0.0,0.0,0.0,0.0,0.0,0.0,0.0,0.0,0.0,0.0,2046.2139197742238,5077.520970913009,7173.081572915994,8633.04463169528,26254.046454445517,42968.62497781773,2065.240207329918,5140.954917999343,7318.940617467843,8740.85423395587,26691.059083542164,43073.39710992925,2124.775600708232,5251.936595531539,7442.630591060602,8848.689802860747,27088.369083933732,43481.81334665149,2169.1596377260544,5300.294793329987,7512.371157314264,8973.088275506449,27334.321704958933,43941.720377353595,2232.5808177358963,5385.904993258271,7648.733729268991,9096.74571497674,27856.016033804648,44782.78943162713,0.0,0.0,0.0,0.0,0.0,0.0,0.0,0.0,0.0,0.0,0.0,0.0,0.0,0.0,0.0,0.0,0.0,0.0,0.0,0.0,0.0,0.0,0.0,0.0,0.0,0.0,0.0,0.0,0.0,0.0,0.0,0.0,0.0,0.0,0.0,0.0,0.0
"127,161",2451.0162009810383,0.0,0.0,0.0,0.0,0.0,0.0,0.0,0.0,0.0,0.0,4971.356862228056,9955.53706572383,12433.952360903982,12874.775276874094,35121.48005672155,69268.23859507898,5007.601825795454,9923.916693905288,12427.671410357718,12840.021822904138,35205.33051387094,69087.77263500457,4970.327272833094,9837.676295108422,12380.237634455923,12813.934111399743,35164.91979194809,68923.983914883,4958.609843053069,9853.488121575936,12314.71554725217,12676.142542210746,34793.62392952488,67210.14761685017,4933.305784501281,9826.44164190199,12271.958788422042,12619.797796001621,34536.21363750252,66066.31484784426,0.0,0.0,0.0,0.0,0.0,0.0,0.0,0.0,0.0,0.0,0.0,0.0,0.0,0.0,0.0,0.0,0.0,0.0,0.0,0.0,0.0,0.0,0.0,0.0,0.0,0.0,0.0,0.0,0.0,0.0,0.0,0.0,0.0,0.0,0.0,0.0,0.0
"128,161",1928.6945711963394,0.0,0.0,0.0,0.0,0.0,0.0,0.0,0.0,0.0,0.0,7388.881905365926,12494.50084345294,14528.951469721515,14056.743493075464,32424.79724702554,39242.21303348541,7440.401569992889,12534.774356342765,14547.894157948214,14075.67867993841,32379.314543262182,39173.21426330267,7453.03576651274,12582.19062111518,14585.812455954272,14032.186772889718,32402.33817615041,39046.97220115942,7425.995489547768,12658.82244008756,14672.57624707783,14136.665541872324,32471.08379256772,38776.76795762379,7536.6335100632095,12796.507746014873,14795.059898059511,14196.900371022317,32679.641274933718,38876.333654415845,0.0,0.0,0.0,0.0,0.0,0.0,0.0,0.0,0.0,0.0,0.0,0.0,0.0,0.0,0.0,0.0,0.0,0.0,0.0,0.0,0.0,0.0,0.0,0.0,0.0,0.0,0.0,0.0,0.0,0.0,0.0,0.0,0.0,0.0,0.0,0.0,0.0
"129,161",134.4582483591988,0.0,0.0,0.0,0.0,0.0,0.0,0.0,0.0,0.0,0.0,322.0342528072058,747.37828373722,998.9418636593166,948.1284081057006,2343.264831410203,4336.721237374288,326.9858165021036,760.0078625660317,1008.4126435550991,967.0727457121307,2373.933170465395,4432.433864520578,323.8284964795206,772.6377809029,1011.5711613926235,986.0155064180785,2412.0573818590133,4507.356834827685,317.51385667277316,769.4806406479256,1011.5706826481166,982.8566886499816,2410.99080326043,4522.7420150093,320.67117669535617,766.322961805381,1011.5705832275692,976.5419687345916,2428.8720603372544,4540.401071303499,0.0,0.0,0.0,0.0,0.0,0.0,0.0,0.0,0.0,0.0,0.0,0.0,0.0,0.0,0.0,0.0,0.0,0.0,0.0,0.0,0.0,0.0,0.0,0.0,0.0,0.0,0.0,0.0,0.0,0.0,0.0,0.0,0.0,0.0,0.0,0.0,0.0
"90,162",1063.774602192871,0.0,0.0,0.0,0.0,0.0,0.0,0.0,0.0,0.0,0.0,129.2642867565155,0.0,0.0,0.0,0.0,0.0,122.8013436794281,0.0,0.0,0.0,0.0,0.0,113.10601449012756,0.0,0.0,0.0,0.0,0.0,116.3373110294342,0.0,0.0,0.0,0.0,0.0,142.18962407112122,0.0,0.0,0.0,0.0,0.0,0.0,0.0,0.0,0.0,0.0,0.0,0.0,0.0,0.0,0.0,0.0,0.0,0.0,0.0,0.0,0.0,0.0,0.0,0.0,0.0,0.0,0.0,0.0,0.0,0.0,0.0,0.0,0.0,0.0,0.0,0.0,0.0,0.0,0.0,0.0,0.0,0.0
"91,162",2502.798462743891,0.0,0.0,0.0,0.0,0.0,0.0,0.0,0.0,0.0,0.0,196.559528465832,14.54074343326045,0.0,3.233302116394043,0.0,0.0,199.79457366045784,11.308585010790358,0.0,3.233302116394043,0.0,0.0,203.0259751039393,11.308585010790358,0.0,0.0,0.0,0.0,221.61221281500423,14.541402660631666,0.0,0.0,0.0,0.0,249.08294039707556,24.241863809847366,5.655127975052478,8.88840519400204,6.466627597808838,0.0,0.0,0.0,0.0,0.0,0.0,0.0,0.0,0.0,0.0,0.0,0.0,0.0,0.0,0.0,0.0,0.0,0.0,0.0,0.0,0.0,0.0,0.0,0.0,0.0,0.0,0.0,0.0,0.0,0.0,0.0,0.0,0.0,0.0,0.0,0.0,0.0,0.0
"92,162",2504.031082384632,0.0,0.0,0.0,0.0,0.0,0.0,0.0,0.0,0.0,0.0,70.9543972716612,3.2339274883270264,4.844512696359672,2.422270991755467,0.0,0.0,70.95441992142621,5.656206873351453,4.844512696359672,2.422270991755467,0.0,0.0,67.72065574982587,5.656206873351453,4.844512696359672,2.422270991755467,0.0,0.0,67.72065574982587,8.07846947183796,7.266771187501795,2.422270991755467,0.0,0.0,67.72065574982587,8.07846947183796,7.266771187501795,2.422270991755467,0.0,0.0,0.0,0.0,0.0,0.0,0.0,0.0,0.0,0.0,0.0,0.0,0.0,0.0,0.0,0.0,0.0,0.0,0.0,0.0,0.0,0.0,0.0,0.0,0.0,0.0,0.0,0.0,0.0,0.0,0.0,0.0,0.0,0.0,0.0,0.0,0.0,0.0,0.0
"93,162",2505.110571739282,0.0,0.0,0.0,0.0,0.0,0.0,0.0,0.0,0.0,0.0,1861.5296395544913,25.88656210899353,0.0,0.0,0.0,0.0,1858.2985804800894,25.88656210899353,0.0,0.0,0.0,0.0,2028.9874636659436,29.122130870819092,0.0,0.0,0.0,0.0,2041.1218960359986,32.35774254798889,0.0,0.0,0.0,0.0,2202.917145974963,38.82948613166809,0.0,0.0,0.0,0.0,0.0,0.0,0.0,0.0,0.0,0.0,0.0,0.0,0.0,0.0,0.0,0.0,0.0,0.0,0.0,0.0,0.0,0.0,0.0,0.0,0.0,0.0,0.0,0.0,0.0,0.0,0.0,0.0,0.0,0.0,0.0,0.0,0.0,0.0,0.0,0.0,0.0
"94,162",2506.0365527062904,0.0,0.0,0.0,0.0,0.0,0.0,0.0,0.0,0.0,0.0,22309.278821594577,158.26172761169136,0.0,0.0,0.0,0.0,22060.057169086795,161.49911598411262,0.0,0.0,0.0,0.0,22361.081690914492,171.21018079963386,0.0,0.0,0.0,0.0,22684.79040563808,223.0076749726838,0.0,0.0,0.0,0.0,22500.29893649326,213.2963858052796,0.0,0.0,0.0,0.0,0.0,0.0,0.0,0.0,0.0,0.0,0.0,0.0,0.0,0.0,0.0,0.0,0.0,0.0,0.0,0.0,0.0,0.0,0.0,0.0,0.0,0.0,0.0,0.0,0.0,0.0,0.0,0.0,0.0,0.0,0.0,0.0,0.0,0.0,0.0,0.0,0.0
"95,162",2506.808700652073,0.0,0.0,0.0,0.0,0.0,0.0,0.0,0.0,0.0,0.0,1887.7007267007643,39.20952888283075,0.0,0.0,0.0,0.0,1871.51629133318,35.97185798439325,0.0,0.0,0.0,0.0,1988.089680863362,35.97185798439325,0.0,0.0,0.0,0.0,2146.756817532521,39.209515054553165,0.0,0.0,0.0,0.0,2205.0460531244094,39.209515054553165,0.0,0.0,0.0,0.0,0.0,0.0,0.0,0.0,0.0,0.0,0.0,0.0,0.0,0.0,0.0,0.0,0.0,0.0,0.0,0.0,0.0,0.0,0.0,0.0,0.0,0.0,0.0,0.0,0.0,0.0,0.0,0.0,0.0,0.0,0.0,0.0,0.0,0.0,0.0,0.0,0.0
"96,162",2507.4267446623585,0.0,0.0,0.0,0.0,0.0,0.0,0.0,0.0,0.0,0.0,8668.63335724064,276.74929665023205,29.151329517364502,3.239010810852051,3.2390220165252686,3.2390198707580566,9371.46325917431,279.9883632510316,29.151329517364502,3.239010810852051,3.2390220165252686,3.2390198707580566,9665.387525356517,292.9433925002229,29.151329517364502,3.239010810852051,9.717100143432617,3.2390198707580566,10188.28106951433,289.7044577448976,29.151329517364502,3.239010810852051,9.717100143432617,3.2390198707580566,11017.40615367609,396.5930266230714,55.063782691955566,16.195204734802246,9.717100143432617,3.2390198707580566,0.0,0.0,0.0,0.0,0.0,0.0,0.0,0.0,0.0,0.0,0.0,0.0,0.0,0.0,0.0,0.0,0.0,0.0,0.0,0.0,0.0,0.0,0.0,0.0,0.0,0.0,0.0,0.0,0.0,0.0,0.0,0.0,0.0,0.0,0.0,0.0,0.0
"97,162",2507.8904677527917,0.0,0.0,0.0,0.0,0.0,0.0,0.0,0.0,0.0,0.0,39606.52043371761,785.5440101997524,211.41201187395583,52.55760357800652,41.301571107378194,12.958362102508545,42047.50775919335,802.4664738355899,208.17242337488662,52.55760357800652,44.54116675900478,12.958362102508545,44515.060374740526,824.4197376148373,208.17242337488662,55.797181586658255,41.30158565091152,12.958362102508545,50203.84014337577,841.3416717230106,208.1724279048396,59.03677723828484,38.06198999928493,12.958362102508545,52979.016105036644,856.7256917448605,208.1724279048396,55.79718301716973,29.15633511543274,6.479189872741699,0.0,0.0,0.0,0.0,0.0,0.0,0.0,0.0,0.0,0.0,0.0,0.0,0.0,0.0,0.0,0.0,0.0,0.0,0.0,0.0,0.0,0.0,0.0,0.0,0.0,0.0,0.0,0.0,0.0,0.0,0.0,0.0,0.0,0.0,0.0,0.0,0.0
"98,162",2508.199707037676,0.0,0.0,0.0,0.0,0.0,0.0,0.0,0.0,0.0,0.0,74425.13063189002,44653.758228261795,10295.973016669705,3637.5961974994807,4399.692479069093,1098.299600050496,77757.1286745221,47613.3514248904,10930.145369378257,3659.4595723694447,4358.385148158728,1091.8191696858873,79930.27909520747,49911.049472508705,11629.92991098516,3746.121397817836,4442.620844474493,1101.5387119508257,81337.77403306492,51731.051920371894,12109.409617034125,3746.1194587595323,4364.8625589520325,1039.1679608429179,82648.4336040366,53562.33718944624,12682.029975142199,3823.8742736227373,4368.101623645483,1035.9280714596018,0.0,0.0,0.0,0.0,0.0,0.0,0.0,0.0,0.0,0.0,0.0,0.0,0.0,0.0,0.0,0.0,0.0,0.0,0.0,0.0,0.0,0.0,0.0,0.0,0.0,0.0,0.0,0.0,0.0,0.0,0.0,0.0,0.0,0.0,0.0,0.0,0.0
"99,162",2508.354353855868,0.0,0.0,0.0,0.0,0.0,0.0,0.0,0.0,0.0,0.0,54548.047841022526,38605.18748123225,15312.09094232017,6122.104275365904,7490.7540687233795,3212.4020544313917,56700.177506744156,40756.15502149638,15995.726706680598,6158.557959700565,7474.555062881171,3167.042714478923,57494.78373133715,41977.878321417644,16452.56355970794,6262.237167502384,7487.51553403443,3196.202467324687,57478.677762903884,42372.77901984103,16782.31883376533,6252.518096223532,7370.876839986502,3086.8572304978093,58041.61884601163,43397.5877654057,17356.606881693297,6378.8767893463955,7409.757044425665,3080.3773332371434,0.0,0.0,0.0,0.0,0.0,0.0,0.0,0.0,0.0,0.0,0.0,0.0,0.0,0.0,0.0,0.0,0.0,0.0,0.0,0.0,0.0,0.0,0.0,0.0,0.0,0.0,0.0,0.0,0.0,0.0,0.0,0.0,0.0,0.0,0.0,0.0,0.0
"100,162",2508.3543538558692,0.0,0.0,0.0,0.0,0.0,0.0,0.0,0.0,0.0,0.0,39162.6325723405,31699.9303628052,7623.297450988433,1030.902118028379,288.52152396650877,14.57347544034322,40866.07485495362,34224.42907645937,8386.478332564411,1163.7404842984442,333.88069249601926,14.57347544034322,42658.93160541853,36857.7987391341,9177.37250896061,1280.3788700711493,353.32051063986387,14.57347544034322,43723.33788819781,38817.59288558306,9785.761467013639,1361.3780763756995,379.240419401842,14.57347544034322,44623.57804076999,40572.196053256244,10345.121369781682,1426.1775508534674,427.8400416514453,14.57347544034322,0.0,0.0,0.0,0.0,0.0,0.0,0.0,0.0,0.0,0.0,0.0,0.0,0.0,0.0,0.0,0.0,0.0,0.0,0.0,0.0,0.0,0.0,0.0,0.0,0.0,0.0,0.0,0.0,0.0,0.0,0.0,0.0,0.0,0.0,0.0,0.0,0.0
"101,162",2508.1997070376524,0.0,0.0,0.0,0.0,0.0,0.0,0.0,0.0,0.0,0.0,18627.7523509091,29798.41792480151,13368.896316860239,5316.0299618636855,5027.371981624528,2174.854516545464,19968.718439377986,32431.059906709896,15073.826800562356,5917.820779583501,5509.546621910731,2304.446875373055,21577.71374937039,35274.0829035946,16660.91294375775,6422.414354688046,5875.645154110591,2411.3602176105273,22596.447165687412,37027.51018091183,17487.425925030428,6574.6848446191525,5983.626441968656,2456.717159310509,22919.813085077327,37396.539367584155,17396.01773493991,6385.712854131997,5847.55599452374,2412.1724355211445,0.0,0.0,0.0,0.0,0.0,0.0,0.0,0.0,0.0,0.0,0.0,0.0,0.0,0.0,0.0,0.0,0.0,0.0,0.0,0.0,0.0,0.0,0.0,0.0,0.0,0.0,0.0,0.0,0.0,0.0,0.0,0.0,0.0,0.0,0.0,0.0,0.0
"102,162",2499.574911228317,0.0,9.718390941619873,0.0,0.0,0.0,0.0,9.718390941619873,0.0,0.0,0.0,14898.50893205942,35629.62024196271,19087.196503086652,4173.596181733001,2538.858149607976,1410.924603696898,16791.667946268528,40518.63100071607,22486.996129393116,4819.593001541437,2743.953496903064,1423.881503578261,17926.464067158977,43688.12917075906,24550.405216835057,5171.0540517750915,2863.455645730449,1432.7852518034915,18733.947029269908,46819.02892775535,26247.148824954504,5391.670841863108,2934.352134634467,1432.7847482634525,18896.11271347532,47238.78348411112,26420.968493197008,5263.17205250123,2872.8040942444522,1410.1093372775058,0.0,0.0,0.0,0.0,0.0,0.0,0.0,0.0,0.0,0.0,0.0,0.0,0.0,0.0,6.479085445404053,3.2393054962158203,0.0,0.0,0.0,0.0,0.0,0.0,0.0,0.0,0.0,0.0,0.0,0.0,0.0,0.0,0.0,0.0,0.0,0.0,0.0,0.0,0.0
"103,162",2507.4267446623708,0.0,3.2387423515319824,0.0,0.0,3.239076614379883,0.0,0.0,0.0,0.0,3.239076614379883,10589.552874363171,27204.68382771342,16262.784558960035,5277.373624230366,3682.6157349745426,1402.3838949670978,11854.31895490534,30313.24887396494,18096.837675659328,5840.207306623459,3836.1062307909415,1385.3898555475123,13075.003891616709,33296.74913677421,20025.282690116474,6292.922682049695,3971.675981972264,1356.2402216630824,14575.623731225143,36478.25232203708,21739.001663258496,6751.404963619569,4170.144253070681,1362.7183226781733,15372.025344851438,38505.143684907984,22666.756649413765,6906.867505676606,4163.668435390322,1362.7178241449244,0.0,0.0,0.0,0.0,0.0,0.0,0.0,0.0,0.0,0.0,0.0,0.0,0.0,0.0,0.0,0.0,0.0,0.0,0.0,0.0,0.0,0.0,0.0,0.0,0.0,0.0,0.0,0.0,0.0,0.0,0.0,0.0,3.239076614379883,0.0,0.0,0.0,0.0
"104,162",2506.8087006520573,0.0,0.0,0.0,0.0,0.0,0.0,0.0,0.0,0.0,0.0,21322.714046337092,47633.48983544369,26908.194222824248,9064.487206808726,7653.816842013714,3213.5161910571305,21856.61516141144,49048.37610904095,27871.753641362284,9357.87393319186,7761.386043454151,3207.0357971705644,22397.592622356784,50533.608551114216,28977.707366403883,9697.760650720784,7745.195992136936,3158.463890842363,22848.024655761907,51642.33288683143,29812.289728116994,9896.347165746316,7763.546373352349,3145.5110710181443,23234.767744234494,52724.58386950119,30544.228165246932,10174.813462419135,7792.692471489251,3174.648676923677,0.0,0.0,0.0,0.0,0.0,0.0,0.0,0.0,0.0,0.0,0.0,0.0,0.0,0.0,0.0,0.0,0.0,0.0,0.0,0.0,0.0,0.0,0.0,0.0,0.0,0.0,0.0,0.0,0.0,0.0,0.0,0.0,0.0,0.0,0.0,0.0,0.0
"105,162",2506.036552706334,0.0,0.0,3.2374415397644043,0.0,0.0,0.0,0.0,3.2374415397644043,0.0,0.0,12935.56688448962,31056.0259779902,20220.87342484979,8781.323128949894,8719.208426293206,4129.015313296224,13676.808430166806,32810.42396659851,21150.63765820148,9031.569866910637,8832.513758238625,4085.505851690442,14618.860877198798,34785.45172946499,22146.98586113126,9451.559030444952,8971.710917052102,4069.318812076718,15312.979491731232,36552.85760961327,23203.77838992044,9757.448938714757,9194.702397547517,4140.534979765088,16279.674072981814,38513.17832315388,24478.56609157955,10268.090570249746,9562.914601927178,4320.002954392339,0.0,0.0,0.0,0.0,0.0,0.0,0.0,0.0,0.0,0.0,0.0,0.0,0.0,0.0,0.0,0.0,0.0,0.0,0.0,0.0,0.0,3.2374415397644043,0.0,0.0,0.0,0.0,0.0,0.0,0.0,0.0,0.0,0.0,0.0,0.0,0.0,0.0,0.0
"106,162",2505.110571739313,0.0,0.0,0.0,0.0,0.0,0.0,0.0,0.0,0.0,0.0,47778.42348034523,47495.84043904566,17828.712587973652,6205.294888294444,4874.485538324656,2096.517093614503,48916.48608673882,49603.419286921446,18702.024755489125,6376.702384340996,4906.928819684422,2026.7676822615604,50852.32821050533,52093.91180770817,19808.59075027915,6661.465490978839,5042.122968696146,2013.8240379763583,52113.59263857954,53738.06041870678,20618.859922013566,7009.160774694705,5218.316467060763,2013.8237711859683,52893.33958001791,55274.55635526133,21617.883318836557,7242.054014153574,5503.07663918944,2058.4949244480504,0.0,0.0,0.0,0.0,0.0,0.0,0.0,0.0,0.0,0.0,0.0,0.0,0.0,0.0,0.0,0.0,0.0,0.0,0.0,0.0,0.0,0.0,0.0,0.0,0.0,0.0,0.0,0.0,0.0,0.0,0.0,0.0,0.0,0.0,0.0,0.0,0.0
"107,162",2504.031082384548,0.0,0.0,0.0,0.0,0.0,0.0,0.0,0.0,0.0,0.0,53984.743999983286,80906.32257554671,30877.354860259038,9548.65001892202,7581.732977959689,2568.093642172159,55081.27321332109,82447.78749981767,31289.948150708628,9659.348094990673,7666.543202074837,2564.860513862909,56196.83386197277,84251.27554838797,31790.600051656424,9728.896723320904,7706.075921215731,2590.736848530115,57269.99658092517,85836.59927676705,32136.71775008744,9797.001069267124,7712.551133551317,2584.267428812326,57611.33845284405,86609.69790724866,32311.394818797766,9825.389066888773,7683.438734926897,2577.801136669458,0.0,0.0,0.0,0.0,0.0,0.0,0.0,0.0,0.0,0.0,0.0,0.0,0.0,0.0,0.0,0.0,0.0,0.0,0.0,0.0,0.0,0.0,0.0,0.0,0.0,0.0,0.0,0.0,0.0,0.0,0.0,0.0,0.0,0.0,0.0,0.0,0.0
"108,162",2502.7984627438645,0.0,67.88448357582092,12.930537462234497,16.160730838775635,38.78881645202637,0.0,67.88448357582092,12.930537462234497,12.92879319190979,38.78881645202637,67104.84654058568,80784.30511253956,33897.63244426952,8824.400791123335,5761.381455398074,1948.7610006893383,67821.7991768304,81433.36612957879,34275.128407607364,9034.520408585493,5923.008903956881,2000.4866741264568,68384.29927577412,81823.78035987499,34590.47238018934,9131.48855181021,5997.34791061925,2001.2861881686192,68865.14512963669,82172.08425355799,34724.79022792367,9134.708653405134,5974.708091235629,1979.4690582967273,69173.05611431458,82589.02378303117,34969.76171539531,9202.594568922941,6032.895855403414,2018.2623429513446,0.0,0.0,0.0,0.0,0.0,0.0,0.0,0.0,0.0,0.0,0.0,0.0,0.0,48.489739656448364,19.39474391937256,0.0,0.0,0.0,0.0,12.930537462234497,0.0,0.0,0.0,0.0,0.0,0.0,12.92879319190979,0.0,0.0,0.0,0.0,29.09164333343506,9.697173118591309,0.0,0.0,0.0,0.0
"109,162",2501.4131440932283,0.0,0.0,0.0,0.0,6.463106155395508,0.0,0.0,0.0,0.0,6.463106155395508,32639.45940166081,64614.680144327765,40715.32947709233,16421.095849707548,10539.84633718285,2975.5063247063586,33236.3375931637,65548.56435094534,41448.6801858528,16689.2631248979,10807.198629341874,3049.823515830321,33464.95667494793,66011.81106874056,41637.69575590526,16757.11619527387,10808.985754957386,3053.0507706978747,33757.545656842805,66627.81906339982,42060.45128664503,16973.55734474706,10890.537039700677,3036.8939358571,33851.25208537064,66924.7075464529,42517.861890032706,17345.90673902362,11013.307800713708,3111.2145280220934,0.0,0.0,0.0,0.0,0.0,0.0,0.0,0.0,0.0,0.0,0.0,0.0,0.0,0.0,0.0,0.0,0.0,0.0,0.0,0.0,0.0,0.0,0.0,0.0,0.0,0.0,0.0,0.0,0.0,0.0,0.0,0.0,3.231873035430908,0.0,3.2312331199645996,0.0,0.0
"110,162",2499.8756105489883,0.0,12.914175033569336,3.2287027835845947,3.2287027835845947,0.0,0.0,12.914175033569336,3.2287027835845947,3.2287027835845947,0.0,23764.229584900535,65644.79563956635,45359.95243296529,18434.615421658877,8590.795934632246,656.1115254607855,24350.756672140196,66816.6624869571,46154.27670325017,18656.609241467835,8608.55221584825,652.8843132701575,24648.85783844181,67557.21364632588,46488.285718983294,18716.636070422566,8581.739651030186,656.1107434478461,24979.603505223407,68468.82474537268,46859.59663192244,18828.031797481988,8529.027819404415,659.3356115070044,25331.537199824466,69453.2465227286,47450.108875327955,19092.81694324157,8525.806358108333,656.1103932109534,0.0,0.0,0.0,0.0,0.0,0.0,0.0,0.0,0.0,0.0,0.0,0.0,0.0,6.457106590270996,3.2284576892852783,3.2286107540130615,0.0,0.0,0.0,0.0,3.2287027835845947,0.0,0.0,0.0,0.0,0.0,3.2287027835845947,0.0,0.0,0.0,0.0,0.0,0.0,0.0,0.0,0.0,0.0
"111,162",2498.1863986933668,0.0,0.0,0.0,0.0,0.0,0.0,0.0,0.0,0.0,0.0,21423.53606289602,48675.09833279404,36384.691349996305,16643.430272391262,9187.111084518247,992.8436279296875,22396.481739227445,50267.44017343708,36850.825136511936,16563.11914026597,9126.607456723383,979.9376320838928,23438.32924956247,51722.5262481166,37223.51681064157,16523.31835814177,9078.210013667276,957.345577955246,24815.492899214052,53697.07330250647,37932.34640600729,16639.4811227705,9037.332143346002,999.300225019455,26322.242692722997,55946.74825507519,38985.081820452455,16971.482768532813,9163.998854112626,1025.1164000034332,0.0,0.0,0.0,0.0,0.0,0.0,0.0,0.0,0.0,0.0,0.0,0.0,0.0,0.0,0.0,0.0,0.0,0.0,0.0,0.0,0.0,0.0,0.0,0.0,0.0,0.0,0.0,0.0,0.0,0.0,0.0,0.0,0.0,0.0,0.0,0.0,0.0
"112,162",2496.3460971593904,0.0,0.0,0.0,0.0,0.0,0.0,0.0,0.0,0.0,0.0,11567.908274616913,30431.415221822965,29422.81696034039,14736.492436208913,8613.542318644242,845.9930183906181,12330.742848837606,32113.532463076535,30060.990322002708,14722.438379711262,8513.594833194507,858.8846368808372,13193.43542447277,33711.26288878871,30774.820459291048,14839.319719969992,8453.51769921546,845.9893653411491,14138.931840602088,35305.30528120901,31557.259276292836,15040.02710790821,8366.433321926641,864.521757813061,14950.065800065619,37143.52589230631,32494.839797680044,15295.49104108717,8451.962843028237,887.0905854421503,0.0,0.0,0.0,0.0,0.0,0.0,0.0,0.0,0.0,0.0,0.0,0.0,0.0,0.0,0.0,0.0,0.0,0.0,0.0,0.0,0.0,0.0,0.0,0.0,0.0,0.0,0.0,0.0,0.0,0.0,0.0,0.0,0.0,0.0,0.0,0.0,0.0
"113,162",2494.221528732522,0.0,0.0,0.0,0.0,0.0,0.0,0.0,0.0,0.0,0.0,15917.326382184496,23739.309662117677,10565.770920591727,3106.063557338715,1838.7502572012882,496.59624035031186,17124.14089812765,25307.913881417815,10854.522766433976,3161.375300857133,1855.6765094420489,493.3737433639227,19075.64203184913,27730.905976514252,11418.649603492137,3266.6025733676615,1870.6084992006713,480.48386032254086,21940.82429244191,31341.20613878474,12313.09676214667,3437.325904580659,1903.628379061643,503.0392194476782,22925.269771714306,33034.15371928776,12949.011004196425,3569.0145273853755,1897.8794659623914,490.1520832267462,0.0,0.0,0.0,0.0,0.0,0.0,0.0,0.0,0.0,0.0,0.0,0.0,0.0,0.0,0.0,0.0,0.0,0.0,0.0,0.0,0.0,0.0,0.0,0.0,0.0,0.0,0.0,0.0,0.0,0.0,0.0,0.0,0.0,0.0,0.0,0.0,0.0
"114,162",2425.4875972208883,0.0,0.0,0.0,0.0,0.0,0.0,0.0,0.0,0.0,0.0,24604.031362064216,30577.577906276667,12534.314626344043,4309.471366162393,2325.3454481770013,240.97354444896476,25790.90060502408,32332.221001255748,13184.218605935339,4487.568109398261,2364.9142239280777,240.97465142642753,26903.89965276812,34336.93238949588,14440.601918775894,4871.682376418393,2615.9941406436997,258.85918093101657,29110.24178265684,38118.23881632674,16315.445352832006,5466.601339542163,2984.090032048319,314.9924522343804,30558.02594936034,40506.52134645499,17501.679457344726,5800.606965057521,3125.5905886687488,329.65566301719815,0.0,0.0,0.0,0.0,0.0,0.0,0.0,0.0,0.0,0.0,0.0,0.0,0.0,0.0,0.0,0.0,0.0,0.0,0.0,0.0,0.0,0.0,0.0,0.0,0.0,0.0,0.0,0.0,0.0,0.0,0.0,0.0,0.0,0.0,0.0,0.0,0.0
"115,162",2489.916110892759,0.0,0.0,0.0,0.0,0.0,0.0,0.0,0.0,0.0,0.0,55264.2737644289,28157.959000430386,5847.799575469074,2026.0540701940947,2501.3063478497897,1710.4055747069565,60608.04482730977,30219.724264350592,6145.521611126732,2145.080377061694,2554.5575164318084,1732.9292646922318,64219.481529368604,31460.4546323262,6407.8582988093885,2260.88799830231,2696.105621433258,1750.4537311965344,66759.8932846621,32719.465937910827,6733.259341531642,2379.268553982529,2856.9413088321685,1867.2398708670746,68648.23791420227,33304.85898327734,6861.952569299587,2423.4972758732592,2898.760138368606,1923.3687195656346,0.0,0.0,0.0,0.0,0.0,0.0,0.0,0.0,0.0,0.0,0.0,0.0,0.0,0.0,0.0,0.0,0.0,0.0,0.0,0.0,0.0,0.0,0.0,0.0,0.0,0.0,0.0,0.0,0.0,0.0,0.0,0.0,0.0,0.0,0.0,0.0,0.0
"116,162",2487.4784253379876,0.0,3.2137928009033203,0.0,0.0,0.0,0.0,3.2137928009033203,0.0,0.0,0.0,73511.04148535541,25568.178744157158,7384.975880063748,2161.115162453932,1977.3076927979787,543.7165001308217,81061.04853323955,26811.741004974705,7535.9987713467835,2167.5427710935182,1983.7341449578603,546.92671975248,88114.9393226848,27823.063632028243,7693.440508044934,2200.476753426533,2015.8526287396749,566.2053495322957,92775.02821758401,28647.301157639075,7859.7023216649595,2213.333465529423,2022.2739045937856,598.3311251079335,94768.96277086594,29084.326671987423,7960.098636218613,2249.472176400353,2073.6722073872884,598.3324688350453,0.0,0.0,0.0,0.0,0.0,0.0,0.0,0.0,0.0,0.0,0.0,0.0,0.0,0.0,3.2137928009033203,0.0,0.0,0.0,0.0,0.0,0.0,0.0,0.0,0.0,0.0,0.0,0.0,0.0,0.0,0.0,0.0,0.0,0.0,0.0,0.0,0.0,0.0
"117,162",2484.893360361898,0.0,0.0,0.0,0.0,0.0,0.0,0.0,0.0,0.0,0.0,18118.9168375062,27936.98339310721,11443.47252778072,3032.9990243490997,1908.7648487960591,413.39548671572817,17942.544320753506,26755.24633954927,11061.58765204093,3007.332618194468,1921.5894072925344,416.6064647468866,17497.546793891866,25559.90630797218,10557.783170296163,3036.133527354633,1963.3187039767995,415.79696090922636,17603.44596754336,25525.46524264392,10561.024726940603,3007.237997846042,1966.528464642693,425.43146069751066,18070.401090555562,25873.52821078768,10570.667242838354,3039.346063212787,1972.9554730331197,435.0642398189096,0.0,0.0,0.0,0.0,0.0,0.0,0.0,0.0,0.0,0.0,0.0,0.0,0.0,0.0,0.0,0.0,0.0,0.0,0.0,0.0,0.0,0.0,0.0,0.0,0.0,0.0,0.0,0.0,0.0,0.0,0.0,0.0,0.0,0.0,0.0,0.0,0.0
"118,162",2482.161805929863,0.0,0.0,0.0,0.0,0.0,0.0,0.0,0.0,0.0,0.0,33134.49748035599,24143.762820377535,7206.568303255007,1374.5315671518736,594.7336064506981,30.61403595419491,35197.79731991712,25656.827702043567,7427.764406112597,1441.8682842806272,610.7716196705314,30.61403595419491,35805.302394440594,25932.261380642532,7520.6919428385945,1431.5291520053265,620.3952046562645,27.409688582139857,36773.53630952836,26427.353792634665,7578.344422989267,1453.4982615489587,623.6090797115776,27.409688582139857,37460.63437773201,26997.127739002186,7656.9852213223785,1466.3220191974267,633.2281597782585,27.409688582139857,0.0,0.0,0.0,0.0,0.0,0.0,0.0,0.0,0.0,0.0,0.0,0.0,0.0,0.0,0.0,0.0,0.0,0.0,0.0,0.0,0.0,0.0,0.0,0.0,0.0,0.0,0.0,0.0,0.0,0.0,0.0,0.0,0.0,0.0,0.0,0.0,0.0
"119,162",2479.2847000635174,0.0,0.0,0.0,0.0,0.0,0.0,0.0,0.0,0.0,0.0,29137.86919630836,33110.63681281875,17499.7336637899,7280.365912228938,7418.258353725134,1075.2334416969152,31341.286333619853,33610.58369807542,17358.636945092447,7184.322989016887,7331.804682269751,1072.0320948226781,31997.93974651356,33587.186481825505,17105.713951194055,7071.220090172336,7286.951736941992,1081.6433111293645,32698.702119230762,33820.051282826586,16830.164560175876,6846.7512578954875,7182.359220609478,1059.2301663024755,33402.03473772255,34061.496768595185,16794.200428633594,6920.135167994218,7166.347169027142,1062.4267979724737,0.0,0.0,0.0,0.0,0.0,0.0,0.0,0.0,0.0,0.0,0.0,0.0,0.0,0.0,0.0,0.0,0.0,0.0,0.0,0.0,0.0,0.0,0.0,0.0,0.0,0.0,0.0,0.0,0.0,0.0,0.0,0.0,0.0,0.0,0.0,0.0,0.0
"120,162",2476.2630281305137,0.0,0.0,0.0,0.0,0.0,0.0,0.0,0.0,0.0,0.0,9624.278674308925,21138.271201355317,14719.328973466274,4688.262094023649,3943.931952570934,501.1657148996989,8934.72930931671,20241.549511462566,14310.650404535554,4657.097468223758,3985.5307231893726,510.76279822985333,8591.214362208984,19742.250809996738,13994.848505010792,4641.362534668867,3950.3581598749347,494.77085796991986,8726.567722464544,19916.62245910495,13990.57739650689,4596.562949564878,4029.6255278708886,510.76987568537396,9391.253022672618,20715.31325026961,14130.891700457592,4546.439176943723,3978.4468882205438,523.569169441859,0.0,0.0,0.0,0.0,0.0,0.0,0.0,0.0,0.0,0.0,0.0,0.0,0.0,0.0,0.0,0.0,0.0,0.0,0.0,0.0,0.0,0.0,0.0,0.0,0.0,0.0,0.0,0.0,0.0,0.0,0.0,0.0,0.0,0.0,0.0,0.0,0.0
"121,162",2473.097822090248,0.0,0.0,0.0,0.0,0.0,0.0,0.0,0.0,0.0,0.0,17461.612896796767,32369.012584727414,23263.521715757895,10727.235981450363,9607.114469755397,4162.617640945024,17620.10720765731,32448.396413571223,23604.80516845666,10844.538064612596,9568.73482321571,4095.527367564744,17724.776131988972,32472.319465918634,23722.639514638868,10959.520468844621,9568.717026460872,4092.3176181045237,17424.151094872344,32245.654153006686,23555.81289237808,10974.678236495749,9489.30655651186,4097.894937129115,17469.214397853964,32587.565795509487,23498.121749343125,10879.676448685517,9381.066249607124,4069.1414564562783,0.0,0.0,0.0,0.0,0.0,0.0,0.0,0.0,0.0,0.0,0.0,0.0,0.0,0.0,0.0,0.0,0.0,0.0,0.0,0.0,0.0,0.0,0.0,0.0,0.0,0.0,0.0,0.0,0.0,0.0,0.0,0.0,0.0,0.0,0.0,0.0,0.0
"122,162",2469.790159706934,0.0,0.0,0.0,0.0,0.0,0.0,0.0,0.0,0.0,0.0,10862.258339054444,20586.49468547316,17016.547295475004,8948.443459292019,10811.86107197743,5051.858338245691,11007.486871950297,20794.728840039756,17151.996671068897,8963.392359991634,10786.147233752643,5086.9961572974335,11090.603483366498,20978.293732628168,16987.34307618515,8849.441418191498,10727.73419414782,5055.103465446771,11103.47310299219,21029.708838397382,17041.216451793556,8855.881591340607,10640.827807261898,5039.167127022089,11115.568538702237,21129.187070047155,16981.014711079875,8757.000804206436,10413.97759831466,4962.580439695657,0.0,0.0,0.0,0.0,0.0,0.0,0.0,0.0,0.0,0.0,0.0,0.0,0.0,0.0,0.0,0.0,0.0,0.0,0.0,0.0,0.0,0.0,0.0,0.0,0.0,0.0,0.0,0.0,0.0,0.0,0.0,0.0,0.0,0.0,0.0,0.0,0.0
"123,162",2466.3411637354293,0.0,0.0,0.0,0.0,0.0,0.0,0.0,0.0,0.0,0.0,3294.8841719533884,5494.463327271331,7135.664886890673,4726.785474622951,3424.0587566880617,1039.8210774533889,3274.978281253927,5312.541264176836,7002.9206945989645,4650.999282979966,3265.8020067439356,1068.4871166818282,3278.408165280024,5163.582074978773,6813.491496438606,4499.597989261852,3082.0936129205365,1033.4400380723616,3311.314751214607,5135.7013809297605,6870.856384391411,4476.911597221973,3027.9234774224897,1011.1193083398482,3384.4088645645215,5113.379776189842,6859.448216686062,4348.845910189199,2820.2088761881287,928.2931941621443,0.0,0.0,0.0,0.0,0.0,0.0,0.0,0.0,0.0,0.0,0.0,0.0,0.0,0.0,0.0,0.0,0.0,0.0,0.0,0.0,0.0,0.0,0.0,0.0,0.0,0.0,0.0,0.0,0.0,0.0,0.0,0.0,0.0,0.0,0.0,0.0,0.0
"124,162",2462.7520010677754,0.0,0.0,0.0,0.0,0.0,0.0,0.0,0.0,0.0,0.0,1953.6569657400541,4041.77288164999,5716.150569051855,6784.091466685837,15440.81750809913,10275.753933596146,1824.1055765217425,3959.0865992536733,5639.832494348639,6615.900713175419,14977.293535615885,9957.731031793708,1481.4941254989774,4146.972489022274,5381.289532022851,6234.952806894453,14197.459292183668,9340.83852877056,1417.9219583352406,4040.5681589435126,5275.6592615136915,5980.908858381534,13500.373011517991,8950.481091194528,1344.776760705312,3572.8696418593913,5106.461155055551,5662.586001029669,12726.650798911674,8348.098751660891,0.0,0.0,0.0,0.0,0.0,0.0,0.0,0.0,0.0,0.0,0.0,0.0,0.0,0.0,0.0,0.0,0.0,0.0,0.0,0.0,0.0,0.0,0.0,0.0,0.0,0.0,0.0,0.0,0.0,0.0,0.0,0.0,0.0,0.0,0.0,0.0,0.0
"125,162",2459.023881857288,0.0,0.0,0.0,0.0,0.0,0.0,0.0,0.0,0.0,0.0,4992.2111246398845,7717.300920374253,7545.399456190595,6194.5717504725735,12319.542927665336,11469.574168046314,5020.7385754398265,7771.215325243333,7624.708121704587,6165.92732388833,12150.405852451511,11287.73657184021,5192.255472164527,8022.138920194962,7856.557205843457,6352.627026176452,12078.816124299929,11189.155657342835,5287.568575601951,8172.175515805973,8016.125818685456,6474.162083937139,12118.454026536381,11152.708370413498,5586.132583361045,8724.757370626225,8517.846212104723,6669.604662488488,12143.023993499606,11187.424387241812,0.0,0.0,0.0,0.0,0.0,0.0,0.0,0.0,0.0,0.0,0.0,0.0,0.0,0.0,0.0,0.0,0.0,0.0,0.0,0.0,0.0,0.0,0.0,0.0,0.0,0.0,0.0,0.0,0.0,0.0,0.0,0.0,0.0,0.0,0.0,0.0,0.0
"126,162",2455.1580585913744,0.0,0.0,0.0,0.0,0.0,0.0,0.0,0.0,0.0,0.0,5823.901667225595,10236.006062647875,9591.952840137483,8635.45974223193,18226.177765124452,13864.393674612045,5892.9723906610525,10287.428559064865,9618.106039093991,8663.988246603572,18246.150405217155,13766.841702082578,5997.606402168087,10438.92304577547,9808.281337636125,8831.334039035497,18621.3931878548,14059.388901080338,6108.592442998699,10503.02399468422,9903.549755419937,8913.070348704096,18902.86530875692,14267.23809159597,6118.90228467455,10659.228406408722,10055.766026105133,9062.994495693842,19180.537417926036,14594.078033432308,0.0,0.0,0.0,0.0,0.0,0.0,0.0,0.0,0.0,0.0,0.0,0.0,0.0,0.0,0.0,0.0,0.0,0.0,0.0,0.0,0.0,0.0,0.0,0.0,0.0,0.0,0.0,0.0,0.0,0.0,0.0,0.0,0.0,0.0,0.0,0.0,0.0
"127,162",2451.1558251824094,0.0,0.0,0.0,0.0,0.0,0.0,0.0,0.0,0.0,0.0,12760.042986412609,14980.366224637684,12448.153434434593,9832.721312036701,22256.766419022693,32135.147132153605,12798.75574147561,15042.989069473975,12527.34313313073,9904.768053467134,22434.69270095451,32430.030687181617,12830.383145211725,15040.492118230519,12610.704283507668,9958.483193577038,22696.947949813388,32463.831164410534,12890.533417819528,15150.628465903037,12681.797912110535,10041.519007006813,22819.768879172378,32345.995154235876,12877.905580638437,15115.871388447518,12604.492164335064,9884.810083390217,22575.84861729846,32165.244182025683,0.0,0.0,0.0,0.0,0.0,0.0,0.0,0.0,0.0,0.0,0.0,0.0,0.0,0.0,0.0,0.0,0.0,0.0,0.0,0.0,0.0,0.0,0.0,0.0,0.0,0.0,0.0,0.0,0.0,0.0,0.0,0.0,0.0,0.0,0.0,0.0,0.0
"128,162",2447.0185159890407,0.0,0.0,0.0,0.0,0.0,0.0,0.0,0.0,0.0,0.0,5734.835251687555,8851.128907664617,10638.61435715077,10310.35381695149,26496.237114946514,35093.716480287854,5974.161623937944,9295.581621137319,11310.584698735029,11109.99790313571,28378.48834741256,37337.01378230488,6053.385119424146,9501.996910716038,11624.859859907858,11549.256137159759,29712.95118723103,39468.16209242017,6178.956764511033,9803.713144656724,11952.623594989027,11906.253455555672,30242.96111697309,39722.015303119966,6143.371618921616,9714.109552799488,11754.86367135796,11770.551010278627,29797.75680632591,39409.16055635284,0.0,0.0,0.0,0.0,0.0,0.0,0.0,0.0,0.0,0.0,0.0,0.0,0.0,0.0,0.0,0.0,0.0,0.0,0.0,0.0,0.0,0.0,0.0,0.0,0.0,0.0,0.0,0.0,0.0,0.0,0.0,0.0,0.0,0.0,0.0,0.0,0.0
"129,162",1486.7824676137718,0.0,0.0,0.0,0.0,0.0,0.0,0.0,0.0,0.0,0.0,2556.244715684068,5440.4281641445905,7591.160151245081,8617.46722331047,23562.73441414366,34259.44427555963,2616.1954399146284,5583.910633719201,7765.378139205073,8850.328510896832,24339.348661154392,35657.27258323314,2709.8262043195614,5758.842399415783,8046.325743654663,9248.868204703986,25723.7269775428,38153.511078218384,2762.689200280695,5834.18705886392,8163.11445591777,9338.038223600386,26251.393638987636,38829.64188804813,2775.299748776941,5847.858514644585,8238.86927340358,9370.92431882129,26283.940599175065,39260.94894680321,0.0,0.0,0.0,0.0,0.0,0.0,0.0,0.0,0.0,0.0,0.0,0.0,0.0,0.0,0.0,0.0,0.0,0.0,0.0,0.0,0.0,0.0,0.0,0.0,0.0,0.0,0.0,0.0,0.0,0.0,0.0,0.0,0.0,0.0,0.0,0.0,0.0
"86,163",57.77125319478867,0.0,0.0,0.0,0.0,0.0,0.0,0.0,0.0,0.0,0.0,1057.5509415953768,708.0214744493073,29.10873823633381,2.1234949224135455,0.0,0.0,1495.0678799124323,898.3432417935016,35.55484824648091,2.1234949224135455,0.0,0.0,1575.4772389645666,970.803380097595,45.22398119440266,5.346508085026461,0.0,0.0,1960.2358271664261,1195.7177158701656,54.89301138391682,5.346508085026461,0.0,0.0,2612.6584406123447,1550.3824135359598,63.47523780897552,5.346508085026461,0.0,0.0,0.0,0.0,0.0,0.0,0.0,0.0,0.0,0.0,0.0,0.0,0.0,0.0,0.0,0.0,0.0,0.0,0.0,0.0,0.0,0.0,0.0,0.0,0.0,0.0,0.0,0.0,0.0,0.0,0.0,0.0,0.0,0.0,0.0,0.0,0.0,0.0,0.0
"87,163",450.4648458922652,0.0,0.0,0.0,0.0,0.0,0.0,0.0,0.0,0.0,0.0,2065.0843918089777,1339.7353488529432,302.3371699688481,65.57132515346302,9.67475175857544,0.0,2186.2314408910042,1454.3322566621443,324.903611981635,81.69129237567677,9.67475175857544,0.0,2381.2658239729267,1617.1330724342197,344.25025233006943,84.91674718295826,9.67475175857544,0.0,2611.269481427062,1791.2069798095554,392.6099332211064,92.97175921178331,9.67475175857544,0.0,3225.0636303574433,2180.35511136242,467.83622964597214,96.19720543599595,9.67475175857544,0.0,0.0,0.0,0.0,0.0,0.0,0.0,0.0,0.0,0.0,0.0,0.0,0.0,0.0,0.0,0.0,0.0,0.0,0.0,0.0,0.0,0.0,0.0,0.0,0.0,0.0,0.0,0.0,0.0,0.0,0.0,0.0,0.0,0.0,0.0,0.0,0.0,0.0
"88,163",453.21536725571957,0.0,0.0,0.0,0.0,0.0,0.0,0.0,0.0,0.0,0.0,5415.921482925789,4197.56154741867,800.3084207983578,138.73703575134277,112.92132028598412,98.39038383446488,5149.459576722687,4209.562508861692,858.3893193216885,154.87117743492126,109.69672974605187,95.16386973343644,5015.567029371449,4240.243083175959,853.5446609786912,154.87261033058167,114.53181351680382,88.71086656533036,5580.30565942783,4472.560005602183,901.9441921047136,161.32932543754578,150.02552522678002,108.06937586746965,6086.605017275904,4694.300825147068,945.5113246160395,203.27570366859436,162.92742051143273,117.74843227349076,0.0,0.0,0.0,0.0,0.0,0.0,0.0,0.0,0.0,0.0,0.0,0.0,0.0,0.0,0.0,0.0,0.0,0.0,0.0,0.0,0.0,0.0,0.0,0.0,0.0,0.0,0.0,0.0,0.0,0.0,0.0,0.0,0.0,0.0,0.0,0.0,0.0
"89,163",455.8570407772952,0.0,0.0,0.0,0.0,0.0,0.0,0.0,0.0,0.0,0.0,826.8066865406785,61.34696817398071,11.294846096225813,0.0,0.0,0.0,1735.9960712657255,172.0398813378577,14.523786344715193,3.228529214859009,0.0,0.0,2603.8489819077895,239.8485880982642,17.752658643909527,3.228529214859009,0.0,0.0,3004.2356065301346,262.4520355355506,20.98156098384483,3.228529214859009,0.0,0.0,4037.988347339631,315.02422855040606,24.21040300387962,6.4574315547943115,0.0,0.0,0.0,0.0,0.0,0.0,0.0,0.0,0.0,0.0,0.0,0.0,0.0,0.0,0.0,0.0,0.0,0.0,0.0,0.0,0.0,0.0,0.0,0.0,0.0,0.0,0.0,0.0,0.0,0.0,0.0,0.0,0.0,0.0,0.0,0.0,0.0,0.0,0.0
"90,163",1103.4075353552514,0.0,0.0,0.0,0.0,0.0,0.0,0.0,0.0,0.0,0.0,3472.3493451389613,566.4118316070707,48.47251796722412,19.38898801803589,0.0,0.0,4829.800898723041,848.2943490477169,54.93583583831787,29.083482265472412,3.2314627170562744,0.0,5795.073272218891,1118.1047057385538,67.86173844337463,35.546255111694336,3.2314627170562744,3.2314560413360596,6550.646294014126,1257.8498832711987,84.02003908157349,45.24097800254822,3.2314627170562744,3.2314560413360596,7546.259592894011,1358.015591097813,96.94489049911499,45.24097800254822,3.2314627170562744,3.2314560413360596,0.0,0.0,0.0,0.0,0.0,0.0,0.0,0.0,0.0,0.0,0.0,0.0,0.0,0.0,0.0,0.0,0.0,0.0,0.0,0.0,0.0,0.0,0.0,0.0,0.0,0.0,0.0,0.0,0.0,0.0,0.0,0.0,0.0,0.0,0.0,0.0,0.0
"91,163",2502.943263157678,0.0,0.0,0.0,0.0,0.0,0.0,0.0,0.0,0.0,0.0,7560.8874926445515,1748.5110772712558,142.26231026649475,51.73547029495239,77.60355854034424,3.23351788520813,9174.756268133835,2110.5890320403905,216.61953234672546,61.435540437698364,93.77101969718933,3.23351788520813,10403.706299189958,2314.242317066941,245.71832275390625,64.66905236244202,109.93712878227234,3.23351788520813,12389.531352361979,2590.975161120471,271.58533811569214,71.1361973285675,116.40364718437195,9.700565099716187,13134.707140387742,2815.803453204211,301.4885931286157,75.17988837747012,118.19164009094239,9.700565099716187,0.0,0.0,0.0,0.0,0.0,0.0,0.0,0.0,0.0,0.0,0.0,0.0,0.0,0.0,0.0,0.0,0.0,0.0,0.0,0.0,0.0,0.0,0.0,0.0,0.0,0.0,0.0,0.0,0.0,0.0,0.0,0.0,0.0,0.0,0.0,0.0,0.0
"92,163",2504.1761562146917,0.0,0.0,0.0,0.0,0.0,0.0,0.0,0.0,0.0,0.0,8081.127415102604,2975.327604689317,418.82066607942767,136.64208271269706,203.7437505722046,64.67981386184692,9391.501665657643,3522.720894943499,556.2588330128614,181.9161050534716,258.7212152481079,74.38172507286072,10174.164870699713,4172.762087713503,698.5486150601331,256.2936785436144,312.07441076484383,87.31744527816772,10962.608771444771,4616.289394133699,802.8486609131683,269.228719255971,347.6481896325654,109.95538544654846,11723.17999613893,5049.471510069978,875.6217130520764,308.0374124265185,365.252736195396,106.7229654788971,0.0,0.0,0.0,0.0,0.0,0.0,0.0,0.0,0.0,0.0,0.0,0.0,0.0,0.0,0.0,0.0,0.0,0.0,0.0,0.0,0.0,0.0,0.0,0.0,0.0,0.0,0.0,0.0,0.0,0.0,0.0,0.0,0.0,0.0,0.0,0.0,0.0
"93,163",2505.255887907639,0.0,0.0,0.0,0.0,0.0,0.0,0.0,0.0,0.0,0.0,5084.724744655572,725.0346094664405,44.035555113998115,6.4711174964904785,0.0,0.0,5144.062328276915,715.3271318968605,60.21564268037385,6.4711174964904785,0.0,0.0,5411.664929038403,733.4715181107615,60.21571325227326,6.4711174964904785,3.2355637550354004,0.0,5453.096161394494,706.3222407930037,66.6868312256009,9.706676244735718,6.470923900604248,0.0,6200.34080861129,806.6186468236587,66.68537687226838,12.942220687866211,6.470923900604248,0.0,0.0,0.0,0.0,0.0,0.0,0.0,0.0,0.0,0.0,0.0,0.0,0.0,0.0,0.0,0.0,0.0,0.0,0.0,0.0,0.0,0.0,0.0,0.0,0.0,0.0,0.0,0.0,0.0,0.0,0.0,0.0,0.0,0.0,0.0,0.0,0.0,0.0
"94,163",2506.182078906706,0.0,0.0,0.0,0.0,0.0,0.0,0.0,0.0,0.0,0.0,15388.221295499803,1873.8325356474109,80.5607235805661,0.0,0.0,0.0,15338.056678663517,1870.5960833063311,80.5607235805661,0.0,0.0,0.0,16177.677385267556,1900.983212102628,77.32391194268769,0.0,0.0,0.0,16695.972168225868,1858.552013304654,80.56043676301545,0.0,0.0,0.0,17211.904337522097,1954.0245284875232,83.79709223672455,0.0,0.0,0.0,0.0,0.0,0.0,0.0,0.0,0.0,0.0,0.0,0.0,0.0,0.0,0.0,0.0,0.0,0.0,0.0,0.0,0.0,0.0,0.0,0.0,0.0,0.0,0.0,0.0,0.0,0.0,0.0,0.0,0.0,0.0,0.0,0.0,0.0,0.0,0.0,0.0
"95,163",2506.9544035172576,0.0,0.0,0.0,0.0,0.0,0.0,0.0,0.0,0.0,0.0,7719.345874586293,178.09176516532898,0.0,0.0,0.0,0.0,6542.355487607507,174.852769613266,0.0,0.0,0.0,0.0,7152.688570466697,213.70807194709778,0.0,0.0,0.0,0.0,7936.274638074987,229.89735436439514,0.0,0.0,0.0,0.0,8386.359021392524,246.08737421035767,0.0,0.0,0.0,0.0,0.0,0.0,0.0,0.0,0.0,0.0,0.0,0.0,0.0,0.0,0.0,0.0,0.0,0.0,0.0,0.0,0.0,0.0,0.0,0.0,0.0,0.0,0.0,0.0,0.0,0.0,0.0,0.0,0.0,0.0,0.0,0.0,0.0,0.0,0.0,0.0,0.0
"96,163",2507.572589935219,0.0,0.0,0.0,0.0,0.0,0.0,0.0,0.0,0.0,0.0,3106.2410615575077,322.2296785924949,51.80689686980902,24.283167391197352,21.04467746136235,19.432339906692505,3090.235703188765,414.16685945192967,64.76284426894843,24.283167391197352,21.044840062833302,16.193797826766968,3387.2029189016307,483.7980852398217,58.28589719978034,21.044362573997645,21.044840062833302,16.193797826766968,3694.8806058893015,638.167769689186,77.72084016051947,27.523096351997523,21.044840062833302,19.432339906692505,3830.547056790894,758.151762014277,74.48178905692755,21.04606488265243,19.419246738097247,19.432339906692505,0.0,0.0,0.0,0.0,0.0,0.0,0.0,0.0,0.0,0.0,0.0,0.0,0.0,0.0,0.0,0.0,0.0,0.0,0.0,0.0,0.0,0.0,0.0,0.0,0.0,0.0,0.0,0.0,0.0,0.0,0.0,0.0,0.0,0.0,0.0,0.0,0.0
"97,163",2508.0364204608986,0.0,0.0,0.0,0.0,0.0,0.0,0.0,0.0,0.0,0.0,24971.455834569184,12240.064769958048,2799.3593222197364,645.9317771752676,365.9766744295756,77.74877524375916,27531.067373996622,14816.51595879723,3441.8782534159864,820.8635463078817,378.9350188891093,74.50896215438843,29342.01683347739,17033.785346488392,3906.5567311408468,879.1735126336416,378.93450724283855,68.0298821926117,31467.72632822523,19144.87024234884,4398.036759562586,908.3275029023489,385.41373025576274,68.0303041934967,32647.265770896276,20428.934213714034,4742.861099628374,982.8354718049368,400.7983349248475,71.2696886062622,0.0,0.0,0.0,0.0,0.0,0.0,0.0,0.0,0.0,0.0,0.0,0.0,0.0,0.0,0.0,0.0,0.0,0.0,0.0,0.0,0.0,0.0,0.0,0.0,0.0,0.0,0.0,0.0,0.0,0.0,0.0,0.0,0.0,0.0,0.0,0.0,0.0
"98,163",2508.345731669645,0.0,0.0,0.0,0.0,0.0,0.0,0.0,0.0,0.0,0.0,55589.51099578073,61192.86727497437,15097.588547633677,3121.825373171825,1274.1483989407034,207.35733349557017,57458.19023668626,64094.094498211736,16080.53828464209,3326.7441230596282,1393.206088432611,213.83681137795543,58468.99064600328,65825.73451414482,16650.899890712666,3465.243575197108,1445.0434552519928,223.55628235573863,59799.80791820919,67724.56072337207,17139.377357077134,3581.8757904585673,1470.96116269523,230.8488777076497,61162.79093232155,69694.39412455184,17867.67471774887,3813.499212933522,1524.4116108838248,240.56808046453142,0.0,0.0,0.0,0.0,0.0,0.0,0.0,0.0,0.0,0.0,0.0,0.0,0.0,0.0,0.0,0.0,0.0,0.0,0.0,0.0,0.0,0.0,0.0,0.0,0.0,0.0,0.0,0.0,0.0,0.0,0.0,0.0,0.0,0.0,0.0,0.0,0.0
"99,163",2508.500414540007,0.0,0.0,0.0,0.0,0.0,0.0,0.0,0.0,0.0,0.0,43744.253329727704,48191.53614139557,20478.96809547275,8543.303616916432,8582.060274319556,2761.0062285638323,44990.088038918555,49756.05876684189,21048.64461069107,8723.205897719252,8787.081426795325,2761.006224749135,45535.198633888656,50492.504710373236,21337.165887077183,8784.04040975851,8789.5965755659,2750.5618416047564,46093.25929167318,51497.92347343108,21921.250995235816,9162.380937965243,9045.009552607817,2742.36654402415,46419.67919646618,51982.35376630671,22037.051201973707,9181.820427091448,8947.809381137175,2671.810910479228,0.0,0.0,0.0,0.0,0.0,0.0,0.0,0.0,0.0,0.0,0.0,0.0,0.0,0.0,0.0,0.0,0.0,0.0,0.0,0.0,0.0,0.0,0.0,0.0,0.0,0.0,0.0,0.0,0.0,0.0,0.0,0.0,0.0,0.0,0.0,0.0,0.0
"100,163",2508.5004145399994,0.0,0.0,0.0,0.0,0.0,0.0,0.0,0.0,0.0,0.0,16491.70895085989,20373.28259065198,7308.935869498347,2345.058996370727,2492.1058453541177,1260.1818464522269,17403.82601395495,22063.958041451962,7781.246159986421,2435.0536553934508,2517.3014545225633,1276.382040572634,17894.039300605364,23397.17114484731,8241.156244135836,2471.4303578619865,2537.465407826854,1264.1462999110129,18499.099791028453,24766.252213788503,8787.81023175576,2603.3673408311956,2544.31375652762,1294.3731323765774,19039.538171999127,26061.845121285496,9227.46564834632,2694.072845106499,2599.3919842860278,1290.4085940407772,0.0,0.0,0.0,0.0,0.0,0.0,0.0,0.0,0.0,0.0,0.0,0.0,0.0,0.0,0.0,0.0,0.0,0.0,0.0,0.0,0.0,0.0,0.0,0.0,0.0,0.0,0.0,0.0,0.0,0.0,0.0,0.0,0.0,0.0,0.0,0.0,0.0
"101,163",2508.3457316696263,0.0,0.0,0.0,0.0,0.0,0.0,0.0,0.0,0.0,0.0,16933.383306355572,16950.135141344632,9442.973098308901,4150.590777232601,4530.161737816006,2722.471616950689,17891.876655100838,18854.87021438468,10422.046304650403,4480.058057636374,4737.333071875104,2787.268417325674,18865.966940979866,20454.497138824652,11289.736568115273,4832.393093335395,4959.255298743527,2887.7042016655787,19984.753697397195,22116.264629711823,11916.078346772289,4984.663696515327,4993.459988009695,2928.019219363904,20387.112672623465,23444.01490691877,12447.027538665137,5016.502127773621,4951.342139851812,2902.3949091069835,0.0,0.0,0.0,0.0,0.0,0.0,0.0,0.0,0.0,0.0,0.0,0.0,0.0,0.0,0.0,0.0,0.0,0.0,0.0,0.0,0.0,0.0,0.0,0.0,0.0,0.0,0.0,0.0,0.0,0.0,0.0,0.0,0.0,0.0,0.0,0.0,0.0
"102,163",2462.927944135152,0.0,0.0,0.0,0.0,0.0,0.0,0.0,0.0,0.0,0.0,18587.744570822808,28987.801836088587,9598.338990040385,3468.763714346231,4271.222327746597,2511.769359036053,19770.403686144775,31687.400150640337,10371.370147424585,3451.403332586849,4202.129709189546,2498.811243696774,20564.132081491807,33154.19751108862,10950.225329026056,3585.8467425449217,4185.578978445015,2486.3108689121173,21959.22145094778,35955.43567630356,11868.138018866146,3793.1635099990694,4243.885731603585,2476.592475586311,22901.878673870426,37906.72660165394,12696.681713166892,4080.843166037167,4324.8691686648945,2485.2326317759116,0.0,0.0,0.0,0.0,0.0,0.0,0.0,0.0,0.0,0.0,0.0,0.0,0.0,0.0,0.0,0.0,0.0,0.0,0.0,0.0,0.0,0.0,0.0,0.0,0.0,0.0,0.0,0.0,0.0,0.0,0.0,0.0,0.0,0.0,0.0,0.0,0.0
"103,163",2507.57258993522,0.0,0.0,0.0,0.0,0.0,0.0,0.0,0.0,0.0,0.0,15017.406373485865,35231.23865306798,14035.003168195835,4207.76454690391,3959.2357719075444,2826.7653197382015,15920.835315224705,38268.123203549665,14767.886636920066,4379.781376672258,3939.244786062427,2759.555348909603,16605.81865072718,40310.301727025646,15513.82257787854,4532.366926608366,3840.379137689927,2510.178770036323,17898.170378079132,44216.42009138314,16904.501782319127,4755.8412174561445,3900.3016870162064,2445.0484996889154,18474.666385979745,46484.911827012605,17726.445517562413,4844.918512950223,3947.273997965046,2355.9930906099435,0.0,0.0,0.0,0.0,0.0,0.0,0.0,0.0,0.0,0.0,0.0,0.0,0.0,0.0,0.0,0.0,0.0,0.0,0.0,0.0,0.0,0.0,0.0,0.0,0.0,0.0,0.0,0.0,0.0,0.0,0.0,0.0,0.0,0.0,0.0,0.0,0.0
"104,163",2506.9544035172003,0.0,0.0,3.23793888092041,3.237935781478882,19.427627325057983,0.0,0.0,3.23793888092041,3.237935781478882,19.427627325057983,37665.96709815568,55805.50414819156,17024.57634012746,5382.357817212273,6068.8836699214635,3974.397836229848,38716.885534946596,57780.319058791334,17520.318581411888,5409.889814517078,5997.6525502887425,3903.1630702233783,39900.21372207099,59038.730901755545,18020.050229939294,5513.963076414781,5990.821716033712,3862.5064204206656,40495.1110561296,59653.21144210872,18112.632832682368,5382.301260850944,5808.428820891474,3741.9841562832103,41363.96096982489,60912.33714562024,18497.782123129044,5492.389903686561,5874.264498117858,3786.2393743917055,0.0,0.0,0.0,0.0,0.0,0.0,0.0,0.0,0.0,0.0,0.0,0.0,0.0,0.0,0.0,0.0,0.0,0.0,0.0,0.0,0.0,3.23793888092041,0.0,0.0,0.0,0.0,0.0,0.0,0.0,0.0,3.237935781478882,0.0,0.0,0.0,0.0,6.475871562957764,12.95175576210022
"105,163",2506.1820789067356,0.0,0.0,0.0,0.0,0.0,0.0,0.0,0.0,0.0,0.0,23857.11404162388,59441.41165823001,36557.83492299715,14020.40644591743,14993.043202971478,6188.042729545106,24109.56397926293,59929.07215832542,36627.77649316413,13904.683832720215,14821.482226943035,6082.849732975866,24405.744921544952,61338.45520298528,37211.86346677331,14012.125003462213,14858.707396764381,6029.997124901005,24549.58185842738,61930.8343008808,37385.36145148932,13910.705861696542,14670.440869588478,5895.319639762242,25179.878116408516,63755.61394214723,38358.38391235015,14248.151146608241,14942.08068424954,6033.95379748064,0.0,0.0,0.0,0.0,0.0,0.0,0.0,0.0,0.0,0.0,0.0,0.0,0.0,0.0,0.0,0.0,0.0,0.0,0.0,0.0,0.0,0.0,0.0,0.0,0.0,0.0,0.0,0.0,0.0,0.0,0.0,0.0,0.0,0.0,0.0,0.0,0.0
"106,163",2505.2558879076273,0.0,0.0,0.0,0.0,0.0,0.0,0.0,0.0,0.0,0.0,23795.398207030576,57183.84358419903,42121.569191394134,19211.445543476177,18553.962430067622,6869.768008135815,23848.814183894323,57602.2547638145,42277.07120581608,19218.725607814038,18342.827857555127,6808.285463236828,23863.37469105814,57776.8473429016,42528.83000358506,19196.25213725146,18273.07925059281,6814.755719088574,24017.245609553655,58119.13999458667,42897.08900684282,19257.742785044276,18230.29746515237,6825.9071301619215,24055.830399772232,58671.63530806653,43368.885265923476,19481.825351827287,18265.16772353135,6899.514928553151,0.0,0.0,0.0,0.0,0.0,0.0,0.0,0.0,0.0,0.0,0.0,0.0,0.0,0.0,0.0,0.0,0.0,0.0,0.0,0.0,0.0,0.0,0.0,0.0,0.0,0.0,0.0,0.0,0.0,0.0,0.0,0.0,0.0,0.0,0.0,0.0,0.0
"107,163",2504.1761562146976,0.0,0.0,0.0,6.4683051109313965,0.0,0.0,0.0,0.0,6.4683051109313965,0.0,29845.31643834955,71612.21347410911,52663.035402588765,19391.187943515593,15447.502214468226,7441.031789050383,30004.610334885347,71878.87043569321,52661.3975996831,19294.141885576064,15235.622419344209,7411.917573437971,30222.93142579209,72314.08435807508,52839.29023622065,19353.965902809075,15324.735917120353,7479.844073996825,30324.81498042181,72348.95957341474,52739.0179915288,19248.847508698826,15184.773123392404,7373.102657304091,30486.627257970733,72617.44697336308,52850.58727625586,19253.680901211388,15119.19342483165,7279.295227752013,0.0,0.0,0.0,0.0,0.0,0.0,0.0,0.0,0.0,0.0,0.0,0.0,0.0,0.0,0.0,0.0,0.0,0.0,0.0,0.0,0.0,0.0,0.0,0.0,0.0,6.4683051109313965,0.0,0.0,0.0,0.0,0.0,0.0,0.0,0.0,0.0,0.0,0.0
"108,163",2502.9432631577083,74.34712815284729,258.9288339222179,38.789559841156006,168.08793783187866,320.0188283920288,74.34712815284729,223.37109251863816,35.55705285072327,158.39074969291687,274.76344108581543,36207.9363991513,74779.6772038385,57018.65763455186,20990.820814244886,10795.024802645516,2434.8885293530484,36733.290275087544,75638.85652967061,57556.90135134249,21313.51619019789,11048.774133229723,2460.751094155218,37012.76589966849,76014.58001688508,57870.476995120334,21446.05343380255,11119.17511738796,2501.9737640081667,37218.858507048855,76205.38854810865,57922.91877384748,21416.95888033194,11134.607662867566,2507.620836821724,37463.73297402158,76477.74287053838,58088.67288539177,21501.16660798204,11196.210856507807,2517.318419543434,0.0,0.0,0.0,0.0,0.0,0.0,0.0,6.465298652648926,38.789276361465454,25.859866857528687,3.2326862812042236,0.0,0.0,72.8987915319555,114.91573427144219,29.091829776763916,6.4647369384765625,0.0,0.0,6.4649598598480225,19.394988775253296,9.697104215621948,0.0,0.0,0.0,45.25609993934631,80.81038808822632,25.859568119049072,6.464693546295166,0.0,0.0,109.9062442779541,109.90448260307312,45.25502038002014,6.465242862701416,3.2324509620666504,0.0
"109,163",2501.557641404151,67.85202407836914,548.9488149081959,58.156726360321045,229.41804766654968,96.92890095710754,61.39080238342285,536.024682561089,54.925928592681885,229.41804766654968,93.6984715461731,28359.54962153808,58697.691886533474,53398.241768660264,26001.98435716068,17215.819697622224,4167.429174072602,28943.75084601009,59479.512016848006,53795.19653243831,26391.87711884368,17565.56211117015,4227.196863123951,29177.157946139687,59529.45893661649,53937.341038789935,26576.193270192423,17768.20342496049,4278.887324759539,29503.264986304675,59767.81799954993,54205.58026745272,26655.516488647456,17915.115288884972,4290.1908429379555,29761.87918317271,59964.52311629313,54376.879951585506,26740.14214598992,18100.738386616056,4346.725288286396,0.0,0.0,0.0,0.0,0.0,0.0,0.0,22.618430376052856,19.386640071868896,16.154975652694702,3.2307562828063965,0.0,0.0,82.22719099100898,259.9460168081171,164.7742748260498,22.61502194404602,6.462177991867065,0.0,12.924992084503174,19.382997751235962,16.156021118164062,3.2310168743133545,0.0,3.230900764465332,32.30849647521973,100.17124032974243,87.24413871765137,9.694172143936157,0.0,0.0,6.46293306350708,38.77126407623291,35.53985571861267,12.924418687820435,0.0,0.0
"110,163",2500.0197766204283,25.838666915893555,19.378373861312866,0.0,12.919481992721558,19.37760329246521,25.838666915893555,19.378373861312866,0.0,12.919481992721558,19.37760329246521,16181.100973307852,45847.53824907845,47268.42446052888,25349.649639368992,17510.21714047544,2166.51562202865,16238.126415044188,46412.02854595839,47745.41377880901,25584.584908347035,17682.986112078495,2218.190133222879,16558.404560918436,46782.09243789654,48053.7310561816,25701.462903924083,17746.74205972821,2244.027668604196,16721.05270166865,47427.0280017563,48386.30869391573,25869.20503550698,17753.212995311325,2234.3405343382965,17035.682051233216,48107.516974103215,48825.18214662309,26046.786339103477,17927.58637883336,2247.2586304038177,0.0,0.0,0.0,0.0,0.0,0.0,0.0,16.149429082870483,3.229895830154419,3.229663848876953,0.0,3.229678153991699,0.0,3.229888677597046,9.689296960830688,6.459188222885132,0.0,0.0,0.0,0.0,0.0,0.0,0.0,0.0,0.0,0.0,12.919481992721558,0.0,0.0,0.0,0.0,3.2298381328582764,12.918086528778076,3.2296786308288574,0.0,0.0,0.0
"111,163",2498.33020709155,0.0,0.0,0.0,0.0,0.0,0.0,0.0,0.0,0.0,0.0,16435.595376927242,52625.52671619116,43705.903002741754,15112.089966429916,6040.714979146508,495.2748099420585,16358.083211344363,52319.18152950885,43124.54285178371,14770.07517398759,5946.346016399532,472.69194851856605,16861.012449072856,53392.47600973728,43708.231046431676,14758.778629607777,5954.399769840053,466.23952041607276,16740.68547392546,52964.99523806666,42828.54620148529,14250.262514229378,5782.135757679097,453.334164724163,17052.66431740499,54045.432324230904,43191.1459397559,14227.699118407565,5741.3619048455175,453.33428274135963,0.0,0.0,0.0,0.0,0.0,0.0,0.0,0.0,0.0,0.0,0.0,0.0,0.0,0.0,0.0,0.0,0.0,0.0,0.0,0.0,0.0,0.0,0.0,0.0,0.0,0.0,0.0,0.0,0.0,0.0,0.0,0.0,0.0,0.0,0.0,0.0,0.0
"112,163",2496.4895233005877,0.0,0.0,0.0,0.0,0.0,0.0,0.0,0.0,0.0,0.0,16356.718066923291,24937.032258842504,19301.685262901643,8544.075922392864,6229.600549739014,1273.2617172484304,16995.13102406427,25198.292212276832,19233.048391675016,8366.275928311254,6190.887517019346,1263.5847684626485,19506.211136495367,26651.50750223515,20225.85863797805,8718.514912916633,6351.285635005725,1276.4800998454,20729.18570161614,27136.012002434454,20116.99788816022,8617.012874815511,6189.683639787225,1283.7292201107623,21844.06720930548,28551.297132261127,20887.77706306682,8978.183694813299,6430.387280194899,1315.9781629627826,0.0,0.0,0.0,0.0,0.0,0.0,0.0,0.0,0.0,0.0,0.0,0.0,0.0,0.0,0.0,0.0,0.0,0.0,0.0,0.0,0.0,0.0,0.0,0.0,0.0,0.0,0.0,0.0,0.0,0.0,0.0,0.0,0.0,0.0,0.0,0.0,0.0
"113,163",2494.316076907753,0.0,0.0,0.0,0.0,0.0,0.0,0.0,0.0,0.0,0.0,21530.88194071826,25452.35649675949,12384.632658508712,4031.8152128481397,2272.968165051703,338.7291517678429,22156.548906745164,26500.857697680418,12498.94578985981,3984.731382216659,2285.0590574909656,345.17506603633655,24530.45303301624,28939.66362857351,13312.538054597146,4200.615981902328,2330.987833784141,358.0661282960106,27720.34848096978,32859.706664621124,14187.401338243486,4269.326993888967,2330.1794097451602,367.73525576030505,29220.488183366553,34769.6343696856,14847.986969811309,4390.128161516377,2394.623152258817,364.51153306400073,0.0,0.0,0.0,0.0,0.0,0.0,0.0,0.0,0.0,0.0,0.0,0.0,0.0,0.0,0.0,0.0,0.0,0.0,0.0,0.0,0.0,0.0,0.0,0.0,0.0,0.0,0.0,0.0,0.0,0.0,0.0,0.0,0.0,0.0,0.0,0.0,0.0
"114,163",2484.225844796579,0.0,0.0,0.0,0.0,0.0,0.0,0.0,0.0,0.0,0.0,31583.69777679069,35811.57932167334,12523.939796024211,5292.457861757279,5994.990381217469,3574.390108693815,33589.595691098424,37349.58498300571,12938.870389276393,5364.864860150394,6070.23814292889,3564.734109721464,35369.97860576312,39659.8379729299,13370.392018847371,5421.191395511814,6092.764804774639,3611.5728014525243,38572.353121739754,42211.34527671571,13961.931650936836,5483.166569727542,6100.999258710824,3627.6655288752386,39852.857866185324,44025.93629986072,14480.77586237309,5540.507579546348,6157.146247559902,3661.2797959664285,0.0,0.0,0.0,0.0,0.0,0.0,0.0,0.0,0.0,0.0,0.0,0.0,0.0,0.0,0.0,0.0,0.0,0.0,0.0,0.0,0.0,0.0,0.0,0.0,0.0,0.0,0.0,0.0,0.0,0.0,0.0,0.0,0.0,0.0,0.0,0.0,0.0
"115,163",2490.058262575383,0.0,0.0,0.0,0.0,0.0,0.0,0.0,0.0,0.0,0.0,44563.3985201125,43061.16273817736,11455.799139642717,3706.929344530666,3960.723644008824,3304.238444207696,46561.6360991506,44927.620446439825,11844.593733195697,3795.3931004430733,4049.507252408944,3352.4813615322114,48004.72237680847,46260.198688760465,12138.687736586962,3881.513655801848,4105.770955738368,3378.039310268327,49343.55449505227,47174.21588691075,12393.645536918266,3948.270945015141,4152.237576699725,3443.1670538995777,50039.94418647243,47833.45688129313,12538.374800700767,3947.310831282186,4142.770734309215,3486.7692395864747,0.0,0.0,0.0,0.0,0.0,0.0,0.0,0.0,0.0,0.0,0.0,0.0,0.0,0.0,0.0,0.0,0.0,0.0,0.0,0.0,0.0,0.0,0.0,0.0,0.0,0.0,0.0,0.0,0.0,0.0,0.0,0.0,0.0,0.0,0.0,0.0,0.0
"116,163",2487.6201176512322,0.0,0.0,0.0,0.0,0.0,0.0,0.0,0.0,0.0,0.0,21584.57707997397,16670.50487272973,9156.137923679164,3860.1526490809874,3708.4125593970803,1318.0357635516748,23744.754681813487,17163.384932943416,9161.859825053869,3844.077824121363,3653.7771195243386,1308.415082362119,28311.063253131568,18800.89293061331,9560.47137985323,3901.827419606377,3700.35021943672,1335.7168917440902,32743.33461735576,19954.607880102416,9761.26004020373,3967.7202745811614,3636.0913304768355,1316.4372424864303,35456.98672418688,21015.250684554907,10044.842346367182,4027.972280024547,3660.186549721512,1340.521057628183,0.0,0.0,0.0,0.0,0.0,0.0,0.0,0.0,0.0,0.0,0.0,0.0,0.0,0.0,0.0,0.0,0.0,0.0,0.0,0.0,0.0,0.0,0.0,0.0,0.0,0.0,0.0,0.0,0.0,0.0,0.0,0.0,0.0,0.0,0.0,0.0,0.0
"117,163",2485.034579943256,0.0,0.0,0.0,0.0,0.0,0.0,0.0,0.0,0.0,0.0,27994.921928664753,19728.64182494762,7827.132850461848,2448.646961198134,2335.205010250503,1650.720138427323,28250.197440070733,19849.77129203011,7833.537736911399,2461.478063330931,2392.9880059513393,1673.182884093827,29269.39446860575,20345.01925833833,7925.049583510791,2497.5858586563786,2437.9302242550198,1686.8314003159019,29913.923631634432,20688.468514503216,8091.93969185773,2553.738799220441,2441.1287849697414,1683.6165076900932,30334.402102675158,21124.331443742678,8120.82494743291,2537.6931818784456,2450.7673016342465,1718.9367922951194,0.0,0.0,0.0,0.0,0.0,0.0,0.0,0.0,0.0,0.0,0.0,0.0,0.0,0.0,0.0,0.0,0.0,0.0,0.0,0.0,0.0,0.0,0.0,0.0,0.0,0.0,0.0,0.0,0.0,0.0,0.0,0.0,0.0,0.0,0.0,0.0,0.0
"118,163",2482.302542001394,0.0,0.0,0.0,0.0,0.0,0.0,0.0,0.0,0.0,0.0,11589.296572639429,6296.637968346651,1639.0526517503404,424.0648934429767,144.5192193695143,3.2073094844818115,11878.283588100883,6408.2064937226905,1704.7782351465787,427.2657959049823,152.52978987132803,6.41467022895813,11628.903901288091,6498.6841472962315,1741.6588265465757,443.30032106100344,165.358189052694,6.41467022895813,11848.137157445797,6761.641269860547,1772.120367714938,476.1783234128765,174.9789187375237,8.012016892900654,12305.272087683397,7089.4853834666455,1807.3892461748685,482.5936831483654,184.60107845699088,8.012016892900654,0.0,0.0,0.0,0.0,0.0,0.0,0.0,0.0,0.0,0.0,0.0,0.0,0.0,0.0,0.0,0.0,0.0,0.0,0.0,0.0,0.0,0.0,0.0,0.0,0.0,0.0,0.0,0.0,0.0,0.0,0.0,0.0,0.0,0.0,0.0,0.0,0.0
"119,163",2479.424944526623,0.0,0.0,0.0,0.0,0.0,0.0,0.0,0.0,0.0,0.0,31421.454544664834,39432.75837199267,15733.208554156621,3749.1158954994353,1485.5459785788667,208.08782744407654,32652.242958540075,40378.29119211833,15947.447390834957,3788.5926028120753,1501.5618133872163,198.48553347587585,33197.05831670761,40777.628571253204,15997.5678262187,3870.7153912721897,1536.7713024943482,201.68480968475342,33288.69694355235,40955.746160005125,16072.509505793627,3877.120638960483,1527.1647520392548,198.48446011543274,33679.04920077978,41302.812329648514,16203.731841581006,3907.25949661872,1507.9539120524537,188.88018918037415,0.0,0.0,0.0,0.0,0.0,0.0,0.0,0.0,0.0,0.0,0.0,0.0,0.0,0.0,0.0,0.0,0.0,0.0,0.0,0.0,0.0,0.0,0.0,0.0,0.0,0.0,0.0,0.0,0.0,0.0,0.0,0.0,0.0,0.0,0.0,0.0,0.0
"120,163",2476.4027756495716,0.0,0.0,0.0,0.0,0.0,0.0,0.0,0.0,0.0,0.0,9997.277146907882,24439.18865058469,15704.510546180312,5013.725917434692,1602.7917139922872,92.7603702545166,9889.121493378809,24745.845744387312,15961.035713643654,5088.63116249664,1599.5921879207388,92.7603702545166,10391.885461667007,25657.302176070676,16335.481993658403,5229.941025954602,1620.382897873486,92.7603702545166,10860.621878087288,26843.70423248796,16741.8728427139,5277.897900086758,1645.9804167943844,92.7603702545166,11667.217718110365,28697.146498514627,17421.516508473607,5387.017005333246,1645.6272515128642,92.7603702545166,0.0,0.0,0.0,0.0,0.0,0.0,0.0,0.0,0.0,0.0,0.0,0.0,0.0,0.0,0.0,0.0,0.0,0.0,0.0,0.0,0.0,0.0,0.0,0.0,0.0,0.0,0.0,0.0,0.0,0.0,0.0,0.0,0.0,0.0,0.0,0.0,0.0
"121,163",2473.2370701692867,0.0,0.0,0.0,0.0,0.0,0.0,0.0,0.0,0.0,0.0,31267.842085950506,23295.75503863354,15509.512648840511,9226.537797843708,10486.034524124745,6624.876913850449,31468.917739007047,23413.777245214875,15680.065717415719,9390.278809316485,10620.195472401265,6704.735368316315,31748.85584356083,23648.15148573763,15886.969903451323,9508.152883379133,10720.813455389061,6755.840285127304,32224.877993398553,24122.65251739446,16240.839706670538,9585.653787583931,10812.684620289709,6737.472346252554,32556.877119078352,24403.627634095214,16356.731710015092,9547.215852613077,10849.406989186418,6782.195421880835,0.0,0.0,0.0,0.0,0.0,0.0,0.0,0.0,0.0,0.0,0.0,0.0,0.0,0.0,0.0,0.0,0.0,0.0,0.0,0.0,0.0,0.0,0.0,0.0,0.0,0.0,0.0,0.0,0.0,0.0,0.0,0.0,0.0,0.0,0.0,0.0,0.0
"122,163",2469.928908758684,0.0,0.0,0.0,0.0,0.0,0.0,0.0,0.0,0.0,0.0,47091.924022284686,41901.48432187847,15125.577235307881,5251.49663289949,3439.4004837419475,1283.6202707047555,47974.511627354346,42633.583770668745,15334.89644205804,5246.217097605911,3402.4928901391872,1248.5531887765023,49398.49159464836,43397.94060409864,15566.212116217148,5279.462356731004,3447.149405260647,1248.545046782026,49412.94160267325,43662.36480828641,15669.326040789661,5405.961343372569,3557.4237790640664,1267.687501406202,50226.90866367864,44276.91294540798,15950.586868953707,5500.575631861593,3653.462492099463,1299.5880713219735,0.0,0.0,0.0,0.0,0.0,0.0,0.0,0.0,0.0,0.0,0.0,0.0,0.0,0.0,0.0,0.0,0.0,0.0,0.0,0.0,0.0,0.0,0.0,0.0,0.0,0.0,0.0,0.0,0.0,0.0,0.0,0.0,0.0,0.0,0.0,0.0,0.0
"123,163",2466.4794171346657,0.0,0.0,0.0,0.0,0.0,0.0,0.0,0.0,0.0,0.0,2939.9838282379455,6885.026973201713,7317.174170233222,3773.4681968258874,1759.6222059773463,213.34209189975962,2922.6925576696212,6778.034802134831,7062.997371270609,3667.257495988584,1735.219240653281,216.5294140394996,3033.413173104268,6840.354622916614,7188.812125180748,3644.4318059070442,1706.5452122566746,213.34126887882456,3227.736519480687,7293.5221507352935,7563.718904248406,3788.886168941797,1753.3038245640548,219.71586380565867,3501.604856873494,7745.801311950123,7806.854882318834,3867.1894158363343,1784.369982098598,206.9664636668037,0.0,0.0,0.0,0.0,0.0,0.0,0.0,0.0,0.0,0.0,0.0,0.0,0.0,0.0,0.0,0.0,0.0,0.0,0.0,0.0,0.0,0.0,0.0,0.0,0.0,0.0,0.0,0.0,0.0,0.0,0.0,0.0,0.0,0.0,0.0,0.0,0.0
"124,163",2462.8897652039514,0.0,0.0,0.0,0.0,0.0,0.0,0.0,0.0,0.0,0.0,2099.8020098835814,3368.93981997172,4190.706621839486,4135.39219548562,6477.826987005684,1565.262938379774,2043.8012681671214,3413.4430948893228,4327.7709389312595,4322.976582311181,6871.910309111839,1703.5203395862204,1851.1750945474587,3348.7988566052677,4367.204162960426,4385.800787179611,6844.6550355060435,1678.0882467746733,1805.0744091725817,3308.247639138091,4353.740848082187,4319.008552758834,6638.627959713282,1690.8057853100347,1783.5186768971237,3220.264391801871,4361.097768468483,4331.0313576810495,6698.358828608196,1699.6634543680677,0.0,0.0,0.0,0.0,0.0,0.0,0.0,0.0,0.0,0.0,0.0,0.0,0.0,0.0,0.0,0.0,0.0,0.0,0.0,0.0,0.0,0.0,0.0,0.0,0.0,0.0,0.0,0.0,0.0,0.0,0.0,0.0,0.0,0.0,0.0,0.0,0.0
"125,163",2459.161166166965,0.0,0.0,0.0,0.0,0.0,0.0,0.0,0.0,0.0,0.0,7892.776098716025,12439.653437085246,15296.686821119456,13925.895188013714,23438.122036155062,12405.083718924428,8055.899653882606,12738.297364182567,15647.161791802388,14124.423371140163,23592.36837211029,12464.710679042106,8044.296144453685,12796.591338155784,15662.523835685206,14164.841118205764,23663.120140655366,12515.428925502067,8109.396225538441,12868.043485178667,15761.694564424775,14225.951919781928,23842.534724229925,12579.699495175306,8041.937117237204,12920.849811838189,15810.612918672374,14413.916533959145,24284.53066702263,12791.543269889495,0.0,0.0,0.0,0.0,0.0,0.0,0.0,0.0,0.0,0.0,0.0,0.0,0.0,0.0,0.0,0.0,0.0,0.0,0.0,0.0,0.0,0.0,0.0,0.0,0.0,0.0,0.0,0.0,0.0,0.0,0.0,0.0,0.0,0.0,0.0,0.0,0.0
"126,163",2455.294875590364,0.0,0.0,0.0,0.0,0.0,0.0,0.0,0.0,0.0,0.0,3387.062929584465,7116.783778239231,9901.62671248118,9931.81631075915,21140.480331482602,17126.935383430184,3459.9683880347825,7232.479402486951,10101.464014870511,10166.412475462519,21567.81352433691,17183.221941960095,3456.7870063323594,7249.8905345954145,10053.761429803511,10243.329258527006,21907.149356675618,17462.191338440018,3453.6061768073655,7213.4536434706515,10069.629808652166,10205.287407960142,21996.647707870892,17602.684682526313,3535.9801211450613,7409.317402192658,10252.207486420986,10409.932320482592,22321.79151977651,17973.96959319302,0.0,0.0,0.0,0.0,0.0,0.0,0.0,0.0,0.0,0.0,0.0,0.0,0.0,0.0,0.0,0.0,0.0,0.0,0.0,0.0,0.0,0.0,0.0,0.0,0.0,0.0,0.0,0.0,0.0,0.0,0.0,0.0,0.0,0.0,0.0,0.0,0.0
"127,163",2451.29219048221,0.0,0.0,0.0,0.0,0.0,0.0,0.0,0.0,0.0,0.0,5261.859466290941,8444.903481786392,8944.223356665818,8131.138064593895,18661.63794788006,22748.72003872722,5409.072717366499,8669.563595484751,9201.38790754524,8472.486030327107,19375.01341050466,23343.08797512148,5386.939610896391,8636.327399334254,9067.726934851853,8453.440653548521,19156.617907630694,22701.502886123286,5404.335836702235,8663.224486063975,9097.614820318599,8382.20560814259,18905.79673712768,22237.744435300083,5378.323248103086,8728.151552306905,9048.384275470999,8300.703468902437,18652.50401134304,21629.632379544953,0.0,0.0,0.0,0.0,0.0,0.0,0.0,0.0,0.0,0.0,0.0,0.0,0.0,0.0,0.0,0.0,0.0,0.0,0.0,0.0,0.0,0.0,0.0,0.0,0.0,0.0,0.0,0.0,0.0,0.0,0.0,0.0,0.0,0.0,0.0,0.0,0.0
"128,163",2447.1544483053917,0.0,0.0,0.0,0.0,0.0,0.0,0.0,0.0,0.0,0.0,8606.51071732465,11170.403685560414,10669.170526631671,9803.07742859242,21251.193259957254,40639.49995397681,8825.368515558805,11441.811778220943,11045.265390887915,10199.283037779378,22211.35101099014,42513.90330123433,8949.389143391216,11587.170358094982,11247.521596446692,10389.971773676778,22598.316163355696,43444.358676655145,9020.721832627878,11639.272148391312,11330.111550404043,10402.563893957698,22688.741835837274,42914.23537848697,8905.595015374352,11520.24874193341,11136.80010058833,10140.01050674775,21998.466407377582,41663.24638683656,0.0,0.0,0.0,0.0,0.0,0.0,0.0,0.0,0.0,0.0,0.0,0.0,0.0,0.0,0.0,0.0,0.0,0.0,0.0,0.0,0.0,0.0,0.0,0.0,0.0,0.0,0.0,0.0,0.0,0.0,0.0,0.0,0.0,0.0,0.0,0.0,0.0
"129,163",2164.200100524672,0.0,0.0,0.0,0.0,0.0,0.0,0.0,0.0,0.0,0.0,28178.858637298323,34469.84609272901,22638.87379079426,13994.31351553225,21386.459941519006,25357.533375724157,28432.44350174923,34888.45775813682,22986.768600851883,14298.831459985995,22151.555971882386,26606.073550880657,28608.91520577786,35154.795132015264,23163.440646321167,14471.300940103156,22634.453269741578,27372.219325468588,28678.087593279633,35337.82936121436,23323.36194140771,14533.636627040189,22764.10404482542,27603.998398114185,28573.295657645023,35189.11113980237,23227.61936377544,14415.536196854535,22449.27319472724,27164.019291215787,0.0,0.0,0.0,0.0,0.0,0.0,0.0,0.0,0.0,0.0,0.0,0.0,0.0,0.0,0.0,0.0,0.0,0.0,0.0,0.0,0.0,0.0,0.0,0.0,0.0,0.0,0.0,0.0,0.0,0.0,0.0,0.0,0.0,0.0,0.0,0.0,0.0
"130,163",175.40095214356626,0.0,0.0,0.0,0.0,0.0,0.0,0.0,0.0,0.0,0.0,2988.554540410696,4494.795855373494,2826.1397442135158,1522.8301390554393,1572.4233549127393,987.476198685403,3001.162743344961,4517.04420410792,2855.2967799915987,1554.3975088409352,1619.6739428436053,1085.603904352936,3031.668463754653,4554.864211670558,2908.876428486319,1567.7949157069713,1661.2009821471047,1137.9848143484078,3047.428292322158,4558.015917889277,2915.180170656653,1574.334375934975,1654.898042016871,1156.8954467203102,3023.2262945324765,4545.409338585536,2899.4220076813417,1558.5752661994861,1617.0781601008248,1131.6812791254006,0.0,0.0,0.0,0.0,0.0,0.0,0.0,0.0,0.0,0.0,0.0,0.0,0.0,0.0,0.0,0.0,0.0,0.0,0.0,0.0,0.0,0.0,0.0,0.0,0.0,0.0,0.0,0.0,0.0,0.0,0.0,0.0,0.0,0.0,0.0,0.0,0.0
"86,164",550.7766515271559,0.0,0.0,0.0,0.0,0.0,0.0,0.0,0.0,0.0,0.0,7752.692484761219,1065.6538153012593,308.01099900638354,110.65615272521973,2.1487741470336914,0.0,7959.9976318649215,1151.5878907830106,324.1252961579491,113.8790352344513,2.1487741470336914,0.0,8058.809480759676,1202.0793917169758,366.0227914277245,120.32520914077759,2.1487741470336914,0.0,8321.464568098854,1294.1952942894955,406.84745069578577,120.32487964630127,2.1487741470336914,0.0,8956.481333344589,1542.886323931638,457.3410821381737,126.7706618309021,2.1487741470336914,0.0,0.0,0.0,0.0,0.0,0.0,0.0,0.0,0.0,0.0,0.0,0.0,0.0,0.0,0.0,0.0,0.0,0.0,0.0,0.0,0.0,0.0,0.0,0.0,0.0,0.0,0.0,0.0,0.0,0.0,0.0,0.0,0.0,0.0,0.0,0.0,0.0,0.0
"87,164",2496.629516499824,0.0,0.0,0.0,0.0,0.0,0.0,0.0,0.0,0.0,0.0,17930.587281593624,2157.3111240246717,488.926482741973,127.84070498242097,17.180790098975685,0.0,19643.29668047475,2567.871021568074,501.8267782379599,111.7236791302176,13.957277926276712,0.0,21289.1110760801,2941.317067201465,543.7409988094778,118.1731157947989,13.957277926276712,0.0,23066.264687124887,3279.8848976574695,606.0715344513163,129.45156179502897,20.408419760535743,12.902292251586914,28678.473032961643,4731.8627091510625,768.3531900714424,153.45484043196137,39.75965920336106,16.127867460250854,0.0,0.0,0.0,0.0,0.0,0.0,0.0,0.0,0.0,0.0,0.0,0.0,0.0,0.0,0.0,0.0,0.0,0.0,0.0,0.0,0.0,0.0,0.0,0.0,0.0,0.0,0.0,0.0,0.0,0.0,0.0,0.0,0.0,0.0,0.0,0.0,0.0
"88,164",2498.4705738043913,0.0,0.0,0.0,0.0,0.0,0.0,0.0,0.0,0.0,0.0,7938.072760315503,8242.488791169373,3261.4301963450866,1560.9500291534498,1723.1012915040933,3612.700586746253,8669.292394181793,8753.338610916511,3380.8420677783447,1638.4013996311262,1852.171271648594,3806.3087446194068,9810.59888859356,9847.762259443134,3560.645638807147,1735.2145476528242,2008.6777359392129,3951.5141248207465,11733.62606621069,11199.76069637093,4112.406440360874,2111.4422348574094,2699.9056271038803,4748.511808345832,13497.078817599428,12670.377869423697,4543.163683794059,2374.5892719343597,3064.513955923155,5142.175663660087,0.0,0.0,0.0,0.0,0.0,0.0,0.0,0.0,0.0,0.0,0.0,0.0,0.0,0.0,0.0,0.0,0.0,0.0,0.0,0.0,0.0,0.0,0.0,0.0,0.0,0.0,0.0,0.0,0.0,0.0,0.0,0.0,0.0,0.0,0.0,0.0,0.0
"89,164",2500.1604927667136,0.0,0.0,0.0,0.0,0.0,0.0,0.0,0.0,0.0,0.0,16741.607966622185,17403.394995811872,4920.917998894523,827.7030520953384,248.5754759311676,77.47284173965454,19855.484415793886,19536.41411114487,5208.295419796776,852.3289806842804,267.94425082206726,74.24478602409363,21865.70212669466,21748.09063751744,5607.943985316333,920.1315841674805,290.5416040420532,74.24478602409363,26020.92451976982,26077.33512484513,6503.540714987587,1047.7267818310681,325.3298926774193,80.70091319084167,28930.52538125936,29012.082294246262,7365.666748055291,1228.5323300221387,351.1616197053124,80.70091319084167,0.0,0.0,0.0,0.0,0.0,0.0,0.0,0.0,0.0,0.0,0.0,0.0,0.0,0.0,0.0,0.0,0.0,0.0,0.0,0.0,0.0,0.0,0.0,0.0,0.0,0.0,0.0,0.0,0.0,0.0,0.0,0.0,0.0,0.0,0.0,0.0,0.0
"90,164",2501.6986811106344,0.0,0.0,0.0,0.0,0.0,0.0,0.0,0.0,0.0,0.0,28776.816443577005,6288.066098548851,356.6196138765298,22.618029832839966,22.62083625793457,3.231855630874634,35643.15760599211,8169.539369029625,463.2484068777047,22.61838984489441,22.62083625793457,3.231855630874634,40253.0617624741,9452.735798425301,554.9173148660099,38.774049520492554,35.54598045349121,3.231855630874634,45891.476617306354,10905.43754624105,681.8001341501872,71.0909333229065,38.77847766876221,9.694926500320435,51184.908207170636,12640.070195800185,757.3185991362029,77.55464458465576,54.93738389015198,16.158605337142944,0.0,0.0,0.0,0.0,0.0,0.0,0.0,0.0,0.0,0.0,0.0,0.0,0.0,0.0,0.0,0.0,0.0,0.0,0.0,0.0,0.0,0.0,0.0,0.0,0.0,0.0,0.0,0.0,0.0,0.0,0.0,0.0,0.0,0.0,0.0,0.0,0.0
"91,164",2503.0845989010477,0.0,0.0,0.0,0.0,0.0,0.0,0.0,0.0,0.0,0.0,26357.051693518955,3045.8334318039465,440.7965196908689,210.0959951877594,129.28751516342163,29.08960247039795,32150.64041438664,3779.919970511455,573.3160020650602,281.2059326171875,177.77067470550537,51.71442675590515,36762.404329109195,4239.12730661654,677.9534256458282,307.06389594078064,206.86117434501648,61.41099977493286,43400.973289318645,4875.0252026408325,767.9719210783641,352.3161346912384,232.717928647995,64.643150806427,47310.02679875598,5470.425483343648,871.4050797144572,362.01223397254944,255.34307718276978,74.33964729309082,0.0,0.0,0.0,0.0,0.0,0.0,0.0,0.0,0.0,0.0,0.0,0.0,0.0,0.0,0.0,0.0,0.0,0.0,0.0,0.0,0.0,0.0,0.0,0.0,0.0,0.0,0.0,0.0,0.0,0.0,0.0,0.0,0.0,0.0,0.0,0.0,0.0
"92,164",2504.317758969637,0.0,0.0,0.0,0.0,0.0,0.0,0.0,0.0,0.0,0.0,24641.794126794855,8066.485308721018,1817.851100809434,615.6030247772442,675.9976890087128,268.46082282066345,26310.94978323357,8698.25492180469,2032.935516083474,747.1458778381348,701.8752303123474,294.332457780838,27706.217314076894,9347.427738394455,2191.283138281691,812.8997567260967,752.0009334966248,307.26955485343933,28970.273199972456,9901.720089401917,2383.32389475972,854.9438961113201,811.2845574865155,329.9101893901825,30395.890857417922,10403.688753459968,2491.685918036629,877.5814548099743,850.0983454236798,359.0197901725769,0.0,0.0,0.0,0.0,0.0,0.0,0.0,0.0,0.0,0.0,0.0,0.0,0.0,0.0,0.0,0.0,0.0,0.0,0.0,0.0,0.0,0.0,0.0,0.0,0.0,0.0,0.0,0.0,0.0,0.0,0.0,0.0,0.0,0.0,0.0,0.0,0.0
"93,164",2505.397727300559,0.0,0.0,0.0,0.0,0.0,0.0,0.0,0.0,0.0,0.0,41390.236338405986,12771.187030669755,1619.5520329746541,326.95778660213244,287.9871828556061,319.4827505887723,41910.986603583544,12807.747432450686,1542.7439257949004,328.03745726978076,268.5708079338074,296.83507817399266,43382.20350898574,13252.802349731968,1529.0786182356815,330.1963205758263,258.8639063835144,279.4519892253128,43965.25448347167,13565.785182210511,1538.7836696578006,343.4915916966457,270.724885225296,269.74485235588224,45781.2670803977,14450.366296109965,1603.5013262701968,353.20109653940386,261.02107858657837,272.9801862754074,0.0,0.0,0.0,0.0,0.0,0.0,0.0,0.0,0.0,0.0,0.0,0.0,0.0,0.0,0.0,0.0,0.0,0.0,0.0,0.0,0.0,0.0,0.0,0.0,0.0,0.0,0.0,0.0,0.0,0.0,0.0,0.0,0.0,0.0,0.0,0.0,0.0
"94,164",2506.324123373845,0.0,0.0,0.0,0.0,0.0,0.0,0.0,0.0,0.0,0.0,69453.78666411195,13075.762732124329,804.5627159371096,142.4079191684723,77.6774275302887,67.96870756149292,68622.04087210077,12869.969896199655,762.8394748089361,148.88171935081482,74.44122004508972,67.96870756149292,70289.71853160765,13176.111480433332,815.4773484819076,165.06362199783325,74.44088506698608,67.96860694885254,70810.50294278743,13385.01593181853,844.615190412484,167.9441922084958,84.15022158622742,61.49559950828552,71844.938135925,14025.224114188026,915.8247624892815,193.83599141999787,87.38664412498474,58.258915185928345,0.0,0.0,0.0,0.0,0.0,0.0,0.0,0.0,0.0,0.0,0.0,0.0,0.0,0.0,0.0,0.0,0.0,0.0,0.0,0.0,0.0,0.0,0.0,0.0,0.0,0.0,0.0,0.0,0.0,0.0,0.0,0.0,0.0,0.0,0.0,0.0,0.0
"95,164",2507.096620466609,0.0,0.0,0.0,0.0,0.0,0.0,0.0,0.0,0.0,0.0,22397.60423884579,2452.7670302437805,148.95593976974487,84.19505405426025,74.4807996749878,35.62090253829956,20350.669630816403,2343.049951097077,165.14704728126526,90.67157983779907,93.9105122089386,42.0975387096405,20173.74600824375,2268.475548328138,163.11633197466534,97.14817142486572,103.62547063827515,45.336004972457886,21989.00250218803,2546.2148871365716,197.52945375442505,123.05439925193787,116.57871055603027,51.812602519989014,22458.41654687115,2593.577715737212,220.19516921043396,126.2927041053772,126.29336142539978,58.28899359703064,0.0,0.0,0.0,0.0,0.0,0.0,0.0,0.0,0.0,0.0,0.0,0.0,0.0,0.0,0.0,0.0,0.0,0.0,0.0,0.0,0.0,0.0,0.0,0.0,0.0,0.0,0.0,0.0,0.0,0.0,0.0,0.0,0.0,0.0,0.0,0.0,0.0
"96,164",2507.7149459130287,0.0,0.0,0.0,0.0,0.0,0.0,0.0,0.0,0.0,0.0,13157.262176418306,5414.470054094465,1235.4346974354164,699.1684487436332,637.2602254128925,404.85489773750305,13684.311900885903,5923.051325847589,1356.4807010622585,712.1250517938652,666.4097522473804,411.3346290588379,14005.18043570799,6239.4321201296425,1402.6659842575298,689.4518895719566,634.0218335366718,414.57336807250977,15165.596338482463,6940.792074840209,1538.926735388999,767.1845560644188,663.1724761701099,427.5285544395447,15673.625941320493,7235.437808093839,1637.5297313793035,796.33360916119,716.6090004219728,472.87388372421265,0.0,0.0,0.0,0.0,0.0,0.0,0.0,0.0,0.0,0.0,0.0,0.0,0.0,0.0,0.0,0.0,0.0,0.0,0.0,0.0,0.0,0.0,0.0,0.0,0.0,0.0,0.0,0.0,0.0,0.0,0.0,0.0,0.0,0.0,0.0,0.0,0.0
"97,164",2508.178881319897,0.0,0.0,0.0,0.0,0.0,0.0,0.0,0.0,0.0,0.0,42925.32321548088,25578.032856988906,7548.256561531742,2670.199480563519,2820.5387509869593,674.548736075794,46195.01675475905,29168.919573804444,8390.878501485377,2885.210631989498,2950.118117909338,681.0273825925939,48706.75752973276,32230.21575895104,9159.414275267543,2920.3534302019607,2930.678039889242,668.068877915775,51393.01056117357,35743.58087408682,10218.985844470006,3155.5242940023836,3048.7499738347296,729.6177096170537,54059.265585826426,38283.51705507203,10872.365263551825,3219.5865885052026,3045.507862151838,762.0118894380681,32.3930869102478,3.2393062114715576,0.0,0.0,0.0,0.0,35.63239312171936,0.0,0.0,0.0,0.0,0.0,0.0,0.0,0.0,0.0,0.0,0.0,0.0,0.0,0.0,0.0,0.0,0.0,0.0,0.0,0.0,0.0,0.0,0.0,0.0,0.0,0.0,0.0,0.0,0.0,0.0
"98,164",2508.488262740359,0.0,0.0,0.0,0.0,0.0,0.0,0.0,0.0,0.0,0.0,29865.4112331353,43305.37286122453,22265.02843425882,10574.364734855353,12672.033223611232,2326.6385508153953,30695.564116937974,45156.91989424744,23060.37297649852,10970.823979242175,12999.24529908311,2349.3170600507774,30985.2176139523,45999.088764749795,23730.1084392931,11275.046080437829,13047.844656211253,2326.63824635487,31533.218076433855,47441.63481303758,24639.51557189811,11663.094414471645,13380.089192650363,2346.07593255978,31876.20984156646,48449.5539291653,25145.64638061337,11824.173120138692,13384.950490648604,2307.2003274534263,0.0,0.0,0.0,0.0,0.0,0.0,0.0,0.0,0.0,0.0,0.0,0.0,0.0,0.0,0.0,0.0,0.0,0.0,0.0,0.0,0.0,0.0,0.0,0.0,0.0,0.0,0.0,0.0,0.0,0.0,0.0,0.0,0.0,0.0,0.0,0.0,0.0
"99,164",2508.6429808040234,0.0,0.0,0.0,0.0,0.0,0.0,0.0,0.0,0.0,0.0,11922.925975396585,25361.0610053371,17025.913987056883,8762.943466816696,11661.431608286091,4309.152111291885,12496.385390487372,26821.90134332881,18097.53835537761,9329.210601959976,12158.771985357884,4492.381431341171,12937.909212594874,27591.727326493165,18429.62618392589,9392.800638886994,12121.924485702142,4479.421779870987,13731.129580590306,29546.45888805109,19589.35674090479,9942.375556741976,12771.16304381782,4702.077584117067,14131.259123893815,30630.437993192674,20201.34279844714,10044.02155383615,12563.805587848963,4601.63885530771,0.0,0.0,0.0,0.0,0.0,0.0,0.0,0.0,0.0,0.0,0.0,0.0,0.0,0.0,0.0,0.0,0.0,0.0,0.0,0.0,0.0,0.0,0.0,0.0,0.0,0.0,0.0,0.0,0.0,0.0,0.0,0.0,0.0,0.0,0.0,0.0,0.0
"100,164",2508.642980804013,0.0,0.0,0.0,0.0,0.0,0.0,0.0,0.0,0.0,0.0,8856.276843411317,13765.260060245848,3854.935245678472,1129.9844426248585,1080.3299641534393,790.551745891571,9783.682566795162,15479.572929574928,4231.154234812307,1214.9484972093617,1177.5291395112579,798.4802134037018,10688.359945449643,16869.316524560778,4621.57709199868,1333.048801897086,1196.9693412705963,801.7202644348145,11660.899857766955,18870.88609989297,5281.288070166344,1478.6700413442124,1294.5372315967784,826.9160079956055,12419.051358707278,20488.3271877588,5747.119298498304,1605.358802349427,1349.6168803299174,835.1874771875493,0.0,0.0,0.0,0.0,0.0,0.0,0.0,0.0,0.0,0.0,0.0,0.0,0.0,0.0,0.0,0.0,0.0,0.0,0.0,0.0,0.0,0.0,0.0,0.0,0.0,0.0,0.0,0.0,0.0,0.0,0.0,0.0,0.0,0.0,0.0,0.0,0.0
"101,164",2508.48826274038,0.0,0.0,0.0,0.0,0.0,0.0,0.0,0.0,0.0,0.0,14403.975278217653,13479.092955563112,5979.828086220983,2100.286678661085,2215.593969552657,2160.3379874528623,14804.595359518013,14430.320565167594,6187.71864195057,2135.924964774824,2189.6765541721793,2161.40540060623,15382.168287680195,15150.92448994038,6512.100596613042,2154.4872007874883,2090.8581959518733,2064.214112850264,16386.50561396842,16451.462749214734,6928.595069356993,2224.3272176312466,2139.455303600723,2041.5356286488327,17316.32918684249,17905.943471227914,7475.374372092416,2378.907507606581,2262.5667111191096,2107.7664843503167,0.0,0.0,0.0,0.0,0.0,0.0,0.0,0.0,0.0,0.0,0.0,0.0,0.0,0.0,0.0,0.0,0.0,0.0,0.0,0.0,0.0,0.0,0.0,0.0,0.0,0.0,0.0,0.0,0.0,0.0,0.0,0.0,0.0,0.0,0.0,0.0,0.0
"102,164",2503.7035429677453,0.0,0.0,0.0,0.0,0.0,0.0,0.0,0.0,0.0,0.0,7121.481199959212,16029.155209613313,7417.872669007732,2264.9312202425567,1791.1842305024466,439.8237377400492,8240.571329209384,18778.228886366825,8272.667062269473,2375.0737628431884,1768.5119194348654,445.2236434216593,8902.063190439634,20319.374856101767,8762.220007276534,2488.7956930815003,1771.7541291077932,429.02788507891637,10391.349646781473,23458.951999445522,9919.418969753677,2673.807019288867,1823.5823611577352,416.07172357989293,11860.004668430254,26688.681215698583,11272.732765823253,2932.243582595563,1924.0034672578176,422.5508841271494,0.0,0.0,0.0,0.0,0.0,0.0,0.0,0.0,0.0,0.0,0.0,0.0,0.0,0.0,0.0,0.0,0.0,0.0,0.0,0.0,0.0,0.0,0.0,0.0,0.0,0.0,0.0,0.0,0.0,0.0,0.0,0.0,0.0,0.0,0.0,0.0,0.0
"103,164",2474.1459919125355,0.0,0.0,0.0,0.0,0.0,0.0,0.0,0.0,0.0,0.0,17241.23457521925,28912.08055522395,9741.004305393557,3073.246102568683,2223.0447338964423,682.5265242109111,19301.178781007322,32419.023368791506,10217.714263279298,2985.7989788027376,2145.314386501499,656.6173180589489,20032.542005923216,33622.096291937545,10388.709957228455,2884.9247473230553,2054.626482968237,624.230978156071,21404.89977340231,35636.68957779174,11003.037836605896,2965.527487716488,2065.549344619115,627.4692861089519,21926.003837362925,36704.08579697889,11239.73200774193,2992.696451922024,2031.5498890960916,619.3783714967615,0.0,0.0,0.0,0.0,0.0,0.0,0.0,0.0,0.0,0.0,0.0,0.0,0.0,0.0,0.0,0.0,0.0,0.0,0.0,0.0,0.0,0.0,0.0,0.0,0.0,0.0,0.0,0.0,0.0,0.0,0.0,0.0,0.0,0.0,0.0,0.0,0.0
"104,164",2485.5813553113617,0.0,0.0,0.0,0.0,0.0,0.0,0.0,0.0,0.0,0.0,74229.60174865348,38074.25577354151,5078.209391248927,822.4714689254761,748.3524833510903,437.13786268234253,77769.99279008753,39535.121743527576,5159.158414734111,809.5171360969543,741.8751316855935,433.89978885650635,80016.08559287575,40701.288766834776,5243.702915428199,780.3721928596497,735.3990526984719,437.1379716396332,83717.950293224,43108.06253780478,5562.78399868666,812.7521648406982,728.9218107055215,420.94751596450806,86170.6744971322,44798.42339095976,6012.881589848387,845.1332957744598,748.3484483550576,440.37451577186584,0.0,0.0,0.0,0.0,0.0,0.0,0.0,0.0,0.0,0.0,0.0,0.0,0.0,0.0,0.0,0.0,0.0,0.0,0.0,0.0,0.0,0.0,0.0,0.0,0.0,0.0,0.0,0.0,0.0,0.0,0.0,0.0,0.0,0.0,0.0,0.0,0.0
"105,164",2506.3241233738026,0.0,0.0,0.0,0.0,0.0,0.0,0.0,0.0,0.0,0.0,68956.2845916234,65184.06685775775,16451.76414167647,5097.89935337422,5298.97464034791,1976.2079548115826,70911.53060507867,65860.08949586177,16349.428131362503,5052.586035836912,5150.0815505766395,1903.3855358161177,71728.9457274998,67170.62951668478,16613.218354592602,5112.459210830577,5193.771878145255,1916.331429819032,72485.18999064015,67703.73283788271,16632.63215222078,5091.420520296284,5182.440929057551,1934.1241944649641,74202.6352476092,68903.99196676459,17006.672863260905,5160.830361242855,5302.206322314692,1987.5239250987183,0.0,0.0,0.0,0.0,0.0,0.0,0.0,0.0,0.0,0.0,0.0,0.0,0.0,0.0,0.0,0.0,0.0,0.0,0.0,0.0,0.0,0.0,0.0,0.0,0.0,0.0,0.0,0.0,0.0,0.0,0.0,0.0,0.0,0.0,0.0,0.0,0.0
"106,164",2505.3977273005485,0.0,0.0,0.0,0.0,0.0,0.0,0.0,0.0,0.0,0.0,65897.59997859095,63292.279136894256,15396.108134530572,4417.489206283233,5042.930833454693,2647.8320847268196,67557.6311303943,64111.14172790658,15294.514174810109,4396.771489479028,4952.326301212872,2634.8872547860237,68627.25089040364,64593.66745464007,15210.629366998111,4401.625033247705,4903.793743725384,2634.885646414289,69390.33903255929,65242.14254399467,15181.50901019994,4362.7953823687985,4871.434594030941,2660.7744794602486,70358.31404426238,66696.23926647878,15593.89467862634,4439.009139973509,4978.212519045437,2743.700970239265,0.0,0.0,0.0,0.0,0.0,0.0,0.0,0.0,0.0,0.0,0.0,0.0,0.0,0.0,0.0,0.0,0.0,0.0,0.0,0.0,0.0,0.0,0.0,0.0,0.0,0.0,0.0,0.0,0.0,0.0,0.0,0.0,0.0,0.0,0.0,0.0,0.0
"107,164",2504.317758969687,0.0,0.0,0.0,0.0,0.0,0.0,0.0,0.0,0.0,0.0,31657.764261973138,61481.58475163216,42250.940787410735,16789.555707524807,11403.015191581202,2973.601473023845,31840.390649364515,61613.72412914856,42141.36116107398,16701.492767505086,11379.944103488735,2967.1296695971023,32144.59889004558,62147.7130614262,42442.25876631176,16799.70101740127,11436.124977037018,2957.426512410594,32422.925613040552,62239.70660178148,42521.44959280257,16722.07185055976,11426.021411472208,2931.5534710192214,32687.85795626921,62686.49357950641,42673.04222852107,16651.320154861376,11406.19892593926,3025.3490902685653,0.0,0.0,0.0,0.0,0.0,0.0,0.0,0.0,0.0,0.0,0.0,0.0,0.0,0.0,0.0,0.0,0.0,0.0,0.0,0.0,0.0,0.0,0.0,0.0,0.0,0.0,0.0,0.0,0.0,0.0,0.0,0.0,0.0,0.0,0.0,0.0,0.0
"108,164",2503.084598901077,0.0,74.34713935852051,12.930540800094604,6.464677572250366,77.5828902721405,0.0,74.34713935852051,12.930540800094604,6.464677572250366,77.5828902721405,26593.093274408224,54551.398019194145,42435.15016124951,19442.361957052646,14939.832369962392,4826.26282657829,26864.961262962865,55337.059323596026,42962.88490358616,19650.88245370996,15219.460188663707,4850.100081742979,27109.92616772558,55901.98812176199,43620.38372077756,19990.7062132237,15487.79065898727,4947.083199561811,27269.21330319012,56421.90171658946,43977.784876615864,20149.11861466146,15529.825747287974,4966.478293956495,27481.36856916652,56954.694595313544,44318.37914339609,20412.596447508007,15896.783195962158,5086.103429616665,0.0,0.0,0.0,0.0,0.0,0.0,0.0,0.0,0.0,0.0,0.0,0.0,0.0,19.394623517990112,25.85923933982849,22.628170013427734,3.232494354248047,3.232612133026123,0.0,3.2326183319091797,3.2325997352600098,6.465322732925415,0.0,0.0,0.0,3.2320778369903564,3.2325997352600098,0.0,0.0,0.0,0.0,25.86094045639038,35.55888867378235,16.163061141967773,0.0,0.0,0.0
"109,164",2501.698681110591,113.09960198402405,203.57266926765442,3.230365514755249,12.926062822341919,6.462029457092285,16.157824754714966,168.0280590057373,3.230365514755249,12.926062822341919,6.462029457092285,24812.81799978462,56909.47435787052,56195.9058341335,25181.751786677043,17055.650239850023,4588.165908222572,25302.94895613895,57756.45448959108,57005.33384439993,25537.125373767405,17399.91149943015,4681.685862034442,25507.20740237797,58110.189415244495,57158.782329060996,25653.343654358625,17570.973238052105,4753.9695018347575,25847.350846600064,58657.781007681646,57484.508250735795,25838.712072958668,17680.989111936793,4773.768421766805,26073.35295279353,59222.11104443682,57918.941737431174,26087.465159907064,18021.426209635825,4925.202932551328,0.0,0.0,0.0,0.0,0.0,0.0,0.0,0.0,3.2318270206451416,6.462998867034912,3.231506109237671,3.231492757797241,0.0,45.23961591720581,80.78573536872864,38.77138805389404,3.2313196659088135,0.0,0.0,0.0,3.230365514755249,0.0,0.0,0.0,0.0,6.462735891342163,6.463326930999756,0.0,0.0,0.0,0.0,3.2318336963653564,3.2301957607269287,0.0,0.0,0.0,0.0
"110,164",2500.1604927666717,45.2150194644928,93.66194868087769,3.229604721069336,25.837515354156494,12.919096231460571,6.459362268447876,90.43238043785095,3.229604721069336,25.837515354156494,9.689294815063477,12549.959493644565,35789.544194836715,37851.142320786275,19341.846331834793,19219.13023616473,7504.447684941572,12985.137662598667,36995.55551038162,39022.84428084878,19938.68917625745,19690.94885751874,7699.98726792055,13285.394823111741,37504.73011136055,39500.323634760985,20265.878734976635,19868.30824439292,7664.454909512576,13522.082667958504,38059.39234240195,40039.37675674849,20569.402813345776,20185.015265030954,7814.20939037566,13723.974966382048,38606.38038386644,40660.34460827883,20934.229238598018,20540.187470479108,7911.077590677784,0.0,0.0,0.0,0.0,0.0,0.0,0.0,3.2295899391174316,3.2297723293304443,0.0,0.0,0.0,0.0,12.918724775314331,58.13526153564453,16.148738384246826,3.2296557426452637,0.0,0.0,3.229604721069336,0.0,0.0,0.0,0.0,0.0,12.918703079223633,6.459406137466431,6.459406137466431,0.0,0.0,0.0,6.459558963775635,3.229735851287842,0.0,0.0,0.0,0.0
"111,164",2498.4705738044654,0.0,0.0,0.0,0.0,0.0,0.0,0.0,0.0,0.0,0.0,9844.427529891334,23181.337284961402,31207.312593560124,20610.047744930493,17012.625511120816,1874.9547222380545,9806.26912062963,23162.304423341568,30717.881015173596,19968.934496540183,16306.233230845133,1816.876560760012,10326.08367734236,23858.47658606137,31286.134771710753,20162.20886578373,16409.384084052665,1857.619322825413,10858.875973854814,24540.26556714844,31750.117488146763,20179.441251517277,16117.330363934649,1835.030492073882,11473.151585079644,25435.085662173296,32621.95238467385,20621.857980079272,16478.15286365023,1851.1667108601214,0.0,0.0,0.0,0.0,0.0,0.0,0.0,0.0,0.0,0.0,0.0,0.0,0.0,0.0,0.0,0.0,0.0,0.0,0.0,0.0,0.0,0.0,0.0,0.0,0.0,0.0,0.0,0.0,0.0,0.0,0.0,0.0,0.0,0.0,0.0,0.0,0.0
"112,164",1368.5768091973741,0.0,0.0,0.0,0.0,0.0,0.0,0.0,0.0,0.0,0.0,3392.2851936274883,9810.08982351995,9586.752730049808,4737.736651698281,3824.8628098889894,973.1191658309863,3276.4807725728724,9708.831502855523,9293.161062791303,4541.531059055703,3663.2478800642725,963.44869297065,3423.7360384688654,10229.378676513596,9700.720505820069,4687.684926538842,3742.2518850429387,976.3440527252124,3546.658774072049,10636.629053991915,9983.932965125288,4772.371057833878,3858.351687007792,976.3392617038653,3714.8004382834715,11213.287960062775,10427.156900290882,4983.432648513832,4033.052999977972,986.0150217346118,0.0,0.0,0.0,0.0,0.0,0.0,0.0,0.0,0.0,0.0,0.0,0.0,0.0,0.0,0.0,0.0,0.0,0.0,0.0,0.0,0.0,0.0,0.0,0.0,0.0,0.0,0.0,0.0,0.0,0.0,0.0,0.0,0.0,0.0,0.0,0.0,0.0
"113,164",761.048322411929,0.0,0.0,0.0,0.0,0.0,0.0,0.0,0.0,0.0,0.0,13520.964567592097,10984.486151443743,5017.1291786362135,1695.4959127809489,1039.4146929666108,183.66127729415894,14314.25255199133,11324.488944483739,5006.105509986129,1652.4054414758496,984.6414996072358,177.21668100357056,14817.597388290891,12129.504092912113,5244.871268960541,1707.1837358007244,1003.9730981275147,186.88356947898865,15429.198802789986,12646.761024119809,5469.363116316702,1736.1854614744,997.5316925927705,186.88371229171753,15631.34283889602,12894.36191851111,5573.577358416949,1782.9048858614528,1032.1703787925196,186.88429474830627,0.0,0.0,0.0,0.0,0.0,0.0,0.0,0.0,0.0,0.0,0.0,0.0,0.0,0.0,0.0,0.0,0.0,0.0,0.0,0.0,0.0,0.0,0.0,0.0,0.0,0.0,0.0,0.0,0.0,0.0,0.0,0.0,0.0,0.0,0.0,0.0,0.0
"114,164",1996.56183537772,0.0,0.0,0.0,0.0,0.0,0.0,0.0,0.0,0.0,0.0,16202.476465470181,26825.108594482084,11364.822218505076,3637.1909590646333,1759.4855887160581,218.8072583282695,17127.86697472591,27867.154281964962,11569.2478573902,3612.6199200761084,1796.4781480405845,231.67751189119676,18286.87036843954,29348.622025947014,11821.921611561496,3646.4015429786605,1785.6263762277713,228.4590034092174,19881.599034744148,31493.49725577972,12214.814793718564,3720.446903067009,1821.0313738149753,228.45669551737168,20186.123578024843,32005.18948537696,12234.140376947442,3726.082289187113,1817.8082717222323,228.45669551737168,0.0,0.0,0.0,0.0,0.0,0.0,0.0,0.0,0.0,0.0,0.0,0.0,0.0,0.0,0.0,0.0,0.0,0.0,0.0,0.0,0.0,0.0,0.0,0.0,0.0,0.0,0.0,0.0,0.0,0.0,0.0,0.0,0.0,0.0,0.0,0.0,0.0
"115,164",2485.031763347525,0.0,0.0,0.0,0.0,0.0,0.0,0.0,0.0,0.0,0.0,23652.865838769834,27754.79809542543,12927.399060653239,4233.1311004835015,3066.642974567413,1059.5341618687498,26031.971538097718,29074.517388080145,13401.424683635376,4326.582102104262,3055.398054964402,1043.454653564154,27473.595925877136,30270.991353668884,13629.291923429453,4393.4178164556915,3079.506592119441,1057.920448078829,30336.78406904071,31477.002947547382,13875.447454728333,4409.511362846225,3087.1433904918968,1056.7239415318359,31365.23559974502,32061.374735635865,14044.11727596545,4350.919820296531,3037.2982846671457,1059.935973373114,0.0,0.0,0.0,0.0,0.0,0.0,0.0,0.0,0.0,0.0,0.0,0.0,0.0,0.0,0.0,0.0,0.0,0.0,0.0,0.0,0.0,0.0,0.0,0.0,0.0,0.0,0.0,0.0,0.0,0.0,0.0,0.0,0.0,0.0,0.0,0.0,0.0
"116,164",2487.75841575997,0.0,0.0,0.0,0.0,0.0,0.0,0.0,0.0,0.0,0.0,34985.50758667272,14607.887451539316,4507.866612330605,2013.4279902439491,2679.5420313564,1999.8986175565158,37501.56695892016,15142.283477869218,4624.771312343372,2035.929719732322,2714.8942745414433,2007.538909708285,40785.27218933011,16305.48827427041,5039.957487551372,2149.1146288264035,2883.581531415266,2041.2713109119265,43294.507357950766,16947.903701373645,5268.588220842212,2211.7717798560275,2965.9253412817043,2073.4075177772374,44229.69040773523,17131.40985336491,5308.049005106384,2206.059176831152,3009.3075278039078,2055.7288948601367,0.0,0.0,0.0,0.0,0.0,0.0,0.0,0.0,0.0,0.0,0.0,0.0,0.0,0.0,0.0,0.0,0.0,0.0,0.0,0.0,0.0,0.0,0.0,0.0,0.0,0.0,0.0,0.0,0.0,0.0,0.0,0.0,0.0,0.0,0.0,0.0,0.0
"117,164",2485.1724155819225,0.0,0.0,0.0,0.0,0.0,0.0,0.0,0.0,0.0,0.0,18897.77984117246,6953.913240012936,1418.9984975319283,451.655285096636,282.44092416763306,170.1856017112732,19826.198145411996,7381.616164001764,1380.495562360801,379.8647917953192,250.3490445613861,166.97440671920776,21134.11219278971,8045.876989479626,1433.4471708372528,383.0760034766852,250.3496081829071,170.1855776309967,22306.473302869235,8697.733281456254,1490.7241545705233,403.92537210127887,250.34917974472046,173.39674854278564,23804.203626977695,9340.581267473744,1588.178655610365,432.0888291863834,266.39695501327515,176.60791945457458,0.0,0.0,0.0,0.0,0.0,0.0,0.0,0.0,0.0,0.0,0.0,0.0,0.0,0.0,0.0,0.0,0.0,0.0,0.0,0.0,0.0,0.0,0.0,0.0,0.0,0.0,0.0,0.0,0.0,0.0,0.0,0.0,0.0,0.0,0.0,0.0,0.0
"118,164",2482.439904469933,0.0,0.0,0.0,0.0,0.0,0.0,0.0,0.0,0.0,0.0,12820.296241346061,9489.305842165852,1911.244076949475,522.5684604644775,205.1802008152008,3.206261157989502,12788.616262348023,9510.78558660208,1952.727476413577,538.5999674797058,213.18676397753697,3.206261157989502,13106.363687838759,9786.485980278838,2029.8452275509926,554.6245265007019,222.80892918063145,3.206261157989502,14166.026531739328,10489.45762641944,2176.7674007182027,602.7123608589172,232.43051836443883,4.803607821932026,15308.183659540437,11727.833993115146,2383.3935062567393,677.1652651534362,264.4945566411112,4.803607821932026,0.0,0.0,0.0,0.0,0.0,0.0,0.0,0.0,0.0,0.0,0.0,0.0,0.0,0.0,0.0,0.0,0.0,0.0,0.0,0.0,0.0,0.0,0.0,0.0,0.0,0.0,0.0,0.0,0.0,0.0,0.0,0.0,0.0,0.0,0.0,0.0,0.0
"119,164",2479.56182572456,0.0,0.0,0.0,0.0,0.0,0.0,0.0,0.0,0.0,0.0,21992.78186841011,16837.926715354355,5353.193847587062,1485.635517792608,647.0528427843954,99.20098755219404,23200.442369522767,17159.32019876592,5433.404505966224,1515.4983626749,666.2565101866628,95.99970218995038,23840.64398761824,17494.333766726886,5399.626442633424,1499.4933179761847,672.658060241213,95.99970218995038,24275.036718706055,17533.82909985991,5413.855022623025,1493.0842031385382,679.0589501147176,95.99970218995038,24200.66734494976,17820.572497718473,5473.271441182904,1509.093085184284,678.0058722402536,92.79829141953412,0.0,0.0,0.0,0.0,0.0,0.0,0.0,0.0,0.0,0.0,0.0,0.0,0.0,0.0,0.0,0.0,0.0,0.0,0.0,0.0,0.0,0.0,0.0,0.0,0.0,0.0,0.0,0.0,0.0,0.0,0.0,0.0,0.0,0.0,0.0,0.0,0.0
"120,164",2476.5391701539047,0.0,0.0,0.0,0.0,0.0,0.0,0.0,0.0,0.0,0.0,20385.59030657095,23870.224398633545,16905.83526373097,7854.247899917527,4886.461772667193,1584.0917850363487,20543.514334930158,24247.72941017525,17349.180708401815,8076.714486930884,4985.24162291078,1628.8531063425773,21183.24042869923,24474.77577224245,17294.434289447938,8039.906828845716,4932.825772491156,1606.4712782728905,21428.966723839447,24657.218167282554,17406.363030664597,8052.690321887708,4933.1772770825555,1580.538839183134,21681.387819303247,25262.081329629935,17763.284482441697,8148.627693418428,5033.381350034826,1616.0670419562096,0.0,0.0,0.0,0.0,0.0,0.0,0.0,0.0,0.0,0.0,0.0,0.0,0.0,0.0,0.0,0.0,0.0,0.0,0.0,0.0,0.0,0.0,0.0,0.0,0.0,0.0,0.0,0.0,0.0,0.0,0.0,0.0,0.0,0.0,0.0,0.0,0.0
"121,164",2473.3729753117254,0.0,0.0,0.0,0.0,0.0,0.0,0.0,0.0,0.0,0.0,25382.99716452337,32872.48653216362,22660.83330704558,7956.555074343027,5549.490018936232,1568.655907717873,25748.252616049263,33306.49974796538,23027.47620981628,8100.689236822315,5642.496667954501,1584.6296451961293,26488.744050778598,33657.5077590372,23134.89876567242,8162.60520344996,5659.709580636492,1555.8804658328786,26584.569263279674,33758.50903296938,23176.846759909276,8146.628919899697,5665.758413264331,1578.5901173039979,26736.72445626259,33771.73056006992,23081.440415239333,8092.332409385606,5638.6072192734355,1568.652534571816,0.0,0.0,0.0,0.0,0.0,0.0,0.0,0.0,0.0,0.0,0.0,0.0,0.0,0.0,0.0,0.0,0.0,0.0,0.0,0.0,0.0,0.0,0.0,0.0,0.0,0.0,0.0,0.0,0.0,0.0,0.0,0.0,0.0,0.0,0.0,0.0,0.0
"122,164",2470.064324689761,0.0,0.0,0.0,0.0,0.0,0.0,0.0,0.0,0.0,0.0,112893.30261103688,24489.529884210286,3587.536489989711,693.8228977156621,590.9580430189768,201.21138983146818,113901.27118614422,24822.788555444455,3628.9896063271694,733.146264516606,606.9021703402201,201.21416120903166,116708.65199402922,25309.643062368097,3720.2397754893586,745.9001578920028,610.0880054632822,198.02616148368986,116726.95538789619,25318.034627771376,3732.99452049592,749.0887324445388,610.0841104189554,198.02616148368986,117405.63659661425,25456.769781582963,3754.7871434464173,745.8935210340163,613.2755517164866,210.7867241419998,0.0,0.0,0.0,0.0,0.0,0.0,0.0,0.0,0.0,0.0,0.0,0.0,0.0,0.0,0.0,0.0,0.0,0.0,0.0,0.0,0.0,0.0,0.0,0.0,0.0,0.0,0.0,0.0,0.0,0.0,0.0,0.0,0.0,0.0,0.0,0.0,0.0
"123,164",2466.614346879324,0.0,0.0,0.0,0.0,0.0,0.0,0.0,0.0,0.0,0.0,41256.822691199355,31304.829873063514,14489.323399009892,8614.848494626962,12069.962909844342,6334.83982720562,41847.46778920678,31856.076883294532,14833.372433479159,8766.71103462238,12450.198602826922,6548.247123624764,42341.95737256349,32125.319372797945,14978.296166376038,8932.359351720997,12583.974820049136,6634.2318109531025,42517.22739257158,32236.45586318689,15016.520336345597,8961.006784048268,12657.211357505648,6685.206008817635,42465.76039333718,32221.92241801654,15050.514674768261,8975.35404309759,12618.976092727511,6605.566414501152,0.0,0.0,0.0,0.0,0.0,0.0,0.0,0.0,0.0,0.0,0.0,0.0,0.0,0.0,0.0,0.0,0.0,0.0,0.0,0.0,0.0,0.0,0.0,0.0,0.0,0.0,0.0,0.0,0.0,0.0,0.0,0.0,0.0,0.0,0.0,0.0,0.0
"124,164",2463.0242147077583,0.0,0.0,0.0,0.0,0.0,0.0,0.0,0.0,0.0,0.0,1508.8297448990393,1530.7211162595188,1065.8964453323215,441.8283534311781,665.2739164417865,196.24424073742887,1599.7362693608975,1709.5143349254831,1199.421998797211,435.448557879878,768.5879301912644,205.78367421673795,1658.953890140384,1830.3405735576853,1250.2953734977573,467.9570673306783,803.5600623972275,202.6017726168913,1761.5906746714722,1935.3074729526743,1256.671920595917,480.6782995065053,784.0123474551182,193.0687032447142,2114.5508270590913,2157.2171011896694,1437.9395495040744,544.984378417333,820.9831801255544,175.18573970888173,0.0,0.0,0.0,0.0,0.0,0.0,0.0,0.0,0.0,0.0,0.0,0.0,0.0,0.0,0.0,0.0,0.0,0.0,0.0,0.0,0.0,0.0,0.0,0.0,0.0,0.0,0.0,0.0,0.0,0.0,0.0,0.0,0.0,0.0,0.0,0.0,0.0
"125,164",2459.2951443342445,0.0,0.0,0.0,0.0,0.0,0.0,0.0,0.0,0.0,0.0,6166.419265609629,6537.188792770048,6143.242887673657,3387.286245764938,2555.103311323652,377.3414561215569,6527.8349128639,6939.05209553195,6455.727200437058,3558.4502296363607,2647.2447104687785,412.2914397183587,6708.8390370284815,7040.615437387953,6410.866522409401,3524.3915883793557,2653.604584717283,409.1125254098107,6942.063206928852,7108.764465159996,6388.601443337458,3505.695382208918,2617.9303385912203,409.1068190995385,7634.450808330612,7366.44423899183,6402.789782229591,3568.528540672976,2598.8443944155,440.872237629049,0.0,0.0,0.0,0.0,0.0,0.0,0.0,0.0,0.0,0.0,0.0,0.0,0.0,0.0,0.0,0.0,0.0,0.0,0.0,0.0,0.0,0.0,0.0,0.0,0.0,0.0,0.0,0.0,0.0,0.0,0.0,0.0,0.0,0.0,0.0,0.0,0.0
"126,164",2455.4283943102178,0.0,0.0,0.0,0.0,0.0,0.0,0.0,0.0,0.0,0.0,4577.706174011792,7096.91288822492,5400.067894739263,3447.4601648265234,3118.3849322459278,2087.3244361438005,4616.448419253967,7228.505775999555,5564.5605954123475,3510.149632396885,3178.5886425635395,2115.853033260271,4953.734041027929,7451.400141514984,5613.803402797849,3566.3664892795036,3118.045296937344,2073.0425163998325,5265.348047565946,7613.616260029288,5552.019098294952,3573.527643507602,3121.256699830411,2065.1343520145792,5873.624301644867,8307.386280660068,5695.927390462279,3571.059572621888,3201.419658795525,2055.6303952198405,0.0,0.0,0.0,0.0,0.0,0.0,0.0,0.0,0.0,0.0,0.0,0.0,0.0,0.0,0.0,0.0,0.0,0.0,0.0,0.0,0.0,0.0,0.0,0.0,0.0,0.0,0.0,0.0,0.0,0.0,0.0,0.0,0.0,0.0,0.0,0.0,0.0
"127,164",1074.8132021891374,0.0,0.0,0.0,0.0,0.0,0.0,0.0,0.0,0.0,0.0,987.7923747333826,1800.1536241493973,1681.1093097911164,1731.845046482834,3998.1560180570564,4364.475522114249,1023.5578768973257,1861.789228695514,1791.9171482310576,1830.7018606905842,4416.66487342236,4798.6900007434915,1062.9878896516914,1876.77089955573,1770.4631542402158,1788.1220820613937,4480.752376715342,4830.380505294425,1170.5008260792379,1963.1058999865663,1763.580306927363,1790.0607345160315,4518.7100578195905,4758.182265038584,1243.200511971642,2040.3194411792006,1782.5836388270063,1771.9475000895707,4464.064150768168,4530.377279854756,0.0,0.0,0.0,0.0,0.0,0.0,0.0,0.0,0.0,0.0,0.0,0.0,0.0,0.0,0.0,0.0,0.0,0.0,0.0,0.0,0.0,0.0,0.0,0.0,0.0,0.0,0.0,0.0,0.0,0.0,0.0,0.0,0.0,0.0,0.0,0.0,0.0
"128,164",833.5102415203901,0.0,0.0,0.0,0.0,0.0,0.0,0.0,0.0,0.0,0.0,1007.7535041463141,2169.614626495511,2468.7001555704605,2721.018486982233,8481.836202143688,17728.533951441445,1077.3101342808966,2306.8820491734673,2597.3167652934203,2825.35375881756,8907.783575499292,18588.94118803903,1108.6018536259146,2401.643875677445,2724.3168381896676,2892.623025852091,9138.006657259137,19170.431897139082,1121.2497849632712,2446.1491920349645,2749.6276151385964,2845.239498334772,8990.81354842373,18784.585799412635,1108.6091840435477,2432.479679026323,2751.2223711668275,2788.3457734164067,8850.302450041676,18182.269417740317,0.0,0.0,0.0,0.0,0.0,0.0,0.0,0.0,0.0,0.0,0.0,0.0,0.0,0.0,0.0,0.0,0.0,0.0,0.0,0.0,0.0,0.0,0.0,0.0,0.0,0.0,0.0,0.0,0.0,0.0,0.0,0.0,0.0,0.0,0.0,0.0,0.0
"129,164",115.83156866940402,0.0,0.0,0.0,0.0,0.0,0.0,0.0,0.0,0.0,0.0,562.9564730840572,777.1731989551993,828.8989378405552,814.5862526192385,1945.3161610977324,3078.401864783903,572.4243502336391,780.3298604656668,841.5275250864963,811.4308785690981,1974.2713417745106,3119.244750719444,580.3091719337539,780.3298604656668,866.78261031637,820.3453830270207,2037.962980454576,3275.512963634378,583.466353673561,786.6425602604361,873.0955902529697,826.6573637513554,2072.682047551286,3394.8299620740545,583.466353673561,792.9549987484427,879.4081515265445,832.9719265489018,2090.0321455646963,3425.958452994215,0.0,0.0,0.0,0.0,0.0,0.0,0.0,0.0,0.0,0.0,0.0,0.0,0.0,0.0,0.0,0.0,0.0,0.0,0.0,0.0,0.0,0.0,0.0,0.0,0.0,0.0,0.0,0.0,0.0,0.0,0.0,0.0,0.0,0.0,0.0,0.0,0.0
"86,165",1173.1204136081979,0.0,0.0,0.0,0.0,0.0,0.0,0.0,0.0,0.0,0.0,7248.21271589597,569.7182090862125,132.13236927986145,74.12659168243408,6.445610523223877,0.0,7516.042111868016,727.9909057776133,141.58420050938923,74.12508726119995,6.445610523223877,0.0,8111.697832605885,995.4555277983347,180.6575657414455,70.90214848518372,6.445610523223877,0.0,9204.139961979436,1306.9702510992686,206.43837585916705,77.34797739982605,9.668715953826904,0.0,9739.51722239887,1397.1983087221781,222.54942694177814,80.57098960876465,9.668715953826904,0.0,0.0,0.0,0.0,0.0,0.0,0.0,0.0,0.0,0.0,0.0,0.0,0.0,0.0,0.0,0.0,0.0,0.0,0.0,0.0,0.0,0.0,0.0,0.0,0.0,0.0,0.0,0.0,0.0,0.0,0.0,0.0,0.0,0.0,0.0,0.0,0.0,0.0
"87,165",2496.766041180968,0.0,0.0,0.0,0.0,0.0,0.0,0.0,0.0,0.0,0.0,23642.548118829727,659.9323795496249,225.6265733017641,54.80313444137573,6.4512434005737305,3.2256174087524414,24787.492789030075,731.9456584659277,233.50925807391897,59.45758635296541,9.676843643188477,3.2256174087524414,27154.103678719202,848.0385811534583,259.3016133729149,69.12765127911287,9.676835060119629,3.2256174087524414,29955.311035002913,1009.9863343622169,265.75027827655566,78.80079514279085,16.128052711486816,3.2256174087524414,33865.27785667157,1256.5213842092774,268.9809039059807,78.80079514279085,22.57927894592285,9.676826477050781,0.0,0.0,0.0,0.0,0.0,0.0,0.0,0.0,0.0,0.0,0.0,0.0,0.0,0.0,0.0,0.0,0.0,0.0,0.0,0.0,0.0,0.0,0.0,0.0,0.0,0.0,0.0,0.0,0.0,0.0,0.0,0.0,0.0,0.0,0.0,0.0,0.0
"88,165",2498.6074631267393,0.0,0.0,0.0,0.0,0.0,0.0,0.0,0.0,0.0,0.0,20139.785576831597,10315.48262923839,2906.2336529806544,989.774238315283,820.717144539777,1738.7739510984982,22227.29359437438,11198.213202235278,3188.056694882524,1082.3186319117453,872.753566756903,1903.3446338625515,26587.66988217597,13265.83845979279,3883.365141946194,1260.9375463251974,1030.8709976822722,2087.2635317297545,33268.58467604974,16756.446734119865,5373.431019574521,1661.3518666678783,1347.1194200665345,2464.819340035495,37059.07126777687,18514.750306616574,5834.988252445296,1837.071545010922,1479.41783787316,2555.1859765501586,0.0,0.0,0.0,0.0,0.0,0.0,0.0,0.0,0.0,0.0,0.0,0.0,0.0,0.0,0.0,0.0,0.0,0.0,0.0,0.0,0.0,0.0,0.0,0.0,0.0,0.0,0.0,0.0,0.0,0.0,0.0,0.0,0.0,0.0,0.0,0.0,0.0
"89,165",2500.2977231666923,0.0,0.0,0.0,0.0,0.0,0.0,0.0,0.0,0.0,0.0,29691.43767089844,55206.36998996548,22562.606205187592,4456.084876847735,1754.3578080551297,188.93799431651246,29573.706365562888,54317.59370655266,22318.537512523053,4483.146005814684,1738.2160362617642,195.39783223002564,30697.048466993783,57109.653386506856,23745.479619441314,4692.697325331557,1806.0219976322323,208.31670649378907,34141.34388013821,64581.68087862147,27688.704710545266,5519.0005541371365,2109.54477948114,240.61248500674378,35981.9134657626,68446.44138991974,29836.949065329984,5944.150828325048,2280.6694318668515,253.52883084147584,0.0,0.0,0.0,0.0,0.0,0.0,0.0,0.0,0.0,0.0,0.0,0.0,0.0,0.0,0.0,0.0,0.0,0.0,0.0,0.0,0.0,0.0,0.0,0.0,0.0,0.0,0.0,0.0,0.0,0.0,0.0,0.0,0.0,0.0,0.0,0.0,0.0
"90,165",2501.8362272884387,0.0,0.0,0.0,0.0,0.0,0.0,0.0,0.0,0.0,0.0,60187.01160512906,61671.05592983283,13223.865452240962,2667.416698259466,1396.6502498598659,186.3354372398526,63795.778299994556,64271.924177465255,13564.609415857463,2677.1140027466945,1374.0423828573787,189.5656003372342,66275.29013792487,66202.7382980272,13850.944107827952,2715.8814676228694,1415.315319554946,192.79587668344087,72011.75134323156,70663.72635303854,14611.46659582082,2890.333449644201,1496.0780599285572,218.64124769136018,74983.9023782571,72955.65403231919,15004.807974360037,3009.861524147146,1583.2906842400043,270.01096045082693,0.0,0.0,0.0,0.0,0.0,0.0,0.0,0.0,0.0,0.0,0.0,0.0,0.0,0.0,0.0,0.0,0.0,0.0,0.0,0.0,0.0,0.0,0.0,0.0,0.0,0.0,0.0,0.0,0.0,0.0,0.0,0.0,0.0,0.0,0.0,0.0,0.0
"91,165",2503.2224339586332,0.0,0.0,0.0,0.0,0.0,0.0,0.0,0.0,0.0,0.0,43986.32120372641,26960.10416635438,4828.726908148036,1439.5385733043445,1051.8889983205236,538.3901070445193,50719.91897288584,29480.30464453136,5225.241657806845,1552.670915404488,1132.6984229592717,557.7845841735018,55729.917360105705,31447.61586732116,5512.115483028748,1614.08624271505,1227.1566790889292,586.8752235263003,61651.99353904256,33739.93734291394,5918.514097454033,1749.8436291610492,1388.7687017272501,677.375711330713,64480.15655399491,35187.844188544324,6148.00650024601,1833.8833430206073,1501.08669591137,742.7432768475776,0.0,0.0,0.0,0.0,0.0,0.0,0.0,0.0,0.0,0.0,0.0,0.0,0.0,0.0,0.0,0.0,0.0,0.0,0.0,0.0,0.0,0.0,0.0,0.0,0.0,0.0,0.0,0.0,0.0,0.0,0.0,0.0,0.0,0.0,0.0,0.0,0.0
"92,165",2504.455854554605,0.0,0.0,0.0,0.0,0.0,0.0,0.0,0.0,0.0,0.0,28406.58809559205,8169.727059590583,944.3467614987318,148.79961705207825,168.2148666381836,346.13618540763855,28737.105107429914,8379.663625080446,968.0501027219436,145.56387758255005,148.80550503730774,297.6122076511383,30359.226819114123,9273.63110223845,1024.2449922112858,135.85958433151245,161.74558782577515,281.4377360343933,32575.0225298171,9784.516728600334,1058.6061344258926,152.03379702568054,161.74548649787903,278.2027151584625,34061.22107593219,10650.44086091565,1100.6521377675674,168.206636428833,155.27591013908386,255.55798363685608,0.0,0.0,0.0,0.0,0.0,0.0,0.0,0.0,0.0,0.0,0.0,0.0,0.0,0.0,0.0,0.0,0.0,0.0,0.0,0.0,0.0,0.0,0.0,0.0,0.0,0.0,0.0,0.0,0.0,0.0,0.0,0.0,0.0,0.0,0.0,0.0,0.0
"93,165",2505.536053754774,0.0,0.0,0.0,0.0,0.0,0.0,0.0,0.0,0.0,0.0,30189.483465365804,9808.773252058967,1672.85170508179,371.6466572443644,324.3295172691345,722.37709589846,29853.85589779031,9674.82725771736,1729.2009307814578,378.1170709292094,317.85923233032224,712.6703092659221,29755.690679394036,9669.281779115341,1800.3867394400577,358.6497174244301,288.3827728907267,717.125139314988,29795.56939688477,9635.088493864208,1812.6228547582439,374.8267284374611,268.9668385664622,707.4158714602975,29145.579699987524,9523.395862322228,1777.0323718080333,367.99982012486925,271.79607248306274,707.4162500690011,0.0,0.0,0.0,0.0,0.0,0.0,0.0,0.0,0.0,0.0,0.0,0.0,0.0,0.0,0.0,0.0,0.0,0.0,0.0,0.0,0.0,0.0,0.0,0.0,0.0,0.0,0.0,0.0,0.0,0.0,0.0,0.0,0.0,0.0,0.0,0.0,0.0
"94,165",2506.4626498864845,0.0,0.0,0.0,0.0,0.0,0.0,0.0,0.0,0.0,0.0,19843.478161088155,12648.999894585333,2266.0285422923516,310.3833201305539,152.17235423162873,93.85801219940186,20373.787207491256,12969.528128130298,2275.748534929986,307.55468603582943,123.04404331282073,77.6753261089325,19884.25375978526,12564.451446550034,2109.4010807467444,307.2001795806137,110.45358795558705,61.492979764938354,20462.77655732585,12784.736477482551,2155.0781431703003,297.8953255185894,103.98026627933278,51.78357219696045,20985.25733567032,13175.564358967426,2258.6654093770417,314.4372320764205,107.21707767879262,51.78355431556702,0.0,0.0,0.0,0.0,0.0,0.0,0.0,0.0,0.0,0.0,0.0,0.0,0.0,0.0,0.0,0.0,0.0,0.0,0.0,0.0,0.0,0.0,0.0,0.0,0.0,0.0,0.0,0.0,0.0,0.0,0.0,0.0,0.0,0.0,0.0,0.0,0.0
"95,165",2507.235315231613,0.0,0.0,0.0,0.0,0.0,0.0,0.0,0.0,0.0,0.0,30194.926765199732,11153.192685550803,1521.4989275698567,182.1506516082614,335.8405936428145,637.274127631094,31425.33206571317,11509.374963367689,1567.2371626723047,184.57639908790588,345.14878510306863,640.5123437928219,31340.027196341867,11358.056284973669,1610.7309301245446,191.05306553840637,345.55515939675126,628.6384266900081,33146.31722290189,11580.05196929352,1544.3059903780618,184.57728815078735,348.7939298816756,641.5913366364498,34433.68305625261,12307.6213820579,1576.6836740175881,178.1010398864746,348.7940869995192,639.4322427796383,0.0,0.0,0.0,0.0,0.0,0.0,0.0,0.0,0.0,0.0,0.0,0.0,0.0,0.0,0.0,0.0,0.0,0.0,0.0,0.0,0.0,0.0,0.0,0.0,0.0,0.0,0.0,0.0,0.0,0.0,0.0,0.0,0.0,0.0,0.0,0.0,0.0
"96,165",2507.8537762894944,0.0,0.0,0.0,0.0,0.0,0.0,0.0,0.0,0.0,0.0,24534.139753864325,12131.310061116312,5271.701637585958,1940.926324603137,2074.0129996252995,1273.854071532044,26196.82759001769,13231.59482132033,5639.126808010363,2009.7569514125003,2211.887701704923,1286.8097304447026,27682.847717136494,14320.923816858553,6039.558974477357,2125.986830073712,2182.3304726731544,1305.174237163394,30434.711588339713,15621.199727782081,6493.634565778807,2258.7790547193267,2328.4858343152437,1400.536075145123,32399.159443264376,16394.398758402993,6812.88486387496,2368.898582059262,2435.370784476224,1428.6200061115564,0.0,0.0,0.0,0.0,0.0,0.0,0.0,0.0,0.0,0.0,0.0,0.0,0.0,0.0,0.0,0.0,0.0,0.0,0.0,0.0,0.0,0.0,0.0,0.0,0.0,0.0,0.0,0.0,0.0,0.0,0.0,0.0,0.0,0.0,0.0,0.0,0.0
"97,165",2508.3178139953507,0.0,0.0,0.0,0.0,0.0,0.0,0.0,0.0,0.0,0.0,61303.669532392545,27475.145190468953,6882.892001328748,2943.354901274513,2723.9503643484677,511.8399645440719,64239.07761864289,29733.64085178936,7407.032112973344,3201.2917624754064,2965.4603006783655,557.1924418561599,66063.79424056351,31315.62696710942,7910.181867073097,3313.7214021037607,2986.6888671257916,562.9474419902352,70169.02691943316,35037.61066412364,9518.23978674926,4183.922332861845,3994.169634614271,716.9935957712286,72948.19964746025,37600.454769474854,10138.489798438315,4396.998795865563,4185.292420897764,748.6640762805938,0.0,0.0,0.0,0.0,0.0,0.0,0.0,0.0,0.0,0.0,0.0,0.0,0.0,0.0,0.0,0.0,0.0,0.0,0.0,0.0,0.0,0.0,0.0,0.0,0.0,0.0,0.0,0.0,0.0,0.0,0.0,0.0,0.0,0.0,0.0,0.0,0.0
"98,165",2508.627263896921,0.0,0.0,0.0,0.0,0.0,0.0,0.0,0.0,0.0,0.0,43633.7293610526,21187.943795791325,9252.765486265633,3771.817588522855,3569.110561180115,1048.7908101614782,46683.82620785377,23950.73699748095,10088.62587859771,3955.263100279079,3617.706945705414,1081.187779003031,50148.00071008159,25579.290373619864,10551.91685726783,4039.992230704251,3606.1988322818984,1065.7135315277997,53462.820124530794,28045.656515449635,11547.828434655246,4299.172431788726,3709.8707559192885,1081.912471328062,56294.75011420998,29817.192348527908,12187.142697611976,4361.455928796881,3651.5588739002455,1034.0416519782123,0.0,0.0,0.0,0.0,0.0,0.0,0.0,0.0,0.0,0.0,0.0,0.0,0.0,0.0,0.0,0.0,0.0,0.0,0.0,0.0,0.0,0.0,0.0,0.0,0.0,0.0,0.0,0.0,0.0,0.0,0.0,0.0,0.0,0.0,0.0,0.0,0.0
"99,165",2508.7820162858875,0.0,0.0,0.0,0.0,0.0,0.0,0.0,0.0,0.0,0.0,55239.62016887851,18847.33301625345,3072.1293140850817,605.4523668401382,466.1349665753982,187.9181206226349,57228.98776628175,19960.84288251727,3326.8671402501122,634.6121461503647,501.77457019020534,194.3980987071991,61457.2480155337,21644.58645407639,3686.5033189820306,664.9913457589992,509.47420649528505,197.6380684375763,65109.84920641861,24225.73415533982,4466.191219320484,786.0896938015433,593.7134578704834,217.07776522636414,68584.3218741632,26872.86424548953,5041.036575479133,914.4681865187252,655.2728200435638,236.51754236221313,0.0,0.0,0.0,0.0,0.0,0.0,0.0,0.0,0.0,0.0,0.0,0.0,0.0,0.0,0.0,0.0,0.0,0.0,0.0,0.0,0.0,0.0,0.0,0.0,0.0,0.0,0.0,0.0,0.0,0.0,0.0,0.0,0.0,0.0,0.0,0.0,0.0
"100,165",2508.78201628588,0.0,0.0,0.0,0.0,0.0,0.0,0.0,0.0,0.0,0.0,22845.32529617291,12861.691845922844,1712.245468568802,242.57737583272598,97.19800615310669,48.598944902420044,24386.933716410284,14058.27364332629,1879.2737722677343,271.7367267047658,113.39766573905945,64.7985155582428,26480.288019433676,16056.216857092051,2279.5782223785627,294.41625351064346,113.39772200584412,64.79851746559143,27888.562871372935,18562.89389068005,2770.9054784718683,335.08706380900213,152.2769649028778,68.03843259811401,29030.527146250595,20498.266872688368,3276.7457515501505,411.397785282135,171.7167890071869,77.7582049369812,0.0,0.0,0.0,0.0,0.0,0.0,0.0,0.0,0.0,0.0,0.0,0.0,0.0,0.0,0.0,0.0,0.0,0.0,0.0,0.0,0.0,0.0,0.0,0.0,0.0,0.0,0.0,0.0,0.0,0.0,0.0,0.0,0.0,0.0,0.0,0.0,0.0
"101,165",2508.6272638969535,0.0,0.0,0.0,0.0,0.0,0.0,0.0,0.0,0.0,0.0,10087.233037439984,13757.597792769413,4142.981378973232,979.3188938842101,647.9528484344482,126.35309720039368,11898.827062889177,16720.991492294797,5040.0658988746945,1063.5523040042203,664.151474237442,129.5927929878235,13800.373021280067,20121.328524863486,5931.482432702009,1199.6218414054197,680.3499488830566,139.3122854232788,15746.139464794422,23975.978876792684,7381.574922399895,1421.3609451976479,738.6651213169098,142.55215215682983,17166.532915355645,26542.75146460627,8289.860480685327,1552.3867230125502,767.8236405849457,149.03192901611328,0.0,0.0,0.0,0.0,0.0,0.0,0.0,0.0,0.0,0.0,0.0,0.0,0.0,0.0,0.0,0.0,0.0,0.0,0.0,0.0,0.0,0.0,0.0,0.0,0.0,0.0,0.0,0.0,0.0,0.0,0.0,0.0,0.0,0.0,0.0,0.0,0.0
"102,165",2508.317813995357,0.0,0.0,0.0,0.0,0.0,0.0,0.0,0.0,0.0,0.0,7471.929291721418,14890.8062904227,7754.148843608183,3229.247308645062,2433.7645597850574,586.6529443394904,7916.240415826498,15739.39673021541,7843.315910563751,3170.9377628896755,2346.303622046639,570.4570443761115,8237.42228624587,16349.0181458922,8118.793629980089,3121.937311701681,2281.5162306224597,538.0639646184211,8948.005126889548,17814.68151519158,8493.461816922356,3261.6324969862026,2339.823081294228,550.6651647090912,9641.089880895615,19200.366489398242,8954.476963330251,3245.4391845796627,2287.995464841057,527.990663766861,0.0,0.0,0.0,0.0,0.0,0.0,0.0,0.0,0.0,0.0,0.0,0.0,0.0,0.0,0.0,0.0,0.0,0.0,0.0,0.0,0.0,0.0,0.0,0.0,0.0,0.0,0.0,0.0,0.0,0.0,0.0,0.0,0.0,0.0,0.0,0.0,0.0
"103,165",2507.8537762894384,0.0,0.0,0.0,0.0,0.0,0.0,0.0,0.0,0.0,0.0,42067.54658880794,15285.398165045533,4833.528801166311,1931.7776396255867,1995.706902632994,2246.2035611077854,44522.96167650503,16053.888303563175,4837.636537886601,1925.3012013416665,1927.6900633671705,2149.037535230786,46219.48664173706,16663.71194154328,4921.849894619923,1920.0448613092012,1924.451619277281,2139.3196936055724,50133.89842707036,18184.389786883894,5223.619822864906,1991.3017980977602,1939.426493913987,2104.047933631785,52877.49042848231,19040.842600046417,5384.396752243416,2056.0786523744173,1923.229699642518,2087.8528330859017,0.0,0.0,0.0,0.0,0.0,0.0,0.0,0.0,0.0,0.0,0.0,0.0,0.0,0.0,0.0,0.0,0.0,0.0,0.0,0.0,0.0,0.0,0.0,0.0,0.0,0.0,0.0,0.0,0.0,0.0,0.0,0.0,0.0,0.0,0.0,0.0,0.0
"104,165",2453.70669926585,0.0,0.0,0.0,0.0,0.0,0.0,0.0,0.0,0.0,0.0,60325.87662108926,9201.637876979978,645.1508886168986,142.48138236999512,207.24779748916626,61.52675724029541,67929.39923088692,9815.150151352787,658.1024045299082,148.95782113075256,207.24741172790527,61.52675724029541,71408.91857079993,10163.972873223996,687.2418090652018,139.24305987358093,207.24741172790527,61.52675724029541,75440.73292429402,10533.88464402311,719.6258446525126,155.43444061279297,220.2002453804016,61.52675724029541,79965.65453417439,10909.346866158878,761.7174910853892,152.196227312088,229.9148576259613,55.05016088485718,0.0,0.0,0.0,0.0,0.0,0.0,0.0,0.0,0.0,0.0,0.0,0.0,0.0,0.0,0.0,0.0,0.0,0.0,0.0,0.0,0.0,0.0,0.0,0.0,0.0,0.0,0.0,0.0,0.0,0.0,0.0,0.0,0.0,0.0,0.0,0.0,0.0
"105,165",2506.4626498864795,0.0,0.0,0.0,0.0,0.0,0.0,0.0,0.0,0.0,0.0,117457.15684641762,20687.40508388258,2504.8596128781637,715.7365681891348,710.2537494949265,111.48005259551255,122179.46913523486,21513.90347402797,2517.80773824056,712.4991540675069,702.3475284576416,105.00737774886338,127237.09468608742,21922.920883540548,2514.5702943166098,706.0273797278311,668.1804646305009,92.06159675635544,131738.2935759329,22176.816337984685,2427.1816133817038,636.6237933364569,616.3951362422869,85.58739817656723,138217.02052574343,22495.755528180736,2410.9993912537893,620.4399454322515,590.5019701770708,82.35079491652695,0.0,0.0,0.0,0.0,0.0,0.0,0.0,0.0,0.0,0.0,0.0,0.0,0.0,0.0,0.0,0.0,0.0,0.0,0.0,0.0,0.0,0.0,0.0,0.0,0.0,0.0,0.0,0.0,0.0,0.0,0.0,0.0,0.0,0.0,0.0,0.0,0.0
"106,165",2505.5360537547676,0.0,0.0,0.0,0.0,0.0,0.0,0.0,0.0,0.0,0.0,130363.88503290534,29432.247993295332,3024.0518560241253,1036.0393517634445,1354.1370549201965,828.3958010140586,133764.83970699497,30231.164247481964,3049.936897022584,1018.6420039737926,1362.0554150637458,825.1554853383232,135894.68138970487,30761.2926789826,3057.9307513601643,1018.6432706917034,1370.3153142929077,825.1558861199546,137243.82915443342,31138.603238183376,3047.497196865082,997.4382191798267,1340.4710768811842,821.9173609677482,140511.21098700503,32303.723270434955,3125.14353222847,1033.7512626199161,1353.414721881642,819.8992824470295,0.0,0.0,0.0,0.0,0.0,0.0,0.0,0.0,0.0,0.0,0.0,0.0,0.0,0.0,0.0,0.0,0.0,0.0,0.0,0.0,0.0,0.0,0.0,0.0,0.0,0.0,0.0,0.0,0.0,0.0,0.0,0.0,0.0,0.0,0.0,0.0,0.0
"107,165",2504.455854554611,0.0,0.0,0.0,0.0,0.0,0.0,0.0,0.0,0.0,0.0,42758.5066490323,50296.29519517749,14819.790664085687,5056.2344274259085,5628.238729168387,3529.267310623094,43897.031778478624,51495.104595632176,15021.529130140942,5098.266747925329,5698.164232108173,3571.7163589458837,44980.87205192623,52759.444803006976,15304.203461460975,5177.901321104461,5735.751774162404,3591.118884370841,45454.782138129776,53491.858126275685,15451.671924354518,5174.660601070816,5686.741346998776,3629.923197315253,46990.0389860976,56108.48175938644,16326.961414361469,5359.5148777643835,5721.506219655393,3691.7744715522313,0.0,0.0,0.0,0.0,0.0,0.0,0.0,0.0,0.0,0.0,0.0,0.0,0.0,0.0,0.0,0.0,0.0,0.0,0.0,0.0,0.0,0.0,0.0,0.0,0.0,0.0,0.0,0.0,0.0,0.0,0.0,0.0,0.0,0.0,0.0,0.0,0.0
"108,165",2503.2224339586755,51.7154061794281,45.25153970718384,0.0,16.16151785850525,3.2320711612701416,51.7154061794281,45.25153970718384,0.0,16.16151785850525,3.2320711612701416,22472.74587111286,53795.3931965295,50122.45670211642,24755.28392817179,19097.210069822795,4829.676836613113,22662.27911271301,54256.111680367416,50565.74126647594,25010.26847709861,19380.65598092266,4937.6495621756,22823.83589448368,54581.90178487629,50758.501473453,25115.322621453975,19377.41425810047,4902.079227741091,22991.93361105358,54718.582009870865,50841.73911790847,25119.37054153704,19315.99201312813,4889.876038390514,23094.817675582097,54966.715593708264,51105.520133837534,25243.323676056018,19368.426420569886,4948.882891081828,0.0,0.0,0.0,0.0,0.0,0.0,0.0,19.393627882003784,29.08974552154541,3.2320327758789062,0.0,0.0,0.0,16.161858081817627,25.85765528678894,3.2320263385772705,0.0,0.0,0.0,0.0,0.0,0.0,0.0,0.0,0.0,0.0,9.696594953536987,3.232261896133423,3.232661008834839,0.0,0.0,0.0,0.0,3.2320711612701416,0.0,0.0,0.0
"109,165",2501.8362272884387,74.32700872421265,91.69939548081042,16.561236650803508,61.390615940093994,48.46862769126892,74.32700872421265,84.83073888385996,16.561236650803508,58.158939361572266,48.46862769126892,42644.196517587174,69451.87556614316,42064.76055862109,15896.263925024106,10924.886635997249,2216.9222991447823,43020.93766014248,70060.69737772006,42347.85479334289,16022.268776842191,11020.785990899216,2262.4721949820428,43058.149437205924,70072.470732472,42415.70256021911,15954.6563298188,10949.386046952828,2283.8757368639403,43142.54746059997,70138.37503889497,42553.37704602878,15951.980814015631,10952.602744830825,2342.9380781183054,43352.198428744894,70440.60006735651,42763.85033107552,16041.702888501859,11026.022518834881,2359.73067576184,0.0,0.0,0.0,0.0,0.0,0.0,0.0,6.463522434234619,48.47443461418152,19.38905167579651,0.0,0.0,0.0,16.56248781821307,45.64780152264763,22.620449542999268,0.0,0.0,0.0,6.866286070206586,3.231630563735962,6.463320016860962,0.0,0.0,0.0,32.3104784488678,19.385717153549194,6.462743759155273,0.0,0.0,0.0,32.31345248222351,16.15517520904541,0.0,0.0,0.0,0.0
"110,165",2500.297723166648,3.2284786701202393,19.37290334701538,0.0,80.71406292915344,39.55530721907522,3.2284786701202393,19.37290334701538,0.0,80.71406292915344,39.55530721907522,21659.812664423735,44654.036252415404,27840.187439221027,12228.709430590798,10882.973145722408,3200.289207019993,21894.516847580555,45156.366929474054,28342.745246240207,12544.06761711906,11093.565596621645,3242.932826001036,21920.763776937187,45372.25573732992,28326.07053981295,12509.924496808708,11053.974092670516,3212.8105264280357,22238.660279046788,45830.45251756274,28759.992472058653,12726.629174052969,11086.389200248906,3256.7952359124724,22343.47982644661,46208.134830056915,29019.898017587857,13000.03994917589,11214.373030163262,3270.447768173966,0.0,0.0,0.0,0.0,0.0,0.0,0.0,3.2284786701202393,0.0,0.0,0.0,0.0,0.0,6.457622051239014,12.915281295776367,0.0,0.0,0.0,0.0,0.0,0.0,0.0,0.0,0.0,0.0,25.83124303817749,48.4264132976532,3.228394031524658,3.2280125617980957,0.0,0.0,13.724350283192653,22.60256290435791,3.228394031524658,0.0,0.0,0.0
"111,165",2498.6074631267747,41.95623421669006,32.27606272697449,12.909047603607178,25.818013906478882,77.85162612690645,29.046189785003662,32.27606272697449,12.909047603607178,25.818013906478882,61.717557637831746,23944.00040613623,29539.38183641059,13032.9459454471,5780.245282328363,6885.0158898568625,3344.2798862644268,24603.314253580804,30411.001620362782,13284.984600508447,5872.914045161827,6875.155614017973,3433.5845103450847,25170.667429710833,31331.57157779674,13527.132247011335,6060.8714636456725,7157.538682306515,3619.8236025698047,25780.32773580831,32439.686997886733,13922.015244857937,6198.290468478671,7317.6147169337555,3690.83162909676,26320.601206974887,33110.616866759694,14301.984202995487,6351.022344851961,7494.42265590219,3737.0904734723704,0.0,0.0,0.0,0.0,0.0,0.0,0.0,0.0,29.046189785003662,0.0,0.0,0.0,0.0,25.82092595100403,6.455136775970459,0.0,0.0,0.0,0.0,6.455433130264282,6.4536144733428955,0.0,0.0,0.0,0.0,16.137617111206055,6.4535813331604,3.2268154621124268,0.0,0.0,0.0,29.448428123137532,32.269129514694214,0.0,0.0,0.0,0.0
"112,165",1691.2890599423438,0.0,0.0,0.0,0.0,0.0,0.0,0.0,0.0,0.0,0.0,8388.790901260752,10988.515050816066,5780.995554760391,2553.8623178949542,3418.7978423688933,2126.419898996166,8537.943653838776,11189.228468237672,5861.194934571024,2707.5389591086146,3574.185003160029,2252.168879995159,9163.032798857783,11804.486017100015,6210.286690413719,2897.897529856364,3904.3050947273487,2426.288964280895,9609.992247153263,12549.346898433274,6671.58042167776,3122.010918525621,4275.486862313514,2655.2461180780447,9996.40417026071,13313.297590458627,7031.538241658493,3273.5684742011276,4483.888581604117,2761.6346635911978,0.0,0.0,0.0,0.0,0.0,0.0,0.0,0.0,0.0,0.0,0.0,0.0,0.0,0.0,0.0,0.0,0.0,0.0,0.0,0.0,0.0,0.0,0.0,0.0,0.0,0.0,0.0,0.0,0.0,0.0,0.0,0.0,0.0,0.0,0.0,0.0,0.0
"113,165",1209.8731569415424,0.0,0.0,0.0,0.0,0.0,0.0,0.0,0.0,0.0,0.0,2937.3085095255983,6121.5644096281,2750.901280036627,1550.0389182044012,2260.8786954393577,1611.4097879503288,3105.190941364625,6576.020496813456,2917.574558814367,1640.2548130932978,2413.204108273749,1746.7508645628013,3540.8507094523484,7475.461965065377,3187.0865921478644,1730.47549905216,2565.541956198449,1882.091176328472,3801.37086537305,8349.941934313492,3484.264655830346,1814.2423919621638,2696.048994321449,1972.3175211523094,3981.757353095447,9178.998157133774,3671.895179276373,1871.6962795865304,2841.0625693985057,2104.425740775875,0.0,0.0,0.0,0.0,0.0,0.0,0.0,0.0,0.0,0.0,0.0,0.0,0.0,0.0,0.0,0.0,0.0,0.0,0.0,0.0,0.0,0.0,0.0,0.0,0.0,0.0,0.0,0.0,0.0,0.0,0.0,0.0,0.0,0.0,0.0,0.0,0.0
"114,165",2192.619376221684,0.0,0.0,0.0,0.0,0.0,0.0,0.0,0.0,0.0,0.0,22604.35415440448,24610.65054567188,10225.188663374209,3681.0286687056223,3309.3237410068514,2394.863928153468,24433.79249232704,26248.213855245067,10696.617598592533,3913.3192060629526,3501.441812125375,2425.226325815799,25832.577947003232,27612.962503257448,11183.54641632753,4064.309462280834,3647.5285556821264,2518.593668049457,27123.438834949568,28747.646199648054,11476.475401684815,4125.468073340023,3706.507952435811,2534.699206894519,27683.95268035122,29440.801689238648,11707.197062482086,4203.635129737854,3753.3702650350683,2554.0201390444063,0.0,0.0,0.0,0.0,0.0,0.0,0.0,0.0,0.0,0.0,0.0,0.0,0.0,0.0,0.0,0.0,0.0,0.0,0.0,0.0,0.0,0.0,0.0,0.0,0.0,0.0,0.0,0.0,0.0,0.0,0.0,0.0,0.0,0.0,0.0,0.0,0.0
"115,165",2490.3323179147537,0.0,0.0,0.0,0.0,0.0,0.0,0.0,0.0,0.0,0.0,27944.732247562035,19242.09767746458,5267.875340392543,1082.1438951856949,724.8073768980363,1032.2547986834657,29815.906659802273,20734.664950545626,5742.704120292851,1175.4111340410568,768.0635638938231,1020.8259713247711,31874.90739035326,21937.465942484723,6090.633320720524,1222.2245798391452,783.4252320429858,1040.1185924604827,34668.05983527128,23038.678632517418,6303.68544515348,1254.3714146894565,816.1541680083556,1092.7974260601343,36169.907739975875,23529.481300867305,6453.436567504735,1251.1410160345188,814.371456749299,1118.5226403030695,0.0,0.0,0.0,0.0,0.0,0.0,0.0,0.0,0.0,0.0,0.0,0.0,0.0,0.0,0.0,0.0,0.0,0.0,0.0,0.0,0.0,0.0,0.0,0.0,0.0,0.0,0.0,0.0,0.0,0.0,0.0,0.0,0.0,0.0,0.0,0.0,0.0
"116,165",2486.0399943023854,0.0,0.0,0.0,0.0,0.0,0.0,0.0,0.0,0.0,0.0,26447.23752014029,8838.519363178926,1316.7665940303427,436.1682768288781,347.89277947930725,600.1114861366796,28312.566620148864,9753.107287171308,1440.153519177904,471.52766494189996,338.2566012242261,582.8409941832225,30508.312500474967,10579.78943791109,1592.7925265452438,526.1587827626397,371.1108318272759,589.2690900007883,34774.833262808184,11986.116237444036,1823.7771738201964,574.3691299382378,401.2422596538768,637.4697178045908,36825.77277383243,12916.108288885565,2012.6857673289728,622.577386898153,417.3096806133494,666.3869708220163,0.0,0.0,0.0,0.0,0.0,0.0,0.0,0.0,0.0,0.0,0.0,0.0,0.0,0.0,0.0,0.0,0.0,0.0,0.0,0.0,0.0,0.0,0.0,0.0,0.0,0.0,0.0,0.0,0.0,0.0,0.0,0.0,0.0,0.0,0.0,0.0,0.0
"117,165",2483.961021003392,0.0,0.0,0.0,0.0,0.0,0.0,0.0,0.0,0.0,0.0,4589.143197990867,2497.7578954388114,608.7679903002346,138.83937738923464,77.04532742500305,22.473857402801514,5230.558597351524,2789.8079439359553,640.8701629133785,149.68304710668676,64.20540595054626,12.843006134033203,6100.856916096633,3065.8617919641383,708.282166668948,149.68291383070104,64.20324373245239,12.843006134033203,6964.819557851904,3295.7654147568874,780.1190600395203,165.73884849828832,64.2005844116211,12.843006134033203,7567.735514492148,3469.507377394508,823.8555224699132,181.79765277189367,73.8308322429657,25.683311939239502,0.0,0.0,0.0,0.0,0.0,0.0,0.0,0.0,0.0,0.0,0.0,0.0,0.0,0.0,0.0,0.0,0.0,0.0,0.0,0.0,0.0,0.0,0.0,0.0,0.0,0.0,0.0,0.0,0.0,0.0,0.0,0.0,0.0,0.0,0.0,0.0,0.0
"118,165",2482.573858859322,0.0,0.0,0.0,0.0,0.0,0.0,0.0,0.0,0.0,0.0,6949.671363060146,2714.8378030543236,676.6897029596216,80.13149547576904,51.2980854511261,60.924251556396484,7871.139666748981,2813.8552694208483,673.4848782735712,83.3377115726471,41.68261694908142,67.33682441711426,8538.83562840387,2927.5703020404367,652.4959135195788,83.34121179580688,41.68556332588196,89.78414392471313,9440.2771672146,2902.0575332950143,674.9386036536273,96.16815519332886,51.30797100067139,89.7847409248352,10815.151576904223,3120.1138305972604,708.4232462013468,108.99276757240295,51.309622287750244,83.37188339233398,0.0,0.0,0.0,0.0,0.0,0.0,0.0,0.0,0.0,0.0,0.0,0.0,0.0,0.0,0.0,0.0,0.0,0.0,0.0,0.0,0.0,0.0,0.0,0.0,0.0,0.0,0.0,0.0,0.0,0.0,0.0,0.0,0.0,0.0,0.0,0.0,0.0
"119,165",2479.695309423709,0.0,0.0,0.0,0.0,0.0,0.0,0.0,0.0,0.0,0.0,5652.154971730474,7801.826828835057,2682.4361608430454,349.1166441440582,115.28922820091248,19.212125301361084,5790.154655004013,7771.726952672473,2672.8183479711124,345.9148223400116,115.28922820091248,19.212125301361084,5775.308200225643,7574.951369504369,2508.0146942353717,314.2906429496466,118.49019145965576,19.212125301361084,5874.462690679699,7549.282227008482,2362.832066453672,301.4790580001532,115.2884624004364,19.212125301361084,6371.363382901397,7944.351236682778,2429.4599940702033,317.4922458854376,118.49060583114624,19.212125301361084,0.0,0.0,0.0,0.0,0.0,0.0,0.0,0.0,0.0,0.0,0.0,0.0,0.0,0.0,0.0,0.0,0.0,0.0,0.0,0.0,0.0,0.0,0.0,0.0,0.0,0.0,0.0,0.0,0.0,0.0,0.0,0.0,0.0,0.0,0.0,0.0,0.0
"120,165",2476.6721776748022,0.0,0.0,0.0,0.0,0.0,0.0,0.0,0.0,0.0,0.0,22462.677021644628,11809.948031287098,4505.363576499153,1577.7121466730155,1161.8721639390085,609.4097079548181,22846.309554954605,12008.194521447724,4569.318294850518,1651.2661842439688,1168.2670032258127,619.0028900417627,23251.346303204933,12002.895528395971,4555.7173140656705,1651.2641448114432,1158.2757567330902,609.4095346245111,23302.75956910545,12070.057531277338,4483.191793423072,1628.8784803484,1145.487058059842,612.6071094784082,22942.15147795023,12112.17273107323,4524.434518926284,1616.0817603204764,1165.0767277951334,619.0051087650598,0.0,0.0,0.0,0.0,0.0,0.0,0.0,0.0,0.0,0.0,0.0,0.0,0.0,0.0,0.0,0.0,0.0,0.0,0.0,0.0,0.0,0.0,0.0,0.0,0.0,0.0,0.0,0.0,0.0,0.0,0.0,0.0,0.0,0.0,0.0,0.0,0.0
"121,165",2473.5055038341798,0.0,0.0,0.0,0.0,19.15955400466919,0.0,0.0,0.0,0.0,12.773147821426392,62309.13974646868,14943.73186318454,4719.863371201123,1841.1181331681269,2174.1608916694045,1729.29605495135,62897.548506728344,15285.57621042308,4836.870829862706,1981.7063237236994,2273.2179821902632,1726.0989392916363,66031.29532715106,15598.949107493607,4895.5786047655,1980.5012653145136,2263.633039610994,1738.8780168215435,66084.81571805432,15596.155688459736,4925.533546304703,1970.9168188843073,2234.88088073076,1722.9015635172527,66869.12145286634,15729.911189639335,4961.431210930208,2009.2550466331782,2238.0819980079054,1726.0984660307568,79.83565092086792,0.0,0.0,0.0,0.0,0.0,79.83565092086792,0.0,0.0,0.0,0.0,0.0,0.0,0.0,0.0,0.0,0.0,0.0,0.0,0.0,0.0,0.0,0.0,0.0,0.0,0.0,0.0,0.0,0.0,0.0,0.0,12.773147821426392,0.0,0.0,0.0,0.0,0.0
"122,165",2470.19637412205,0.0,0.0,0.0,0.0,0.0,0.0,0.0,0.0,0.0,0.0,112093.04131967414,15746.031472129447,1524.594455242157,355.2943182907852,309.45320105552673,294.2855940650491,113041.58161270944,15940.503177310906,1521.3987770080566,358.4848383389267,315.83318519592285,303.8576420138864,116780.73278138683,16270.513259214515,1562.869622707367,355.2941928826126,312.6439402103424,294.2875598262338,116773.52236112894,16236.619784414068,1553.2982635498047,352.1036728344711,309.4531977176666,287.90696128115934,115380.6833559532,16056.791945737952,1540.1411255911285,354.89381842893715,303.0713424682617,300.66819294200224,0.0,0.0,0.0,0.0,0.0,0.0,0.0,0.0,0.0,0.0,0.0,0.0,0.0,0.0,0.0,0.0,0.0,0.0,0.0,0.0,0.0,0.0,0.0,0.0,0.0,0.0,0.0,0.0,0.0,0.0,0.0,0.0,0.0,0.0,0.0,0.0,0.0
"123,165",2466.745919918846,0.0,0.0,0.0,0.0,0.0,0.0,0.0,0.0,0.0,0.0,85117.41993848483,32705.532010761897,8981.176603034899,4742.076956683514,6395.281049987381,3180.274655645969,86387.42916151964,33077.1359624068,9049.459966009737,4810.355641064924,6529.982922706417,3235.818302700566,87359.42284613123,33143.009791356446,9083.075726332385,4823.084222255034,6543.730152153501,3213.5278964734543,87281.88471066719,33197.38116888813,9079.89479786368,4813.534897504133,6547.311558813208,3202.1954087883814,87742.61867456998,33347.887039297704,9068.167725860372,4787.65737691767,6521.829751131581,3179.897808280645,0.0,0.0,0.0,0.0,0.0,0.0,0.0,0.0,0.0,0.0,0.0,0.0,0.0,0.0,0.0,0.0,0.0,0.0,0.0,0.0,0.0,0.0,0.0,0.0,0.0,0.0,0.0,0.0,0.0,0.0,0.0,0.0,0.0,0.0,0.0,0.0,0.0
"124,165",2463.155316881333,0.0,0.0,0.0,0.0,0.0,0.0,0.0,0.0,0.0,0.0,2666.6670088674505,3399.8394882482644,3086.152292752734,1575.2661416465162,1639.06562221471,375.13778344603145,2680.3221029524707,3399.8418826860543,3024.284714941885,1583.3782440035952,1669.5194767811718,383.2667031344245,2666.3213161823796,3288.529072001401,3022.5426859032877,1564.30337508613,1677.6531505360322,373.7173721846412,2633.7265853031004,3308.643986295251,2987.564701951719,1565.0213198932947,1685.2168040612164,385.0295798385844,2755.2798320985307,3449.3020727802723,3075.2308235215205,1626.894148270289,1711.8795572393083,396.55152461108037,0.0,0.0,0.0,0.0,0.0,0.0,0.0,0.0,0.0,0.0,0.0,0.0,0.0,0.0,0.0,0.0,0.0,0.0,0.0,0.0,0.0,0.0,0.0,0.0,0.0,0.0,0.0,0.0,0.0,0.0,0.0,0.0,0.0,0.0,0.0,0.0,0.0
"125,165",2090.6203861961885,0.0,0.0,0.0,0.0,0.0,0.0,0.0,0.0,0.0,0.0,5943.942342304716,5519.599683849484,4247.405479513431,2622.007678852829,2130.3263381275474,272.4485491696526,5656.285118022619,5257.027129421047,4090.76344407119,2471.6652941722496,2041.4138648790472,272.85961211054934,5833.415032968333,5403.0750792372455,4130.930294388416,2446.3149848003013,2063.6904800218695,263.3329020771326,6052.964726471433,5698.997265701667,4276.979402655246,2500.775872372646,2089.100885180866,272.8661145004572,6257.2944264916805,5963.902958757737,4554.8513372458665,2626.4289918048707,2134.714447304782,285.57214868395937,0.0,0.0,0.0,0.0,0.0,0.0,0.0,0.0,0.0,0.0,0.0,0.0,0.0,0.0,0.0,0.0,0.0,0.0,0.0,0.0,0.0,0.0,0.0,0.0,0.0,0.0,0.0,0.0,0.0,0.0,0.0,0.0,0.0,0.0,0.0,0.0,0.0
"126,165",1171.7019447762298,0.0,0.0,0.0,0.0,0.0,0.0,0.0,0.0,0.0,0.0,4531.182783636392,5468.624009566213,3252.6019843784034,1670.8236485331668,1108.5497935977635,57.11129641532898,4365.302734334797,5216.113120816736,3007.118343836654,1524.8805394976748,1003.8474011982188,47.59207057952881,4417.488493077895,5177.728210662393,2895.34076705353,1483.6433912127627,960.6335056164685,41.245322704315186,5020.916252121271,5603.273119771247,3019.0733810939046,1454.3066682890349,986.0168924668255,41.245322704315186,5479.614060965706,6022.745883018831,3233.636480121987,1532.2698774898752,1027.2693157532635,50.76277422904968,0.0,0.0,0.0,0.0,0.0,0.0,0.0,0.0,0.0,0.0,0.0,0.0,0.0,0.0,0.0,0.0,0.0,0.0,0.0,0.0,0.0,0.0,0.0,0.0,0.0,0.0,0.0,0.0,0.0,0.0,0.0,0.0,0.0,0.0,0.0,0.0,0.0
"86,166",1634.5790341501495,0.0,0.0,0.0,0.0,0.0,0.0,0.0,0.0,0.0,0.0,12825.512931257139,4694.4677376662985,816.6092011479769,192.94830037846285,134.95231212634667,488.38469656308496,13929.282575395997,4883.514053887013,839.1655950097476,192.94830037846285,141.39815749187096,498.05352433522546,15428.65666702121,5509.029958489362,890.317656689999,199.39293600811678,147.4392801621381,498.05352433522546,19287.92089806725,6501.507031920377,919.3148493112301,199.39293600811678,144.21575034646426,472.27075250943506,21944.034591384025,6901.07357859892,925.7622825444912,215.50730897679048,159.92534698505028,520.6135171254476,0.0,0.0,0.0,0.0,0.0,0.0,0.0,0.0,0.0,0.0,0.0,0.0,0.0,0.0,0.0,0.0,0.0,0.0,0.0,0.0,0.0,0.0,0.0,0.0,0.0,0.0,0.0,0.0,0.0,0.0,0.0,0.0,0.0,0.0,0.0,0.0,0.0
"87,166",2496.8990626372088,0.0,0.0,0.0,0.0,0.0,0.0,0.0,0.0,0.0,0.0,21297.85570128665,2083.8605140573836,346.0373449297512,167.6298267841339,167.63327479362488,329.26327031920937,23895.88841564702,2283.0011791621937,362.1601526709164,167.6298267841339,190.19839096069336,390.5258707411149,26350.021766054862,2754.949319804883,477.8921962803485,227.09924471331578,317.3856617207621,553.2123237254573,28541.736950151597,2883.193203454859,488.9998889848298,230.32482683611852,323.83682596636754,553.2168331744624,31963.001696250958,3273.3801713045905,543.8247056886262,264.0006669614829,378.65108048869115,579.0048308970881,0.0,0.0,0.0,0.0,0.0,0.0,0.0,0.0,0.0,0.0,0.0,0.0,0.0,0.0,0.0,0.0,0.0,0.0,0.0,0.0,0.0,0.0,0.0,0.0,0.0,0.0,0.0,0.0,0.0,0.0,0.0,0.0,0.0,0.0,0.0,0.0,0.0
"88,166",2498.7408402256547,0.0,0.0,0.0,0.0,0.0,0.0,0.0,0.0,0.0,0.0,56197.64524416081,31124.721515787354,6148.830633744072,1469.3858960011426,983.0240324721616,1620.9721328735352,59211.07886719142,32756.137736742177,6574.794263943503,1562.5586200816958,1056.8349641902773,1808.1025936126707,63750.19920447948,35661.86461791898,7438.915627266378,1828.1408461645537,1269.7998424240186,2030.011314167696,67557.85235207502,38645.811299340865,8360.776225906258,2068.399357780756,1409.2869922291998,2100.6750742856193,69384.04617016923,39534.18726301661,8607.467500198587,2164.477986806047,1489.9585413110021,2089.2207874382243,0.0,0.0,0.0,0.0,0.0,0.0,0.0,0.0,0.0,0.0,0.0,0.0,0.0,0.0,0.0,0.0,0.0,0.0,0.0,0.0,0.0,0.0,0.0,0.0,0.0,0.0,0.0,0.0,0.0,0.0,0.0,0.0,0.0,0.0,0.0,0.0,0.0
"89,166",2500.431432874464,0.0,0.0,0.0,0.0,0.0,0.0,0.0,0.0,0.0,0.0,9376.144058909136,24040.514395146278,20366.051710121304,10209.137773225822,6883.1096288980225,746.8469905273587,10090.799371046178,25853.36332478991,21657.16167771489,10764.51792998127,7089.761691314099,788.825927437988,10645.75606305459,27222.85191034897,22751.571814646442,11190.343915405461,7466.1452123211875,926.9619457310321,11761.105309967901,30006.53528395634,25055.543062423254,12328.361336128384,8369.610448418412,1075.8414075636397,12311.687649915733,31095.722035565097,26237.88655735371,13002.088999756645,8905.621050415788,1258.436096012826,0.0,0.0,0.0,0.0,0.0,0.0,0.0,0.0,0.0,0.0,0.0,0.0,0.0,0.0,0.0,0.0,0.0,0.0,0.0,0.0,0.0,0.0,0.0,0.0,0.0,0.0,0.0,0.0,0.0,0.0,0.0,0.0,0.0,0.0,0.0,0.0,0.0
"90,166",2501.9702448911225,0.0,0.0,0.0,0.0,0.0,0.0,0.0,0.0,0.0,0.0,18397.503632322943,39001.64708288884,24103.024918559953,10855.751052836811,7199.0081094124735,1684.1842607376623,18739.938417450583,39843.574066289264,24826.221805307912,11169.109947900211,7421.912903390211,1813.421550881629,19072.28741226757,40384.47759780228,25400.55390067568,11476.014660577213,7693.292932114881,1966.0017811878056,19398.585214196002,41350.61878240622,26295.053343377396,11973.545026997961,8203.046927940144,2143.705608807358,19573.036444960384,41831.257402951116,26756.63630767523,12267.544791917242,8435.665499459996,2230.524315028097,0.0,0.0,0.0,0.0,0.0,0.0,0.0,0.0,0.0,0.0,0.0,0.0,0.0,0.0,0.0,0.0,0.0,0.0,0.0,0.0,0.0,0.0,0.0,0.0,0.0,0.0,0.0,0.0,0.0,0.0,0.0,0.0,0.0,0.0,0.0,0.0,0.0
"91,166",2503.356733195267,0.0,0.0,0.0,0.0,0.0,0.0,0.0,0.0,0.0,0.0,67680.6622579238,48498.19418089811,17201.074492952874,7381.111795891033,6953.506239142138,2642.528504409042,68043.37407683485,49021.61363091656,17390.352892560586,7500.707032430873,7131.282181706149,2700.311798325707,69088.29949850103,49892.770720871755,17704.220592520283,7709.366559634491,7399.564836468417,2841.0054593974464,70947.28002004624,51061.57609005535,18039.99271573179,7932.395501504225,7668.568702972637,3051.106940119874,71150.58371223374,51476.330745364176,18232.137181753274,8032.594579110426,7808.366149395588,3115.7534683638924,0.0,0.0,0.0,0.0,0.0,0.0,0.0,0.0,0.0,0.0,0.0,0.0,0.0,0.0,0.0,0.0,0.0,0.0,0.0,0.0,0.0,0.0,0.0,0.0,0.0,0.0,0.0,0.0,0.0,0.0,0.0,0.0,0.0,0.0,0.0,0.0,0.0
"92,166",2504.5904077569708,0.0,0.0,0.0,0.0,0.0,0.0,0.0,0.0,0.0,0.0,51811.530232121906,20570.841017873612,2035.9316506544747,180.38076548576353,6.46741247177124,0.0,53509.97930683996,21038.018665298758,2135.197602850783,203.019450712204,9.701135635375977,0.0,54954.6029989121,21619.55936938454,2248.4005523747087,204.4543176875395,16.168599128723145,0.0,56871.92436999246,22287.57460835775,2385.2947493394213,207.68831431725445,19.40231680870056,0.0,57379.52144129696,22761.17818731233,2458.2533018682516,201.21980964997235,19.40231680870056,0.0,3.2344577312469482,0.0,0.0,0.0,0.0,0.0,3.2344577312469482,0.0,0.0,0.0,0.0,0.0,0.0,0.0,0.0,0.0,0.0,0.0,0.0,0.0,0.0,0.0,0.0,0.0,0.0,0.0,0.0,0.0,0.0,0.0,0.0,0.0,0.0,0.0,0.0,0.0,0.0
"93,166",2505.6708319909458,0.0,0.0,0.0,6.47242546081543,0.0,0.0,0.0,0.0,6.47242546081543,0.0,57776.69109681822,14353.659741154841,2017.5160954896144,299.46026463882595,342.6211786588033,249.89167200724285,58585.913590834185,14576.046835554347,2032.8925521149356,312.40659566299587,352.3323574384053,246.65577756563823,59519.44155834329,14839.930169803954,2051.903745541853,293.3976271947225,345.8619001229604,220.7683404604594,59480.133288002944,14765.5127572845,2037.5258424618664,290.16130264600116,352.33313635190325,207.46971100171407,59841.02570826212,14855.341031231603,2001.9366371968213,280.45318420728046,346.2690238952637,233.35920780499777,9.705757856369019,0.0,0.0,0.0,0.0,0.0,9.705757856369019,0.0,0.0,0.0,0.0,0.0,0.0,0.0,0.0,0.0,0.0,0.0,0.0,0.0,0.0,0.0,0.0,0.0,0.0,0.0,6.47242546081543,0.0,0.0,0.0,0.0,0.0,0.0,0.0,0.0,0.0,0.0
"94,166",2506.597623109087,0.0,0.0,0.0,0.0,0.0,0.0,0.0,0.0,0.0,0.0,23208.95274366211,8034.506235277887,925.8435954851263,229.4554720850552,281.186032110102,740.4847701867421,25430.211020869836,9024.214579509287,1087.6822898191563,303.4934767928778,310.31595235431894,763.1410671552022,26067.7540837905,9336.177323594748,1130.1644056497835,306.7278095927893,310.3153381880592,756.6679533799489,27157.019320948915,9659.130687736062,1195.2586681861503,316.0321386571024,316.78829913700326,753.786557261149,28451.85606203827,10014.412125343439,1295.1993920803068,319.2694681401346,316.78923731411203,757.0236716906229,0.0,0.0,0.0,0.0,0.0,0.0,0.0,0.0,0.0,0.0,0.0,0.0,0.0,0.0,0.0,0.0,0.0,0.0,0.0,0.0,0.0,0.0,0.0,0.0,0.0,0.0,0.0,0.0,0.0,0.0,0.0,0.0,0.0,0.0,0.0,0.0,0.0
"95,166",2507.3704524302216,0.0,0.0,0.0,0.0,0.0,0.0,0.0,0.0,0.0,0.0,11733.934413946377,12017.459627951828,4176.441620424682,1857.0792063002493,1899.0781112745697,1537.65053376684,12194.788256694757,12975.140849262127,4695.884479253431,2010.0817100870845,1922.1487943546445,1524.6974695635777,12506.24783629249,14244.134293752557,5412.031956269694,2188.175245033526,2103.0739174917635,1521.4583631468754,13136.70952295509,15285.99686552964,5794.779596424102,2239.984432445788,2109.5521448687014,1514.9843324137669,13684.222380016367,15996.182190358406,5973.272704076767,2319.8572970100477,2135.4595267043396,1508.5082848978977,0.0,0.0,0.0,0.0,0.0,0.0,0.0,0.0,0.0,0.0,0.0,0.0,0.0,0.0,0.0,0.0,0.0,0.0,0.0,0.0,0.0,0.0,0.0,0.0,0.0,0.0,0.0,0.0,0.0,0.0,0.0,0.0,0.0,0.0,0.0,0.0,0.0
"96,166",2507.989045645699,0.0,0.0,0.0,0.0,0.0,0.0,0.0,0.0,0.0,0.0,4171.824106840058,9345.873494220246,3308.1563866428296,596.9927518339717,266.78848341119055,113.98035617809671,5520.409064459333,11917.186068334766,4042.8075973202203,745.9808063039592,370.02557687478907,123.29009413906172,7580.294459327997,15377.900399782144,4881.907331012277,859.3383776674083,425.4911718714471,145.9632859248741,9534.265822698557,18195.917402808805,5588.474946838267,969.4597320089152,447.75670795160175,190.49525813495413,11024.096266521192,20727.963849179887,6128.952275660458,1054.7391952243506,496.3395622225368,215.99922831479242,0.0,0.0,0.0,0.0,0.0,0.0,0.0,0.0,0.0,0.0,0.0,0.0,0.0,0.0,0.0,0.0,0.0,0.0,0.0,0.0,0.0,0.0,0.0,0.0,0.0,0.0,0.0,0.0,0.0,0.0,0.0,0.0,0.0,0.0,0.0,0.0,0.0
"97,166",2508.453183041224,0.0,0.0,0.0,0.0,0.0,0.0,0.0,0.0,0.0,0.0,29934.199490370473,9190.867286531598,1661.6236051680996,577.9764732893775,500.317979481641,190.40083143851334,34145.147381668474,11857.401785221286,1954.3730941800509,681.3183153404909,607.2178432015811,206.59808609625873,36541.433651590356,13247.525212723604,2294.418326075872,744.9737865298403,617.659823067048,242.23214266440448,39084.943047802124,14552.516703570122,2527.6526774724325,800.0434648364198,701.8846579860239,261.66853401801166,41309.607486261106,15824.702758110268,2781.124342433144,848.6317796080721,789.3481651614694,284.3449022545534,0.0,0.0,0.0,0.0,0.0,0.0,0.0,0.0,0.0,0.0,0.0,0.0,0.0,0.0,0.0,0.0,0.0,0.0,0.0,0.0,0.0,0.0,0.0,0.0,0.0,0.0,0.0,0.0,0.0,0.0,0.0,0.0,0.0,0.0,0.0,0.0,0.0
"98,166",2508.762699675223,0.0,0.0,0.0,0.0,0.0,0.0,0.0,0.0,0.0,0.0,24317.332493388418,10562.500889924928,3131.6734214511575,1304.2182867358713,1026.7485111143073,504.26526119288275,26991.25935062895,11970.674873109894,3371.0080626534486,1307.7755039944368,1013.7898190404853,501.024889011944,29434.544910349563,13127.429054673514,3548.471438056348,1317.8125176607393,987.1469205005496,507.50426342066595,33652.432946288354,15164.525724390443,3801.576367498847,1334.4178450509614,990.7927258856156,507.50396015223333,37493.20262795897,17395.212999913274,4080.1970309033118,1376.5344217225618,1032.9086113817552,513.9833429056055,0.0,0.0,0.0,0.0,0.0,0.0,0.0,0.0,0.0,0.0,0.0,0.0,0.0,0.0,0.0,0.0,0.0,0.0,0.0,0.0,0.0,0.0,0.0,0.0,0.0,0.0,0.0,0.0,0.0,0.0,0.0,0.0,0.0,0.0,0.0,0.0,0.0
"99,166",2508.9174855123383,0.0,0.0,0.0,0.0,0.0,0.0,0.0,0.0,0.0,0.0,76130.05212695552,8386.189484342874,317.096566954781,12.959726333618164,0.0,0.0,81418.56807229845,9493.835244421865,358.80950950080273,19.439677953720093,0.0,0.0,88202.82502957793,10746.47900430081,439.40189903203174,16.199765920639038,0.0,0.0,92983.76249479875,11877.222870744445,497.720950536167,19.439677953720093,3.239914894104004,0.0,101011.79820619659,13458.321931756713,597.7530551807554,19.439677953720093,3.239914894104004,0.0,0.0,0.0,0.0,0.0,0.0,0.0,0.0,0.0,0.0,0.0,0.0,0.0,0.0,0.0,0.0,0.0,0.0,0.0,0.0,0.0,0.0,0.0,0.0,0.0,0.0,0.0,0.0,0.0,0.0,0.0,0.0,0.0,0.0,0.0,0.0,0.0,0.0
"100,166",2508.917485512282,0.0,0.0,0.0,0.0,0.0,0.0,0.0,0.0,0.0,0.0,31117.91660503406,4441.549649290945,410.256998054654,64.7995195388794,9.719958066940308,0.0,36342.99171820434,5080.22586537436,449.13648986068426,74.51927328109741,9.719958066940308,0.0,45842.55478298805,6688.273752915626,633.813682310254,77.75910258293152,19.43967628479004,0.0,51284.54329618568,7767.3296026893695,844.4096412583893,141.10907633725333,29.159247159957886,0.0,54648.45290655249,9221.408266521905,1093.058626121633,170.6114468462327,63.34977467480827,0.0,0.0,0.0,0.0,0.0,0.0,0.0,0.0,0.0,0.0,0.0,0.0,0.0,0.0,0.0,0.0,0.0,0.0,0.0,0.0,0.0,0.0,0.0,0.0,0.0,0.0,0.0,0.0,0.0,0.0,0.0,0.0,0.0,0.0,0.0,0.0,0.0,0.0
"101,166",2508.7626996752674,0.0,0.0,0.0,0.0,0.0,0.0,0.0,0.0,0.0,0.0,18735.01537128243,4216.488530681648,1217.0223271584978,317.08709452385995,204.7620153763715,142.54506874084473,20968.28536876884,6081.8711361333435,1742.5185785863914,372.16263911957833,253.358835253996,155.50371670722961,23547.845616913775,7825.47641879624,2244.679376897625,501.75413248772713,298.71615270165836,161.9830961227417,27284.53342866524,10349.493810813567,3063.0771002255237,668.4184775118734,337.59356335191165,165.22281742095947,29938.245341011123,12905.633949046043,3834.7233946893725,798.0473525468041,416.78374579747515,168.46260857582092,0.0,0.0,0.0,0.0,0.0,0.0,0.0,0.0,0.0,0.0,0.0,0.0,0.0,0.0,0.0,0.0,0.0,0.0,0.0,0.0,0.0,0.0,0.0,0.0,0.0,0.0,0.0,0.0,0.0,0.0,0.0,0.0,0.0,0.0,0.0,0.0,0.0
"102,166",2508.4531830412484,0.0,0.0,0.0,0.0,0.0,0.0,0.0,0.0,0.0,0.0,6425.743098408569,11841.17928757013,4022.478136178559,1278.376818440942,1093.0454034637003,265.6354274749756,7263.28260866988,13440.936266743904,4412.562225928961,1378.8009262309354,1115.7223656009226,272.1144685745239,7896.058732573191,14361.225487870795,4600.8592902220935,1414.4353084676407,1119.368392578761,255.91709399223328,8237.281010929742,15337.252449424594,4856.37580909542,1443.5908611615498,1148.523394695918,262.3959381580353,8739.945288194394,16531.82009981193,5076.396434496898,1430.6321369012196,1116.1285771052044,265.63522839546204,0.0,0.0,0.0,0.0,0.0,0.0,0.0,0.0,0.0,0.0,0.0,0.0,0.0,0.0,0.0,0.0,0.0,0.0,0.0,0.0,0.0,0.0,0.0,0.0,0.0,0.0,0.0,0.0,0.0,0.0,0.0,0.0,0.0,0.0,0.0,0.0,0.0
"103,166",2507.989045645724,0.0,0.0,0.0,0.0,0.0,0.0,0.0,0.0,0.0,0.0,46877.32112067447,9413.264584025215,1665.9561701811997,365.5719322344836,540.4634392130608,1360.241236448288,50464.16342892086,10043.602412517399,1795.5075202979294,375.28755918951595,537.2240383494134,1360.2418451309204,52277.81160661286,10690.152992205527,1814.9387162722794,372.0492536208209,521.0297305453057,1340.810340166092,56268.91450538822,12160.189309228635,2048.536847379161,401.1971818587359,527.5065524447198,1353.7651710510254,58003.75899739919,12792.15944986437,2142.054551151687,430.34479180784786,533.9833450186486,1347.2862000465393,0.0,0.0,0.0,0.0,0.0,0.0,0.0,0.0,0.0,0.0,0.0,0.0,0.0,0.0,0.0,0.0,0.0,0.0,0.0,0.0,0.0,0.0,0.0,0.0,0.0,0.0,0.0,0.0,0.0,0.0,0.0,0.0,0.0,0.0,0.0,0.0,0.0
"104,166",2507.3704524302048,0.0,0.0,0.0,0.0,0.0,0.0,0.0,0.0,0.0,0.0,41395.527972375654,1989.924453974705,68.00364446640015,0.0,0.0,0.0,45495.74593920427,2310.499493361454,74.47981095314026,0.0,0.0,0.0,47538.982765332396,2436.782255650501,84.19432973861694,0.0,0.0,0.0,52487.87023545435,2633.900658231623,87.43256425857544,0.0,0.0,0.0,55977.674757976165,2731.0415013846227,110.09989857673645,0.0,0.0,0.0,0.0,0.0,0.0,0.0,0.0,0.0,0.0,0.0,0.0,0.0,0.0,0.0,0.0,0.0,0.0,0.0,0.0,0.0,0.0,0.0,0.0,0.0,0.0,0.0,0.0,0.0,0.0,0.0,0.0,0.0,0.0,0.0,0.0,0.0,0.0,0.0,0.0
"105,166",2450.7510923279337,0.0,0.0,0.0,0.0,0.0,0.0,0.0,0.0,0.0,0.0,83505.1268235272,3622.2210612437307,165.07700204849243,16.18348240852356,9.709837913513184,0.0,86242.39439918948,3693.434610380846,168.31392192840576,16.18348240852356,12.946474313735962,0.0,89190.64799762239,3818.252007479761,171.55035948753357,16.18348240852356,12.946474313735962,0.0,91112.5522438171,3896.3132350024057,171.55089926719666,16.18348240852356,12.946474313735962,0.0,94117.2716364309,4217.151552273245,187.7345268726349,16.18348240852356,12.946474313735962,0.0,0.0,0.0,0.0,0.0,0.0,0.0,0.0,0.0,0.0,0.0,0.0,0.0,0.0,0.0,0.0,0.0,0.0,0.0,0.0,0.0,0.0,0.0,0.0,0.0,0.0,0.0,0.0,0.0,0.0,0.0,0.0,0.0,0.0,0.0,0.0,0.0,0.0
"106,166",2492.188135744998,0.0,0.0,0.0,0.0,0.0,0.0,0.0,0.0,0.0,0.0,97752.98753863788,12152.41519990996,916.6743446378148,363.0964353926042,517.6750283241272,724.7496674060822,101346.76011841252,12845.114984608632,978.1498061208165,372.8032322771409,540.3240904808044,724.7496385574341,103081.69261775579,13519.427706271526,1023.4428738145268,379.27451595138103,543.5601913928986,705.3361504077911,105481.41822153355,13863.38679449792,1033.1492985276616,366.3328135855058,546.796258687973,708.572012424469,108419.98847444198,14449.728143653681,1156.8190323745503,388.9803892023423,553.2679061889648,711.8084638118744,0.0,0.0,0.0,0.0,0.0,0.0,0.0,0.0,0.0,0.0,0.0,0.0,0.0,0.0,0.0,0.0,0.0,0.0,0.0,0.0,0.0,0.0,0.0,0.0,0.0,0.0,0.0,0.0,0.0,0.0,0.0,0.0,0.0,0.0,0.0,0.0,0.0
"107,166",2504.5904077569858,0.0,0.0,0.0,0.0,0.0,0.0,0.0,0.0,0.0,0.0,75850.06710146734,41808.60826713618,4611.019804525375,1041.0600999729309,826.3023915403029,426.48060347426167,77955.75407401439,43168.29809146302,4707.639034007577,1053.9945279495391,848.9398300759932,435.7772373910044,78700.33956266944,43647.060283524384,4801.440031741647,1044.700313389535,842.4732527845046,439.01127669764503,80462.44851144716,44683.05889961767,4805.072570096745,1057.63530737185,842.4742508046767,451.94734809351905,82495.60309709008,46313.231007023416,5104.74265406646,1109.3819678428126,922.9240370900023,461.24732302684413,0.0,0.0,0.0,0.0,0.0,0.0,0.0,0.0,0.0,0.0,0.0,0.0,0.0,0.0,0.0,0.0,0.0,0.0,0.0,0.0,0.0,0.0,0.0,0.0,0.0,0.0,0.0,0.0,0.0,0.0,0.0,0.0,0.0,0.0,0.0,0.0,0.0
"108,166",2503.356733195285,55.28849259264329,194.98690683420966,38.78744316101074,21.90145834754495,22.62407374382019,55.28849259264329,189.2454485724954,19.393465042114258,21.90145834754495,22.62407374382019,15245.21326617073,33397.184733071044,27671.096383584718,15730.576617941204,15811.753471575528,5092.054434025521,15406.558051224318,33612.82190890593,27792.553727570703,15735.594781357635,15821.055660341299,5121.14842077517,15248.421725236669,33229.36948037335,27486.6915686972,15381.383443769753,15436.80554669137,4982.153997862572,15369.890261428496,33448.543459794106,27467.712112547375,15287.238715089534,15352.779788186503,4956.304490769143,15803.12289787461,34450.374592971806,28158.8099572322,15484.036618905908,15627.56911294694,5068.652144808862,0.0,0.0,0.0,0.0,0.0,0.0,0.0,19.393247842788696,17.947958214142744,17.94728653571185,0.0,0.0,0.0,44.526296276204725,83.3111701853135,45.248006105422974,16.1599760055542,0.0,0.0,0.0,9.696812868118286,3.232198476791382,6.46445369720459,0.0,0.0,2.5094834215500774,12.927802562713623,3.2319233417510986,0.0,3.2322490215301514,0.0,0.0,12.928104639053345,6.464000701904297,3.231968402862549,0.0,0.0
"109,166",2501.970244891099,316.33435377233167,760.2690111291174,57.75445315136629,175.20775595833274,106.63415956497192,313.1025534545674,740.5636963002822,51.291752784392415,168.74506107498618,106.63415956497192,34250.44816782334,60868.95493595554,40365.41898104255,19896.90800130975,23331.938882307917,9620.373831417048,34538.65527548603,61172.33822720659,40511.116501870805,20014.660663323306,23504.23115265323,9614.312716815986,34483.05383026366,61146.81142622069,40565.99120575493,19945.442078092983,23431.342810107217,9585.218068693199,34552.960030603404,61226.43232038909,40626.52638965494,19894.132103360866,23326.476589560043,9575.114228438397,34638.40699454195,61672.9324917812,41027.10468726158,20168.792647756312,23599.129470767228,9684.165404126223,3.231748342514038,0.0,0.0,0.0,0.0,0.0,3.231748342514038,74.3220682144165,156.54906393780428,75.76791317322675,6.463508129119873,0.0,0.0,262.023500327503,355.7415900538949,106.64079856872559,12.92594861984253,3.231858730316162,0.0,25.441898791930257,22.618086338043213,3.2317676544189453,0.0,0.0,0.0,65.34542337585899,77.54925179481506,19.38744282722473,3.231358766555786,0.0,3.231584310531616,32.31298518180847,48.47009468078613,25.85107970237732,0.0,0.0,0.0
"110,166",2500.431432874501,519.8491876125336,297.0543360710144,77.48611354827881,174.34846210479736,402.7497729563246,384.24090909957886,290.5975947380066,41.96953082084656,154.9765601158142,328.49030893082715,40764.064253763114,47780.17195801081,24435.059687148827,15371.98455608873,21125.89175870372,11871.875659658395,41288.76710029863,47856.084481845195,24400.186819127965,15380.574896433774,21195.49565408651,12020.797219133377,41563.87112093065,48020.70445011364,24549.92432899008,15388.100871010389,21222.02307469331,12101.510618543625,42092.70236493279,48271.244395609465,24662.53730119911,15375.18718425807,21284.787931313236,12114.416674232483,42166.00254099977,48480.2355282793,25018.547638619184,15571.344747337642,21375.99005479626,12127.325880146027,22.600115299224854,41.97429943084717,45.20452094078064,9.686782836914062,3.2288296222686768,0.0,122.6945481300354,19.37186026573181,148.52823448181152,132.38711047172546,64.58021974563599,16.14443564414978,3.229048490524292,61.34628510475159,116.23787426948547,61.350316286087036,48.43401074409485,3.2291083335876465,0.0,19.368993759155273,12.914443492889404,9.68609356880188,0.0,0.0,0.0,77.48517227172852,41.97080397605896,19.374465465545654,9.687058210372925,3.2293686866760254,3.229691505432129,192.88047712082957,61.34576869010925,32.287163734436035,29.060919523239136,12.915979862213135,0.0
"111,166",2498.7408402256333,0.0,0.0,0.0,25.816701412200928,12.504271061280194,0.0,0.0,0.0,25.816701412200928,12.504271061280194,34190.95699335734,28610.537871161632,7367.280520426993,2897.095611475963,4050.2906057367136,4303.948673587687,35252.673068789874,29495.472967540518,7686.402196615817,2975.983399948419,4157.142926187141,4436.270343404657,35601.36701904091,30275.904042471157,8017.653525243085,3093.8769332633296,4307.753784997791,4478.575426458845,36206.36670685001,31544.48431015482,8282.227473864834,3232.6206537947933,4393.647984097986,4504.387993454466,36088.52753726268,31924.855417445127,8556.085563695195,3326.590308031381,4444.872919952169,4552.77582228137,0.0,0.0,0.0,0.0,0.0,0.0,0.0,0.0,0.0,0.0,0.0,0.0,0.0,0.0,0.0,0.0,0.0,0.0,0.0,0.0,0.0,0.0,0.0,0.0,0.0,22.589292526245117,3.2274088859558105,0.0,0.0,0.0,0.0,12.504271061280194,0.0,0.0,0.0,0.0,0.0
"112,166",2496.8990626372424,0.0,0.0,0.0,0.0,0.0,0.0,0.0,0.0,0.0,0.0,22866.38902622485,28046.330343148285,10644.849165203059,3621.421985835655,3327.0176998437623,2390.555236577987,22402.236269991077,27694.815563631993,10406.939430036733,3498.9115666239873,3300.85271559977,2374.4326398110857,22989.943837132185,28419.988176914292,10655.569984728685,3656.9029795020238,3579.944268924115,2470.808199123308,23395.482278109535,29046.613253441043,10942.545393282762,3766.1733494637065,3686.3412616337046,2554.238450913336,23804.23654330572,29870.00711983045,11277.51886535626,3923.341415540845,3772.1807793579846,2589.3490930632047,0.0,0.0,0.0,0.0,0.0,0.0,0.0,0.0,0.0,0.0,0.0,0.0,0.0,0.0,0.0,0.0,0.0,0.0,0.0,0.0,0.0,0.0,0.0,0.0,0.0,0.0,0.0,0.0,0.0,0.0,0.0,0.0,0.0,0.0,0.0,0.0,0.0
"113,166",2494.7728861271994,0.0,0.0,0.0,0.0,0.0,0.0,0.0,0.0,0.0,0.0,12697.181417557773,18600.40052099789,6248.001841705921,2751.732014992658,2821.4131553584457,1355.7621491834232,12653.401109946944,19068.023524797667,6340.645912418179,2680.466093381246,2834.704173906177,1262.348688954933,13468.614639301863,20664.646011812543,6804.484197754954,2815.808050950369,3009.4279150504694,1275.2526260562972,14164.71927301276,21941.730023478525,7253.916360478309,2884.22651646558,3105.7058649100513,1294.600732202156,14959.655665445329,23499.1239240422,7902.582050221575,2916.4226081174966,3150.82202744858,1298.1821512381237,0.0,0.0,0.0,0.0,0.0,0.0,0.0,0.0,0.0,0.0,0.0,0.0,0.0,0.0,0.0,0.0,0.0,0.0,0.0,0.0,0.0,0.0,0.0,0.0,0.0,0.0,0.0,0.0,0.0,0.0,0.0,0.0,0.0,0.0,0.0,0.0,0.0
"114,166",2492.7553313166563,0.0,0.0,0.0,0.0,0.0,0.0,0.0,0.0,0.0,0.0,38536.88385507078,11043.169588250741,1325.6815379021214,467.7964651565926,629.177024676753,1421.8542362315982,39300.512619631896,11278.674478410272,1317.0451696040582,474.2360746841805,625.9570966664483,1377.1967556457894,40976.78549905664,11941.752548004597,1371.7753017070245,487.11767291835713,661.3715887967278,1328.917807338752,43654.71415681277,12768.701677527146,1433.355848194571,490.3345706444161,658.5519725285325,1332.1392481308358,48011.96242963379,13922.489559282976,1530.3502120233047,512.8717205505745,703.6244377098832,1357.4915287634904,0.0,0.0,0.0,0.0,0.0,0.0,0.0,0.0,0.0,0.0,0.0,0.0,0.0,0.0,0.0,0.0,0.0,0.0,0.0,0.0,0.0,0.0,0.0,0.0,0.0,0.0,0.0,0.0,0.0,0.0,0.0,0.0,0.0,0.0,0.0,0.0,0.0
"115,166",2467.141111176033,0.0,0.0,0.0,0.0,0.0,0.0,0.0,0.0,0.0,0.0,27387.464966682357,9654.005756192115,2798.825426875844,983.2900051640529,1482.13342164451,5002.154400188783,29618.660436295522,10293.225234123307,3000.1449464452035,1044.401550726797,1517.500182613672,5047.173385698656,30743.959490551657,10802.882734766194,3233.016960481569,1054.0478667782802,1536.796911463083,5056.819585401872,31988.928261791487,11452.415615282805,3371.320722440645,1050.8301345871944,1543.2296774237764,5105.057282287935,33426.31103720384,12093.396310248094,3486.696493739708,1040.4722786192801,1552.8770863860261,5121.144439060548,0.0,0.0,0.0,0.0,0.0,0.0,0.0,0.0,0.0,0.0,0.0,0.0,0.0,0.0,0.0,0.0,0.0,0.0,0.0,0.0,0.0,0.0,0.0,0.0,0.0,0.0,0.0,0.0,0.0,0.0,0.0,0.0,0.0,0.0,0.0,0.0,0.0
"116,166",2446.3262212161967,0.0,0.0,0.0,0.0,0.0,0.0,0.0,0.0,0.0,0.0,10438.912911099078,8248.248814481847,2063.7080133138916,593.8172824775472,710.7207925095278,859.5836688275431,11433.92894405477,8826.216360230539,2156.8954301058075,601.6810560506933,749.2925803436952,866.0137161011789,14188.752680011823,10514.871810659708,2669.9404756966765,640.2508247179145,781.4272897019106,875.6497911210154,16667.320081843583,11768.675084511438,2942.2841576202245,693.4343128671834,797.4977233185488,936.7054783101175,18606.297152361218,13045.909496969336,3302.1817140354833,777.7130839618983,816.7796258701998,984.9116450543497,0.0,0.0,0.0,0.0,0.0,0.0,0.0,0.0,0.0,0.0,0.0,0.0,0.0,0.0,0.0,0.0,0.0,0.0,0.0,0.0,0.0,0.0,0.0,0.0,0.0,0.0,0.0,0.0,0.0,0.0,0.0,0.0,0.0,0.0,0.0,0.0,0.0
"117,166",776.2367312847567,0.0,0.0,0.0,0.0,0.0,0.0,0.0,0.0,0.0,0.0,412.02280577304316,358.246379772822,37.38593877250073,0.0,0.0,0.0,681.5622485506769,467.42641435697965,37.38593877250073,0.0,0.0,0.0,745.7701034405652,536.964282873565,40.5967933028352,0.0,0.0,0.0,773.4138801163318,543.4499016284942,40.5967933028352,0.0,0.0,0.0,914.3415100303351,574.1028697369145,40.59693778449414,3.2083771228790283,0.0,0.0,0.0,0.0,0.0,0.0,0.0,0.0,0.0,0.0,0.0,0.0,0.0,0.0,0.0,0.0,0.0,0.0,0.0,0.0,0.0,0.0,0.0,0.0,0.0,0.0,0.0,0.0,0.0,0.0,0.0,0.0,0.0,0.0,0.0,0.0,0.0,0.0,0.0
"118,166",1805.8646101534962,0.0,0.0,0.0,0.0,0.0,0.0,0.0,0.0,0.0,0.0,3769.557872503879,209.72609813447093,19.227904796600342,6.4118568897247314,3.204557418823242,1.771754172269036,4275.180401926415,248.58517743559446,12.818496465682983,3.207486629486084,3.204557418823242,1.771754172269036,4601.9680527098035,269.3730080174465,16.024950742721558,3.207486629486084,6.409088134765625,1.771754172269036,4851.529012724933,368.1320033120174,32.06024169921875,6.411937236785889,9.613632202148438,1.771754172269036,5329.6683700813965,589.9510010429458,76.96413373947144,6.411937236785889,12.818122863769531,1.771754172269036,0.0,0.0,0.0,0.0,0.0,0.0,0.0,0.0,0.0,0.0,0.0,0.0,0.0,0.0,0.0,0.0,0.0,0.0,0.0,0.0,0.0,0.0,0.0,0.0,0.0,0.0,0.0,0.0,0.0,0.0,0.0,0.0,0.0,0.0,0.0,0.0,0.0
"119,166",2479.8253622237444,0.0,0.0,0.0,0.0,0.0,0.0,0.0,0.0,0.0,0.0,1932.5664155698291,894.9068747641993,60.86397910118103,9.607959747314453,3.2040750980377197,4.622962547751034,925.0921511949277,257.6705676200343,48.05023145675659,9.607959747314453,0.0,4.622962547751034,816.3954806926204,232.05299769663344,48.051005840301514,6.002829817229626,0.0,1.4199164643007165,761.9478850963069,225.64153300547133,48.051005840301514,6.002829817229626,0.0,1.4199164643007165,1283.7643513623407,406.8043526873869,53.64689332644145,2.7997970852197387,0.0,1.4199164643007165,0.0,0.0,0.0,0.0,0.0,0.0,0.0,0.0,0.0,0.0,0.0,0.0,0.0,0.0,0.0,0.0,0.0,0.0,0.0,0.0,0.0,0.0,0.0,0.0,0.0,0.0,0.0,0.0,0.0,0.0,0.0,0.0,0.0,0.0,0.0,0.0,0.0
"120,166",2476.801765068117,0.0,0.0,0.0,0.0,0.0,0.0,0.0,0.0,0.0,0.0,3851.743621477426,6846.138171964533,4125.98156673394,2091.064139244603,1489.3632759271886,134.166602268406,3633.657565838683,6858.448711194244,4251.019195917541,2161.3969804025164,1550.460908391429,143.75651349086388,3695.4985806212703,6956.427239404939,4248.674711707994,2148.2519856107,1519.5931379149943,143.7575980569802,3680.209700793846,6873.241768823885,4239.074824575349,2135.816110489415,1510.0021533320933,140.56077922839745,3850.4885616554934,6953.536608959647,4286.631577822742,2161.3923348165026,1531.9811578703864,150.1509384061776,0.0,0.0,0.0,0.0,0.0,0.0,0.0,0.0,0.0,0.0,0.0,0.0,0.0,0.0,0.0,0.0,0.0,0.0,0.0,0.0,0.0,0.0,0.0,0.0,0.0,0.0,0.0,0.0,0.0,0.0,0.0,0.0,0.0,0.0,0.0,0.0,0.0
"121,166",2473.1349032106523,0.0,0.0,0.0,3.1940159797668457,0.0,0.0,0.0,0.0,3.1940159797668457,0.0,43925.8279020833,10460.287123301448,2736.4488213090335,1125.1714890208898,1111.0500828415738,389.19108403430266,44517.448685499265,10591.6660070625,2822.380560344808,1157.1297819820104,1149.0495651787403,440.3214193652658,45909.76640175464,10825.194713669196,2854.6764295129215,1167.0662880710527,1180.3085395663393,417.9528077910928,45750.91132239547,10802.436372029548,2854.681992295209,1176.3030207362829,1157.9413410990846,427.53949201808257,44254.96654724233,10489.756955431021,2813.540060339722,1169.9109101501165,1183.5016035930785,494.64415539012236,0.0,0.0,0.0,0.0,0.0,0.0,0.0,0.0,0.0,0.0,0.0,0.0,0.0,0.0,0.0,0.0,0.0,0.0,0.0,0.0,0.0,0.0,0.0,0.0,0.0,3.1940159797668457,0.0,0.0,0.0,0.0,0.0,0.0,0.0,0.0,0.0,0.0,0.0
"122,166",2078.928409751572,0.0,0.0,0.0,0.0,0.0,0.0,0.0,0.0,0.0,0.0,83494.9327428107,10086.728027566272,1479.6881858395595,391.9001364296558,301.9149128595988,574.0199244022369,84081.78484362061,10214.31541560491,1521.1640903042812,398.2786514347675,311.4881097475688,583.5864555835724,88139.26307792196,10716.864851005404,1556.2410177277584,417.41289468466067,314.6745442549388,570.8296000957489,88122.28401336109,10716.860548980563,1565.8155464219112,407.8463000839832,311.48519174257916,558.0726671218872,86616.92475802757,10669.00659085068,1614.048880335864,405.0544316768646,311.4868556658427,564.4504506587982,0.0,0.0,0.0,0.0,0.0,0.0,0.0,0.0,0.0,0.0,0.0,0.0,0.0,0.0,0.0,0.0,0.0,0.0,0.0,0.0,0.0,0.0,0.0,0.0,0.0,0.0,0.0,0.0,0.0,0.0,0.0,0.0,0.0,0.0,0.0,0.0,0.0
"123,166",2197.7809031252345,0.0,0.0,0.0,0.0,0.0,0.0,0.0,0.0,0.0,0.0,32357.261443724357,13806.940228604337,7546.2183955042965,4665.894375015708,5516.7585590942235,1486.2250318770316,32733.94800292184,14037.341998264837,7683.158166441262,4753.285582026314,5613.298849586412,1553.0968947653678,34394.13051733504,14227.81422554839,7676.786413225473,4777.349953342887,5613.687082427156,1540.3621685748008,34361.21171426306,14256.485428684835,7667.236295494378,4781.943439682793,5652.9153227488205,1537.1719730143454,34873.62094170066,14363.001511016546,7699.485942641426,4801.449199900908,5640.185044733684,1505.3273649458793,0.0,0.0,0.0,0.0,0.0,0.0,0.0,0.0,0.0,0.0,0.0,0.0,0.0,0.0,0.0,0.0,0.0,0.0,0.0,0.0,0.0,0.0,0.0,0.0,0.0,0.0,0.0,0.0,0.0,0.0,0.0,0.0,0.0,0.0,0.0,0.0,0.0
"124,166",847.075470162178,0.0,0.0,0.0,0.0,0.0,0.0,0.0,0.0,0.0,0.0,4895.598255677317,7509.431469770506,6015.67961025425,3561.1360512368824,4004.4334161150678,1206.3824947684418,4927.427963061426,7587.562110815797,6108.92626452633,3642.554608014051,4067.912104057798,1203.2505478681303,4899.0588519049625,7587.57740799025,6089.836837532006,3660.3537466731727,4075.969942201352,1212.5182407266955,4858.544587585037,7578.04305378035,6108.932294370614,3662.1183350908996,4081.448121134439,1209.3363402254442,4868.103452178543,7648.003663567,6172.578307406107,3652.205467765472,4090.5573259662174,1225.2497578031878,0.0,0.0,0.0,0.0,0.0,0.0,0.0,0.0,0.0,0.0,0.0,0.0,0.0,0.0,0.0,0.0,0.0,0.0,0.0,0.0,0.0,0.0,0.0,0.0,0.0,0.0,0.0,0.0,0.0,0.0,0.0,0.0,0.0,0.0,0.0,0.0,0.0
"86,167",1567.672295067386,0.0,0.0,0.0,0.0,0.0,0.0,0.0,0.0,0.0,0.0,21650.91858974812,4401.421843266955,985.5259300979914,245.27447341189665,203.38877759914772,122.84228229522705,22431.883792794917,4580.387585902681,1082.1890153202357,296.82730959162996,274.2752383802451,200.17065525054932,23446.97233863905,4813.860723975125,1120.8579468044582,329.05054472194,319.79068123312555,235.61221528053284,24759.53619236572,5235.278921061871,1156.3014764103236,351.60602448687837,335.8997932574328,232.39035820960999,25642.81905956455,5494.265874132456,1182.0785047325435,345.1613221000223,342.7450154874839,225.945796251297,0.0,0.0,0.0,0.0,0.0,0.0,0.0,0.0,0.0,0.0,0.0,0.0,0.0,0.0,0.0,0.0,0.0,0.0,0.0,0.0,0.0,0.0,0.0,0.0,0.0,0.0,0.0,0.0,0.0,0.0,0.0,0.0,0.0,0.0,0.0,0.0,0.0
"87,167",2497.028547039889,0.0,0.0,0.0,0.0,0.0,0.0,0.0,0.0,0.0,0.0,14584.431922694746,2640.1326230067834,447.84768851691604,222.49187636375427,238.6115481853485,254.7305703163147,16074.506936457577,3154.1946764609393,502.6738801806581,248.29028630256653,283.7538685798645,277.3024342060089,18196.876028253515,4167.273771597357,636.3383525623995,254.74097204208374,309.5509395599365,283.75220561027527,21226.60724559111,5073.035084255069,766.7807162088507,286.99440932273865,325.6774764060974,254.73126673698425,25200.897399853726,5947.315850823534,821.6092169565313,283.77164363861084,303.11047434806824,222.4872601032257,0.0,0.0,0.0,0.0,0.0,0.0,0.0,0.0,0.0,0.0,0.0,0.0,0.0,0.0,0.0,0.0,0.0,0.0,0.0,0.0,0.0,0.0,0.0,0.0,0.0,0.0,0.0,0.0,0.0,0.0,0.0,0.0,0.0,0.0,0.0,0.0,0.0
"88,167",2498.8706711500104,0.0,0.0,3.2274277210235596,0.0,0.0,0.0,0.0,0.0,0.0,0.0,11382.323786805657,9387.961764842388,2441.275577144997,768.3871270843581,652.1994954614079,329.1162383556366,12430.972995084876,10434.34172655461,2689.7248760036396,794.196100396736,684.4657143620884,335.56995701789856,14132.68191074764,11559.132239521252,3072.2019672375095,875.2596430769154,726.4096759824192,367.8353633880615,15156.000600652133,12291.774359035493,3261.109545759126,962.3736999025532,787.7044872311985,403.32286643981934,15405.667959858389,12488.374040861692,3286.9218817271435,968.8276607980915,813.5133964089787,396.8690893650055,0.0,0.0,0.0,0.0,0.0,0.0,0.0,0.0,0.0,0.0,0.0,0.0,0.0,0.0,0.0,0.0,0.0,0.0,0.0,0.0,0.0,0.0,0.0,0.0,0.0,0.0,0.0,0.0,0.0,0.0,0.0,0.0,0.0,0.0,0.0,0.0,0.0
"89,167",2500.5615878292792,0.0,0.0,0.0,0.0,0.0,0.0,0.0,0.0,0.0,0.0,4519.9052404796375,452.1074652671814,232.52177715301514,161.48340463638306,161.48015832901,0.0,4613.487806538975,477.94685649871826,222.83413815498352,151.79637026786804,164.71255540847778,0.0,4506.89664648,455.33559226989746,219.6015248298645,145.33503890037537,151.7941174507141,0.0,4516.137926121319,548.9824562072754,242.20386385917664,151.79370045661926,142.1049840450287,0.0,4632.377254982555,629.7057344913483,274.4970152378082,151.79165267944336,135.6461968421936,0.0,0.0,0.0,0.0,0.0,0.0,0.0,0.0,0.0,0.0,0.0,0.0,0.0,0.0,0.0,0.0,0.0,0.0,0.0,0.0,0.0,0.0,0.0,0.0,0.0,0.0,0.0,0.0,0.0,0.0,0.0,0.0,0.0,0.0,0.0,0.0,0.0,0.0
"90,167",2502.100699759898,0.0,0.0,0.0,0.0,0.0,0.0,0.0,0.0,0.0,0.0,11940.582092705892,1409.7321699759539,489.6464882626253,155.07808899879456,42.005733013153076,0.0,14949.791567866941,1871.706472267824,622.1014381184298,180.92609548568726,42.00580716133118,0.0,16101.25175054494,2064.848660721498,690.673810041652,190.61917734146118,51.699421882629395,0.0,17676.09590801351,1734.6882113064037,500.0814323789933,171.23979449272156,51.699421882629395,0.0,19561.953925396414,2119.833447969661,448.40659884284526,171.2464599609375,54.930206537246704,0.0,0.0,0.0,0.0,0.0,0.0,0.0,0.0,0.0,0.0,0.0,0.0,0.0,0.0,0.0,0.0,0.0,0.0,0.0,0.0,0.0,0.0,0.0,0.0,0.0,0.0,0.0,0.0,0.0,0.0,0.0,0.0,0.0,0.0,0.0,0.0,0.0,0.0
"91,167",2503.487462365965,0.0,0.0,0.0,0.0,0.0,0.0,0.0,0.0,0.0,0.0,19769.49102539081,29146.86408922252,12043.19769928689,3589.5305990920347,1705.2380496109233,283.257381178351,19786.190089575448,29539.388579545302,12243.632702805948,3649.1634525916156,1702.0027493084178,299.8262250657175,20161.814012986535,30079.859534445935,12583.825152880538,3856.0794109961566,1847.4826241577373,332.9625373830982,21544.399854451534,32377.821453254368,13631.328406578887,4315.183881964404,2060.8689616764295,352.3586135854908,22632.65246985286,33728.66559268447,14132.44323278128,4396.009839024264,2128.761474474739,365.28919706251105,0.0,0.0,0.0,0.0,0.0,0.0,0.0,0.0,0.0,0.0,0.0,0.0,0.0,0.0,0.0,0.0,0.0,0.0,0.0,0.0,0.0,0.0,0.0,0.0,0.0,0.0,0.0,0.0,0.0,0.0,0.0,0.0,0.0,0.0,0.0,0.0,0.0
"92,167",2504.7213842561964,0.0,0.0,0.0,0.0,0.0,0.0,0.0,0.0,0.0,0.0,87847.73330891179,52706.64222074116,6549.546080039529,1039.73693002813,821.5372214317322,255.5312147140503,88811.64224115727,53300.512472876384,6542.262304217208,1018.901147774154,815.0701951980591,236.12671279907227,89012.23557595271,53413.06112158813,6531.1324226323295,1038.3076009067834,805.3670110702515,239.3610246181488,89409.06780566514,53573.197138513315,6628.1577860776115,1025.3691174301446,828.0069980621338,255.53220415115356,89430.67582646164,53751.84125407912,6589.339712566488,993.0226208481133,811.8344261646271,239.35836029052734,6.469968795776367,0.0,0.0,0.0,0.0,0.0,6.469968795776367,0.0,0.0,0.0,0.0,0.0,0.0,0.0,0.0,0.0,0.0,0.0,0.0,0.0,0.0,0.0,0.0,0.0,0.0,0.0,0.0,0.0,0.0,0.0,0.0,0.0,0.0,0.0,0.0,0.0,0.0
"93,167",2505.8020276235093,0.0,0.0,3.2357897758483887,74.42390203475952,25.885535955429077,0.0,0.0,3.2357897758483887,74.42390203475952,25.885535955429077,134892.40196805,42158.268151729244,6008.050634164436,1457.8285272392573,1136.9091673374176,559.8124623298645,135436.77809536317,42346.25580483045,6037.577097638448,1464.2989337715449,1143.3819902420043,559.8130333423615,135640.71090615966,42462.71771332984,6041.214388441572,1470.7720201286616,1146.6185942173004,566.2858557701111,135670.04337275357,42605.23196995212,6015.330428909788,1454.5932429107966,1111.025381374359,537.1631562709808,134620.9665728653,42134.40577040093,5960.319380354414,1399.5854189667048,1078.6684570789337,504.8060483932495,119.72134828567505,12.942793607711792,0.0,0.0,0.0,0.0,132.66414189338684,0.0,0.0,0.0,0.0,0.0,0.0,0.0,0.0,0.0,0.0,0.0,0.0,3.2357897758483887,0.0,0.0,0.0,0.0,0.0,48.536906719207764,25.886995315551758,0.0,0.0,0.0,0.0,25.885535955429077,0.0,0.0,0.0,0.0,0.0
"94,167",2506.7290086012463,0.0,0.0,16.185340881347656,12.94891095161438,0.0,0.0,0.0,12.948341846466064,9.71179485321045,0.0,30412.17864787252,9190.485730314254,1161.6086984157562,339.1814503660389,309.6929262572644,213.63701391220093,31820.968030844484,9980.276745682137,1274.906756210327,381.2641940107533,358.2477630072949,239.53534817695618,32453.436199580927,10188.30371071778,1306.0588406198165,394.21169829275095,380.90733250917174,242.77260994911194,32878.98648051749,10434.322202701196,1370.4409105646844,403.92179274465525,403.5687666827557,278.38011837005615,33675.74860777856,10929.565380026312,1468.3137293946509,458.95114779378855,432.34637495770176,288.09029936790466,0.0,0.0,0.0,0.0,0.0,0.0,0.0,0.0,0.0,0.0,0.0,0.0,0.0,0.0,0.0,0.0,0.0,0.0,0.0,6.474282741546631,6.474059104919434,0.0,0.0,0.0,0.0,0.0,9.71179485321045,0.0,0.0,0.0,0.0,0.0,0.0,0.0,0.0,0.0,0.0
"95,167",2507.5019975767723,0.0,0.0,6.475371599197388,12.950739622116089,0.0,0.0,0.0,3.2376632690429688,12.950739622116089,0.0,26238.61437783989,12956.753033947476,1830.1269805880154,457.25797796342886,291.45107284246706,174.8464961051941,28281.79159480731,13969.756694884394,1924.4262548736497,470.2082958230785,324.90826947548805,174.8474259376526,29109.488716783708,14579.36225971895,1959.628101797665,518.7769954213909,354.0488298640532,178.0854160785675,29911.594845117303,15006.202282809276,2010.035073191512,534.9658222207836,370.2393701777739,197.51216650009155,30271.521880127402,15308.512350910783,2061.0727314294554,551.1548092374614,415.9270931561788,213.7011113166809,0.0,0.0,0.0,0.0,0.0,0.0,0.0,0.0,0.0,0.0,0.0,0.0,0.0,0.0,0.0,0.0,0.0,0.0,0.0,3.2376632690429688,0.0,0.0,0.0,0.0,0.0,0.0,12.950739622116089,0.0,0.0,0.0,0.0,0.0,0.0,0.0,0.0,0.0,0.0
"96,167",2508.1207194602507,0.0,0.0,0.0,0.0,0.0,0.0,0.0,0.0,0.0,0.0,17704.941596405177,6725.991374246747,925.0457650885863,272.8607159053578,234.2558566766627,183.21247628529866,19118.963333517895,7713.90125331972,1104.8075134987926,303.2157785527846,252.62296438217163,203.05112647168775,19364.743415052748,8021.770476043926,1153.7977978631563,351.7963871591231,272.0565297603607,206.28988479726456,19336.36412327056,8198.249027455087,1228.429600017211,361.5123173825881,317.39909267425537,221.8613235342736,19150.66525939586,8366.255645040437,1272.337100272085,355.03700443436117,323.8781385421753,248.17921557519946,0.0,0.0,0.0,0.0,0.0,0.0,0.0,0.0,0.0,0.0,0.0,0.0,0.0,0.0,0.0,0.0,0.0,0.0,0.0,0.0,0.0,0.0,0.0,0.0,0.0,0.0,0.0,0.0,0.0,0.0,0.0,0.0,0.0,0.0,0.0,0.0,0.0
"97,167",2508.5849539093547,0.0,0.0,0.0,0.0,0.0,0.0,0.0,0.0,0.0,0.0,11663.724251690099,10694.20443161983,3412.9073149428646,966.9009862366845,239.72061729431152,34.18529187090257,13935.486130167457,12482.705798879326,3899.6360240029353,1070.1580919686485,291.55261969566345,34.18517957575181,14629.462928503635,13001.558894578147,4103.718540434744,1115.9163047435236,333.6641323566437,47.1423569763408,15356.071386565414,13476.387695533154,4275.4092557477015,1158.0278596045923,353.1005940437317,42.11183261871338,15881.317702016644,13822.516078636692,4322.617647220574,1164.5065721633387,366.0574173927307,42.11190581321716,0.0,0.0,0.0,0.0,0.0,0.0,0.0,0.0,0.0,0.0,0.0,0.0,0.0,0.0,0.0,0.0,0.0,0.0,0.0,0.0,0.0,0.0,0.0,0.0,0.0,0.0,0.0,0.0,0.0,0.0,0.0,0.0,0.0,0.0,0.0,0.0,0.0
"98,167",2508.894535509323,0.0,0.0,0.0,0.0,0.0,0.0,0.0,0.0,0.0,0.0,18083.2400752881,13920.497240648083,3956.848569981257,1407.7816403080435,1158.6334817951802,324.386239528656,19794.861808795562,14808.909800084433,4122.47888935407,1411.4277320889867,1155.3932574337605,301.7076096534729,20132.997884182838,15155.068152042464,4164.594716676076,1418.3143462031496,1181.3121448105458,295.2277410030365,20571.561045776627,15157.804265985304,4105.867794407116,1336.9120541675418,1025.395805386936,266.0697886943817,21348.309361068877,15896.564007509456,4297.01683534454,1379.0291708572238,1067.513437537586,301.7077167034149,0.0,0.0,0.0,0.0,0.0,0.0,0.0,0.0,0.0,0.0,0.0,0.0,0.0,0.0,0.0,0.0,0.0,0.0,0.0,0.0,0.0,0.0,0.0,0.0,0.0,0.0,0.0,0.0,0.0,0.0,0.0,0.0,0.0,0.0,0.0,0.0,0.0
"99,167",2509.049353908608,0.0,0.0,0.0,0.0,0.0,0.0,0.0,0.0,0.0,0.0,20795.041413165072,18227.014543729674,4106.224594431297,1340.621558189392,1297.7750525474548,343.43485593795776,22862.730209838643,20243.931871188855,4346.388806235556,1389.2210867404938,1262.1353442668915,333.7148530483246,24814.694333906737,22265.609969791713,4703.192025129468,1408.6610491275787,1220.0155727863312,353.1543972492218,26532.635122450658,24137.70528669264,4885.354829733044,1360.061511516571,1174.6560406684875,333.7147388458252,29461.16643793162,26660.92146081831,5301.201256544449,1401.4569218158722,1194.095875263214,346.67454624176025,0.0,0.0,0.0,0.0,0.0,0.0,0.0,0.0,0.0,0.0,0.0,0.0,0.0,0.0,0.0,0.0,0.0,0.0,0.0,0.0,0.0,0.0,0.0,0.0,0.0,0.0,0.0,0.0,0.0,0.0,0.0,0.0,0.0,0.0,0.0,0.0,0.0
"100,167",2509.049353908598,0.0,0.0,0.0,0.0,0.0,0.0,0.0,0.0,0.0,0.0,15573.023052102444,11208.828118702946,2669.460574092117,792.0777377156651,601.6430165739621,103.67890548706055,18737.848689002618,14482.537593030931,3469.7347183685674,918.4368337659275,611.3630161257352,97.19890069961548,22981.39923762527,16821.233475418652,4051.4828339838514,1020.0957942513859,629.5829229691449,93.95894837379456,26065.84980725494,19165.84375408864,4540.643894934187,1016.8565848378574,516.1841254570904,77.75919985771179,29580.063473497656,23750.306092212715,5657.705216431151,1182.8180215863622,572.483244194704,80.99921774864197,0.0,0.0,0.0,0.0,0.0,0.0,0.0,0.0,0.0,0.0,0.0,0.0,0.0,0.0,0.0,0.0,0.0,0.0,0.0,0.0,0.0,0.0,0.0,0.0,0.0,0.0,0.0,0.0,0.0,0.0,0.0,0.0,0.0,0.0,0.0,0.0,0.0
"101,167",2508.8945355093433,0.0,0.0,0.0,0.0,0.0,0.0,0.0,0.0,0.0,0.0,5661.183395007078,2319.769236280404,1304.9317247615143,450.642994557175,464.74480637943043,372.5620336532593,6526.624169277678,3015.5103931296107,1397.8170546615825,444.1636649711459,461.50535425578846,379.0413911342621,8505.771954443877,3528.83894608909,1467.2898909157398,428.0033962408702,464.7453745309044,382.2810242176056,9779.323924215169,4025.922077041514,1579.248602064918,424.7639615217845,445.3068674508263,353.12398529052734,10790.451860613917,4752.70761458453,1828.7156976783976,435.1446998203502,416.14959678088917,353.12419152259827,0.0,0.0,0.0,0.0,0.0,0.0,0.0,0.0,0.0,0.0,0.0,0.0,0.0,0.0,0.0,0.0,0.0,0.0,0.0,0.0,0.0,0.0,0.0,0.0,0.0,0.0,0.0,0.0,0.0,0.0,0.0,0.0,0.0,0.0,0.0,0.0,0.0
"102,167",2508.584953909334,0.0,0.0,0.0,0.0,0.0,0.0,0.0,0.0,0.0,0.0,17645.0465367177,23379.444254599362,11294.00673453761,6018.765474424175,5224.399229792987,570.9207775620853,19062.2889531949,24982.108900863986,11712.150701960396,6202.185877935559,5248.294991036022,577.3993561295902,20183.898485346403,26051.553966025745,11915.827370377148,6098.930048950981,5216.714667290333,551.4849679498111,21694.576585332085,27935.837926073633,12233.255219550227,6188.429634781444,5242.630769222858,567.6819443730747,22663.53483357523,29582.660708288116,12581.484483371996,6320.1013070013005,5242.630984037998,581.8592882156372,0.0,0.0,0.0,0.0,0.0,0.0,0.0,0.0,0.0,0.0,0.0,0.0,0.0,0.0,0.0,0.0,0.0,0.0,0.0,0.0,0.0,0.0,0.0,0.0,0.0,0.0,0.0,0.0,0.0,0.0,0.0,0.0,0.0,0.0,0.0,0.0,0.0
"103,167",2508.1207194602916,0.0,0.0,0.0,0.0,0.0,0.0,0.0,0.0,0.0,0.0,47535.90308484096,9703.511517404108,2396.4990210308747,989.8896195551929,1275.317236966713,395.14306116104126,50409.479709874875,10354.270363061569,2483.9492985977845,1012.5617649218616,1310.9456284710006,408.09840512275696,53057.59447045138,10898.766440230725,2557.2236354968127,993.1289043089923,1262.3624985881881,404.8595025539398,57079.864306317126,11834.490420982886,2699.380811289245,1061.1462697646198,1278.5573049255447,395.1428573131561,58398.44321622381,12507.062766429492,2851.6141374859153,1083.4651402959637,1294.7523105808334,395.1436183452606,0.0,0.0,0.0,0.0,0.0,0.0,0.0,0.0,0.0,0.0,0.0,0.0,0.0,0.0,0.0,0.0,0.0,0.0,0.0,0.0,0.0,0.0,0.0,0.0,0.0,0.0,0.0,0.0,0.0,0.0,0.0,0.0,0.0,0.0,0.0,0.0,0.0
"104,167",2507.501997576796,0.0,0.0,0.0,0.0,0.0,0.0,0.0,0.0,0.0,0.0,17934.76667950294,1218.3039042117548,116.56846618652344,3.2383618354797363,32.383299827575684,42.098084688186646,19472.80622122428,1373.7277380588007,119.80652618408203,3.2383618354797363,32.383299827575684,38.85978150367737,20933.200539111156,1487.056606686349,126.28246569633484,3.2383618354797363,32.383299827575684,38.85978150367737,23446.858009172887,1580.9588135840845,145.71143221855164,3.2383618354797363,32.383299827575684,38.85978150367737,25293.714743956396,1720.1925937297297,155.42516827583313,3.2383618354797363,32.383299827575684,38.85978150367737,0.0,0.0,0.0,0.0,0.0,0.0,0.0,0.0,0.0,0.0,0.0,0.0,0.0,0.0,0.0,0.0,0.0,0.0,0.0,0.0,0.0,0.0,0.0,0.0,0.0,0.0,0.0,0.0,0.0,0.0,0.0,0.0,0.0,0.0,0.0,0.0,0.0
"105,167",2506.7290086012144,0.0,0.0,0.0,0.0,0.0,0.0,0.0,0.0,0.0,0.0,13062.01919431219,1216.7056675808103,100.33592510223389,32.3666512966156,25.89376950263977,12.94709324836731,13698.810310669507,1278.2006808178098,97.0993390083313,32.3666512966156,25.89376950263977,12.94709324836731,14487.959559386383,1313.8010216610105,93.86197400093079,25.893249034881592,22.656368732452393,9.710179090499878,15095.57344250492,1342.9291671173246,97.0992784500122,29.130146980285645,25.893250465393066,9.710179090499878,16050.414921258478,1429.9081563650393,97.09950542449951,29.130146980285645,25.893250465393066,16.18399930000305,0.0,0.0,0.0,0.0,0.0,0.0,0.0,0.0,0.0,0.0,0.0,0.0,0.0,0.0,0.0,0.0,0.0,0.0,0.0,0.0,0.0,0.0,0.0,0.0,0.0,0.0,0.0,0.0,0.0,0.0,0.0,0.0,0.0,0.0,0.0,0.0,0.0
"106,167",2502.3365797192264,0.0,0.0,0.0,0.0,0.0,0.0,0.0,0.0,0.0,0.0,60680.813595236985,2509.2977240010805,49.260281355240764,0.0,0.0,0.0,65298.07595821829,2711.123058472428,52.496096880295696,0.0,0.0,0.0,69249.58839334038,2827.2869460582733,52.49631288752836,0.0,0.0,0.0,72137.41586607297,2926.2166932807254,55.73159912333769,0.0,0.0,0.0,75193.39486946123,3032.496377496159,65.43948271975798,0.0,0.0,0.0,0.0,0.0,0.0,0.0,0.0,0.0,0.0,0.0,0.0,0.0,0.0,0.0,0.0,0.0,0.0,0.0,0.0,0.0,0.0,0.0,0.0,0.0,0.0,0.0,0.0,0.0,0.0,0.0,0.0,0.0,0.0,0.0,0.0,0.0,0.0,0.0,0.0
"107,167",2504.721384256232,0.0,0.0,0.0,0.0,0.0,0.0,0.0,0.0,0.0,0.0,102295.88024873078,37401.5561562267,3835.6896949524976,511.8627655786627,501.3640785217285,239.770158255334,104400.82358060537,38063.37464523035,3849.031376028996,511.8619675916784,520.7689950466156,246.2377879264308,105723.14815914677,38661.253047525184,3952.529240036946,553.50119100178,533.7068467140198,249.47151991152296,107725.16996826939,39626.3910713682,4094.8321117410474,585.8457506712746,533.7058775424957,252.70656343721876,109550.94776878358,40565.90340900328,4185.78753027355,602.0182775076698,530.4685525894165,243.00317379259596,0.0,0.0,0.0,0.0,0.0,0.0,0.0,0.0,0.0,0.0,0.0,0.0,0.0,0.0,0.0,0.0,0.0,0.0,0.0,0.0,0.0,0.0,0.0,0.0,0.0,0.0,0.0,0.0,0.0,0.0,0.0,0.0,0.0,0.0,0.0,0.0,0.0
"108,167",2503.487462365972,0.0,0.0,0.0,0.0,0.0,0.0,0.0,0.0,0.0,0.0,20764.00711063404,28911.71406977036,13358.71576332672,5629.5471626693125,5428.82718485103,2128.01853204054,21921.642589562547,30168.115207991883,13712.36843333712,5762.490036698884,5564.599852020601,2170.0450043706333,21996.370205837135,29711.062325572027,13392.056279433942,5653.89039865849,5394.3150196159595,2111.860175373975,23490.532745655844,31293.802063768046,13789.35542194703,5815.1179109433115,5543.022160061669,2150.651475193921,24981.8232842034,33073.103070741534,14244.43705642083,5873.311138472837,5675.561066874337,2160.351898434583,0.0,0.0,0.0,0.0,0.0,0.0,0.0,0.0,0.0,0.0,0.0,0.0,0.0,0.0,0.0,0.0,0.0,0.0,0.0,0.0,0.0,0.0,0.0,0.0,0.0,0.0,0.0,0.0,0.0,0.0,0.0,0.0,0.0,0.0,0.0,0.0,0.0
"109,167",2502.100699759838,6.461832046508789,9.692813158035278,0.0,16.154158115386963,6.46255898475647,6.461832046508789,9.692813158035278,0.0,16.154158115386963,6.46255898475647,22704.319609267102,39467.055779883434,24883.512558866947,12617.311429464115,16379.137369780445,9093.201251234728,23443.63952461504,40492.55685584966,25494.894854046317,12854.94074198779,16786.224694638157,9341.977238144595,23404.624138302894,40048.560490849435,25194.686582422255,12692.070646201862,16639.60864834692,9329.042325939852,23142.808886677605,39749.739329130505,24962.119158849528,12588.276680447074,16405.99736448363,9190.11767431708,23332.3960459064,39878.27243154189,25167.200721649097,12735.446588395624,16524.730163386288,9326.218804510903,0.0,0.0,0.0,0.0,0.0,0.0,0.0,3.230905771255493,3.230926275253296,0.0,0.0,0.0,0.0,0.0,6.4618730545043945,3.230940103530884,0.0,0.0,0.0,0.0,0.0,0.0,0.0,0.0,0.0,0.0,0.0,12.92350721359253,3.2306509017944336,0.0,0.0,3.2317216396331787,0.0,3.230837345123291,0.0,0.0,0.0
"110,167",2500.56158782932,0.0,0.0,0.0,32.294697761535645,25.834758520126343,0.0,0.0,0.0,32.294697761535645,22.604792594909668,34162.31995705436,37068.30218737639,14982.400933653698,6476.036458760617,7738.382590828689,4355.267779908461,35356.06231529852,38142.94661378018,15349.33110595123,6667.999172205084,7912.774746952804,4500.601784787459,36477.30229700312,38536.93922253869,15428.623479267193,6693.82562326824,7951.309618316913,4487.680101475997,37609.34677468093,39517.767656629214,15599.438943924622,6739.032365316503,7924.027604459314,4523.202294431014,38274.34198191679,40113.95355187022,15754.028169475816,6828.465290264055,7949.863250850229,4503.825887999816,0.0,0.0,0.0,0.0,0.0,0.0,0.0,0.0,0.0,0.0,0.0,0.0,0.0,0.0,0.0,0.0,0.0,0.0,0.0,0.0,0.0,0.0,0.0,0.0,0.0,12.917669773101807,19.377027988433838,0.0,0.0,0.0,0.0,12.916179418563843,9.688613176345825,0.0,0.0,0.0,0.0
"111,167",2498.87067115001,0.0,3.2278857231140137,0.0,0.0,6.454874515533447,0.0,0.0,0.0,0.0,6.454874515533447,18783.954918496747,18562.414021104923,5859.395882025888,2393.605917223762,3343.3047499591225,4024.5687809149426,20060.46349132388,19450.43388512649,5969.4461515950225,2468.1646597123613,3502.631128666448,4137.510450140635,20472.763947796353,19521.87358703333,5889.8171830383,2445.9700750192005,3541.325813648748,4140.730384604136,21789.041340216467,20533.878320403193,6059.754950702892,2516.9543017228443,3625.221598980474,4198.810509459177,22926.38123666726,21442.769594158846,6249.633350353614,2587.529998991536,3684.099254466973,4218.167122618357,3.2278382778167725,0.0,0.0,0.0,0.0,0.0,3.2278382778167725,0.0,0.0,0.0,0.0,0.0,0.0,0.0,0.0,0.0,0.0,0.0,0.0,0.0,0.0,0.0,0.0,0.0,0.0,0.0,0.0,0.0,0.0,0.0,0.0,3.227067708969116,0.0,3.227806806564331,0.0,0.0,0.0
"112,167",2497.028547039931,0.0,0.0,0.0,0.0,0.0,0.0,0.0,0.0,0.0,0.0,2710.6933976379096,3614.6282087597187,1566.1849361223333,1006.9697796400856,1506.54066268229,2259.828219093061,2868.718419193754,3717.462069713368,1702.0008278061362,1148.5198385986628,1680.6914824607325,2385.5939373147253,3337.1471240585925,4728.175391415988,1930.9122159649344,1261.3851454529108,1880.642104065652,2485.5740276944402,3533.6456585641,5202.34035171247,2049.516234772813,1303.3049054416956,1935.1186525326148,2508.559562885995,3865.7440602648494,5714.674232993406,2315.375882958431,1433.111833785562,2129.8223977668613,2624.650058710809,0.0,0.0,0.0,0.0,0.0,0.0,0.0,0.0,0.0,0.0,0.0,0.0,0.0,0.0,0.0,0.0,0.0,0.0,0.0,0.0,0.0,0.0,0.0,0.0,0.0,0.0,0.0,0.0,0.0,0.0,0.0,0.0,0.0,0.0,0.0,0.0,0.0
"113,167",2494.9019928778225,0.0,0.0,0.0,0.0,0.0,0.0,0.0,0.0,0.0,0.0,5878.820398060481,11701.617910564646,3239.2235651165834,759.6229179027034,522.7065848247678,688.6785192171733,6620.110472566942,12418.36689509317,3315.8571375500924,771.7162701447805,522.7114189998777,669.3468370119731,8205.537004029517,14989.582902413724,3837.987616900837,871.6003975232443,582.848937405792,669.3445682207744,9109.916728191749,16937.854042705836,4417.441249229393,971.9954765899508,641.1981323756423,685.4522084871928,9816.18781687699,18434.08162378984,4962.463094087675,1110.547672854218,737.855526784822,695.1187011877696,0.0,0.0,0.0,0.0,0.0,0.0,0.0,0.0,0.0,0.0,0.0,0.0,0.0,0.0,0.0,0.0,0.0,0.0,0.0,0.0,0.0,0.0,0.0,0.0,0.0,0.0,0.0,0.0,0.0,0.0,0.0,0.0,0.0,0.0,0.0,0.0,0.0
"114,167",2492.8840616221128,0.0,0.0,0.0,0.0,0.0,0.0,0.0,0.0,0.0,0.0,32192.02180081162,7561.981301250644,1310.6946550995694,218.95536947250366,230.22121400552638,590.773168036517,33945.85703292734,7973.6802813352315,1381.5303506047117,238.27664995193481,223.37677469908022,568.2326027842129,35328.52973934716,8464.069733091426,1514.6200446923572,267.2584819793701,230.875955397475,558.5726766081417,36909.172126482044,8897.500912648555,1654.6614773797053,319.8437642097473,253.41772132574343,558.5732163878048,37564.55536355785,9310.304785368486,1772.3054586073931,341.17306553055255,279.1765659397724,571.8573176196977,0.0,0.0,0.0,0.0,0.0,0.0,0.0,0.0,0.0,0.0,0.0,0.0,0.0,0.0,0.0,0.0,0.0,0.0,0.0,0.0,0.0,0.0,0.0,0.0,0.0,0.0,0.0,0.0,0.0,0.0,0.0,0.0,0.0,0.0,0.0,0.0,0.0
"115,167",2490.592479509879,0.0,0.0,0.0,0.0,0.0,0.0,0.0,0.0,0.0,0.0,83883.69116922919,7755.427079823438,625.4701084754047,289.8118280616461,463.4677258332571,927.2736412478428,86536.3724506341,7843.004334076713,622.255179609972,302.67440502316344,460.2519133885702,927.2725111437778,87117.25264104675,7875.404740120383,625.4716260096607,299.459397241181,460.2519133885702,927.2736901236515,89529.84892769982,8004.041589285346,625.4728002211627,296.24351827771056,457.03604563077295,936.9200529051761,90041.50684606608,8040.123647196153,638.3350858351764,293.02772776753295,453.8204668362936,943.3524531317692,0.0,0.0,0.0,0.0,0.0,0.0,0.0,0.0,0.0,0.0,0.0,0.0,0.0,0.0,0.0,0.0,0.0,0.0,0.0,0.0,0.0,0.0,0.0,0.0,0.0,0.0,0.0,0.0,0.0,0.0,0.0,0.0,0.0,0.0,0.0,0.0,0.0
"116,167",2476.540233890746,0.0,0.0,0.0,0.0,0.0,0.0,0.0,0.0,0.0,0.0,22771.581762169855,28461.100220760643,19504.512174924213,8811.223172524395,7514.121883207209,7683.57838993914,23447.413081178478,29187.69431257528,19814.16124041875,8889.544111964282,7606.083490744759,7696.437596615623,24151.399849474663,29915.45284509004,20336.40790259978,9091.958146569308,7763.521867171456,7738.211133774589,24893.5816047416,30535.95045668845,20672.17118194524,9169.080126282748,7818.143848792244,7805.68799644358,25466.24319887722,31396.256029853634,21366.475608031888,9399.18127522749,7930.59017719381,7879.591353234123,0.0,0.0,0.0,0.0,0.0,0.0,0.0,0.0,0.0,0.0,0.0,0.0,0.0,0.0,0.0,0.0,0.0,0.0,0.0,0.0,0.0,0.0,0.0,0.0,0.0,0.0,0.0,0.0,0.0,0.0,0.0,0.0,0.0,0.0,0.0,0.0,0.0
"117,167",538.3538925643988,0.0,0.0,0.0,0.0,0.0,0.0,0.0,0.0,0.0,0.0,234.41167616844177,302.6785082050398,157.34406089782715,48.986366725435445,23.596654944326364,6.42170524597168,263.3112018108368,321.94557134590895,160.55547094345093,48.986366725435445,23.596654944326364,6.42170524597168,276.1559205055237,343.37914905267604,173.4008059501648,45.775259232988546,20.386045508291208,6.42170524597168,263.31027483940125,353.01217589097865,163.7668797969818,45.775259232988546,20.386045508291208,6.42170524597168,266.51991081237793,365.8569315405453,163.7672781944275,48.98655984448452,20.386045508291208,6.42170524597168,0.0,0.0,0.0,0.0,0.0,0.0,0.0,0.0,0.0,0.0,0.0,0.0,0.0,0.0,0.0,0.0,0.0,0.0,0.0,0.0,0.0,0.0,0.0,0.0,0.0,0.0,0.0,0.0,0.0,0.0,0.0,0.0,0.0,0.0,0.0,0.0,0.0
"119,167",627.8446103280935,0.0,0.0,0.0,0.0,0.0,0.0,0.0,0.0,0.0,0.0,107.36909397910624,153.59943675153397,22.404049396514893,9.60162091255188,6.401052474975586,0.0,123.37961252997904,156.79888533704423,25.60460376739502,12.802189350128174,6.401052474975586,0.0,125.00893684462005,153.59339975469254,25.60460376739502,12.802189350128174,6.401052474975586,0.0,121.80119987562591,150.50726065916174,25.60460376739502,16.002645254135132,6.401052474975586,0.0,153.8200854881137,156.50691390785516,22.404035329818726,16.002645254135132,6.401052474975586,0.0,0.0,0.0,0.0,0.0,0.0,0.0,0.0,0.0,0.0,0.0,0.0,0.0,0.0,0.0,0.0,0.0,0.0,0.0,0.0,0.0,0.0,0.0,0.0,0.0,0.0,0.0,0.0,0.0,0.0,0.0,0.0,0.0,0.0,0.0,0.0,0.0,0.0
"120,167",2063.7306957023716,0.0,0.0,0.0,0.0,0.0,0.0,0.0,0.0,0.0,0.0,13892.983526823567,21070.270998897737,12291.407856793498,4121.027884981679,2289.2064045859315,380.44011425971985,14059.17311289731,21214.397670969305,12322.4003438613,4192.23817392424,2333.330405469034,390.0298316478729,14208.251554519988,21451.516596326637,12408.32537728104,4195.430671654495,2349.3171007586457,377.2414982318878,14240.232221157408,21502.0234547213,12438.068335712658,4211.4184836967315,2326.9338772250153,370.84796833992004,14180.391640405092,21559.896138525943,12359.587127425624,4217.819672547134,2317.3404920054413,377.2415728569031,0.0,0.0,0.0,0.0,0.0,0.0,0.0,0.0,0.0,0.0,0.0,0.0,0.0,0.0,0.0,0.0,0.0,0.0,0.0,0.0,0.0,0.0,0.0,0.0,0.0,0.0,0.0,0.0,0.0,0.0,0.0,0.0,0.0,0.0,0.0,0.0,0.0
"121,167",2032.5949543786105,0.0,0.0,0.0,0.0,0.0,0.0,0.0,0.0,0.0,0.0,30944.995336974836,11940.260556422028,3157.634711072024,867.9075904790093,876.790045634438,370.71892833709717,31298.78621229658,12070.847178022534,3180.0029547663294,874.3023124638726,892.7704318916096,386.6986925601959,31645.090335175573,12192.289478342205,3205.565691754397,890.2791973057915,889.5737747108235,370.71910762786865,31594.01747623519,12192.277462999493,3205.5655281992517,893.4734571877648,902.3573998367085,377.11033391952515,30647.13841739356,12112.307635081048,3205.560976073321,893.4728382531334,911.9460867797627,377.111341714859,0.0,0.0,0.0,0.0,0.0,0.0,0.0,0.0,0.0,0.0,0.0,0.0,0.0,0.0,0.0,0.0,0.0,0.0,0.0,0.0,0.0,0.0,0.0,0.0,0.0,0.0,0.0,0.0,0.0,0.0,0.0,0.0,0.0,0.0,0.0,0.0,0.0
"86,168",2190.7854624794186,0.0,0.0,0.0,0.0,0.0,0.0,0.0,0.0,0.0,0.0,20715.168547055306,2571.717808153115,352.99173880932375,99.88388013839722,67.65061140060425,51.544156551361084,23197.577811540345,2983.1295804220085,394.8727319371466,106.32603240013123,74.09241914749146,57.987358808517456,27276.829864860043,3565.4970777259155,459.3123760354285,106.32603240013123,86.9791190624237,57.987358808517456,30471.56907475415,3859.157150361117,517.2965676915412,106.31693935394287,96.6413106918335,57.987358808517456,31801.028350978733,4052.8722994738937,568.8345842492347,128.8620321750641,130.0109446693869,54.76487374305725,0.0,0.0,0.0,0.0,0.0,0.0,0.0,0.0,0.0,0.0,0.0,0.0,0.0,0.0,0.0,0.0,0.0,0.0,0.0,0.0,0.0,0.0,0.0,0.0,0.0,0.0,0.0,0.0,0.0,0.0,0.0,0.0,0.0,0.0,0.0,0.0,0.0
"87,168",2497.154461448383,0.0,0.0,0.0,0.0,0.0,0.0,0.0,0.0,0.0,0.0,31166.109697061427,13470.067985367306,2560.335331965428,622.3783030509949,285.3853985543344,154.78627848625183,35030.162025152466,14887.791227736192,2669.977366257649,662.5092469991422,301.51068465662934,151.56203699111938,37934.744454270716,16241.251452325372,3263.3277082929426,952.7383281530118,511.12185542536713,212.83601212501526,41243.6588875649,17019.33680049859,3392.3197887430006,1036.5834247411467,578.8478268857095,228.96130108833313,41897.458384296944,17313.92099761589,3492.277916480046,1109.3212776184082,603.0237335681916,241.86115884780884,0.0,0.0,0.0,0.0,0.0,0.0,0.0,0.0,0.0,0.0,0.0,0.0,0.0,0.0,0.0,0.0,0.0,0.0,0.0,0.0,0.0,0.0,0.0,0.0,0.0,0.0,0.0,0.0,0.0,0.0,0.0,0.0,0.0,0.0,0.0,0.0,0.0
"88,168",2498.9969228403997,0.0,0.0,0.0,0.0,0.0,0.0,0.0,0.0,0.0,0.0,11330.019887048122,1406.303391386481,109.71855688095093,51.62730813026428,6.45286750793457,0.0,13558.884304000816,1894.8070119642744,145.21346616744995,63.08994200650383,6.45286750793457,0.0,15645.252151004006,2408.2948106831195,148.4374532699585,63.089038876926196,9.678542852401733,0.0,18230.26134990804,2914.9499267643573,164.5701801776886,79.22416665974785,9.678542852401733,0.0,20749.576959126603,3468.830671403922,193.61429524421692,90.35024523735046,9.678542852401733,0.0,0.0,0.0,0.0,0.0,0.0,0.0,0.0,0.0,0.0,0.0,0.0,0.0,0.0,0.0,0.0,0.0,0.0,0.0,0.0,0.0,0.0,0.0,0.0,0.0,0.0,0.0,0.0,0.0,0.0,0.0,0.0,0.0,0.0,0.0,0.0,0.0,0.0
"89,168",2500.688154864952,0.0,0.0,0.0,0.0,0.0,0.0,0.0,0.0,0.0,0.0,9574.001680123572,213.0993428772571,45.20228695869446,25.82997155189514,3.228649616241455,0.0,10048.624784659405,227.62848343755684,45.20231771469116,19.37216329574585,3.228649616241455,0.0,9507.796604795081,221.1712676515766,38.744858741760254,19.37216329574585,0.0,0.0,8683.194875239391,192.1093930235096,35.516018867492676,3.228740930557251,0.0,0.0,9979.639441539726,280.89412919399786,29.058521509170532,0.0,0.0,0.0,0.0,0.0,0.0,0.0,0.0,0.0,0.0,0.0,0.0,0.0,0.0,0.0,0.0,0.0,0.0,0.0,0.0,0.0,0.0,0.0,0.0,0.0,0.0,0.0,0.0,0.0,0.0,0.0,0.0,0.0,0.0,0.0,0.0,0.0,0.0,0.0,0.0
"90,168",2502.2275586335636,0.0,0.0,0.0,0.0,0.0,0.0,0.0,0.0,0.0,0.0,11483.369936690613,138.9520285129547,16.156371355056763,3.2312676906585693,0.0,0.0,9245.42567853086,174.50410795211792,19.387638807296753,3.2312676906585693,0.0,0.0,7695.779806655996,151.16155304908753,16.156384468078613,0.0,0.0,0.0,7183.351000449236,160.8553394317627,29.08148169517517,0.0,0.0,0.0,8051.826222212173,204.0646128355288,35.54406380653381,0.0,0.0,0.0,0.0,0.0,0.0,0.0,0.0,0.0,0.0,0.0,0.0,0.0,0.0,0.0,0.0,0.0,0.0,0.0,0.0,0.0,0.0,0.0,0.0,0.0,0.0,0.0,0.0,0.0,0.0,0.0,0.0,0.0,0.0,0.0,0.0,0.0,0.0,0.0,0.0
"91,168",2503.61458812536,0.0,0.0,0.0,0.0,0.0,0.0,0.0,0.0,0.0,0.0,71094.08040471075,1917.6458001716464,332.5059102563297,113.15488243103027,27.44984087757036,4.4378575109968,80466.15608573052,2486.231282924203,353.52010751518543,113.15608191490173,37.14982995799944,4.4378575109968,90716.84506324319,3341.6271002152384,385.8578322008544,116.38924646377563,46.84983668140337,7.67107546563242,96661.44738517272,4602.776271692912,456.9867630079681,135.7887032032013,50.083195779837816,23.837689044428807,103353.20877549508,5555.455433696859,466.68931198868097,135.79166054725647,59.782738779105394,27.07090103859995,0.0,0.0,0.0,0.0,0.0,0.0,0.0,0.0,0.0,0.0,0.0,0.0,0.0,0.0,0.0,0.0,0.0,0.0,0.0,0.0,0.0,0.0,0.0,0.0,0.0,0.0,0.0,0.0,0.0,0.0,0.0,0.0,0.0,0.0,0.0,0.0,0.0
"92,168",2504.8487506335396,0.0,0.0,6.470116138458252,0.0,6.469693660736084,0.0,0.0,3.2350504398345947,0.0,6.469693660736084,79831.70299259727,10269.728445874944,1656.235754216886,180.3069428322362,51.74962401390076,45.2803316116333,82693.72602483525,10616.423127924229,1720.9228179108864,180.3073042748021,61.45163083076477,61.45272254943848,84829.53862204177,11145.637241318647,1750.0285255563026,190.01030887341966,71.15337491035461,77.6223886013031,86592.07327387566,11651.026858347539,1827.6529640805488,209.41564620709886,77.62263631820679,103.49530410766602,88795.4828542326,12330.562924573936,1911.7383839738136,212.64819515920152,87.32514238357544,97.02643489837646,0.0,3.2349131107330322,0.0,0.0,0.0,0.0,3.2349131107330322,0.0,0.0,0.0,0.0,0.0,0.0,0.0,0.0,0.0,0.0,0.0,0.0,3.2350504398345947,0.0,0.0,0.0,0.0,0.0,0.0,0.0,0.0,0.0,0.0,0.0,6.469693660736084,0.0,0.0,0.0,0.0,0.0
"93,168",2505.929607170489,0.0,0.0,3.235349178314209,3.235466241836548,3.235339403152466,0.0,0.0,3.235349178314209,3.235466241836548,3.235339403152466,55294.380161346184,40828.49726257418,6933.501147727405,1228.26219180425,750.3206218420291,310.675687789917,57013.91902982487,41706.33559352557,6965.847687463199,1221.7890279610951,730.9035376249576,317.14823174476624,57453.63122761015,41667.46148759524,6868.748679856692,1163.5369375069936,692.070066803577,304.20535469055176,58044.65622246031,41912.48730363192,6871.970234612857,1137.2911979245205,682.0054118539773,307.44161558151245,59090.56993177732,42048.339022405475,6729.572864512836,1108.1635376500149,672.2959480192147,313.91417694091797,0.0,0.0,0.0,0.0,0.0,0.0,0.0,0.0,0.0,0.0,0.0,0.0,0.0,0.0,0.0,0.0,0.0,0.0,0.0,0.0,3.235349178314209,0.0,0.0,0.0,0.0,0.0,3.235466241836548,0.0,0.0,0.0,0.0,3.235339403152466,0.0,0.0,0.0,0.0,0.0
"94,168",2506.856772827396,0.0,0.0,0.0,3.2368836402893066,0.0,0.0,0.0,0.0,3.2368836402893066,0.0,68472.9907974318,17243.165420896865,2621.9604354521807,267.23656295421074,164.73252141148436,25.896116018295288,71092.26926322919,17774.894242405426,2660.793749251085,280.18559120776604,151.78614008099424,22.65968132019043,72619.14625883476,17624.83976614148,2603.726977153853,270.47549770953606,142.07710420758116,16.186243295669556,73577.2926024493,17825.176681080982,2616.6644807722055,267.5949243208941,139.19594621658325,19.42343235015869,74721.09212050063,17871.621386600003,2636.0970266725503,277.306700815874,142.435138463974,25.897799253463745,0.0,0.0,0.0,0.0,0.0,0.0,0.0,0.0,0.0,0.0,0.0,0.0,0.0,0.0,0.0,0.0,0.0,0.0,0.0,0.0,0.0,0.0,0.0,0.0,0.0,0.0,3.2368836402893066,0.0,0.0,0.0,0.0,0.0,0.0,0.0,0.0,0.0,0.0
"95,168",2507.629917091724,0.0,0.0,53.405417757408294,21.03942035600251,48.56736159324646,0.0,0.0,22.663865566253662,21.03942035600251,48.56736159324646,13477.914062075522,9283.492364605736,1036.2811563061732,165.1413094997406,35.62036108970642,6.476562023162842,14995.535435185713,10375.019115907071,1198.1826849030513,220.18960118293762,48.57311272621155,6.476562023162842,17135.547029225032,11448.86075580354,1393.6747129758198,265.52406454086304,61.525739431381226,6.476452589035034,19072.699046990452,12939.562445682639,1558.8166986306508,284.95093989372253,68.0018150806427,12.95319938659668,20854.604603315805,14390.975699550032,1698.054289182027,330.2824356555939,64.76367449760437,16.19157123565674,0.0,0.0,0.0,0.0,0.0,0.0,0.0,0.0,0.0,0.0,0.0,0.0,0.0,0.0,0.0,0.0,0.0,0.0,0.0,12.950408220291138,6.475188732147217,0.0,3.2382686138153076,0.0,0.0,6.475181579589844,14.564238776412665,0.0,0.0,0.0,0.0,16.18908143043518,29.14007806777954,3.2382020950317383,0.0,0.0,0.0
"96,168",2508.248764118866,0.0,0.0,0.0,0.0,0.0,0.0,0.0,0.0,0.0,0.0,8486.759378150866,5917.461070479599,954.3558208493625,178.11691363839543,145.74107098579407,68.01558589935303,8881.162956719305,6106.925713430666,1032.5044849582746,198.7546723094641,171.65010833740234,84.20874238014221,9698.421578063217,6224.614739190831,1064.902950558008,227.915463625216,194.32199001312256,97.16356062889099,11098.25633951636,6759.388122790468,1192.0091812722821,244.1087533819909,210.5148000717163,152.22310543060303,12418.031571870692,7170.716613657335,1261.6450155529321,208.4828354704614,223.46895098686218,174.8951313495636,0.0,0.0,0.0,0.0,0.0,0.0,0.0,0.0,0.0,0.0,0.0,0.0,0.0,0.0,0.0,0.0,0.0,0.0,0.0,0.0,0.0,0.0,0.0,0.0,0.0,0.0,0.0,0.0,0.0,0.0,0.0,0.0,0.0,0.0,0.0,0.0,0.0
"97,168",2508.713092959522,0.0,0.0,0.0,0.0,0.0,0.0,0.0,0.0,0.0,0.0,9455.638092506631,4082.035666374132,246.18146667012982,16.196308374404907,19.435863733291626,22.67453408241272,10274.748054371628,4639.128342862223,262.3780499411564,24.288562057532516,19.435863733291626,22.67453408241272,10978.956691741943,5054.9034617171565,291.5327349616032,30.767382858313766,22.675408363342285,22.67453408241272,11941.414407882503,5437.131310655556,307.72901067266275,37.24618053249284,16.196701049804688,19.435306072235107,12530.389143157472,5689.359550743477,385.47354278096964,40.485525844611374,29.15401291847229,25.913753509521484,0.0,0.0,0.0,0.0,0.0,0.0,0.0,0.0,0.0,0.0,0.0,0.0,0.0,0.0,0.0,0.0,0.0,0.0,0.0,0.0,0.0,0.0,0.0,0.0,0.0,0.0,0.0,0.0,0.0,0.0,0.0,0.0,0.0,0.0,0.0,0.0,0.0
"98,168",2509.022737741872,0.0,0.0,0.0,0.0,0.0,0.0,0.0,0.0,0.0,0.0,8448.342761064043,4917.927984358283,288.345662355423,71.27686047554016,64.79739332199097,32.39871096611023,10179.055280577903,6433.3651572620165,323.9843547344208,61.55727505683899,64.79739332199097,32.39871096611023,11136.328189585254,7155.106535165451,359.62309527397156,61.55741238594055,71.27707648277283,29.15882110595703,11812.6076694582,7587.20254223674,362.86322355270386,61.55733370780945,68.03721022605896,22.6790452003479,11931.337977555218,7836.626871039821,393.6361778549119,64.79713439941406,80.9967257976532,25.9189350605011,0.0,0.0,0.0,0.0,0.0,0.0,0.0,0.0,0.0,0.0,0.0,0.0,0.0,0.0,0.0,0.0,0.0,0.0,0.0,0.0,0.0,0.0,0.0,0.0,0.0,0.0,0.0,0.0,0.0,0.0,0.0,0.0,0.0,0.0,0.0,0.0,0.0
"99,168",2509.1775878088497,0.0,0.0,0.0,0.0,0.0,0.0,0.0,0.0,0.0,0.0,22220.213536862768,13457.730515538946,562.1256992676679,64.79899382591248,45.359288454055786,12.959917068481445,23530.110180729513,14334.794371991065,578.3253867485944,64.79902386665344,35.639424324035645,12.959917068481445,25186.07931468627,15768.219101929197,630.1644923546735,64.79900741577148,38.87941384315491,9.719929218292236,26461.156477092292,16830.6010361045,628.5510942935944,61.55906844139099,29.159616231918335,6.479940891265869,29519.83704478881,19435.69910467466,771.1088683605194,61.55913472175598,32.39952492713928,6.479940891265869,0.0,0.0,0.0,0.0,0.0,0.0,0.0,0.0,0.0,0.0,0.0,0.0,0.0,0.0,0.0,0.0,0.0,0.0,0.0,0.0,0.0,0.0,0.0,0.0,0.0,0.0,0.0,0.0,0.0,0.0,0.0,0.0,0.0,0.0,0.0,0.0,0.0
"100,168",2509.177587808847,0.0,0.0,0.0,0.0,0.0,0.0,0.0,0.0,0.0,0.0,10610.63075598642,9356.105230453903,394.8299558022443,141.73151263068704,148.21129806368958,32.39949059486389,11491.320291585549,10166.862713014378,423.98978312810266,144.9714337236741,148.21128495066773,29.15957021713257,13577.532628011704,12245.53916423461,472.5891853173574,137.2845375584621,142.93847852594712,32.39956450462341,15073.295109005538,13887.061148013321,528.4944490217695,137.2845547245998,136.45855623133042,25.919620752334595,18143.852201036378,16796.96574119119,645.1328936838636,147.00441503992266,141.7313399548624,25.919620752334595,0.0,0.0,0.0,0.0,0.0,0.0,0.0,0.0,0.0,0.0,0.0,0.0,0.0,0.0,0.0,0.0,0.0,0.0,0.0,0.0,0.0,0.0,0.0,0.0,0.0,0.0,0.0,0.0,0.0,0.0,0.0,0.0,0.0,0.0,0.0,0.0,0.0
"101,168",2509.022737741871,0.0,0.0,0.0,0.0,0.0,0.0,0.0,0.0,0.0,0.0,4763.535595663856,1209.6457439422609,71.27635192871094,55.07694745063782,93.95493721961975,19.438714027404785,5517.834586081785,1357.2141104221346,74.51614260673523,51.837114334106445,84.23560881614685,16.198974132537842,6685.094089109756,1503.5106192598157,68.03660559654236,38.877830266952515,71.27619004249573,12.959173440933228,7824.626680450813,1705.8143443846236,64.79651737213135,6.479682683944702,25.91864800453186,3.2398340702056885,10067.778108137729,2522.553844702478,92.3281273580065,0.0,19.43891453742981,3.2398340702056885,0.0,0.0,0.0,0.0,0.0,0.0,0.0,0.0,0.0,0.0,0.0,0.0,0.0,0.0,0.0,0.0,0.0,0.0,0.0,0.0,0.0,0.0,0.0,0.0,0.0,0.0,0.0,0.0,0.0,0.0,0.0,0.0,0.0,0.0,0.0,0.0,0.0
"102,168",2508.713092959453,0.0,0.0,0.0,0.0,0.0,0.0,0.0,0.0,0.0,0.0,19538.24241262324,14134.739655100131,3923.74539123049,1997.7788944842769,2020.0121469572478,258.3179914998073,22077.938392920587,16129.183791689778,4186.422882008085,2050.8141992410024,2022.0442539785422,251.83934855928607,23930.494136617697,17530.086403594298,4280.3480693630145,2028.1380031426747,1920.4179531387254,235.64275837412066,26936.37346998009,18993.607238304852,4056.0272266331845,1826.503047687867,1664.5152598670884,203.24958706369586,29085.5473680945,20313.44664721676,3992.452880946328,1813.9296342400944,1599.731812839882,182.6069450378418,0.0,0.0,0.0,0.0,0.0,0.0,0.0,0.0,0.0,0.0,0.0,0.0,0.0,0.0,0.0,0.0,0.0,0.0,0.0,0.0,0.0,0.0,0.0,0.0,0.0,0.0,0.0,0.0,0.0,0.0,0.0,0.0,0.0,0.0,0.0,0.0,0.0
"103,168",2508.2487641188977,0.0,0.0,0.0,0.0,0.0,0.0,0.0,0.0,0.0,0.0,40778.50244676646,11148.163219321943,771.9189166302775,402.8265784020517,299.19240825316484,84.21492290496826,44674.3762889058,12230.463895362966,887.8024506110771,425.4987573857401,302.4313380017,77.73681426048279,48459.03508661402,13138.147240297467,940.8305788984486,431.9760608906839,308.90989964148577,84.21491408348083,52324.03595619295,14328.261855976254,1067.145050381679,454.6477442021463,321.86548226019914,87.45399475097656,55254.325380762886,15521.420773508034,1148.1157799711414,451.4086337323282,318.6257728829103,80.97587943077087,0.0,0.0,0.0,0.0,0.0,0.0,0.0,0.0,0.0,0.0,0.0,0.0,0.0,0.0,0.0,0.0,0.0,0.0,0.0,0.0,0.0,0.0,0.0,0.0,0.0,0.0,0.0,0.0,0.0,0.0,0.0,0.0,0.0,0.0,0.0,0.0,0.0
"104,168",2507.6299170916827,0.0,0.0,0.0,0.0,0.0,0.0,0.0,0.0,0.0,0.0,17085.13396975854,2139.756069014119,274.6999065623564,140.86179372843574,51.81338930130005,6.475040435791016,18435.031729431714,2282.2361760831345,271.4616944537443,144.10007021006416,51.81324529647827,6.475040435791016,19485.639225564286,2372.903840849446,271.46145651200237,153.81496116694282,51.81324529647827,6.475040435791016,20049.360192634547,2497.9198225376654,277.93801114418926,148.96373009681702,55.051509618759155,6.475040435791016,20916.967554601037,2575.629309260611,271.4609875426573,148.9635419845581,61.526596784591675,9.712585687637329,0.0,0.0,0.0,0.0,0.0,0.0,0.0,0.0,0.0,0.0,0.0,0.0,0.0,0.0,0.0,0.0,0.0,0.0,0.0,0.0,0.0,0.0,0.0,0.0,0.0,0.0,0.0,0.0,0.0,0.0,0.0,0.0,0.0,0.0,0.0,0.0,0.0
"105,168",2506.856772827392,0.0,0.0,0.0,0.0,0.0,0.0,0.0,0.0,0.0,0.0,15642.778799147702,397.5770475995307,71.21889877319336,16.186402082443237,58.26921057701111,145.67539358139038,15998.868919537113,397.57787681934883,74.45639085769653,16.186402082443237,55.03203082084656,139.20090103149414,16854.532069108063,389.4767027864269,71.21948790550232,16.186402082443237,51.795045375823975,142.43834924697876,18726.56772927303,502.7848385343365,80.93221116065979,25.89857006072998,55.03228187561035,155.3877739906311,20395.200724352107,609.6120303640179,110.06596994400024,25.89857006072998,55.03228187561035,158.62521123886108,0.0,0.0,0.0,0.0,0.0,0.0,0.0,0.0,0.0,0.0,0.0,0.0,0.0,0.0,0.0,0.0,0.0,0.0,0.0,0.0,0.0,0.0,0.0,0.0,0.0,0.0,0.0,0.0,0.0,0.0,0.0,0.0,0.0,0.0,0.0,0.0,0.0
"106,168",2467.938764310526,0.0,0.0,0.0,0.0,0.0,0.0,0.0,0.0,0.0,0.0,45110.72964434717,3570.8070912987578,433.6187014579773,152.09267282485962,126.20601058006287,35.597068786621094,48405.3457453064,3955.072713320863,482.1597285270691,168.2730770111084,145.62308859825134,35.597068786621094,50499.464193958396,4346.628891652239,501.57652401924133,181.21798944473267,165.0404303073883,35.597068786621094,52503.519756797716,4592.547169154299,495.10487174987793,181.21798944473267,174.74884486198425,35.597068786621094,55065.62164227355,4785.3808449072,540.4089291095734,184.45374417304993,187.6934950351715,35.597068786621094,0.0,0.0,0.0,0.0,0.0,0.0,0.0,0.0,0.0,0.0,0.0,0.0,0.0,0.0,0.0,0.0,0.0,0.0,0.0,0.0,0.0,0.0,0.0,0.0,0.0,0.0,0.0,0.0,0.0,0.0,0.0,0.0,0.0,0.0,0.0,0.0,0.0
"107,168",2504.8487506335464,0.0,0.0,0.0,0.0,0.0,0.0,0.0,0.0,0.0,0.0,128110.50216372526,19940.365325531304,1080.986146668827,135.8292315006256,129.35737705230713,38.80887413024902,129274.31467585471,20365.250858995027,1093.9222001833075,132.5955286026001,129.35838174819946,38.80887413024902,129620.69343535948,20499.46414141281,1110.0938427251929,129.36190581321716,126.12471294403076,38.80887413024902,130411.9226685122,20725.85534277804,1106.861662606632,132.59681963920593,119.65671801567078,38.80887413024902,132263.7633405405,21107.18442834499,1145.673318604862,132.5979278087616,116.42302083969116,42.04358792304993,0.0,0.0,0.0,0.0,0.0,0.0,0.0,0.0,0.0,0.0,0.0,0.0,0.0,0.0,0.0,0.0,0.0,0.0,0.0,0.0,0.0,0.0,0.0,0.0,0.0,0.0,0.0,0.0,0.0,0.0,0.0,0.0,0.0,0.0,0.0,0.0,0.0
"108,168",2503.6145881253456,0.0,0.0,0.0,0.0,0.0,0.0,0.0,0.0,0.0,0.0,33598.88575002353,28380.445907534806,5265.725584485484,1088.0708990863727,980.6243054586298,623.8385446071625,36462.60848592496,30492.77693803825,5604.881986278647,1149.483230190651,993.5539371686823,633.5356640815735,38097.57331366166,31475.556532130522,5633.498300383138,1125.246241238538,1009.7167708593256,636.7678425312042,39713.17235514791,32754.465913734257,5833.016171478758,1157.5655552415287,1019.4130139070398,630.3027901649475,41779.81810823141,34781.96997167924,6172.417932056914,1261.0049535302555,1048.5058717447168,630.3027231693268,0.0,0.0,0.0,0.0,0.0,0.0,0.0,0.0,0.0,0.0,0.0,0.0,0.0,0.0,0.0,0.0,0.0,0.0,0.0,0.0,0.0,0.0,0.0,0.0,0.0,0.0,0.0,0.0,0.0,0.0,0.0,0.0,0.0,0.0,0.0,0.0,0.0
"109,168",2502.22755863352,0.0,0.0,0.0,3.230455160140991,3.2312979698181152,0.0,0.0,0.0,3.230455160140991,3.2312979698181152,49129.48694762717,54126.04037388166,10605.668417984833,1648.003172573389,1142.9782837914486,620.9680862249113,50616.96256474141,56160.76101015129,11028.782171440123,1710.9988101257998,1181.7473579930324,653.2708003343321,49781.541190394244,54783.36212811751,10706.147254921409,1699.2908933330984,1191.1989363417906,653.2710966886259,50269.70284020762,55149.86326709822,10820.124913406373,1741.2974131275625,1218.0079031261744,651.8257027644737,50555.64961869671,55689.62228171124,10778.146624191133,1721.911095159194,1195.394657162124,642.1334885139091,0.0,0.0,0.0,0.0,0.0,0.0,0.0,0.0,0.0,0.0,0.0,0.0,0.0,0.0,0.0,0.0,0.0,0.0,0.0,0.0,0.0,0.0,0.0,0.0,0.0,0.0,0.0,3.230455160140991,0.0,0.0,0.0,3.2312979698181152,0.0,0.0,0.0,0.0,0.0
"110,168",2500.688154865023,35.518189907073975,0.0,0.0,3.228851318359375,9.686667442321777,35.518189907073975,0.0,0.0,3.228851318359375,9.686667442321777,49951.50051552456,51033.07030119147,18347.33122509601,6075.7707457420875,5705.414380421358,3380.415935171352,50777.70343166894,51168.642119979864,18341.323083005234,6037.032340217104,5648.380882044399,3393.3436583406788,49361.89768262471,48805.37281739011,17461.522394864704,5754.489455681221,5456.4898592182235,3357.8307491667133,50571.07005220676,49868.66250592026,17831.22527250122,5830.381121995402,5464.389648648804,3391.5446126367533,51250.64574779903,50340.267251883306,18017.905268258677,5859.438173892451,5466.541917863546,3406.6250134318484,0.0,0.0,0.0,0.0,0.0,0.0,0.0,19.374089002609253,12.915001153945923,3.229099750518799,0.0,0.0,0.0,0.0,0.0,0.0,0.0,0.0,0.0,0.0,0.0,0.0,0.0,0.0,0.0,3.228851318359375,0.0,0.0,0.0,0.0,0.0,6.457770824432373,3.2288966178894043,0.0,0.0,0.0,0.0
"111,168",2498.9969228403847,3.226698160171509,0.0,9.68305492401123,6.454847812652588,16.13711905479431,0.0,0.0,9.68305492401123,6.454847812652588,16.13711905479431,20794.935214787838,15992.793125766866,5745.366650270014,2912.9028184657004,3430.787286263821,2620.90707487312,21551.37365959953,16822.793781770444,6071.5827476903505,3060.407674992318,3611.5050640760683,2719.2961932780695,21680.224819245996,17333.579682211785,6289.842147562551,3188.5370837398605,3681.203641472611,2770.906019366021,23036.125782356077,18523.2816704161,6860.96286556487,3376.0012352737726,3929.6113660915225,2851.5587209823084,23904.74812435543,19684.61234477828,7267.606897951575,3569.574880150253,4081.842341732511,2904.2432408295426,0.0,0.0,0.0,0.0,0.0,0.0,0.0,0.0,0.0,0.0,0.0,0.0,0.0,0.0,0.0,0.0,0.0,0.0,0.0,9.68305492401123,0.0,0.0,0.0,0.0,0.0,6.454847812652588,0.0,0.0,0.0,0.0,0.0,16.13711905479431,0.0,0.0,0.0,0.0,0.0
"112,168",2497.154461448413,0.0,0.0,0.0,0.0,0.0,0.0,0.0,0.0,0.0,0.0,5572.851584111943,3744.8117704419533,1562.7712768919328,710.9393539007973,903.1788539577933,1076.3176941207812,5823.991696469924,4113.650987261417,1736.56775858823,748.9405888445237,934.7316669725903,1098.895260744469,6312.0548040548965,4668.720048986697,1969.8414073719698,848.2086251716987,1027.9179573358274,1147.2669100097582,6870.840646826988,5384.655941540586,2092.353549553366,902.6820048706204,1079.5173909963346,1189.1944469741748,7254.101375424629,6096.790937567692,2367.6619369880827,983.2941133396298,1240.3976611137389,1224.6676866344378,0.0,0.0,0.0,0.0,0.0,0.0,0.0,0.0,0.0,0.0,0.0,0.0,0.0,0.0,0.0,0.0,0.0,0.0,0.0,0.0,0.0,0.0,0.0,0.0,0.0,0.0,0.0,0.0,0.0,0.0,0.0,0.0,0.0,0.0,0.0,0.0,0.0
"113,168",2495.0275396564944,0.0,0.0,0.0,0.0,0.0,0.0,0.0,0.0,0.0,0.0,3029.4499646701065,4150.22479021596,1243.0604641951768,549.3637201365302,538.5326365770078,336.32056201205535,2982.265100116356,4095.8192262565385,1259.1463816680161,501.8439973896625,522.4190518201566,316.9949621032266,2983.8848879122265,4133.729328959596,1301.020584157869,469.6229645317676,519.19982975137,313.7781483005075,3027.376097389296,4169.58682848145,1303.042700519749,467.6013345250896,522.4141520799375,323.442537910798,3257.2922871720557,4458.882322724661,1404.4579696169087,486.93319101427113,544.9706711114621,329.88719189868254,0.0,0.0,0.0,0.0,0.0,0.0,0.0,0.0,0.0,0.0,0.0,0.0,0.0,0.0,0.0,0.0,0.0,0.0,0.0,0.0,0.0,0.0,0.0,0.0,0.0,0.0,0.0,0.0,0.0,0.0,0.0,0.0,0.0,0.0,0.0,0.0,0.0
"114,168",2493.009241858432,0.0,0.0,0.0,0.0,0.0,0.0,0.0,0.0,0.0,0.0,16783.98855695818,6586.486216284247,1769.2556307839413,492.6039400100708,481.28204212188723,1053.1874103798586,16919.261513837177,6534.79659355949,1708.0927584694882,476.50837659835815,468.401837682724,982.3568623318392,17307.323044866673,6740.253991721659,1735.2817380811655,476.5088415145874,465.18316731452944,969.4761283650118,17698.33428266095,7140.655921771481,1923.2524027039024,547.3459169864655,503.82005343437197,1008.1105618729312,18914.179841960646,7776.29203045602,2182.4410225868223,654.8002504694696,581.0957113265991,1027.430236603232,0.0,0.0,0.0,0.0,0.0,0.0,0.0,0.0,0.0,0.0,0.0,0.0,0.0,0.0,0.0,0.0,0.0,0.0,0.0,0.0,0.0,0.0,0.0,0.0,0.0,0.0,0.0,0.0,0.0,0.0,0.0,0.0,0.0,0.0,0.0,0.0,0.0
"115,168",2490.717267256375,0.0,0.0,0.0,0.0,0.0,0.0,0.0,0.0,0.0,0.0,94732.59425648335,14496.516383330025,699.8104549464058,239.58319151541764,270.1610686975367,378.0956421478122,96465.66505501038,14809.813485131543,722.3183265742134,236.363862396689,279.8058209615595,358.791205702576,96924.29595970547,14801.859422335905,720.8807938828188,236.363862396689,279.8041784959681,355.57382422522005,98606.26630645547,14977.814552560505,720.8780120148379,226.7149866833406,254.07713677462408,355.57382422522005,100475.97694738238,15264.950649907543,759.4723022713381,226.71633398673112,266.9428167539484,355.57382422522005,0.0,0.0,0.0,0.0,0.0,0.0,0.0,0.0,0.0,0.0,0.0,0.0,0.0,0.0,0.0,0.0,0.0,0.0,0.0,0.0,0.0,0.0,0.0,0.0,0.0,0.0,0.0,0.0,0.0,0.0,0.0,0.0,0.0,0.0,0.0,0.0,0.0
"116,168",2172.674624223571,0.0,0.0,0.0,0.0,0.0,0.0,0.0,0.0,0.0,0.0,24794.5700404588,27829.466488196802,17917.636127136266,9533.80378947819,9641.962416419796,3849.525564923006,25764.551904228625,28842.46889312407,18520.558596434308,9937.49192445699,9951.651074157042,3971.6391251227437,26273.54432122381,29533.854984721012,18894.931416165593,10172.077446631825,10160.529710994047,4071.2582726618825,26783.808676275556,29940.0137540677,19119.85874809003,10242.766946963704,10247.292651877684,4093.7543594977437,27172.78150808952,30261.212847241233,19356.798972793655,10366.060557227976,10382.255264983458,4125.884737982469,0.0,0.0,0.0,0.0,0.0,0.0,0.0,0.0,0.0,0.0,0.0,0.0,0.0,0.0,0.0,0.0,0.0,0.0,0.0,0.0,0.0,0.0,0.0,0.0,0.0,0.0,0.0,0.0,0.0,0.0,0.0,0.0,0.0,0.0,0.0,0.0,0.0
"117,168",150.8958275881362,0.0,0.0,0.0,0.0,0.0,0.0,0.0,0.0,0.0,0.0,3.2104506492614746,0.0,3.2105116844177246,0.0,0.0,0.0,3.2104506492614746,0.0,3.2105116844177246,0.0,0.0,0.0,19.262789011001587,16.052436351776123,12.841875553131104,3.210426092147827,3.210426092147827,0.0,22.473215103149414,19.262948036193848,12.841875553131104,3.210426092147827,3.210426092147827,0.0,25.683714628219604,22.473398685455322,12.841875553131104,3.210426092147827,3.210426092147827,0.0,0.0,0.0,0.0,0.0,0.0,0.0,0.0,0.0,0.0,0.0,0.0,0.0,0.0,0.0,0.0,0.0,0.0,0.0,0.0,0.0,0.0,0.0,0.0,0.0,0.0,0.0,0.0,0.0,0.0,0.0,0.0,0.0,0.0,0.0,0.0,0.0,0.0
"85,169",543.1682882733619,0.0,0.0,0.0,0.0,0.0,0.0,0.0,0.0,0.0,0.0,6404.052503257639,372.81712689960705,182.82405105198131,28.251249223596908,0.0,0.0,6468.449801832086,379.25708189571606,202.1452523764442,28.251249223596908,0.0,0.0,6726.047116666681,421.11648312175976,211.80522003734814,37.91113606060252,0.0,0.0,6719.6116069849795,424.3372596796821,215.02545085514294,37.91113606060252,0.0,0.0,6671.315291553385,424.33766308391796,215.02550092304455,37.91113606060252,0.0,0.0,0.0,0.0,0.0,0.0,0.0,0.0,0.0,0.0,0.0,0.0,0.0,0.0,0.0,0.0,0.0,0.0,0.0,0.0,0.0,0.0,0.0,0.0,0.0,0.0,0.0,0.0,0.0,0.0,0.0,0.0,0.0,0.0,0.0,0.0,0.0,0.0,0.0
"86,169",2463.631885359388,0.0,0.0,0.0,0.0,0.0,0.0,0.0,0.0,0.0,0.0,18199.46136202719,4822.599466814715,793.6797758429658,228.45058148140998,169.73947278658548,44.044697761535645,18737.400240324994,5061.84777860174,874.2462760298861,238.11710255379768,182.6285437742869,47.2676420211792,19715.65884825669,5403.960908668181,1091.4931191911883,354.1353258880914,314.7609192539664,99.63503332418554,19748.39935956001,5506.52366512897,1153.5283100389966,375.6205797784468,329.26782166724115,102.85749764722937,20195.42615765684,6192.232345782074,1375.3291177310196,469.8820751227584,371.15732276205927,106.0793766526615,0.0,0.0,0.0,0.0,0.0,0.0,0.0,0.0,0.0,0.0,0.0,0.0,0.0,0.0,0.0,0.0,0.0,0.0,0.0,0.0,0.0,0.0,0.0,0.0,0.0,0.0,0.0,0.0,0.0,0.0,0.0,0.0,0.0,0.0,0.0,0.0,0.0
"87,169",2497.276773819677,0.0,0.0,0.0,0.0,0.0,0.0,0.0,0.0,0.0,0.0,6414.000239122614,4392.488345577202,1729.9216997660844,565.1637335805332,331.4340502664155,59.08555261668037,7220.068717822841,4908.306464626275,1974.9228055514543,661.8725582150852,350.7770506784028,59.08555261668037,7986.058490943908,5487.249667225633,2243.5423496648377,736.012073615018,392.6870910569734,62.30924527224372,8479.480683032203,5797.292080662298,2511.1124244615144,817.6678559219135,389.46381468024913,62.30924527224372,9140.420765206392,6544.110951307708,2877.492244022968,927.2677740489735,468.4397537399741,65.53323857363533,0.0,0.0,0.0,0.0,0.0,0.0,0.0,0.0,0.0,0.0,0.0,0.0,0.0,0.0,0.0,0.0,0.0,0.0,0.0,0.0,0.0,0.0,0.0,0.0,0.0,0.0,0.0,0.0,0.0,0.0,0.0,0.0,0.0,0.0,0.0,0.0,0.0
"88,169",2499.1195631382416,0.0,0.0,0.0,0.0,0.0,0.0,0.0,0.0,0.0,0.0,20182.79192228598,352.4584611864651,35.49931240081787,22.591315507888794,0.0,0.0,29361.22640549529,536.3938452215756,38.72669744491577,29.045645475387573,3.226808547973633,3.226808547973633,34644.223401450174,704.2037598105038,58.81290926652796,35.50070643424988,9.681869745254517,3.226808547973633,39208.31203166738,804.243130347308,58.81467427926905,38.72745752334595,9.681869745254517,3.226808547973633,43965.136798540756,1050.3062233522826,98.35297658770692,48.4087278842926,9.681869745254517,3.226808547973633,0.0,0.0,0.0,0.0,0.0,0.0,0.0,0.0,0.0,0.0,0.0,0.0,0.0,0.0,0.0,0.0,0.0,0.0,0.0,0.0,0.0,0.0,0.0,0.0,0.0,0.0,0.0,0.0,0.0,0.0,0.0,0.0,0.0,0.0,0.0,0.0,0.0
"89,169",2500.8111017190313,0.0,0.0,0.0,0.0,0.0,0.0,0.0,0.0,0.0,0.0,45740.048796248906,1095.490045789644,153.379037584978,45.20277643203735,6.4573974609375,0.0,51187.18082532135,1363.491797990425,205.03955980749691,54.888867139816284,6.4573974609375,0.0,53110.85142326356,1479.7303000160293,239.02143189112346,74.26159501075745,6.4573974609375,0.0,55511.86724419594,1650.863031692131,271.30923887888594,80.71889209747314,6.4573974609375,0.0,60718.55625564912,1875.245172819437,291.48984557881073,80.71889209747314,6.4573974609375,0.0,0.0,0.0,0.0,0.0,0.0,0.0,0.0,0.0,0.0,0.0,0.0,0.0,0.0,0.0,0.0,0.0,0.0,0.0,0.0,0.0,0.0,0.0,0.0,0.0,0.0,0.0,0.0,0.0,0.0,0.0,0.0,0.0,0.0,0.0,0.0,0.0,0.0
"90,169",2502.350789157469,0.0,0.0,0.0,0.0,0.0,0.0,0.0,0.0,0.0,0.0,25319.813160383,303.67324209213257,64.60799050331116,9.692249774932861,3.231273651123047,0.0,25383.841824878433,319.81936168670654,61.37790083885193,9.692249774932861,3.231273651123047,0.0,27437.36645842721,326.28087759017944,54.918882608413696,16.153340101242065,3.231273651123047,0.0,29646.97299737089,371.50759768486023,54.917884349823,16.153340101242065,6.461822271347046,0.0,32464.737906070786,423.1988070011139,64.60998511314392,16.152757167816162,16.153454065322876,0.0,0.0,0.0,0.0,0.0,0.0,0.0,0.0,0.0,0.0,0.0,0.0,0.0,0.0,0.0,0.0,0.0,0.0,0.0,0.0,0.0,0.0,0.0,0.0,0.0,0.0,0.0,0.0,0.0,0.0,0.0,0.0,0.0,0.0,0.0,0.0,0.0,0.0
"91,169",2503.7380780370886,0.0,0.0,0.0,0.0,3.2324953079223633,0.0,0.0,0.0,0.0,3.2324953079223633,83675.85513467883,4993.8548332999735,507.57552835520573,35.56397581100464,0.0,0.0,84415.89138715688,5338.148526502123,528.5837246184255,45.262954235076904,0.0,0.0,86351.68585049405,5716.398363900652,551.2156506781484,42.029993534088135,0.0,0.0,87350.76707415581,5975.008607936373,557.6804257635977,42.029993534088135,0.0,0.0,89097.08201630444,6152.9839620010525,567.3780125384237,42.030029296875,0.0,0.0,0.0,0.0,0.0,0.0,0.0,0.0,0.0,0.0,0.0,0.0,0.0,0.0,0.0,0.0,0.0,0.0,0.0,0.0,0.0,0.0,0.0,0.0,0.0,0.0,0.0,0.0,0.0,0.0,0.0,0.0,0.0,3.2324953079223633,0.0,0.0,0.0,0.0,0.0
"92,169",2504.972474381384,0.0,0.0,0.0,3.234642505645752,0.0,0.0,0.0,0.0,3.234642505645752,0.0,97556.35278756572,5809.961217375363,507.74803853034973,65.74686207490808,3.2338414192199707,0.0,98446.90204565946,5966.296569597021,514.2164885997772,59.279128691729376,3.2338414192199707,0.0,99490.52040487177,6088.395427472919,540.0896542072296,62.5136357756222,3.2338414192199707,0.0,100366.1046910875,6049.582065828175,517.4537932872772,68.98148145395167,3.2338414192199707,0.0,102145.9288620285,6219.209628713833,523.9212980270386,72.21449556070216,3.2338414192199707,0.0,0.0,0.0,0.0,0.0,0.0,0.0,0.0,0.0,0.0,0.0,0.0,0.0,0.0,0.0,0.0,0.0,0.0,0.0,0.0,0.0,0.0,0.0,0.0,0.0,0.0,3.234642505645752,0.0,0.0,0.0,0.0,0.0,0.0,0.0,0.0,0.0,0.0,0.0
"93,169",2506.0535380627484,0.0,0.0,32.35575795173645,9.706820726394653,0.0,0.0,0.0,32.35575795173645,9.706820726394653,0.0,54227.63888008828,6219.009457510593,538.7685686588287,60.40504995981852,3.2363829612731934,0.0,56204.53453567262,6481.131230857326,567.89165558815,66.87680260340372,6.4727702140808105,0.0,60338.00380724365,7381.069337252074,613.1956476211548,70.113006512324,9.708508014678955,0.0,63495.01493760465,7798.144761376287,671.4418436527252,76.58543626467386,9.708508014678955,0.0,64860.093334651465,8060.224879078771,687.6192583084106,76.58558909098306,9.708508014678955,0.0,0.0,0.0,0.0,0.0,0.0,0.0,0.0,0.0,0.0,0.0,0.0,0.0,0.0,0.0,0.0,0.0,0.0,0.0,0.0,19.413729429244995,12.942028522491455,0.0,0.0,0.0,0.0,6.471220254898071,3.235600471496582,0.0,0.0,0.0,0.0,0.0,0.0,0.0,0.0,0.0,0.0
"94,169",2506.980883166469,0.0,0.0,77.68665218353271,93.87575817108154,103.58809971809387,0.0,0.0,55.02781534194946,93.87575817108154,103.58809971809387,22051.00027229178,11629.064827747905,1222.97805742002,123.0109429359436,6.474372863769531,0.0,23476.66968151354,12168.210822770172,1307.12830342031,142.43398189544678,6.474372863769531,0.0,25203.18803934864,12828.528376764409,1300.644770303427,135.9607229232788,6.474372863769531,0.0,25385.547091024997,13171.962371385798,1329.762672147564,139.19860100746155,6.474372863769531,0.0,26416.6299689536,13364.837917228773,1368.6127295110741,135.96183156967163,6.474372863769531,0.0,0.0,0.0,0.0,0.0,0.0,0.0,0.0,0.0,0.0,0.0,0.0,0.0,0.0,0.0,0.0,0.0,0.0,0.0,0.0,32.36916399002075,22.65865135192871,0.0,0.0,0.0,0.0,77.69020581245422,16.18555235862732,0.0,0.0,0.0,0.0,55.031254291534424,48.55684542655945,0.0,0.0,0.0,0.0
"95,169",2507.7541783111087,0.0,0.0,40.45576627768722,27.516596545425116,0.0,0.0,0.0,25.903971672058105,27.516596545425116,0.0,48526.28196365038,12869.852023175183,838.4335892480963,38.85522103309631,22.665724992752075,3.238103151321411,52784.16905310855,14373.096847116245,961.4717273992651,58.28257966041565,42.09402275085449,3.238103151321411,56015.55543751716,15512.442245502096,1100.7039921564215,80.94843292236328,42.09414339065552,0.0,59004.646195654765,16745.79573173429,1127.4199256008746,89.04961575526818,48.5703444480896,3.2381529808044434,61856.36467582852,17652.183443643535,1182.4620594090106,95.52563466090783,38.85622262954712,6.476253032684326,0.0,0.0,0.0,0.0,0.0,0.0,0.0,0.0,0.0,0.0,0.0,0.0,0.0,0.0,0.0,0.0,0.0,0.0,0.0,16.190038681030273,3.2379722595214844,6.475960731506348,0.0,0.0,0.0,19.42799210548401,8.088604439941108,0.0,0.0,0.0,0.0,0.0,0.0,0.0,0.0,0.0,0.0
"96,169",2508.3731469235186,0.0,0.0,0.0,0.0,0.0,0.0,0.0,0.0,0.0,0.0,36938.934310721415,3100.621689071842,673.205468896791,161.9230652668897,87.44499850273132,0.0,40146.06351491423,3504.5400298127943,671.5919079060648,155.44540318040288,90.68372368812561,0.0,42231.26876186109,3815.4781057890723,678.0839866535335,145.74190998077393,87.44492840766907,0.0,47389.895943533214,4506.217059644998,694.9150315022936,152.21923089027405,87.44494915008545,0.0,49703.64957451353,4642.28614632943,625.2894076244504,119.83241438865662,55.05783820152283,0.0,0.0,0.0,0.0,0.0,0.0,0.0,0.0,0.0,0.0,0.0,0.0,0.0,0.0,0.0,0.0,0.0,0.0,0.0,0.0,0.0,0.0,0.0,0.0,0.0,0.0,0.0,0.0,0.0,0.0,0.0,0.0,0.0,0.0,0.0,0.0,0.0,0.0
"97,169",2508.837567468374,0.0,0.0,0.0,0.0,0.0,0.0,0.0,0.0,0.0,0.0,12073.138783529694,2357.846069838954,263.5323722773907,39.59592883446637,25.914840936660767,16.1973979473114,14997.800156195022,2914.6257680500253,305.64550237001157,57.40645496518004,35.632657289505005,19.436649799346924,16362.965704018461,3736.618032235725,431.9811902457593,82.59773587993547,48.590500831604004,29.155376195907593,20380.906675274233,5409.9115723507075,644.3303312320336,122.19455949932922,55.069199562072754,22.67647433280945,22586.50583121636,6464.954070518531,828.9742604751212,170.78530375630248,64.7876079082489,29.155471086502075,0.0,0.0,0.0,0.0,0.0,0.0,0.0,0.0,0.0,0.0,0.0,0.0,0.0,0.0,0.0,0.0,0.0,0.0,0.0,0.0,0.0,0.0,0.0,0.0,0.0,0.0,0.0,0.0,0.0,0.0,0.0,0.0,0.0,0.0,0.0,0.0,0.0
"98,169",2509.147273632987,0.0,0.0,0.0,0.0,0.0,0.0,0.0,0.0,0.0,0.0,5228.343401229148,722.5417198854334,194.38578033447266,51.11280448576983,19.438531160354614,29.156784772872925,7948.529189954084,1188.9654290676117,288.3372642993927,80.26990754744585,35.63687777519226,29.156784772872925,8802.110875962762,1551.8182616233826,382.291033744812,93.95330476760864,42.11629319190979,22.677403211593628,10237.397057364033,1987.56950896955,473.0045804977417,115.90758569380816,55.075321674346924,22.677403211593628,12884.949274686738,3358.1171852476455,720.8408299259111,170.98363311430987,68.0341727733612,29.15693163871765,0.0,0.0,0.0,0.0,0.0,0.0,0.0,0.0,0.0,0.0,0.0,0.0,0.0,0.0,0.0,0.0,0.0,0.0,0.0,0.0,0.0,0.0,0.0,0.0,0.0,0.0,0.0,0.0,0.0,0.0,0.0,0.0,0.0,0.0,0.0,0.0,0.0
"99,169",2509.3021544648177,0.0,0.0,0.0,0.0,0.0,0.0,0.0,0.0,0.0,0.0,3982.785916587418,4330.152971568763,605.8760020798328,263.34086045657887,221.13251699933818,102.95559310913086,4458.234867018345,4767.549582305609,657.7156450813892,276.3005710545708,221.1323946906071,102.95559310913086,4876.991750024347,5358.012712243025,703.0754194325092,273.06054362689747,230.85232367048076,89.99560403823853,5381.131977429109,6243.402695962494,799.4742397383147,289.9847036305596,240.57214273938945,89.99560308456421,6524.041949012232,7767.805059357251,1010.0722424105102,350.7309607374902,272.97201885709575,102.23138332366943,0.0,0.0,0.0,0.0,0.0,0.0,0.0,0.0,0.0,0.0,0.0,0.0,0.0,0.0,0.0,0.0,0.0,0.0,0.0,0.0,0.0,0.0,0.0,0.0,0.0,0.0,0.0,0.0,0.0,0.0,0.0,0.0,0.0,0.0,0.0,0.0,0.0
"100,169",2509.3021544648304,0.0,0.0,0.0,0.0,0.0,0.0,0.0,0.0,0.0,0.0,13553.570291800592,7945.431212405597,1282.261894184,613.0775084495544,706.6559614013223,462.5933267509236,14898.14627103338,8580.46068499509,1324.3811020430394,626.0372443199158,701.6246411239399,469.07337636106155,15708.144036488438,8913.99762358759,1351.1137658661487,619.5572233200073,701.6247739230885,469.0734159385457,16217.922735943514,9267.064350581635,1347.8737007683399,586.4335446357727,662.7452995216145,462.59355444066665,17120.41900201405,9422.404409961138,1379.4599120196171,586.4335958957672,704.8648628627552,476.27770012967727,0.0,0.0,0.0,0.0,0.0,0.0,0.0,0.0,0.0,0.0,0.0,0.0,0.0,0.0,0.0,0.0,0.0,0.0,0.0,0.0,0.0,0.0,0.0,0.0,0.0,0.0,0.0,0.0,0.0,0.0,0.0,0.0,0.0,0.0,0.0,0.0,0.0
"101,169",2509.1472736329347,0.0,0.0,0.0,0.0,0.0,0.0,0.0,0.0,0.0,0.0,15835.628356141671,8641.505516781528,836.4834624047372,248.3592995447271,138.94207026911715,17.634337794546987,19025.1252885164,10009.723213698819,902.3441776172787,235.39999425831962,124.54775012708177,11.155060899023916,20966.510127753838,11098.462556897894,989.8188985721737,248.35913479748893,118.06835163808336,7.9154559490727445,23980.65849105423,13104.68772208831,1080.53277982637,222.44026434842277,85.67074264264573,4.6755641815709135,26455.821275720413,14577.28660565638,1186.8848754658418,228.9196091932409,85.67090810513963,4.6755641815709135,0.0,0.0,0.0,0.0,0.0,0.0,0.0,0.0,0.0,0.0,0.0,0.0,0.0,0.0,0.0,0.0,0.0,0.0,0.0,0.0,0.0,0.0,0.0,0.0,0.0,0.0,0.0,0.0,0.0,0.0,0.0,0.0,0.0,0.0,0.0,0.0,0.0
"102,169",2508.8375674684476,0.0,0.0,0.0,0.0,0.0,0.0,0.0,0.0,0.0,0.0,18798.664481006883,17504.248136375463,2285.9538026622695,670.3602296371085,309.3487255461076,51.82880091667175,21287.326956223507,19640.31475561834,2468.2490364962932,696.2764419574363,302.8715696222642,48.589460134506226,24019.280372866462,21668.864255078635,2643.1608581056785,712.4747747439964,286.6752083189347,35.632577419281006,27391.50432437448,24206.828506018133,2829.4006891175814,746.4807210323858,299.63304566215066,32.39336848258972,29598.570945263844,26145.85535386123,3022.6821479722566,759.4369731248594,312.5901572592118,29.15379571914673,0.0,0.0,0.0,0.0,0.0,0.0,0.0,0.0,0.0,0.0,0.0,0.0,0.0,0.0,0.0,0.0,0.0,0.0,0.0,0.0,0.0,0.0,0.0,0.0,0.0,0.0,0.0,0.0,0.0,0.0,0.0,0.0,0.0,0.0,0.0,0.0,0.0
"103,169",2508.3731469235477,0.0,0.0,0.0,0.0,0.0,0.0,0.0,0.0,0.0,0.0,45340.144947819615,25973.585267562492,2115.566228559905,508.58546499084025,301.2127728462219,32.38870811462402,49555.93364801968,27977.38827087926,2257.7139717980926,524.7776611215928,301.21428990364075,32.38870811462402,54398.86253149368,30723.13599447643,2513.212727677588,569.7620456059774,310.92913031578064,32.38870811462402,60445.91812450651,33750.274123553674,2878.8238535712744,615.0977525552114,317.40227723121643,38.866546630859375,64066.9433312257,36266.226523496596,3174.3498186803326,709.0139033635458,310.9211323261261,38.866546630859375,0.0,0.0,0.0,0.0,0.0,0.0,0.0,0.0,0.0,0.0,0.0,0.0,0.0,0.0,0.0,0.0,0.0,0.0,0.0,0.0,0.0,0.0,0.0,0.0,0.0,0.0,0.0,0.0,0.0,0.0,0.0,0.0,0.0,0.0,0.0,0.0,0.0
"104,169",2507.7541783111315,0.0,0.0,0.0,0.0,0.0,0.0,0.0,0.0,0.0,0.0,41012.61994222005,11316.470209227356,968.5764886510138,393.7836871390249,398.27828645706177,249.32148098945618,43728.89954290764,12092.17715514688,991.243467725492,409.9763560538198,404.7545576095581,242.84584045410156,46183.82920379077,12833.727960953993,1066.0796527563357,413.57018979109966,404.7555556297302,246.08363246917725,48858.46671804821,13914.736995467953,1157.1060574279113,434.62449060421363,417.7098355293274,255.79654240608215,50703.21264223678,14683.252857613095,1286.6363432631772,489.67297278385536,433.8991947174072,265.51033663749695,0.0,0.0,0.0,0.0,0.0,0.0,0.0,0.0,0.0,0.0,0.0,0.0,0.0,0.0,0.0,0.0,0.0,0.0,0.0,0.0,0.0,0.0,0.0,0.0,0.0,0.0,0.0,0.0,0.0,0.0,0.0,0.0,0.0,0.0,0.0,0.0,0.0
"105,169",2506.9808831664905,0.0,0.0,0.0,0.0,0.0,0.0,0.0,0.0,0.0,0.0,6949.821941454271,401.36306446486833,48.55031061172485,6.47393536567688,12.947198867797852,84.15687251091003,7475.541182659186,414.3132929175508,42.07709717750549,6.47393536567688,16.18399953842163,84.15687251091003,8388.886002413432,432.11200477749696,45.31367874145508,6.47393536567688,16.18399953842163,87.39367318153381,9711.188617522108,513.038396617478,67.97033977508545,6.473973035812378,16.18399953842163,87.39367318153381,10563.530863601087,584.248451015061,84.15322232246399,6.473973035812378,19.420627117156982,87.39367318153381,0.0,0.0,0.0,0.0,0.0,0.0,0.0,0.0,0.0,0.0,0.0,0.0,0.0,0.0,0.0,0.0,0.0,0.0,0.0,0.0,0.0,0.0,0.0,0.0,0.0,0.0,0.0,0.0,0.0,0.0,0.0,0.0,0.0,0.0,0.0,0.0,0.0
"106,169",2480.7264986983805,0.0,0.0,0.0,0.0,0.0,0.0,0.0,0.0,0.0,0.0,5767.5039715598605,233.67905954566658,3.235208511352539,3.235208511352539,0.0,0.0,5728.686755401947,236.91493086066902,0.0,3.235208511352539,0.0,0.0,6453.316246776954,273.2400410979402,3.235208511352539,3.235208511352539,0.0,0.0,6898.1434740767745,319.2697235359865,3.235208511352539,3.235208511352539,0.0,0.0,7561.941124549567,341.9199088825899,3.235208511352539,3.235208511352539,0.0,0.0,0.0,0.0,0.0,0.0,0.0,0.0,0.0,0.0,0.0,0.0,0.0,0.0,0.0,0.0,0.0,0.0,0.0,0.0,0.0,0.0,0.0,0.0,0.0,0.0,0.0,0.0,0.0,0.0,0.0,0.0,0.0,0.0,0.0,0.0,0.0,0.0,0.0
"107,169",2497.226514571109,0.0,0.0,0.0,0.0,0.0,0.0,0.0,0.0,0.0,0.0,61556.737485425605,23419.490770489567,2276.1801639267046,179.52269590321708,9.703383684158325,0.0,62587.92897414132,23001.50848658973,2140.3357659050066,160.1158968252294,6.468817234039307,0.0,65332.70640817904,23240.961743082724,2143.567482776268,159.3039622895858,9.703335762023926,0.0,67336.4809988667,23917.029485747396,2166.2110129066546,149.60118347336265,12.937902212142944,0.0,71654.5702707571,25610.256899800024,2318.222377366646,153.64651120129753,12.937902212142944,0.0,0.0,0.0,0.0,0.0,0.0,0.0,0.0,0.0,0.0,0.0,0.0,0.0,0.0,0.0,0.0,0.0,0.0,0.0,0.0,0.0,0.0,0.0,0.0,0.0,0.0,0.0,0.0,0.0,0.0,0.0,0.0,0.0,0.0,0.0,0.0,0.0,0.0
"108,169",2503.738078037085,0.0,0.0,0.0,0.0,0.0,0.0,0.0,0.0,0.0,0.0,84577.79052096442,21734.986359039944,1424.0427154204424,134.1404148242053,73.62698470844941,34.83013974919039,86114.70307613169,21888.67997321802,1459.600075115877,127.67449890585507,76.85904204144197,47.7579709221335,90029.45395264814,22841.048055689946,1491.9229155680712,126.0643915531682,80.09165846600251,47.7579709221335,92496.72367339976,23396.86583186131,1477.3821722301782,129.29662126279345,80.09165846600251,50.989906184813556,95449.48520860952,24370.052523370814,1538.8081132206262,129.2971000073003,80.09095536961274,50.990015142104205,0.0,0.0,0.0,0.0,0.0,0.0,0.0,0.0,0.0,0.0,0.0,0.0,0.0,0.0,0.0,0.0,0.0,0.0,0.0,0.0,0.0,0.0,0.0,0.0,0.0,0.0,0.0,0.0,0.0,0.0,0.0,0.0,0.0,0.0,0.0,0.0,0.0
"109,169",2502.3507891574372,0.0,0.0,0.0,0.0,0.0,0.0,0.0,0.0,0.0,0.0,52952.63859138021,43336.22169230218,8574.221134438234,1608.8661601534077,1203.176669774336,752.2311787979277,57023.80985329009,45822.78074625988,9091.30651493727,1752.9671917466558,1263.1177526866688,781.3111184017332,57626.18685122564,44364.37969822696,8655.160290438522,1698.0471475629247,1222.567446383308,781.3107200042875,60220.65358722723,45932.79590851465,8984.525461458694,1727.1213360337651,1232.5993162379546,774.8498170749815,61147.99444863936,46714.302260362405,9160.774491396136,1740.0492775945104,1229.3717507109923,768.3887992279203,0.0,0.0,0.0,0.0,0.0,0.0,0.0,0.0,0.0,0.0,0.0,0.0,0.0,0.0,0.0,0.0,0.0,0.0,0.0,0.0,0.0,0.0,0.0,0.0,0.0,0.0,0.0,0.0,0.0,0.0,0.0,0.0,0.0,0.0,0.0,0.0,0.0
"110,169",2500.8111017190995,0.0,0.0,0.0,0.0,0.0,0.0,0.0,0.0,0.0,0.0,61104.73856244367,62061.680937871744,13270.440296524646,2533.612382932738,1792.1753359345828,906.7244152704875,61160.805920119376,61267.0785035395,13125.062179370954,2547.229970070895,1767.545950709137,890.5897738615672,59940.2547517178,59505.441254729856,12567.510185120153,2413.230045225106,1709.6090975630516,848.6123571077983,59974.35665936095,59122.14725020914,12471.656408668967,2317.9852447977255,1696.33226925719,861.5275661627452,59688.59662104682,58340.26126596975,12144.746329432843,2227.567211197872,1644.6590669809602,857.223343668732,0.0,0.0,0.0,0.0,0.0,0.0,0.0,0.0,0.0,0.0,0.0,0.0,0.0,0.0,0.0,0.0,0.0,0.0,0.0,0.0,0.0,0.0,0.0,0.0,0.0,0.0,0.0,0.0,0.0,0.0,0.0,0.0,0.0,0.0,0.0,0.0,0.0
"111,169",2499.1195631382384,0.0,0.0,0.0,0.0,0.0,0.0,0.0,0.0,0.0,0.0,11342.806965866277,14951.660069590922,6502.097665343565,3489.460535790873,4992.287672562693,2773.0912492565076,11568.729267233495,15071.053772758969,6556.140068486158,3480.292215487536,4946.53763608278,2806.95288252924,11738.70803872838,15297.924579246372,6482.566683747722,3439.615819606594,4848.142603253384,2777.91669941042,11961.413529588663,15658.049138962055,6579.836444756564,3439.9748661910785,4802.952144240398,2777.9122805604748,12117.42066809056,15911.981831444013,6605.845609534956,3388.359761780384,4693.607027459611,2666.058206400217,0.0,0.0,0.0,0.0,0.0,0.0,0.0,0.0,0.0,0.0,0.0,0.0,0.0,0.0,0.0,0.0,0.0,0.0,0.0,0.0,0.0,0.0,0.0,0.0,0.0,0.0,0.0,0.0,0.0,0.0,0.0,0.0,0.0,0.0,0.0,0.0,0.0
"112,169",2497.276773819704,0.0,0.0,0.0,0.0,0.0,0.0,0.0,0.0,0.0,0.0,2572.311623255412,3540.9219744953457,2350.1595239040903,1211.6138243441487,1806.313211556977,1394.4578330554214,2775.4881486097975,3980.300169784882,2535.591281955383,1266.4324266676808,1854.6758087840735,1410.5808124579635,2971.034754063101,4252.222820078157,2671.7200329546836,1302.2560609144323,1848.2308243863722,1384.7820892371383,3165.329099090426,4532.800075643203,2772.0514005464665,1357.5305074832017,1851.45332661797,1407.3542273081985,3447.132308738372,5268.792338132857,3116.6311778582776,1447.8092292664098,1951.0541106083813,1487.9684979953017,0.0,0.0,0.0,0.0,0.0,0.0,0.0,0.0,0.0,0.0,0.0,0.0,0.0,0.0,0.0,0.0,0.0,0.0,0.0,0.0,0.0,0.0,0.0,0.0,0.0,0.0,0.0,0.0,0.0,0.0,0.0,0.0,0.0,0.0,0.0,0.0,0.0
"113,169",2495.149494724139,0.0,0.0,0.0,0.0,0.0,0.0,0.0,0.0,0.0,0.0,2582.2838841812286,1918.03510816518,335.0753405094147,148.21948862075806,232.80838596026103,228.77555966377258,2424.3867777721557,1818.163789808984,331.8517122268677,151.44213795661926,219.92054640452068,222.33336353302002,2300.682996079501,1720.7913635674645,338.29678106307983,148.2187855243683,223.14322363535564,222.33361673355103,2321.6297183186402,1691.8139847222496,331.8517208099365,138.55156540870667,213.48100148836772,212.67137241363525,2618.40938669747,1972.1450291577507,399.5219159126282,161.10971355438232,271.48056971232097,235.2251226902008,0.0,0.0,0.0,0.0,0.0,0.0,0.0,0.0,0.0,0.0,0.0,0.0,0.0,0.0,0.0,0.0,0.0,0.0,0.0,0.0,0.0,0.0,0.0,0.0,0.0,0.0,0.0,0.0,0.0,0.0,0.0,0.0,0.0,0.0,0.0,0.0,0.0
"114,169",2493.1308404243,0.0,0.0,0.0,0.0,0.0,0.0,0.0,0.0,0.0,0.0,1663.2455158794628,2532.784011628581,702.6265666540932,173.82574105262756,214.05013618469238,220.28514259469276,1724.4123030269848,2626.958364147298,747.6891343649696,186.69931435585022,181.8627544403076,213.84682267319923,1750.9805139513578,2655.12921481226,757.344276195414,186.69922971725464,181.86417207717895,213.84682267319923,1614.1997848557492,2647.094653713002,741.245633130915,193.1355972290039,194.74016127586364,207.4103886426664,1708.352429853701,2799.2177867618257,820.1130919821122,228.54686284065247,220.4936719894409,204.1918222249723,0.0,0.0,0.0,0.0,0.0,0.0,0.0,0.0,0.0,0.0,0.0,0.0,0.0,0.0,0.0,0.0,0.0,0.0,0.0,0.0,0.0,0.0,0.0,0.0,0.0,0.0,0.0,0.0,0.0,0.0,0.0,0.0,0.0,0.0,0.0,0.0,0.0
"115,169",2490.8384838464585,0.0,0.0,0.0,0.0,0.0,0.0,0.0,0.0,0.0,0.0,44084.96566190907,9809.664706333944,1646.656790710898,934.3925360455232,1759.4553518491632,3047.89210654053,46038.552714808786,9804.536066183387,1498.6727468743043,873.2707096352297,1679.0319199758417,2996.423480279773,47739.28625460232,9937.705269643371,1492.234233595343,889.3546623005586,1682.246817370022,3002.858552463382,50791.231334569406,10198.96213572633,1447.1875147595124,850.7546323551851,1643.6460545259363,2957.824283130496,53321.90503173716,10754.384968361199,1476.13448212287,834.6676245941835,1653.2911877828485,2964.257714994281,0.0,0.0,0.0,0.0,0.0,0.0,0.0,0.0,0.0,0.0,0.0,0.0,0.0,0.0,0.0,0.0,0.0,0.0,0.0,0.0,0.0,0.0,0.0,0.0,0.0,0.0,0.0,0.0,0.0,0.0,0.0,0.0,0.0,0.0,0.0,0.0,0.0
"116,169",2031.2194406740073,0.0,0.0,0.0,0.0,0.0,0.0,0.0,0.0,0.0,0.0,30394.263852789823,23924.255655277477,10027.959834893543,4682.796953323776,5233.870397612628,2399.573992247675,31930.820353044244,25670.236313945166,10693.139990647633,4978.42555511325,5445.959408566531,2428.501784319971,33039.69104514683,26665.998443107048,11092.428717978795,5135.895497682983,5552.007558152254,2438.1431777430516,34276.31622058924,27502.326676908193,11382.44955792988,5238.731555107528,5655.63821235825,2457.424416775797,34824.33517042421,27864.711743397802,11594.523931890375,5331.921255472595,5803.445724164738,2499.1968169165593,0.0,0.0,0.0,0.0,0.0,0.0,0.0,0.0,0.0,0.0,0.0,0.0,0.0,0.0,0.0,0.0,0.0,0.0,0.0,0.0,0.0,0.0,0.0,0.0,0.0,0.0,0.0,0.0,0.0,0.0,0.0,0.0,0.0,0.0,0.0,0.0,0.0
"86,170",1763.5872487741262,0.0,0.0,0.0,0.0,0.0,0.0,0.0,0.0,0.0,0.0,4392.327379262214,4438.96194855746,1287.500176635443,339.43511287371314,135.34969727198285,3.222501754760742,6899.730214412541,5564.3583910820535,1548.468218055426,423.1989409128825,174.0130678812663,25.772987604141235,8274.075586607878,7267.204279757482,2213.026760553846,715.233653307896,360.8956503064025,44.298431441363164,8791.489022832759,7674.15877090342,2420.5731343708785,737.7859704503826,372.1658146007388,44.298431441363164,10056.781188915289,9436.519231184793,3221.2587851393455,946.4220500076518,449.50524493292266,60.40959005075342,0.0,0.0,0.0,0.0,0.0,0.0,0.0,0.0,0.0,0.0,0.0,0.0,0.0,0.0,0.0,0.0,0.0,0.0,0.0,0.0,0.0,0.0,0.0,0.0,0.0,0.0,0.0,0.0,0.0,0.0,0.0,0.0,0.0,0.0,0.0,0.0,0.0
"87,170",2497.3954530170386,0.0,0.0,0.0,0.0,0.0,0.0,0.0,0.0,0.0,0.0,1216.8196982860566,1495.613766075583,786.4772262797636,334.1325315784005,196.54770219746757,16.11602807044983,1432.8135438713375,1598.7643471970277,860.6147294268889,395.3776842902688,244.89756071988273,22.562546968460083,1622.2136885456011,1659.1990486201119,896.0715320334715,398.6013306926278,254.5675569814794,22.562546968460083,1758.4138513265873,1704.3284593638252,922.9223520250882,421.16486709819117,257.7911204141729,25.78576922416687,1868.0208140074037,1849.3861449774574,1019.6231364698972,475.9626523803262,299.6944233221166,25.78576922416687,0.0,0.0,0.0,0.0,0.0,0.0,0.0,0.0,0.0,0.0,0.0,0.0,0.0,0.0,0.0,0.0,0.0,0.0,0.0,0.0,0.0,0.0,0.0,0.0,0.0,0.0,0.0,0.0,0.0,0.0,0.0,0.0,0.0,0.0,0.0,0.0,0.0
"88,170",2499.2385607948486,0.0,0.0,0.0,0.0,0.0,0.0,0.0,0.0,0.0,0.0,4482.084308772929,378.72839646058924,54.87091517448425,3.2257258892059326,0.0,0.0,5952.833836043115,540.0920451136196,83.91832756996155,9.680271863937378,0.0,0.0,7488.417345254562,763.5147634870866,87.14584231376648,9.680271863937378,0.0,0.0,8944.37482234076,866.8029304869035,83.91814470291138,6.454545974731445,0.0,0.0,9312.968898585263,1006.9450853833966,92.79081165182825,9.680271863937378,0.0,0.0,0.0,0.0,0.0,0.0,0.0,0.0,0.0,0.0,0.0,0.0,0.0,0.0,0.0,0.0,0.0,0.0,0.0,0.0,0.0,0.0,0.0,0.0,0.0,0.0,0.0,0.0,0.0,0.0,0.0,0.0,0.0,0.0,0.0,0.0,0.0,0.0,0.0
"89,170",2500.9303970423966,0.0,0.0,0.0,0.0,0.0,0.0,0.0,0.0,0.0,0.0,45356.289477640974,1317.770787342857,182.4115798809949,19.37291693687439,6.459625244140625,6.458688020706177,55156.30596169584,2442.9503783085765,324.4720445015851,29.062438011169434,12.919185638427734,6.458688020706177,58830.74749361861,2771.5576160374812,373.7167707789178,32.29113245010376,29.065814971923828,6.458688020706177,62957.846259120866,2945.9124019566707,399.55121315600826,35.521645307540894,29.065814971923828,6.458688020706177,64884.92109147334,3195.605961580837,495.6157775261823,41.98145818710327,41.98105835914612,6.458688020706177,0.0,0.0,0.0,0.0,0.0,0.0,0.0,0.0,0.0,0.0,0.0,0.0,0.0,0.0,0.0,0.0,0.0,0.0,0.0,0.0,0.0,0.0,0.0,0.0,0.0,0.0,0.0,0.0,0.0,0.0,0.0,0.0,0.0,0.0,0.0,0.0,0.0
"90,170",2502.470359892687,0.0,0.0,0.0,0.0,0.0,0.0,0.0,0.0,0.0,0.0,15171.1648382832,512.2446110220517,61.38124752044678,16.152522325515747,3.230422258377075,0.0,15577.424273051467,557.4679102869595,71.07175040245056,9.69180154800415,3.230422258377075,0.0,17006.883112315572,573.6185245485867,58.146207094192505,6.460150241851807,3.230422258377075,0.0,18389.52746577263,644.6850485773648,71.06734204292297,6.460150241851807,3.230422258377075,0.0,19241.83806085306,657.6064844103421,71.06734204292297,6.460228681564331,6.460540294647217,0.0,0.0,0.0,0.0,0.0,0.0,0.0,0.0,0.0,0.0,0.0,0.0,0.0,0.0,0.0,0.0,0.0,0.0,0.0,0.0,0.0,0.0,0.0,0.0,0.0,0.0,0.0,0.0,0.0,0.0,0.0,0.0,0.0,0.0,0.0,0.0,0.0,0.0
"91,170",2503.8579005829383,0.0,0.0,0.0,0.0,0.0,0.0,0.0,0.0,0.0,0.0,84017.42440456222,4436.594647708594,290.9520001411438,54.96393036842346,0.0,0.0,86163.41056987351,4766.329726758658,313.57424116134644,54.962851762771606,0.0,0.0,88226.1530824923,5108.984325948416,329.73460841178894,54.962851762771606,0.0,0.0,92094.17925985654,5639.147284093558,365.2905068397522,54.96155881881714,0.0,0.0,94092.36884763755,5862.183818402945,358.820570230484,61.42709040641785,0.0,0.0,0.0,0.0,0.0,0.0,0.0,0.0,0.0,0.0,0.0,0.0,0.0,0.0,0.0,0.0,0.0,0.0,0.0,0.0,0.0,0.0,0.0,0.0,0.0,0.0,0.0,0.0,0.0,0.0,0.0,0.0,0.0,0.0,0.0,0.0,0.0,0.0,0.0
"92,170",2505.0925239121007,0.0,0.0,0.0,0.0,0.0,0.0,0.0,0.0,0.0,0.0,6047.985791138107,2619.6956422366347,252.27414631843567,22.640212059020996,0.0,0.0,7309.444163756278,3357.186024669573,297.56393671035767,19.40646719932556,0.0,0.0,8400.77198160209,4050.2268295362883,342.84809374809265,22.641539573669434,3.2336878776550293,0.0,9582.392138368943,4356.42325817183,391.3648781776428,25.876028537750244,3.2336878776550293,0.0,10549.329161770202,4123.475047217164,414.0046844482422,29.11038303375244,3.2336878776550293,0.0,0.0,0.0,0.0,0.0,0.0,0.0,0.0,0.0,0.0,0.0,0.0,0.0,0.0,0.0,0.0,0.0,0.0,0.0,0.0,0.0,0.0,0.0,0.0,0.0,0.0,0.0,0.0,0.0,0.0,0.0,0.0,0.0,0.0,0.0,0.0,0.0,0.0
"93,170",2506.173788653185,0.0,0.0,0.0,0.0,0.0,0.0,0.0,0.0,0.0,0.0,12934.554546202866,11126.80432136199,1797.2347266085008,165.0416955947876,3.2354609966278076,0.0,14009.983602234897,11933.62614397722,2007.5755199797015,194.1658251285553,3.2354609966278076,0.0,14773.596286723194,12354.260548398073,2068.7053402564106,216.81834268569946,3.2354609966278076,0.0,15166.207165031808,12326.211937075037,2107.5315636298237,210.34669160842896,3.2354609966278076,0.0,14946.227651863474,12193.94075794594,2120.4798065325795,223.28964185714722,3.2354609966278076,0.0,0.0,0.0,0.0,0.0,0.0,0.0,0.0,0.0,0.0,0.0,0.0,0.0,0.0,0.0,0.0,0.0,0.0,0.0,0.0,0.0,0.0,0.0,0.0,0.0,0.0,0.0,0.0,0.0,0.0,0.0,0.0,0.0,0.0,0.0,0.0,0.0,0.0
"94,170",2507.101307920835,0.0,0.0,0.0,0.0,0.0,0.0,0.0,0.0,0.0,0.0,21124.3800905265,10012.282831403321,1527.3098845640816,100.33490943908691,9.710496425628662,0.0,23572.120171084123,11063.156178475361,1695.6159145991005,122.99241852760315,9.710496425628662,0.0,23555.216577118517,11108.482069254856,1715.391234483906,129.46599888801575,6.47356915473938,0.0,23765.022350904987,10933.735069275837,1683.0334158803903,129.4663164615631,6.47356915473938,0.0,24091.988547203586,11030.48317544694,1705.6919206048929,135.93953704833984,6.47356915473938,0.0,0.0,0.0,0.0,0.0,0.0,0.0,0.0,0.0,0.0,0.0,0.0,0.0,0.0,0.0,0.0,0.0,0.0,0.0,0.0,0.0,0.0,0.0,0.0,0.0,0.0,0.0,0.0,0.0,0.0,0.0,0.0,0.0,0.0,0.0,0.0,0.0,0.0
"95,170",2507.874749495734,0.0,0.0,0.0,0.0,0.0,0.0,0.0,0.0,0.0,0.0,95625.03083277402,8270.29762506859,597.3816543700648,38.85394620895386,0.0,0.0,98052.48883593503,8807.250281184328,629.7595411422205,38.85407853126526,0.0,0.0,101384.16848086844,9598.959535663267,681.566585409875,35.615777254104614,0.0,0.0,104150.08541305673,10161.555326990987,744.4325028915031,46.941943988613055,0.0,0.0,109252.50496814297,10681.805567952697,757.386479284249,43.703825340084,0.0,0.0,0.0,0.0,0.0,0.0,0.0,0.0,0.0,0.0,0.0,0.0,0.0,0.0,0.0,0.0,0.0,0.0,0.0,0.0,0.0,0.0,0.0,0.0,0.0,0.0,0.0,0.0,0.0,0.0,0.0,0.0,0.0,0.0,0.0,0.0,0.0,0.0,0.0
"96,170",2508.4938361022114,0.0,0.0,0.0,0.0,0.0,0.0,0.0,0.0,0.0,0.0,28706.41558536174,2329.9350830554963,148.98334670066833,19.431575059890747,0.0,0.0,32288.469023715745,2756.33498580596,178.13248801231384,19.431575059890747,0.0,0.0,36311.451148397784,3196.800467325659,216.99769806861877,29.14786171913147,3.2386252880096436,0.0,39422.69138068592,3789.490733696433,262.59388558350355,35.62517213821411,3.2386252880096436,0.0,42908.11949171553,4143.57393280478,272.31039993248737,35.62517213821411,3.2386252880096436,0.0,0.0,0.0,0.0,0.0,0.0,0.0,0.0,0.0,0.0,0.0,0.0,0.0,0.0,0.0,0.0,0.0,0.0,0.0,0.0,0.0,0.0,0.0,0.0,0.0,0.0,0.0,0.0,0.0,0.0,0.0,0.0,0.0,0.0,0.0,0.0,0.0,0.0
"97,170",2508.958345639411,0.0,0.0,0.0,0.0,0.0,0.0,0.0,0.0,0.0,0.0,15957.042517172122,1864.2736642528982,170.87629057846817,16.197237491607666,0.0,0.0,18083.21657925026,1929.0608158279867,164.397042054756,16.197237491607666,0.0,0.0,19842.641680721208,2051.3463418399588,174.1152892299727,16.197237491607666,0.0,0.0,23899.798975254507,2148.5286685550914,190.31200291596207,16.197237491607666,0.0,0.0,28181.360918650906,2236.782715475793,200.02945377312454,19.436391830444336,0.0,0.0,0.0,0.0,0.0,0.0,0.0,0.0,0.0,0.0,0.0,0.0,0.0,0.0,0.0,0.0,0.0,0.0,0.0,0.0,0.0,0.0,0.0,0.0,0.0,0.0,0.0,0.0,0.0,0.0,0.0,0.0,0.0,0.0,0.0,0.0,0.0,0.0,0.0
"98,170",2509.2681113695066,0.0,0.0,0.0,0.0,0.0,0.0,0.0,0.0,0.0,0.0,2074.9848338416978,261.6019149836372,9.719325304031372,0.0,0.0,0.0,2914.8647155537324,359.6068477630615,22.678423166275024,9.719412803649902,0.0,0.0,4874.0610646360055,566.946492433548,29.158116102218628,12.959240436553955,0.0,0.0,5712.326177157607,685.1902421119166,32.39795136451721,12.959240436553955,0.0,0.0,6799.234432689816,926.548358930326,55.07682013511658,12.959240436553955,0.0,0.0,0.0,0.0,0.0,0.0,0.0,0.0,0.0,0.0,0.0,0.0,0.0,0.0,0.0,0.0,0.0,0.0,0.0,0.0,0.0,0.0,0.0,0.0,0.0,0.0,0.0,0.0,0.0,0.0,0.0,0.0,0.0,0.0,0.0,0.0,0.0,0.0,0.0
"99,170",2509.4230220552963,0.0,0.0,0.0,0.0,0.0,0.0,0.0,0.0,0.0,0.0,22341.782544079946,6013.970230028676,818.0910270008386,208.97346940601574,51.02680383196064,0.0,22543.476332172693,6111.170557663488,808.3711244854272,202.49347510898815,51.02680383196064,0.0,22554.189567371443,6189.745130447313,805.1313347610773,202.49347487056957,51.02680383196064,0.0,23220.00081850407,6452.183877614901,856.1579411908692,202.49347487056957,51.02680383196064,0.0,25333.245199414796,6905.393282083437,914.477012722165,190.34666668293522,44.54680476656147,0.0,0.0,0.0,0.0,0.0,0.0,0.0,0.0,0.0,0.0,0.0,0.0,0.0,0.0,0.0,0.0,0.0,0.0,0.0,0.0,0.0,0.0,0.0,0.0,0.0,0.0,0.0,0.0,0.0,0.0,0.0,0.0,0.0,0.0,0.0,0.0,0.0,0.0
"100,170",2509.4230220552777,0.0,0.0,0.0,0.0,0.0,0.0,0.0,0.0,0.0,0.0,2905.615298271179,1615.3401746749878,278.6390132904053,35.63982844352722,9.71993088722229,0.0,3709.1275095939636,2107.813900709152,298.0788519382477,38.87978267669678,9.71993088722229,0.0,4381.243707895279,2205.0107321739197,294.0257487764545,32.39981651306152,9.71993088722229,0.0,4973.394683557398,2348.5475752400416,297.2656434049793,35.63978028297424,9.71993088722229,0.0,5756.013608834322,2609.917442031935,314.27855253219604,38.87974452972412,9.71993088722229,0.0,0.0,0.0,0.0,0.0,0.0,0.0,0.0,0.0,0.0,0.0,0.0,0.0,0.0,0.0,0.0,0.0,0.0,0.0,0.0,0.0,0.0,0.0,0.0,0.0,0.0,0.0,0.0,0.0,0.0,0.0,0.0,0.0,0.0,0.0,0.0,0.0,0.0
"101,170",2509.268111369459,0.0,0.0,0.0,0.0,0.0,0.0,0.0,0.0,0.0,0.0,7324.0930262397305,4303.673426295261,489.20028829574585,38.87705945968628,3.2398109436035156,0.0,8429.910497805651,4760.479021931629,521.5978820323944,32.39744162559509,0.0,0.0,9410.733717348996,5284.214695482628,547.5161118507385,35.63724660873413,0.0,0.0,10477.85248190562,5796.718307106167,599.351922750473,45.35623645782471,0.0,0.0,11054.04658576554,6287.357649068271,735.4220247268677,71.27445769309998,3.239604949951172,0.0,0.0,0.0,0.0,0.0,0.0,0.0,0.0,0.0,0.0,0.0,0.0,0.0,0.0,0.0,0.0,0.0,0.0,0.0,0.0,0.0,0.0,0.0,0.0,0.0,0.0,0.0,0.0,0.0,0.0,0.0,0.0,0.0,0.0,0.0,0.0,0.0,0.0
"102,170",2508.9583456394657,0.0,0.0,0.0,0.0,0.0,0.0,0.0,0.0,0.0,0.0,19791.271922690255,7564.81210900662,378.189973822762,22.67597508430481,9.717480421066284,0.0,21595.220235933975,8181.448251353993,430.01989864461564,22.67597508430481,6.478346109390259,0.0,23628.689844718636,8945.747597396141,455.93459414594315,29.1550350189209,6.478346109390259,0.0,26169.347253735858,9996.551748577755,530.4405021583333,29.155081510543823,6.478346109390259,0.0,27648.82190174963,10541.19661749578,591.9890208160176,32.394570112228394,6.478346109390259,0.0,0.0,0.0,0.0,0.0,0.0,0.0,0.0,0.0,0.0,0.0,0.0,0.0,0.0,0.0,0.0,0.0,0.0,0.0,0.0,0.0,0.0,0.0,0.0,0.0,0.0,0.0,0.0,0.0,0.0,0.0,0.0,0.0,0.0,0.0,0.0,0.0,0.0
"103,170",2508.493836102218,0.0,0.0,0.0,0.0,0.0,0.0,0.0,0.0,0.0,0.0,39193.1707042638,18083.062670955474,949.4042678496417,73.68017832812141,12.955211162567139,0.0,42335.1371322875,19278.602490551333,975.3139453551348,73.68030778940987,16.194144248962402,0.0,45070.70943940388,20488.809381766416,1085.4274523875292,76.9200591283686,16.194144248962402,0.0,50220.59265200578,22136.657320849103,1185.4753601644552,80.15901939448189,12.955211162567139,0.0,53511.464797839006,23286.420447872202,1242.600920977312,93.11293403681587,16.194144248962402,0.0,0.0,0.0,0.0,0.0,0.0,0.0,0.0,0.0,0.0,0.0,0.0,0.0,0.0,0.0,0.0,0.0,0.0,0.0,0.0,0.0,0.0,0.0,0.0,0.0,0.0,0.0,0.0,0.0,0.0,0.0,0.0,0.0,0.0,0.0,0.0,0.0,0.0
"104,170",2507.8747494957843,0.0,0.0,0.0,0.0,0.0,0.0,0.0,0.0,0.0,0.0,35067.89097375683,16650.761012391482,1899.317837719824,501.8418905735016,293.5459249019623,87.41766405105591,36899.57761147817,17506.697395638857,1977.0316526936551,472.7026517391205,287.07131791114807,93.893075466156,38138.4964018401,18229.502839745728,2025.6079497384092,505.08228850364685,280.5963900089264,77.70516443252563,40646.289069286046,19389.790096620483,2123.1050780389824,501.8454313278198,287.0717239379883,80.94290518760681,41887.92271088619,20125.172629507848,2236.7845212122975,518.0338690280914,287.07249116897583,77.7052366733551,0.0,0.0,0.0,0.0,0.0,0.0,0.0,0.0,0.0,0.0,0.0,0.0,0.0,0.0,0.0,0.0,0.0,0.0,0.0,0.0,0.0,0.0,0.0,0.0,0.0,0.0,0.0,0.0,0.0,0.0,0.0,0.0,0.0,0.0,0.0,0.0,0.0
"105,170",2507.1013079208656,0.0,0.0,0.0,0.0,0.0,0.0,0.0,0.0,0.0,0.0,5083.534842665055,400.28616334410276,77.69773149490356,84.1729896068573,130.56283159536474,142.44498491287231,5066.367034810197,402.4567177884719,77.69773149490356,80.93564081192017,130.56283159536474,145.6823890209198,4837.987595396416,399.2193763845107,77.69773149490356,80.93564081192017,130.56283159536474,142.44498872756958,4623.291187304141,389.50731021095726,74.46032738685608,80.93564081192017,127.32534737867468,145.68244814872742,4702.04851195485,383.0327690236709,77.69773149490356,77.69824051856995,127.32544966024511,142.4450662136078,0.0,0.0,0.0,0.0,0.0,0.0,0.0,0.0,0.0,0.0,0.0,0.0,0.0,0.0,0.0,0.0,0.0,0.0,0.0,0.0,0.0,0.0,0.0,0.0,0.0,0.0,0.0,0.0,0.0,0.0,0.0,0.0,0.0,0.0,0.0,0.0,0.0
"106,170",2506.170710957858,0.0,0.0,0.0,0.0,0.0,0.0,0.0,0.0,0.0,0.0,9383.857031780131,149.56563454515793,0.0,0.0,0.0,0.0,8777.341415640887,139.85873967058518,0.0,0.0,0.0,0.0,8469.149209591922,146.32998710520127,0.0,0.0,0.0,0.0,8726.467247190663,126.91142564661362,0.0,0.0,0.0,0.0,10115.350091983759,161.78182411193848,0.0,0.0,0.0,0.0,0.0,0.0,0.0,0.0,0.0,0.0,0.0,0.0,0.0,0.0,0.0,0.0,0.0,0.0,0.0,0.0,0.0,0.0,0.0,0.0,0.0,0.0,0.0,0.0,0.0,0.0,0.0,0.0,0.0,0.0,0.0,0.0,0.0,0.0,0.0,0.0,0.0
"107,170",2409.6262232840613,0.0,0.0,0.0,0.0,0.0,0.0,0.0,0.0,0.0,0.0,39311.12789041856,15925.107291988297,2385.7220734736497,263.54836213167977,3.233708143234253,0.0,38955.121723261065,15599.307560522417,2285.4759663722093,244.14546763476204,0.0,0.0,39722.86461043639,15629.224597181992,2275.774083294588,244.9569577581742,3.233883857727051,0.0,39568.9332693876,15389.114520635792,2178.75865427466,222.32043904136208,3.233883857727051,0.0,40306.25801405813,15506.253811978358,2149.655246176439,231.21110975321602,3.233883857727051,0.0,0.0,0.0,0.0,0.0,0.0,0.0,0.0,0.0,0.0,0.0,0.0,0.0,0.0,0.0,0.0,0.0,0.0,0.0,0.0,0.0,0.0,0.0,0.0,0.0,0.0,0.0,0.0,0.0,0.0,0.0,0.0,0.0,0.0,0.0,0.0,0.0,0.0
"108,170",2503.85790058292,0.0,0.0,0.0,0.0,0.0,0.0,0.0,0.0,0.0,0.0,93504.60745217658,41647.87695228259,8616.380973100662,1315.915290594101,190.7512776851654,3.2327327728271484,93652.03091768378,41039.28605831464,8322.171333789825,1257.7153158187866,177.81966614723206,3.2327327728271484,95569.01116938872,41698.04429640115,8364.188232898712,1254.4827570915222,184.28575539588928,3.2327327728271484,95973.61648215685,41398.92246421459,8060.27302980423,1183.35267162323,174.58692002296448,3.2327327728271484,97694.8028598589,42084.220444523125,8189.580366849899,1205.9841799736023,168.12060379981995,3.2327327728271484,0.0,0.0,0.0,0.0,0.0,0.0,0.0,0.0,0.0,0.0,0.0,0.0,0.0,0.0,0.0,0.0,0.0,0.0,0.0,0.0,0.0,0.0,0.0,0.0,0.0,0.0,0.0,0.0,0.0,0.0,0.0,0.0,0.0,0.0,0.0,0.0,0.0
"109,170",2045.2212070652013,0.0,0.0,0.0,0.0,0.0,0.0,0.0,0.0,0.0,0.0,77418.73167273017,17093.302984319955,1835.8844929003249,610.1189358851489,851.8700054654888,572.3599203091043,82933.13442284544,18440.37768633506,1942.4856654831008,626.2710235735949,910.0178738603405,601.4331336479562,85006.29227254719,19011.900402773128,1974.7946259208754,629.5034690520342,910.0177505979351,611.124409721412,86965.77234604592,19435.03885750958,1971.5663737484053,629.5029087683733,893.8671155938915,611.1245801906961,88875.80713232546,19804.624892089883,1971.564390821083,610.1219378134783,877.7154224881939,607.8938196163552,0.0,0.0,0.0,0.0,0.0,0.0,0.0,0.0,0.0,0.0,0.0,0.0,0.0,0.0,0.0,0.0,0.0,0.0,0.0,0.0,0.0,0.0,0.0,0.0,0.0,0.0,0.0,0.0,0.0,0.0,0.0,0.0,0.0,0.0,0.0,0.0,0.0
"110,170",2404.0034136831196,0.0,0.0,0.0,0.0,0.0,0.0,0.0,0.0,0.0,0.0,75384.22225479799,37781.416224286135,4378.789515279321,725.4193547463884,604.0395987707026,445.4905302833108,78670.50528792494,39695.03303834785,4621.013117097406,802.9274709916583,703.3423094833598,481.01503661380093,79141.80417438582,39728.51739958034,4604.87121798852,793.2413397527209,719.4863240802989,481.01527837024014,81449.3669619523,40822.337342501625,4675.09479881268,809.3860400414935,767.921470412086,484.2439117740182,82621.8991731251,41696.35805099619,4841.38775026284,806.1528721547595,764.6944003189311,490.7025344680337,0.0,0.0,0.0,0.0,0.0,0.0,0.0,0.0,0.0,0.0,0.0,0.0,0.0,0.0,0.0,0.0,0.0,0.0,0.0,0.0,0.0,0.0,0.0,0.0,0.0,0.0,0.0,0.0,0.0,0.0,0.0,0.0,0.0,0.0,0.0,0.0,0.0
"111,170",2291.4622018400637,0.0,0.0,0.0,0.0,0.0,0.0,0.0,0.0,0.0,0.0,28431.738263549058,14587.494741011598,2625.8403737591766,630.3478687987608,318.2872305561514,197.75219041599945,31009.825025611768,15366.525647386852,2809.168541524925,661.482676038555,347.4745783104616,223.56370503201202,31806.967846381434,15635.217762784401,2871.8145685747563,672.1194169521332,360.3793422474581,252.60186845555023,33060.25853494476,16369.120205338797,3002.843633880802,717.265659717485,399.0952381386477,275.0359930964077,34506.10355876942,17301.95071051635,3240.0321597239554,775.3410822428909,418.8705549632802,304.07105207162743,0.0,0.0,0.0,0.0,0.0,0.0,0.0,0.0,0.0,0.0,0.0,0.0,0.0,0.0,0.0,0.0,0.0,0.0,0.0,0.0,0.0,0.0,0.0,0.0,0.0,0.0,0.0,0.0,0.0,0.0,0.0,0.0,0.0,0.0,0.0,0.0,0.0
"112,170",1418.6636503529562,0.0,0.0,0.0,0.0,0.0,0.0,0.0,0.0,0.0,0.0,3941.467511058321,4695.321068081201,1182.6247812168272,292.06347492722904,250.65221162309834,235.85243876120623,4973.935753676471,5737.77094335556,1266.7440636027093,304.9633877613965,260.3260819481868,239.07715160986956,5911.117711205577,6576.004666363959,1391.8944380489052,324.31236818818485,270.00001235475725,242.30195267340716,6787.8195609859395,7739.73129292189,1530.5697221961677,336.4004371820712,279.6744720505733,242.30192644736346,7291.927133416195,8526.083772450802,1670.4269474394182,336.40103632796047,298.6053670312844,239.07819206854876,0.0,0.0,0.0,0.0,0.0,0.0,0.0,0.0,0.0,0.0,0.0,0.0,0.0,0.0,0.0,0.0,0.0,0.0,0.0,0.0,0.0,0.0,0.0,0.0,0.0,0.0,0.0,0.0,0.0,0.0,0.0,0.0,0.0,0.0,0.0,0.0,0.0
"113,170",1007.0119604761692,0.0,0.0,0.0,0.0,0.0,0.0,0.0,0.0,0.0,0.0,104.70927691553152,90.67721917488996,77.33750438690186,51.55547332763672,57.19316256841024,77.33570909500122,91.82202291582144,87.45734026291791,77.33750438690186,48.33308935165405,47.52653063138326,77.33570909500122,85.37723589036978,77.79003002503339,70.89157915115356,51.555907011032104,53.97170413335164,74.11276936531067,80.01111714138703,68.12407758095685,64.44755673408508,45.11077070236206,53.97170413335164,64.44472169876099,115.86386319515752,90.67983128884259,74.11536574363708,54.777297019958496,76.53050411542256,67.66787028312683,0.0,0.0,0.0,0.0,0.0,0.0,0.0,0.0,0.0,0.0,0.0,0.0,0.0,0.0,0.0,0.0,0.0,0.0,0.0,0.0,0.0,0.0,0.0,0.0,0.0,0.0,0.0,0.0,0.0,0.0,0.0,0.0,0.0,0.0,0.0,0.0,0.0
"114,170",1412.0064615991816,0.0,0.0,0.0,0.0,0.0,0.0,0.0,0.0,0.0,0.0,1104.3114566971274,695.9888913369647,119.1203741868337,32.18354249000549,54.708016872406006,135.84534255009072,1080.830544655931,708.0540019091437,115.90177176793416,32.18354249000549,54.708048820495605,135.84534255009072,1154.0401714848538,811.1079765516168,130.1996688300488,36.82749196033852,48.27048349380493,135.84534255009072,1262.6048701922098,951.6380634195664,126.98022121728636,36.82749196033852,48.27048349380493,135.84534255009072,1506.4212575977922,1172.8852819237054,165.599142258775,40.04516097050087,54.707627296447754,142.2811371419944,0.0,0.0,0.0,0.0,0.0,0.0,0.0,0.0,0.0,0.0,0.0,0.0,0.0,0.0,0.0,0.0,0.0,0.0,0.0,0.0,0.0,0.0,0.0,0.0,0.0,0.0,0.0,0.0,0.0,0.0,0.0,0.0,0.0,0.0,0.0,0.0,0.0
"115,170",2203.491619334435,0.0,0.0,0.0,0.0,0.0,0.0,0.0,0.0,0.0,0.0,24403.250111333997,14175.689226761988,1932.8257863091487,460.54736871999853,637.4387280492222,797.5906849917244,25555.359848967717,14962.00797419174,2000.348115162756,450.8992383031284,605.2791273145115,787.9432636317085,26803.121196301778,15770.34696219201,2020.8245386245203,462.33032579982984,640.6492032555973,787.9406996783089,27414.952805190922,16155.500002822688,2018.3062348936119,459.10946150387036,643.8660482911503,775.075904231913,29684.749077438843,17597.9805895422,2334.147053492303,560.2223046358895,711.3941392449772,804.015925508387,0.0,0.0,0.0,0.0,0.0,0.0,0.0,0.0,0.0,0.0,0.0,0.0,0.0,0.0,0.0,0.0,0.0,0.0,0.0,0.0,0.0,0.0,0.0,0.0,0.0,0.0,0.0,0.0,0.0,0.0,0.0,0.0,0.0,0.0,0.0,0.0,0.0
"116,170",1993.8664292688204,0.0,0.0,0.0,0.0,0.0,0.0,0.0,0.0,0.0,0.0,26820.25676245783,18303.93036714909,7436.407152934168,3105.9000671470867,2950.0528388023376,1102.3315516013724,27540.871215531402,19123.969161034565,7670.975467724894,3205.519622858833,3052.880608558655,1124.8276312846763,28402.141600115156,19782.934366481444,7908.875564261043,3317.9990733230816,3165.3536467552185,1121.613423873864,29039.062373552133,20175.915173693265,8019.837351323108,3385.48752599604,3203.115569005293,1150.538051177941,29692.138344415027,20659.82997079737,8202.329433963812,3496.5393745506512,3293.097679744047,1182.6765194434745,0.0,0.0,0.0,0.0,0.0,0.0,0.0,0.0,0.0,0.0,0.0,0.0,0.0,0.0,0.0,0.0,0.0,0.0,0.0,0.0,0.0,0.0,0.0,0.0,0.0,0.0,0.0,0.0,0.0,0.0,0.0,0.0,0.0,0.0,0.0,0.0,0.0
"117,170",69.42488960110359,0.0,0.0,0.0,0.0,0.0,0.0,0.0,0.0,0.0,0.0,2376.604651091146,44.90299774431715,3.2111172676086426,0.0,3.2111172676086426,6.422318935394287,2376.604651091146,44.90299774431715,3.2111172676086426,0.0,3.2111172676086426,6.422318935394287,2379.815635082769,41.69189263605604,0.0,0.0,3.2111172676086426,6.422318935394287,2383.026619074392,48.114066136117074,0.0,0.0,3.2111172676086426,6.422318935394287,2383.026619074392,48.114066136117074,0.0,0.0,3.2111172676086426,9.633496522903442,0.0,0.0,0.0,0.0,0.0,0.0,0.0,0.0,0.0,0.0,0.0,0.0,0.0,0.0,0.0,0.0,0.0,0.0,0.0,0.0,0.0,0.0,0.0,0.0,0.0,0.0,0.0,0.0,0.0,0.0,0.0,0.0,0.0,0.0,0.0,0.0,0.0
"86,171",635.9785769468381,0.0,0.0,0.0,0.0,0.0,0.0,0.0,0.0,0.0,0.0,4147.597099842744,951.5110296193291,466.18132823027815,147.17631840705872,188.0004107952118,77.34853196144104,5051.79594798836,1097.9671390215556,530.6355027488634,148.52781996820488,191.22079706192017,74.12553381919861,5643.407476538302,1184.3114207576302,579.0672018771078,173.08413233944015,207.3348741531372,77.34827995300293,5843.140759692472,1345.45598729358,651.2484915032106,192.42173185535506,258.9010000228882,93.46255350112915,6044.7338271991875,1482.4074019965005,761.8998665585237,240.2332546336978,316.9132945537567,109.57693886756897,0.0,0.0,0.0,0.0,0.0,0.0,0.0,0.0,0.0,0.0,0.0,0.0,0.0,0.0,0.0,0.0,0.0,0.0,0.0,0.0,0.0,0.0,0.0,0.0,0.0,0.0,0.0,0.0,0.0,0.0,0.0,0.0,0.0,0.0,0.0,0.0,0.0
"87,171",2497.5104688192473,0.0,0.0,0.0,0.0,0.0,0.0,0.0,0.0,0.0,0.0,19.34174871444702,44.32616207459394,33.84317729519863,26.84935991904315,15.017849543515373,16.117713689804077,18.532535097645777,44.32693288186017,24.981547995174633,33.29533140799579,15.017306425992182,16.117713689804077,24.980661890553492,37.8778073535246,24.981547995174633,33.29533140799579,11.793036082211664,16.117713689804077,21.757144949482935,24.984064076928533,24.171656160728602,26.847498823614682,11.793036082211664,16.117713689804077,15.308973095463772,34.654884789971746,29.51876605351766,26.847498823614682,11.793036082211664,16.117713689804077,0.0,0.0,0.0,0.0,0.0,0.0,0.0,0.0,0.0,0.0,0.0,0.0,0.0,0.0,0.0,0.0,0.0,0.0,0.0,0.0,0.0,0.0,0.0,0.0,0.0,0.0,0.0,0.0,0.0,0.0,0.0,0.0,0.0,0.0,0.0,0.0,0.0
"88,171",2499.353885480367,0.0,0.0,0.0,0.0,0.0,0.0,0.0,0.0,0.0,0.0,35.49242281913757,25.811459064483643,3.2259299755096436,0.0,0.0,0.0,41.94492769241333,25.811459064483643,0.0,0.0,0.0,0.0,57.01782220672159,32.98883340779473,0.0,0.0,0.0,0.0,58.46448745447047,26.535663823520437,0.0,0.0,0.0,0.0,98.64124928081738,26.535663823520437,0.0,0.0,0.0,0.0,0.0,0.0,0.0,0.0,0.0,0.0,0.0,0.0,0.0,0.0,0.0,0.0,0.0,0.0,0.0,0.0,0.0,0.0,0.0,0.0,0.0,0.0,0.0,0.0,0.0,0.0,0.0,0.0,0.0,0.0,0.0,0.0,0.0,0.0,0.0,0.0,0.0
"89,171",2501.04601040778,0.0,0.0,0.0,0.0,0.0,0.0,0.0,0.0,0.0,0.0,1605.1872239112854,48.43901038169861,9.686582565307617,3.2295758724212646,19.37621259689331,3.2295024394989014,2121.8992681503296,74.27291941642761,9.686582565307617,6.458729982376099,16.1468505859375,3.2295024394989014,2407.092568218007,96.14818980273078,9.686582565307617,6.458729982376099,16.1468505859375,3.2295024394989014,2815.7774349240694,70.31454231318305,9.68571925163269,9.686696290969849,16.1468505859375,3.2295024394989014,3053.264371055715,99.37334181841682,16.140027284622192,9.686696290969849,9.68864631652832,3.2295024394989014,0.0,0.0,0.0,0.0,0.0,0.0,0.0,0.0,0.0,0.0,0.0,0.0,0.0,0.0,0.0,0.0,0.0,0.0,0.0,0.0,0.0,0.0,0.0,0.0,0.0,0.0,0.0,0.0,0.0,0.0,0.0,0.0,0.0,0.0,0.0,0.0,0.0
"90,171",2502.586240324828,0.0,0.0,0.0,0.0,0.0,0.0,0.0,0.0,0.0,0.0,5227.53551739057,316.66812896728516,22.615962028503418,3.230429172515869,12.922696828842163,3.231091260910034,7929.26734238045,432.980206489563,45.22982835769653,6.462295293807983,25.84530258178711,3.231091260910034,9399.993507809733,539.6049129962921,54.923283100128174,16.15461015701294,35.53622388839722,3.231091260910034,10934.803800400567,878.9097173213959,129.24533247947693,29.078852653503418,51.6880316734314,3.231091260910034,11749.958018931222,1127.6888341903687,180.93502616882324,35.53966164588928,83.99202728271484,6.461428880691528,0.0,0.0,0.0,0.0,0.0,0.0,0.0,0.0,0.0,0.0,0.0,0.0,0.0,0.0,0.0,0.0,0.0,0.0,0.0,0.0,0.0,0.0,0.0,0.0,0.0,0.0,0.0,0.0,0.0,0.0,0.0,0.0,0.0,0.0,0.0,0.0,0.0
"91,171",2503.974025171874,0.0,0.0,0.0,0.0,0.0,0.0,0.0,0.0,0.0,0.0,26418.839865969676,2483.493355353673,362.0559163093567,38.792271852493286,0.0,0.0,27663.738983166455,2622.4853120644884,384.68310046195984,38.792271852493286,0.0,0.0,28415.413155803493,2780.8750749429064,400.84514904022217,38.793100357055664,0.0,0.0,29820.69384309077,2956.2569809567694,436.4043791294098,38.793100357055664,0.0,0.0,30038.752660003363,3023.333111842473,468.7331311702728,35.560755491256714,0.0,0.0,0.0,0.0,0.0,0.0,0.0,0.0,0.0,0.0,0.0,0.0,0.0,0.0,0.0,0.0,0.0,0.0,0.0,0.0,0.0,0.0,0.0,0.0,0.0,0.0,0.0,0.0,0.0,0.0,0.0,0.0,0.0,0.0,0.0,0.0,0.0,0.0,0.0
"92,171",2505.208868567581,0.0,0.0,0.0,0.0,0.0,0.0,0.0,0.0,0.0,0.0,834.7786978188683,635.7444913396648,114.27743464918697,16.174663066864014,0.0,0.0,1006.2029311198814,707.7004830042521,140.1537883898791,16.174663066864014,0.0,0.0,7206.0045322969845,2343.5616013910258,172.49840384932125,16.174663066864014,0.0,0.0,7758.276271444209,2443.827763071247,185.43535620184505,19.409257650375366,0.0,0.0,7667.703783851512,2430.8863139059026,188.66871172400081,25.878218173980713,0.0,0.0,0.0,0.0,0.0,0.0,0.0,0.0,0.0,0.0,0.0,0.0,0.0,0.0,0.0,0.0,0.0,0.0,0.0,0.0,0.0,0.0,0.0,0.0,0.0,0.0,0.0,0.0,0.0,0.0,0.0,0.0,0.0,0.0,0.0,0.0,0.0,0.0,0.0
"93,171",2506.29032822548,0.0,0.0,0.0,0.0,0.0,0.0,0.0,0.0,0.0,0.0,7054.355740395714,4992.324173478519,966.3750674724579,97.070969581604,3.2354753017425537,0.0,7879.391034690071,5587.657542495166,1076.3853814601898,103.54228186607361,6.4709556102752686,0.0,8549.097006646325,5970.231873401006,1176.6835815906525,113.24870538711548,6.4709556102752686,0.0,8338.784805861642,5909.559683450998,1102.2624003887177,119.71994709968567,3.2354753017425537,0.0,9254.439849164439,6088.328426361084,1060.1997230052948,113.2484200000763,3.2354753017425537,0.0,0.0,0.0,0.0,0.0,0.0,0.0,0.0,0.0,0.0,0.0,0.0,0.0,0.0,0.0,0.0,0.0,0.0,0.0,0.0,0.0,0.0,0.0,0.0,0.0,0.0,0.0,0.0,0.0,0.0,0.0,0.0,0.0,0.0,0.0,0.0,0.0,0.0
"94,171",2507.218016325198,0.0,0.0,0.0,0.0,0.0,0.0,0.0,0.0,0.0,0.0,34906.37424461328,6009.543304455515,647.0657252592199,74.45753836631775,6.474563837051392,0.0,40334.05153877408,7381.989112150903,747.4076589864843,84.16872978210449,6.474563837051392,0.0,43247.75236532548,7936.400863411847,815.3844260496252,90.64219999313354,6.474563837051392,0.0,45290.08906712812,8082.423081229715,802.4366432947271,90.64219999313354,6.474563837051392,0.0,47195.81639840557,8357.922380107992,792.7258717340582,97.11596250534058,6.474563837051392,0.0,0.0,0.0,0.0,0.0,0.0,0.0,0.0,0.0,0.0,0.0,0.0,0.0,0.0,0.0,0.0,0.0,0.0,0.0,0.0,0.0,0.0,0.0,0.0,0.0,0.0,0.0,0.0,0.0,0.0,0.0,0.0,0.0,0.0,0.0,0.0,0.0,0.0
"95,171",2507.991599840044,0.0,0.0,0.0,0.0,0.0,0.0,0.0,0.0,0.0,0.0,80515.85613236428,3972.625849381615,332.78150612887214,35.61695647239685,0.0,0.0,83904.08167860181,4277.787560388153,381.3489666658289,25.902422428131104,0.0,0.0,87570.08262887,4725.331219732995,442.86791784342597,25.902422428131104,0.0,0.0,93862.0161333617,5541.73309858453,569.1438015180476,32.37765383720398,0.0,0.0,100282.74949104177,6356.5287768719245,630.6657880025751,38.85383057594299,0.0,0.0,0.0,0.0,0.0,0.0,0.0,0.0,0.0,0.0,0.0,0.0,0.0,0.0,0.0,0.0,0.0,0.0,0.0,0.0,0.0,0.0,0.0,0.0,0.0,0.0,0.0,0.0,0.0,0.0,0.0,0.0,0.0,0.0,0.0,0.0,0.0,0.0,0.0
"96,171",2508.6108008170877,0.0,0.0,0.0,0.0,0.0,0.0,0.0,0.0,0.0,0.0,57064.841562772264,5767.933413925358,506.3043074663948,32.38711881637573,0.0,0.0,64833.09975379027,6768.680988775514,606.7041647490333,42.103179693222046,0.0,0.0,70410.08801532819,7673.097621959799,665.0008845385383,48.58029651641846,0.0,0.0,74804.17916128214,8350.622337578792,736.2509627398323,55.05776786804199,6.477742433547974,0.0,80559.39250816457,9256.627679959463,845.555227991179,55.058213233947754,6.477742433547974,0.0,0.0,0.0,0.0,0.0,0.0,0.0,0.0,0.0,0.0,0.0,0.0,0.0,0.0,0.0,0.0,0.0,0.0,0.0,0.0,0.0,0.0,0.0,0.0,0.0,0.0,0.0,0.0,0.0,0.0,0.0,0.0,0.0,0.0,0.0,0.0,0.0,0.0
"97,171",2509.0753966112156,0.0,0.0,0.0,0.0,0.0,0.0,0.0,0.0,0.0,0.0,10165.301326034583,1819.7931983022129,233.96131841996137,22.676076412200928,0.0,0.0,12162.166679644115,2234.4177454537034,299.47394261079677,22.676076412200928,0.0,0.0,13086.630457869695,2402.051952571495,331.0554320746777,25.915366411209106,0.0,0.0,14146.980864434145,2494.1997466302387,344.01354073823666,25.915366411209106,0.0,0.0,15390.055266012861,2539.552901766347,324.5775153571484,38.873831033706665,0.0,0.0,0.0,0.0,0.0,0.0,0.0,0.0,0.0,0.0,0.0,0.0,0.0,0.0,0.0,0.0,0.0,0.0,0.0,0.0,0.0,0.0,0.0,0.0,0.0,0.0,0.0,0.0,0.0,0.0,0.0,0.0,0.0,0.0,0.0,0.0,0.0,0.0,0.0
"98,171",2509.385220074373,0.0,0.0,0.0,0.0,0.0,0.0,0.0,0.0,0.0,0.0,4685.8612888747575,2454.323857700124,258.451268269034,16.198371171951294,0.0,0.0,5782.555182585997,3014.782906209721,345.19749083799474,22.677642822265625,0.0,0.0,5801.262840918934,3180.004163896336,367.87416639608495,22.677642822265625,0.0,0.0,6218.459551816828,3506.7394127817715,426.18854060453526,29.156967163085938,0.0,0.0,5955.2339374028,3314.7803963090855,400.2701422242557,25.91729712486267,0.0,0.0,0.0,0.0,0.0,0.0,0.0,0.0,0.0,0.0,0.0,0.0,0.0,0.0,0.0,0.0,0.0,0.0,0.0,0.0,0.0,0.0,0.0,0.0,0.0,0.0,0.0,0.0,0.0,0.0,0.0,0.0,0.0,0.0,0.0,0.0,0.0,0.0,0.0
"99,171",2509.540159695353,0.0,0.0,0.0,0.0,0.0,0.0,0.0,0.0,0.0,0.0,13781.333700645671,3266.8614132965313,556.4623589478288,35.639678716659546,0.0,0.0,14281.905883535685,3590.860405262779,611.5421147309098,38.879642486572266,0.0,0.0,14405.027355179132,3665.381076630424,624.5022346936021,38.879642486572266,0.0,0.0,14414.026073440851,3629.74267059214,634.2223191223893,42.11964249610901,0.0,0.0,14254.54739020759,3564.9443319404827,595.3428826294694,38.87966513633728,0.0,0.0,0.0,0.0,0.0,0.0,0.0,0.0,0.0,0.0,0.0,0.0,0.0,0.0,0.0,0.0,0.0,0.0,0.0,0.0,0.0,0.0,0.0,0.0,0.0,0.0,0.0,0.0,0.0,0.0,0.0,0.0,0.0,0.0,0.0,0.0,0.0,0.0,0.0
"100,171",2509.5401596953293,0.0,0.0,0.0,0.0,0.0,0.0,0.0,0.0,0.0,0.0,348.12784075737,88.92822313308716,3.2399933338165283,0.0,0.0,0.0,361.08765268325806,92.16812801361084,3.2399933338165283,0.0,0.0,0.0,493.9252014160156,144.00768876075745,3.2399933338165283,0.0,0.0,0.0,582.12859582901,212.389993316987,3.2399933338165283,0.0,0.0,0.0,624.9730899333954,218.86996043429656,3.2399933338165283,0.0,0.0,0.0,0.0,0.0,0.0,0.0,0.0,0.0,0.0,0.0,0.0,0.0,0.0,0.0,0.0,0.0,0.0,0.0,0.0,0.0,0.0,0.0,0.0,0.0,0.0,0.0,0.0,0.0,0.0,0.0,0.0,0.0,0.0,0.0,0.0,0.0,0.0,0.0,0.0
"101,171",2509.385220074396,0.0,0.0,0.0,0.0,0.0,0.0,0.0,0.0,0.0,0.0,728.9477565288544,226.78222751617432,16.198689937591553,0.0,0.0,0.0,835.8594720363617,288.337361574173,22.678160667419434,0.0,0.0,0.0,1069.127368927002,443.850337266922,35.63734197616577,0.0,0.0,0.0,1474.0959177017212,582.7929921383951,58.315611839294434,0.0,0.0,0.0,1788.3477101325989,718.8608651394937,74.51435494422913,0.0,0.0,0.0,0.0,0.0,0.0,0.0,0.0,0.0,0.0,0.0,0.0,0.0,0.0,0.0,0.0,0.0,0.0,0.0,0.0,0.0,0.0,0.0,0.0,0.0,0.0,0.0,0.0,0.0,0.0,0.0,0.0,0.0,0.0,0.0,0.0,0.0,0.0,0.0,0.0
"102,171",2509.075396611197,0.0,0.0,0.0,0.0,0.0,0.0,0.0,0.0,0.0,0.0,4239.388304739372,1266.9122204649682,149.3589613306756,12.956952095031738,0.0,0.0,4602.192465572731,1315.5031378138299,172.03385327937556,12.956952095031738,0.0,0.0,5143.158148079292,1367.3310184347863,178.51333640696956,12.956952095031738,0.0,0.0,5399.415022865931,1464.8650066590776,194.71019695880366,12.956952095031738,0.0,0.0,6194.472120010151,1481.4198727215037,217.3861627447839,12.956952095031738,0.0,0.0,0.0,0.0,0.0,0.0,0.0,0.0,0.0,0.0,0.0,0.0,0.0,0.0,0.0,0.0,0.0,0.0,0.0,0.0,0.0,0.0,0.0,0.0,0.0,0.0,0.0,0.0,0.0,0.0,0.0,0.0,0.0,0.0,0.0,0.0,0.0,0.0,0.0
"103,171",2508.610800817144,0.0,0.0,0.0,0.0,0.0,0.0,0.0,0.0,0.0,0.0,23709.016509758258,4866.396365260143,537.2910552155738,3.239056348800659,0.0,0.0,30443.72566389009,5889.118679036346,605.3051719796424,3.239056348800659,0.0,0.0,31327.831498243293,6124.721902528464,649.8361222042756,3.239056348800659,0.0,0.0,40073.54048937349,7131.000806579404,811.7797586216647,3.239056348800659,0.0,0.0,44728.45612562217,7800.241831166137,934.852795530768,3.239056348800659,0.0,0.0,0.0,0.0,0.0,0.0,0.0,0.0,0.0,0.0,0.0,0.0,0.0,0.0,0.0,0.0,0.0,0.0,0.0,0.0,0.0,0.0,0.0,0.0,0.0,0.0,0.0,0.0,0.0,0.0,0.0,0.0,0.0,0.0,0.0,0.0,0.0,0.0,0.0
"104,171",2507.9915998400934,0.0,0.0,0.0,0.0,0.0,0.0,0.0,0.0,0.0,0.0,23881.54648635247,14655.324937433355,2169.267810303557,543.931056022644,330.24189257621765,22.6635525226593,28852.447665131323,16940.97379441635,2272.8849057739853,582.7855010032654,359.3809015750885,22.6635525226593,29722.37166515612,17524.883733228606,2370.0191559380173,592.4991707801819,359.3808183670044,22.6635525226593,31761.60810247122,18695.507951262414,2580.4798271244645,631.3532299995422,394.9972460269928,22.6635525226593,32341.186772362387,19285.898099425256,2697.0385093277573,676.6807758808136,404.71017050743103,22.6635525226593,0.0,0.0,0.0,0.0,0.0,0.0,0.0,0.0,0.0,0.0,0.0,0.0,0.0,0.0,0.0,0.0,0.0,0.0,0.0,0.0,0.0,0.0,0.0,0.0,0.0,0.0,0.0,0.0,0.0,0.0,0.0,0.0,0.0,0.0,0.0,0.0,0.0
"105,171",2507.218016325191,0.0,0.0,0.0,0.0,0.0,0.0,0.0,0.0,0.0,0.0,12314.561120252985,3331.9137738143695,650.7137467861176,103.59583067893982,42.08613419532776,0.0,12777.07944263851,3436.574233049505,615.1022827625275,90.6460931301117,35.61125731468201,0.0,13442.471135949154,3765.717581072976,666.900279045105,93.88325047492981,32.37391972541809,0.0,13889.06191596611,4146.625371882495,744.5982310771942,103.59520101547241,38.848716497421265,0.0,14844.998056562275,4524.29384861273,780.2095992565155,116.54483199119568,48.560901403427124,0.0,0.0,0.0,0.0,0.0,0.0,0.0,0.0,0.0,0.0,0.0,0.0,0.0,0.0,0.0,0.0,0.0,0.0,0.0,0.0,0.0,0.0,0.0,0.0,0.0,0.0,0.0,0.0,0.0,0.0,0.0,0.0,0.0,0.0,0.0,0.0,0.0,0.0
"106,171",2506.290328225389,0.0,0.0,0.0,0.0,0.0,0.0,0.0,0.0,0.0,0.0,16185.814274383993,294.45796632766724,19.415201663970947,0.0,3.2358055114746094,0.0,15868.711939884633,300.9309902191162,19.415201663970947,0.0,3.2358055114746094,0.0,15639.595325598995,323.57825779914856,25.88618755340576,0.0,3.2358055114746094,0.0,16394.71924851735,339.75842452049255,25.88618755340576,0.0,3.2358055114746094,0.0,16799.17757891019,352.70203280448914,25.88618755340576,0.0,3.2358055114746094,0.0,0.0,0.0,0.0,0.0,0.0,0.0,0.0,0.0,0.0,0.0,0.0,0.0,0.0,0.0,0.0,0.0,0.0,0.0,0.0,0.0,0.0,0.0,0.0,0.0,0.0,0.0,0.0,0.0,0.0,0.0,0.0,0.0,0.0,0.0,0.0,0.0,0.0
"107,171",2043.8226122362396,0.0,0.0,0.0,0.0,0.0,0.0,0.0,0.0,0.0,0.0,8645.912717922998,213.81469004574944,6.468417406082153,0.0,0.0,0.0,8953.523820899516,220.2806627077215,6.468417406082153,0.0,0.0,0.0,9620.75853787871,229.9829913896673,9.703014850616455,0.0,0.0,0.0,9966.981742027694,233.2165345472448,9.703014850616455,0.0,0.0,0.0,10435.035986423492,258.25146949431473,9.436694215325748,0.0,0.0,0.0,0.0,0.0,0.0,0.0,0.0,0.0,0.0,0.0,0.0,0.0,0.0,0.0,0.0,0.0,0.0,0.0,0.0,0.0,0.0,0.0,0.0,0.0,0.0,0.0,0.0,0.0,0.0,0.0,0.0,0.0,0.0,0.0,0.0,0.0,0.0,0.0,0.0
"108,171",925.4057942314045,0.0,0.0,0.0,0.0,0.0,0.0,0.0,0.0,0.0,0.0,22194.968937842987,11288.461567660876,1656.452026348488,168.11161518096924,9.698734045028687,0.0,22899.150855461754,11270.166859201358,1582.0822548679278,174.57529020309448,9.698734045028687,0.0,24595.235691916707,11789.54646676662,1698.4585323146746,190.7361078262329,9.698734045028687,0.0,25295.29715026406,12112.25719072959,1711.3826446346209,177.80341577529907,9.698734045028687,0.0,26832.347260106777,12706.854701356327,1779.2652919105456,193.96779894828796,9.698734045028687,0.0,0.0,0.0,0.0,0.0,0.0,0.0,0.0,0.0,0.0,0.0,0.0,0.0,0.0,0.0,0.0,0.0,0.0,0.0,0.0,0.0,0.0,0.0,0.0,0.0,0.0,0.0,0.0,0.0,0.0,0.0,0.0,0.0,0.0,0.0,0.0,0.0,0.0
"110,171",711.5682063207734,0.0,0.0,0.0,0.0,0.0,0.0,0.0,0.0,0.0,0.0,19347.604578764298,7043.708965952255,534.5590962082732,41.53591127582625,3.2281899452209473,0.0,20910.410563708287,7696.541693995046,619.620598268509,44.85256555875142,3.2281899452209473,0.0,21242.974500899218,7722.602596011817,665.2585347540238,57.76531580289205,9.684280157089233,0.0,21887.843027960083,8141.392201674218,693.9611997707217,57.76522949536641,12.912532091140747,0.0,22569.270278102278,8598.879316262639,771.4402365787356,70.95778509775798,16.140588998794556,0.0,0.0,0.0,0.0,0.0,0.0,0.0,0.0,0.0,0.0,0.0,0.0,0.0,0.0,0.0,0.0,0.0,0.0,0.0,0.0,0.0,0.0,0.0,0.0,0.0,0.0,0.0,0.0,0.0,0.0,0.0,0.0,0.0,0.0,0.0,0.0,0.0,0.0
"111,171",540.8184032607168,0.0,0.0,0.0,0.0,0.0,0.0,0.0,0.0,0.0,0.0,12483.084428027098,3925.59391614222,582.3743129113141,77.21992695097829,71.49950828271753,25.817439079284668,13446.359370678549,4096.086744333716,627.5512190201703,77.21945082907583,71.49950828271753,25.817439079284668,13842.026682561054,4211.939714927299,617.8686530926648,83.67271268134023,78.4841876226313,22.590243101119995,14636.232112961192,4408.172152274262,638.6251866312588,93.35469329123403,84.93788506563972,25.816964864730835,15558.137016058905,4683.444823412801,696.7121426554287,120.05633185050067,88.1651539998896,22.58979296684265,0.0,0.0,0.0,0.0,0.0,0.0,0.0,0.0,0.0,0.0,0.0,0.0,0.0,0.0,0.0,0.0,0.0,0.0,0.0,0.0,0.0,0.0,0.0,0.0,0.0,0.0,0.0,0.0,0.0,0.0,0.0,0.0,0.0,0.0,0.0,0.0,0.0
"116,171",239.17204686479613,0.0,0.0,0.0,0.0,0.0,0.0,0.0,0.0,0.0,0.0,1873.2438207850741,2043.2755880290388,741.894277495029,319.64445713080613,286.84226409126734,152.05071671990788,1866.8164175734805,2072.195005648744,732.2537881552005,310.0028214744493,286.84142676521753,155.26478942422307,1898.9561032042789,2106.541153474883,778.0848986878115,329.28120282210557,290.0541874520919,158.47883924035466,1911.8104473338412,2141.284375416999,805.0140649823581,343.54525566849054,293.26727644134974,158.47883924035466,1882.2729270841564,2136.7632214265714,824.2940287141239,353.1866819933349,302.90810218979334,168.11792858628667,0.0,0.0,0.0,0.0,0.0,0.0,0.0,0.0,0.0,0.0,0.0,0.0,0.0,0.0,0.0,0.0,0.0,0.0,0.0,0.0,0.0,0.0,0.0,0.0,0.0,0.0,0.0,0.0,0.0,0.0,0.0,0.0,0.0,0.0,0.0,0.0,0.0
"87,172",1917.243515364363,0.0,0.0,0.0,0.0,0.0,0.0,0.0,0.0,0.0,0.0,79.5155480702718,107.18498733183917,37.07762625170689,3.223341703414917,6.4487364292144775,0.0,100.13987642269508,142.64187433859883,39.49196322385002,6.446655750274658,6.4487364292144775,0.0,119.48115759830849,181.3286683811861,55.610431746875534,9.670727729797363,3.224377155303955,0.0,159.9722422796137,203.89314749381123,78.98672220192704,9.670727729797363,3.224377155303955,0.0,170.71672614789475,220.0122919335085,101.55346915207657,12.895104885101318,3.224377155303955,0.0,0.0,0.0,0.0,0.0,0.0,0.0,0.0,0.0,0.0,0.0,0.0,0.0,0.0,0.0,0.0,0.0,0.0,0.0,0.0,0.0,0.0,0.0,0.0,0.0,0.0,0.0,0.0,0.0,0.0,0.0,0.0,0.0,0.0,0.0,0.0,0.0,0.0
"88,172",2499.4655077922775,0.0,0.0,0.0,0.0,0.0,0.0,0.0,0.0,0.0,0.0,19.36123538017273,0.0,3.2267823219299316,0.0,0.0,0.0,25.814775466918945,3.2267823219299316,6.453539848327637,0.0,0.0,0.0,25.814398765563965,3.2267823219299316,6.453539848327637,0.0,0.0,0.0,25.814398765563965,3.2267823219299316,9.680314064025879,0.0,0.0,0.0,25.814398765563965,0.0,3.226774215698242,0.0,0.0,0.0,0.0,0.0,0.0,0.0,0.0,0.0,0.0,0.0,0.0,0.0,0.0,0.0,0.0,0.0,0.0,0.0,0.0,0.0,0.0,0.0,0.0,0.0,0.0,0.0,0.0,0.0,0.0,0.0,0.0,0.0,0.0,0.0,0.0,0.0,0.0,0.0,0.0
"89,172",2501.1579123182255,0.0,0.0,0.0,0.0,0.0,0.0,0.0,0.0,0.0,0.0,22.601826429367065,3.228548288345337,6.4565558433532715,0.0,0.0,0.0,22.601826429367065,0.0,6.4565558433532715,0.0,0.0,0.0,22.601826429367065,0.0,6.4565558433532715,0.0,0.0,0.0,22.601826429367065,0.0,6.4565558433532715,0.0,0.0,0.0,22.601826429367065,0.0,6.4565558433532715,0.0,0.0,0.0,0.0,0.0,0.0,0.0,0.0,0.0,0.0,0.0,0.0,0.0,0.0,0.0,0.0,0.0,0.0,0.0,0.0,0.0,0.0,0.0,0.0,0.0,0.0,0.0,0.0,0.0,0.0,0.0,0.0,0.0,0.0,0.0,0.0,0.0,0.0,0.0,0.0
"90,172",2502.698400873072,0.0,0.0,0.0,0.0,0.0,0.0,0.0,0.0,0.0,0.0,1413.2638369896833,1101.1530601239672,147.02020659914203,22.620427131652832,3.231239080429077,0.0,1770.318106728909,1431.789853110033,214.15328873653036,35.54555654525757,3.231239080429077,0.0,1910.047879630444,1511.8475394248962,227.07739271182638,35.54555654525757,3.231239080429077,0.0,2171.889574039684,1698.5389717232947,285.24427951831444,35.54466533660889,3.231239080429077,0.0,2497.816288454392,1947.369771302915,345.0211294389238,45.23827338218689,6.462444543838501,0.0,0.0,0.0,0.0,0.0,0.0,0.0,0.0,0.0,0.0,0.0,0.0,0.0,0.0,0.0,0.0,0.0,0.0,0.0,0.0,0.0,0.0,0.0,0.0,0.0,0.0,0.0,0.0,0.0,0.0,0.0,0.0,0.0,0.0,0.0,0.0,0.0,0.0
"91,172",2504.086422148559,0.0,0.0,0.0,0.0,0.0,0.0,0.0,0.0,0.0,0.0,7276.260289704566,2138.225120119955,109.90447759628296,9.697148323059082,0.0,0.0,7216.393442824307,2078.9725099554253,126.78776456327999,9.697148323059082,0.0,0.0,7164.629258110944,2118.4711109292275,149.41164351912107,12.929404258728027,0.0,0.0,7903.9147099410775,2322.0226270180124,181.73604465933408,19.392909288406372,0.0,0.0,8947.574777662052,2862.6318142778737,298.097862257677,34.112328938876885,3.2322306632995605,0.0,0.0,0.0,0.0,0.0,0.0,0.0,0.0,0.0,0.0,0.0,0.0,0.0,0.0,0.0,0.0,0.0,0.0,0.0,0.0,0.0,0.0,0.0,0.0,0.0,0.0,0.0,0.0,0.0,0.0,0.0,0.0,0.0,0.0,0.0,0.0,0.0,0.0
"92,172",2505.3214786273015,0.0,0.0,0.0,0.0,0.0,0.0,0.0,0.0,0.0,0.0,4500.387054841659,1687.7380889855178,274.9416308403015,42.04957604408264,0.0,0.0,5203.391545812757,1965.1197445205614,310.5222535133362,51.75254011154175,0.0,0.0,5341.123152035358,2062.9697927540424,336.3982357978821,51.75254011154175,0.0,0.0,5951.090976574842,2341.1302260464313,395.68594406352327,54.98684000968933,0.0,0.0,6192.567713802001,2604.1744943992767,434.4955129455118,66.12386183551713,0.0,0.0,0.0,0.0,0.0,0.0,0.0,0.0,0.0,0.0,0.0,0.0,0.0,0.0,0.0,0.0,0.0,0.0,0.0,0.0,0.0,0.0,0.0,0.0,0.0,0.0,0.0,0.0,0.0,0.0,0.0,0.0,0.0,0.0,0.0,0.0,0.0,0.0,0.0
"93,172",2506.4031270030396,0.0,0.0,0.0,0.0,0.0,0.0,0.0,0.0,0.0,0.0,3652.471599623736,1235.1919326501734,213.5490207672119,12.94249439239502,0.0,0.0,3767.8869489482804,1280.4986898618586,213.55282258987427,12.94249439239502,0.0,0.0,3754.2324798200643,1224.6906050364178,210.3191192150116,12.94249439239502,0.0,0.0,3918.217700331819,1259.4813355118622,225.419847091039,12.94249439239502,0.0,0.0,3398.035004165126,1031.1180697282157,212.47944291432697,12.94249439239502,0.0,0.0,0.0,0.0,0.0,0.0,0.0,0.0,0.0,0.0,0.0,0.0,0.0,0.0,0.0,0.0,0.0,0.0,0.0,0.0,0.0,0.0,0.0,0.0,0.0,0.0,0.0,0.0,0.0,0.0,0.0,0.0,0.0,0.0,0.0,0.0,0.0,0.0,0.0
"94,172",2507.330978555496,0.0,0.0,0.0,0.0,0.0,0.0,0.0,0.0,0.0,0.0,11698.626094920963,3156.6539095364365,571.2978905116811,61.498451232910156,0.0,0.0,19201.328221946605,5197.524218946344,852.9188683902516,93.87041568756104,0.0,0.0,20935.40391185891,5738.078669286242,940.3135329162374,113.29134225845337,3.236785888671875,0.0,22555.807753519915,5799.566388106814,956.496973363091,106.81656432151794,3.236785888671875,0.0,22885.720665512832,5888.219113356459,969.4482315456166,110.05460786819458,3.236785888671875,0.0,0.0,0.0,0.0,0.0,0.0,0.0,0.0,0.0,0.0,0.0,0.0,0.0,0.0,0.0,0.0,0.0,0.0,0.0,0.0,0.0,0.0,0.0,0.0,0.0,0.0,0.0,0.0,0.0,0.0,0.0,0.0,0.0,0.0,0.0,0.0,0.0,0.0
"95,172",2508.1046994808057,0.0,0.0,0.0,0.0,0.0,0.0,0.0,0.0,0.0,0.0,20474.91841737803,2077.7018427848816,106.8492500782013,22.663880348205566,0.0,0.0,22214.110794648936,2361.852534265144,113.32631325721741,25.901469469070435,0.0,0.0,25463.11548164779,2595.005749435051,126.27881240844727,25.901469469070435,0.0,0.0,33082.862186206556,3579.6397618106766,171.61043977737427,29.139001607894897,0.0,0.0,35938.85984132336,3943.447295403013,178.08537030220032,29.139001607894897,0.0,0.0,0.0,0.0,0.0,0.0,0.0,0.0,0.0,0.0,0.0,0.0,0.0,0.0,0.0,0.0,0.0,0.0,0.0,0.0,0.0,0.0,0.0,0.0,0.0,0.0,0.0,0.0,0.0,0.0,0.0,0.0,0.0,0.0,0.0,0.0,0.0,0.0,0.0
"96,172",2508.7240111741303,0.0,0.0,0.0,0.0,0.0,0.0,0.0,0.0,0.0,0.0,26670.309589600096,6438.292836094837,726.9161916181152,74.49358606338501,3.2388501167297363,0.0,32595.218991653594,7728.9225776457315,908.2769491560318,97.16581797599792,3.2388501167297363,0.0,38228.288510715254,9240.546345443352,1109.074356067882,116.59856653213501,6.477707624435425,0.0,42336.15688441033,10440.000177427366,1258.0574409849505,132.79301571846008,9.716651201248169,0.0,45726.83642269957,11289.527006634542,1288.0145444851296,142.50859785079956,9.716651201248169,0.0,0.0,0.0,0.0,0.0,0.0,0.0,0.0,0.0,0.0,0.0,0.0,0.0,0.0,0.0,0.0,0.0,0.0,0.0,0.0,0.0,0.0,0.0,0.0,0.0,0.0,0.0,0.0,0.0,0.0,0.0,0.0,0.0,0.0,0.0,0.0,0.0,0.0
"97,172",2509.1886904663825,0.0,0.0,0.0,0.0,0.0,0.0,0.0,0.0,0.0,0.0,11203.157428790075,4221.814543110717,852.0923467561311,88.1715057298249,6.478771686553955,0.0,11966.179993156358,4589.667956930049,907.1609126016206,101.12928775993049,6.478771686553955,0.0,12560.123356125403,4882.018051617753,971.134047682145,107.60806922164619,6.478771686553955,0.0,13327.361511454861,5159.149359430051,1019.722741539338,120.56515864577949,3.2392518520355225,0.0,13419.600435171875,5072.245415526745,990.5684289287118,101.12956432548225,3.2392518520355225,0.0,0.0,0.0,0.0,0.0,0.0,0.0,0.0,0.0,0.0,0.0,0.0,0.0,0.0,0.0,0.0,0.0,0.0,0.0,0.0,0.0,0.0,0.0,0.0,0.0,0.0,0.0,0.0,0.0,0.0,0.0,0.0,0.0,0.0,0.0,0.0,0.0,0.0
"98,172",2509.498569814919,0.0,0.0,0.0,0.0,0.0,0.0,0.0,0.0,0.0,0.0,3963.5401908603367,1516.4721127005184,291.5768949985504,60.829581333609184,0.0,0.0,4181.419451671488,1712.3084646645714,330.45511507987976,60.829581333609184,0.0,0.0,4323.97037266563,1773.8660439435173,353.13346123695374,60.829581333609184,0.0,0.0,4942.764099348293,1959.3469105860765,385.5311453342438,67.30892450949725,0.0,0.0,4810.008636641034,1810.4055984955207,356.3735020160675,67.30897243163164,0.0,0.0,0.0,0.0,0.0,0.0,0.0,0.0,0.0,0.0,0.0,0.0,0.0,0.0,0.0,0.0,0.0,0.0,0.0,0.0,0.0,0.0,0.0,0.0,0.0,0.0,0.0,0.0,0.0,0.0,0.0,0.0,0.0,0.0,0.0,0.0,0.0,0.0,0.0
"99,172",2509.653537444666,0.0,0.0,0.0,0.0,0.0,0.0,0.0,0.0,0.0,0.0,5843.088949145524,1236.8503826842589,179.0108437575546,6.479896306991577,0.0,0.0,6112.018264426438,1321.0891348109526,185.4906303919998,3.2399280071258545,0.0,0.0,6306.416706456391,1416.6749247943653,198.45083952324063,6.479925632476807,0.0,0.0,6406.856360091416,1449.0750989352955,230.85071277992398,6.479925632476807,0.0,0.0,6401.991161769045,1410.195742074181,224.370843891069,6.479925632476807,0.0,0.0,0.0,0.0,0.0,0.0,0.0,0.0,0.0,0.0,0.0,0.0,0.0,0.0,0.0,0.0,0.0,0.0,0.0,0.0,0.0,0.0,0.0,0.0,0.0,0.0,0.0,0.0,0.0,0.0,0.0,0.0,0.0,0.0,0.0,0.0,0.0,0.0,0.0
"100,172",2509.6535374446894,0.0,0.0,0.0,0.0,0.0,0.0,0.0,0.0,0.0,0.0,58.31949281692505,12.959913492202759,0.0,0.0,0.0,0.0,55.079493284225464,12.959913492202759,0.0,0.0,0.0,0.0,64.79924726486206,9.719995021820068,0.0,0.0,0.0,0.0,45.35918045043945,0.0,0.0,0.0,0.0,0.0,42.11918091773987,0.0,0.0,0.0,0.0,0.0,0.0,0.0,0.0,0.0,0.0,0.0,0.0,0.0,0.0,0.0,0.0,0.0,0.0,0.0,0.0,0.0,0.0,0.0,0.0,0.0,0.0,0.0,0.0,0.0,0.0,0.0,0.0,0.0,0.0,0.0,0.0,0.0,0.0,0.0,0.0,0.0,0.0
"101,172",2509.49856981492,0.0,0.0,0.0,0.0,0.0,0.0,0.0,0.0,0.0,0.0,77.75227069854736,22.67785930633545,3.2398605346679688,0.0,0.0,0.0,80.99196338653564,22.67785930633545,3.2398605346679688,0.0,0.0,0.0,90.71113181114197,22.67785930633545,0.0,0.0,0.0,0.0,93.95059132575989,22.677855253219604,0.0,0.0,0.0,0.0,87.47124576568604,29.157171964645386,3.239628791809082,3.2396275997161865,0.0,0.0,0.0,0.0,0.0,0.0,0.0,0.0,0.0,0.0,0.0,0.0,0.0,0.0,0.0,0.0,0.0,0.0,0.0,0.0,0.0,0.0,0.0,0.0,0.0,0.0,0.0,0.0,0.0,0.0,0.0,0.0,0.0,0.0,0.0,0.0,0.0,0.0,0.0
"102,172",2509.1886904664,0.0,0.0,0.0,0.0,0.0,0.0,0.0,0.0,0.0,0.0,29.155742168426514,3.239241123199463,6.478766918182373,0.0,0.0,0.0,42.11230421066284,3.239241123199463,6.478766918182373,0.0,0.0,0.0,42.11230421066284,3.239241123199463,6.478766918182373,0.0,0.0,0.0,51.82971930503845,9.71755599975586,9.717938899993896,0.0,0.0,0.0,81.33751603014329,25.913549423217773,16.196638345718384,0.0,0.0,0.0,0.0,0.0,0.0,0.0,0.0,0.0,0.0,0.0,0.0,0.0,0.0,0.0,0.0,0.0,0.0,0.0,0.0,0.0,0.0,0.0,0.0,0.0,0.0,0.0,0.0,0.0,0.0,0.0,0.0,0.0,0.0,0.0,0.0,0.0,0.0,0.0,0.0
"103,172",2508.7240111741357,0.0,0.0,0.0,0.0,0.0,0.0,0.0,0.0,0.0,0.0,3898.4395715526507,683.0058716558942,42.104421615600586,0.0,0.0,0.0,5027.51168759103,887.0240900049023,68.0133068561554,0.0,0.0,0.0,8526.985919767269,1524.5574419236652,120.64326318479053,0.0,0.0,0.0,11706.702576646618,2026.6328827530729,228.7715028416877,0.0,0.0,0.0,13725.906543436235,2312.434183914521,293.5442200791602,0.0,0.0,0.0,0.0,0.0,0.0,0.0,0.0,0.0,0.0,0.0,0.0,0.0,0.0,0.0,0.0,0.0,0.0,0.0,0.0,0.0,0.0,0.0,0.0,0.0,0.0,0.0,0.0,0.0,0.0,0.0,0.0,0.0,0.0,0.0,0.0,0.0,0.0,0.0,0.0
"104,172",2508.104699480772,0.0,0.0,0.0,0.0,0.0,0.0,0.0,0.0,0.0,0.0,42760.24319986175,10369.8757927558,899.0020740443586,170.51281881332397,29.138249158859253,0.0,44078.392489257516,10674.226306214052,918.4306888991712,170.51274752616882,29.138249158859253,0.0,44591.8606639273,10780.747228133445,928.14580802263,170.51274752616882,29.138249158859253,0.0,45578.951516655376,11134.152752125496,957.6463139730341,173.7508144378662,29.138249158859253,0.0,45737.280960560776,11179.491347515817,967.3613970952874,164.03825449943542,29.138249158859253,0.0,0.0,0.0,0.0,0.0,0.0,0.0,0.0,0.0,0.0,0.0,0.0,0.0,0.0,0.0,0.0,0.0,0.0,0.0,0.0,0.0,0.0,0.0,0.0,0.0,0.0,0.0,0.0,0.0,0.0,0.0,0.0,0.0,0.0,0.0,0.0,0.0,0.0
"105,172",2507.330978555548,0.0,0.0,0.0,0.0,0.0,0.0,0.0,0.0,0.0,0.0,14416.190123790853,7632.627781976439,1920.622605834288,622.5682963146883,333.4381549358368,16.186206102371216,15091.339825636733,7917.504675019957,1969.1807186940139,648.4670563950258,323.7264873981476,16.186206102371216,15450.533007115944,8048.602077995563,1999.928619262284,664.6536756767946,326.96457743644714,19.423430919647217,16230.812888664357,8520.673516832614,2200.637771245545,729.3983184113222,398.18357706069946,19.423430919647217,16628.93992164462,8969.01962415097,2424.002279397553,752.0580171360689,411.13262605667114,19.423430919647217,0.0,0.0,0.0,0.0,0.0,0.0,0.0,0.0,0.0,0.0,0.0,0.0,0.0,0.0,0.0,0.0,0.0,0.0,0.0,0.0,0.0,0.0,0.0,0.0,0.0,0.0,0.0,0.0,0.0,0.0,0.0,0.0,0.0,0.0,0.0,0.0,0.0
"106,172",2506.403127002999,0.0,0.0,0.0,0.0,0.0,0.0,0.0,0.0,0.0,0.0,3973.539658170588,181.213276386261,3.236111640930176,0.0,0.0,0.0,4011.290941776949,171.5058557987213,6.472369909286499,0.0,0.0,0.0,3969.580277557934,197.3958237171173,6.472369909286499,0.0,0.0,0.0,4143.525148466522,239.4664442539215,9.708512783050537,0.0,0.0,0.0,4302.08028327624,236.23015689849854,6.472401142120361,0.0,0.0,0.0,0.0,0.0,0.0,0.0,0.0,0.0,0.0,0.0,0.0,0.0,0.0,0.0,0.0,0.0,0.0,0.0,0.0,0.0,0.0,0.0,0.0,0.0,0.0,0.0,0.0,0.0,0.0,0.0,0.0,0.0,0.0,0.0,0.0,0.0,0.0,0.0,0.0
"107,172",682.3404882027141,0.0,0.0,0.0,0.0,0.0,0.0,0.0,0.0,0.0,0.0,258.6450793724434,6.4696290493011475,3.2348430156707764,0.0,0.0,0.0,261.87992238811415,6.4696290493011475,3.2348430156707764,0.0,0.0,0.0,261.19410923509037,6.4696290493011475,3.2348430156707764,0.0,0.0,0.0,304.8643894990285,7.370296424977919,0.0,0.0,0.0,0.0,339.9481688321805,7.370296424977919,0.0,0.0,0.0,0.0,0.0,0.0,0.0,0.0,0.0,0.0,0.0,0.0,0.0,0.0,0.0,0.0,0.0,0.0,0.0,0.0,0.0,0.0,0.0,0.0,0.0,0.0,0.0,0.0,0.0,0.0,0.0,0.0,0.0,0.0,0.0,0.0,0.0,0.0,0.0,0.0,0.0
"108,172",133.84368572155435,0.0,0.0,0.0,0.0,0.0,0.0,0.0,0.0,0.0,0.0,24.49725468672958,0.0,0.0,0.0,0.0,0.0,24.49725468672958,3.2332847118377686,0.0,0.0,0.0,0.0,27.730773048774868,3.2332847118377686,0.0,0.0,0.0,0.0,30.96421583213058,3.2332847118377686,0.0,0.0,0.0,0.0,34.19778020896164,3.2332847118377686,0.0,0.0,0.0,0.0,0.0,0.0,0.0,0.0,0.0,0.0,0.0,0.0,0.0,0.0,0.0,0.0,0.0,0.0,0.0,0.0,0.0,0.0,0.0,0.0,0.0,0.0,0.0,0.0,0.0,0.0,0.0,0.0,0.0,0.0,0.0,0.0,0.0,0.0,0.0,0.0,0.0
"86,173",342.53312492115595,0.0,0.0,0.0,0.0,0.0,0.0,0.0,0.0,0.0,0.0,0.0,0.0,0.0,0.0,0.0,0.0,0.0,0.0,0.0,0.0,0.0,0.0,0.0,0.0,0.0,0.0,0.0,0.0,0.0,0.0,0.0,0.0,0.0,0.0,0.0,0.0,0.0,0.0,0.0,0.0,0.0,0.0,0.0,0.0,0.0,0.0,0.0,0.0,0.0,0.0,0.0,0.0,0.0,0.0,0.0,0.0,0.0,0.0,0.0,0.0,0.0,0.0,0.0,0.0,0.0,0.0,0.0,0.0,0.0,0.0,0.0,0.0,0.0,0.0,0.0,0.0,0.0
"87,173",2472.245641524047,0.0,0.0,0.0,0.0,0.0,0.0,0.0,0.0,0.0,0.0,90.28060841560364,93.49875450134277,12.895530462265015,0.0,0.0,0.0,64.48080015182495,93.4993839263916,16.12042212486267,0.0,0.0,0.0,67.70569181442261,93.4993839263916,16.12042212486267,0.0,0.0,0.0,74.15262293815613,93.4993839263916,19.345296144485474,0.0,0.0,0.0,109.61167049407959,119.28900861740112,22.570205211639404,0.0,0.0,0.0,0.0,0.0,0.0,0.0,0.0,0.0,0.0,0.0,0.0,0.0,0.0,0.0,0.0,0.0,0.0,0.0,0.0,0.0,0.0,0.0,0.0,0.0,0.0,0.0,0.0,0.0,0.0,0.0,0.0,0.0,0.0,0.0,0.0,0.0,0.0,0.0,0.0
"88,173",2499.573399263944,0.0,0.0,0.0,0.0,0.0,0.0,0.0,0.0,0.0,0.0,58.08539414405823,77.44757509231567,36.69668015311746,12.907592058181763,25.816484212875366,6.453324317932129,150.0281364216524,246.4593579815883,107.688254440532,29.041857481002808,12.909810543060303,3.2275688648223877,231.91030207802268,350.92764784775534,127.05169733832864,35.496882915496826,19.36490821838379,3.2275688648223877,300.8836404482523,502.98268146608393,162.55319293807534,51.63461399078369,29.047662496566772,12.91032338142395,392.82691556332156,544.9367196092419,189.57105980199927,64.54472970962524,32.275038957595825,12.91032338142395,0.0,0.0,0.0,0.0,0.0,0.0,0.0,0.0,0.0,0.0,0.0,0.0,0.0,0.0,0.0,0.0,0.0,0.0,0.0,0.0,0.0,0.0,0.0,0.0,0.0,0.0,0.0,0.0,0.0,0.0,0.0,0.0,0.0,0.0,0.0,0.0,0.0
"89,173",2501.266074215998,0.0,0.0,0.0,0.0,0.0,0.0,0.0,0.0,0.0,0.0,252.27573092778525,480.36326903922884,148.54186391830444,48.4388632774353,54.894272565841675,0.0,419.3866651432187,709.6634339772019,216.35642099380493,67.814044713974,77.49880623817444,3.2290635108947754,577.9998023930718,886.8375436371448,332.61099886894226,106.5673828125,106.5601167678833,12.916321039199829,703.1281144385243,1183.9599327152848,410.12077617645264,151.77939987182617,129.16557574272156,12.916321039199829,830.292578940298,1700.734527975905,565.1517882347107,193.76368355751038,145.31283235549927,12.916321039199829,0.0,0.0,0.0,0.0,0.0,0.0,0.0,0.0,0.0,0.0,0.0,0.0,0.0,0.0,0.0,0.0,0.0,0.0,0.0,0.0,0.0,0.0,0.0,0.0,0.0,0.0,0.0,0.0,0.0,0.0,0.0,0.0,0.0,0.0,0.0,0.0,0.0
"90,173",2502.8068128980112,0.0,0.0,0.0,0.0,0.0,0.0,0.0,0.0,0.0,0.0,1518.0223367821936,996.7124032516106,120.44524325389489,19.38879704475403,0.0,0.0,2227.2898158232374,1318.4092210965998,162.45068086642843,25.85161542892456,0.0,0.0,2832.5438538121243,1560.7520183759577,207.68620456714254,29.083008289337158,6.460933685302734,0.0,3596.4838429647334,1903.2595293512531,269.07674516696557,45.23676896095276,9.691312551498413,0.0,4548.658151664921,2457.1237482809556,345.0035284257403,58.161632776260376,12.921514987945557,0.0,0.0,0.0,0.0,0.0,0.0,0.0,0.0,0.0,0.0,0.0,0.0,0.0,0.0,0.0,0.0,0.0,0.0,0.0,0.0,0.0,0.0,0.0,0.0,0.0,0.0,0.0,0.0,0.0,0.0,0.0,0.0,0.0,0.0,0.0,0.0,0.0,0.0
"91,173",2504.195062801597,0.0,0.0,0.0,0.0,0.0,0.0,0.0,0.0,0.0,0.0,2257.890712399576,2079.3059557755787,372.4454009673175,61.41709899902344,9.697327852249146,0.0,2568.20191969404,2389.030812489753,420.9297425887164,67.8818461894989,9.697327852249146,0.0,3214.4440420982883,2729.627239706002,462.9528265139636,74.34669423103333,9.697327852249146,0.0,3794.9487615762973,3204.7770323772056,553.459356322008,90.50757384300232,6.4648027420043945,0.0,4916.005062197705,4010.7149150343503,650.4278926989612,116.36614036560059,9.696893453598022,0.0,0.0,0.0,0.0,0.0,0.0,0.0,0.0,0.0,0.0,0.0,0.0,0.0,0.0,0.0,0.0,0.0,0.0,0.0,0.0,0.0,0.0,0.0,0.0,0.0,0.0,0.0,0.0,0.0,0.0,0.0,0.0,0.0,0.0,0.0,0.0,0.0,0.0
"92,173",2505.4303253169187,0.0,0.0,0.0,0.0,0.0,0.0,0.0,0.0,0.0,0.0,71.16597390174866,29.112935304641724,6.469506025314331,0.0,0.0,0.0,93.80901670455933,42.05016779899597,6.469506025314331,3.2344772815704346,0.0,0.0,106.74700140953064,71.15940046310425,12.937656164169312,3.2344772815704346,0.0,0.0,113.21574926376343,97.03592252731323,19.40641498565674,6.469166040420532,0.0,0.0,174.67730617523193,139.08900833129883,19.40641498565674,6.469166040420532,0.0,0.0,0.0,0.0,0.0,0.0,0.0,0.0,0.0,0.0,0.0,0.0,0.0,0.0,0.0,0.0,0.0,0.0,0.0,0.0,0.0,0.0,0.0,0.0,0.0,0.0,0.0,0.0,0.0,0.0,0.0,0.0,0.0,0.0,0.0,0.0,0.0,0.0,0.0
"93,173",2506.5121561572005,0.0,0.0,0.0,0.0,0.0,0.0,0.0,0.0,0.0,0.0,1132.9702811521643,572.2181059229608,111.23130328982484,9.707942962646484,3.2362778186798096,0.0,1310.9564822000616,734.0192803251978,130.64675290911805,12.943315505981445,3.2362778186798096,0.0,1408.4105253939535,818.5304166363734,143.94714293199428,12.944245100021362,3.2362778186798096,0.0,1521.6858123068716,867.0725995587367,150.41910681444057,12.944245100021362,3.2362778186798096,0.0,1702.1647042966356,1008.2565884524699,194.5208208738589,16.18039870262146,3.2362778186798096,0.0,0.0,0.0,0.0,0.0,0.0,0.0,0.0,0.0,0.0,0.0,0.0,0.0,0.0,0.0,0.0,0.0,0.0,0.0,0.0,0.0,0.0,0.0,0.0,0.0,0.0,0.0,0.0,0.0,0.0,0.0,0.0,0.0,0.0,0.0,0.0,0.0,0.0
"94,173",2507.4401657372155,0.0,0.0,0.0,0.0,0.0,0.0,0.0,0.0,0.0,0.0,8117.614004594202,2720.527327012081,571.3216572677388,155.37325596809387,22.658246278762817,0.0,8541.691507952819,2962.0226691526527,584.2696627055898,181.26958179473877,29.132792234420776,0.0,9037.931515887203,3283.4088575279015,736.0561738706103,187.7450213432312,42.0796856880188,0.0,9660.670003767573,3623.275750104119,826.6871531701556,203.92873406410217,45.31666040420532,0.0,9707.533602177862,3760.8063471728683,820.210956404256,213.6382932662964,51.7906174659729,0.0,0.0,0.0,0.0,0.0,0.0,0.0,0.0,0.0,0.0,0.0,0.0,0.0,0.0,0.0,0.0,0.0,0.0,0.0,0.0,0.0,0.0,0.0,0.0,0.0,0.0,0.0,0.0,0.0,0.0,0.0,0.0,0.0,0.0,0.0,0.0,0.0,0.0
"95,173",2508.2140195054135,0.0,0.0,0.0,0.0,0.0,0.0,0.0,0.0,0.0,0.0,8326.222743781407,2225.4315492901146,278.44739818573,32.37804365158081,0.0,0.0,10059.1961081215,2506.778744609683,297.87535667419434,32.37804365158081,0.0,0.0,12811.604317900716,2954.156564360039,327.0206310749054,35.616076707839966,0.0,0.0,14346.88385850682,3230.491325264351,352.928870677948,29.14123511314392,0.0,0.0,16654.292494987974,3694.7692808525235,398.2623541355133,32.37943696975708,0.0,0.0,0.0,0.0,0.0,0.0,0.0,0.0,0.0,0.0,0.0,0.0,0.0,0.0,0.0,0.0,0.0,0.0,0.0,0.0,0.0,0.0,0.0,0.0,0.0,0.0,0.0,0.0,0.0,0.0,0.0,0.0,0.0,0.0,0.0,0.0,0.0,0.0,0.0
"96,173",2508.8334382307294,0.0,0.0,0.0,0.0,0.0,0.0,0.0,0.0,0.0,0.0,28289.221240843046,5688.440130019655,942.8483311690535,68.0185956954956,6.478086948394775,0.0,30418.8537020141,6116.005904924167,1036.7656346797942,64.77945971488953,6.478086948394775,0.0,32768.281124653535,6290.132610499624,1040.0051094532012,68.01886868476868,6.478086948394775,0.0,36935.17706931525,6820.686966737111,1115.5672396239113,71.25793027877808,6.478086948394775,0.0,39255.06241286689,7437.268379348867,1190.0577469881844,87.45216488838196,3.2390034198760986,0.0,0.0,0.0,0.0,0.0,0.0,0.0,0.0,0.0,0.0,0.0,0.0,0.0,0.0,0.0,0.0,0.0,0.0,0.0,0.0,0.0,0.0,0.0,0.0,0.0,0.0,0.0,0.0,0.0,0.0,0.0,0.0,0.0,0.0,0.0,0.0,0.0,0.0
"97,173",2509.2981982400906,0.0,0.0,0.0,0.0,0.0,0.0,0.0,0.0,0.0,0.0,14467.281353013655,4805.18952292274,1079.0364923561322,155.47191225874658,0.0,0.0,16301.844575359308,5642.472132334055,1264.8818927690095,197.58248459685083,3.2391457557678223,0.0,17703.60453906807,6184.017517718146,1353.9552653583826,207.30107008803125,3.2391457557678223,0.0,19070.23605987231,6745.093362132241,1482.4216787721596,239.69368230688806,6.478705644607544,0.0,19656.552408865387,6873.3916353197665,1537.4912345315895,249.4110709368014,6.478705644607544,0.0,0.0,0.0,0.0,0.0,0.0,0.0,0.0,0.0,0.0,0.0,0.0,0.0,0.0,0.0,0.0,0.0,0.0,0.0,0.0,0.0,0.0,0.0,0.0,0.0,0.0,0.0,0.0,0.0,0.0,0.0,0.0,0.0,0.0,0.0,0.0,0.0,0.0
"98,173",2509.6081316113905,0.0,0.0,0.0,0.0,0.0,0.0,0.0,0.0,0.0,0.0,751.6360030174255,184.66663479804993,64.7952618598938,3.239781379699707,0.0,0.0,881.2274081707001,223.54405045509338,84.23398280143738,3.239781379699707,0.0,0.0,1172.8096556663513,281.860698223114,97.1933958530426,6.479590654373169,0.0,0.0,1250.5646345615387,294.819837808609,103.67274904251099,6.479590654373169,0.0,0.0,1316.5680500853296,278.62091517448425,100.43309259414673,6.479590654373169,0.0,0.0,0.0,0.0,0.0,0.0,0.0,0.0,0.0,0.0,0.0,0.0,0.0,0.0,0.0,0.0,0.0,0.0,0.0,0.0,0.0,0.0,0.0,0.0,0.0,0.0,0.0,0.0,0.0,0.0,0.0,0.0,0.0,0.0,0.0,0.0,0.0,0.0,0.0
"99,173",2509.7631263161334,0.0,0.0,0.0,0.0,0.0,0.0,0.0,0.0,0.0,0.0,8639.209021499111,1401.2817611049204,152.27901029586792,0.0,0.0,0.0,8546.877405046014,1482.2817298720865,161.9991443157196,0.0,0.0,0.0,8083.564125655679,1496.8683767318726,171.71910452842712,0.0,0.0,0.0,7882.6867696032805,1477.428828239441,187.91900277137756,3.239971399307251,0.0,0.0,7064.590137174083,1276.5509700775146,204.11888360977173,9.719916343688965,0.0,0.0,0.0,0.0,0.0,0.0,0.0,0.0,0.0,0.0,0.0,0.0,0.0,0.0,0.0,0.0,0.0,0.0,0.0,0.0,0.0,0.0,0.0,0.0,0.0,0.0,0.0,0.0,0.0,0.0,0.0,0.0,0.0,0.0,0.0,0.0,0.0,0.0,0.0
"100,173",2509.7631263161597,0.0,0.0,0.0,0.0,0.0,0.0,0.0,0.0,0.0,0.0,22.679452180862427,12.95965838432312,0.0,0.0,0.0,0.0,35.63912916183472,12.95965838432312,0.0,0.0,0.0,0.0,87.47807788848877,22.67945098876953,0.0,0.0,0.0,0.0,93.95791888237,29.15929102897644,0.0,0.0,0.0,0.0,106.91799807548523,25.919428825378418,0.0,0.0,0.0,0.0,0.0,0.0,0.0,0.0,0.0,0.0,0.0,0.0,0.0,0.0,0.0,0.0,0.0,0.0,0.0,0.0,0.0,0.0,0.0,0.0,0.0,0.0,0.0,0.0,0.0,0.0,0.0,0.0,0.0,0.0,0.0,0.0,0.0,0.0,0.0,0.0,0.0
"101,173",2509.608131611422,0.0,0.0,0.0,0.0,0.0,0.0,0.0,0.0,0.0,0.0,335.79077799179976,42.117124795913696,0.0,0.0,0.0,0.0,351.98932368615095,42.117124795913696,0.0,0.0,0.0,0.0,429.7432897792143,68.03510689735413,0.0,0.0,0.0,0.0,452.42187793114607,69.10226899595821,0.0,0.0,0.0,0.0,468.62067372658674,69.10230285139644,0.0,0.0,0.0,0.0,0.0,0.0,0.0,0.0,0.0,0.0,0.0,0.0,0.0,0.0,0.0,0.0,0.0,0.0,0.0,0.0,0.0,0.0,0.0,0.0,0.0,0.0,0.0,0.0,0.0,0.0,0.0,0.0,0.0,0.0,0.0,0.0,0.0,0.0,0.0,0.0,0.0
"102,173",2509.2981982401016,0.0,0.0,0.0,0.0,0.0,0.0,0.0,0.0,0.0,0.0,6489.699733734131,560.4304265975952,48.59234261512756,0.0,0.0,0.0,6463.774508237839,566.9075999259949,51.831937313079834,0.0,0.0,0.0,6920.497622966766,618.7339754104614,71.26788139343262,0.0,0.0,0.0,6959.368340015411,640.3292381763458,68.02856040000916,0.0,0.0,0.0,8663.309842348099,659.7669689655304,110.14130711555481,0.0,0.0,0.0,0.0,0.0,0.0,0.0,0.0,0.0,0.0,0.0,0.0,0.0,0.0,0.0,0.0,0.0,0.0,0.0,0.0,0.0,0.0,0.0,0.0,0.0,0.0,0.0,0.0,0.0,0.0,0.0,0.0,0.0,0.0,0.0,0.0,0.0,0.0,0.0,0.0
"103,173",2508.8334382307003,0.0,0.0,0.0,0.0,0.0,0.0,0.0,0.0,0.0,0.0,18602.568068686654,2037.082176359027,113.34992003440857,0.0,0.0,0.0,20966.659822995993,2344.7298576654175,129.5427315235138,0.0,0.0,0.0,22823.953093406268,2722.0164507884606,187.83705139160156,6.477194547653198,0.0,0.0,23355.03662543671,2901.751841259003,215.35860209839018,6.477194547653198,0.0,0.0,25306.325450339973,3073.7592756533154,241.2688916243759,19.432143449783325,0.0,0.0,0.0,0.0,0.0,0.0,0.0,0.0,0.0,0.0,0.0,0.0,0.0,0.0,0.0,0.0,0.0,0.0,0.0,0.0,0.0,0.0,0.0,0.0,0.0,0.0,0.0,0.0,0.0,0.0,0.0,0.0,0.0,0.0,0.0,0.0,0.0,0.0,0.0
"104,173",2508.214019505396,0.0,0.0,0.0,0.0,0.0,0.0,0.0,0.0,0.0,0.0,32720.03016903167,7067.319082986609,843.9720409711201,191.0190064907074,43.16690222422282,0.0,33524.01811607305,7120.206273249085,838.5777769088745,188.860699335734,43.16690222422282,0.0,33414.90342673694,7134.936420914706,845.0513231754303,195.3357388178507,46.404422203699745,0.0,32838.96000099463,6932.852278566361,832.1012332439423,195.3357388178507,46.404422203699745,0.0,31123.244300863793,6517.274814109242,806.197589635849,186.7023635705312,43.16686669985453,0.0,0.0,0.0,0.0,0.0,0.0,0.0,0.0,0.0,0.0,0.0,0.0,0.0,0.0,0.0,0.0,0.0,0.0,0.0,0.0,0.0,0.0,0.0,0.0,0.0,0.0,0.0,0.0,0.0,0.0,0.0,0.0,0.0,0.0,0.0,0.0,0.0,0.0
"105,173",2507.4401657372136,0.0,0.0,0.0,0.0,0.0,0.0,0.0,0.0,0.0,0.0,36036.40480327325,17720.479578134127,6193.4329393106345,2272.746393174751,1601.1787097369925,278.3683590888977,38219.175809771405,18426.47195251315,6357.450508499145,2352.602570628185,1682.0994937335745,294.5523600578308,39924.80652898714,19005.335427877013,6608.32041667583,2504.7470911493488,1727.4185428535238,301.0263204574585,42074.40791558752,19583.51916472865,6763.707213627124,2614.808795069713,1819.2641824282853,310.73678612709045,43209.99983745462,19434.42305810779,6504.744840608859,2474.555745819503,1657.4212597407547,307.49974727630615,0.0,0.0,0.0,0.0,0.0,0.0,0.0,0.0,0.0,0.0,0.0,0.0,0.0,0.0,0.0,0.0,0.0,0.0,0.0,0.0,0.0,0.0,0.0,0.0,0.0,0.0,0.0,0.0,0.0,0.0,0.0,0.0,0.0,0.0,0.0,0.0,0.0
"106,173",2506.5121561571905,0.0,0.0,0.0,0.0,0.0,0.0,0.0,0.0,0.0,0.0,2099.3362783039315,263.9170143744525,19.417837858200073,0.0,0.0,0.0,2150.7706682569838,307.7785370630377,32.36323356628418,0.0,0.0,0.0,2306.4433145691364,356.32155874196224,42.07213068008423,0.0,0.0,0.0,2474.717332379958,406.65595501170435,48.54496669769287,0.0,0.0,0.0,2720.6263361510105,437.5718201020185,48.544957876205444,0.0,0.0,0.0,0.0,0.0,0.0,0.0,0.0,0.0,0.0,0.0,0.0,0.0,0.0,0.0,0.0,0.0,0.0,0.0,0.0,0.0,0.0,0.0,0.0,0.0,0.0,0.0,0.0,0.0,0.0,0.0,0.0,0.0,0.0,0.0,0.0,0.0,0.0,0.0,0.0
"107,173",608.8394403348698,0.0,0.0,0.0,0.0,0.0,0.0,0.0,0.0,0.0,0.0,537.9711596133662,40.02251647500431,3.2347700595855713,0.0,0.0,0.0,539.7608650974199,36.78776215104496,3.2347700595855713,0.0,0.0,0.0,551.8621466421614,36.78776215104496,3.2347700595855713,0.0,0.0,0.0,621.9633487233929,36.7877776482526,3.2347700595855713,0.0,0.0,0.0,626.8094171140708,36.78775166062748,3.2347700595855713,0.0,0.0,0.0,0.0,0.0,0.0,0.0,0.0,0.0,0.0,0.0,0.0,0.0,0.0,0.0,0.0,0.0,0.0,0.0,0.0,0.0,0.0,0.0,0.0,0.0,0.0,0.0,0.0,0.0,0.0,0.0,0.0,0.0,0.0,0.0,0.0,0.0,0.0,0.0,0.0
"86,174",266.6682855987437,0.0,0.0,0.0,0.0,0.0,0.0,0.0,0.0,0.0,0.0,9.669345617294312,0.0,0.0,0.0,0.0,0.0,0.0,0.0,0.0,0.0,0.0,0.0,0.0,0.0,0.0,0.0,0.0,0.0,0.0,0.0,0.0,0.0,0.0,0.0,0.0,0.0,0.0,0.0,0.0,0.0,0.0,0.0,0.0,0.0,0.0,0.0,0.0,0.0,0.0,0.0,0.0,0.0,0.0,0.0,0.0,0.0,0.0,0.0,0.0,0.0,0.0,0.0,0.0,0.0,0.0,0.0,0.0,0.0,0.0,0.0,0.0,0.0,0.0,0.0,0.0,0.0,0.0
"87,174",2496.0627827224957,0.0,0.0,0.0,0.0,0.0,0.0,0.0,0.0,0.0,0.0,0.0,0.0,0.0,0.0,0.0,0.0,0.0,0.0,0.0,0.0,0.0,0.0,0.0,0.0,0.0,0.0,0.0,0.0,0.0,0.0,0.0,0.0,0.0,0.0,0.0,0.0,0.0,0.0,0.0,0.0,0.0,0.0,0.0,0.0,0.0,0.0,0.0,0.0,0.0,0.0,0.0,0.0,0.0,0.0,0.0,0.0,0.0,0.0,0.0,0.0,0.0,0.0,0.0,0.0,0.0,0.0,0.0,0.0,0.0,0.0,0.0,0.0,0.0,0.0,0.0,0.0,0.0
"88,174",2499.6775323724173,0.0,0.0,0.0,0.0,0.0,0.0,0.0,0.0,0.0,0.0,1860.6135516980114,1807.0951487681446,354.5247912378872,129.09773802757263,71.72138675521401,6.454590797424316,2371.8220754679505,2484.3794516142675,567.5408329935634,180.7362024784088,103.99717601607827,9.682199239730835,2755.4706432407975,2993.8346928624546,767.6463928194606,232.3755042552948,149.18339046309976,9.682199239730835,3306.8717507876595,3709.910331355824,961.2968878717983,284.0160548686981,162.81697147032793,9.682199239730835,3741.663862734214,4113.748207202612,1080.2217989865471,352.5172961599686,188.63780992171343,16.137406826019287,0.0,0.0,0.0,0.0,0.0,0.0,0.0,0.0,0.0,0.0,0.0,0.0,0.0,0.0,0.0,0.0,0.0,0.0,0.0,0.0,0.0,0.0,0.0,0.0,0.0,0.0,0.0,0.0,0.0,0.0,0.0,0.0,0.0,0.0,0.0,0.0,0.0
"89,174",2501.3704684897602,0.0,0.0,0.0,0.0,0.0,0.0,0.0,0.0,0.0,0.0,6729.687785153295,10182.951722123576,3129.7333612245675,659.0938549920625,335.48450545236176,19.373156785964966,8610.919011880836,12860.735813411076,4138.801635545843,865.7441082879609,490.4725070373685,25.828930616378784,10403.437475108165,15339.17181012864,5059.890168522854,1056.2544532701081,590.573727645126,38.74475812911987,12954.545983284595,17838.18681280286,5715.387761645224,1310.9430787563324,667.3505641946606,45.20269989967346,14057.842720967648,19022.511864397573,6176.415457216899,1540.288660666522,767.0443828807158,51.66273736953735,0.0,0.0,0.0,0.0,0.0,0.0,0.0,0.0,0.0,0.0,0.0,0.0,0.0,0.0,0.0,0.0,0.0,0.0,0.0,0.0,0.0,0.0,0.0,0.0,0.0,0.0,0.0,0.0,0.0,0.0,0.0,0.0,0.0,0.0,0.0,0.0,0.0
"90,174",2502.911448709993,0.0,0.0,0.0,0.0,0.0,0.0,0.0,0.0,0.0,0.0,4286.945334182065,2462.132327854867,329.9654479382085,90.46336722373962,71.07213592529297,0.0,6361.794783782025,3347.4355435969783,449.9105342547099,135.69001746177673,100.14686417579651,3.2302727699279785,7425.272149402021,3916.0869334342433,495.14182364145915,171.2276475429535,125.99397563934326,9.69216012954712,8355.808620754877,4627.288655545664,575.5053795141332,197.07439732551575,125.99397563934326,9.69216012954712,10584.338148665896,5795.690516239989,740.2716780466192,255.63164123647354,172.03294712702433,9.69216012954712,0.0,0.0,0.0,0.0,0.0,0.0,0.0,0.0,0.0,0.0,0.0,0.0,0.0,0.0,0.0,0.0,0.0,0.0,0.0,0.0,0.0,0.0,0.0,0.0,0.0,0.0,0.0,0.0,0.0,0.0,0.0,0.0,0.0,0.0,0.0,0.0,0.0
"91,174",2504.299919371782,0.0,0.0,0.0,0.0,0.0,0.0,0.0,0.0,0.0,0.0,8417.663664602765,6587.139633114197,795.6089989456476,197.57447408414353,190.69821572303772,29.088586807250977,10900.457124495038,7769.978959391163,896.240277897143,210.50599716878403,213.3266999721527,25.85655426979065,11877.710869644201,8276.283459244522,977.0567497122522,210.50726221776475,210.49871076602562,25.85655426979065,12649.149104733558,8732.828993196114,1028.7834922182794,220.20602153516282,213.73413361568078,25.85655426979065,15288.499521485499,10350.500917067246,1145.1837202418085,233.54354433171886,216.9673434640847,25.85655426979065,0.0,0.0,0.0,0.0,0.0,0.0,0.0,0.0,0.0,0.0,0.0,0.0,0.0,0.0,0.0,0.0,0.0,0.0,0.0,0.0,0.0,0.0,0.0,0.0,0.0,0.0,0.0,0.0,0.0,0.0,0.0,0.0,0.0,0.0,0.0,0.0,0.0
"92,174",2505.535380816385,0.0,0.0,0.0,0.0,0.0,0.0,0.0,0.0,0.0,0.0,4324.262190841226,3138.4560769791697,388.55369981410456,34.47998178986942,0.0,0.0,6997.063250845554,5223.95636155839,628.3051113287609,57.12182272462283,0.0,0.0,7711.733349321403,5785.018437401453,709.1678501764934,73.29439891366397,3.235013723373413,0.0,8392.181462928362,6188.983954884025,812.672808567683,99.17046321420108,3.235013723373413,0.0,11058.13983304267,7892.422256984898,1055.2565142313638,141.21855963258182,6.4690773487091064,0.0,0.0,0.0,0.0,0.0,0.0,0.0,0.0,0.0,0.0,0.0,0.0,0.0,0.0,0.0,0.0,0.0,0.0,0.0,0.0,0.0,0.0,0.0,0.0,0.0,0.0,0.0,0.0,0.0,0.0,0.0,0.0,0.0,0.0,0.0,0.0,0.0,0.0
"93,174",2506.617387815548,0.0,0.0,0.0,0.0,0.0,0.0,0.0,0.0,0.0,0.0,8055.270501380809,6078.636450722638,804.4609018774594,94.91259455680847,3.2352445125579834,0.0,8952.332477231119,7268.017697734459,990.5220034505807,120.79937076568604,12.941322565078735,0.0,9582.932408704008,8000.272811385697,1128.059061238345,120.79975390434265,22.648433685302734,0.0,10270.545186507466,8573.42773084547,1239.2988784387999,133.74337100982666,19.41311502456665,0.0,11548.546238911385,9528.233812366747,1357.8084162076314,175.80433559417725,38.823546409606934,0.0,0.0,0.0,0.0,0.0,0.0,0.0,0.0,0.0,0.0,0.0,0.0,0.0,0.0,0.0,0.0,0.0,0.0,0.0,0.0,0.0,0.0,0.0,0.0,0.0,0.0,0.0,0.0,0.0,0.0,0.0,0.0,0.0,0.0,0.0,0.0,0.0,0.0
"94,174",2507.5455499532845,0.0,0.0,0.0,0.0,0.0,0.0,0.0,0.0,0.0,0.0,8594.827309814153,3534.1217205187854,556.4045910423877,71.2159833908081,0.0,0.0,10575.324633524464,4586.052075829226,715.3570227622986,74.45166277885437,0.0,0.0,10588.960330044054,4569.854077067095,725.0657358169556,67.9761791229248,3.236523389816284,0.0,10352.669240032457,4459.799166645724,731.536904335022,80.92280840873718,3.236523389816284,0.0,10245.85739714024,4359.459770645815,741.2466309070587,87.39720797538757,3.236523389816284,0.0,0.0,0.0,0.0,0.0,0.0,0.0,0.0,0.0,0.0,0.0,0.0,0.0,0.0,0.0,0.0,0.0,0.0,0.0,0.0,0.0,0.0,0.0,0.0,0.0,0.0,0.0,0.0,0.0,0.0,0.0,0.0,0.0,0.0,0.0,0.0,0.0,0.0
"95,174",2508.3195319603815,0.0,0.0,0.0,0.0,0.0,0.0,0.0,0.0,0.0,0.0,6250.443842579336,1102.1041649332233,201.0912981444714,45.32762432098389,0.0,0.0,6029.381166316947,1079.4377139558978,184.5459713935852,42.08945035934448,0.0,0.0,5083.6123614619755,864.5118719484293,158.64286494255066,35.61375832557678,3.2381677627563477,0.0,4367.664270890928,797.5966380184773,148.9289162158966,32.37619066238403,3.2381677627563477,0.0,4153.320056833005,783.427118770749,142.4538378715515,32.37619066238403,3.2381677627563477,0.0,0.0,0.0,0.0,0.0,0.0,0.0,0.0,0.0,0.0,0.0,0.0,0.0,0.0,0.0,0.0,0.0,0.0,0.0,0.0,0.0,0.0,0.0,0.0,0.0,0.0,0.0,0.0,0.0,0.0,0.0,0.0,0.0,0.0,0.0,0.0,0.0,0.0
"96,174",2508.9390540042114,0.0,0.0,0.0,0.0,0.0,0.0,0.0,0.0,0.0,0.0,8328.153442559524,2968.598039588741,273.4994868297203,29.149984121322632,0.0,0.0,9644.94284191038,3445.918817535101,299.4109343547447,38.86654758453369,0.0,0.0,9907.741592943903,3692.076867665496,312.36747899242476,51.82195043563843,0.0,0.0,10607.353311121698,3994.249127739551,351.2347687739952,61.538705587387085,0.0,0.0,11003.546433197282,4191.825918787601,412.7746755141838,64.77832055091858,0.0,0.0,0.0,0.0,0.0,0.0,0.0,0.0,0.0,0.0,0.0,0.0,0.0,0.0,0.0,0.0,0.0,0.0,0.0,0.0,0.0,0.0,0.0,0.0,0.0,0.0,0.0,0.0,0.0,0.0,0.0,0.0,0.0,0.0,0.0,0.0,0.0,0.0,0.0
"97,174",2509.403891928063,0.0,0.0,0.0,0.0,0.0,0.0,0.0,0.0,0.0,0.0,10924.10598022704,3326.8914722124737,646.5508184732174,106.89669251441956,3.2395036220550537,0.0,11802.058982921113,3540.1937093192455,714.0797219323176,116.61455821990967,3.2395036220550537,0.0,12214.320099012524,3568.7779104924666,713.355375844357,113.37494826316833,3.2395036220550537,0.0,12641.124114527422,3616.6477685918994,743.2340455101985,116.61476063728333,6.478680610656738,0.0,13043.157401980605,3631.715672309726,745.7492276014066,116.61456322669983,6.478680610656738,0.0,0.0,0.0,0.0,0.0,0.0,0.0,0.0,0.0,0.0,0.0,0.0,0.0,0.0,0.0,0.0,0.0,0.0,0.0,0.0,0.0,0.0,0.0,0.0,0.0,0.0,0.0,0.0,0.0,0.0,0.0,0.0,0.0,0.0,0.0,0.0,0.0,0.0
"98,174",2509.713877445321,0.0,0.0,0.0,0.0,0.0,0.0,0.0,0.0,0.0,0.0,3684.8704952941225,1114.7537128869226,205.16487930241752,9.71917200088501,0.0,0.0,4296.441956806183,1263.0536349492916,259.51483421886667,9.719090461730957,0.0,0.0,4992.591566021302,1472.18563673356,273.198715428745,9.719090461730957,0.0,0.0,6026.060533697466,1781.496850931878,334.02960734928354,19.437925338745117,0.0,0.0,6889.112894650068,1924.7681809771293,337.99437449399164,19.437925338745117,0.0,0.0,0.0,0.0,0.0,0.0,0.0,0.0,0.0,0.0,0.0,0.0,0.0,0.0,0.0,0.0,0.0,0.0,0.0,0.0,0.0,0.0,0.0,0.0,0.0,0.0,0.0,0.0,0.0,0.0,0.0,0.0,0.0,0.0,0.0,0.0,0.0,0.0,0.0
"99,174",2509.8688982840245,0.0,0.0,0.0,0.0,0.0,0.0,0.0,0.0,0.0,0.0,1020.5773029327393,437.390212059021,55.078784465789795,6.479874134063721,3.239928722381592,0.0,1134.381942243202,453.59001088142395,58.31870889663696,9.719798564910889,3.239928722381592,0.0,1471.3360998340681,505.42932963371277,74.51844239234924,9.719798564910889,3.239928722381592,0.0,1853.6493546672896,592.907947063446,93.95812654495239,12.959726572036743,3.239928722381592,0.0,2175.2191068050906,647.9878103733063,132.83779215812683,16.199639320373535,3.239928722381592,0.0,0.0,0.0,0.0,0.0,0.0,0.0,0.0,0.0,0.0,0.0,0.0,0.0,0.0,0.0,0.0,0.0,0.0,0.0,0.0,0.0,0.0,0.0,0.0,0.0,0.0,0.0,0.0,0.0,0.0,0.0,0.0,0.0,0.0,0.0,0.0,0.0,0.0
"100,174",2509.86889828407,0.0,0.0,0.0,0.0,0.0,0.0,0.0,0.0,0.0,0.0,3.2399158477783203,3.2399158477783203,0.0,0.0,0.0,0.0,3.2399158477783203,3.2399158477783203,0.0,0.0,0.0,0.0,3.2399158477783203,3.2399158477783203,0.0,0.0,0.0,0.0,16.199838161468506,0.0,0.0,0.0,0.0,0.0,12.95992112159729,0.0,0.0,0.0,0.0,0.0,0.0,0.0,0.0,0.0,0.0,0.0,0.0,0.0,0.0,0.0,0.0,0.0,0.0,0.0,0.0,0.0,0.0,0.0,0.0,0.0,0.0,0.0,0.0,0.0,0.0,0.0,0.0,0.0,0.0,0.0,0.0,0.0,0.0,0.0,0.0,0.0,0.0
"101,174",2509.7138774453074,0.0,0.0,0.0,0.0,0.0,0.0,0.0,0.0,0.0,0.0,35.636521339416504,6.479383230209351,0.0,0.0,0.0,0.0,35.63652420043945,6.479383230209351,0.0,0.0,0.0,0.0,51.83458399772644,6.479383230209351,0.0,0.0,0.0,0.0,55.073760747909546,6.479383230209351,0.0,0.0,0.0,0.0,48.59425902366638,9.719209671020508,0.0,0.0,0.0,0.0,0.0,0.0,0.0,0.0,0.0,0.0,0.0,0.0,0.0,0.0,0.0,0.0,0.0,0.0,0.0,0.0,0.0,0.0,0.0,0.0,0.0,0.0,0.0,0.0,0.0,0.0,0.0,0.0,0.0,0.0,0.0,0.0,0.0,0.0,0.0,0.0,0.0
"102,174",2509.403891928068,0.0,0.0,0.0,0.0,0.0,0.0,0.0,0.0,0.0,0.0,15773.374131701976,1214.7268579006195,252.6651484966278,0.0,0.0,0.0,18026.373945662555,1302.1861100196838,272.1010935306549,0.0,0.0,0.0,20285.52833798633,1490.0595984458923,310.97190046310425,0.0,0.0,0.0,21237.85343077884,1496.5363519191742,317.4504015445709,0.0,0.0,0.0,22135.49761628263,1512.7348282337189,323.9298646450043,0.0,0.0,0.0,0.0,0.0,0.0,0.0,0.0,0.0,0.0,0.0,0.0,0.0,0.0,0.0,0.0,0.0,0.0,0.0,0.0,0.0,0.0,0.0,0.0,0.0,0.0,0.0,0.0,0.0,0.0,0.0,0.0,0.0,0.0,0.0,0.0,0.0,0.0,0.0,0.0
"103,174",2508.939054004256,0.0,0.0,0.0,0.0,0.0,0.0,0.0,0.0,0.0,0.0,39066.958677978146,5674.481809669382,589.4882664671131,22.670364141464233,0.0,0.0,40259.146407726694,5768.408848338968,621.8768811216542,22.670364141464233,0.0,0.0,41146.30698922101,5878.519471698648,647.7854204168507,25.90888476371765,0.0,0.0,43821.98865574014,6102.813778318143,706.0835683336445,25.90888476371765,0.0,0.0,46031.02553963661,6141.693733848309,722.2775623789021,25.90888476371765,0.0,0.0,0.0,0.0,0.0,0.0,0.0,0.0,0.0,0.0,0.0,0.0,0.0,0.0,0.0,0.0,0.0,0.0,0.0,0.0,0.0,0.0,0.0,0.0,0.0,0.0,0.0,0.0,0.0,0.0,0.0,0.0,0.0,0.0,0.0,0.0,0.0,0.0,0.0
"104,174",2508.3195319604097,0.0,0.0,0.0,0.0,0.0,0.0,0.0,0.0,0.0,0.0,34221.98776952519,10739.15221487868,521.6731753611098,74.47471809387207,9.71402382850647,0.0,34339.418772321595,10881.625879400852,557.2907710337172,80.95075535774231,9.71402382850647,3.2380282878875732,34524.87640048476,10992.144337425045,573.4810452723036,84.18882274627686,12.952052116394043,3.2380282878875732,34587.73480209183,11033.440187713213,602.62359884019,77.71275019645691,19.428143739700317,3.2380282878875732,36030.013403500765,12801.709713117749,1255.526047335419,161.88766988118488,35.6158173084259,3.2380282878875732,0.0,0.0,0.0,0.0,0.0,0.0,0.0,0.0,0.0,0.0,0.0,0.0,0.0,0.0,0.0,0.0,0.0,0.0,0.0,0.0,0.0,0.0,0.0,0.0,0.0,0.0,0.0,0.0,0.0,0.0,0.0,0.0,0.0,0.0,0.0,0.0,0.0
"105,174",2507.5455499532486,0.0,0.0,0.0,0.0,0.0,0.0,0.0,0.0,0.0,0.0,27510.01338246102,10538.77285566517,2392.2010543346405,676.1291580761181,174.80081415176392,0.0,28578.083370463053,10736.220081951104,2408.3867542743683,676.129290636848,165.08985257148743,0.0,30006.257126431374,10988.676883127175,2385.7275075912476,653.470419701408,161.85288381576538,0.0,31152.4228830244,11085.365432992636,2369.541698694229,637.2855129802929,154.16017319454866,0.0,32058.997717408572,12186.63875892022,2412.650964826696,656.6451363086701,160.64115740551668,0.0,0.0,0.0,0.0,0.0,0.0,0.0,0.0,0.0,0.0,0.0,0.0,0.0,0.0,0.0,0.0,0.0,0.0,0.0,0.0,0.0,0.0,0.0,0.0,0.0,0.0,0.0,0.0,0.0,0.0,0.0,0.0,0.0,0.0,0.0,0.0,0.0,0.0
"106,174",2506.6173878155714,0.0,0.0,0.0,0.0,0.0,0.0,0.0,0.0,0.0,0.0,22941.444513386366,363.09168519132277,29.117809772491455,6.470345497131348,12.940695762634277,3.2351627349853516,23092.973967356775,385.7411807929768,29.117809772491455,6.470345497131348,12.940695762634277,3.2351627349853516,24559.123969236072,392.2121433173909,29.117809772491455,6.470345497131348,16.175853490829468,3.2351627349853516,26190.242043747618,422.05668327948626,32.35393452644348,6.470345497131348,12.940675735473633,3.2351627349853516,27121.42431452508,439.67906560617337,32.35478734970093,6.470345497131348,16.175853490829468,3.2351627349853516,0.0,0.0,0.0,0.0,0.0,0.0,0.0,0.0,0.0,0.0,0.0,0.0,0.0,0.0,0.0,0.0,0.0,0.0,0.0,0.0,0.0,0.0,0.0,0.0,0.0,0.0,0.0,0.0,0.0,0.0,0.0,0.0,0.0,0.0,0.0,0.0,0.0
"107,174",505.75735700538326,0.0,0.0,0.0,0.0,0.0,0.0,0.0,0.0,0.0,0.0,6930.8838148360155,353.167741947548,76.77225542068481,3.2347958087921143,0.0,0.0,6840.3814682165785,349.9327291778489,76.77227091789246,3.2347958087921143,0.0,0.0,7042.575102209577,349.93278425254067,76.7722499370575,3.2347958087921143,0.0,0.0,7343.597905237535,362.14992579946323,76.7722499370575,3.2347958087921143,0.0,0.0,7635.926260828504,380.11360399676295,89.71199011802673,3.2347958087921143,0.0,0.0,0.0,0.0,0.0,0.0,0.0,0.0,0.0,0.0,0.0,0.0,0.0,0.0,0.0,0.0,0.0,0.0,0.0,0.0,0.0,0.0,0.0,0.0,0.0,0.0,0.0,0.0,0.0,0.0,0.0,0.0,0.0,0.0,0.0,0.0,0.0,0.0,0.0
"83,175",537.8518253052895,0.0,0.0,0.0,0.0,0.0,0.0,0.0,0.0,0.0,0.0,788.2595196938981,1349.7962866680293,706.917341636209,387.5830224252215,507.55330508924,406.14436642422396,952.148301003026,1664.7204512016447,900.5830951484979,525.764778921651,668.0002051633946,631.4812098334817,1068.2991562067293,1919.21520132925,1054.8315120603525,668.885332513323,819.8408825322693,898.380527639389,1107.4653509037166,2044.5411014070698,1118.6981720765432,710.2560558917476,870.57658570888,982.6501109572018,1184.4000536039764,2185.9392256250567,1192.610348924001,739.1779983642055,914.8089051321441,1024.4278104277219,0.0,0.0,0.0,0.0,0.0,0.0,0.0,0.0,0.0,0.0,0.0,0.0,0.0,0.0,0.0,0.0,0.0,0.0,0.0,0.0,0.0,0.0,0.0,0.0,0.0,0.0,0.0,0.0,0.0,0.0,0.0,0.0,0.0,0.0,0.0,0.0,0.0
"84,175",1253.569964742716,0.0,0.0,0.0,0.0,0.0,0.0,0.0,0.0,0.0,0.0,256.9574179350161,350.6258758591671,254.22797553305531,87.57491980627472,32.174402475357056,3.2174670696258545,304.81583083190174,379.5824257420559,299.2718646732031,94.00962911680634,51.47909760475159,3.2174670696258545,337.3437107189029,408.5421718644161,315.35952164799556,90.79206572607453,57.914053201675415,6.434945106506348,325.5511388563642,404.97690627528175,328.22906639248714,94.00969420507843,61.13149881362915,6.434945106506348,328.78188345666024,437.51194682588766,318.5907955375372,100.44746051863129,64.34895491600037,6.434945106506348,0.0,0.0,0.0,0.0,0.0,0.0,0.0,0.0,0.0,0.0,0.0,0.0,0.0,0.0,0.0,0.0,0.0,0.0,0.0,0.0,0.0,0.0,0.0,0.0,0.0,0.0,0.0,0.0,0.0,0.0,0.0,0.0,0.0,0.0,0.0,0.0,0.0
"85,175",1285.1219973331633,0.0,0.0,0.0,0.0,0.0,0.0,0.0,0.0,0.0,0.0,657.8727786157644,784.8919985958174,340.42967618867465,99.05778135224884,25.743321418762207,0.0,832.4518472437765,952.9887499341778,414.44380916520663,124.80115426942413,38.61624526977539,9.655627965927124,997.0300725992988,1062.3986072072796,427.3139778511197,134.45576156541412,57.92598485946655,12.873298168182373,1093.5667075213264,1107.798698788998,417.6571840183408,140.89042629167145,67.58122539520264,12.87323522567749,1094.3718078594582,1094.5646121034436,414.43736876412936,144.10840357705658,64.36356592178345,12.87323522567749,0.0,0.0,0.0,0.0,0.0,0.0,0.0,0.0,0.0,0.0,0.0,0.0,0.0,0.0,0.0,0.0,0.0,0.0,0.0,0.0,0.0,0.0,0.0,0.0,0.0,0.0,0.0,0.0,0.0,0.0,0.0,0.0,0.0,0.0,0.0,0.0,0.0
"86,175",1789.2343921256297,0.0,0.0,0.0,0.0,0.0,0.0,0.0,0.0,0.0,0.0,0.0,0.0,3.222837448120117,6.445665597915649,3.222837448120117,0.0,0.0,0.0,3.222837448120117,6.445665597915649,3.222837448120117,0.0,0.0,0.0,3.222837448120117,6.445665597915649,3.222837448120117,0.0,0.0,0.0,3.222837448120117,6.445665597915649,3.222837448120117,0.0,0.0,0.0,3.222837448120117,6.445665597915649,3.222837448120117,0.0,0.0,0.0,0.0,0.0,0.0,0.0,0.0,0.0,0.0,0.0,0.0,0.0,0.0,0.0,0.0,0.0,0.0,0.0,0.0,0.0,0.0,0.0,0.0,0.0,0.0,0.0,0.0,0.0,0.0,0.0,0.0,0.0,0.0,0.0,0.0,0.0,0.0
"87,175",2497.933326158062,0.0,0.0,0.0,0.0,0.0,0.0,0.0,0.0,0.0,0.0,0.0,0.0,0.0,0.0,0.0,0.0,0.0,0.0,0.0,0.0,0.0,0.0,0.0,0.0,0.0,0.0,0.0,0.0,0.0,0.0,0.0,0.0,0.0,0.0,0.0,0.0,0.0,0.0,0.0,0.0,0.0,0.0,0.0,0.0,0.0,0.0,0.0,0.0,0.0,0.0,0.0,0.0,0.0,0.0,0.0,0.0,0.0,0.0,0.0,0.0,0.0,0.0,0.0,0.0,0.0,0.0,0.0,0.0,0.0,0.0,0.0,0.0,0.0,0.0,0.0,0.0,0.0
"88,175",2499.777880546348,0.0,0.0,0.0,0.0,0.0,0.0,0.0,0.0,0.0,0.0,544.4829821278067,461.9917855571298,115.13632796792423,29.050520658493042,12.91158938407898,3.227480173110962,576.7566668678733,536.223605186799,128.04603813676272,45.18820905685425,29.049449920654297,3.227480173110962,615.0804623874964,578.1803155253915,166.7763850548688,64.55379962921143,61.32515740394592,6.454936265945435,634.4472305092157,649.1871300052194,195.82515905885134,80.69131684303284,83.91864919662476,16.137495040893555,702.2265850815119,723.0181179317774,237.784115300459,106.51246047019958,90.37480521202087,22.592350721359253,0.0,0.0,0.0,0.0,0.0,0.0,0.0,0.0,0.0,0.0,0.0,0.0,0.0,0.0,0.0,0.0,0.0,0.0,0.0,0.0,0.0,0.0,0.0,0.0,0.0,0.0,0.0,0.0,0.0,0.0,0.0,0.0,0.0,0.0,0.0,0.0,0.0
"89,175",2501.4710684835095,0.0,0.0,0.0,0.0,0.0,0.0,0.0,0.0,0.0,0.0,4266.093001216066,7086.750160334156,2262.30405105703,509.7863592222625,193.3246415830126,19.370272874832153,5543.653942684099,9337.574667936213,3061.5314570202545,735.825081022113,299.88304102187067,29.058963298797607,6728.797757478788,11337.315576778674,3932.6317160335243,997.399180801242,419.3656519628039,35.51789689064026,7839.267074199752,13452.047385914186,4894.143832014121,1233.547357082367,516.250686047124,41.97646236419678,8667.992557646246,14901.58457024892,5572.29331664852,1442.6379623553332,597.3945038318634,45.207396268844604,0.0,0.0,0.0,0.0,0.0,0.0,0.0,0.0,0.0,0.0,0.0,0.0,0.0,0.0,0.0,0.0,0.0,0.0,0.0,0.0,0.0,0.0,0.0,0.0,0.0,0.0,0.0,0.0,0.0,0.0,0.0,0.0,0.0,0.0,0.0,0.0,0.0
"90,175",2503.0122815770887,0.0,0.0,0.0,0.0,0.0,0.0,0.0,0.0,0.0,0.0,4890.067856277205,5655.836342271169,1294.4042557922064,439.3987967967987,264.9246599674225,6.462177515029907,6692.650898975484,8065.488881193423,1772.1248386785096,562.1653506755829,310.15221548080444,9.692952871322632,7961.280913969114,9778.870791955087,2188.1460728598577,649.394617319107,358.6096329689026,9.692952871322632,8700.677298169043,10960.864703016656,2479.2871873687295,749.5376517772675,439.37434577941895,9.692952871322632,10144.942566494849,12649.379493893828,2966.409927068037,930.0569240177379,535.4841610749563,25.847522735595703,0.0,0.0,0.0,0.0,0.0,0.0,0.0,0.0,0.0,0.0,0.0,0.0,0.0,0.0,0.0,0.0,0.0,0.0,0.0,0.0,0.0,0.0,0.0,0.0,0.0,0.0,0.0,0.0,0.0,0.0,0.0,0.0,0.0,0.0,0.0,0.0,0.0
"91,175",2504.400965059926,0.0,0.0,0.0,0.0,0.0,0.0,0.0,0.0,0.0,0.0,4267.472887924606,3613.5094680786133,708.2549365642024,151.5245459201289,142.22338318824768,25.85821032524109,5787.963414848552,4931.926547129949,885.6413599537867,225.87162734293472,203.63707447052002,38.78653812408447,6337.846460923961,5499.816245582057,963.9483485240561,287.2884328486873,251.7188352201499,42.018455028533936,6791.841004918603,5946.530370756223,1079.9180991331737,313.14743543886675,248.48706232052223,38.78612446784973,8205.703342383516,7709.117940807342,1322.687191039441,383.85635896570545,280.8109425161399,38.78612446784973,0.0,0.0,0.0,0.0,0.0,0.0,0.0,0.0,0.0,0.0,0.0,0.0,0.0,0.0,0.0,0.0,0.0,0.0,0.0,0.0,0.0,0.0,0.0,0.0,0.0,0.0,0.0,0.0,0.0,0.0,0.0,0.0,0.0,0.0,0.0,0.0,0.0
"92,175",2505.63661826784,0.0,0.0,0.0,0.0,0.0,0.0,0.0,0.0,0.0,0.0,5911.847533523335,7264.007482439864,1422.6645480763677,200.52572774887085,64.68439984321594,12.936572551727295,8382.267551636229,10362.708942122554,2159.69157965978,310.49190163612366,126.13853025436401,16.170406818389893,8989.325909995097,10914.974698367772,2272.8949507077537,329.89918398857117,135.84381651878357,16.170406818389893,9517.783837963554,11420.539047655406,2444.3077550729117,375.1777482032776,145.54548120498657,19.40424108505249,11581.728402248085,14453.173050185746,3162.3222087224326,511.0189571380615,184.35861897468567,19.40424108505249,0.0,0.0,0.0,0.0,0.0,0.0,0.0,0.0,0.0,0.0,0.0,0.0,0.0,0.0,0.0,0.0,0.0,0.0,0.0,0.0,0.0,0.0,0.0,0.0,0.0,0.0,0.0,0.0,0.0,0.0,0.0,0.0,0.0,0.0,0.0,0.0,0.0
"93,175",2506.7187950694856,0.0,0.0,0.0,0.0,0.0,0.0,0.0,0.0,0.0,0.0,5716.020388863134,5731.431564134709,1226.7504632388845,352.7203152179718,136.6209356616525,9.70616865158081,7034.397643961627,6796.563352039749,1390.1404808502573,349.4794638156891,146.3274090121774,16.177151203155518,7641.323284646576,7183.193718293133,1391.7333983814015,330.05706882476807,126.91008351550383,16.177151203155518,8181.461733364591,7626.058207774629,1435.7983478359147,346.22940731048584,155.67240332715653,16.177151203155518,9099.928924338023,8621.393660966089,1671.1809014395171,378.5847053527832,168.61286663167618,16.177151203155518,0.0,0.0,0.0,0.0,0.0,0.0,0.0,0.0,0.0,0.0,0.0,0.0,0.0,0.0,0.0,0.0,0.0,0.0,0.0,0.0,0.0,0.0,0.0,0.0,0.0,0.0,0.0,0.0,0.0,0.0,0.0,0.0,0.0,0.0,0.0,0.0,0.0
"94,175",2507.647104252164,0.0,0.0,0.0,0.0,0.0,0.0,0.0,0.0,0.0,0.0,6154.919172888176,2527.625814854864,694.3827450060376,273.90487520087,244.47595148928025,38.84474730491638,4738.226898970323,1966.990670528599,584.7357079917308,239.5164668560028,206.44566299214083,19.422375917434692,3673.906053111132,1748.0947162385082,523.2332284385083,194.1999442577362,157.88720347180086,19.42209219932556,3125.5863867376365,1464.4954400389802,464.9733965331433,174.7793745994568,145.29595638162948,22.658791303634644,2591.922282670526,1244.75767715211,397.002835744035,145.64927196502686,132.3499682033763,19.422162771224976,0.0,0.0,0.0,0.0,0.0,0.0,0.0,0.0,0.0,0.0,0.0,0.0,0.0,0.0,0.0,0.0,0.0,0.0,0.0,0.0,0.0,0.0,0.0,0.0,0.0,0.0,0.0,0.0,0.0,0.0,0.0,0.0,0.0,0.0,0.0,0.0,0.0
"95,175",2508.4212098588814,0.0,0.0,0.0,0.0,0.0,0.0,0.0,0.0,0.0,0.0,5427.576319147558,2405.2275212474897,545.2648981019562,174.84424805641174,126.27594518661499,16.189271688461304,5477.3091581569,2475.8049690452276,560.6472995327968,171.20274441849952,132.34643599566292,21.853483616137037,4914.074888725842,2318.6371824292573,492.6606054352779,163.10698725475984,124.65499162206464,31.566298185610304,5412.703934874254,2472.4343744436896,518.5636291550654,149.74803856400882,121.41701793203168,31.566298185610304,5347.945455279069,2494.749760936288,541.2298307465571,143.2723000386182,124.24915097087039,34.398360803080536,0.0,0.0,0.0,0.0,0.0,0.0,0.0,0.0,0.0,0.0,0.0,0.0,0.0,0.0,0.0,0.0,0.0,0.0,0.0,0.0,0.0,0.0,0.0,0.0,0.0,0.0,0.0,0.0,0.0,0.0,0.0,0.0,0.0,0.0,0.0,0.0,0.0
"96,175",2509.040831479874,0.0,0.0,0.0,0.0,0.0,0.0,0.0,0.0,0.0,0.0,9176.69600665803,8298.736273746863,2114.823302350325,739.4682872529123,582.5828529068068,197.56924653053284,9644.76383148268,8669.160246732186,2244.3719080307906,781.5706105465982,550.1962505050734,191.09197449684143,10109.49913901254,9325.560511236563,2337.265151420294,807.4809882874582,563.1532061763838,145.74900841712952,11029.99285748706,9923.934253670186,2521.8782273918973,843.5130939240548,572.8683410354689,126.31589889526367,10997.256198965333,10034.111848755443,2565.4151149441213,837.0352003331277,546.9575272270278,113.35989475250244,0.0,0.0,0.0,0.0,0.0,0.0,0.0,0.0,0.0,0.0,0.0,0.0,0.0,0.0,0.0,0.0,0.0,0.0,0.0,0.0,0.0,0.0,0.0,0.0,0.0,0.0,0.0,0.0,0.0,0.0,0.0,0.0,0.0,0.0,0.0,0.0,0.0
"97,175",2509.5057444945473,0.0,0.0,0.0,0.0,0.0,0.0,0.0,0.0,0.0,0.0,19142.409432591645,14134.601414434585,3995.8347340359405,1444.5204311754187,771.3686065729926,12.957218170166016,20865.224154727595,15412.931867753761,4322.197084929896,1561.138064279743,829.6772422846626,16.19654679298401,21354.997698241586,16082.63420828464,4552.8169460436875,1645.359588279911,881.5071988161873,16.19654679298401,22289.216899832558,16754.456513518915,4718.022300734239,1738.4895948288486,910.6618001517128,16.19654679298401,22729.2849957008,17259.32851888526,4838.452208612479,1834.858883668862,946.295518880732,19.43573808670044,0.0,0.0,0.0,0.0,0.0,0.0,0.0,0.0,0.0,0.0,0.0,0.0,0.0,0.0,0.0,0.0,0.0,0.0,0.0,0.0,0.0,0.0,0.0,0.0,0.0,0.0,0.0,0.0,0.0,0.0,0.0,0.0,0.0,0.0,0.0,0.0,0.0
"98,175",2509.8157802670507,0.0,0.0,0.0,0.0,0.0,0.0,0.0,0.0,0.0,0.0,9153.232307492986,6828.8621543613135,1024.4292909323,249.46396350860596,74.51555371284485,0.0,10082.32924617599,7489.777551051682,1144.3018757520938,268.90265583992004,77.75527024269104,0.0,11343.016150073445,8117.481946117738,1247.9740142046237,288.3408420085907,87.47478890419006,0.0,12476.125347489937,8680.705968941895,1306.2901474653506,307.7796232700348,103.67394733428955,0.0,13195.765691066255,9309.21936973497,1361.3635398565555,320.73822569847107,106.91362977027893,3.239856719970703,0.0,0.0,0.0,0.0,0.0,0.0,0.0,0.0,0.0,0.0,0.0,0.0,0.0,0.0,0.0,0.0,0.0,0.0,0.0,0.0,0.0,0.0,0.0,0.0,0.0,0.0,0.0,0.0,0.0,0.0,0.0,0.0,0.0,0.0,0.0,0.0,0.0
"99,175",2509.9708262918393,0.0,0.0,0.0,0.0,0.0,0.0,0.0,0.0,0.0,0.0,2209.636627435684,738.7056994438171,77.75826454162598,19.439700841903687,3.239912748336792,0.0,3576.4922716907427,1027.0605299472809,152.27702045440674,35.63929224014282,3.239912748336792,0.0,5089.551249056236,1461.2125313282013,200.87626338005066,35.63929224014282,6.479833364486694,0.0,6680.366299658195,1843.5248436927795,246.23584651947021,51.83893871307373,19.43951725959778,0.0,7952.851122009987,2125.39893078804,298.07483291625977,61.558812856674194,29.15925884246826,0.0,0.0,0.0,0.0,0.0,0.0,0.0,0.0,0.0,0.0,0.0,0.0,0.0,0.0,0.0,0.0,0.0,0.0,0.0,0.0,0.0,0.0,0.0,0.0,0.0,0.0,0.0,0.0,0.0,0.0,0.0,0.0,0.0,0.0,0.0,0.0,0.0,0.0
"100,175",2509.970826291906,0.0,0.0,0.0,0.0,0.0,0.0,0.0,0.0,0.0,0.0,1216.9984789081648,236.11182980817907,38.47323151476243,3.2399680614471436,0.0,0.0,2162.6625640382954,484.3696468970355,93.55264683611253,3.2399680614471436,0.0,0.0,2162.6625640382954,481.1296304366168,93.55264683611253,3.2399680614471436,0.0,0.0,2127.0230226507374,458.44990049810974,96.79260726816514,3.2399680614471436,0.0,0.0,2152.9427638044544,471.4097925326404,100.03258582002977,3.2399680614471436,0.0,0.0,0.0,0.0,0.0,0.0,0.0,0.0,0.0,0.0,0.0,0.0,0.0,0.0,0.0,0.0,0.0,0.0,0.0,0.0,0.0,0.0,0.0,0.0,0.0,0.0,0.0,0.0,0.0,0.0,0.0,0.0,0.0,0.0,0.0,0.0,0.0,0.0,0.0
"101,175",2509.8157802670166,0.0,0.0,0.0,0.0,0.0,0.0,0.0,0.0,0.0,0.0,87.47341346740723,25.917932748794556,0.0,0.0,0.0,0.0,77.75430512428284,22.6784610748291,0.0,0.0,0.0,0.0,84.23381781578064,19.438610792160034,0.0,0.0,0.0,0.0,84.23389196395874,19.438610792160034,0.0,0.0,0.0,0.0,68.03440451622009,19.43849015235901,0.0,0.0,0.0,0.0,0.0,0.0,0.0,0.0,0.0,0.0,0.0,0.0,0.0,0.0,0.0,0.0,0.0,0.0,0.0,0.0,0.0,0.0,0.0,0.0,0.0,0.0,0.0,0.0,0.0,0.0,0.0,0.0,0.0,0.0,0.0,0.0,0.0,0.0,0.0,0.0,0.0
"102,175",2509.505744494523,0.0,0.0,0.0,0.0,0.0,0.0,0.0,0.0,0.0,0.0,29227.575523339063,4541.90747480673,174.91871857643127,0.0,0.0,0.0,30912.996469371457,4678.624252841051,184.99317546732286,0.0,0.0,0.0,32165.01522470081,5086.362165812885,229.9368598844491,3.2392008304595947,0.0,0.0,36458.81043920704,5380.735551188974,236.77110242750132,6.4785096645355225,0.0,0.0,36413.45458541103,5348.340065072564,240.01042461301768,9.717810869216919,0.0,0.0,0.0,0.0,0.0,0.0,0.0,0.0,0.0,0.0,0.0,0.0,0.0,0.0,0.0,0.0,0.0,0.0,0.0,0.0,0.0,0.0,0.0,0.0,0.0,0.0,0.0,0.0,0.0,0.0,0.0,0.0,0.0,0.0,0.0,0.0,0.0,0.0,0.0
"103,175",2509.040831479903,0.0,0.0,0.0,0.0,0.0,0.0,0.0,0.0,0.0,0.0,34470.38899723502,13582.958872898886,818.6341488108916,61.53359389305115,0.0,0.0,38412.54370413481,14818.456463320115,815.0404029032763,74.48924660682678,0.0,0.0,38828.40037245283,14589.901883226283,804.9168205597822,77.72792339324951,3.2386319637298584,0.0,43059.91495657529,14934.178272598865,869.3403979077059,71.25039076805115,9.716100692749023,0.0,43187.075547981265,14845.471842000998,856.386372162314,74.48900127410889,9.716100692749023,0.0,0.0,0.0,0.0,0.0,0.0,0.0,0.0,0.0,0.0,0.0,0.0,0.0,0.0,0.0,0.0,0.0,0.0,0.0,0.0,0.0,0.0,0.0,0.0,0.0,0.0,0.0,0.0,0.0,0.0,0.0,0.0,0.0,0.0,0.0,0.0,0.0,0.0
"104,175",2508.421209858894,0.0,0.0,0.0,0.0,0.0,0.0,0.0,0.0,0.0,0.0,26672.917592830287,6487.9512503848355,703.0255198478699,223.43224024772644,100.38359928131104,38.85895085334778,30747.82294725624,7527.671967371773,793.6923780441284,226.67031836509705,97.14556789398193,38.85895085334778,34555.672165739765,8691.909909824297,997.6865892410278,249.3371021747589,106.85992431640625,38.85895085334778,40767.10949018983,10471.015319552142,1191.968915939331,272.003657579422,132.7661588191986,48.57367205619812,41715.57104357083,10799.675922404083,1221.103744506836,259.0504250526428,129.5269513130188,48.5736448764801,0.0,0.0,0.0,0.0,0.0,0.0,0.0,0.0,0.0,0.0,0.0,0.0,0.0,0.0,0.0,0.0,0.0,0.0,0.0,0.0,0.0,0.0,0.0,0.0,0.0,0.0,0.0,0.0,0.0,0.0,0.0,0.0,0.0,0.0,0.0,0.0,0.0
"105,175",2507.647104252137,0.0,0.0,0.0,0.0,0.0,0.0,0.0,0.0,0.0,0.0,10761.326325927996,462.1019281789368,22.660649061203003,3.23746919631958,0.0,0.0,11058.337305250356,481.52696413245855,22.660649061203003,3.23746919631958,0.0,0.0,11422.236252407934,510.6624969884461,25.89790391921997,3.23746919631958,0.0,0.0,11840.140788854338,527.2543547901453,35.60970759391785,3.23746919631958,0.0,0.0,11917.629664452872,514.7159445285797,35.60970759391785,3.23746919631958,0.0,0.0,0.0,0.0,0.0,0.0,0.0,0.0,0.0,0.0,0.0,0.0,0.0,0.0,0.0,0.0,0.0,0.0,0.0,0.0,0.0,0.0,0.0,0.0,0.0,0.0,0.0,0.0,0.0,0.0,0.0,0.0,0.0,0.0,0.0,0.0,0.0,0.0,0.0
"106,175",2506.718795069535,0.0,0.0,0.0,0.0,0.0,0.0,0.0,0.0,0.0,0.0,13866.284667086133,262.0786118507385,22.650036811828613,25.88541841506958,22.649248123168945,0.0,15053.219133591185,278.25579500198364,29.12082576751709,25.88541841506958,22.649248123168945,0.0,16579.46672576549,284.72667169570923,25.885436058044434,25.88541841506958,22.649248123168945,0.0,17643.499954576124,300.9031903743744,25.884936571121216,29.12082266807556,22.649248123168945,0.0,18271.12361802307,294.4315118789673,22.649561643600464,29.12082266807556,22.649248123168945,0.0,0.0,0.0,0.0,0.0,0.0,0.0,0.0,0.0,0.0,0.0,0.0,0.0,0.0,0.0,0.0,0.0,0.0,0.0,0.0,0.0,0.0,0.0,0.0,0.0,0.0,0.0,0.0,0.0,0.0,0.0,0.0,0.0,0.0,0.0,0.0,0.0,0.0
"107,175",821.3338426670132,0.0,0.0,0.0,0.0,0.0,0.0,0.0,0.0,0.0,0.0,4789.182940863626,110.62079112670001,3.2350313663482666,0.0,0.0,0.0,4714.311573054742,139.73596255919512,6.470113515853882,0.0,0.0,0.0,4745.891240639779,139.73600309035356,6.470113515853882,0.0,0.0,0.0,4855.171519766601,133.266481329413,9.705190658569336,0.0,0.0,0.0,5111.999740619283,132.14980535039714,9.705190658569336,0.0,0.0,0.0,0.0,0.0,0.0,0.0,0.0,0.0,0.0,0.0,0.0,0.0,0.0,0.0,0.0,0.0,0.0,0.0,0.0,0.0,0.0,0.0,0.0,0.0,0.0,0.0,0.0,0.0,0.0,0.0,0.0,0.0,0.0,0.0,0.0,0.0,0.0,0.0,0.0
"83,176",1029.7965715197427,0.0,0.0,0.0,0.0,0.0,0.0,0.0,0.0,0.0,0.0,1215.740963754467,1125.3303818029517,257.52912271537036,125.75352073089749,137.93895592035034,119.97074633205638,1289.6584327791252,1302.0936452669257,312.16477740325183,161.10708165542752,144.77030247146007,127.45844589401693,1588.5432265375175,1851.6520594877356,411.38990664482117,170.74856663124234,151.19605391913768,172.29869802418878,2018.7806602823969,2452.617007188236,498.1588509082794,177.1735019721237,157.62185710364696,178.72746332112482,2295.1685584891075,2902.546578578388,536.7257933616638,206.0984296836105,167.26577704841014,183.1504592110129,0.0,0.0,0.0,0.0,0.0,0.0,0.0,0.0,0.0,0.0,0.0,0.0,0.0,0.0,0.0,0.0,0.0,0.0,0.0,0.0,0.0,0.0,0.0,0.0,0.0,0.0,0.0,0.0,0.0,0.0,0.0,0.0,0.0,0.0,0.0,0.0,0.0
"84,176",2491.5845413811785,0.0,0.0,0.0,0.0,0.0,0.0,0.0,0.0,0.0,0.0,7943.0456159872165,4808.072150493135,1008.9501402593127,285.00518669240614,215.45737147331238,85.73248791694641,8029.8768711847415,4885.255608344545,1047.1313506687388,285.00518669240614,218.6720039844513,91.09023523330688,8338.567039088643,5078.187233710756,1101.802919062446,301.0825022613301,244.39382886886597,112.52314162254333,8753.360377864277,5316.13201191472,1178.9691366279826,333.23621453397413,247.60942816734314,112.52390122413635,9698.791736678517,6071.849463487139,1295.9466021060944,355.74975957029005,247.6117401123047,118.95338249206543,0.0,0.0,0.0,0.0,0.0,0.0,0.0,0.0,0.0,0.0,0.0,0.0,0.0,0.0,0.0,0.0,0.0,0.0,0.0,0.0,0.0,0.0,0.0,0.0,0.0,0.0,0.0,0.0,0.0,0.0,0.0,0.0,0.0,0.0,0.0,0.0,0.0
"85,176",2493.8792591182755,0.0,0.0,0.0,0.0,0.0,0.0,0.0,0.0,0.0,0.0,3703.253176211376,2295.518930912018,521.5443735122681,180.28550958633423,77.27089142799377,16.098583936691284,3455.353894709606,1854.8241736505547,373.43267369270325,160.96560382843018,45.07326650619507,3.219609022140503,3387.751062630672,1793.652136525921,354.11259174346924,148.08603477478027,48.293028116226196,3.219609022140503,3268.6326122274586,1668.0970158193627,325.13905787467957,138.43018245697021,48.293028116226196,0.0,2576.416529416103,1201.255450448803,263.9701166152954,99.79866552352905,38.63329315185547,3.2179672718048096,0.0,0.0,0.0,0.0,0.0,0.0,0.0,0.0,0.0,0.0,0.0,0.0,0.0,0.0,0.0,0.0,0.0,0.0,0.0,0.0,0.0,0.0,0.0,0.0,0.0,0.0,0.0,0.0,0.0,0.0,0.0,0.0,0.0,0.0,0.0,0.0,0.0
"86,176",2495.9001170804127,0.0,0.0,0.0,0.0,0.0,0.0,0.0,0.0,0.0,0.0,0.0,0.0,0.0,0.0,0.0,0.0,67.63896751403809,67.63850259780884,16.104506254196167,12.8836030960083,3.220932960510254,0.0,212.60232591629028,183.60996794700623,93.41835713386536,38.65499782562256,12.885202407836914,3.2213940620422363,212.60232591629028,186.83078241348267,93.41835713386536,38.65499782562256,12.885202407836914,3.2213940620422363,212.60324144363403,186.83078241348267,93.41873908042908,35.43419337272644,12.885202407836914,3.2213940620422363,0.0,0.0,0.0,0.0,0.0,0.0,0.0,0.0,0.0,0.0,0.0,0.0,0.0,0.0,0.0,0.0,0.0,0.0,0.0,0.0,0.0,0.0,0.0,0.0,0.0,0.0,0.0,0.0,0.0,0.0,0.0,0.0,0.0,0.0,0.0,0.0,0.0
"87,176",2498.0296042860073,0.0,0.0,0.0,0.0,0.0,0.0,0.0,0.0,0.0,0.0,3.2252135276794434,6.450694561004639,16.126983404159546,6.448982238769531,0.0,6.44895601272583,9.675509929656982,6.450694561004639,19.352179527282715,6.448982238769531,0.0,9.673456192016602,9.675509929656982,6.450694561004639,19.352179527282715,9.674125909805298,0.0,16.122863292694092,9.675509929656982,6.450694561004639,19.352179527282715,9.674125909805298,0.0,16.122863292694092,19.35035490989685,7.880094574012008,29.027278184890747,6.448982238769531,0.0,38.6959433555603,0.0,0.0,0.0,0.0,0.0,0.0,0.0,0.0,0.0,0.0,0.0,0.0,0.0,0.0,0.0,0.0,0.0,0.0,0.0,0.0,0.0,0.0,0.0,0.0,0.0,0.0,0.0,0.0,0.0,0.0,0.0,0.0,0.0,0.0,0.0,0.0,0.0
"88,176",2499.8744181734887,0.0,0.0,0.0,0.0,0.0,0.0,0.0,0.0,0.0,0.0,970.0499281939339,1202.3442817070904,445.2761504650116,106.47512602806091,21.374423346799965,12.910834789276123,1541.1808524187873,1835.5252522468568,696.9562175273895,167.7921164035797,63.31936868218815,19.366168975830078,2133.49240062377,2637.8955411069533,1013.1494407653809,349.922278437895,173.02218135384953,22.59367275238037,2873.921152830124,3596.1414052598616,1333.2934703069575,562.8940375187817,282.7423096516553,25.821542263031006,3621.211734968073,4476.270282734142,1594.6280421453364,686.2183879852295,335.0820777472328,38.7289252281189,0.0,0.0,0.0,0.0,0.0,0.0,0.0,0.0,0.0,0.0,0.0,0.0,0.0,0.0,0.0,0.0,0.0,0.0,0.0,0.0,0.0,0.0,0.0,0.0,0.0,0.0,0.0,0.0,0.0,0.0,0.0,0.0,0.0,0.0,0.0,0.0,0.0
"89,176",2501.5678485031603,0.0,0.0,0.0,0.0,0.0,0.0,0.0,0.0,0.0,0.0,1821.7578120839364,2192.3190094386828,866.2769870758057,262.3481454091914,119.46883463859558,22.601027011871338,3170.3790208844575,3835.7098303533066,1552.9163614806007,588.5046440797694,355.2079641819,48.432040214538574,4117.119728519402,4973.909536432753,2120.06214631305,811.8742045009838,526.3406612873077,116.23911166191101,5087.138650268667,6254.344110751619,2757.105259404463,976.559358700584,629.6633837223053,180.8147222995758,5374.951885967628,6620.454380630044,2923.803423328961,1030.7316667977502,690.2866633695714,206.64551520347595,0.0,0.0,0.0,0.0,0.0,0.0,0.0,0.0,0.0,0.0,0.0,0.0,0.0,0.0,0.0,0.0,0.0,0.0,0.0,0.0,0.0,0.0,0.0,0.0,0.0,0.0,0.0,0.0,0.0,0.0,0.0,0.0,0.0,0.0,0.0,0.0,0.0
"90,176",2503.1092857320555,0.0,0.0,0.0,0.0,0.0,0.0,0.0,0.0,0.0,0.0,953.5946551192042,845.4633240120085,222.18700858003953,25.84376072883606,25.843286991119385,9.692214727401733,1250.8097167837855,1131.7527655863296,270.6441523636089,38.764222860336304,35.53397512435913,9.692214727401733,1361.055047642951,1277.121055772258,309.40882511980396,48.454981565475464,41.99566674232483,16.15552020072937,1540.7480522595201,1391.624616155437,364.3260085190044,80.76371788978577,74.31128478050232,25.85019874572754,1650.6034292183672,1533.7741136644397,406.32733484155995,102.65782829172471,80.77199912071228,29.081881046295166,0.0,0.0,0.0,0.0,0.0,0.0,0.0,0.0,0.0,0.0,0.0,0.0,0.0,0.0,0.0,0.0,0.0,0.0,0.0,0.0,0.0,0.0,0.0,0.0,0.0,0.0,0.0,0.0,0.0,0.0,0.0,0.0,0.0,0.0,0.0,0.0,0.0
"91,176",2504.498174034541,0.0,0.0,0.0,0.0,0.0,0.0,0.0,0.0,0.0,0.0,1363.0367164078882,1327.8330525426304,414.0747711854823,138.9973385334015,106.67583775520325,29.093716621398926,1660.8703815535002,1681.03783698082,520.7620880800135,177.79652976989746,129.30800485610962,32.32605338096619,1949.821365845437,2043.5533360817853,620.9891462943133,197.1965353488922,140.79810750624713,29.093809604644775,2257.3817680489788,2460.4122296323967,821.8558877468108,255.3961958885193,237.79797852179584,35.56394386291504,2630.4090402949096,2782.93374692412,928.9635890792398,288.45278600804943,257.1979616894441,42.030367612838745,0.0,0.0,0.0,0.0,0.0,0.0,0.0,0.0,0.0,0.0,0.0,0.0,0.0,0.0,0.0,0.0,0.0,0.0,0.0,0.0,0.0,0.0,0.0,0.0,0.0,0.0,0.0,0.0,0.0,0.0,0.0,0.0,0.0,0.0,0.0,0.0,0.0
"92,176",2505.734011783033,0.0,0.0,0.0,0.0,0.0,0.0,0.0,0.0,0.0,0.0,598.3682324886322,653.3558781147003,268.443320274353,93.78731942176819,97.0218756198883,19.403747081756592,950.9785940647125,1196.8179268836975,378.42509365081787,127.20190571336185,119.6665666103363,19.403747081756592,931.5719344615936,1203.284431219101,365.4801936149597,136.90416501550112,127.56641254892537,22.63753604888916,905.6948249340057,1170.942233800888,346.0751805305481,133.67208956269656,127.56374464502522,19.4028058052063,915.3951830863953,1174.174663066864,326.67415833473206,130.43937991647158,114.62909756174275,19.4028058052063,0.0,0.0,0.0,0.0,0.0,0.0,0.0,0.0,0.0,0.0,0.0,0.0,0.0,0.0,0.0,0.0,0.0,0.0,0.0,0.0,0.0,0.0,0.0,0.0,0.0,0.0,0.0,0.0,0.0,0.0,0.0,0.0,0.0,0.0,0.0,0.0,0.0
"93,176",2506.8163519820555,0.0,0.0,0.0,0.0,0.0,0.0,0.0,0.0,0.0,0.0,1119.4306351829978,822.6331161882364,177.96342158317566,48.535120725631714,17.33370993838591,0.0,1354.400062420789,1100.8983761693917,258.8513972759247,73.34058006604512,23.44994019620559,0.0,1267.0255242375767,1074.600366080976,242.67096853256226,70.10494263966878,23.450277320076438,0.0,1289.669150212232,1110.1888510834938,245.9060823917389,70.10585721333821,20.213904133964988,0.0,1362.2065052986145,1246.0827736508613,239.43498516082764,66.87045081456502,23.449692240883323,0.0,0.0,0.0,0.0,0.0,0.0,0.0,0.0,0.0,0.0,0.0,0.0,0.0,0.0,0.0,0.0,0.0,0.0,0.0,0.0,0.0,0.0,0.0,0.0,0.0,0.0,0.0,0.0,0.0,0.0,0.0,0.0,0.0,0.0,0.0,0.0,0.0,0.0
"94,176",2507.7448026557936,0.0,0.0,0.0,0.0,0.0,0.0,0.0,0.0,0.0,0.0,4049.921933091855,2829.9118432951905,588.311827101427,179.2482012094236,78.14061590923983,3.236607313156128,4093.793944798264,3732.3308140792096,964.6475368742849,297.80877923965454,165.09229969978333,74.45830535888672,3423.7676119430394,3771.177631601633,1193.2734219233196,346.36845803260803,184.51979446411133,87.40856170654297,3768.98618333854,4595.07410774044,1497.5773879686992,485.57263445854187,281.63693284988403,93.88321661949158,4101.672857956793,4852.479271156648,1612.900527897068,514.7100336551666,284.8751606941223,97.12052178382874,0.0,0.0,0.0,0.0,0.0,0.0,0.0,0.0,0.0,0.0,0.0,0.0,0.0,0.0,0.0,0.0,0.0,0.0,0.0,0.0,0.0,0.0,0.0,0.0,0.0,0.0,0.0,0.0,0.0,0.0,0.0,0.0,0.0,0.0,0.0,0.0,0.0
"95,176",2508.5190271885735,0.0,0.0,0.0,0.0,0.0,0.0,0.0,0.0,0.0,0.0,6944.178811081719,3752.532503095328,494.4746272573284,199.68053754170737,210.47212648391724,51.8097620010376,8612.232029781157,5232.834203532163,662.4467205131756,229.23016944118575,256.21217468205623,65.57453590748356,10699.174383535574,6585.664045539555,821.1145934189067,253.52611810272816,303.8476518836676,75.28893190739201,13575.247044394064,8233.15196107696,1073.6793099964366,311.1390296281552,335.14993095865435,88.24175649998234,14940.670272688772,9093.178679270837,1222.6244720543132,346.7564588845944,342.034517547196,91.88655965094472,0.0,0.0,0.0,0.0,0.0,0.0,0.0,0.0,0.0,0.0,0.0,0.0,0.0,0.0,0.0,0.0,0.0,0.0,0.0,0.0,0.0,0.0,0.0,0.0,0.0,0.0,0.0,0.0,0.0,0.0,0.0,0.0,0.0,0.0,0.0,0.0,0.0
"96,176",2509.138744618265,0.0,0.0,0.0,0.0,0.0,0.0,0.0,0.0,0.0,0.0,73127.29763674362,41275.93797254095,6481.59898315224,1847.2277909325617,1643.1183139903872,372.4481956958771,76251.43220162018,43616.48703715006,6917.028354654126,1999.4509802865048,1753.2412473781435,346.5388877391815,80401.14022858003,46364.0692288623,7305.279957320645,2122.5255194710753,1820.1903527138281,333.58521842956543,85732.85086050877,49165.392698100964,7975.698578622295,2383.7199261001515,1981.3870466830685,369.2087438106537,87091.27900299747,49930.983792520965,8118.200115468456,2453.1682120631726,1976.3434686801015,356.25391483306885,0.0,0.0,0.0,0.0,0.0,0.0,0.0,0.0,0.0,0.0,0.0,0.0,0.0,0.0,0.0,0.0,0.0,0.0,0.0,0.0,0.0,0.0,0.0,0.0,0.0,0.0,0.0,0.0,0.0,0.0,0.0,0.0,0.0,0.0,0.0,0.0,0.0
"97,176",2509.6037298802034,0.0,0.0,0.0,0.0,0.0,0.0,0.0,0.0,0.0,0.0,36713.27741776915,28180.596483763526,5198.208142152487,1685.77269987312,1572.0996702839345,210.56152534484863,39296.126022802615,30187.98669920061,5651.892839846892,1760.2782502576415,1581.816423289916,194.36422109603882,41538.94904698484,31943.501645584667,5900.347213339339,1831.5443714067046,1643.366515748641,197.60375571250916,47416.79663467127,36821.52929372413,7046.6068326622835,2226.120809570013,2118.1158438570355,255.91531801223755,51031.25812704984,40018.18886402355,7990.515728047314,2572.111600705689,2505.407452400993,353.10004234313965,0.0,0.0,0.0,0.0,0.0,0.0,0.0,0.0,0.0,0.0,0.0,0.0,0.0,0.0,0.0,0.0,0.0,0.0,0.0,0.0,0.0,0.0,0.0,0.0,0.0,0.0,0.0,0.0,0.0,0.0,0.0,0.0,0.0,0.0,0.0,0.0,0.0
"98,176",2509.913814003744,0.0,0.0,0.0,0.0,0.0,0.0,0.0,0.0,0.0,0.0,7520.570977755154,6641.017856134153,1686.480598779753,668.4494311613196,435.18713710728815,74.51287722587585,8460.803583616369,7393.688601487291,1942.4127820454391,762.3993983072394,532.3761701387518,116.62844157218933,9464.706815054837,8278.218423422644,2141.8257579794117,872.548969487583,616.6074702543372,142.5458152294159,11279.83391704092,9822.362898970587,2753.4084485297108,1157.643141488468,969.7349550527686,213.8192174434662,11761.409804785486,10409.312730119744,3002.862629247179,1245.1145329279059,1167.3556875986212,275.3736424446106,0.0,0.0,0.0,0.0,0.0,0.0,0.0,0.0,0.0,0.0,0.0,0.0,0.0,0.0,0.0,0.0,0.0,0.0,0.0,0.0,0.0,0.0,0.0,0.0,0.0,0.0,0.0,0.0,0.0,0.0,0.0,0.0,0.0,0.0,0.0,0.0,0.0
"99,176",2510.0688842601926,0.0,0.0,0.0,0.0,0.0,0.0,0.0,0.0,0.0,0.0,4266.976713691039,3391.532876068003,894.3860000722548,306.15949062459606,125.71129165256724,19.439751863479614,4381.597317134633,3381.8144028719735,898.3507129304548,283.4796934520497,132.19131384456858,19.439751863479614,4574.7784216768605,3378.5749354895424,882.1508320920607,293.1995613967671,128.95141158664927,16.199848651885986,5258.4165163404805,3761.6941398171816,963.1503514402052,335.31932524793285,135.43121419513926,16.199848651885986,6083.389069725486,4338.407875159208,1208.9675841135136,422.798165360619,158.11100755298838,16.199848651885986,0.0,0.0,0.0,0.0,0.0,0.0,0.0,0.0,0.0,0.0,0.0,0.0,0.0,0.0,0.0,0.0,0.0,0.0,0.0,0.0,0.0,0.0,0.0,0.0,0.0,0.0,0.0,0.0,0.0,0.0,0.0,0.0,0.0,0.0,0.0,0.0,0.0
"100,176",2510.0688842602235,0.0,0.0,0.0,0.0,0.0,0.0,0.0,0.0,0.0,0.0,11006.24525699709,3042.6577699128316,376.47218020102554,51.83967089653015,40.328420877456665,6.479998826980591,11875.753155277287,3173.4749638389135,445.0067918693318,35.63977026939392,30.608437061309814,6.479998826980591,13931.270065527337,3589.4052404852473,524.5574226211099,45.35960865020752,27.368453979492188,6.479998826980591,13746.248759840048,3505.1654788942897,537.5173096488504,51.83970022201538,27.368452310562134,6.479998826980591,13234.332936380422,3365.846683690127,501.8777499030618,48.599692583084106,20.888453483581543,3.239999532699585,0.0,0.0,0.0,0.0,0.0,0.0,0.0,0.0,0.0,0.0,0.0,0.0,0.0,0.0,0.0,0.0,0.0,0.0,0.0,0.0,0.0,0.0,0.0,0.0,0.0,0.0,0.0,0.0,0.0,0.0,0.0,0.0,0.0,0.0,0.0,0.0,0.0
"101,176",2509.9138140037676,0.0,0.0,0.0,0.0,0.0,0.0,0.0,0.0,0.0,0.0,3433.7824997714924,1024.8673168771406,149.0342881679535,16.199402570724487,0.0,0.0,3777.5413963233727,1186.861681615605,200.87238454818726,16.199402570724487,0.0,0.0,4305.199544607425,1284.058416997685,215.2678893921422,19.43927788734436,0.0,0.0,4244.010599767462,1261.379567300572,208.78812946057786,16.199394464492798,0.0,0.0,4072.2974490277916,1154.463774358525,160.18994630551805,12.959519147872925,0.0,0.0,0.0,0.0,0.0,0.0,0.0,0.0,0.0,0.0,0.0,0.0,0.0,0.0,0.0,0.0,0.0,0.0,0.0,0.0,0.0,0.0,0.0,0.0,0.0,0.0,0.0,0.0,0.0,0.0,0.0,0.0,0.0,0.0,0.0,0.0,0.0,0.0,0.0
"102,176",2509.6037298801066,0.0,0.0,0.0,0.0,0.0,0.0,0.0,0.0,0.0,0.0,35697.60033163556,8711.576370671217,655.4011834873872,168.44124221801758,80.98131251335144,0.0,37354.85734194868,9124.833157267289,694.2720555081087,171.68048524856567,80.98131251335144,0.0,39808.942077925625,10082.624684925639,765.9417374564152,181.39799284934998,80.98131251335144,0.0,42662.018586768354,11113.600947887757,814.5302589369755,184.63725328445435,80.98131251335144,0.0,43695.33010715409,11683.706556827881,979.7319574786168,246.183012008667,97.17761731147766,0.0,0.0,0.0,0.0,0.0,0.0,0.0,0.0,0.0,0.0,0.0,0.0,0.0,0.0,0.0,0.0,0.0,0.0,0.0,0.0,0.0,0.0,0.0,0.0,0.0,0.0,0.0,0.0,0.0,0.0,0.0,0.0,0.0,0.0,0.0,0.0,0.0,0.0
"103,176",2509.1387446183253,0.0,0.0,0.0,0.0,0.0,0.0,0.0,0.0,0.0,0.0,45257.09033996918,22625.357167559978,1817.9929581501906,139.27492427825928,32.38953995704651,0.0,50249.75326292373,25364.378090122635,1937.8315308907454,142.51385736465454,32.38953995704651,0.0,54463.9163624726,27681.257854881474,2071.0325871131,158.7090721130371,32.38953995704651,0.0,56630.27120320843,28854.501908766993,2184.3953481337603,168.4257960319519,35.628496170043945,0.0,58423.7325159372,29520.093010099266,2245.9328425547656,171.6648609638214,35.628496170043945,0.0,0.0,0.0,0.0,0.0,0.0,0.0,0.0,0.0,0.0,0.0,0.0,0.0,0.0,0.0,0.0,0.0,0.0,0.0,0.0,0.0,0.0,0.0,0.0,0.0,0.0,0.0,0.0,0.0,0.0,0.0,0.0,0.0,0.0,0.0,0.0,0.0,0.0
"104,176",2508.5190271885513,0.0,0.0,0.0,0.0,0.0,0.0,0.0,0.0,0.0,0.0,9782.408390932456,2132.079323380601,138.1546212832133,51.808823347091675,12.951651096343994,3.2376224994659424,12723.904901988833,2746.6362001652815,193.20152298609415,51.808823347091675,12.951651096343994,3.2376224994659424,16553.58556196269,3598.5391495031477,274.1510495344798,84.18933176994324,19.427175998687744,3.2376224994659424,21376.2370130193,4940.127212001762,461.9587682882945,123.04524946212769,38.855844020843506,3.2376224994659424,22523.581562756557,5230.8800397517625,455.48224298159283,126.28300333023071,42.09382724761963,3.2376224994659424,0.0,0.0,0.0,0.0,0.0,0.0,0.0,0.0,0.0,0.0,0.0,0.0,0.0,0.0,0.0,0.0,0.0,0.0,0.0,0.0,0.0,0.0,0.0,0.0,0.0,0.0,0.0,0.0,0.0,0.0,0.0,0.0,0.0,0.0,0.0,0.0,0.0
"105,176",2507.744802655799,0.0,0.0,0.0,0.0,0.0,0.0,0.0,0.0,0.0,0.0,18473.01482434553,2947.642037369223,862.0571639902452,443.4433329105377,501.71113681793213,226.57343745231628,20031.882326111136,3185.007746472078,891.1891324884751,459.62789392471313,521.9326349426718,245.99510145187378,24314.01834782338,3927.8480297032525,1067.1658052977393,565.2293294317583,616.6039512858672,278.36490392684937,27364.842340790052,4612.979628010357,1203.913103462668,649.3905692942003,684.580725739984,323.6814033985138,27815.170967648068,4674.552810531504,1242.7524791969972,652.6266148931841,709.2565542641807,365.75992155075073,3.2368688583374023,0.0,0.0,0.0,0.0,0.0,3.2368688583374023,0.0,0.0,0.0,0.0,0.0,0.0,0.0,0.0,0.0,0.0,0.0,0.0,0.0,0.0,0.0,0.0,0.0,0.0,0.0,0.0,0.0,0.0,0.0,0.0,0.0,0.0,0.0,0.0,0.0,0.0
"106,176",2506.8163519820387,0.0,0.0,0.0,0.0,0.0,0.0,0.0,0.0,0.0,0.0,19622.603501391877,1021.627278507457,84.12539720535278,9.706636905670166,13.668202666675343,33.08480027142693,20429.55992511207,1053.983410061107,93.83193850517273,9.706636905670166,13.668202666675343,33.08480027142693,20838.49369500291,1092.8123442537644,100.30300688743591,9.706636905670166,23.37685063306023,49.264878777896655,21340.449184573867,1092.812279880748,106.77501940727234,9.706636905670166,26.612970618640674,55.737179068958056,19852.33950232805,1007.2425665154176,97.06835699081421,6.4717512130737305,29.849086074268115,68.68210628453423,0.0,0.0,0.0,0.0,0.0,0.0,0.0,0.0,0.0,0.0,0.0,0.0,0.0,0.0,0.0,0.0,0.0,0.0,0.0,0.0,0.0,0.0,0.0,0.0,0.0,0.0,0.0,0.0,0.0,0.0,0.0,0.0,0.0,0.0,0.0,0.0,0.0
"107,176",1375.8404888697619,0.0,0.0,0.0,0.0,0.0,0.0,0.0,0.0,0.0,0.0,7942.909042336893,604.8264814657324,163.6695529647902,66.06058665256873,125.42839643534492,73.67279240664314,8357.546139769462,646.8771458906286,163.67019478760514,66.1622396067077,141.60000750597786,76.90744683321785,9010.016271702449,711.5649098199957,170.14021675072465,66.1622396067077,164.24173352297615,83.3765339570887,9355.194084563911,762.0989625874688,192.78153626404557,69.39660101684869,164.24173352297615,93.080707283581,9678.711977477167,805.3631028568044,192.7818371482924,79.09997874054254,180.4129769521601,93.080707283581,0.0,0.0,0.0,0.0,0.0,0.0,0.0,0.0,0.0,0.0,0.0,0.0,0.0,0.0,0.0,0.0,0.0,0.0,0.0,0.0,0.0,0.0,0.0,0.0,0.0,0.0,0.0,0.0,0.0,0.0,0.0,0.0,0.0,0.0,0.0,0.0,0.0
"83,177",1396.4788609964621,0.0,0.0,0.0,0.0,0.0,0.0,0.0,0.0,0.0,0.0,99.62237620353699,106.05046463012695,41.776859283447266,12.853646278381348,51.415043354034424,141.37860345840454,80.34042453765869,93.19572591781616,32.13601040840149,12.853646278381348,51.415043354034424,138.16542053222656,77.12636065483093,96.4088704586029,35.35012984275818,9.640849113464355,44.989027976989746,142.57828046761307,77.12630271911621,102.83618783950806,25.709676265716553,9.640849113464355,41.77576541900635,155.4363157936171,80.34041047096252,112.48140549659729,32.138235092163086,12.854968547821045,41.77287983894348,157.4527988433838,0.0,0.0,0.0,0.0,0.0,0.0,0.0,0.0,0.0,0.0,0.0,0.0,0.0,0.0,0.0,0.0,0.0,0.0,0.0,0.0,0.0,0.0,0.0,0.0,0.0,0.0,0.0,0.0,0.0,0.0,0.0,0.0,0.0,0.0,0.0,0.0,0.0
"84,177",2491.676159426628,0.0,0.0,0.0,0.0,0.0,0.0,0.0,0.0,0.0,0.0,1026.7503412143856,631.4486780615414,197.38976257455116,91.24456706234054,45.016433238983154,45.010141372680664,1058.917188204971,634.6647863836849,213.47024958741432,94.46066441722945,45.016433238983154,45.01015281677246,1121.1085986053242,651.1043758990718,216.68634694230323,97.67637410350875,45.016433238983154,51.439542293548584,1121.1086198245778,654.6749991257985,223.11832540642982,104.11116662212447,48.233802795410156,54.654242753982544,1111.4627241050496,648.2399069150289,221.91952466964722,104.11116662212447,45.019147634506226,96.4447693824768,0.0,0.0,0.0,0.0,0.0,0.0,0.0,0.0,0.0,0.0,0.0,0.0,0.0,0.0,0.0,0.0,0.0,0.0,0.0,0.0,0.0,0.0,0.0,0.0,0.0,0.0,0.0,0.0,0.0,0.0,0.0,0.0,0.0,0.0,0.0,0.0,0.0
"85,177",2493.9711684597696,0.0,0.0,0.0,0.0,0.0,0.0,0.0,0.0,0.0,0.0,704.9592299461365,330.4881088284885,35.40938878059387,12.87577199935913,3.2189507484436035,0.0,721.0523467063904,340.14486379903906,35.40938878059387,12.87577199935913,3.2189507484436035,0.0,858.4039858799355,404.1625944969701,32.19069480895996,12.87577199935913,3.2189507484436035,0.0,1109.5083326321023,539.0122171560923,54.723759174346924,19.314064264297485,6.437777280807495,0.0,1428.1851326446908,645.2387927691142,80.47539520263672,35.40833258628845,12.875482320785522,0.0,0.0,0.0,0.0,0.0,0.0,0.0,0.0,0.0,0.0,0.0,0.0,0.0,0.0,0.0,0.0,0.0,0.0,0.0,0.0,0.0,0.0,0.0,0.0,0.0,0.0,0.0,0.0,0.0,0.0,0.0,0.0,0.0,0.0,0.0,0.0,0.0,0.0
"86,177",2495.9922981304135,0.0,0.0,0.0,0.0,0.0,0.0,0.0,0.0,0.0,0.0,257.761513710022,125.66083693504333,19.332637310028076,16.110271692276,6.444033861160278,12.887722969055176,251.31752681732178,96.6613883972168,16.110471963882446,16.110271692276,6.444033861160278,12.887722969055176,248.09523797035217,93.43917536735535,16.110471963882446,16.110271692276,6.444033861160278,12.887722969055176,260.9833254814148,109.54988694190979,19.332637310028076,16.110271692276,6.444033861160278,12.887722969055176,257.76074051856995,103.10530877113342,22.554611444473267,12.888173341751099,6.444033861160278,12.887722969055176,0.0,0.0,0.0,0.0,0.0,0.0,0.0,0.0,0.0,0.0,0.0,0.0,0.0,0.0,0.0,0.0,0.0,0.0,0.0,0.0,0.0,0.0,0.0,0.0,0.0,0.0,0.0,0.0,0.0,0.0,0.0,0.0,0.0,0.0,0.0,0.0,0.0
"87,177",2498.12205737465,0.0,0.0,0.0,0.0,0.0,0.0,0.0,0.0,0.0,0.0,377.3261821737476,336.8684961197423,182.05110032698687,48.382059812545776,19.35093116760254,12.899930238723755,635.3441076746174,614.2385951874303,378.7921059860903,106.43664908409119,80.62885189056396,29.026252031326294,923.4487235546112,901.2826339600133,452.97047407767354,141.91468787193298,116.10753107070923,38.702290058135986,1358.1171330339769,1307.6573750374364,604.5598958267885,228.63265528959386,164.48844361305237,58.055272579193115,1606.4644667036393,1496.149684786329,694.8634479775149,260.8849808244144,177.38895273208618,74.17747974395752,0.0,0.0,0.0,0.0,0.0,0.0,0.0,0.0,0.0,0.0,0.0,0.0,0.0,0.0,0.0,0.0,0.0,0.0,0.0,0.0,0.0,0.0,0.0,0.0,0.0,0.0,0.0,0.0,0.0,0.0,0.0,0.0,0.0,0.0,0.0,0.0,0.0
"88,177",2499.967120608269,0.0,0.0,0.0,0.0,0.0,0.0,0.0,0.0,0.0,0.0,2647.491282595841,2123.489718165117,640.6044248608982,216.15796995162964,127.03950831936855,16.1317195892334,3496.079963101593,2875.258131708819,853.5669111279881,293.5989866256714,168.98673031376856,25.810452699661255,4140.306040882597,3291.4768492838916,1047.165108349744,374.26263785362244,214.15720365094202,67.75216603279114,4613.62452064215,3672.182602133471,1227.8389855889714,493.97614842022165,269.01098272847196,106.46780800819397,4898.753064346314,3840.9197282800487,1273.0136555699742,523.011766725428,275.4669151072409,116.15096378326416,0.0,0.0,0.0,0.0,0.0,0.0,0.0,0.0,0.0,0.0,0.0,0.0,0.0,0.0,0.0,0.0,0.0,0.0,0.0,0.0,0.0,0.0,0.0,0.0,0.0,0.0,0.0,0.0,0.0,0.0,0.0,0.0,0.0,0.0,0.0,0.0,0.0
"89,177",2501.6607838245054,0.0,0.0,0.0,0.0,0.0,0.0,0.0,0.0,0.0,0.0,1788.7095189823822,1462.1885027913486,329.3532519340515,131.55907252723097,87.16122627258301,6.456037282943726,2076.087042390599,1817.0139508284774,462.97100894591387,186.4610884516847,106.53849411010742,16.14005422592163,2322.678304592768,2165.7735056914535,638.5621628480799,294.2239740596098,187.25800108909607,61.338484048843384,2748.1042451811772,2775.2091857610963,812.1000024290645,339.4288058982176,251.83050560951233,74.2525200843811,2943.427988505831,3030.271066826465,864.9527514354854,352.3428586230558,267.97446060180664,71.02398896217346,0.0,0.0,0.0,0.0,0.0,0.0,0.0,0.0,0.0,0.0,0.0,0.0,0.0,0.0,0.0,0.0,0.0,0.0,0.0,0.0,0.0,0.0,0.0,0.0,0.0,0.0,0.0,0.0,0.0,0.0,0.0,0.0,0.0,0.0,0.0,0.0,0.0
"90,177",2503.202436380571,0.0,0.0,0.0,0.0,0.0,0.0,0.0,0.0,0.0,0.0,7462.711289186104,4475.673556257697,736.523110628128,187.36670207977295,19.383330821990967,0.0,8428.613224763496,5239.235639562793,962.6512570381165,261.66653537750244,61.37875318527222,0.0,9010.147386092765,5781.9842123891785,1117.7125127315521,310.12301111221313,77.52970623970032,3.230342388153076,9942.2601828117,6403.370300337848,1305.9955837997736,351.40457136210273,106.60922694206238,3.230342388153076,10165.895565048853,6492.390581548915,1353.7353533258624,354.63489276942084,116.30103921890259,6.461673736572266,0.0,0.0,0.0,0.0,0.0,0.0,0.0,0.0,0.0,0.0,0.0,0.0,0.0,0.0,0.0,0.0,0.0,0.0,0.0,0.0,0.0,0.0,0.0,0.0,0.0,0.0,0.0,0.0,0.0,0.0,0.0,0.0,0.0,0.0,0.0,0.0,0.0
"91,177",2504.5915214388756,0.0,0.0,0.0,0.0,0.0,0.0,0.0,0.0,0.0,0.0,1464.7474710642123,1243.3667975332223,425.49910726547245,135.77632594108582,75.96293741300994,22.626211404800415,1813.872263022965,1550.4658475707558,561.2784546852113,186.0549418814042,92.12656622961455,38.787806272506714,4284.035213812659,2426.4278145621806,758.4582305496814,224.84766601394205,101.82632380560332,35.555697441101074,8700.499751135883,4875.405246005337,1143.841631637835,299.9123078991385,153.54530054167205,51.71780014038086,10155.54929731126,5843.349711984745,1328.808955112158,345.16936723484713,234.36563330725127,93.7472825050354,0.0,0.0,0.0,0.0,0.0,0.0,0.0,0.0,0.0,0.0,0.0,0.0,0.0,0.0,0.0,0.0,0.0,0.0,0.0,0.0,0.0,0.0,0.0,0.0,0.0,0.0,0.0,0.0,0.0,0.0,0.0,0.0,0.0,0.0,0.0,0.0,0.0
"92,177",2505.827536451054,0.0,0.0,0.0,0.0,0.0,0.0,0.0,0.0,0.0,0.0,3384.2082995050096,4397.668167605119,1408.034936097089,295.9382919171277,152.01653122901917,19.407226085662842,3994.931996895285,5081.170228999269,1736.8269615827821,384.70173800412346,177.89154148101807,25.876131057739258,4263.379597498389,5476.7830888318085,1912.545530053681,426.7474306863897,242.58212733268738,25.876627206802368,4787.3343692555145,6062.174189227236,2132.4801006045996,462.3236712259405,265.2212870121002,22.64182949066162,5149.596346928091,6505.284119980944,2274.7961148944555,530.2429789346807,294.33005380630493,25.876073837280273,0.0,0.0,0.0,0.0,0.0,0.0,0.0,0.0,0.0,0.0,0.0,0.0,0.0,0.0,0.0,0.0,0.0,0.0,0.0,0.0,0.0,0.0,0.0,0.0,0.0,0.0,0.0,0.0,0.0,0.0,0.0,0.0,0.0,0.0,0.0,0.0,0.0
"93,177",2506.910033595271,0.0,0.0,0.0,0.0,0.0,0.0,0.0,0.0,0.0,0.0,5634.50998818734,7057.967509146298,2068.1508492899875,477.1288219498653,336.79935610434586,38.833582639694214,6123.242667563756,7791.755159471549,2321.990040771634,528.8965314435025,343.2691541924196,35.59787440299988,6251.0104778336545,7853.742258089664,2345.162045060887,538.5984812783261,314.1428259625154,29.125487804412842,6817.664184396408,8282.524139835321,2466.504100536833,577.4299729870816,346.5043128742891,38.83492183685303,7002.10414483968,8407.092317224018,2495.6233775372602,590.3718668030758,349.73952686926896,42.071255922317505,0.0,0.0,0.0,0.0,0.0,0.0,0.0,0.0,0.0,0.0,0.0,0.0,0.0,0.0,0.0,0.0,0.0,0.0,0.0,0.0,0.0,0.0,0.0,0.0,0.0,0.0,0.0,0.0,0.0,0.0,0.0,0.0,0.0,0.0,0.0,0.0,0.0
"94,177",2507.838620166268,0.0,0.0,0.0,0.0,0.0,0.0,0.0,0.0,0.0,0.0,7659.03801148452,8536.256424149344,1940.6499591294455,368.8375725662007,134.88164959795336,51.78342390060425,9327.005840262244,10333.695323189566,2435.952222074247,423.866692534615,141.3554953182445,48.54697322845459,10927.939373743766,11741.109310597063,2614.487275283477,401.20995854489945,147.8348024929271,22.657268524169922,12086.070506481097,13339.83327759481,3005.81136098095,465.9518282329335,170.49762974626879,22.657268524169922,13184.566503343396,14543.28054451475,3288.6455982759885,542.0199506684846,180.2069641197429,22.657268524169922,0.0,0.0,0.0,0.0,0.0,0.0,0.0,0.0,0.0,0.0,0.0,0.0,0.0,0.0,0.0,0.0,0.0,0.0,0.0,0.0,0.0,0.0,0.0,0.0,0.0,0.0,0.0,0.0,0.0,0.0,0.0,0.0,0.0,0.0,0.0,0.0,0.0
"95,177",2508.6129589188868,0.0,0.0,0.0,0.0,0.0,0.0,0.0,0.0,0.0,0.0,12649.81440055791,9947.748233907363,1417.649754188575,155.77073527878406,87.41843485832214,6.475106239318848,16336.551237497144,13310.245064251094,1890.5076147864845,227.0021038205016,100.37109518051147,6.475106239318848,20450.534547088664,16340.645792560952,2265.1820596517305,275.56955315178516,126.27357530593872,6.475106239318848,24174.192516626095,19582.630080874762,2757.7012714357934,330.6138379723418,148.94012904167175,3.237553119659424,27767.478256752907,22846.236879722743,3334.0408483954034,398.6092584282744,158.65326189994812,3.2378296852111816,0.0,0.0,0.0,0.0,0.0,0.0,0.0,0.0,0.0,0.0,0.0,0.0,0.0,0.0,0.0,0.0,0.0,0.0,0.0,0.0,0.0,0.0,0.0,0.0,0.0,0.0,0.0,0.0,0.0,0.0,0.0,0.0,0.0,0.0,0.0,0.0,0.0
"96,177",2509.232768362834,0.0,0.0,0.0,0.0,0.0,0.0,0.0,0.0,0.0,0.0,28208.608122840586,15904.298420350693,1598.362377579072,385.4150769710541,114.97288740195481,3.238835334777832,31218.846616960975,17822.52203801847,1855.2815242823433,422.4745941554799,131.16654646910874,3.238835334777832,34068.25418418996,19797.547736048225,1997.7838812884163,454.8629112636342,137.6441990188524,3.238835334777832,37366.58388499372,21843.034840719363,2298.9943970259496,509.92523507230425,170.03384030379502,3.238835334777832,39360.03691340989,23045.7648845925,2459.3063472420563,548.7915358936086,179.75063813246933,3.238835334777832,0.0,0.0,0.0,0.0,0.0,0.0,0.0,0.0,0.0,0.0,0.0,0.0,0.0,0.0,0.0,0.0,0.0,0.0,0.0,0.0,0.0,0.0,0.0,0.0,0.0,0.0,0.0,0.0,0.0,0.0,0.0,0.0,0.0,0.0,0.0,0.0,0.0
"97,177",2509.6978230088207,0.0,0.0,0.0,0.0,0.0,0.0,0.0,0.0,0.0,0.0,19963.780885262582,10955.894961674074,1091.3959796325832,181.40930724143982,94.66679732659284,0.0,23668.671714641532,13432.40965741382,1459.8641402618557,241.51025636897367,162.69503896096174,0.0,27326.882967727328,15980.269368681256,1806.4816396133572,362.0938892420601,208.04858772614423,6.479073524475098,34574.37655483882,20144.140781507303,2410.9448027059148,507.8695888575386,318.1917669043821,22.676841497421265,38712.37400345148,22500.80019116495,2704.828457078747,559.7002308424782,366.78449647286357,22.676841497421265,0.0,0.0,0.0,0.0,0.0,0.0,0.0,0.0,0.0,0.0,0.0,0.0,0.0,0.0,0.0,0.0,0.0,0.0,0.0,0.0,0.0,0.0,0.0,0.0,0.0,0.0,0.0,0.0,0.0,0.0,0.0,0.0,0.0,0.0,0.0,0.0,0.0
"98,177",2510.007953566706,0.0,0.0,0.0,0.0,0.0,0.0,0.0,0.0,0.0,0.0,19836.783565219244,9294.814382628834,1147.9262153905981,291.5741958618164,167.73997218749102,22.677772045135498,22477.50884969562,10651.538928051557,1261.31792233411,320.7319893836975,170.9797755017,19.43806290626526,25549.872240463894,12354.938692662297,1468.664592961704,401.00274498602926,230.90980604489644,35.637200355529785,28167.715593412817,14248.461309462904,1819.4338537038543,480.369587689755,321.62273886998497,55.07567858695984,29416.911117633186,15321.261706387764,2051.9699465349613,562.975449555528,441.49230054219566,87.47287917137146,0.0,0.0,0.0,0.0,0.0,0.0,0.0,0.0,0.0,0.0,0.0,0.0,0.0,0.0,0.0,0.0,0.0,0.0,0.0,0.0,0.0,0.0,0.0,0.0,0.0,0.0,0.0,0.0,0.0,0.0,0.0,0.0,0.0,0.0,0.0,0.0,0.0
"99,177",2510.163047093767,0.0,0.0,0.0,0.0,0.0,0.0,0.0,0.0,0.0,0.0,865.2946181858288,801.8411355112113,300.7338156092401,169.3426314054751,174.1321226054547,45.35895586013794,815.4875940668817,766.2014570329703,263.3024906504388,149.90283185827965,138.49261602700926,42.1190390586853,800.4945053867266,750.0010724161185,263.3024303305383,149.90283185827965,144.9724467688916,42.1190390586853,952.774349193947,804.255204523311,269.78246396663144,137.66710645544762,141.732456296098,42.1190390586853,976.6612561169793,830.1750908739427,286.36355484233184,147.38694793570275,151.45231804193236,42.1190390586853,0.0,0.0,0.0,0.0,0.0,0.0,0.0,0.0,0.0,0.0,0.0,0.0,0.0,0.0,0.0,0.0,0.0,0.0,0.0,0.0,0.0,0.0,0.0,0.0,0.0,0.0,0.0,0.0,0.0,0.0,0.0,0.0,0.0,0.0,0.0,0.0,0.0
"100,177",2510.1630470937357,0.0,0.0,0.0,0.0,0.0,0.0,0.0,0.0,0.0,0.0,9058.404819624095,4478.20830314767,562.4435935815175,178.9222640991211,184.67797756195068,58.31995463371277,9398.84065597665,4683.773266067692,588.9475576316609,188.64214062690735,184.67789149284363,68.03994631767273,10800.526341784232,5103.756853117662,640.7864562904133,201.6019024848938,200.87770676612854,68.03994631767273,12491.77980886721,5839.225054039674,799.5442466174854,230.0371196269989,246.23708820343018,77.75984168052673,12813.984132453506,5991.503585352617,822.2240378295674,236.51694130897522,255.95703768730164,77.75984168052673,0.0,0.0,0.0,0.0,0.0,0.0,0.0,0.0,0.0,0.0,0.0,0.0,0.0,0.0,0.0,0.0,0.0,0.0,0.0,0.0,0.0,0.0,0.0,0.0,0.0,0.0,0.0,0.0,0.0,0.0,0.0,0.0,0.0,0.0,0.0,0.0,0.0
"101,177",2510.0079535666914,0.0,0.0,0.0,0.0,0.0,0.0,0.0,0.0,0.0,0.0,535.573924667695,285.40308684928743,66.23365105367174,0.0,0.0,0.0,517.9387254668218,271.0077882374035,69.4728008625554,3.2396466732025146,0.0,0.0,514.6988406134587,267.76789432413443,75.95209778523912,6.479294776916504,0.0,0.0,501.7392585230809,254.8083134258495,69.47230995870103,6.479294776916504,0.0,0.0,497.0636344984466,248.32852178461414,66.23241151547899,3.2396481037139893,0.0,0.0,0.0,0.0,0.0,0.0,0.0,0.0,0.0,0.0,0.0,0.0,0.0,0.0,0.0,0.0,0.0,0.0,0.0,0.0,0.0,0.0,0.0,0.0,0.0,0.0,0.0,0.0,0.0,0.0,0.0,0.0,0.0,0.0,0.0,0.0,0.0,0.0,0.0
"102,177",2509.6978230088703,0.0,0.0,0.0,0.0,0.0,0.0,0.0,0.0,0.0,0.0,7928.463931386611,2603.7115435057995,68.02277970314026,3.239114999771118,0.0,0.0,8301.741130252913,2719.8530030624534,77.74022459983826,3.239114999771118,0.0,0.0,10097.855677407395,3402.501367260428,132.80628490447998,3.239114999771118,0.0,0.0,12249.460843693041,3894.3727790467883,149.00252842903137,6.47833776473999,0.0,0.0,12472.966008793139,3930.3603473859675,161.95892596244812,6.47833776473999,0.0,0.0,0.0,0.0,0.0,0.0,0.0,0.0,0.0,0.0,0.0,0.0,0.0,0.0,0.0,0.0,0.0,0.0,0.0,0.0,0.0,0.0,0.0,0.0,0.0,0.0,0.0,0.0,0.0,0.0,0.0,0.0,0.0,0.0,0.0,0.0,0.0,0.0,0.0
"103,177",2509.232768362821,0.0,0.0,0.0,0.0,0.0,0.0,0.0,0.0,0.0,0.0,28611.99472495902,10909.952787551692,525.899601239784,32.38837480545044,6.4776389598846436,0.0,33005.2102079139,12691.340111040603,687.8447110839918,51.82164216041565,6.4776389598846436,0.0,33792.636458783054,13288.054166087915,739.6667752452925,51.82164216041565,6.4776389598846436,0.0,35979.06500003198,14148.869686505373,817.3990950771406,58.29897141456604,6.4776389598846436,0.0,37265.15091011384,14537.17101353477,882.1757223793104,61.5378155708313,6.4776389598846436,0.0,0.0,0.0,0.0,0.0,0.0,0.0,0.0,0.0,0.0,0.0,0.0,0.0,0.0,0.0,0.0,0.0,0.0,0.0,0.0,0.0,0.0,0.0,0.0,0.0,0.0,0.0,0.0,0.0,0.0,0.0,0.0,0.0,0.0,0.0,0.0,0.0,0.0
"104,177",2508.6129589189013,0.0,0.0,0.0,0.0,0.0,0.0,0.0,0.0,0.0,0.0,16051.104291200638,2673.3875653743744,521.2981476783752,135.99232363700867,110.08328008651733,19.425764799118042,17522.168314933777,2880.6107535362244,508.34515285491943,139.23027753829956,100.37005424499512,16.188149452209473,17930.112910032272,2938.886153459549,495.39251613616943,158.6570360660553,97.13243198394775,16.188149452209473,18615.840075969696,3006.8810048103333,501.8686010837555,148.94380950927734,100.37076687812805,16.188149452209473,18361.854664087296,2938.887288093567,488.9162836074829,119.80266165733337,93.89516401290894,16.188149452209473,0.0,0.0,0.0,0.0,0.0,0.0,0.0,0.0,0.0,0.0,0.0,0.0,0.0,0.0,0.0,0.0,0.0,0.0,0.0,0.0,0.0,0.0,0.0,0.0,0.0,0.0,0.0,0.0,0.0,0.0,0.0,0.0,0.0,0.0,0.0,0.0,0.0
"105,177",2507.8386201662993,0.0,0.0,0.0,0.0,0.0,0.0,0.0,0.0,0.0,0.0,8634.585738922568,3298.310532017315,624.6987433433533,261.8178381807664,239.1603617555955,51.791613817214966,10743.840904289133,4547.701437874402,825.3602033923654,318.2749175857095,293.357861774108,58.26503372192383,13383.03785591219,6475.175738441243,1471.435534472559,563.6694493677102,554.7030580305586,140.61423634921803,15674.905530300326,8228.366333080741,2012.7427376148748,825.8370080377541,823.3405695223341,237.71015738879933,16804.885802348454,8746.849847519632,2200.46609266973,884.0958257104836,941.062603453094,328.3333718720604,0.0,0.0,0.0,0.0,0.0,0.0,0.0,0.0,0.0,0.0,0.0,0.0,0.0,0.0,0.0,0.0,0.0,0.0,0.0,0.0,0.0,0.0,0.0,0.0,0.0,0.0,0.0,0.0,0.0,0.0,0.0,0.0,0.0,0.0,0.0,0.0,0.0
"106,177",2506.910033595214,0.0,0.0,0.0,0.0,0.0,0.0,0.0,0.0,0.0,0.0,33381.276863301035,8335.548417578491,821.9184091091156,243.04450509688434,194.50858924529132,199.01409021639356,37552.23437077299,9426.042123804838,902.8218448162079,277.1958670279559,243.0509822144228,234.61173716806897,44397.284914782475,12137.708926355137,1221.5678836570066,418.1371833829319,443.67720911643084,372.31439938638727,51184.018234569885,14906.850741201284,1485.2981809288847,521.6907457856571,595.7720811142641,504.99473490808526,52494.381481535296,15361.700007957566,1556.4931229264128,566.9961218385135,663.7309663071352,560.0105036744885,0.0,0.0,0.0,0.0,0.0,0.0,0.0,0.0,0.0,0.0,0.0,0.0,0.0,0.0,0.0,0.0,0.0,0.0,0.0,0.0,0.0,0.0,0.0,0.0,0.0,0.0,0.0,0.0,0.0,0.0,0.0,0.0,0.0,0.0,0.0,0.0,0.0
"107,177",2344.0312186265833,0.0,0.0,0.0,0.0,0.0,0.0,0.0,0.0,0.0,0.0,19255.45871741538,1517.926665202309,259.98104911692,46.4910234189501,54.98767113685608,29.110748529434204,21295.855399624503,1689.3654319202199,279.38692098505356,49.72475278143789,54.98767113685608,29.110748529434204,23411.041123668816,1978.8465929592357,308.4975469673381,52.959814188527126,58.22273778915405,32.34525990486145,25494.838607792757,2361.8990391404022,331.1373003090129,52.959814188527126,58.22273778915405,32.34525990486145,25166.956565292207,2329.972992048077,344.07468443758347,49.72475278143789,54.988062381744385,32.34525990486145,0.0,0.0,0.0,0.0,0.0,0.0,0.0,0.0,0.0,0.0,0.0,0.0,0.0,0.0,0.0,0.0,0.0,0.0,0.0,0.0,0.0,0.0,0.0,0.0,0.0,0.0,0.0,0.0,0.0,0.0,0.0,0.0,0.0,0.0,0.0,0.0,0.0
"108,177",117.75347254094065,0.0,0.0,0.0,0.0,0.0,0.0,0.0,0.0,0.0,0.0,84.4757729137645,9.700172185897827,0.0,0.0,0.0,0.0,87.70912676699021,9.700172185897827,0.0,0.0,0.0,0.0,87.70912676699021,9.700172185897827,0.0,0.0,0.0,0.0,87.70889955408433,9.700172185897827,0.0,0.0,0.0,0.0,90.94230037577012,9.700172185897827,0.0,0.0,0.0,0.0,0.0,0.0,0.0,0.0,0.0,0.0,0.0,0.0,0.0,0.0,0.0,0.0,0.0,0.0,0.0,0.0,0.0,0.0,0.0,0.0,0.0,0.0,0.0,0.0,0.0,0.0,0.0,0.0,0.0,0.0,0.0,0.0,0.0,0.0,0.0,0.0,0.0
"83,178",1382.625668240829,0.0,0.0,0.0,0.0,0.0,0.0,0.0,0.0,0.0,0.0,28.92959761619568,31.010799940894632,10.702509700550753,0.0,0.0,0.0,29.988508760227877,34.22534042246201,10.702509700550753,0.0,1.0589111440321979,0.0,26.77410489250632,34.22534042246201,10.702509700550753,0.0,1.0589111440321979,0.0,25.71519374847412,31.010799940894632,10.702509700550753,0.0,0.0,0.0,25.71519374847412,31.010799940894632,10.702509700550753,0.0,0.0,0.0,0.0,0.0,0.0,0.0,0.0,0.0,0.0,0.0,0.0,0.0,0.0,0.0,0.0,0.0,0.0,0.0,0.0,0.0,0.0,0.0,0.0,0.0,0.0,0.0,0.0,0.0,0.0,0.0,0.0,0.0,0.0,0.0,0.0,0.0,0.0,0.0,0.0
"84,178",2491.7639629488167,0.0,0.0,0.0,0.0,0.0,0.0,0.0,0.0,0.0,0.0,257.192227602005,171.46853876113892,34.29925775527954,22.512742042541504,12.860240459442139,0.0,252.90250849723816,155.38672614097595,31.082930326461792,22.512742042541504,15.003274917602539,0.0,249.68789982795715,152.17210626602173,27.86654806137085,22.512742042541504,11.788688898086548,0.0,241.11568212509155,148.95750904083252,21.436596870422363,19.2975013256073,9.645654439926147,0.0,244.33148860931396,136.10079216957092,21.436596870422363,19.2975013256073,6.430436372756958,0.0,0.0,0.0,0.0,0.0,0.0,0.0,0.0,0.0,0.0,0.0,0.0,0.0,0.0,0.0,0.0,0.0,0.0,0.0,0.0,0.0,0.0,0.0,0.0,0.0,0.0,0.0,0.0,0.0,0.0,0.0,0.0,0.0,0.0,0.0,0.0,0.0,0.0
"85,178",2494.0592514136697,0.0,0.0,0.0,0.0,0.0,0.0,0.0,0.0,0.0,0.0,4664.8237533148595,2092.2402052879333,965.6430847644806,309.00803208351135,202.79106903076172,93.35079002380371,4626.197611766703,2092.2394485473633,952.7671508789062,302.5698730945587,199.57199454307556,93.35079002380371,4697.009114700205,2127.6477406024933,968.8609972000122,305.7883656024933,202.79101729393005,96.56975078582764,4717.129525367886,2130.866794347763,968.860303401947,305.7883656024933,206.0100917816162,96.56975078582764,4668.845646803052,2117.9916472434998,972.0790860652924,312.225768327713,189.91528940200806,90.13171577453613,0.0,0.0,0.0,0.0,0.0,0.0,0.0,0.0,0.0,0.0,0.0,0.0,0.0,0.0,0.0,0.0,0.0,0.0,0.0,0.0,0.0,0.0,0.0,0.0,0.0,0.0,0.0,0.0,0.0,0.0,0.0,0.0,0.0,0.0,0.0,0.0,0.0
"86,178",2496.080641698431,0.0,0.0,0.0,0.0,0.0,0.0,0.0,0.0,0.0,0.0,25.77698564529419,51.55413293838501,16.110432386398315,3.22196364402771,0.0,0.0,19.332722425460815,41.8876953125,6.4440999031066895,3.22196364402771,0.0,0.0,25.77619504928589,45.109389781951904,12.887051343917847,3.22196364402771,0.0,0.0,19.331960678100586,38.66513633728027,12.887051343917847,3.22196364402771,0.0,0.0,9.66631293296814,38.66513633728027,6.4440999031066895,3.22196364402771,0.0,0.0,0.0,0.0,0.0,0.0,0.0,0.0,0.0,0.0,0.0,0.0,0.0,0.0,0.0,0.0,0.0,0.0,0.0,0.0,0.0,0.0,0.0,0.0,0.0,0.0,0.0,0.0,0.0,0.0,0.0,0.0,0.0,0.0,0.0,0.0,0.0,0.0,0.0
"87,178",2498.2106618354073,0.0,0.0,0.0,0.0,0.0,0.0,0.0,0.0,0.0,0.0,6.449343204498291,3.2249419689178467,6.4477221965789795,0.0,0.0,0.0,6.44989275932312,3.2249419689178467,3.2233386039733887,0.0,0.0,0.0,6.44989275932312,3.2249419689178467,9.673178672790527,0.0,0.0,0.0,6.44989275932312,3.2249419689178467,9.673178672790527,0.0,0.0,0.0,6.44989275932312,3.2249419689178467,12.897553205490112,0.0,0.0,3.224472761154175,0.0,0.0,0.0,0.0,0.0,0.0,0.0,0.0,0.0,0.0,0.0,0.0,0.0,0.0,0.0,0.0,0.0,0.0,0.0,0.0,0.0,0.0,0.0,0.0,0.0,0.0,0.0,0.0,0.0,0.0,0.0,0.0,0.0,0.0,0.0,0.0,0.0
"88,178",2500.0559641783084,0.0,0.0,0.0,0.0,0.0,0.0,0.0,0.0,0.0,0.0,181.48094031577017,229.11289954185486,100.04432559013367,67.77270102500916,67.77270126342773,0.0,425.8988874846814,396.90666354403777,133.12066487424514,93.58695793151855,93.58751273155212,9.681035041809082,537.2176735765794,549.370769630694,149.25423268430373,112.95059967041016,100.04133987426758,12.907938241958618,582.3945594198564,604.2297648298975,152.4818542396321,109.72336268424988,96.81443667411804,9.68070125579834,650.1562080747941,662.316276441836,184.75549201123854,125.85931515693665,109.72369027137756,12.907881736755371,0.0,0.0,0.0,0.0,0.0,0.0,0.0,0.0,0.0,0.0,0.0,0.0,0.0,0.0,0.0,0.0,0.0,0.0,0.0,0.0,0.0,0.0,0.0,0.0,0.0,0.0,0.0,0.0,0.0,0.0,0.0,0.0,0.0,0.0,0.0,0.0,0.0
"89,178",2501.7498506997817,0.0,0.0,0.0,0.0,0.0,0.0,0.0,0.0,0.0,0.0,93.66250872612,45.21655464172363,3.229835271835327,0.0,0.0,0.0,230.91980712086547,188.93291732002706,25.8384747505188,0.0,3.229835271835327,0.0,487.6741998027353,331.03553863693685,87.20242047309875,25.837006092071533,9.688790559768677,0.0,636.2416732142954,492.5051345582102,151.79526090621948,35.525739431381226,22.607200384140015,0.0,663.6882481219722,576.475996946821,171.17113137245178,38.75527596473694,22.607200384140015,6.457631826400757,0.0,0.0,0.0,0.0,0.0,0.0,0.0,0.0,0.0,0.0,0.0,0.0,0.0,0.0,0.0,0.0,0.0,0.0,0.0,0.0,0.0,0.0,0.0,0.0,0.0,0.0,0.0,0.0,0.0,0.0,0.0,0.0,0.0,0.0,0.0,0.0,0.0
"90,178",2503.2917097075365,0.0,0.0,0.0,0.0,0.0,0.0,0.0,0.0,0.0,0.0,882.1712603569031,559.0309512615204,103.40400004386902,22.620397329330444,0.0,0.0,1072.7776818275452,688.2451107501984,129.24186277389526,32.309447288513184,0.0,0.0,1169.6967873573303,759.3156299591064,138.9310462474823,38.77257442474365,0.0,0.0,1295.692893743515,852.9935576532401,169.61678143295586,51.69464707374573,0.0,0.0,1667.3143503665924,1085.64589138966,201.93103976997673,64.6179621219635,3.2313313484191895,0.0,0.0,0.0,0.0,0.0,0.0,0.0,0.0,0.0,0.0,0.0,0.0,0.0,0.0,0.0,0.0,0.0,0.0,0.0,0.0,0.0,0.0,0.0,0.0,0.0,0.0,0.0,0.0,0.0,0.0,0.0,0.0,0.0,0.0,0.0,0.0,0.0,0.0
"91,178",2504.6809833982456,0.0,0.0,0.0,0.0,0.0,0.0,0.0,0.0,0.0,0.0,1464.5479291541903,1695.7327073667564,551.235782958012,155.18922877311707,33.9401414974063,3.2330844402313232,1826.6443080743154,2036.9840990188077,690.59614517642,216.61745500564575,53.337957201752005,6.465970277786255,2498.1705689635933,2737.026540529962,844.3491102452372,270.13283095359805,46.87173396185332,9.698211908340454,2663.216962792827,2927.774840843911,931.6399136777018,291.3192598342896,59.80393534735137,9.698211908340454,3043.2746017717845,3350.5478656413507,1086.8253122563456,339.81502790451054,66.27014881208831,6.465970277786255,0.0,0.0,0.0,0.0,0.0,0.0,0.0,0.0,0.0,0.0,0.0,0.0,0.0,0.0,0.0,0.0,0.0,0.0,0.0,0.0,0.0,0.0,0.0,0.0,0.0,0.0,0.0,0.0,0.0,0.0,0.0,0.0,0.0,0.0,0.0,0.0,0.0
"92,178",2505.9171683448913,0.0,0.0,0.0,0.0,0.0,0.0,0.0,0.0,0.0,0.0,3084.4315788998324,4556.837115125095,1457.6450612488916,435.0259000161115,197.29302763938904,9.702949523925781,4399.061419332729,6324.049353101207,1961.7794870367236,515.8817683556501,223.16647458076477,19.404630661010742,5420.217165538376,7745.138533840927,2283.387677223542,569.0634176908754,240.1500235903497,19.404630661010742,6236.651692347433,8870.594786881467,2627.036478724199,633.0166856980791,275.7295709955926,32.340935707092285,6776.882420899821,9514.416300373452,2852.9073115058977,705.2445912772534,346.89105023028804,38.81022644042969,0.0,0.0,0.0,0.0,0.0,0.0,0.0,0.0,0.0,0.0,0.0,0.0,0.0,0.0,0.0,0.0,0.0,0.0,0.0,0.0,0.0,0.0,0.0,0.0,0.0,0.0,0.0,0.0,0.0,0.0,0.0,0.0,0.0,0.0,0.0,0.0,0.0
"93,178",2506.9998159370343,0.0,0.0,0.0,0.0,0.0,0.0,0.0,0.0,0.0,0.0,1465.784536666496,2523.0484294592165,981.4112304911894,375.6846747052436,332.16460111842434,42.05861163139343,1693.8481974152958,2787.9819004582423,1075.2323636279386,398.68505995507337,338.6350331614999,42.05861163139343,1921.5626997096865,3061.355534323524,1190.076919151755,453.6857132219801,344.74916512358425,42.05861163139343,2186.830687722973,3457.672056381375,1359.9240422145992,504.3724922441969,386.80918151724575,45.294556617736816,2518.980771021749,3847.245374811397,1498.7748874636256,572.8599237011929,419.1625335871005,48.52989435195923,0.0,0.0,0.0,0.0,0.0,0.0,0.0,0.0,0.0,0.0,0.0,0.0,0.0,0.0,0.0,0.0,0.0,0.0,0.0,0.0,0.0,0.0,0.0,0.0,0.0,0.0,0.0,0.0,0.0,0.0,0.0,0.0,0.0,0.0,0.0,0.0,0.0
"94,178",2507.928532773502,0.0,0.0,0.0,0.0,0.0,0.0,0.0,0.0,0.0,0.0,14357.853587285212,13198.022990481057,2297.106584013209,379.9795345287697,98.21161410107331,0.0,15720.929579608583,14545.87400634803,2535.021431710673,437.8915876715791,117.6336066414328,0.0,16687.911334284614,15574.073318690882,2740.772299334582,466.67007965667574,111.5153016389585,0.0,18193.584472140144,16942.976253009307,2899.389634177264,495.8038083992752,124.46360128533607,0.0,19070.837798556156,17850.96420528,3054.7608619185053,545.9698066683376,134.17469328057533,3.2369303703308105,0.0,0.0,0.0,0.0,0.0,0.0,0.0,0.0,0.0,0.0,0.0,0.0,0.0,0.0,0.0,0.0,0.0,0.0,0.0,0.0,0.0,0.0,0.0,0.0,0.0,0.0,0.0,0.0,0.0,0.0,0.0,0.0,0.0,0.0,0.0,0.0,0.0
"95,178",2508.702981008233,0.0,0.0,0.0,0.0,0.0,0.0,0.0,0.0,0.0,0.0,22547.213928509693,19797.986597083596,3434.116667956932,809.4651172161102,540.7228760719299,90.65943956375122,24418.707308549507,21294.596548048652,3858.280787677391,922.789621591568,634.6185643672943,100.37314295768738,25877.510784769056,22531.57816916634,4070.696319056492,971.7099549658158,657.2808847427368,103.61107873916626,27334.926383053087,23881.045705906545,4339.443336201649,1029.993089426265,692.8994917869568,103.61113095283508,28755.292190173095,25238.816563121007,4566.091149521809,1091.5119326002457,705.8522613048553,100.37318873405457,0.0,0.0,0.0,0.0,0.0,0.0,0.0,0.0,0.0,0.0,0.0,0.0,0.0,0.0,0.0,0.0,0.0,0.0,0.0,0.0,0.0,0.0,0.0,0.0,0.0,0.0,0.0,0.0,0.0,0.0,0.0,0.0,0.0,0.0,0.0,0.0,0.0
"96,178",2494.8841918274443,0.0,0.0,0.0,0.0,0.0,0.0,0.0,0.0,0.0,0.0,1819.973076691347,1560.365976416831,168.39600180364124,32.388137102127075,14.568019752876431,3.238968849182129,3039.679993538763,2645.1523999990204,301.174630391364,42.103480100631714,27.522382860557705,3.238968849182129,3769.3217928568524,3481.739137952468,425.3057853324741,71.24997043609619,33.9996253303453,6.478049993515015,4386.198217405992,4068.8901130470576,490.0748786075443,87.44288444519043,50.19257462538925,9.71668028831482,4793.699274784911,4501.726847036211,498.1628820138819,90.68130230903625,53.43118894614425,6.477599143981934,0.0,0.0,0.0,0.0,0.0,0.0,0.0,0.0,0.0,0.0,0.0,0.0,0.0,0.0,0.0,0.0,0.0,0.0,0.0,0.0,0.0,0.0,0.0,0.0,0.0,0.0,0.0,0.0,0.0,0.0,0.0,0.0,0.0,0.0,0.0,0.0,0.0
"97,178",2351.8557507224864,0.0,0.0,0.0,0.0,0.0,0.0,0.0,0.0,0.0,0.0,3150.3491110362256,2210.595221638212,449.75967615258463,179.62301668840297,172.42034714081709,29.156177282333374,3967.953240952772,2894.30839674987,560.6268697785397,245.13710763033697,224.25353257515852,38.87492656707764,4978.658805690092,3824.748897799323,863.346969797097,398.1187016431023,308.4816579089445,68.03046131134033,6719.16399379992,5256.225158122006,1371.2615371610605,583.4947045971365,571.6068390341366,142.53999066352844,8240.790059829225,6381.928360996058,1628.7916321128023,713.7983947192922,733.5829080076778,158.73784399032593,0.0,0.0,0.0,0.0,0.0,0.0,0.0,0.0,0.0,0.0,0.0,0.0,0.0,0.0,0.0,0.0,0.0,0.0,0.0,0.0,0.0,0.0,0.0,0.0,0.0,0.0,0.0,0.0,0.0,0.0,0.0,0.0,0.0,0.0,0.0,0.0,0.0
"98,178",2178.092635900293,0.0,0.0,0.0,0.0,0.0,0.0,0.0,0.0,0.0,0.0,5540.73705931084,3319.3180697338253,1320.6740152443158,656.2024644879734,540.2982049717623,145.78374528884888,6244.067319249172,3771.0369593517453,1472.2181845047894,757.523617734161,575.9356499447542,123.10637497901917,7123.302188678817,4631.405974969677,1710.5074426538804,934.9825890690672,687.6993937810262,136.06475830078125,8456.663852355061,5977.078289027307,2458.7486621277003,1288.9985483618343,1101.6542287920036,265.65087628364563,9595.208721146864,6955.4511242081135,2996.542839898315,1541.7728946040659,1367.3128102872886,346.64246010780334,0.0,0.0,0.0,0.0,0.0,0.0,0.0,0.0,0.0,0.0,0.0,0.0,0.0,0.0,0.0,0.0,0.0,0.0,0.0,0.0,0.0,0.0,0.0,0.0,0.0,0.0,0.0,0.0,0.0,0.0,0.0,0.0,0.0,0.0,0.0,0.0,0.0
"99,178",2004.1742879145936,0.0,0.0,0.0,0.0,0.0,0.0,0.0,0.0,0.0,0.0,0.0,0.0,0.0,3.239931106567383,0.0,0.0,6.479862928390503,16.199658393859863,9.71979570388794,0.0,0.0,0.0,48.59896945953369,168.47635555267334,45.35899472236633,9.719797134399414,0.0,0.0,110.15739560127258,242.9946267604828,74.51824426651001,22.679426431655884,29.15930700302124,9.719791412353516,149.03645753860474,336.952495098114,155.5164053440094,68.03843998908997,97.19778680801392,35.6391224861145,0.0,0.0,0.0,0.0,0.0,0.0,0.0,0.0,0.0,0.0,0.0,0.0,0.0,0.0,0.0,0.0,0.0,0.0,0.0,0.0,0.0,0.0,0.0,0.0,0.0,0.0,0.0,0.0,0.0,0.0,0.0,0.0,0.0,0.0,0.0,0.0,0.0
"100,178",1830.1104600929023,0.0,0.0,0.0,0.0,0.0,0.0,0.0,0.0,0.0,0.0,6.479891538619995,6.479891300201416,0.0,0.0,0.0,0.0,165.23709225654602,68.03882479667664,0.0,0.0,0.0,0.0,187.91672134399414,93.95832967758179,12.959836959838867,0.0,0.0,0.0,301.3148024082184,152.27743363380432,16.19978404045105,0.0,0.0,0.0,485.99149227142334,191.15673971176147,12.959804058074951,0.0,0.0,0.0,0.0,0.0,0.0,0.0,0.0,0.0,0.0,0.0,0.0,0.0,0.0,0.0,0.0,0.0,0.0,0.0,0.0,0.0,0.0,0.0,0.0,0.0,0.0,0.0,0.0,0.0,0.0,0.0,0.0,0.0,0.0,0.0,0.0,0.0,0.0,0.0,0.0
"101,178",1655.9119806767562,0.0,0.0,0.0,0.0,0.0,0.0,0.0,0.0,0.0,0.0,0.0,0.0,0.0,0.0,0.0,0.0,0.0,0.0,0.0,0.0,0.0,0.0,0.0,0.0,0.0,0.0,0.0,0.0,0.0,0.0,0.0,0.0,0.0,0.0,0.0,0.0,0.0,0.0,0.0,0.0,0.0,0.0,0.0,0.0,0.0,0.0,0.0,0.0,0.0,0.0,0.0,0.0,0.0,0.0,0.0,0.0,0.0,0.0,0.0,0.0,0.0,0.0,0.0,0.0,0.0,0.0,0.0,0.0,0.0,0.0,0.0,0.0,0.0,0.0,0.0,0.0,0.0
"102,178",1481.590753025954,0.0,0.0,0.0,0.0,0.0,0.0,0.0,0.0,0.0,0.0,0.0,0.0,0.0,0.0,0.0,0.0,0.0,0.0,0.0,0.0,0.0,0.0,0.0,0.0,0.0,0.0,0.0,0.0,0.0,0.0,0.0,0.0,0.0,0.0,0.0,0.0,0.0,0.0,0.0,0.0,0.0,0.0,0.0,0.0,0.0,0.0,0.0,0.0,0.0,0.0,0.0,0.0,0.0,0.0,0.0,0.0,0.0,0.0,0.0,0.0,0.0,0.0,0.0,0.0,0.0,0.0,0.0,0.0,0.0,0.0,0.0,0.0,0.0,0.0,0.0,0.0,0.0
"103,178",1307.159754629205,0.0,0.0,0.0,0.0,0.0,0.0,0.0,0.0,0.0,0.0,2853.7256023743575,261.70241727174493,19.432510375976562,3.23876690864563,0.0,0.0,2880.446170028051,261.70241727174493,19.432510375976562,3.23876690864563,0.0,0.0,2880.446170028051,261.70241727174493,19.432510375976562,3.23876690864563,0.0,0.0,2863.441009984297,261.70241727174493,19.432510375976562,3.23876690864563,0.0,0.0,2853.7256023743575,261.70241727174493,19.432510375976562,3.23876690864563,0.0,0.0,0.0,0.0,0.0,0.0,0.0,0.0,0.0,0.0,0.0,0.0,0.0,0.0,0.0,0.0,0.0,0.0,0.0,0.0,0.0,0.0,0.0,0.0,0.0,0.0,0.0,0.0,0.0,0.0,0.0,0.0,0.0,0.0,0.0,0.0,0.0,0.0,0.0
"104,178",1132.6330349210236,0.0,0.0,0.0,0.0,0.0,0.0,0.0,0.0,0.0,0.0,2262.2920281859006,859.2976584574756,191.04041743278503,80.95032048225403,168.37748265266418,67.99846124649048,2563.4445221396054,1034.1520567080554,249.3251450061798,87.42690396308899,165.13954091072083,67.99846124649048,2905.3061102137845,1244.216295191821,323.7990212440491,106.85547018051147,197.51984691619873,97.140465259552,3051.011995147256,1451.4457942934598,411.22435426712036,165.13855028152466,249.32803797721863,116.56873106956482,3295.5791062700982,1535.6335074396695,424.1758120059967,181.3284683227539,259.0426163673401,119.80682897567749,0.0,0.0,0.0,0.0,0.0,0.0,0.0,0.0,0.0,0.0,0.0,0.0,0.0,0.0,0.0,0.0,0.0,0.0,0.0,0.0,0.0,0.0,0.0,0.0,0.0,0.0,0.0,0.0,0.0,0.0,0.0,0.0,0.0,0.0,0.0,0.0,0.0
"105,178",958.0257119055625,0.0,0.0,0.0,0.0,0.0,0.0,0.0,0.0,0.0,0.0,459.55777183514016,394.86476492881775,183.78741296132407,110.04109025001526,153.22263140678405,135.93276381492615,596.952915502997,493.42292157808936,232.32151600426317,132.6967523097992,208.2418965816498,168.2990279197693,769.1797956373177,703.7987684408824,434.4504171680002,240.96318689982098,339.1638187090556,216.846697807312,930.3490051512624,934.2324840882245,584.0589253285352,305.3760063648224,390.94932328859966,274.78688391049707,984.1644695964515,988.5189120956495,597.0057286599103,315.08528542518616,387.7119427839915,269.7737226486206,0.0,0.0,0.0,0.0,0.0,0.0,0.0,0.0,0.0,0.0,0.0,0.0,0.0,0.0,0.0,0.0,0.0,0.0,0.0,0.0,0.0,0.0,0.0,0.0,0.0,0.0,0.0,0.0,0.0,0.0,0.0,0.0,0.0,0.0,0.0,0.0,0.0
"106,178",783.3539675925492,0.0,0.0,0.0,0.0,0.0,0.0,0.0,0.0,0.0,0.0,7126.7898439154915,1426.997496629229,121.8175474690456,30.634769909054626,34.454792976379395,14.557251370186899,8372.37308103524,1668.2297056600162,150.94300308695028,50.050217620999206,73.28864526748657,33.973739540810676,10967.180962274588,2364.3122296520305,236.42192905837413,82.44729979084987,100.94096500078837,40.44620815538892,12930.777807491899,2908.058895098929,290.1879219532013,102.15430565721849,123.59325415293375,89.27662567718356,13188.938405000461,3026.562667713913,299.89500255584716,107.11529797759711,130.06542307535807,100.74932800554762,0.0,0.0,0.0,0.0,0.0,0.0,0.0,0.0,0.0,0.0,0.0,0.0,0.0,0.0,0.0,0.0,0.0,0.0,0.0,0.0,0.0,0.0,0.0,0.0,0.0,0.0,0.0,0.0,0.0,0.0,0.0,0.0,0.0,0.0,0.0,0.0,0.0
"107,178",608.6350422499111,0.0,0.0,0.0,0.0,0.0,0.0,0.0,0.0,0.0,0.0,2501.5706881064993,181.26901327207977,35.58050274848938,3.2349188327789307,0.0,0.0,2629.353115088332,194.20874415472443,38.81534457206726,3.2349188327789307,3.2348880767822266,0.0,2920.427159686182,221.69857099383484,42.05025315284729,3.2349188327789307,9.704628467559814,0.0,4532.513641731412,346.2163383511936,58.222803354263306,9.704684734344482,19.409282445907593,3.234954595565796,7058.501009722317,532.1701743939343,71.15614938735962,9.704684734344482,19.409282445907593,3.234954595565796,0.0,0.0,0.0,0.0,0.0,0.0,0.0,0.0,0.0,0.0,0.0,0.0,0.0,0.0,0.0,0.0,0.0,0.0,0.0,0.0,0.0,0.0,0.0,0.0,0.0,0.0,0.0,0.0,0.0,0.0,0.0,0.0,0.0,0.0,0.0,0.0,0.0
"108,178",121.30924495577977,0.0,0.0,0.0,0.0,0.0,0.0,0.0,0.0,0.0,0.0,27.818212773753146,0.0,0.0,0.0,0.0,0.0,34.28485014672373,0.0,0.0,0.0,0.0,0.0,37.51802709336374,0.0,0.0,0.0,0.0,0.0,40.75135162110422,3.233307123184204,0.0,0.0,0.0,0.0,40.75135162110422,3.233307123184204,0.0,0.0,0.0,0.0,0.0,0.0,0.0,0.0,0.0,0.0,0.0,0.0,0.0,0.0,0.0,0.0,0.0,0.0,0.0,0.0,0.0,0.0,0.0,0.0,0.0,0.0,0.0,0.0,0.0,0.0,0.0,0.0,0.0,0.0,0.0,0.0,0.0,0.0,0.0,0.0,0.0
"83,179",1495.4018832306094,0.0,0.0,0.0,0.0,0.0,0.0,0.0,0.0,0.0,0.0,131.770161151886,181.03885934773615,96.41456937789917,48.20872473716736,0.0,0.0,151.05240440368652,194.9522723758922,99.6283528804779,57.85080289840698,0.0,0.0,148.89684794369867,194.9524321163402,109.2697057723999,57.85078001022339,3.21399188041687,0.0,158.5382473272436,217.4516322220073,118.91218948364258,57.85069966316223,3.21399188041687,0.0,152.11079309407404,178.88471909410814,109.26928544044495,61.06476020812988,3.21399188041687,0.0,0.0,0.0,0.0,0.0,0.0,0.0,0.0,0.0,0.0,0.0,0.0,0.0,0.0,0.0,0.0,0.0,0.0,0.0,0.0,0.0,0.0,0.0,0.0,0.0,0.0,0.0,0.0,0.0,0.0,0.0,0.0,0.0,0.0,0.0,0.0,0.0,0.0
"84,179",2491.847929472524,0.0,0.0,0.0,0.0,0.0,0.0,0.0,0.0,0.0,0.0,73.9486014842987,63.23177584012349,22.508889198303223,12.860398530960083,3.2152063846588135,3.2171640396118164,70.73324584960938,68.58949772516885,22.50890040397644,16.075333833694458,0.0,3.2171640396118164,79.3049767812093,75.01801435152689,22.50873041152954,16.075333833694458,0.0,3.2171640396118164,82.51957376797994,62.15818969408671,22.50873041152954,12.860138416290283,0.0,0.0,79.30501087506612,58.94369355837504,22.50873041152954,12.860138416290283,0.0,0.0,0.0,0.0,0.0,0.0,0.0,0.0,0.0,0.0,0.0,0.0,0.0,0.0,0.0,0.0,0.0,0.0,0.0,0.0,0.0,0.0,0.0,0.0,0.0,0.0,0.0,0.0,0.0,0.0,0.0,0.0,0.0,0.0,0.0,0.0,0.0,0.0,0.0
"85,179",2494.143485396024,0.0,0.0,0.0,0.0,0.0,0.0,0.0,0.0,0.0,0.0,1727.5347502652337,737.0234808921814,157.70206499099731,38.619224548339844,9.65461277961731,0.0,1743.6447251263787,778.5366530035056,177.021502494812,45.05982446670532,9.65461277961731,0.0,1795.1612470570733,887.6635624595717,218.89000272750854,57.94042158126831,12.875027894973755,0.0,1755.3827970196219,896.6259139434964,231.7720820903778,61.15942311286926,12.875027894973755,0.0,1639.5159926582785,848.350291814056,231.77464365959167,57.93884563446045,9.65461277961731,0.0,0.0,0.0,0.0,0.0,0.0,0.0,0.0,0.0,0.0,0.0,0.0,0.0,0.0,0.0,0.0,0.0,0.0,0.0,0.0,0.0,0.0,0.0,0.0,0.0,0.0,0.0,0.0,0.0,0.0,0.0,0.0,0.0,0.0,0.0,0.0,0.0,0.0
"86,179",2496.165125266392,0.0,0.0,0.0,0.0,0.0,0.0,0.0,0.0,0.0,0.0,9.664276361465454,3.221118688583374,6.442020654678345,0.0,0.0,0.0,257.75005531311035,277.4303951646767,128.8782398700714,35.444321632385254,0.0,0.0,354.3850989341736,419.5220070651933,199.740487575531,64.43309020996094,22.550851583480835,0.0,415.9454365159951,468.54622832373076,248.05583548545837,64.43092036247253,25.77138662338257,0.0,396.61172513026816,449.2139054878085,231.9480242729187,61.2086718082428,22.54682993888855,0.0,0.0,0.0,0.0,0.0,0.0,0.0,0.0,0.0,0.0,0.0,0.0,0.0,0.0,0.0,0.0,0.0,0.0,0.0,0.0,0.0,0.0,0.0,0.0,0.0,0.0,0.0,0.0,0.0,0.0,0.0,0.0,0.0,0.0,0.0,0.0,0.0,0.0
"87,179",2498.295395056466,0.0,0.0,0.0,0.0,0.0,0.0,0.0,0.0,0.0,0.0,12.902045249938965,6.451022624969482,3.2254724502563477,0.0,0.0,6.446758985519409,12.902045249938965,9.674296140670776,3.2254724502563477,0.0,0.0,0.0,6.450988292694092,12.897928476333618,6.4487550258636475,0.0,0.0,0.0,9.674224615097046,29.014755964279175,19.341848611831665,3.223613977432251,0.0,0.0,9.674224615097046,29.014755964279175,16.116376161575317,3.223613977432251,0.0,0.0,0.0,0.0,0.0,0.0,0.0,0.0,0.0,0.0,0.0,0.0,0.0,0.0,0.0,0.0,0.0,0.0,0.0,0.0,0.0,0.0,0.0,0.0,0.0,0.0,0.0,0.0,0.0,0.0,0.0,0.0,0.0,0.0,0.0,0.0,0.0,0.0,0.0
"88,179",2500.1409261913614,0.0,0.0,0.0,0.0,0.0,0.0,0.0,0.0,0.0,0.0,60.513331439448336,64.54375553131104,38.729636430740356,6.4557130336761475,0.0,0.0,125.85076275526309,132.29588138355928,54.054484566520244,9.682868957519531,0.0,0.0,153.2724284761092,160.5266977441077,54.054484566520244,12.909174919128418,0.0,0.0,172.63206406761617,173.43391953823613,66.96300741083482,22.589863777160645,0.0,3.227550506591797,208.12541862656087,199.24574147579716,66.96341439134935,25.816511392593384,0.0,3.227550506591797,0.0,0.0,0.0,0.0,0.0,0.0,0.0,0.0,0.0,0.0,0.0,0.0,0.0,0.0,0.0,0.0,0.0,0.0,0.0,0.0,0.0,0.0,0.0,0.0,0.0,0.0,0.0,0.0,0.0,0.0,0.0,0.0,0.0,0.0,0.0,0.0,0.0
"89,179",2501.8350263646494,0.0,0.0,0.0,0.0,0.0,0.0,0.0,0.0,0.0,0.0,22.60880422592163,6.459864139556885,3.2299139499664307,0.0,0.0,0.0,16.148939847946167,9.68979263305664,3.2299139499664307,0.0,0.0,0.0,9.68939471244812,12.91962742805481,6.4596333503723145,0.0,0.0,0.0,19.379201889038086,22.609427452087402,19.37940526008606,12.919742822647095,3.229943037033081,0.0,22.607597827911377,29.068745374679565,22.609376907348633,12.919742822647095,3.229943037033081,0.0,0.0,0.0,0.0,0.0,0.0,0.0,0.0,0.0,0.0,0.0,0.0,0.0,0.0,0.0,0.0,0.0,0.0,0.0,0.0,0.0,0.0,0.0,0.0,0.0,0.0,0.0,0.0,0.0,0.0,0.0,0.0,0.0,0.0,0.0,0.0,0.0,0.0
"90,179",2503.3770828841098,0.0,0.0,0.0,0.0,0.0,0.0,0.0,0.0,0.0,0.0,0.0,3.2310070991516113,0.0,0.0,0.0,0.0,0.0,3.2310070991516113,0.0,0.0,0.0,0.0,0.0,3.2306289672851562,3.2306289672851562,0.0,0.0,0.0,6.461492538452148,16.152693033218384,12.922842979431152,0.0,3.2306079864501953,0.0,12.922736167907715,16.152693033218384,12.922842979431152,0.0,3.2306079864501953,0.0,0.0,0.0,0.0,0.0,0.0,0.0,0.0,0.0,0.0,0.0,0.0,0.0,0.0,0.0,0.0,0.0,0.0,0.0,0.0,0.0,0.0,0.0,0.0,0.0,0.0,0.0,0.0,0.0,0.0,0.0,0.0,0.0,0.0,0.0,0.0,0.0,0.0
"91,179",2504.7665370267123,0.0,0.0,0.0,0.0,0.0,0.0,0.0,0.0,0.0,0.0,0.0,0.0,0.0,0.0,0.0,0.0,0.0,0.0,0.0,0.0,0.0,0.0,0.0,0.0,0.0,0.0,0.0,0.0,0.0,0.0,0.0,0.0,0.0,0.0,6.464703798294067,16.16163682937622,3.23232364654541,3.2323172092437744,0.0,0.0,0.0,0.0,0.0,0.0,0.0,0.0,0.0,0.0,0.0,0.0,0.0,0.0,0.0,0.0,0.0,0.0,0.0,0.0,0.0,0.0,0.0,0.0,0.0,0.0,0.0,0.0,0.0,0.0,0.0,0.0,0.0,0.0,0.0,0.0,0.0,0.0,0.0
"92,179",2506.002884528611,0.0,0.0,0.0,0.0,0.0,0.0,0.0,0.0,0.0,0.0,274.09271292125476,276.5188231019413,158.47831549363977,22.640832901000977,9.703535556793213,0.0,332.3194652024437,321.80417914671057,194.05880679803735,22.640832901000977,9.703535556793213,0.0,342.02416424190295,354.15216536802404,190.82549037652856,19.40652346611023,8.891619552350512,0.0,358.19592742358935,380.02796716970556,173.84138080092038,19.40709352493286,8.892057288861743,0.0,521.2345037927814,567.0666918866775,223.97054339670666,19.40714144706726,8.892057288861743,3.234961986541748,0.0,0.0,0.0,0.0,0.0,0.0,0.0,0.0,0.0,0.0,0.0,0.0,0.0,0.0,0.0,0.0,0.0,0.0,0.0,0.0,0.0,0.0,0.0,0.0,0.0,0.0,0.0,0.0,0.0,0.0,0.0,0.0,0.0,0.0,0.0,0.0,0.0
"93,179",1547.990892330537,0.0,0.0,0.0,0.0,0.0,0.0,0.0,0.0,0.0,0.0,0.0,3.2355077266693115,0.0,0.0,0.0,0.0,0.0,9.70608925819397,3.235288381576538,3.235283374786377,3.2351438999176025,0.0,6.470591306686401,19.411976099014282,9.705705642700195,3.235283374786377,3.2351438999176025,3.235153913497925,19.41179871559143,32.353193521499634,22.64652991294861,9.705586194992065,16.175734519958496,9.70544171333313,88.41588486035664,130.7519737664391,41.24566985018113,21.022358009861964,22.646007299423218,9.70544171333313,0.0,0.0,0.0,0.0,0.0,0.0,0.0,0.0,0.0,0.0,0.0,0.0,0.0,0.0,0.0,0.0,0.0,0.0,0.0,0.0,0.0,0.0,0.0,0.0,0.0,0.0,0.0,0.0,0.0,0.0,0.0,0.0,0.0,0.0,0.0,0.0,0.0
"94,179",364.21402878222455,0.0,0.0,0.0,0.0,0.0,0.0,0.0,0.0,0.0,0.0,828.7129261493683,628.168418715047,228.69972813643662,71.2183609008789,25.897931575775146,3.2373459339141846,931.4848238066131,725.2799058652392,257.8331202320024,87.40425276756287,32.37213349342346,3.2373459339141846,1104.6567459443036,734.9744043396969,244.8823703578874,80.92970061302185,29.13498020172119,6.47456431388855,1249.5137149979087,786.7666838215847,244.88158858336652,71.21831107139587,28.24584167143878,3.2372183799743652,1298.0631253410788,741.4448144482632,225.4584132484361,71.21788907051086,31.48282759329852,0.0,0.0,0.0,0.0,0.0,0.0,0.0,0.0,0.0,0.0,0.0,0.0,0.0,0.0,0.0,0.0,0.0,0.0,0.0,0.0,0.0,0.0,0.0,0.0,0.0,0.0,0.0,0.0,0.0,0.0,0.0,0.0,0.0,0.0,0.0,0.0,0.0,0.0
"95,179",190.18385956273198,0.0,0.0,0.0,0.0,0.0,0.0,0.0,0.0,0.0,0.0,19.425808906555176,3.2376132011413574,6.475244045257568,0.0,0.0,0.0,40.75659075998792,20.238333667493336,9.712797164916992,6.475109815597534,0.0,0.0,63.42071667932996,39.66388293621587,12.950403451919556,9.738112970426972,3.2375566959381104,0.0,66.65846148752698,49.37693330166387,16.187963724136353,9.738112970426972,3.2375566959381104,0.0,73.13355699800977,65.56544538853215,29.13874125480652,9.738112970426972,9.712666511535645,0.0,0.0,0.0,0.0,0.0,0.0,0.0,0.0,0.0,0.0,0.0,0.0,0.0,0.0,0.0,0.0,0.0,0.0,0.0,0.0,0.0,0.0,0.0,0.0,0.0,0.0,0.0,0.0,0.0,0.0,0.0,0.0,0.0,0.0,0.0,0.0,0.0,0.0
"96,179",30.571285138234305,0.0,0.0,0.0,0.0,0.0,0.0,0.0,0.0,0.0,0.0,0.0,0.0,0.0,0.0,0.0,3.2384259700775146,0.0,4.851833412693996,0.0,0.0,0.0,3.2384259700775146,0.0,4.851833412693996,0.0,0.0,0.0,3.2384259700775146,0.0,0.0,0.0,0.0,0.0,3.2384259700775146,0.0,0.0,0.0,0.0,0.0,0.0,0.0,0.0,0.0,0.0,0.0,0.0,0.0,0.0,0.0,0.0,0.0,0.0,0.0,0.0,0.0,0.0,0.0,0.0,0.0,0.0,0.0,0.0,0.0,0.0,0.0,0.0,0.0,0.0,0.0,0.0,0.0,0.0,0.0,0.0,0.0,0.0,0.0
"83,180",485.9883928449386,0.0,0.0,0.0,0.0,0.0,0.0,0.0,0.0,0.0,0.0,69.08104079190423,54.629621505737305,38.559736013412476,11.643866931690889,0.0,0.0,72.29440849248101,57.8431396484375,48.19967555999756,18.070497428669647,0.0,0.0,65.86758058491876,54.62881827354431,54.62636423110962,19.784373771443086,0.0,0.0,75.50758998814752,51.41465783119202,54.62641096115112,20.99560151100159,0.0,0.0,78.72109668675591,44.986968994140625,48.19987344741821,20.99560151100159,0.0,0.0,0.0,0.0,0.0,0.0,0.0,0.0,0.0,0.0,0.0,0.0,0.0,0.0,0.0,0.0,0.0,0.0,0.0,0.0,0.0,0.0,0.0,0.0,0.0,0.0,0.0,0.0,0.0,0.0,0.0,0.0,0.0,0.0,0.0,0.0,0.0,0.0,0.0
"84,180",968.6171535595834,0.0,0.0,0.0,0.0,0.0,0.0,0.0,0.0,0.0,0.0,6.429871559143066,22.50467538833618,0.0,0.0,0.0,0.0,3.214946985244751,9.644784927368164,0.0,0.0,0.0,0.0,3.214946985244751,0.0,0.0,0.0,0.0,0.0,3.214946985244751,0.0,0.0,0.0,0.0,0.0,0.0,0.0,0.0,0.0,0.0,0.0,0.0,0.0,0.0,0.0,0.0,0.0,0.0,0.0,0.0,0.0,0.0,0.0,0.0,0.0,0.0,0.0,0.0,0.0,0.0,0.0,0.0,0.0,0.0,0.0,0.0,0.0,0.0,0.0,0.0,0.0,0.0,0.0,0.0,0.0,0.0,0.0,0.0
"85,180",1006.7513021604503,0.0,0.0,0.0,0.0,0.0,0.0,0.0,0.0,0.0,0.0,0.0,3.2182817459106445,0.0,3.218292236328125,0.0,0.0,0.0,3.2182817459106445,0.0,3.218292236328125,0.0,0.0,0.0,3.2182817459106445,0.0,3.218292236328125,0.0,0.0,0.0,3.2182817459106445,0.0,3.218292236328125,0.0,0.0,0.0,3.2182817459106445,0.0,3.218292236328125,0.0,0.0,0.0,0.0,0.0,0.0,0.0,0.0,0.0,0.0,0.0,0.0,0.0,0.0,0.0,0.0,0.0,0.0,0.0,0.0,0.0,0.0,0.0,0.0,0.0,0.0,0.0,0.0,0.0,0.0,0.0,0.0,0.0,0.0,0.0,0.0,0.0,0.0,0.0
"86,180",1044.8581117247,0.0,0.0,0.0,0.0,0.0,0.0,0.0,0.0,0.0,0.0,0.0,0.0,0.0,0.0,0.0,0.0,0.0,0.0,0.0,0.0,0.0,0.0,0.0,0.0,0.0,0.0,0.0,0.0,0.0,0.0,0.0,0.0,0.0,0.0,0.0,0.0,0.0,0.0,0.0,0.0,0.0,0.0,0.0,0.0,0.0,0.0,0.0,0.0,0.0,0.0,0.0,0.0,0.0,0.0,0.0,0.0,0.0,0.0,0.0,0.0,0.0,0.0,0.0,0.0,0.0,0.0,0.0,0.0,0.0,0.0,0.0,0.0,0.0,0.0,0.0,0.0,0.0
"87,180",1083.0582945964268,0.0,0.0,0.0,0.0,0.0,0.0,0.0,0.0,0.0,0.0,3.2255842685699463,0.0,0.0,0.0,0.0,0.0,16.127878427505493,9.676727056503296,0.0,0.0,0.0,0.0,16.127878427505493,9.676727056503296,0.0,0.0,0.0,0.0,16.127878427505493,9.676727056503296,0.0,0.0,0.0,0.0,16.127878427505493,9.676727056503296,0.0,0.0,0.0,0.0,0.0,0.0,0.0,0.0,0.0,0.0,0.0,0.0,0.0,0.0,0.0,0.0,0.0,0.0,0.0,0.0,0.0,0.0,0.0,0.0,0.0,0.0,0.0,0.0,0.0,0.0,0.0,0.0,0.0,0.0,0.0,0.0,0.0,0.0,0.0,0.0,0.0
"88,180",1121.201094226605,0.0,0.0,0.0,0.0,0.0,0.0,0.0,0.0,0.0,0.0,50.40850767060822,66.94927062707788,36.563432338191014,3.225806951522827,0.0,0.0,47.180655326095284,66.94956721979028,36.563432338191014,3.225806951522827,0.0,0.0,53.63516887589997,73.40269388872034,36.563432338191014,3.225806951522827,0.0,0.0,56.8628388301999,70.17668022828943,36.563432338191014,3.225806951522827,0.0,3.2276620864868164,60.090115870681466,66.95056810098535,33.337625386668186,3.225806951522827,0.0,3.2276620864868164,0.0,0.0,0.0,0.0,0.0,0.0,0.0,0.0,0.0,0.0,0.0,0.0,0.0,0.0,0.0,0.0,0.0,0.0,0.0,0.0,0.0,0.0,0.0,0.0,0.0,0.0,0.0,0.0,0.0,0.0,0.0,0.0,0.0,0.0,0.0,0.0,0.0
"89,180",1159.3181116692951,0.0,0.0,0.0,0.0,0.0,0.0,0.0,0.0,0.0,0.0,119.50385618209839,74.28641891479492,38.758188247680664,16.14944052696228,25.838929414749146,0.0,109.81445360183716,51.67762780189514,32.29843235015869,9.689590692520142,22.609022617340088,0.0,93.66565012931824,51.67762780189514,32.29843235015869,9.689590692520142,22.609022617340088,0.0,87.20598125457764,48.44770646095276,32.29843235015869,9.689590692520142,19.379094123840332,0.0,83.97611784934998,41.98806619644165,29.0685977935791,9.689590692520142,16.149288415908813,0.0,0.0,0.0,0.0,0.0,0.0,0.0,0.0,0.0,0.0,0.0,0.0,0.0,0.0,0.0,0.0,0.0,0.0,0.0,0.0,0.0,0.0,0.0,0.0,0.0,0.0,0.0,0.0,0.0,0.0,0.0,0.0,0.0,0.0,0.0,0.0,0.0,0.0
"90,180",2120.0361230198896,0.0,0.0,0.0,0.0,0.0,0.0,0.0,0.0,0.0,0.0,0.0,0.0,0.0,0.0,0.0,0.0,0.0,0.0,0.0,0.0,0.0,0.0,0.0,0.0,0.0,0.0,0.0,0.0,0.0,0.0,0.0,0.0,0.0,0.0,0.0,0.0,0.0,0.0,0.0,0.0,0.0,0.0,0.0,0.0,0.0,0.0,0.0,0.0,0.0,0.0,0.0,0.0,0.0,0.0,0.0,0.0,0.0,0.0,0.0,0.0,0.0,0.0,0.0,0.0,0.0,0.0,0.0,0.0,0.0,0.0,0.0,0.0,0.0,0.0,0.0,0.0,0.0
"91,180",2504.8481604335657,0.0,0.0,0.0,0.0,0.0,0.0,0.0,0.0,0.0,0.0,0.0,0.0,0.0,0.0,0.0,0.0,0.0,0.0,0.0,0.0,0.0,0.0,0.0,0.0,0.0,0.0,0.0,0.0,0.0,0.0,0.0,0.0,0.0,0.0,0.0,0.0,0.0,0.0,0.0,0.0,0.0,0.0,0.0,0.0,0.0,0.0,0.0,0.0,0.0,0.0,0.0,0.0,0.0,0.0,0.0,0.0,0.0,0.0,0.0,0.0,0.0,0.0,0.0,0.0,0.0,0.0,0.0,0.0,0.0,0.0,0.0,0.0,0.0,0.0,0.0,0.0,0.0
"92,180",1049.7516403018801,0.0,0.0,0.0,0.0,0.0,0.0,0.0,0.0,0.0,0.0,47.42363307055305,12.924470613517013,9.70304799079895,0.0,0.0,0.0,47.42363307055305,12.924470613517013,9.70304799079895,0.0,0.0,0.0,31.253312798107373,9.690352867163863,6.468952178955078,0.0,0.0,0.0,28.018852921093213,9.690352867163863,6.468952178955078,0.0,0.0,0.0,28.018852921093213,9.690352867163863,6.468952178955078,0.0,0.0,0.0,0.0,0.0,0.0,0.0,0.0,0.0,0.0,0.0,0.0,0.0,0.0,0.0,0.0,0.0,0.0,0.0,0.0,0.0,0.0,0.0,0.0,0.0,0.0,0.0,0.0,0.0,0.0,0.0,0.0,0.0,0.0,0.0,0.0,0.0,0.0,0.0,0.0
"93,180",38.426010330380656,0.0,0.0,0.0,0.0,0.0,0.0,0.0,0.0,0.0,0.0,0.3425483591416303,0.0,0.0,0.0,0.0,0.0,0.3425483591416303,0.0,0.0,0.0,0.0,0.0,0.3425483591416303,0.0,0.0,0.0,0.0,0.0,0.3425483591416303,0.0,0.0,0.0,0.0,0.0,0.3425483591416303,0.0,0.0,0.0,0.0,0.0,0.0,0.0,0.0,0.0,0.0,0.0,0.0,0.0,0.0,0.0,0.0,0.0,0.0,0.0,0.0,0.0,0.0,0.0,0.0,0.0,0.0,0.0,0.0,0.0,0.0,0.0,0.0,0.0,0.0,0.0,0.0,0.0,0.0,0.0,0.0,0.0,0.0
"90,181",1413.4628182382892,0.0,0.0,0.0,0.0,0.0,0.0,0.0,0.0,0.0,0.0,0.0,0.0,0.0,0.0,0.0,0.0,0.0,0.0,0.0,0.0,0.0,0.0,0.0,0.0,0.0,0.0,0.0,0.0,0.0,0.0,0.0,0.0,0.0,0.0,0.0,0.0,0.0,0.0,0.0,0.0,0.0,0.0,0.0,0.0,0.0,0.0,0.0,0.0,0.0,0.0,0.0,0.0,0.0,0.0,0.0,0.0,0.0,0.0,0.0,0.0,0.0,0.0,0.0,0.0,0.0,0.0,0.0,0.0,0.0,0.0,0.0,0.0,0.0,0.0,0.0,0.0,0.0
"91,181",2355.2721720611194,0.0,0.0,0.0,0.0,0.0,0.0,0.0,0.0,0.0,0.0,0.0,0.0,0.0,0.0,0.0,0.0,0.0,0.0,0.0,0.0,0.0,0.0,0.0,0.0,0.0,0.0,0.0,0.0,0.0,0.0,0.0,0.0,0.0,0.0,0.0,0.0,0.0,0.0,0.0,0.0,0.0,0.0,0.0,0.0,0.0,0.0,0.0,0.0,0.0,0.0,0.0,0.0,0.0,0.0,0.0,0.0,0.0,0.0,0.0,0.0,0.0,0.0,0.0,0.0,0.0,0.0,0.0,0.0,0.0,0.0,0.0,0.0,0.0,0.0,0.0,0.0,0.0
"90,182",1335.6700795715622,0.0,0.0,0.0,0.0,0.0,0.0,0.0,0.0,0.0,0.0,0.0,0.0,0.0,0.0,0.0,0.0,0.0,0.0,0.0,0.0,0.0,0.0,0.0,0.0,0.0,0.0,0.0,0.0,0.0,0.0,0.0,0.0,0.0,0.0,0.0,0.0,0.0,0.0,0.0,0.0,0.0,0.0,0.0,0.0,0.0,0.0,0.0,0.0,0.0,0.0,0.0,0.0,0.0,0.0,0.0,0.0,0.0,0.0,0.0,0.0,0.0,0.0,0.0,0.0,0.0,0.0,0.0,0.0,0.0,0.0,0.0,0.0,0.0,0.0,0.0,0.0,0.0
"91,182",1443.6437056253772,0.0,0.0,0.0,0.0,0.0,0.0,0.0,0.0,0.0,0.0,0.0,0.0,0.0,0.0,0.0,0.0,0.0,0.0,0.0,0.0,0.0,0.0,0.0,0.0,0.0,0.0,0.0,0.0,0.0,0.0,0.0,0.0,0.0,0.0,0.0,0.0,0.0,0.0,0.0,0.0,0.0,0.0,0.0,0.0,0.0,0.0,0.0,0.0,0.0,0.0,0.0,0.0,0.0,0.0,0.0,0.0,0.0,0.0,0.0,0.0,0.0,0.0,0.0,0.0,0.0,0.0,0.0,0.0,0.0,0.0,0.0,0.0,0.0,0.0,0.0,0.0,0.0
"90,183",466.1896594779726,0.0,0.0,0.0,0.0,0.0,0.0,0.0,0.0,0.0,0.0,0.0,0.0,0.0,0.0,0.0,0.0,0.0,0.0,0.0,0.0,0.0,0.0,0.0,0.0,0.0,0.0,0.0,0.0,0.0,0.0,0.0,0.0,0.0,0.0,0.0,0.0,0.0,0.0,0.0,0.0,0.0,0.0,0.0,0.0,0.0,0.0,0.0,0.0,0.0,0.0,0.0,0.0,0.0,0.0,0.0,0.0,0.0,0.0,0.0,0.0,0.0,0.0,0.0,0.0,0.0,0.0,0.0,0.0,0.0,0.0,0.0,0.0,0.0,0.0,0.0,0.0,0.0
"91,183",223.46257487754127,0.0,0.0,0.0,0.0,0.0,0.0,0.0,0.0,0.0,0.0,0.0,0.0,0.0,0.0,0.0,0.0,0.0,0.0,0.0,0.0,0.0,0.0,0.0,0.0,0.0,0.0,0.0,0.0,0.0,0.0,0.0,0.0,0.0,0.0,0.0,0.0,0.0,0.0,0.0,0.0,0.0,0.0,0.0,0.0,0.0,0.0,0.0,0.0,0.0,0.0,0.0,0.0,0.0,0.0,0.0,0.0,0.0,0.0,0.0,0.0,0.0,0.0,0.0,0.0,0.0,0.0,0.0,0.0,0.0,0.0,0.0,0.0,0.0,0.0,0.0,0.0,0.0
