grid_id,grid_area_km2,entry_all__1992,entry_all__1993,entry_all__1994,entry_all__1995,entry_all__1996,entry_productive__1992,entry_productive__1993,entry_productive__1994,entry_productive__1995,entry_productive__1996,exp__1992__00_03,exp__1992__03_06,exp__1992__06_09,exp__1992__09_12,exp__1992__12_20,exp__1992__gt_20,exp__1993__00_03,exp__1993__03_06,exp__1993__06_09,exp__1993__09_12,exp__1993__12_20,exp__1993__gt_20,exp__1994__00_03,exp__1994__03_06,exp__1994__06_09,exp__1994__09_12,exp__1994__12_20,exp__1994__gt_20,exp__1995__00_03,exp__1995__03_06,exp__1995__06_09,exp__1995__09_12,exp__1995__12_20,exp__1995__gt_20,exp__1996__00_03,exp__1996__03_06,exp__1996__06_09,exp__1996__09_12,exp__1996__12_20,exp__1996__gt_20,sel__1992__00_03,sel__1992__03_06,sel__1992__06_09,sel__1992__09_12,sel__1992__12_20,sel__1992__gt_20,sel__1993__00_03,sel__1993__03_06,sel__1993__06_09,sel__1993__09_12,sel__1993__12_20,sel__1993__gt_20,sel__1994__00_03,sel__1994__03_06,sel__1994__06_09,sel__1994__09_12,sel__1994__12_20,sel__1994__gt_20,sel__1995__00_03,sel__1995__03_06,sel__1995__06_09,sel__1995__09_12,sel__1995__12_20,sel__1995__gt_20,sel__1996__00_03,sel__1996__03_06,sel__1996__06_09,sel__1996__09_12,sel__1996__12_20,sel__1996__gt_20
"105,140",73.08363678715301,0.0,0.0,0.0,0.0,0.0,0.0,0.0,0.0,0.0,0.0,96.52448379105212,157.27234735488886,119.9845382204243,133.3774206937528,241.85712151994892,116.30169913067536,86.8119505555022,147.81367581311392,120.16218496397433,132.51388378236808,239.3941336510228,113.06433388485627,83.57453047340991,173.7121741098516,139.5860998733371,141.61660616070617,255.46608538253633,125.92462166337407,77.09997188156726,170.42398993548224,132.80669218138155,135.67526283451156,250.9845838873994,113.31799882440006,68.30200419238969,170.42393414553473,123.09506445959504,115.3500469862246,212.9247148214602,116.55569737939274,0.0,0.0,0.0,0.0,0.0,0.0,0.0,0.0,0.0,0.0,0.0,0.0,0.0,0.0,0.0,0.0,0.0,0.0,0.0,0.0,0.0,0.0,0.0,0.0,0.0,0.0,0.0,0.0,0.0,0.0
"100,141",66.3866925942657,0.0,0.0,0.0,0.0,0.0,0.0,0.0,0.0,0.0,0.0,133.15417818929637,465.54413520027606,444.5292000284382,623.2831728065715,1666.9042069248123,2481.367870273777,133.15417818929637,466.5224701161478,454.24894328023873,621.8601480857999,1673.3840362361832,2487.8477513219796,133.15417818929637,469.7623885865305,451.0090116968342,621.8601480857999,1671.6433736623499,2499.930715038262,133.15417818929637,473.0022908444498,454.24894328023873,621.8601480857999,1673.8541499465118,2504.0472838308297,133.15417818929637,476.2421923871134,451.00905103589974,621.8601480857999,1690.053712496103,2500.807339372822,0.0,0.0,0.0,0.0,0.0,0.0,0.0,0.0,0.0,0.0,0.0,0.0,0.0,0.0,0.0,0.0,0.0,0.0,0.0,0.0,0.0,0.0,0.0,0.0,0.0,0.0,0.0,0.0,0.0,0.0
"101,141",578.066243605867,0.0,0.0,0.0,0.0,0.0,0.0,0.0,0.0,0.0,0.0,3196.719462516261,6285.402754561106,6918.794727473166,6374.60560684765,13857.323391709608,9613.579175547993,3199.0572360768037,6299.988077685412,6980.349235920813,6384.502863274369,13935.076569114011,9678.362717682707,3206.1208812564028,6286.8766237689,6954.978002847411,6373.15768011598,13942.18991685662,9713.441036186965,3215.8398830264223,6354.313456092161,7017.345005617891,6399.075098595899,14027.500947959754,9810.098762238258,3261.1951846449983,6405.4623178650345,7090.2318086166015,6463.869166693968,14087.92488949346,9866.788419240129,0.0,0.0,0.0,0.0,0.0,0.0,0.0,0.0,0.0,0.0,0.0,0.0,0.0,0.0,0.0,0.0,0.0,0.0,0.0,0.0,0.0,0.0,0.0,0.0,0.0,0.0,0.0,0.0,0.0,0.0
"102,141",982.0263574565387,0.0,0.0,0.0,0.0,0.0,0.0,0.0,0.0,0.0,0.0,5753.88082892474,14004.326407088485,16872.032897096524,14598.41723746318,18341.951355530233,5423.797057058297,5767.208219148598,14041.588434983234,16902.800500503243,14595.178261699859,18386.085482618855,5452.545068035874,5784.663586555743,14124.202176438124,16918.48063258564,14632.428657826253,18344.292937423666,5480.608823130177,5797.620527921938,14176.035445557387,16987.753394764546,14674.546076353856,18455.77238754852,5548.752524223514,5881.846009193682,14252.170038143793,17104.754528304642,14765.260812967897,18536.072399267494,5579.519833882649,0.0,0.0,0.0,0.0,0.0,0.0,0.0,0.0,0.0,0.0,0.0,0.0,0.0,0.0,0.0,0.0,0.0,0.0,0.0,0.0,0.0,0.0,0.0,0.0,0.0,0.0,0.0,0.0,0.0,0.0
"103,141",1453.40437436629,0.0,0.0,0.0,0.0,0.0,0.0,0.0,0.0,0.0,0.0,12367.897755232045,28053.73324522598,21296.533323118732,11614.461148070355,8310.309383870106,1041.7320766159132,12437.841913584169,28227.85615501123,21468.657224819708,11712.538300491782,8420.328195178274,1064.4042572685316,12499.002888630886,28412.432917726735,21625.276150974572,11753.351052281438,8458.637499554952,1062.778353879031,12590.612591402205,28529.04603270456,21684.64860876495,11746.668079256546,8410.203367451126,1059.5387088747586,12684.5291716024,28746.958746700657,21778.251914475946,11775.80626341315,8385.904148065343,1030.3887488337125,0.0,0.0,0.0,0.0,0.0,0.0,0.0,0.0,0.0,0.0,0.0,0.0,0.0,0.0,0.0,0.0,0.0,0.0,0.0,0.0,0.0,0.0,0.0,0.0,0.0,0.0,0.0,0.0,0.0,0.0
"104,141",2205.7437286092772,0.0,0.0,0.0,0.0,0.0,0.0,0.0,0.0,0.0,0.0,15669.181818482455,28022.303707892293,19577.26290873733,11130.490856009837,9144.280704954559,2424.5533578311697,15611.255957013485,28047.13133610745,19564.317080776364,11106.675283764858,9094.636518616771,2372.7450280105368,15456.91470047446,28000.368081495813,19578.083737884783,11108.845024123846,9236.02753835005,2643.121531751109,15392.889192009907,27926.989538090835,19563.09789494533,11058.042404405742,9276.492307536744,2672.263174231847,15493.269564772587,28238.757200961016,19839.609953898078,11236.664229605245,9545.325987605487,2890.263203340418,0.0,0.0,0.0,0.0,0.0,0.0,0.0,0.0,0.0,0.0,0.0,0.0,0.0,0.0,0.0,0.0,0.0,0.0,0.0,0.0,0.0,0.0,0.0,0.0,0.0,0.0,0.0,0.0,0.0,0.0
"105,141",1503.2260020408235,0.0,0.0,0.0,0.0,0.0,0.0,0.0,0.0,0.0,0.0,4754.233670948065,5881.295514499441,5539.014844025817,4839.231331278295,8494.51146809447,5148.1705766388,4644.562228380464,5834.19974699675,5441.965433880862,4685.360615505891,8173.504728795034,4921.9631750237695,4624.879111457338,5872.098526964001,5477.050595445258,4754.672050405016,8265.816828611787,4875.016590195076,4498.724442153818,5742.759236203923,5213.28749421718,4664.175195038553,7844.890964130326,4651.658630209343,4524.956425074034,5852.026929684246,5262.7541011268,4689.710476481681,7881.117724876778,4568.282889541924,0.0,0.0,0.0,0.0,0.0,0.0,0.0,0.0,0.0,0.0,0.0,0.0,0.0,0.0,0.0,0.0,0.0,0.0,0.0,0.0,0.0,0.0,0.0,0.0,0.0,0.0,0.0,0.0,0.0,0.0
"106,141",215.08809679289737,0.0,0.0,0.0,0.0,0.0,0.0,0.0,0.0,0.0,0.0,4865.928968214521,3362.3547076870414,2045.7309285752913,840.6821925789702,357.5547284219779,29.114219823538086,4903.735479720433,3346.173774688384,2034.4106880926618,838.9057960893593,354.31862584095376,32.35049835747363,4932.693813936383,3397.95241281285,2089.424607446147,855.0865307237588,367.2636632059135,32.35049835747363,4955.344226734311,3427.0768856693717,2078.0932452482334,845.3780904199563,364.027112159542,29.11419788902881,4984.468883888394,3420.6032046963187,2079.716757377924,848.6149270917855,355.8036549128738,32.3504850060332,0.0,0.0,0.0,0.0,0.0,0.0,0.0,0.0,0.0,0.0,0.0,0.0,0.0,0.0,0.0,0.0,0.0,0.0,0.0,0.0,0.0,0.0,0.0,0.0,0.0,0.0,0.0,0.0,0.0,0.0
"108,141",96.10327355010156,0.0,0.0,0.0,0.0,0.0,0.0,0.0,0.0,0.0,0.0,487.98178666526195,929.8859183545206,796.0685174156638,463.68169155868827,265.63315926626615,29.076462312773163,481.51687901908275,908.8952705673142,763.2035282209807,468.38522009288556,266.87550496681064,25.844265028074677,474.5837664697685,905.6611180483126,759.3626720802456,452.2232943001915,267.7886930961235,25.8442271195206,474.58385587673564,916.3085359115227,765.7383975262735,434.4524527072906,269.3473237112457,25.8442271195206,473.43061806641373,894.798241073945,773.2041918352538,431.22069411277766,259.70159622454173,25.8442271195206,0.0,0.0,0.0,0.0,0.0,0.0,0.0,0.0,0.0,0.0,0.0,0.0,0.0,0.0,0.0,0.0,0.0,0.0,0.0,0.0,0.0,0.0,0.0,0.0,0.0,0.0,0.0,0.0,0.0,0.0
"109,141",29.391816529404913,0.0,0.0,0.0,0.0,0.0,0.0,0.0,0.0,0.0,0.0,121.8458366468841,281.6484870602103,337.1051811741848,288.2710563687717,141.46134318744436,9.695098161697388,130.22320571039236,271.9531750370475,333.1638349738776,281.09789196930683,139.8517256269268,9.695098161697388,126.99137415979422,268.64506792461174,333.5822731307909,277.8660215564803,138.95152962628532,9.695098161697388,126.99132838342703,275.045425343981,337.52360550282054,277.8659176059798,143.79283568625357,9.695098161697388,130.22312750909842,279.8869751135509,343.3280554238488,271.4021243282393,142.1707679533491,9.695098161697388,0.0,0.0,0.0,0.0,0.0,0.0,0.0,0.0,0.0,0.0,0.0,0.0,0.0,0.0,0.0,0.0,0.0,0.0,0.0,0.0,0.0,0.0,0.0,0.0,0.0,0.0,0.0,0.0,0.0,0.0
"100,142",1338.9962657464646,0.0,0.0,0.0,0.0,0.0,0.0,0.0,0.0,0.0,0.0,7353.6020784518305,19153.048891673363,21792.158982438665,15281.63236251906,28526.367328043543,15390.031387536666,7391.73180717861,19157.800185715914,21842.295624754475,15323.637131187965,28602.67715115547,15481.091793896168,7382.011997169608,19145.653324074836,21784.7899527531,15281.631637964998,28545.971949064962,15416.293228270024,7382.3549338733455,19105.61785979177,21773.278473216407,15289.039045399311,28606.06921093791,15484.33209502837,7423.025902243222,19177.875468149366,21768.780979408,15359.123739034056,28666.99330808041,15600.969230295628,0.0,0.0,0.0,0.0,0.0,0.0,0.0,0.0,0.0,0.0,0.0,0.0,0.0,0.0,0.0,0.0,0.0,0.0,0.0,0.0,0.0,0.0,0.0,0.0,0.0,0.0,0.0,0.0,0.0,0.0
"101,142",2504.6089561232507,0.0,0.0,0.0,0.0,0.0,0.0,0.0,0.0,0.0,0.0,10883.090426273906,27896.810805284276,34483.573087343524,28478.912641615025,57353.40622661721,36319.53619835611,10837.733016319835,27905.28604333728,34455.482881971446,28507.27143294951,57601.286841485075,36859.69734502213,10826.388295231613,27791.334984741025,34307.0112100059,28428.704325206603,57441.72976447367,36900.19185171221,10832.867259560378,27768.213378739827,34295.85696939955,28455.433195072055,57453.06420517902,36824.3186617496,10924.202922056236,27850.643202613384,34403.645294138034,28558.039271968948,57805.20842741237,37094.583750030106,0.0,0.0,0.0,0.0,0.0,0.0,0.0,0.0,0.0,0.0,0.0,0.0,0.0,0.0,0.0,0.0,0.0,0.0,0.0,0.0,0.0,0.0,0.0,0.0,0.0,0.0,0.0,0.0,0.0,0.0
"102,142",2504.301482543579,0.0,0.0,0.0,0.0,0.0,0.0,0.0,0.0,0.0,0.0,13885.436587098997,32893.41564079266,44003.45589999311,40692.51144760543,53857.11766766473,22047.963992600347,13960.298145441911,32996.89635517363,44137.15451021381,40789.33382085164,54137.76850895508,22228.99336581885,13923.404490872921,32916.81362174351,44052.39831370559,40739.47387700361,54050.29775671585,22158.081463773582,13948.963823099693,32920.05042646725,44136.165525554214,40838.283273648274,54102.128161712724,22160.70007061678,14098.686627457186,33094.990775380415,44303.88600995494,40986.848403767035,54260.495923895935,22309.157978763767,0.0,0.0,0.0,0.0,0.0,0.0,0.0,0.0,0.0,0.0,0.0,0.0,0.0,0.0,0.0,0.0,0.0,0.0,0.0,0.0,0.0,0.0,0.0,0.0,0.0,0.0,0.0,0.0,0.0,0.0
"103,142",2503.8403957275923,0.0,0.0,0.0,0.0,0.0,0.0,0.0,0.0,0.0,0.0,15812.580623857646,35180.49159816854,30209.012850940926,24891.019253711136,36387.755437106716,19587.28134083748,14698.511839128008,35335.61842814521,30393.285371609294,25015.2601545605,36535.94066102458,19602.7759456139,14737.031348061097,35697.200648995946,30650.76819730927,25225.89063267801,36769.9587271653,19606.018130971872,14776.253627992144,35710.16410920293,30613.979624501393,25293.905530501343,36582.12225156765,19408.821394064846,15060.552206920176,36109.78840615609,31117.253292875663,25527.809121945324,36580.39859990044,19309.591202116015,0.0,0.0,0.0,0.0,0.0,0.0,0.0,0.0,0.0,0.0,0.0,0.0,0.0,0.0,0.0,0.0,0.0,0.0,0.0,0.0,0.0,0.0,0.0,0.0,0.0,0.0,0.0,0.0,0.0,0.0
"104,142",2503.2258438713748,0.0,0.0,0.0,0.0,0.0,0.0,0.0,0.0,0.0,0.0,15210.369209173614,18249.991478075703,7740.982024947334,3964.6564785639453,10142.894155755695,28494.144886023387,15048.101432794683,18165.79340087386,7640.594834605385,3915.55232427728,9931.705926653916,27822.80000671405,15012.478698009603,18181.168915311027,7694.556177178551,3885.691733470618,10088.186825582092,27708.57392898447,15002.759640211218,18156.05727966533,7657.320985276091,3919.680879125409,9976.45739735248,27250.914508881287,15048.08664392864,18297.25408644676,7741.506227134255,4002.2408424125006,10152.565319133271,27310.967486495592,0.0,0.0,0.0,0.0,0.0,0.0,0.0,0.0,0.0,0.0,0.0,0.0,0.0,0.0,0.0,0.0,0.0,0.0,0.0,0.0,0.0,0.0,0.0,0.0,0.0,0.0,0.0,0.0,0.0,0.0
"105,142",2502.458024455604,0.0,0.0,0.0,0.0,0.0,0.0,0.0,0.0,0.0,0.0,5490.272161340714,7981.891594409008,9185.739597121406,10760.854832692237,25982.998319225684,22737.205812963784,5179.540437078476,7452.686961861217,8593.398558894327,10072.752124107585,24829.842708453012,22096.12032186377,5222.241019972634,7522.275275105121,8567.138627796547,10086.75938572977,24729.17452705327,21926.66189020475,5096.012567043304,7296.527702840169,8388.501432243049,9884.639927449882,24372.324713990267,21526.347583883882,5140.518453842051,7371.598804499121,8321.770721492581,9831.044367784612,24093.96800735885,21024.869392215503,0.0,0.0,0.0,0.0,0.0,0.0,0.0,0.0,0.0,0.0,0.0,0.0,0.0,0.0,0.0,0.0,0.0,0.0,0.0,0.0,0.0,0.0,0.0,0.0,0.0,0.0,0.0,0.0,0.0,0.0
"106,142",2269.9620142626254,0.0,0.0,0.0,0.0,0.0,0.0,0.0,0.0,0.0,0.0,18611.84996549008,28091.35807384416,24026.607150077816,13807.331919726204,10379.722656974605,3493.236422557457,18603.818506099666,27965.49326585881,23805.822920132614,13631.820758440916,10114.357479104809,3418.4616081705285,18894.846458884782,28361.682103405747,23984.41490305919,13611.593307343652,10094.950661562003,3356.1635869512374,18939.24820095137,28339.060913128946,23926.784917062872,13498.975545461504,9997.054124904145,3224.2871987810327,19215.847396384033,28595.423537291725,24129.304413449532,13613.21601894416,10005.152030520345,3221.0516269197656,0.0,0.0,0.0,0.0,0.0,0.0,0.0,0.0,0.0,0.0,0.0,0.0,0.0,0.0,0.0,0.0,0.0,0.0,0.0,0.0,0.0,0.0,0.0,0.0,0.0,0.0,0.0,0.0,0.0,0.0
"107,142",1924.7664607628326,0.0,0.0,0.0,0.0,0.0,0.0,0.0,0.0,0.0,0.0,18920.569793671253,25879.522581722216,22969.45913251428,12553.524339838588,9459.234395558226,813.518145533169,19140.213308480208,25678.890819658016,22708.32375042672,12483.429369914298,9363.779878841662,790.880005570019,19392.019421828027,25921.632783149274,22788.377723082373,12451.093394785301,9327.554416304009,758.5408034044153,19403.798924864976,25854.91768904386,22801.278045227013,12411.86981364138,9243.497566989823,752.0715210157282,20268.965388972152,26270.71648977504,23188.605349706202,12493.529074830634,9285.533598778295,735.8989240842707,0.0,0.0,0.0,0.0,0.0,0.0,0.0,0.0,0.0,0.0,0.0,0.0,0.0,0.0,0.0,0.0,0.0,0.0,0.0,0.0,0.0,0.0,0.0,0.0,0.0,0.0,0.0,0.0,0.0,0.0
"108,142",2235.9680673794082,0.0,0.0,0.0,0.0,0.0,0.0,0.0,0.0,0.0,0.0,14559.361171613022,33147.42936870912,29616.091396472973,17267.19321388357,12106.915931177142,1377.429520078734,14452.921580469843,32921.68707694447,29221.546347795756,16869.5872404753,11792.321693490532,1301.2960355244431,14539.50455624917,32899.90798614353,29374.981091420796,16794.202862215978,11706.698563698226,1271.4795494995865,14496.977319192887,32972.60927326072,29408.170332094272,16791.099453630635,11624.212406032226,1232.6894541703018,14850.153152167564,33156.39771864368,29687.036541456342,16978.62435859699,11673.52666608212,1235.9206872902664,0.0,0.0,0.0,0.0,0.0,0.0,0.0,0.0,0.0,0.0,0.0,0.0,0.0,0.0,0.0,0.0,0.0,0.0,0.0,0.0,0.0,0.0,0.0,0.0,0.0,0.0,0.0,0.0,0.0,0.0
"109,142",2176.350146202116,0.0,0.0,0.0,0.0,0.0,0.0,0.0,0.0,0.0,0.0,18110.451197229646,30492.52145079257,26008.507240890987,15109.504723099166,12232.728557812936,1839.5997872801388,18039.42216781074,30056.511915798746,25491.68157144995,14737.264030924967,11638.814497723299,1631.3647408457364,18099.077059650423,29994.297304284337,25409.62678438542,14659.88967404646,11474.8235310087,1579.5695615731033,18383.379037046434,30088.800323381613,25328.227471097307,14599.37027553951,11377.656344360463,1511.7235270462784,18576.4336935436,30160.072124245584,25406.592742233646,14534.746241373174,11280.290904653773,1489.9160958738887,0.0,0.0,0.0,0.0,0.0,0.0,0.0,0.0,0.0,0.0,0.0,0.0,0.0,0.0,0.0,0.0,0.0,0.0,0.0,0.0,0.0,0.0,0.0,0.0,0.0,0.0,0.0,0.0,0.0,0.0
"110,142",1641.0896485326698,0.0,0.0,0.0,0.0,0.0,0.0,0.0,0.0,0.0,0.0,3684.5699507040135,1112.8906545078053,565.8600926735821,514.5303452641356,1049.3417891380832,1584.441420321371,3827.448605019438,1135.4883980190052,556.1673345902386,498.379589620291,991.1998258945988,1403.5746579216975,3666.0104674881577,1081.626758367875,546.4797220566693,496.5443535056769,975.0567492363499,1322.8574776696223,3567.2447926362356,1056.3404820330002,527.1069264748517,490.1748271867341,923.3894161102818,1255.041464095022,3699.6280509789785,1095.085321224437,527.1091940739575,493.4035514279908,933.0728899357365,1235.6619737195033,0.0,0.0,0.0,0.0,0.0,0.0,0.0,0.0,0.0,0.0,0.0,0.0,0.0,0.0,0.0,0.0,0.0,0.0,0.0,0.0,0.0,0.0,0.0,0.0,0.0,0.0,0.0,0.0,0.0,0.0
"111,142",111.55304722376802,0.0,0.0,0.0,0.0,0.0,0.0,0.0,0.0,0.0,0.0,394.13464292170954,68.78522619733624,6.455670356750488,0.0,0.0,0.0,426.41316827418757,88.1520229292851,6.455670356750488,0.0,0.0,0.0,373.95785306762247,64.55670237541199,6.455670356750488,0.0,0.0,0.0,328.7678050882676,67.78428769111633,6.455670356750488,0.0,0.0,0.0,306.1726305372575,71.01212668418884,6.455670356750488,0.0,0.0,0.0,0.0,0.0,0.0,0.0,0.0,0.0,0.0,0.0,0.0,0.0,0.0,0.0,0.0,0.0,0.0,0.0,0.0,0.0,0.0,0.0,0.0,0.0,0.0,0.0,0.0,0.0,0.0,0.0,0.0,0.0
"98,143",229.62214878921702,0.0,0.0,0.0,0.0,0.0,0.0,0.0,0.0,0.0,0.0,4165.172805648692,5015.559121821909,1277.0729858594782,149.1995504070731,71.2137006965338,22.67920970916748,4123.0545035418345,4949.897627900628,1241.4343766885645,148.615065091264,64.73394648701537,22.67920970916748,4089.9568801047753,4887.310817502526,1228.4747764783747,136.76094703300328,67.97384111554015,25.91906499862671,4024.358807413251,4863.589718619515,1192.83604833659,136.76094703300328,64.73398582608093,25.91906499862671,3987.7035210917975,4805.27187518232,1183.1290659614638,140.00083021743626,67.97384111554015,22.679171323776245,0.0,0.0,0.0,0.0,0.0,0.0,0.0,0.0,0.0,0.0,0.0,0.0,0.0,0.0,0.0,0.0,0.0,0.0,0.0,0.0,0.0,0.0,0.0,0.0,0.0,0.0,0.0,0.0,0.0,0.0
"99,143",1601.5424549207967,0.0,0.0,0.0,0.0,0.0,0.0,0.0,0.0,0.0,0.0,24253.520596265793,46329.902007341385,19939.002155303955,3904.8627223968506,2915.608879804611,572.03027176857,24204.92183470726,46258.623217105865,19884.64749598503,3892.627290725708,2928.568901538849,575.2702906131744,24250.281199216843,46271.58352828026,19894.367969989777,3882.183095932007,2963.4845204353333,584.9902780056,24175.76256299019,46206.78477859497,19881.40855884552,3865.258982181549,2969.9645895957947,581.750280380249,24166.04309129715,46216.50552344322,19849.009448051453,3858.7792930603027,2966.7246522903442,572.0303575992584,0.0,0.0,0.0,0.0,0.0,0.0,0.0,0.0,0.0,0.0,0.0,0.0,0.0,0.0,0.0,0.0,0.0,0.0,0.0,0.0,0.0,0.0,0.0,0.0,0.0,0.0,0.0,0.0,0.0,0.0
"100,143",2322.910120529622,0.0,0.0,0.0,0.0,0.0,0.0,0.0,0.0,0.0,0.0,10532.040829908146,26803.53618053829,28915.39620035957,18229.650815556095,27391.07492668956,9978.572660231122,10541.761244069829,26813.25613526737,28849.87317746948,18219.20697362189,27386.38642230782,9999.804501871033,10512.60142303635,26760.83254008667,28799.482087477514,18187.53180320029,27228.010829924606,9941.485970596237,10499.641289960637,26761.64601911657,28767.082812019424,18163.784822219026,27260.410575150512,9967.405402282639,10564.097713330211,26760.667747926713,28781.834253097048,18195.549260216132,27306.748217175056,10004.836661513646,0.0,0.0,0.0,0.0,0.0,0.0,0.0,0.0,0.0,0.0,0.0,0.0,0.0,0.0,0.0,0.0,0.0,0.0,0.0,0.0,0.0,0.0,0.0,0.0,0.0,0.0,0.0,0.0,0.0,0.0
"101,143",2504.815946949535,0.0,0.0,0.0,0.0,0.0,0.0,0.0,0.0,0.0,0.0,14790.864105450875,27135.39166639926,34396.54058698205,28131.083395400703,50835.2288358034,27942.72282032499,14735.787430751092,27086.794336305877,34247.5116217473,28166.46529552983,50931.430361851526,27997.607148043313,14732.547252881295,27054.39628432872,34207.19798973776,28190.46294949288,51081.07872101093,28143.39478503863,14798.447950550155,27152.399185299404,34418.84520317714,28409.581952105316,51588.10128892263,28429.30291085337,14853.598388053857,27272.9689351727,34611.426416172704,28551.432590215343,51901.36273495543,28693.372574702433,0.0,0.0,0.0,0.0,0.0,0.0,0.0,0.0,0.0,0.0,0.0,0.0,0.0,0.0,0.0,0.0,0.0,0.0,0.0,0.0,0.0,0.0,0.0,0.0,0.0,0.0,0.0,0.0,0.0,0.0
"102,143",2504.508371740456,0.0,0.0,0.0,0.0,0.0,0.0,0.0,0.0,0.0,0.0,8808.988194268359,21361.232141784596,28835.45102899589,25388.47854699434,38653.92036775234,18865.691190286714,8783.072144311083,21238.129078201222,28741.853519040462,25169.983910826144,38481.2044016221,18804.497087904987,8702.086050551547,21056.724411777424,28641.782339079236,25080.71523770912,38411.74906236424,18765.984072540323,8710.724309167676,20972.496362976002,28592.56653941566,25029.416811259587,38288.65680995081,18745.73564512683,8770.11393193544,21140.40407861822,28854.960220941837,25100.416610020282,38288.656755750315,18832.114980689217,0.0,0.0,0.0,0.0,0.0,0.0,0.0,0.0,0.0,0.0,0.0,0.0,0.0,0.0,0.0,0.0,0.0,0.0,0.0,0.0,0.0,0.0,0.0,0.0,0.0,0.0,0.0,0.0,0.0,0.0
"103,143",2504.0471332594875,0.0,0.0,0.0,0.0,0.0,0.0,0.0,0.0,0.0,0.0,8868.89971054582,21881.151756798055,29005.873299246206,27993.855724389876,51621.59863327344,30091.446248254582,8891.572934041304,22000.987613392816,29125.353794078266,28188.289697183343,52138.481020238345,30525.452321925815,8868.900599131865,21925.32645501904,29276.498509516437,28218.788544789484,52183.70745998738,30530.300912216593,8875.023357895308,21909.134372852368,29270.83695295185,28040.659204140833,52088.89364722288,30505.46184410955,8894.45432021945,21847.59914269261,29231.96833565563,27976.24190640263,51934.24930817567,30401.363996165404,0.0,0.0,0.0,0.0,0.0,0.0,0.0,0.0,0.0,0.0,0.0,0.0,0.0,0.0,0.0,0.0,0.0,0.0,0.0,0.0,0.0,0.0,0.0,0.0,0.0,0.0,0.0,0.0,0.0,0.0
"104,143",2503.4323806343814,0.0,0.0,0.0,0.0,0.0,0.0,0.0,0.0,0.0,0.0,34759.528063879756,70791.12930719058,43495.753049048246,15612.962141580208,12157.790989201678,3701.952462905996,34843.71221457556,70900.14531628291,43633.910581263364,15721.972387141808,12195.207859999527,3704.833903681998,34971.075563059596,71137.68442139345,43836.451363680404,15836.009979756675,12321.130555295946,3694.7665331653525,35028.62404438747,71292.30352547216,43924.228545407685,15870.54469707807,12404.60565131786,3713.127869567684,35138.71426889194,71487.66079165983,43992.223134021195,15895.01317494056,12371.149993835712,3589.727416613523,0.0,0.0,0.0,0.0,0.0,0.0,0.0,0.0,0.0,0.0,0.0,0.0,0.0,0.0,0.0,0.0,0.0,0.0,0.0,0.0,0.0,0.0,0.0,0.0,0.0,0.0,0.0,0.0,0.0,0.0
"105,143",2502.664312582709,0.0,0.0,0.0,0.0,0.0,0.0,0.0,0.0,0.0,0.0,9974.174232225792,16171.490176006393,13069.324508575366,9796.981148875928,16010.641140368407,9824.837123853085,9728.15883396186,15829.811737257825,12774.395579225875,9574.09733880174,15489.260989263013,9490.011011518216,9711.717866005616,15899.776860402608,12708.603157009797,9598.203390036377,15285.970282498527,9161.289842826243,9534.749789007972,15683.529419627843,12395.433435648561,9366.253570786645,14755.945379246918,8814.949135524152,9669.710941620435,15707.361574575947,12431.051087587954,9406.17591101235,14721.829194873922,8791.473231479235,0.0,0.0,0.0,0.0,0.0,0.0,0.0,0.0,0.0,0.0,0.0,0.0,0.0,0.0,0.0,0.0,0.0,0.0,0.0,0.0,0.0,0.0,0.0,0.0,0.0,0.0,0.0,0.0,0.0,0.0
"106,143",2501.7431773094486,0.0,0.0,0.0,0.0,0.0,0.0,0.0,0.0,0.0,0.0,16774.200017237195,37282.18435904279,37308.69695856431,24497.25104631536,25075.72832121288,4976.379886421502,16821.0963373259,37019.73479881381,36978.45463180262,24249.524905103794,24688.13584952074,4864.5635012617295,16848.68880401873,37203.830905084986,37135.3075116036,24343.456014024505,24644.62602489696,4860.697278911927,16647.19307103344,37026.856535327206,36827.11808695793,23975.398953710817,24249.952170177534,4707.7940535872585,17187.526491784112,37346.551109652435,37129.58153583302,24043.41951912337,24329.605779147612,4678.665689501107,0.0,0.0,0.0,0.0,0.0,0.0,0.0,0.0,0.0,0.0,0.0,0.0,0.0,0.0,0.0,0.0,0.0,0.0,0.0,0.0,0.0,0.0,0.0,0.0,0.0,0.0,0.0,0.0,0.0,0.0
"107,143",2500.6692723783053,0.0,0.0,0.0,0.0,0.0,0.0,0.0,0.0,0.0,0.0,13204.191290804918,32446.714995722683,37055.30632180793,23985.102292074876,19917.69017682543,2186.849546297859,13294.757121489094,32677.17489140361,37187.924185687414,23955.999977169784,19708.348872994444,2128.6302951420057,13390.91171999071,33045.8992068085,37810.61127743347,24198.67111571256,19950.11941440994,2138.337796315025,13454.061280148635,33291.69885691661,37998.197168441846,24249.61970505902,19889.377959054127,2051.0061164940107,14604.770157805611,34165.7901366159,38608.78262771438,24676.461098581203,20037.433822700088,2047.773598536323,0.0,0.0,0.0,0.0,0.0,0.0,0.0,0.0,0.0,0.0,0.0,0.0,0.0,0.0,0.0,0.0,0.0,0.0,0.0,0.0,0.0,0.0,0.0,0.0,0.0,0.0,0.0,0.0,0.0,0.0
"108,143",2499.442944558273,0.0,0.0,0.0,0.0,0.0,0.0,0.0,0.0,0.0,0.0,23011.289036478716,44801.955881103815,36557.841991547975,22102.345750046712,17972.359335703008,5062.612913412207,22995.84807552356,44851.905881647974,36626.43443690469,21960.916531834882,17885.077113193624,5069.075907034033,22876.158059693316,44710.627371889,36596.54303572411,21909.17964867143,18052.463542096753,5120.799627346151,22840.604371644,44649.20254068375,36468.58151667913,21741.889227937252,17929.63173867768,5039.264206044814,23348.30633334366,44970.22341451458,36698.92108322593,21880.899098943264,18053.472751251855,5177.536055747201,0.0,0.0,0.0,0.0,0.0,0.0,0.0,0.0,0.0,0.0,0.0,0.0,0.0,0.0,0.0,0.0,0.0,0.0,0.0,0.0,0.0,0.0,0.0,0.0,0.0,0.0,0.0,0.0,0.0,0.0
"109,143",2498.0645896418314,0.0,0.0,0.0,0.0,0.0,0.0,0.0,0.0,0.0,0.0,30175.670945366695,37030.342386483215,26306.589979207278,12964.90675073792,9355.33561614074,2476.017390183841,29930.337755510853,36877.82912290143,26304.873162263983,13166.988496255875,9488.133613772485,2550.3295590204348,29229.152498232146,36382.51719304253,25950.446807136723,12962.002072656858,9455.912775009752,2528.5208260826034,28730.16580988192,36005.45513194028,25830.53528837503,12936.157715643156,9449.433698756086,2490.459064633238,28753.608129381664,35898.482683565104,25870.291761313234,13120.664116385406,9517.906597262736,2522.6808965514683,0.0,0.0,0.0,0.0,0.0,0.0,0.0,0.0,0.0,0.0,0.0,0.0,0.0,0.0,0.0,0.0,0.0,0.0,0.0,0.0,0.0,0.0,0.0,0.0,0.0,0.0,0.0,0.0,0.0,0.0
"110,143",2376.0183780395473,0.0,0.0,0.0,0.0,0.0,0.0,0.0,0.0,0.0,0.0,8857.118370017819,5017.773427022673,3868.588926306893,3308.904077830034,5241.582142891602,4051.4380802809023,8835.429907404206,4972.564041627623,3874.310977289723,3216.6666861459325,5099.126257639306,3702.685533732059,8672.332640354307,4895.064690841414,3801.483932934555,3172.8942733951644,4967.0238765342565,3512.165731161716,8650.07965183445,4883.584516299005,3767.397554386363,3189.052243823631,4999.325364800995,3383.0081009565615,8807.537536737966,4998.402258276472,3790.356598656785,3204.8330231049486,5015.475596877641,3365.7606163595237,0.0,0.0,0.0,0.0,0.0,0.0,0.0,0.0,0.0,0.0,0.0,0.0,0.0,0.0,0.0,0.0,0.0,0.0,0.0,0.0,0.0,0.0,0.0,0.0,0.0,0.0,0.0,0.0,0.0,0.0
"111,143",1090.8411039557811,0.0,0.0,0.0,0.0,0.0,0.0,0.0,0.0,0.0,0.0,2144.5986290146325,767.951080456902,281.1282358954935,194.9525684291241,309.3326116131801,263.0669637614606,2184.32383815167,793.6135198845583,281.1291168521433,191.77635944684346,319.0155487584133,255.22128029898104,2122.757026640574,802.0664889186037,275.6111113080792,188.49740757287717,310.48413581661146,227.1991972923279,2137.0192208009607,787.6241988509308,269.1555942544751,185.27030672372555,304.02766842655103,211.06298565864566,2121.9423237323754,771.9098769599316,260.55988238278564,172.3597585135815,291.11675567439954,189.58491530885883,0.0,0.0,0.0,0.0,0.0,0.0,0.0,0.0,0.0,0.0,0.0,0.0,0.0,0.0,0.0,0.0,0.0,0.0,0.0,0.0,0.0,0.0,0.0,0.0,0.0,0.0,0.0,0.0,0.0,0.0
"112,143",27.90260224875557,0.0,0.0,0.0,0.0,0.0,0.0,0.0,0.0,0.0,0.0,16.05181299938875,5.793438295289582,15.710418984469246,0.0,2.8461666668162624,8.930621591268801,16.05181299938875,9.019042591020174,15.710418984469246,0.0,2.8461666668162624,8.930621591268801,12.826268785140094,12.24466405288846,15.710418984469246,0.0,2.8461666668162624,6.071805294822244,21.035843747269872,12.24466405288846,15.710418984469246,0.0,2.8461666668162624,6.071805294822244,21.035843747269872,9.019042591020174,15.710418984469246,0.0,2.8461666668162624,6.071805294822244,0.0,0.0,0.0,0.0,0.0,0.0,0.0,0.0,0.0,0.0,0.0,0.0,0.0,0.0,0.0,0.0,0.0,0.0,0.0,0.0,0.0,0.0,0.0,0.0,0.0,0.0,0.0,0.0,0.0,0.0
"99,144",2290.9008678611604,0.0,0.0,0.0,0.0,0.0,0.0,0.0,0.0,0.0,0.0,29319.96100989136,53083.80709448328,27026.76108697349,15378.753506052728,22481.75553026386,9040.868140876995,28966.806672723622,52660.99986274944,26728.6863832801,15331.857630295846,22569.23524060436,9155.081099169862,28855.035275643484,52544.362423498496,26642.021618389615,15344.81779698858,22705.31484737583,9216.641059773576,28702.757631247656,52346.72629316555,26454.917599448036,15328.61795572767,22744.91901054569,9225.54776901077,28646.052004020356,52275.44691212879,26377.15859795458,15264.542782826516,22715.759117509802,9127.623686969982,0.0,0.0,0.0,0.0,0.0,0.0,0.0,0.0,0.0,0.0,0.0,0.0,0.0,0.0,0.0,0.0,0.0,0.0,0.0,0.0,0.0,0.0,0.0,0.0,0.0,0.0,0.0,0.0,0.0,0.0
"100,144",2505.1742034292365,0.0,0.0,0.0,0.0,0.0,0.0,0.0,0.0,0.0,0.0,14762.812575754466,40541.34316032167,44442.985630645,29302.30618357378,34964.58447597447,8648.938738205854,14784.04389525769,40534.862857511,44472.144945515836,29374.3098013373,34894.75414171219,8623.01914749426,14753.435660689485,40539.551584814115,44429.682665090935,29326.523419985115,34826.716395521165,8642.459246018354,14704.49329775268,40513.28865355418,44418.17129721735,29320.043497928917,34675.50469897214,8529.060162404005,14713.869930530063,40593.94455245055,44510.68066237487,29309.599543222725,34463.115616464616,8462.380512300193,0.0,0.0,0.0,0.0,0.0,0.0,0.0,0.0,0.0,0.0,0.0,0.0,0.0,0.0,0.0,0.0,0.0,0.0,0.0,0.0,0.0,0.0,0.0,0.0,0.0,0.0,0.0,0.0,0.0,0.0
"101,144",2505.0203406141345,0.0,0.0,0.0,0.0,0.0,0.0,0.0,0.0,0.0,0.0,11782.367979253508,35005.09561327766,48109.15837666755,33852.3507760076,34285.64969780773,14518.726997008042,11910.152143203512,35421.647803994725,48676.361336922186,34404.16426733242,34695.65182164231,14670.990449061112,11931.025227031521,35452.35244844661,48887.305568912925,34502.4190118425,34718.328532724765,14787.620141615585,11950.832708801008,35586.347119160266,49003.04318943585,34607.15502666586,34974.34309067914,14987.416131863873,12032.195236652038,35771.379099201695,49159.98285856622,34725.14491637735,35175.94253461315,15217.065377346673,0.0,0.0,0.0,0.0,0.0,0.0,0.0,0.0,0.0,0.0,0.0,0.0,0.0,0.0,0.0,0.0,0.0,0.0,0.0,0.0,0.0,0.0,0.0,0.0,0.0,0.0,0.0,0.0,0.0,0.0
"102,144",2504.7126650315545,0.0,0.0,0.0,0.0,0.0,0.0,0.0,0.0,0.0,0.0,5116.913838282753,14336.04114730779,21258.2627671382,21671.74077706991,56957.97835337134,57424.51408998452,5152.547227517296,14402.986745035883,21386.757199667012,21832.625425949278,57479.05026628925,58139.59882107622,5168.74589695089,14358.715133742724,21429.68588544434,21780.530342494734,57522.07412205771,58216.99962381101,5203.566273303125,14412.973272291818,21537.310928613064,21861.25113063045,57679.372269909996,58515.10457342186,5190.609593243692,14409.731455532708,21563.581269438124,21910.105730712177,57673.16048960405,58557.39357537194,0.0,0.0,0.0,0.0,0.0,0.0,0.0,0.0,0.0,0.0,0.0,0.0,0.0,0.0,0.0,0.0,0.0,0.0,0.0,0.0,0.0,0.0,0.0,0.0,0.0,0.0,0.0,0.0,0.0,0.0
"103,144",2504.251276750373,0.0,0.0,0.0,0.0,0.0,0.0,0.0,0.0,0.0,0.0,5920.488540339937,16131.057202974956,22706.71725756608,24701.6762996337,61659.935559311096,47555.71654534713,6020.890191007127,16396.63698355357,23069.45799357377,25042.10442699825,62823.115328033295,48707.927980215405,6030.605423856248,16541.920671471427,23283.562777449108,25346.536888736835,63453.303327322,49165.408442511274,6092.4961059402,16765.746790519417,23517.10449846025,25641.262650865665,64211.18528420596,49912.17149103482,6098.971766502716,16814.782176318822,23513.50295798919,25657.4506248418,64127.416348733146,49884.18093828219,0.0,0.0,0.0,0.0,0.0,0.0,0.0,0.0,0.0,0.0,0.0,0.0,0.0,0.0,0.0,0.0,0.0,0.0,0.0,0.0,0.0,0.0,0.0,0.0,0.0,0.0,0.0,0.0,0.0,0.0
"104,144",2503.636325806829,0.0,0.0,0.0,0.0,0.0,0.0,0.0,0.0,0.0,0.0,12097.248167951433,29813.109802396622,38169.21121819627,31913.840986107847,36272.81529452286,9197.404328628614,12090.774986703722,29766.966156260172,38021.34672601831,31865.728768645084,36162.73475148163,9181.221381231382,12104.800835330812,29868.3420479307,38254.66775125523,32136.653092283363,36403.62107994791,9307.865006857292,12033.212245799044,29898.755871355766,38379.6026313707,32117.226610797996,36400.21440809007,9303.01770809398,12065.587275839785,29956.57565333609,38571.71321253029,32044.903814771133,36263.213624499826,9277.11007717357,0.0,0.0,0.0,0.0,0.0,0.0,0.0,0.0,0.0,0.0,0.0,0.0,0.0,0.0,0.0,0.0,0.0,0.0,0.0,0.0,0.0,0.0,0.0,0.0,0.0,0.0,0.0,0.0,0.0,0.0
"105,144",2502.8680121246516,0.0,0.0,0.0,0.0,0.0,0.0,0.0,0.0,0.0,0.0,7689.586871364069,16941.82272612441,21355.056393499006,21055.27769457686,32463.181723870483,19501.51986121103,7605.435512282801,16873.06086153984,21200.613031682784,20807.848561918036,32445.3841523077,19500.099130290164,7503.198454445483,16745.29897884855,20968.64427647965,20548.15948501849,32048.64302371624,19330.33437590319,7422.269263332964,16510.429297210656,20834.809207759186,20267.336552381512,31659.12604074572,19172.524714283853,7504.622517848482,16599.615765536066,21049.41596747193,20326.653174548992,31613.295255285153,19125.330104121043,0.0,0.0,0.0,0.0,0.0,0.0,0.0,0.0,0.0,0.0,0.0,0.0,0.0,0.0,0.0,0.0,0.0,0.0,0.0,0.0,0.0,0.0,0.0,0.0,0.0,0.0,0.0,0.0,0.0,0.0
"106,144",2501.9465854081486,0.0,0.0,0.0,0.0,0.0,0.0,0.0,0.0,0.0,0.0,11313.93280305208,25073.780166415607,30929.112130115547,23677.839280257504,24323.921569033235,10618.19436622227,11294.49451102556,25110.949743761732,30802.436730485802,23646.06893827681,24321.470879131208,10583.226786190855,11343.030535596024,25241.342019385913,30956.94007640446,23821.046398668663,24448.62442363571,10406.695343683281,11359.207421916139,25192.163923531887,31054.006513065448,23905.174035816563,24412.21165416755,10193.10970349125,11558.37236107845,25390.990673336324,31342.343437957763,24237.734539683657,24534.544612418904,10100.364859220093,0.0,0.0,0.0,0.0,0.0,0.0,0.0,0.0,0.0,0.0,0.0,0.0,0.0,0.0,0.0,0.0,0.0,0.0,0.0,0.0,0.0,0.0,0.0,0.0,0.0,0.0,0.0,0.0,0.0,0.0
"107,144",2500.872345007959,0.0,0.0,0.0,0.0,0.0,0.0,0.0,0.0,0.0,0.0,22912.651608616696,54431.91449110835,53235.905276301324,29394.678813407,17470.802642207986,1440.027843575384,22809.155633837567,54360.76234977572,53103.40821709914,29378.522577712116,17354.372209649926,1440.0289240883844,22527.76852837263,54216.8586859273,53005.58560662738,29390.553735704983,17299.398009419907,1417.3907788800257,22450.130991608487,54106.90517182818,52868.12303266244,29209.4374313074,17043.066674189475,1380.9969215907304,22877.094696671353,54223.328144507315,53044.386737031564,29200.441489284178,16920.13829738019,1279.9137202711668,0.0,0.0,0.0,0.0,0.0,0.0,0.0,0.0,0.0,0.0,0.0,0.0,0.0,0.0,0.0,0.0,0.0,0.0,0.0,0.0,0.0,0.0,0.0,0.0,0.0,0.0,0.0,0.0,0.0,0.0
"108,144",2499.6456397604356,0.0,0.0,0.0,0.0,0.0,0.0,0.0,0.0,0.0,0.0,11832.61563617108,22754.119703188124,19978.654494475384,12690.436796350104,17893.994126926686,10912.810272831077,11748.555749238707,22595.6957579996,19837.228645509833,12579.782246583116,17568.217155356502,10541.893728642372,11864.139952801725,22802.59621752757,20017.514110211763,12835.964984697453,18071.922581145343,10965.58397216797,11900.516443451714,22797.675749917118,19843.669764757156,12621.004845333098,17710.445432013155,10686.539942085043,11990.228266142865,22920.5267950488,19950.360659599304,12723.655580901164,17636.92238455754,10548.27827857803,0.0,0.0,0.0,0.0,0.0,0.0,0.0,0.0,0.0,0.0,0.0,0.0,0.0,0.0,0.0,0.0,0.0,0.0,0.0,0.0,0.0,0.0,0.0,0.0,0.0,0.0,0.0,0.0,0.0,0.0
"109,144",2498.2668677990823,0.0,0.0,0.0,0.0,0.0,0.0,0.0,0.0,0.0,0.0,1744.75940637308,4877.779861827925,7349.687932066824,9392.749861506854,27393.326223467848,44085.76018090529,1731.8407874556149,4856.147301494373,7362.143082036225,9312.881800990945,26962.612271100403,42357.98310767342,1712.4531364889706,4881.189124083986,7369.337620452806,9276.55205947558,26828.334569748713,41799.751836760835,1659.3065194466535,4693.850637145135,7190.245260116166,8989.76187965636,25943.19487002504,40132.88986328163,1636.6854059079114,4643.591069671219,7132.086282607621,8891.025495396407,25645.908193462037,38523.53080808135,0.0,0.0,0.0,0.0,0.0,0.0,0.0,0.0,0.0,0.0,0.0,0.0,0.0,0.0,0.0,0.0,0.0,0.0,0.0,0.0,0.0,0.0,0.0,0.0,0.0,0.0,0.0,0.0,0.0,0.0
"110,144",2496.362305182948,0.0,0.0,0.0,0.0,0.0,0.0,0.0,0.0,0.0,0.0,932.0107813096514,2348.872524990755,3239.4864514266737,4190.7943224607725,12094.7610537155,28629.744203790964,912.631650946187,2340.608366768033,3216.510413050184,4121.174553523344,11899.228663464153,27851.90363377777,860.9648959851733,2279.249179880292,3145.4452182049845,3950.00889600305,11493.436678058024,27042.072504407282,868.8470275878906,2266.3465558248413,3166.239438334633,3939.319299145305,11434.126176744348,26673.625154920657,855.9236279010772,2197.0892106776146,3059.6619255935443,3820.5076034592644,11086.715071298562,24900.31012476472,0.0,0.0,0.0,0.0,0.0,0.0,0.0,0.0,0.0,0.0,0.0,0.0,0.0,0.0,0.0,0.0,0.0,0.0,0.0,0.0,0.0,0.0,0.0,0.0,0.0,0.0,0.0,0.0,0.0,0.0
"111,144",2414.3359470101122,0.0,0.0,0.0,0.0,0.0,0.0,0.0,0.0,0.0,0.0,2478.424490616368,2524.3247404528597,2483.001025212045,2625.1744190272166,7121.987379415361,17791.440602240844,2536.5011641240585,2576.757935373456,2540.3722111075535,2673.214131274878,7311.2292670969855,18166.16362889327,2617.3329894860585,2648.1418610507367,2632.4556226468553,2726.7347089645914,7447.689685824337,18593.539766441605,2629.4115875440484,2803.001811517454,2831.697429479337,2898.61527820288,7852.089545418235,19170.074526174398,2648.75836093005,2867.7066452634103,2896.216042102552,3002.5193469795527,8103.9497107431,19559.23838562311,0.0,0.0,0.0,0.0,0.0,0.0,0.0,0.0,0.0,0.0,0.0,0.0,0.0,0.0,0.0,0.0,0.0,0.0,0.0,0.0,0.0,0.0,0.0,0.0,0.0,0.0,0.0,0.0,0.0,0.0
"112,144",1220.2927432415142,0.0,0.0,0.0,0.0,0.0,0.0,0.0,0.0,0.0,0.0,4048.5339082661803,2846.5557820731515,1926.2586473034878,1342.4901743477467,1830.7028066541634,1154.429161272797,4035.898917145823,2855.420208060508,1974.6311844395657,1365.4193382235135,1858.9178616093652,1193.1300134546616,4043.5158697520983,2882.030552663055,1971.5341936999678,1392.8237909597508,1852.108220092923,1177.007571924434,4114.997005264432,2936.3758115712335,2026.2028997112723,1439.6873077205582,1968.6764916494778,1225.3967754728653,4149.652006588731,3043.017445136986,2131.0016517788754,1483.6763271472032,2071.1717494057675,1247.6180117588417,0.0,0.0,0.0,0.0,0.0,0.0,0.0,0.0,0.0,0.0,0.0,0.0,0.0,0.0,0.0,0.0,0.0,0.0,0.0,0.0,0.0,0.0,0.0,0.0,0.0,0.0,0.0,0.0,0.0,0.0
"99,145",1696.3492584525616,0.0,0.0,0.0,0.0,0.0,0.0,0.0,0.0,0.0,0.0,21551.91100932664,46394.965382761126,28176.281889989332,11562.181398054197,12904.798870266184,5162.391468345418,21271.012033404557,46209.46154534023,28024.00355179544,11558.128345098681,12908.03892082046,5219.1738973683005,21264.519369241305,46250.679228029076,27968.110707843072,11528.244072284884,12944.56805376352,5212.693824393142,21230.506188734842,46197.225987189435,27903.400325742427,11533.83473178265,12844.115541092555,5132.507126151814,21228.892546305004,46187.6712505883,27905.013868995746,11486.848384466357,12811.715639225642,5151.947114288106,0.0,0.0,0.0,0.0,0.0,0.0,0.0,0.0,0.0,0.0,0.0,0.0,0.0,0.0,0.0,0.0,0.0,0.0,0.0,0.0,0.0,0.0,0.0,0.0,0.0,0.0,0.0,0.0,0.0,0.0
"100,145",2505.375997923257,0.0,0.0,0.0,0.0,0.0,0.0,0.0,0.0,0.0,0.0,38335.75493820415,90707.45069252091,72261.84456493716,19126.163004780752,7677.798903907513,1748.5827633885776,38352.2980019962,90696.11688991528,72383.51468167586,19132.642530346853,7685.905520024953,1759.027041390363,38303.69929980389,90683.86932149308,72393.23467765136,19135.79367162106,7676.909880700765,1755.7870010880863,38274.53937481991,90550.86492010007,72379.3852603314,19135.069353593564,7644.509859862981,1729.8670577554142,38234.04576512598,90597.49529091426,72408.54510019995,19148.02922631619,7644.509828868566,1737.1601833446352,0.0,0.0,0.0,0.0,0.0,0.0,0.0,0.0,0.0,0.0,0.0,0.0,0.0,0.0,0.0,0.0,0.0,0.0,0.0,0.0,0.0,0.0,0.0,0.0,0.0,0.0,0.0,0.0,0.0,0.0
"101,145",2505.2220854140437,0.0,0.0,0.0,0.0,0.0,0.0,0.0,0.0,0.0,0.0,18847.86763414963,55311.603133417586,70006.26028212006,44063.86846027935,32633.440528936015,7288.204031645082,18857.22030386177,55396.10422158429,70041.97434715196,44029.84459485353,32612.898713138995,7283.89761872946,18792.424642650756,55348.49844957895,69973.93770913049,44023.36439956964,32524.86607210403,7272.044210193671,18766.506168930206,55420.778252061216,70001.48390091353,44047.109675285865,32508.920354373782,7289.309322335673,18770.851496585212,55439.51967092309,70069.51980818206,44067.36183934118,32538.080799110263,7175.921445109797,0.0,0.0,0.0,0.0,0.0,0.0,0.0,0.0,0.0,0.0,0.0,0.0,0.0,0.0,0.0,0.0,0.0,0.0,0.0,0.0,0.0,0.0,0.0,0.0,0.0,0.0,0.0,0.0,0.0,0.0
"102,145",2504.914310740217,0.0,0.0,0.0,0.0,0.0,0.0,0.0,0.0,0.0,0.0,16514.528211506673,41751.78821413471,46524.220979396036,34875.6925291052,43906.72925065826,24163.251012962002,16582.554985674687,41832.58970860501,46625.52567089774,34935.25679147197,44164.88915996271,24411.3397925807,16517.7670551861,41792.81516553094,46554.36250281896,34860.29616936422,43971.43076552691,24332.16456651501,16544.49527807703,41773.83352110247,46559.56824385513,34952.69767381163,44048.09285257003,24424.21071191676,16525.58984684383,41731.1548124622,46510.615950897634,34893.574534902385,43727.85062812637,24160.201942093234,0.0,0.0,0.0,0.0,0.0,0.0,0.0,0.0,0.0,0.0,0.0,0.0,0.0,0.0,0.0,0.0,0.0,0.0,0.0,0.0,0.0,0.0,0.0,0.0,0.0,0.0,0.0,0.0,0.0,0.0
"103,145",2504.4527745631026,0.0,0.0,0.0,0.0,0.0,0.0,0.0,0.0,0.0,0.0,10411.241458886278,27897.213101738576,34514.26007771772,29019.293473109075,53187.95883998496,35425.92064712469,10443.629686587465,27967.55072976094,34740.62090168186,29145.963835248756,53394.43330879773,35733.50551473581,10479.255814784181,27978.995720725903,34683.03872576133,29109.632623223697,53305.10147164849,35633.013861307445,10501.927390568864,28052.21976991448,34757.17887473386,29232.353465918,53409.468968052024,35877.56183422313,10453.346600764406,27870.03733983134,34482.24228134529,28950.941488941047,52563.70970964244,35187.25302072132,0.0,0.0,0.0,0.0,0.0,0.0,0.0,0.0,0.0,0.0,0.0,0.0,0.0,0.0,0.0,0.0,0.0,0.0,0.0,0.0,0.0,0.0,0.0,0.0,0.0,0.0,0.0,0.0,0.0,0.0
"104,145",2503.8376278050796,0.0,0.0,0.0,0.0,0.0,0.0,0.0,0.0,0.0,0.0,9365.915184549256,25195.152047210584,35465.856871676915,36608.27768125814,64510.045739231864,32476.56148612172,9275.253140739365,25092.347485730228,35320.158048940175,36524.9101697875,64487.04408095491,32615.09537383341,9275.254340223237,25028.40141507785,35360.623056119104,36502.59709026767,64404.101011724095,32700.549677543077,9255.827043584748,24999.258606943433,35246.47685464972,36301.2884764905,64170.77000648835,32541.337630292473,9260.690306031469,25035.685300602632,35301.519978848635,36302.55726316303,64043.11130414102,32417.393251046007,0.0,0.0,0.0,0.0,0.0,0.0,0.0,0.0,0.0,0.0,0.0,0.0,0.0,0.0,0.0,0.0,0.0,0.0,0.0,0.0,0.0,0.0,0.0,0.0,0.0,0.0,0.0,0.0,0.0,0.0
"105,145",2503.069071565988,0.0,0.0,0.0,0.0,0.0,0.0,0.0,0.0,0.0,0.0,9220.300174988952,22615.66205039025,30541.229846979597,28102.334272350985,45707.64160439173,33966.59992082072,9249.43606189653,22520.99267083991,30539.625106560958,28073.210674729067,45547.2525635392,33738.602333392344,9295.563101780646,22626.815571269803,30761.163793776086,28212.400202002245,45803.6686953928,33924.17319015988,9311.745986235373,22649.474441728406,30752.883401115276,28168.43309984862,45712.66227849605,33689.606448510116,9355.627958456675,22769.438489830725,30959.430751960423,28304.39009766953,45838.63189043532,33600.3605621609,0.0,0.0,0.0,0.0,0.0,0.0,0.0,0.0,0.0,0.0,0.0,0.0,0.0,0.0,0.0,0.0,0.0,0.0,0.0,0.0,0.0,0.0,0.0,0.0,0.0,0.0,0.0,0.0,0.0,0.0
"106,145",2502.1473570121016,0.0,0.0,0.0,0.0,0.0,0.0,0.0,0.0,0.0,0.0,7587.7085567100385,21674.01983747856,30333.414211503197,28973.590064059987,44131.1783637935,14601.535844538257,7502.860469836816,21390.894764298082,29898.142804821793,28536.86606538997,43054.86835362585,14142.390915648142,7544.20912716716,21294.837867625552,29913.71424673024,28312.103392597266,42505.47171333537,13863.057287525664,7447.858229894264,20988.263727484496,29426.91080380047,27923.862969331174,41438.18366792249,13561.799222941494,7365.175950918947,20755.124757064557,29132.30083869392,27597.78767945906,40589.82252018779,13299.71659326086,0.0,0.0,0.0,0.0,0.0,0.0,0.0,0.0,0.0,0.0,0.0,0.0,0.0,0.0,0.0,0.0,0.0,0.0,0.0,0.0,0.0,0.0,0.0,0.0,0.0,0.0,0.0,0.0,0.0,0.0
"107,145",2501.072785236709,0.0,0.0,0.0,0.0,0.0,0.0,0.0,0.0,0.0,0.0,11189.91469863069,33386.06125683504,34645.062004519445,25288.11810636053,22320.98385081011,3753.433344595105,11260.18792727321,33597.92766284008,34944.32247672735,25583.164062773012,22658.800652621772,3954.3221179326374,11238.27199179612,33677.16992732403,35186.10562074043,25726.209936255098,22659.36006555651,3983.4360562109478,11235.919160912084,33610.86024038371,35200.66441133069,25726.216882103563,22577.871920050828,3922.8104325565637,11294.129077503729,33782.27228562411,35330.02769735747,25786.925078651017,22614.877881344626,3855.6862907746263,0.0,0.0,0.0,0.0,0.0,0.0,0.0,0.0,0.0,0.0,0.0,0.0,0.0,0.0,0.0,0.0,0.0,0.0,0.0,0.0,0.0,0.0,0.0,0.0,0.0,0.0,0.0,0.0,0.0,0.0
"108,145",2499.84570709237,0.0,0.0,0.0,0.0,0.0,0.0,0.0,0.0,0.0,0.0,25977.492412816777,38400.75209252414,29814.984174419853,14308.413348650465,11804.540223367541,2633.2217524257358,26052.576034565533,38369.164730613375,29929.692600435374,14202.313385731564,11614.569979630263,2613.0277910868326,26143.897470174117,38620.60428171999,30107.670452706017,14303.495647575339,11680.137610154994,2614.5596707157056,26197.327829472226,38558.355939238674,30111.798537063598,14303.490005106083,11680.167588789323,2595.1663357968423,26333.913007666084,38686.94978417415,30090.95477053044,14381.899446387382,11750.490867516573,2637.1900491471383,0.0,0.0,0.0,0.0,0.0,0.0,0.0,0.0,0.0,0.0,0.0,0.0,0.0,0.0,0.0,0.0,0.0,0.0,0.0,0.0,0.0,0.0,0.0,0.0,0.0,0.0,0.0,0.0,0.0,0.0
"109,145",2475.1656241845635,0.0,0.0,0.0,0.0,0.0,0.0,0.0,0.0,0.0,0.0,2008.2017323746402,5801.825652165507,8677.911834862654,10106.298895576889,25346.897190112697,32467.748172894655,1957.2236758793103,5773.003300779942,8582.836699122074,10016.042747490079,25355.12392771665,32215.717213249205,1982.9108445915522,5813.157931325016,8636.560826199664,10088.233354271159,25446.769313676687,31871.946592379547,1962.6258160198436,5776.805757487055,8546.006818826525,9966.812500250573,25094.3993046611,30623.587790398506,1927.092575450972,5735.54225358028,8629.862478577857,9858.603837284387,24731.952935222555,28866.737009558958,0.0,0.0,0.0,0.0,0.0,0.0,0.0,0.0,0.0,0.0,0.0,0.0,0.0,0.0,0.0,0.0,0.0,0.0,0.0,0.0,0.0,0.0,0.0,0.0,0.0,0.0,0.0,0.0,0.0,0.0
"110,145",2496.9356827029314,0.0,0.0,0.0,0.0,0.0,0.0,0.0,0.0,0.0,0.0,2481.2708062966667,5850.2566986317715,8581.108543562423,9914.099141064813,22620.934374239867,42557.70421094239,2518.5874515729797,5948.559226643804,8600.302062690025,10075.557190600564,23035.33825879471,43130.544722069,2486.487016963024,5794.802932774787,8420.530822032106,9930.420086697974,22731.76180457881,42483.886617401535,2492.9474788179587,5730.212390219932,8323.653328650606,9846.451423482336,22330.702501463416,40906.257048980864,2428.366567658443,5634.950520967969,8057.251087713242,9582.742461818809,21527.000140455653,38699.288214450724,0.0,0.0,0.0,0.0,0.0,0.0,0.0,0.0,0.0,0.0,0.0,0.0,0.0,0.0,0.0,0.0,0.0,0.0,0.0,0.0,0.0,0.0,0.0,0.0,0.0,0.0,0.0,0.0,0.0,0.0
"111,145",2495.253685058386,0.0,0.0,0.0,0.0,0.0,0.0,0.0,0.0,0.0,0.0,4783.082332065059,5041.402523895337,4509.655411008761,3711.151227243274,7722.436377066258,13057.865853418087,4915.357100417567,5276.109443520563,4703.232604745791,3843.42737198624,8069.8199807185765,13467.136503981608,5006.04047871384,5429.898422653534,4836.319102846407,3945.8509495922167,8322.287204159944,13930.80447326548,5067.792150418899,5565.38848655925,4947.5151826699575,4069.249197634529,8565.400467919368,14023.481320135263,5093.59616987004,5655.720400984146,5028.515098558687,4120.595294948653,8791.410220099433,14100.313368643963,0.0,0.0,0.0,0.0,0.0,0.0,0.0,0.0,0.0,0.0,0.0,0.0,0.0,0.0,0.0,0.0,0.0,0.0,0.0,0.0,0.0,0.0,0.0,0.0,0.0,0.0,0.0,0.0,0.0,0.0
"112,145",2493.4210777130747,0.0,0.0,0.0,0.0,0.0,0.0,0.0,0.0,0.0,0.0,39526.97971241241,21059.779065187307,13064.714915887047,8782.175926341264,11313.754275857702,4262.910065932367,39817.56709888028,21086.375684226725,13177.574345008064,8827.320091857164,11430.650996777591,4337.074996752832,39880.432177243514,21138.412622905245,13140.941471865597,8796.716591555467,11410.973615297618,4385.10980645161,40341.396937260906,21351.229062614253,13323.22484714377,8865.216018558018,11533.933400152246,4527.008315715602,40829.655296489305,21730.121882468575,13478.917166293837,9059.163700914385,11983.072653160843,4729.107327276118,0.0,0.0,0.0,0.0,0.0,0.0,0.0,0.0,0.0,0.0,0.0,0.0,0.0,0.0,0.0,0.0,0.0,0.0,0.0,0.0,0.0,0.0,0.0,0.0,0.0,0.0,0.0,0.0,0.0,0.0
"113,145",1897.4708593868852,0.0,0.0,0.0,0.0,0.0,0.0,0.0,0.0,0.0,0.0,7383.781172094157,4847.428819969588,3367.067937116997,2420.8149066261217,4560.5564914656625,7066.820747792487,7386.57867377038,4792.6612480434715,3376.7467884830403,2411.171712665932,4546.6115182353005,6984.1531031328095,7343.834094564587,4754.360055093204,3351.3365363850316,2387.014165386499,4470.744747964074,6854.789262866038,7453.898132967481,4855.873290840785,3394.858618693258,2398.2973248846392,4531.973494855096,6924.073614659029,7471.490367502324,4945.217045927048,3446.768721727297,2457.735333480087,4582.476964004367,6793.605049592373,0.0,0.0,0.0,0.0,0.0,0.0,0.0,0.0,0.0,0.0,0.0,0.0,0.0,0.0,0.0,0.0,0.0,0.0,0.0,0.0,0.0,0.0,0.0,0.0,0.0,0.0,0.0,0.0,0.0,0.0
"114,145",306.21197739649375,0.0,0.0,0.0,0.0,0.0,0.0,0.0,0.0,0.0,0.0,2868.9379421439826,696.0473283552656,267.26275464787204,195.33478106610914,484.5468829641155,461.9571293036143,2835.1352712593825,667.067783238841,264.0427491356345,192.1146239196553,482.38790933758605,438.3540133607154,2928.508755155638,673.5080825113782,267.2627451111289,192.11493553273817,471.6661256322674,414.75070787504603,2835.127818771437,660.6273645185956,254.3820874382468,182.45448435895582,468.44622025583305,398.64985371664454,2872.1573586258237,657.4044936918744,235.05965134396274,181.39361126002143,453.4046692885604,368.1001450856527,0.0,0.0,0.0,0.0,0.0,0.0,0.0,0.0,0.0,0.0,0.0,0.0,0.0,0.0,0.0,0.0,0.0,0.0,0.0,0.0,0.0,0.0,0.0,0.0,0.0,0.0,0.0,0.0,0.0,0.0
"97,146",127.09310931112829,0.0,0.0,0.0,0.0,0.0,0.0,0.0,0.0,0.0,0.0,2499.584656706978,3418.003168515598,2018.6791512339723,888.1384251875037,361.5237565068638,3.2395143508911133,2510.4201117824105,3413.6196863959817,2057.552583393396,897.8561900419348,361.5237565068638,3.2395143508911133,2527.823932427986,3416.858621628144,2066.4449832046735,886.524659985187,351.8054602174198,3.2395143508911133,2527.823932427986,3439.534381420472,2085.4750426423316,889.5608190882441,351.8054602174198,3.2395143508911133,2525.791598866968,3426.576740772584,2078.1702486954487,875.3963865439098,340.23272095474545,3.2395143508911133,0.0,0.0,0.0,0.0,0.0,0.0,0.0,0.0,0.0,0.0,0.0,0.0,0.0,0.0,0.0,0.0,0.0,0.0,0.0,0.0,0.0,0.0,0.0,0.0,0.0,0.0,0.0,0.0,0.0,0.0
"99,146",1489.354377473058,0.0,0.0,0.0,0.0,0.0,0.0,0.0,0.0,0.0,0.0,31394.633411993702,59135.4870109689,22729.110580085307,2362.6239046395995,848.7751182705749,68.03975653648376,31261.743113700082,59062.61922739908,22715.89651554332,2351.2776423052246,830.8091244893916,64.79976916313171,31278.679714579677,59081.309499872434,22703.22895360367,2351.277624423831,848.6226750616934,68.03976249694824,31172.903622828275,58995.44346795924,22633.575715414685,2352.9040035546996,842.1300236692615,68.03976249694824,31108.01485492295,59000.03024043944,22610.18418681201,2354.5176992968018,829.1700353136249,64.79977774620056,0.0,0.0,0.0,0.0,0.0,0.0,0.0,0.0,0.0,0.0,0.0,0.0,0.0,0.0,0.0,0.0,0.0,0.0,0.0,0.0,0.0,0.0,0.0,0.0,0.0,0.0,0.0,0.0,0.0,0.0
"100,146",2505.5750918368713,0.0,0.0,0.0,3.2399680614471436,6.479907989501953,0.0,0.0,0.0,3.2399680614471436,6.479907989501953,46257.85784361128,103489.30586212102,73378.32157890096,11537.527130845949,922.3565184948492,0.0,46171.10234353308,103450.84561293172,73342.6818694283,11544.006976608202,917.5030513660581,0.0,46099.48059874889,103475.54571925706,73378.32125894322,11534.286872390672,927.2228587524564,0.0,45995.419713470976,103336.64610346158,73298.948475172,11482.447296861574,923.9829030887754,0.0,46037.958445869706,103285.21333691935,73253.58904414363,11469.48749757187,907.7831433670194,0.0,0.0,0.0,0.0,0.0,0.0,0.0,0.0,0.0,0.0,0.0,0.0,0.0,0.0,0.0,0.0,0.0,0.0,0.0,0.0,0.0,3.2399680614471436,0.0,0.0,0.0,0.0,0.0,0.0,6.479907989501953,0.0,0.0
"101,146",2505.4211302915983,6.479502201080322,71.27557134628296,90.7147479057312,200.03502672326331,55.07528376579285,6.479502201080322,71.27557134628296,90.7147479057312,200.03502672326331,55.07528376579285,30416.063195305247,84690.74289786113,80849.45482403813,29391.599662401164,10231.025164273206,414.69352078437805,30419.3025346569,84690.74313890231,80836.49701053677,29389.974162234514,10201.867508795682,414.6936266422272,30390.51332457954,84668.06535398257,80793.31219419593,29406.17348255083,10193.76193100705,417.93339490890503,30399.865559654612,84656.17217001633,80767.39283975714,29367.295534743516,10193.761799161575,414.6936242580414,30312.392977075953,84495.15170030031,80513.4862446626,29325.17823614046,10106.287305181168,404.97435188293457,0.0,3.239875555038452,3.23962664604187,0.0,0.0,0.0,6.479476690292358,35.63756489753723,25.918659925460815,3.2398698329925537,0.0,0.0,3.2398664951324463,22.679000854492188,51.83656024932861,12.959320306777954,0.0,0.0,19.438252449035645,62.76023657181684,95.15844665321649,22.678091049194336,0.0,0.0,3.2397749423980713,12.95893383026123,29.15759563446045,9.718979358673096,0.0,0.0
"102,146",2505.1132578347547,0.0,0.0,0.0,4.445934524723128,3.2395882606506348,0.0,0.0,0.0,4.445934524723128,3.2395882606506348,32745.51838939049,88138.13113178272,78241.48398085014,31949.14939980226,8191.631288008597,68.02602195739746,32733.76678655381,88123.54667637302,78226.90207735603,31934.566070006873,8211.06752415171,68.02602195739746,32613.909769990394,87966.44648827946,78086.3654683291,31879.497640298392,8155.999356942084,64.78668189048767,32613.91032097573,88000.64212043425,78087.2665211949,31873.019984649207,8159.239040331748,61.54731631278992,32644.676845486956,87993.60319756059,78131.40890583901,31864.914328944447,8133.323807673361,64.78668189048767,0.0,0.0,0.0,0.0,0.0,0.0,0.0,0.0,0.0,0.0,0.0,0.0,0.0,0.0,0.0,0.0,0.0,0.0,0.0,0.0,4.445934524723128,0.0,0.0,0.0,0.0,0.0,3.2395882606506348,0.0,0.0,0.0
"103,146",2504.6515757054385,0.0,0.0,0.0,29.149288654327393,236.43081498146057,0.0,0.0,0.0,29.149288654327393,236.43081498146057,24013.72590218058,50429.00828502131,47801.368969936,33420.93084511196,40628.884499608765,22240.25914294112,23968.73829904257,50346.056094180836,47794.890080232246,33402.70176166273,40651.54967409302,22348.401737953634,24013.727371554283,50255.78264740962,47626.329680532566,33324.971966206795,40489.97362529156,22299.820146347494,24072.028250079064,50251.27275242057,47698.64596544527,33376.79116529203,40619.52034436581,22408.67507584235,24052.595995287804,50194.656957399144,47583.261346475745,33266.67497843481,40402.887254157715,22269.41506726882,0.0,0.0,0.0,0.0,0.0,0.0,0.0,0.0,0.0,0.0,0.0,0.0,0.0,0.0,0.0,0.0,0.0,0.0,0.0,12.955206155776978,6.477635383605957,6.477635622024536,3.238811492919922,0.0,61.53659439086914,87.44724893569946,64.77555871009827,16.193875074386597,3.238738536834717,3.2387993335723877
"104,146",2504.036235689707,12.952649593353271,16.19096803665161,19.429238319396973,3.2382214069366455,3.2382607460021973,12.952649593353271,16.19096803665161,19.429238319396973,3.2382214069366455,3.2382607460021973,13575.705260193583,34006.08995396671,48937.87780910005,44658.02029227743,60871.64806145406,28465.843643817716,13562.397376404559,33996.733948586036,48889.43467191714,44664.91465556855,60793.938724219566,28388.4959957235,13540.085486328837,33984.72977260047,48817.71182333066,44601.35730536311,60589.582259307186,28205.546782024234,13508.913784729268,33937.78406741198,48804.40304401528,44570.5861911727,60450.34932006387,28014.147528129466,13512.570621439058,33928.4263294435,48744.08963290101,44482.62577421992,60331.79753109053,27915.38485912248,0.0,0.0,6.476292371749878,6.4763572216033936,0.0,0.0,3.2381386756896973,3.2381603717803955,3.238135576248169,6.47653341293335,0.0,0.0,6.476518392562866,6.476299047470093,6.476420879364014,0.0,0.0,0.0,3.2382214069366455,0.0,0.0,0.0,0.0,0.0,0.0,0.0,3.2382607460021973,0.0,0.0,0.0
"105,146",2503.26744003452,0.0,0.0,0.0,0.0,0.0,0.0,0.0,0.0,0.0,0.0,12651.68524548867,27233.403126381894,36678.05996270554,34686.341553401944,52816.25716699619,37823.15150366765,12612.83799192765,27180.823257228443,36640.31824421416,34684.90563614415,52748.10605762425,37867.02405618219,12612.837840293434,27227.202921669155,36736.35084777534,34837.03009898709,53043.71932171466,38122.11923379244,12654.918475125816,27301.640055458218,36830.21218424499,34953.54734499501,53508.12530311136,38355.13460654558,12654.915614341286,27316.206209879292,36837.27667067659,35035.19867707514,53856.09674275717,38722.863903696394,0.0,0.0,0.0,0.0,0.0,0.0,0.0,0.0,0.0,0.0,0.0,0.0,0.0,0.0,0.0,0.0,0.0,0.0,0.0,0.0,0.0,0.0,0.0,0.0,0.0,0.0,0.0,0.0,0.0,0.0
"106,146",2502.3454413315894,0.0,0.0,0.0,0.0,0.0,0.0,0.0,0.0,0.0,0.0,6784.84515934458,17529.65928981538,24154.699568180946,23578.69903120995,33572.76175918299,17019.330019741432,6691.004938654806,17435.090574733884,24047.200003953076,23446.020894192723,33482.3123060563,17039.05050806999,6755.720991425421,17555.233122293623,24280.192031951046,23703.99987849348,34033.42152838333,17390.350461957034,6826.9112904595395,17799.539846739113,24484.056076855755,24059.9843844152,34757.938116198886,17907.270220005743,6847.530104895199,17825.754240378206,24635.993810617223,24198.56157695172,35083.416748071184,18256.784771123585,0.0,0.0,0.0,0.0,0.0,0.0,0.0,0.0,0.0,0.0,0.0,0.0,0.0,0.0,0.0,0.0,0.0,0.0,0.0,0.0,0.0,0.0,0.0,0.0,0.0,0.0,0.0,0.0,0.0,0.0
"107,146",2501.2705423730513,0.0,0.0,0.0,0.0,0.0,0.0,0.0,0.0,0.0,0.0,4191.26704378502,13778.254337239732,21280.609779380346,23335.91826815698,38479.281625248404,9592.403229684456,4183.194875392727,13770.903729871676,21252.220820435352,23270.65092958936,38427.54075787208,9657.817393445033,4163.791324291043,13678.310283168157,21221.504683663796,23203.639218982054,38341.37888566185,9631.940160178203,4188.039294198915,13702.559818687625,21101.827342441033,23268.34057253201,38349.043171433834,9639.614012977188,4169.836707641564,13591.860323916228,20995.485806875604,23058.094314034774,38039.01652167918,9532.893345376557,0.0,0.0,0.0,0.0,0.0,0.0,0.0,0.0,0.0,0.0,0.0,0.0,0.0,0.0,0.0,0.0,0.0,0.0,0.0,0.0,0.0,0.0,0.0,0.0,0.0,0.0,0.0,0.0,0.0,0.0
"108,146",2500.0430959776727,0.0,0.0,0.0,0.0,0.0,0.0,0.0,0.0,0.0,0.0,6756.525309173734,21523.235953873278,31538.930294416466,32314.043383419743,40627.6420967476,9209.414411802853,6779.155750124128,21684.86712354772,31665.441793744703,32457.190465086576,40783.793426215416,9228.799388428295,6753.293806640775,21737.790849825913,31756.756935915295,32472.62185156766,40795.53099349059,9169.410011577605,6737.1432832166265,21552.339369216614,31706.67393800792,32307.350894957897,40524.336276863134,9036.389845389012,6698.352097360761,21415.372235661856,31532.11828617115,32177.576636545327,40234.1012875987,8866.249800101448,0.0,0.0,0.0,0.0,0.0,0.0,0.0,0.0,0.0,0.0,0.0,0.0,0.0,0.0,0.0,0.0,0.0,0.0,0.0,0.0,0.0,0.0,0.0,0.0,0.0,0.0,0.0,0.0,0.0,0.0
"109,146",2465.646040580878,0.0,3.230219841003418,0.0,0.0,0.0,0.0,3.230219841003418,0.0,0.0,0.0,8433.09725443522,24900.495337965905,34888.81174542295,30883.936419151338,27264.651066640778,5730.34796683648,8351.754853783403,24502.451695781598,34639.18551148339,30834.3818718639,27260.461886031953,5803.178587189842,8133.71347142762,23891.793405762837,34259.557499845345,30606.661625224464,27092.494451148836,5765.8581025114245,8141.215402201112,23798.39950086369,34240.951278496716,30636.010515704806,27166.26446998259,5782.462600107754,7974.442091723985,23758.69206031163,34173.38356924243,30552.29923980189,27116.613779218525,5716.218469913333,0.0,0.0,0.0,0.0,0.0,0.0,0.0,3.230219841003418,0.0,0.0,0.0,0.0,0.0,0.0,0.0,0.0,0.0,0.0,0.0,0.0,0.0,0.0,0.0,0.0,0.0,0.0,0.0,0.0,0.0,0.0
"110,146",2497.132221038431,12.91558837890625,3.229104995727539,3.229097604751587,0.0,6.457317590713501,12.91558837890625,3.229104995727539,3.229097604751587,0.0,6.457317590713501,9424.745412249658,22812.334111726046,29798.698453454414,27685.52677917667,34487.621603841406,9085.713461808598,9471.164898627412,22911.836896769204,29955.438154916206,27775.19181756412,34540.00844855028,9261.867227008297,9504.254271536247,23002.5914401017,29963.56691797481,27708.76451446776,34355.947825460804,9081.399196042266,9601.126856832878,23172.774167518055,30019.65349970986,27721.80233086791,34276.13124533541,9042.644950761047,9550.294754510767,23044.05538735203,29807.36938571182,27437.074178056148,33829.523456022784,8784.33887829687,0.0,3.229112386703491,6.4579620361328125,0.0,3.2285139560699463,0.0,0.0,0.0,3.229104995727539,0.0,0.0,0.0,0.0,0.0,0.0,3.229097604751587,0.0,0.0,0.0,0.0,0.0,0.0,0.0,0.0,0.0,3.228544235229492,3.228773355484009,0.0,0.0,0.0
"111,146",2495.449746293618,6.455711603164673,3.22782039642334,0.0,0.0,12.9115891456604,6.455711603164673,3.22782039642334,0.0,0.0,12.9115891456604,9744.981178475362,20179.076611720815,23872.447971471152,20536.9220276094,24827.52308429924,7711.510058237524,9768.769783524907,20129.937542400174,23901.491503365836,20591.52975702099,24864.226261643802,7656.657176805945,9794.937086131527,20188.629262486626,23960.752331959036,20632.652772770678,24886.808191565906,7672.786618305655,9816.679411935807,20210.50218419,24016.814410463037,20691.808764245467,25043.859842407936,7734.100260330649,9757.406175216975,20129.82951907083,23818.776892059926,20525.218892081582,24702.85063960973,7546.904943300696,0.0,0.0,3.2278361320495605,3.2278754711151123,0.0,0.0,0.0,0.0,0.0,0.0,3.22782039642334,0.0,0.0,0.0,0.0,0.0,0.0,0.0,0.0,0.0,0.0,0.0,0.0,0.0,9.683697938919067,3.227891206741333,0.0,0.0,0.0,0.0
"112,146",2493.6166311574284,0.0,0.0,0.0,0.0,0.0,0.0,0.0,0.0,0.0,0.0,8519.797470461153,13542.277260500778,15450.171988092687,12123.933465492959,12224.884911586723,4469.301696469737,8546.06050076952,13529.018514117073,15386.886357277517,12082.010518563027,12101.039775206995,4414.847701159645,8577.95630708395,13562.529778218737,15470.725870579367,12120.70303846621,12197.803177462374,4353.59223059299,8669.879010285582,13595.63005862236,15454.263043694405,12136.827789080377,12225.209472649705,4391.932110188054,8722.714024098714,13653.660809135437,15467.138510848963,12113.046693683138,12181.656329461643,4436.692422057134,0.0,0.0,0.0,0.0,0.0,0.0,0.0,0.0,0.0,0.0,0.0,0.0,0.0,0.0,0.0,0.0,0.0,0.0,0.0,0.0,0.0,0.0,0.0,0.0,0.0,0.0,0.0,0.0,0.0,0.0
"113,146",2491.4998763869366,9.663620710372925,0.0,6.442588567733765,0.0,0.0,9.663620710372925,0.0,3.2209131717681885,0.0,0.0,2215.3064784461376,3698.2724048979144,4813.207163191776,5059.699348477756,9973.521258063409,6612.8257644363475,2203.1228763440076,3682.1604406721453,4766.074300937092,5001.7044456285585,9918.023932833765,6624.155876882403,2175.740815105625,3613.314448448256,4688.762335471546,4971.116873963674,9848.364536419102,6458.120345329769,2186.670461732266,3616.1284389720245,4722.957198449677,4972.737740742927,9854.815319433399,6408.540613273546,2190.2484312422134,3622.5681309924407,4693.962785453422,4930.848852145439,9750.518855163164,6348.098737556793,0.0,0.0,6.442441701889038,0.0,0.0,3.2211790084838867,0.0,0.0,0.0,0.0,0.0,0.0,0.0,0.0,0.0,0.0,0.0,3.2209131717681885,0.0,0.0,0.0,0.0,0.0,0.0,0.0,0.0,0.0,0.0,0.0,0.0
"114,146",2321.602132599225,6.440110683441162,0.0,0.0,0.0,0.0,6.440110683441162,0.0,0.0,0.0,0.0,5410.266175658095,5499.461652674394,5850.298522837022,4533.389324624866,4903.957504626817,1559.478339542127,5158.7903207246,5354.613193907457,5692.572132952073,4504.415374715656,4775.17693026767,1503.5516435314628,4950.783360122232,5212.6058189251835,5566.205736118204,4401.584272344439,4570.309865478441,1463.856822978749,4717.63376937941,5059.909244912278,5384.782083618874,4215.499744909885,4388.843510051802,1420.8032539657518,4675.009205580693,5009.612745281294,5311.5823791588045,4106.054091948154,4283.798342287773,1384.9868542671202,0.0,0.0,0.0,0.0,6.440110683441162,0.0,0.0,0.0,0.0,0.0,0.0,0.0,0.0,0.0,0.0,0.0,0.0,0.0,0.0,0.0,0.0,0.0,0.0,0.0,0.0,0.0,0.0,0.0,0.0,0.0
"115,146",1410.5726212782026,96.48655843734741,25.729738235473633,0.0,0.0,0.0,77.18928790092468,16.081610918045044,0.0,0.0,0.0,4454.526316954108,1700.8574545907038,1298.3639943861494,744.5310455443813,858.1585660653956,1357.9047948379143,4242.713883197074,1636.519725851919,1266.2018640303145,702.7239533545925,823.6661577944662,1244.143394096225,4143.190501234578,1625.433692821802,1243.6868338846693,712.3697947146846,794.7071614985373,1208.8137349932801,3933.0058613795863,1528.341855690526,1165.2785612442915,674.0000730813719,734.789174338883,1160.5674128382814,3858.6098279410717,1451.96003037434,1094.5097879269545,648.2639869512296,714.3007725706287,1089.818704590143,54.67477869987488,0.0,3.216175079345703,3.2165586948394775,0.0,16.081775426864624,6.433041334152222,0.0,3.216219425201416,3.216175079345703,0.0,3.216175079345703,0.0,0.0,0.0,0.0,0.0,0.0,0.0,0.0,0.0,0.0,0.0,0.0,0.0,0.0,0.0,0.0,0.0,0.0
"116,146",337.09524588771063,0.0,0.0,0.0,0.0,0.0,0.0,0.0,0.0,0.0,0.0,1282.9724359643226,305.71310757655726,44.979803800582886,54.6151168346405,54.603683948516846,177.7335520819122,1268.4624351884806,299.2901482488595,48.192791223526,54.61691737174988,57.817986726760864,180.95069657120052,1224.6677994298,296.07788108844386,44.98120427131653,51.402992963790894,54.60577940940857,177.73871503624264,1211.8027278946895,308.93051027316676,38.55332088470459,44.977254152297974,57.815446615219116,177.7361188963348,1195.2759818965314,315.35300349254237,41.76725697517395,48.19117879867554,61.02730846405029,184.15968738350216,0.0,0.0,0.0,0.0,0.0,0.0,0.0,0.0,0.0,0.0,0.0,0.0,0.0,0.0,0.0,0.0,0.0,0.0,0.0,0.0,0.0,0.0,0.0,0.0,0.0,0.0,0.0,0.0,0.0,0.0
"117,146",521.6780145047779,0.0,0.0,0.0,0.0,0.0,0.0,0.0,0.0,0.0,0.0,744.7811546007792,237.86971612724602,238.32505937370598,245.94294594970404,702.0777607618594,1517.5866439753888,708.2790545725355,239.88414051672993,231.90542407783806,252.36183308807074,717.9745264174892,1524.9586067928988,687.8251310105418,230.25545456549702,222.33975653741874,229.8940315171784,691.4021633783976,1502.4946513905245,684.6154900307749,230.25604822775898,228.75989942644156,229.89307402816473,704.2398954550425,1521.753313852759,646.9105742548027,233.46614196440754,219.13177137468375,223.47402452674567,699.0202598188438,1533.5210132626928,0.0,0.0,0.0,0.0,0.0,0.0,0.0,0.0,0.0,0.0,0.0,0.0,0.0,0.0,0.0,0.0,0.0,0.0,0.0,0.0,0.0,0.0,0.0,0.0,0.0,0.0,0.0,0.0,0.0,0.0
"96,147",86.25284304255426,0.0,0.0,0.0,0.0,0.0,0.0,0.0,0.0,0.0,0.0,3987.51771995881,2223.4668608272773,268.3095602390813,32.39071011543274,0.0,0.0,3993.995894168405,2223.4668608272773,268.3095602390813,32.39071011543274,0.0,0.0,3984.278687690286,2225.2832361464402,268.3095602390813,29.151635885238647,0.0,0.0,3997.2349884257596,2223.8605548783844,271.54865401959887,29.151635885238647,0.0,0.0,4006.952173207788,2227.0995959683955,271.54865401959887,29.151635885238647,0.0,0.0,0.0,0.0,0.0,0.0,0.0,0.0,0.0,0.0,0.0,0.0,0.0,0.0,0.0,0.0,0.0,0.0,0.0,0.0,0.0,0.0,0.0,0.0,0.0,0.0,0.0,0.0,0.0,0.0,0.0,0.0
"97,147",2434.3450510207854,0.0,9.71866512298584,6.479125261306763,12.958266973495483,0.0,0.0,9.71866512298584,6.479125261306763,12.958266973495483,0.0,66168.22868544167,85822.35275128776,30128.93934617043,7532.751801461799,3872.5275979154258,64.79060697555542,66592.61271331544,86567.26306135047,30440.23799620236,7620.215559215171,3898.4431808107047,64.79060697555542,66915.32225047093,86889.38960040598,30622.44487740573,7679.744951308942,3914.6416564099936,64.79065895080566,67190.66259299261,87117.56677217671,30716.380802889435,7666.785292924619,3869.288726341024,64.79065895080566,67409.71444915979,87343.1859745194,30759.2915661335,7564.341848136864,3810.9783370607047,61.55118536949158,0.0,0.0,0.0,0.0,0.0,0.0,6.479113578796387,3.239551544189453,0.0,0.0,0.0,0.0,0.0,0.0,3.239546775817871,3.2395784854888916,0.0,0.0,6.4791460037231445,0.0,3.2395408153533936,3.2395801544189453,0.0,0.0,0.0,0.0,0.0,0.0,0.0,0.0
"98,147",2167.053492248736,0.0,0.0,0.0,0.0,0.0,0.0,0.0,0.0,0.0,0.0,50299.18498999652,82446.67278786078,28780.979051603987,4023.1627914129517,764.0902867055406,3.239603281021118,51002.61196590498,83678.4971724669,29117.18404357293,4087.957807701709,767.3298036790361,3.239603281021118,51352.3647771667,84352.8201002149,29288.889676259543,4117.115546148898,751.1316339707842,3.239603281021118,51533.79062588916,84754.95324712734,29431.436510489966,4117.115362089755,731.694030973958,3.239603281021118,51705.49646456943,84947.23207196253,29447.63575856545,4126.8352355181,725.2148222661485,6.479236125946045,0.0,0.0,0.0,0.0,0.0,0.0,0.0,0.0,0.0,0.0,0.0,0.0,0.0,0.0,0.0,0.0,0.0,0.0,0.0,0.0,0.0,0.0,0.0,0.0,0.0,0.0,0.0,0.0,0.0,0.0
"99,147",2493.0881941162743,0.0,0.0,0.0,0.0,0.0,0.0,0.0,0.0,0.0,0.0,55516.375204518255,83389.34522943402,23712.922214264025,3091.0764845034655,356.8040186564127,0.0,55963.488214209494,84005.34624042604,23849.000165933718,3102.905658716314,350.3240226904551,0.0,56551.95269939105,84731.9087397566,24043.39642524158,3123.069459671133,350.32394305864966,0.0,56741.49694121772,85072.10441691546,24066.076304191698,3125.585126394384,350.3240107695261,0.0,57088.89831913406,85362.40512265412,24050.282879220737,3119.511799874025,353.5638941923777,0.0,0.0,0.0,0.0,0.0,0.0,0.0,0.0,0.0,0.0,0.0,0.0,0.0,0.0,0.0,0.0,0.0,0.0,0.0,0.0,0.0,0.0,0.0,0.0,0.0,0.0,0.0,0.0,0.0,0.0,0.0
"100,147",2505.771434759674,0.0,0.0,1.7914741796605729,93.95813417434692,38.87904906272888,0.0,0.0,1.7914741796605729,93.95813417434692,38.87904906272888,22359.986467095925,74732.73100989193,82475.02426372883,25446.1474079852,4021.3664603457732,233.2770607471466,22311.793213615234,74716.30261268241,82526.86441933033,25456.59157273816,4011.6464793906493,230.0370967388153,22321.919674263754,74740.20255283936,82572.22448359845,25452.627480245104,4018.126295827417,230.0370967388153,22278.186110896695,74707.23149868648,82612.55328491623,25469.551924443713,3988.9665475116058,226.79716110229492,22275.848668544433,74545.72887738359,82492.67485431129,25427.432119346133,3972.76666357377,226.79716110229492,0.0,0.0,0.0,0.0,0.0,0.0,0.0,0.0,0.0,0.0,0.0,0.0,0.0,1.7914741796605729,0.0,0.0,0.0,0.0,12.959697008132935,32.399378538131714,42.11916470527649,6.479893922805786,0.0,0.0,3.239931583404541,19.439509391784668,12.959694862365723,3.23991322517395,0.0,0.0
"101,147",2505.6174248485822,12.958734035491943,106.91181659698486,43.553500412024704,308.5758081043468,272.13681530952454,12.958734035491943,106.91181659698486,43.553500412024704,308.5758081043468,272.13681530952454,22412.06342918452,86615.99537844378,94678.30473917232,25949.91394870983,3766.90470848177,29.158336400985718,22450.940792866313,86649.83098620902,94752.8211929153,25978.665189383082,3773.3843508729747,29.158336400985718,22447.701713867747,86558.71247905378,94662.10933202015,25975.42557608848,3766.9047788152507,29.158336400985718,22425.023489542567,86541.48361105639,94647.71546476777,25965.706226227336,3757.185890294056,29.158336400985718,22324.5924204069,86351.55938592239,94493.42707840883,25925.76251735033,3753.9460488328746,29.158336400985718,0.0,3.2396364212036133,6.479399681091309,3.2396979331970215,0.0,0.0,6.479308605194092,51.8361873626709,45.356621503829956,3.239699125289917,0.0,0.0,6.479685306549072,30.594215868033615,6.479599237442017,0.0,0.0,0.0,22.67827296257019,144.56896643077624,115.41058923216427,25.91797947883606,0.0,0.0,22.677668809890747,110.15102958679199,106.9101505279541,32.397966384887695,0.0,0.0
"102,147",2505.3094559424267,217.44802378860174,263.2112146770253,172.0981617160872,1343.5747774077397,691.0726126390344,217.44802378860174,263.2112146770253,172.0981617160872,1343.5747774077397,691.0726126390344,23802.051167362813,93760.41425374911,79560.66471569863,23948.076569287918,3863.226274799833,0.0,23745.762932301503,93617.06404231391,79450.52364056435,23870.33056422963,3840.550999474058,0.0,23612.950296402912,93354.26288638305,79235.15017221955,23870.330384223602,3830.832926344404,0.0,23593.106979565528,93300.31289982704,79193.39195155162,23870.330360143325,3827.593452524671,0.0,23411.697196440604,92217.56272716337,78549.189578363,23728.469134125055,3795.199169468412,0.0,19.436506986618042,91.11130093780218,80.98521089553833,22.675616025924683,3.239388942718506,0.0,19.43694543838501,126.33974409103394,107.71605338208816,9.718471765518188,0.0,0.0,16.197526931762695,74.50747108459473,74.91456939659867,6.4785943031311035,0.0,0.0,126.34081673622131,702.9702208042145,452.7147624922734,55.06995177268982,6.479025602340698,0.0,68.38436877587262,324.65812349038964,259.15648770332336,38.87363266944885,0.0,0.0
"103,147",2504.8476298431815,125.95269818118975,345.8236724339279,464.95133475509346,932.4417778417176,666.3130749506109,125.95269818118975,345.8236724339279,464.95133475509346,932.4417778417176,666.3130749506109,29625.496110596378,77359.09684735561,70649.67993557034,31114.54813594444,13324.04752886155,1608.5917934773015,29577.628283518436,77300.8037167194,70523.72509305245,31097.136723234136,13324.046490548639,1602.1144780514287,29544.83705411518,77036.3493616665,70305.0668110483,30967.58722133823,13259.271772979288,1598.875937163596,29561.3953920916,76969.9183623286,70191.71609399085,30954.631525232275,13246.316878675012,1582.6819390652227,29367.073541314927,76638.21642161255,69838.18812433784,30892.743931436537,13217.169762490777,1579.442948996787,9.716471910476685,41.74682612232134,64.77315759658813,9.716242551803589,0.0,0.0,32.38635516166687,154.7428065739426,139.26240038871765,19.43211030960083,0.0,0.0,48.58046245574951,167.34385952388538,193.96767396739887,55.05933880805969,0.0,0.0,158.69618248939514,336.51738299575504,362.73902010917664,71.25040817260742,3.238784074783325,0.0,154.39367511038688,271.80020675939676,185.0608408488479,55.05835223197937,0.0,0.0
"104,147",2504.2320991791407,557.2891710300071,722.7786992587295,1103.175410634396,1861.4009300951864,1588.0489847258025,557.2891710300071,722.7786992587295,1103.175410634396,1861.4009300951864,1588.0489847258025,15217.48683871475,46472.66283942484,64295.228005597164,41693.571691266225,39335.19103228345,12094.072865710541,15148.774549759137,46275.55271629726,64025.57288249053,41633.26683494623,39282.3057347466,12109.183432565018,15071.061065233456,46009.730489734575,63670.21118911855,41411.86599635236,39201.35490881696,12064.934067950531,15026.982379433688,45661.78324291659,63199.510602034774,41329.15264190224,39292.005372398045,12222.505905137345,14875.197591848,45118.681043513614,62545.318224632974,41033.7594046789,39422.18908293949,12454.549584136292,32.38079309463501,188.1596730250938,239.60975909233093,87.42502236366272,9.713923454284668,0.0,19.428146362304688,198.22960458175808,304.3676903247833,165.13590359687805,32.37933897972107,3.2380154132843018,61.5235059261322,348.3518253130071,460.16279869266583,197.52009057998657,35.61719012260437,0.0,146.52631371816,626.8757858201569,718.8579866886139,314.0934455394745,55.04739832878113,0.0,191.75481734649807,518.4426181811912,554.0524986285789,252.5654263496399,71.23362421989441,0.0
"105,147",2503.4630673151387,29.13179063796997,97.10391902923584,48.555267333984375,3.2367067337036133,9.711476802825928,29.13179063796997,97.10391902923584,45.318180322647095,3.2367067337036133,9.711476802825928,10838.362433210074,29320.506448281052,46631.265736914625,48554.99045704955,58484.43967596876,18064.518374150408,10815.70596219605,29180.521015583305,46620.89713787006,48498.16047846384,58364.714153138324,18102.998614079344,10783.339267507254,29157.460684105936,46646.79537652896,48498.16899930544,58307.879231181796,18071.577317684772,10825.41886974877,29280.46840052325,46851.541651469604,48767.623076610944,58669.22027590228,18324.72797767041,10793.048650994955,29274.406979261665,46820.75783521523,48697.48875692966,58439.528456335436,18275.44312784812,3.237389326095581,3.2364799976348877,9.710402250289917,3.2372591495513916,9.710259914398193,0.0,3.2371373176574707,19.421370267868042,25.8940646648407,12.94649052619934,35.60485625267029,0.0,6.4741973876953125,6.4741973876953125,12.947986364364624,16.1851007938385,3.2366983890533447,0.0,0.0,0.0,3.2367067337036133,0.0,0.0,0.0,0.0,3.237091064453125,6.474385738372803,0.0,0.0,0.0
"106,147",2502.540788232585,132.65441036224365,545.1424087159774,245.88243436813354,77.64556288719177,168.6412190502765,132.65441036224365,544.4192676431992,245.88243436813354,77.64556288719177,168.6412190502765,10712.16529330927,27051.22668395978,36251.10962672514,36834.6322303398,51321.16195952191,24570.09484844956,10699.226842495977,27076.404706226615,36289.55049214737,36910.85220350565,51553.07838306146,24845.667888939613,10672.541164798364,26993.110971907077,36243.55193374671,36936.038042564025,51701.060106981495,24975.821994210222,10792.272748870477,27147.312125918445,36496.69223413841,37240.573677552915,52460.06738828771,25749.996946745294,10771.230827224023,27143.589194510965,36417.60651593021,37207.32315915426,52430.32078721943,25870.368322334107,0.0,42.06042981147766,45.29678916931152,29.119452953338623,16.177738428115845,0.0,84.92976873154734,149.2355065981547,130.86351561265832,120.43371426918927,58.9567624316496,0.0,12.941108226776123,58.234525203704834,71.17847681045532,61.470269441604614,42.05805468559265,0.0,0.0,12.941066026687622,16.176214933395386,35.58761262893677,12.940669298171997,0.0,3.2351598739624023,55.40608516393923,64.70588636398315,19.412186861038208,22.64637780189514,3.235522985458374
"107,147",2501.465566379699,239.34910559654236,740.31147349582,702.2260249867159,628.2558227380116,646.8732664585114,236.11488151550293,731.3304882105659,702.2260249867159,618.5527413686116,640.4046092033386,25302.649430085163,51319.92691437683,52241.99399191351,33093.93929743206,32860.955460639096,10293.383649424011,25322.054536868076,51239.770055573594,52320.012604048665,33209.14593135048,32935.4296063713,10363.822909073735,25276.77720933054,51167.40133238867,52275.4438781037,33238.56336409438,32996.32065387427,10482.787310201047,25157.111957598667,50899.69433248931,52061.259686282094,33217.371943298036,32984.02485065834,10436.291946225072,24952.138243636895,50607.49251794627,51803.739843135714,33074.334559623865,32838.300050498925,10401.440344026974,25.87561583518982,97.03401827812195,64.68982982635498,29.109233617782593,19.40618395805359,0.0,106.73476338386536,174.65504503250122,234.6714782742893,135.12439477583942,73.67622292182025,6.468583822250366,148.77186822891235,249.02167415618896,190.82066297531128,71.15581893920898,35.986192347021664,6.469808340072632,122.90016198158264,265.6088438417397,155.250079870224,54.98449683189392,19.809158843171364,0.0,168.18493103981018,245.80717730522156,145.5519368648529,38.81330680847168,42.0472571849823,0.0
"108,147",2468.0384175840386,38.79750466346741,48.50243926048279,631.3145866983077,333.0360481739044,388.0025985240936,38.79750466346741,48.50243926048279,631.3145866983077,333.0360481739044,375.06912446022034,18822.451991645026,40586.233808164034,48107.625853341226,41674.2135130527,48854.607030193474,12301.056510374592,18815.994837724462,40576.528248217524,48187.35174073332,41669.09142280187,48814.57206700082,12327.191947499443,18831.736056952384,40572.07064406358,48255.62877504685,41685.25964904393,48815.79569042524,12376.912265452216,18679.75716891756,40333.876418872904,48121.18354685072,41557.95030635666,48707.87913227456,12332.8769831994,18505.169129519367,40040.19408308384,47959.526705334225,41449.6542554603,48462.59092532514,12254.011209246692,3.2335731983184814,9.699098110198975,3.2335386276245117,19.398250102996826,3.2330446243286133,0.0,22.634456396102905,19.40084218978882,6.4671406745910645,0.0,0.0,0.0,151.9715931415558,233.61820274521324,109.93089318275452,48.49965476989746,77.59507918357849,9.699163675308228,80.8361394405365,129.33623719215393,51.73216676712036,32.33272838592529,32.33204460144043,6.466731786727905,113.16937685012817,142.27019429206848,80.83307647705078,22.631312131881714,9.698818683624268,6.466346025466919
"109,147",2459.2163607265416,83.225127436133,189.82971356055316,514.6589171465705,352.4477431633893,364.7015806385115,83.225127436133,189.82971356055316,509.64280375312353,345.9875964978162,361.47146784745007,18365.65949976491,42229.44026186513,53854.045369080945,45094.22953234374,36194.144665148684,3485.0205865046555,18411.91824241339,42279.581694214954,53894.428164033336,45152.21446514972,36283.84482328471,3504.4056263110215,18369.896624914807,42270.266828986714,53965.22482972707,45153.89653799955,36351.25989123794,3543.179977669435,18361.68543659285,42195.57473888117,53813.37474830853,45110.512447360925,36402.948257651056,3537.122170559565,18224.19052119816,41992.73085367259,53680.74682771552,44974.81896996873,36337.529208654516,3533.8894191900886,6.460118293762207,34.429595091763666,35.874000190286075,3.231194257736206,3.230219602584839,0.0,32.30423378944397,71.74740788515876,58.147869348526,21.168887143976548,6.461315393447876,0.0,109.82782292366028,156.83996927036958,168.3290359833661,61.72330330399906,12.922672271728516,0.0,87.21559047698975,111.6139358211966,56.702703826567706,74.30182909965515,16.153537273406982,0.0,61.37894010543823,122.46427669712142,98.87479828853233,42.80989145858615,35.94356129777198,0.0
"110,147",2497.3260417027514,809.2809739701888,1536.26901530191,868.0130341829038,555.5045841422735,1473.2341341336569,799.5916936986587,1516.8913080589443,850.4341609693041,542.5879638877569,1457.0868315060934,28718.798697303326,50217.151039525575,41393.62316127291,22782.296948158037,13993.820898581485,404.66927378878876,28829.96195681797,50361.82384020955,41436.170626975974,22751.78821769041,14035.788215924244,411.1285666774301,28685.243841722906,49909.50378541853,41150.62212727865,22654.045132056403,14100.363290120105,407.89874118075653,28761.975516903636,50064.66047534288,41217.61008151933,22694.435917807557,14106.816680479982,414.3542780231027,28821.79095633638,50142.30457850344,41257.083304785745,22693.20505254502,14043.300739749271,414.3538894008188,155.0145354270935,289.7083857854207,248.29095743029725,74.28032040596008,32.297494649887085,0.0,362.8971319544549,603.5617225488027,387.5222554206848,140.3018111415938,19.37856149673462,3.229825496673584,155.4098965915979,330.8338778579936,264.44481550945954,77.13848268284517,22.607088327407837,0.0,113.43511696235807,188.73899417765,156.44593912012436,54.901649951934814,29.066263675689697,0.0,290.61477422714233,475.7720733315337,451.723513953826,190.53241205215454,48.44405794143677,0.0
"111,147",2495.643095667881,93.92515434096842,97.1404477484086,41.943923473358154,48.40063261985779,149.84334354681127,93.92515434096842,93.91310705016642,38.71820259094238,48.40063261985779,143.3896134404575,30919.46009871352,45778.97639217469,45967.41051846953,29703.53352868136,18687.672990177194,1538.0939448674521,31418.38067438369,46400.676162784235,46181.81575452954,29741.464192109946,18686.861560568155,1521.9606779416404,31710.94723870521,46889.496601917235,46481.03152534634,29842.28809301713,18719.1177246421,1518.7341073354087,31588.416627235973,47008.519604593166,46602.8249754382,29905.7354377971,18757.42411935844,1525.1872499783835,31188.39273459865,46819.182681152866,46550.23407804825,29833.51762505887,18681.77282049235,1515.507170756658,22.586994171142578,25.813247680664062,26.169291628108304,19.355620861053467,0.0,0.0,19.355724334716797,32.61793531249551,16.132620811462402,22.581148386001587,3.2256782054901123,0.0,16.134854555130005,3.2260186672210693,9.678641319274902,9.678688049316406,0.0,0.0,19.361974954605103,9.678898811340332,12.905474185943604,6.45428466796875,0.0,0.0,48.7560802824357,49.107826496573054,29.037046909332275,10.034272087321561,6.454387664794922,0.0
"112,147",2493.809478762586,180.65366795951246,307.2042101205564,240.23687799210643,511.4976719239179,1001.8381714250527,177.42804983550428,303.97908480775124,240.23687799210643,511.4976719239179,1001.8381714250527,22392.076086914774,47142.87065955611,57468.22649978095,36896.26400109647,21780.92812062712,1130.309406638613,22390.911838555807,47202.92576880455,57462.36421685219,36935.35735902226,21783.294943860932,1127.4399909299964,22354.679801903523,47181.86724069072,57472.09442254235,36873.67000851819,21776.85880141632,1140.3407100957984,22353.864693863256,47065.46473467116,57333.452605449456,36841.83424716651,21724.91383401646,1156.1063810591604,22120.496675378203,46681.357960737456,56926.726138402904,36681.84779293491,21628.894761294945,1133.8932902139777,48.37724232673645,45.556549952076935,73.81785021950216,9.67640733718872,0.0,0.0,52.00199795797759,116.13996823161256,87.06253385543823,45.55045294013678,3.2241318225860596,0.0,39.507419565612196,100.76859602834665,70.94145917892456,19.345433950424194,9.673969268798828,0.0,72.15276107881583,180.98293925827625,222.89692160475488,32.24139952659607,3.2236504554748535,0.0,122.19276248146505,392.71207401612224,361.12899446487427,103.23200045099446,22.57234001159668,0.0
"113,147",2491.692179530513,216.29486189449534,148.22714114189148,109.56545519828796,74.11562085151672,157.91067242622375,209.8494802531074,141.78392720222473,103.12002658843994,74.11562085151672,157.91067242622375,12464.184643597697,30536.609383490504,40905.92186212166,31997.480953612983,35138.450938171496,8030.5847999937405,12428.736774296854,30424.504562061906,40756.035248202905,31945.93811122483,35040.76630919587,7976.661575627795,12348.53263726141,30058.00585002151,40387.2645768175,31711.79844864116,34707.485860633846,7855.473389411441,12229.318481349012,29860.65791591756,40201.041164339294,31579.3182277081,34618.30897591161,7797.840507106222,12129.423398636836,29790.160388786648,40042.778461532034,31446.381564835006,34252.93711963542,7682.28276779044,19.335107803344727,58.00269079208374,87.40924749935374,28.99689221382141,16.105541944503784,0.0,6.444966077804565,51.560643672943115,54.78116750717163,19.332765102386475,6.442922830581665,3.2214620113372803,6.44378399848938,38.672728538513184,38.670610427856445,12.889284372329712,3.221597671508789,3.2220215797424316,6.445126533508301,29.000540733337402,35.447089195251465,3.2228643894195557,0.0,0.0,32.22426414489746,54.785043478012085,58.010382890701294,6.446157932281494,6.444823980331421,0.0
"114,147",2489.6834429857277,35.42242121696472,22.541381120681763,3.220346689224243,3.220155954360962,0.0,32.20192503929138,22.541381120681763,3.220346689224243,3.220155954360962,0.0,5309.950419823329,11867.912765266381,16249.743312574834,15701.57423890899,23792.447065237455,8963.212968807595,5282.990205511393,11750.981224305957,16016.540075585419,15543.828449599881,23616.485950738304,8856.75295171083,5188.421738769494,11502.700562328451,15710.792534942251,15199.70771441927,22910.689713233125,8418.911906092773,5033.883686449014,11277.359265066596,15337.522570137882,14875.779453848856,22497.9633838345,8308.466410501329,4942.954788843791,11157.059648359525,15156.84754025328,14711.627343749064,22482.85825872982,8477.889621562583,6.44022011756897,6.440280199050903,12.88060188293457,3.2204763889312744,3.220346450805664,0.0,0.0,0.0,9.660517454147339,6.440221071243286,6.440642595291138,0.0,0.0,0.0,3.220346689224243,0.0,0.0,0.0,0.0,0.0,0.0,3.220155954360962,0.0,0.0,0.0,0.0,0.0,0.0,0.0,0.0
"115,147",2487.4016820980983,0.0,0.0,0.0,0.0,0.0,0.0,0.0,0.0,0.0,0.0,9468.253490292793,10887.779971283557,13413.12344270033,11259.938001321345,16127.437300286574,5400.140753383263,9317.346830835531,10717.715200537326,13172.628478456945,11195.59867303231,16199.344065463309,5447.373936582079,9230.516652097891,10598.714831324185,12991.806629770877,11106.940770261426,16066.046899098976,5276.894157815447,9428.07843416345,10677.850804490668,13036.450966286191,11163.163258373035,16153.034560664495,5251.306934880276,9202.251353717318,10427.997355064692,12662.318908620346,10893.023977100147,15754.084489972918,5194.133949814591,0.0,0.0,0.0,0.0,0.0,0.0,0.0,0.0,0.0,0.0,0.0,0.0,0.0,0.0,0.0,0.0,0.0,0.0,0.0,0.0,0.0,0.0,0.0,0.0,0.0,0.0,0.0,0.0,0.0,0.0
"116,147",2484.971953574503,0.0,0.0,0.0,0.0,0.0,0.0,0.0,0.0,0.0,0.0,7312.605688771079,11338.937257474076,16397.65417494493,16629.309660871357,34943.10584108315,23881.61163823838,7268.60973032783,11265.031143849503,16319.441261522443,16593.96197076592,34888.515756389206,23676.01299731965,7187.073425623949,11175.08805841745,16186.993395018111,16436.56416221413,34611.18445648118,23351.17805012067,7278.862764984018,11130.135831778656,16149.19403152279,16298.46145196709,34201.80574653382,22699.11536076396,7198.848983383178,11028.33754264607,15973.208383830388,16131.386356790394,33882.71900862713,22512.066211239497,0.0,0.0,0.0,0.0,0.0,0.0,0.0,0.0,0.0,0.0,0.0,0.0,0.0,0.0,0.0,0.0,0.0,0.0,0.0,0.0,0.0,0.0,0.0,0.0,0.0,0.0,0.0,0.0,0.0,0.0
"117,147",2189.8278897507053,16.050230264663696,3.2099449634552,0.0,0.0,0.0,6.420124053955078,3.2099449634552,0.0,0.0,0.0,7275.073559882594,4679.6527362028755,6595.278015545302,7856.791761262744,24117.528548203267,37228.782163833166,7231.359832815095,4747.865686750412,6649.873615673476,7937.054283244937,24183.363347984763,37059.83727254493,7165.174171154172,4770.341287708283,6678.75743930667,7953.103091819614,24225.091190077277,37117.20477022096,7159.179154359594,4812.0702317714695,6681.977077415877,7959.531135900348,24272.511486547133,37105.8289883679,7235.039636739095,4798.831194043627,6637.0398353847795,7894.534105026956,24235.572227966084,37127.06730914771,6.420124053955078,0.0,0.0,0.0,0.0,0.0,3.2099449634552,0.0,0.0,0.0,0.0,0.0,0.0,0.0,0.0,0.0,0.0,0.0,0.0,0.0,0.0,0.0,0.0,0.0,0.0,0.0,0.0,0.0,0.0,0.0
"118,147",784.4799945531832,0.0,0.0,0.0,0.0,0.0,0.0,0.0,0.0,0.0,0.0,749.3166632801878,333.61164574623115,285.19907125772215,303.7123969695147,885.6179482656366,1779.905566850363,704.4209597260343,311.1597056865693,269.1621702605603,284.46688591452204,875.5937897887884,1715.885550844903,691.403273373024,298.33002667427064,262.74782523454405,287.6760157248553,885.2163741317449,1741.648947320265,659.3284261516495,275.8852439403534,253.12750849069332,277.4265168573342,837.4301206644844,1684.254701720032,620.8457131675644,275.88517622947694,243.5082543784497,261.3890243436776,830.759590357425,1657.785112099554,0.0,0.0,0.0,0.0,0.0,0.0,0.0,0.0,0.0,0.0,0.0,0.0,0.0,0.0,0.0,0.0,0.0,0.0,0.0,0.0,0.0,0.0,0.0,0.0,0.0,0.0,0.0,0.0,0.0,0.0
"96,148",437.9247897141927,0.0,0.0,0.0,0.0,0.0,0.0,0.0,0.0,0.0,0.0,14540.43911568978,10362.71473181388,3421.668284978118,774.4277026718737,263.79914671579996,6.4781482219696045,14554.830271234698,10435.801359132693,3410.1471144255465,774.4277470177294,270.2773438135783,6.4781482219696045,14707.065184822268,10609.971936913098,3468.5133563855115,812.9279819871865,284.66907203992207,6.4781482219696045,14731.796686594156,10673.520347288544,3489.382957460366,822.6451305295907,291.1471673329671,6.4781482219696045,14760.947605554727,10733.790863028695,3492.62207365223,816.1671685125314,305.53884239196776,6.4781482219696045,0.0,0.0,0.0,0.0,0.0,0.0,0.0,0.0,0.0,0.0,0.0,0.0,0.0,0.0,0.0,0.0,0.0,0.0,0.0,0.0,0.0,0.0,0.0,0.0,0.0,0.0,0.0,0.0,0.0,0.0
"97,148",2505.502855363687,0.0,0.0,0.0,0.0,0.0,0.0,0.0,0.0,0.0,0.0,117315.7325485379,77076.97349881004,17307.61741650058,2546.3847904186623,542.7531064033508,3.239123821258545,117722.44114910667,77505.54281091783,17378.56348071192,2565.8205993156807,552.4709659099578,3.239123821258545,118091.71961056298,77897.85887062782,17527.973895399246,2585.599041078605,567.2186699867249,3.239123821258545,118147.53357823596,77898.66422041818,17549.603835710826,2588.837780569114,570.4575308322907,3.239123821258545,118419.22776850064,78083.70759204135,17624.10707703198,2592.0759805183784,562.5307294368744,3.239123821258545,0.0,0.0,0.0,0.0,0.0,0.0,0.0,0.0,0.0,0.0,0.0,0.0,0.0,0.0,0.0,0.0,0.0,0.0,0.0,0.0,0.0,0.0,0.0,0.0,0.0,0.0,0.0,0.0,0.0,0.0
"98,148",2505.8109193602477,0.0,0.0,0.0,0.0,0.0,0.0,0.0,0.0,0.0,0.0,92065.06733172359,99667.87174742081,22985.079272140236,2005.1841484107222,161.98712801933289,0.0,92365.55862734365,100254.28082285114,23072.236702004597,2005.1843164958204,158.7473645210266,0.0,92559.95033690978,100594.3745254292,23286.066540757343,2011.6638885535444,161.9871289730072,0.0,92734.90261600066,100878.66599444406,23392.97778300397,2034.3425067462172,158.7474353313446,0.0,93166.20287064479,101477.21620510044,23525.811486521885,2040.8216668166365,161.9872009754181,0.0,0.0,0.0,0.0,0.0,0.0,0.0,0.0,0.0,0.0,0.0,0.0,0.0,0.0,0.0,0.0,0.0,0.0,0.0,0.0,0.0,0.0,0.0,0.0,0.0,0.0,0.0,0.0,0.0,0.0,0.0
"99,148",2505.9649769539706,74.51956987380981,32.39985179901123,22.679845571517944,22.679808616638184,6.479959964752197,74.51956987380981,32.39985179901123,22.679845571517944,22.679808616638184,6.479959964752197,87158.36798562724,92205.5681516152,18063.76918169377,984.793017062019,64.39237793286641,0.0,87559.08274995767,93125.31340245828,18248.041109637656,988.4396343034857,64.39237793286641,0.0,87833.66550497728,93533.460743187,18325.80025394384,988.4396469396704,64.39237793286641,0.0,88131.33313033721,93938.86352892297,18351.719931916632,972.2397844595068,64.39237793286641,0.0,88507.57222680484,94307.31723135033,18482.702964984674,994.5129262531506,64.39237793286641,0.0,68.03960275650024,6.47996711730957,0.0,0.0,0.0,0.0,9.719950675964355,22.679901123046875,0.0,0.0,0.0,0.0,16.19990372657776,6.4799418449401855,0.0,0.0,0.0,0.0,22.679808616638184,0.0,0.0,0.0,0.0,0.0,3.239983081817627,3.2399768829345703,0.0,0.0,0.0,0.0
"100,148",2446.5337570597435,16.19964027404785,3.239922523498535,19.439518213272095,137.46118323943196,136.0762734413147,16.19964027404785,3.239922523498535,19.439518213272095,137.46118323943196,132.83637046813965,60711.525101404564,55032.76239176171,25494.469023202444,4039.463699608223,281.87787437438965,0.0,59606.43620650722,54946.26281951455,25475.029027436758,4036.2237098506853,281.87787437438965,0.0,59730.16146972227,54987.340446625494,25500.948751424337,4029.743814974205,278.63789343833923,0.0,59555.90247468949,54984.01226703045,25500.948704694296,4029.743874102013,275.39790964126587,0.0,59758.263491638034,54834.44214879298,25431.11864278176,4013.5439696601793,268.9179413318634,0.0,6.479867458343506,9.719772815704346,0.0,0.0,0.0,0.0,3.239922523498535,0.0,0.0,0.0,0.0,0.0,12.959659576416016,3.2399120330810547,0.0,3.2399466037750244,0.0,0.0,70.87144145685085,50.39020998898675,16.19953179359436,0.0,0.0,0.0,77.75786542892456,35.639036893844604,19.439468145370483,0.0,0.0,0.0
"101,148",2505.8109193602204,33.46508524838616,106.91053533554077,123.11323547363281,1534.5535351239,1577.8203084468842,33.46508524838616,106.91053533554077,123.11323547363281,1531.3136602841173,1577.8203084468842,71646.91726623144,104462.57288640527,48410.99185285662,6535.038114325204,409.27839682522944,3.2397704124450684,71624.97647940039,104449.98307366743,48400.20521151692,6522.485803200216,409.27839682522944,3.2397704124450684,71527.78754769682,104292.70987004486,48328.93105613858,6512.766390158147,409.27839682522944,3.2397704124450684,71522.74246298005,104191.86775511106,48290.05390035779,6496.567500664205,402.7987727922552,3.2397704124450684,71501.86947468872,103210.63303641991,47823.51173460156,6486.848249031515,399.55898950520685,3.2397704124450684,12.958761215209961,12.95943307876587,7.546890954410329,0.0,0.0,0.0,29.157471656799316,58.31507325172424,19.437990427017212,0.0,0.0,0.0,35.63820672035217,55.07742357254028,29.157739400863647,3.239865779876709,0.0,0.0,312.09361885014704,801.2764479319255,404.98461866378784,12.958974838256836,0.0,0.0,223.5514681339264,793.769362449646,518.3810338973999,38.87855267524719,3.239891290664673,0.0
"102,148",2505.5028553637358,215.55248793714185,640.5933862770305,319.88687970217535,799.3502678197973,748.991979119357,215.55248793714185,640.5933862770305,319.88687970217535,799.3502678197973,748.991979119357,45218.18864354152,104931.49619430001,65442.19287907469,15296.63938986741,2016.343172538982,3.2394237518310547,45179.31674775142,104894.51446619688,65381.72470429925,15258.17411836456,2026.0608143694262,3.2394237518310547,45082.13298639316,104475.59949861601,64952.10186417337,15112.40045269798,2013.1027657873492,3.2394237518310547,45033.94890726688,104478.7891202777,64975.18514205709,15106.328739450495,2003.384921062694,3.2394237518310547,45080.38007860465,104100.55498280899,64593.344113987565,14993.357026241343,2000.1450819856982,3.2394237518310547,22.675353527069092,70.8599157408172,92.86246426900227,25.91527819633484,3.239476203918457,0.0,71.26726245880127,268.8725972175598,216.22832380182604,74.5068085193634,9.71839427947998,0.0,45.35124731063843,139.29366183280945,100.0149941257402,35.226976432987286,0.0,0.0,79.90420134862264,308.45251488405114,317.05158481504407,90.70240831375122,3.239558458328247,0.0,90.69998979568481,363.15878379204696,262.7401972995085,29.153705835342407,3.239302396774292,0.0
"103,148",2505.0408873151828,989.9195588532616,803.1550183296204,636.5428818571802,1257.324332999248,1312.6236639452916,983.4425826970269,803.1550183296204,636.5428818571802,1254.0858574381061,1312.6236639452916,34660.68471909972,99301.83337046868,72149.54236657293,18970.6083273149,2922.9796348992513,145.7383234500885,34448.00395160002,98744.75284252167,71945.9261014583,18925.272536919165,2887.3548506680654,142.49973225593567,34296.19225951737,98041.02384884874,71479.51934357906,18834.594821140814,2890.5935362759756,139.26113295555115,34254.49511411891,97945.51404968339,71408.97782093685,18818.755152439604,2890.237580625683,145.7383155822754,33988.52385517662,97193.78704015136,71003.42310396364,18763.3426355577,2890.2381146833004,132.7839343547821,183.52829441463246,485.77795338630676,233.17283964157104,58.29360389709473,22.669891357421875,0.0,87.43963885307312,378.9092984199524,281.7520899772644,55.053991079330444,0.0,0.0,83.8485533695595,293.95545171756373,226.3523685436623,32.38650822639465,0.0,0.0,229.9443702697754,616.0609076490589,340.0680332183838,64.77403736114502,3.238508939743042,0.0,197.56817507743835,565.6219582314584,449.03304726656745,97.16154408454895,3.2389392852783203,0.0
"104,148",2504.4251686636176,1100.7189903642616,1478.4486120083752,1411.6523843681111,1518.0660213339563,1343.8075058460236,1097.4811785604438,1478.4486120083752,1408.4140175258412,1514.827660452151,1343.8075058460236,35799.95520815568,82262.72134035242,62417.94542434824,25834.14655120326,15830.603790201862,3647.7634022123675,35605.01491205365,81623.81528646153,62046.4052889291,25681.96979839755,15772.323144831378,3625.099588621364,35268.676303205306,80687.91362457834,61541.35409551135,25497.417831253537,15681.666549362857,3573.2950742132525,35065.078295033585,79926.83187601612,61136.69173641298,25405.99263672361,15698.20969602267,3579.7702166921954,34684.193326045955,78944.44485292248,60573.57058584456,25231.490915152604,15595.003185274087,3544.1542947180133,146.36651032017727,562.581160177904,281.6871917247772,93.89589285850525,12.9504234790802,0.0,255.38293181587667,695.3121377692503,372.3429489135742,145.69738626480103,9.713207244873047,0.0,227.02428345867233,727.70659922338,356.54305105396344,93.90243673324585,3.23764705657959,0.0,274.4276443163554,725.5431056686476,401.52307629585266,103.61918449401855,9.714649677276611,0.0,259.043998003006,628.1930868625641,340.00054574012756,100.37982964515686,16.190045595169067,0.0
"105,148",2503.6559038633413,326.96514105796814,1856.5522674008912,435.80584279415655,343.15016865730286,335.86069140340766,326.96514105796814,1856.5522674008912,435.80584279415655,343.15016865730286,335.86069140340766,23660.643785691725,63643.081577458106,65757.98417890587,39725.38155280375,21114.18561418758,2331.3562344121,23643.02803594832,63409.65369188085,65540.69854789156,39589.4305316093,20974.591030783748,2347.5384775208495,23384.065568516296,62538.71996500071,64844.69628601449,39259.23866044307,20854.818505234813,2321.6445172833464,23377.997581859658,62619.38734023804,64815.14736977466,39291.20345002811,20825.689727254008,2296.157327507057,23225.45314335916,62428.65225294338,64643.175500690246,39197.328519407914,20809.504085726832,2267.395831863553,16.186614274978638,110.0682020187378,123.01607251167297,55.03303813934326,22.661214113235474,0.0,165.09828543663025,704.0963514730042,618.3163876533508,278.4003984928131,90.64084434509277,0.0,44.9158329262453,151.3372397301244,155.38567399978638,58.26948380470276,25.89761233329773,0.0,32.372337341308594,129.49166870117188,132.72773504257202,48.558427572250366,0.0,0.0,34.796671723384485,110.06623458862305,135.96630358695984,35.60890340805054,19.42257809638977,0.0
"106,148",2502.7333482504773,161.77001285552979,526.1605250891517,238.3467985601986,152.0582995414734,214.08051325106157,161.77001285552979,522.9254155215095,237.62365754071402,152.0582995414734,214.08051325106157,22474.673226614563,55211.1256409374,60558.55004922456,41226.03000808884,35803.51062569337,5991.821022039301,22450.233325924593,55105.795213952726,60471.18910282734,41151.617169629826,35661.15269074159,5940.462247010773,22399.680594934198,54982.52815271827,60287.482357028886,40889.53289462258,35365.99336078588,5853.105804797715,22380.995740014427,54996.597141924096,60261.59118634206,40795.69606305291,35268.20500823189,5830.049052000046,22381.412583916794,54883.363479175765,60116.71902508643,40682.86475363713,35099.96214791466,5719.7001975900985,29.11804175376892,32.352917194366455,38.827378034591675,32.35305094718933,29.118624925613403,0.0,44.4818952775469,122.54083984692892,158.53964400291443,145.59514999389648,48.53260254859924,3.235283851623535,25.881680965423584,104.25286108746248,75.13727499176474,25.881596565246582,6.47024393081665,0.0,45.29502534866333,48.52873730659485,25.88241672515869,16.176066875457764,16.176053285598755,0.0,19.41252326965332,88.96723853653552,62.19407154251547,30.56568015603458,12.940999746322632,0.0
"107,148",2501.657807887628,1090.0622520446777,1875.2152683005613,1948.9963882754832,1389.2151956025293,1967.664405444089,1080.3584425449371,1859.044394420175,1943.2493707180024,1385.9807934228113,1964.4293464211855,19858.946561453387,49365.785236576485,52379.561825833596,39230.8219157434,40000.96407205264,7369.445175003539,19768.37588298087,49052.03354308932,52146.258166882566,39179.064221499015,39987.19546495232,7375.916740965376,19632.52512558114,48576.4954812321,51742.04548316282,38924.33794739667,39894.10593812512,7369.451843332778,19413.07619424801,48029.56686265141,51380.220123323736,38762.63908818189,39765.04618989345,7343.580584835539,19147.84839173298,47350.728933653176,50956.61281699199,38474.77270963613,39478.00616479294,7217.439828228484,135.85214042663574,443.14051961898804,304.0550947189331,129.38290190696716,64.6934106349945,3.234375238418579,213.08028128848358,579.7807869004268,516.7054602875429,329.5193593595542,200.54955172538757,19.408954858779907,293.1215446509567,733.1042955127416,532.542161656361,245.80490231513977,138.67646658280316,0.0,203.77698683738708,588.2798776243247,348.91713011218053,164.95817255973816,76.81384359341041,3.2347826957702637,255.53730821609497,666.3293745517731,558.846222151027,315.5239154002246,158.48780703544617,9.704719066619873
"108,148",2441.4297059923156,865.2225584329343,2973.9490664846753,3211.6144735252155,2446.913935564078,2720.61486380708,861.9903902353025,2964.250982607112,3182.5151004230274,2430.7506433945073,2694.7539879621245,18889.9083387992,42876.88515916245,40283.16843158031,25995.455308110104,25907.86136766789,11575.797964548598,18647.857611472937,42452.97386253956,40076.83619945844,25859.66437044798,25861.865984632455,11589.87827987484,18053.525277607117,41117.610982044076,39460.94977769852,25695.480014912286,25834.181312438555,11651.29737276844,17556.51655336081,39864.22791902692,38609.93050387607,25417.85917095203,25637.671280654275,11631.909600923576,17262.07492213997,38988.760910511024,37838.99231114294,25189.246097810596,25671.652484822742,11764.441057632484,189.92406200801625,358.85896468162537,174.17877739644518,103.46132183074951,35.56726431846619,0.0,616.2554577518912,1326.4806265064315,677.7104605964586,241.768022813984,98.80317433394637,3.2332406044006348,539.0396333077374,1346.7068636529586,912.4480643917533,264.69538433692037,116.39257287979126,3.232581853866577,338.62832945561877,883.9658407248702,805.1527522105796,309.96461297110017,89.80554675494923,3.2335612773895264,448.1218108812968,942.8417169318479,852.2737624009451,322.1886163786346,126.0945315361023,3.2335498332977295
"109,148",2486.7710540739236,159.93903427124025,510.8697560301014,1118.1546205221437,713.2544854033226,1240.9362080957376,159.93903427124025,510.8697560301014,1114.923126810672,710.0227356302971,1240.9362080957376,21295.642999668682,44621.12890898106,44229.422474158986,31890.55125569175,24643.955393688353,4385.399617592494,21286.337706330243,44540.329915631984,44196.86427471966,31907.5238303867,24666.566341058882,4420.241285090353,21248.274691970677,44473.22275944411,44077.29385898441,31900.351788770447,24834.625059491515,4439.631733899023,21212.06348375994,44233.769572315025,43971.42776796865,31861.990149283873,24947.009516925442,4468.303497460309,21092.506979510366,43991.39089216064,43775.32841623531,31837.256156706342,25032.79844833823,4478.003088620129,28.679564969679888,54.929835081100464,47.65761651992798,25.44041169390959,3.2316060066223145,0.0,42.00364279747009,140.36330644570145,168.03516268730164,126.7344164464988,33.733227653129426,0.0,154.69847226516873,434.7329979223363,293.2423200635349,164.38941152797025,64.62805795669556,3.2318670749664307,129.25064706802368,233.6758501137004,236.91961394384796,77.14344020918304,29.80148673618541,3.2316975593566895,148.2257133848527,418.7388308609234,371.96892870547725,215.16625117133646,83.60478641379113,3.2316975593566895
"110,148",2497.517095714043,363.678784459245,489.21894113129264,428.6714255660188,322.5206840477738,733.8340340492772,360.44913396180846,482.7601098210204,422.2127218096864,316.06196264846653,698.3137625095891,24805.06322912235,51030.581465596784,42183.069419772946,22294.850507398674,12573.708172292336,1234.4682932881747,24777.320963508944,50996.900374041354,42145.73822688589,22262.153386999576,12618.510897688771,1231.243067362729,24690.947452543296,50813.83330195745,42053.14324745945,22223.412981916874,12610.62359329953,1234.4718557385836,24809.275982241546,51001.14507315953,42198.04146821733,22238.484776409932,12678.4489948441,1260.304682114545,24790.724873046318,51009.03280074176,42010.121904834115,22154.52587643511,12666.95808964243,1269.9906400231753,83.95499539375305,118.26371154130675,93.64592480659485,38.748305559158325,25.836196660995483,0.0,95.6582603108649,170.74266381450727,109.79694557189941,74.26875519752502,29.064964532852173,3.228520393371582,57.71885826260436,135.21725198053846,119.48404264450073,71.04353833198547,35.52000904083252,3.2290215492248535,54.49149899108737,58.12379336357117,103.33956170082092,71.0448088645935,25.83306908607483,3.2292306423187256,140.85856407015933,176.7984817766676,215.95653780114418,106.57070755958557,58.12947130203247,0.0
"111,148",2495.8336843663606,141.99365496635437,161.34959197044373,103.25487112998962,112.93630313873291,270.6702231201471,141.99365496635437,154.89774417877197,70.98815560340881,90.34812760353088,260.9909213814081,14389.432818335177,30459.44146001947,32258.684636190825,22465.206731253973,21810.679244775398,5741.230134497437,14532.90890805955,30755.260780453213,32610.437271124705,22581.38876503121,21916.762248796575,5747.680207501206,14681.351539304209,30912.60723117099,32683.571999000098,22642.701789075247,21929.66682509815,5757.357620249542,14734.311671401005,31186.203872615213,32853.41069172785,22688.954935485235,21994.595858476674,5844.477686653885,14734.313852805717,31283.017141991968,32950.22602318689,22720.41196622474,21981.688386343038,5831.167181960273,35.499403953552246,41.954164028167725,32.26937294006348,25.8163902759552,6.454323768615723,0.0,22.590071201324463,67.76800894737244,41.9530086517334,9.681017398834229,9.67955231666565,3.226085662841797,12.907014846801758,35.49252152442932,6.454226016998291,16.134393215179443,0.0,0.0,16.133285522460938,29.041630506515503,35.49476099014282,3.226670742034912,6.451779842376709,0.0,74.22773790359497,87.13146185874939,60.90848744242799,29.042213916778564,9.681020259857178,0.0
"112,148",2493.999571900861,824.6330529007257,1945.2028076153174,1132.1770301435508,1117.797884597965,2089.096705375933,821.4094489368738,1925.860449026145,1128.9534173582115,1111.3498596097907,2082.649957596087,38774.32222072471,63740.630279475576,54608.911484876335,25984.83707705759,10954.687236920525,322.1232091585795,38635.26086910379,63486.77942678883,54321.907323091174,25855.477976114606,10916.395757521834,318.8977808157603,37997.5848953808,62691.01994536625,53741.489287959834,25726.929660343652,10913.176540698256,318.8977808157603,37647.35087658564,62163.82385513269,53255.364945465924,25591.12459570847,10855.553203846426,322.1230529944102,37294.6993156564,61609.7037427416,52843.87285327164,25365.8075137531,10822.915524090971,318.89776341120404,190.2358705997467,302.6745539450178,225.3336052903942,87.04539322853088,16.120025873184204,0.0,505.4744520879259,724.7164202325484,512.304150873072,160.79799557480158,22.56743025779724,0.0,221.2702271863526,450.23052905494086,315.6024678548177,106.3896553516388,35.460537910461426,0.0,188.66419504390043,399.02213646196856,349.93623291651403,151.1624853882135,22.564809799194336,0.0,386.5679571376127,676.7025940689387,696.0084150370429,278.9990835021524,44.3719078503403,0.0
"113,148",2491.88173462159,1724.2547531903958,2563.9944779068815,2369.203868449903,1696.7434158811384,2766.0325547975654,1692.0303033174253,2505.9951931626188,2327.3124452245,1661.2958105096632,2730.583849362766,17717.3318352905,41822.081367522595,50623.41486776108,23585.808751904733,9423.582618032717,1485.4932017045867,17518.650809475024,41311.371658550524,49908.628337277616,23328.46549591925,9349.072260851954,1485.4904408174407,17074.911476620506,40349.85471477976,48765.532551508324,22805.432675694487,9117.355296220965,1488.7100045400507,16753.109834549476,39484.225138938185,47668.07790889086,22415.958417171594,9031.83215948834,1476.8955955224878,16556.208816724666,38976.21114738969,47028.504498166665,22028.01157697603,8993.158406226774,1480.5208869775138,214.39312675700467,530.8239044357748,608.9052285128948,270.2424008734086,64.44354581832886,3.2220969200134277,306.03609645226425,762.9226406938889,898.9302157439438,383.440048456192,151.44414281845093,3.2220489978790283,263.8193580019708,756.7908768139633,887.8075644792294,328.6734449863434,86.99816989898682,3.2230310440063477,161.46541492144266,446.75360821462147,685.7788799921672,318.95875170745103,48.33915567398071,0.0,242.0244601025301,792.2344130665649,1130.9999628506455,494.0806367631052,71.24437657992044,0.0
"114,148",2489.8724655106016,71.89981023283565,71.90635458441342,42.92334286184872,76.51561907319461,106.26018404960632,71.89981023283565,71.90635458441342,42.92334286184872,76.51561907319461,99.8193244934082,11712.182431019053,24078.764083857626,34781.95254782695,31474.691678152838,40639.52508991371,10751.95395495284,11657.776535199671,23930.265235234237,34569.87744893373,31376.70516632492,40557.64511185159,10697.231200235967,11535.434866593867,23610.221492131546,34128.13352795489,30982.603039261874,39990.02542950126,10380.298527641859,11365.209617002338,23412.76470191151,33870.592516150195,30773.353489157733,39785.19585085943,10257.739922048531,11196.008799909143,23257.554452757737,33621.29511836744,30727.54720881032,39876.71178407389,10273.851063730202,4.281177200990564,19.320972204208374,32.20170736312866,12.87803030014038,3.217923164367676,0.0,6.440539836883545,30.043175139146694,32.20219421386719,0.0,3.220445394515991,0.0,3.2204649448394775,25.76203465461731,10.721031822877771,3.21981143951416,0.0,0.0,3.2204952239990234,26.82375089140499,41.82568740283742,1.4258543266969568,3.2198312282562256,0.0,16.100282907485962,28.981950044631958,22.5398952960968,28.97897720336914,3.218219041824341,0.0
"115,148",2487.590137240261,0.0,0.0,0.0,1.7791633634006276,3.2175612449645996,0.0,0.0,0.0,1.7791633634006276,3.2175612449645996,7071.169189500809,12915.139707729862,18525.64676595669,23402.92410200998,49577.11085654802,33147.5083004138,7057.630433064816,12998.326054546878,18564.210556039623,23430.403078028732,49623.67974273458,32963.53444358789,7035.117436152814,12895.399256232206,18499.851200443158,23310.96973993357,49358.10955505372,32585.886761655063,6961.127811175702,12827.85738877502,18448.484700963076,23265.221156787873,49080.49751131675,32100.19150009062,6911.433305831984,12789.272702495724,18384.812119134265,23300.274549882553,49170.53637302718,31914.849927320665,0.0,0.0,0.0,0.0,0.0,0.0,0.0,0.0,0.0,0.0,0.0,0.0,0.0,0.0,0.0,0.0,0.0,0.0,0.0,0.0,0.0,1.7791633634006276,0.0,0.0,0.0,0.0,0.0,3.2175612449645996,0.0,0.0
"116,148",2471.3926232111994,3.2117648124694824,3.211585283279419,0.0,0.0,0.0,3.2117648124694824,3.211585283279419,0.0,0.0,0.0,19252.427357064975,14842.372136248792,17341.640003317476,17133.038716293784,35614.812357257404,45143.02572911206,19155.367011325496,14739.611463917936,17300.318311834333,17076.522058540228,35542.203900784145,44973.570896516125,18994.77026035084,14633.613198413099,17248.92463698387,17061.6951211761,35473.730031794206,44753.14266037192,18933.744074123042,14572.576441659177,17127.554450506323,16990.30418082312,35258.49565727104,44064.50732679087,18828.136663941772,14489.425902540544,17050.452454799764,16942.112658224854,35221.36940623546,43949.234749207775,3.2117648124694824,0.0,0.0,0.0,0.0,0.0,0.0,0.0,3.211585283279419,0.0,0.0,0.0,0.0,0.0,0.0,0.0,0.0,0.0,0.0,0.0,0.0,0.0,0.0,0.0,0.0,0.0,0.0,0.0,0.0,0.0
"117,148",2482.582324636991,0.0,0.0,0.0,9.631094932556152,0.0,0.0,0.0,0.0,6.42067289352417,0.0,44678.742215565144,18589.869524311547,16801.719907503502,16299.190001595252,38832.2793485632,45031.127392264905,44528.26411567763,18481.111571247435,16759.56685287251,16270.295412647956,38771.308481844724,45084.67675458496,44448.00303088263,18435.848033676895,16741.0203359099,16251.031644690269,38775.64558060028,44979.16632435181,44655.81608679529,18564.22190047339,16846.533248588148,16301.663767989476,38877.93649340703,45059.344863172606,44559.89423303324,18551.76315091638,16808.00067798764,16270.374576404984,38756.01330020193,44794.74158843171,0.0,0.0,0.0,0.0,0.0,0.0,0.0,0.0,0.0,0.0,0.0,0.0,0.0,0.0,0.0,0.0,0.0,0.0,6.42067289352417,0.0,0.0,0.0,0.0,0.0,0.0,0.0,0.0,0.0,0.0,0.0
"118,148",2171.1504689851013,0.0,0.0,0.0,0.0,0.0,0.0,0.0,0.0,0.0,0.0,4530.176066159267,8967.020547628403,13601.683855170832,17371.244417257873,52508.409102305246,62508.955745001396,4523.759466408748,8941.373699903488,13553.58786713563,17323.248435645946,52432.155894020485,62353.88909878731,4530.16980361845,8964.530193898256,13613.788695993611,17321.71933602539,52606.342308493215,62479.84735443639,4555.827963828106,8996.597751709993,13617.008014860341,17364.128513738226,52663.66320894653,62394.1317133623,4523.758676289577,8961.332393023546,13559.300400676915,17354.613996512286,52481.64936844508,62024.48922156353,0.0,0.0,0.0,0.0,0.0,0.0,0.0,0.0,0.0,0.0,0.0,0.0,0.0,0.0,0.0,0.0,0.0,0.0,0.0,0.0,0.0,0.0,0.0,0.0,0.0,0.0,0.0,0.0,0.0,0.0
"119,148",640.4675605808214,0.0,0.0,0.0,0.0,0.0,0.0,0.0,0.0,0.0,0.0,178.56294211125842,318.3820839966044,523.1851344230128,712.2931668992136,2083.4591263032426,6801.538949101579,178.56294211125842,305.56875549204204,513.5767116668178,696.2745568986032,2089.886946213479,6836.942621339536,181.7653783199834,311.9744969452128,513.5791394832088,710.496047263052,2132.5318336234373,7043.312943624048,184.96595271802417,305.5693250740275,497.56176496767534,707.6924607660256,2099.1854835977742,6830.773543652366,178.55869444585315,292.7617140854106,500.76697088503374,685.2704262639962,2014.9014407999373,6677.983686475192,0.0,0.0,0.0,0.0,0.0,0.0,0.0,0.0,0.0,0.0,0.0,0.0,0.0,0.0,0.0,0.0,0.0,0.0,0.0,0.0,0.0,0.0,0.0,0.0,0.0,0.0,0.0,0.0,0.0,0.0
"96,149",890.730079889056,0.0,19.434316158294678,12.956129312515259,19.4342143535614,0.0,0.0,19.434316158294678,12.956129312515259,19.4342143535614,0.0,33566.20617424366,21924.50180486417,6346.795208937514,1268.6523089306027,273.2578380547318,6.4778664112091064,33627.555572699566,22028.288698360964,6394.795432012222,1263.2410041089151,270.01875309570164,6.4778664112091064,33840.74382376764,22388.034204747626,6488.726864259384,1291.3249449627071,289.45292405708165,6.4778664112091064,33947.22426194864,22585.980554002872,6543.78965513005,1297.802610387054,292.69184641464085,6.4778664112091064,33984.41393384746,22660.376210983122,6582.657649915359,1289.1526800389383,292.6917865715775,6.4778664112091064,0.0,0.0,0.0,0.0,0.0,0.0,19.434316158294678,0.0,0.0,0.0,0.0,0.0,12.956129312515259,0.0,0.0,0.0,0.0,0.0,19.4342143535614,0.0,0.0,0.0,0.0,0.0,0.0,0.0,0.0,0.0,0.0,0.0
"97,149",2505.6934070852412,0.0,22.676420211791992,29.154818773269653,9.718114376068115,0.0,0.0,22.676420211791992,29.154818773269653,9.718114376068115,0.0,121250.35108905866,63037.14218110384,12035.52950452823,1971.4946008429806,602.8740874290467,35.63198375701904,121528.37114388429,63236.421974439254,12095.63015798587,1939.1023648486416,599.6345299243927,35.63198375701904,122033.55409284387,63657.33902716076,12208.598055171027,1961.7777670131009,596.3952876091004,35.63198375701904,122271.63462456816,63919.78283342755,12253.538194949015,1961.7772479758542,593.1555846691132,35.63198375701904,122328.5558832075,64084.9806374017,12261.23435767959,1981.2112229571621,583.4373749256134,32.39242482185364,0.0,0.0,0.0,0.0,0.0,0.0,12.957802772521973,6.479142189025879,3.2394752502441406,0.0,0.0,0.0,29.154818773269653,0.0,0.0,0.0,0.0,0.0,3.2393369674682617,6.4787774085998535,0.0,0.0,0.0,0.0,0.0,0.0,0.0,0.0,0.0,0.0
"98,149",2506.0015647884456,51.83516073226929,25.917554140090942,6.479443550109863,3.2397193908691406,0.0,51.83516073226929,25.917554140090942,6.479443550109863,3.2397193908691406,0.0,102903.37804735969,98331.77731367745,21852.400727431916,1356.731649574579,77.75444865226746,0.0,103126.44979599971,98522.92799543959,21842.27523007299,1350.2519821494234,77.75444865226746,0.0,103107.73433435571,98617.23854286903,21819.597518347757,1366.4511358111513,80.99423789978027,0.0,102958.70326865328,98565.80655980764,21780.71946563627,1353.4923867552889,80.99423789978027,0.0,102895.10271741082,98555.69346652497,21783.959249876993,1343.7729770510805,77.75440239906311,0.0,16.19858694076538,35.636573791503906,0.0,0.0,0.0,0.0,6.479573965072632,16.198325634002686,3.239654541015625,0.0,0.0,0.0,0.0,6.479443550109863,0.0,0.0,0.0,0.0,3.2397193908691406,0.0,0.0,0.0,0.0,0.0,0.0,0.0,0.0,0.0,0.0,0.0
"99,149",2506.1556693693274,32.39973592758179,22.67972421646118,0.0,3.239957809448242,0.0,32.39973592758179,22.67972421646118,0.0,3.239957809448242,0.0,99594.5625721651,103230.0351469872,18552.10461642976,807.8201534748077,6.479820489883423,0.0,100149.06228423494,103692.20636966836,18711.269438421026,814.3000771999359,6.479820489883423,0.0,100369.3781459369,103850.96449401986,18748.92930567966,824.0200757980347,6.479820489883423,0.0,100520.85636462139,103882.46195572404,18781.328875191073,830.4999628067017,6.479820489883423,0.0,100678.71152408638,103957.38796418975,18768.36852896915,830.4999368190765,6.479820489883423,0.0,19.4399094581604,12.959826469421387,0.0,0.0,0.0,0.0,9.719902515411377,12.959821701049805,0.0,0.0,0.0,0.0,0.0,0.0,0.0,0.0,0.0,0.0,0.0,3.239957809448242,0.0,0.0,0.0,0.0,0.0,0.0,0.0,0.0,0.0,0.0
"100,149",2495.3782406271403,6.479926347732544,6.479849338531494,48.59869980812073,126.76330843252293,103.67725014686584,6.479926347732544,6.479849338531494,48.59869980812073,126.76330843252293,103.67725014686584,74203.00803755595,64242.848225280344,10220.046687402912,518.8416026984944,40.35307474323348,0.0,73596.80462177504,64600.78591296159,10255.686759271808,505.88177575223585,40.35307474323348,0.0,73865.24230900746,64907.77228354567,10288.0867250349,499.40188421361586,43.593052818260944,0.0,73721.13922157382,65208.36791323776,10262.166850366779,496.16180624120375,40.353147222481525,0.0,74349.00903307316,65678.71310254453,10310.766794481464,486.44190277211806,40.353147222481525,0.0,3.2399322986602783,3.2399940490722656,0.0,0.0,0.0,0.0,6.479849338531494,0.0,0.0,0.0,0.0,0.0,38.878976583480835,9.719723224639893,0.0,0.0,0.0,0.0,113.80367961210362,12.959628820419312,0.0,0.0,0.0,0.0,80.99785733222961,22.67939281463623,0.0,0.0,0.0,0.0
"101,149",2438.591975602638,22.677849054336548,64.79371428489685,48.595438718795776,190.4482233907662,58.31622076034546,22.677849054336548,64.79371428489685,48.595438718795776,190.4482233907662,58.31622076034546,55929.94774437512,87457.24182587044,23371.40165584695,2208.9826810294508,697.7701114729339,19.438698053359985,55787.41614062927,87318.326495869,23374.28585019018,2191.7161691319707,694.5303587034637,19.438698053359985,55990.35332939766,87167.77588743414,23319.14721065128,2198.1956076752904,678.3318306520873,19.438698053359985,55959.596596869305,86911.87441258522,23202.35060608901,2161.4909010260712,623.2547599390441,19.438698053359985,56884.85348376293,86802.75194093477,23202.351114159002,2171.2101662486207,632.9742182806426,19.438698053359985,3.2396633625030518,19.438185691833496,0.0,0.0,0.0,0.0,22.677769660949707,32.39689517021179,9.719049453735352,0.0,0.0,0.0,12.958647966384888,32.397104263305664,3.2396864891052246,0.0,0.0,0.0,50.7309405410991,123.5180643380857,16.19921851158142,0.0,0.0,0.0,9.71941876411438,35.63779091835022,12.95901107788086,0.0,0.0,0.0
"102,149",2482.6446331799357,58.31082797050476,138.07971705268412,164.95938020313486,533.0712311314602,106.9046037197113,58.31082797050476,138.07971705268412,164.95938020313486,533.0712311314602,106.9046037197113,51328.75006817649,131500.57344394762,35183.18779018813,4873.338481460833,1426.832173130559,194.35994791984558,51487.34120444597,131620.28777204498,35212.341534408864,4883.7302903979435,1430.0715458608142,194.35994791984558,51344.005034543945,131402.18521469997,35192.90539792472,4886.970205530466,1439.789876244115,191.12037897109985,51272.5976505962,131444.32819887518,35153.43576859679,4848.769758645226,1426.8318524575702,187.8807921409607,51142.21495011367,131125.72294006814,35093.105293325345,4839.051729146172,1420.3520226693622,187.8807921409607,6.478985786437988,45.3528790473938,3.23941707611084,3.239546060562134,0.0,0.0,53.85253371070413,80.98778748512268,3.2393958568573,0.0,0.0,0.0,51.83238673210144,96.33224260853785,16.38823601778816,0.4065148447074142,0.0,0.0,131.46209474357903,341.27879129297594,60.330345094905184,0.0,0.0,0.0,58.31185269355774,45.35318207740784,3.2395689487457275,0.0,0.0,0.0
"103,149",2503.1568901491632,177.4091221818737,439.3798958030402,249.77230926307976,568.9136090755462,571.7926891775692,177.4091221818737,436.1408580508887,249.77230926307976,568.9136090755462,571.7926891775692,43306.32884440422,117570.53362274358,44308.396792185544,5805.440058615628,482.5850820541382,9.716488122940063,43391.24831225358,117599.8984684673,44304.750703164646,5818.3959323434265,482.5850820541382,9.716488122940063,43234.84373566496,117277.5661932001,44143.224097004124,5802.202105429593,479.3464801311493,9.716488122940063,43294.39862850133,117277.21084028787,44146.108113733,5776.29213753027,479.3464801311493,9.716488122940063,43215.06259564418,116902.6098082215,44010.44764570348,5766.576474812451,476.1076147556305,9.716488122940063,44.62794776056327,103.6337502002716,25.908852100372314,3.238572120666504,0.0,0.0,70.53556578019086,255.49176282695697,110.11352944374084,0.0,0.0,0.0,51.81634736061096,136.4243638113433,48.57750368118286,12.954094409942627,0.0,0.0,58.2929413318634,374.60319118499757,126.3018970489502,9.715579509735107,0.0,0.0,148.61396429585477,339.6880471210854,74.13083932446499,9.359838436164107,0.0,0.0
"104,149",2371.7243629623417,1334.189502695495,1932.0017678186007,2400.066165705288,1948.9219659010569,1706.8374159205193,1327.7133590969386,1932.0017678186007,2396.8281600671653,1945.6835876146952,1703.5991828310723,32210.034813550876,104929.0708165683,63622.24907836634,12468.39650482851,1823.6967989753275,12.95128846168518,31912.447007284918,104222.19683075325,63165.71049619188,12413.353396365223,1810.7460345576792,12.95128846168518,31039.440244677487,102818.95478557606,62531.2006787618,12358.310971209583,1804.2698795150309,12.95128846168518,30797.972690650528,101639.09182206416,61943.19812867501,12219.08067578989,1801.0325273822336,12.95128846168518,30425.05538481544,100263.18754234501,61223.0637816747,12047.470818230686,1775.1312922786265,12.95128846168518,174.8871446731044,654.6062604240343,443.1779665806714,42.0912652015686,12.950722217559814,0.0,219.03663561858386,1089.1205951008142,549.3753794034321,67.99333572387695,6.4758219718933105,0.0,320.8966690343969,1331.2014194881215,641.1168131828308,97.1375617980957,6.475696563720703,0.0,265.6559043482238,1007.7411313786226,552.4832512687235,103.61422038078308,16.189080238342285,0.0,210.83818771792392,910.2834475535973,491.45876251015005,91.01878504940107,0.0,0.0
"105,149",2442.9376407334653,2147.956073102764,4502.122112475188,1990.8627071418014,1717.2752070875729,1434.5690602209054,2144.718754348568,4495.647838555129,1987.6256008185592,1714.0379784555996,1424.8573714639626,30052.220828948302,72572.4310515516,55674.13120296703,21472.055014201702,9435.836333134597,935.3807241916656,29678.068925360138,71603.89089448778,54918.88870006076,21251.92938334614,9338.727800467437,935.3806395530701,28793.391552809175,69864.1273459743,53288.69699877945,20934.67666346699,9303.117089846557,945.0912134647369,28385.11241345873,69039.0661461372,52689.7108362787,20814.894269773067,9290.163982966369,938.6181013584137,28037.922041013193,68131.05451770576,52286.8734076126,20751.955919055374,9260.624653810615,928.9085648059845,332.06938787161135,862.1615863856148,759.4930255385007,161.86036586761475,29.13438868522644,0.0,750.8683450165918,1743.1564033442853,1622.8676544890686,349.62084460258484,29.134591102600098,0.0,320.8801909194273,909.2362102798388,653.9184803962708,100.3536171913147,3.2371020317077637,0.0,329.7650863086476,882.5173937376808,381.9792263507843,103.58973979949951,16.186532258987427,0.0,230.17611210860457,692.2600301929549,411.7806094076119,84.16702651977539,6.473593235015869,0.0
"106,149",2465.2611595356884,1024.8576039753707,2590.5686426592806,1967.108712982664,2252.460934005999,1890.487639062545,1021.6220769367965,2590.5686426592806,1967.108712982664,2249.2257946360346,1890.487639062545,70211.11706070714,86064.46931935665,34724.50656437594,7283.408091248716,1823.738647510491,119.4607596210405,69805.87316691643,85453.98433888753,34447.28500340967,7235.015135365839,1807.5597098369224,119.4607596210405,68784.55723087273,84280.25980116618,34132.698375053966,7180.01746423852,1788.1448638934714,116.22438309706894,68083.86361382989,83407.04346939255,33792.756763792044,7141.194513160105,1784.909474660836,116.63038811870649,67069.10422975315,82462.93995693524,33484.565058834414,7103.091461671566,1755.7860689658744,113.39399419017866,368.37904174561595,464.8728413282656,159.25208249092103,29.11811137199402,0.0,0.0,963.9091536465812,1202.10360808466,363.08415212631223,55.00123167037964,6.470497131347656,0.0,710.0908139434515,901.1349651841556,307.3519854545593,42.059478521347046,6.471469879150391,0.0,967.1013450903051,940.1431057724299,305.66809189646847,36.31325187683105,0.0,0.0,559.5171149506289,947.7164611601362,357.3708367955451,19.412333488464355,6.470892667770386,0.0
"107,149",2437.6467136415367,2302.0957786868603,5001.162393329658,5473.652039877575,4564.928901936026,3792.393634020114,2272.9861109088447,4988.225882289924,5460.7141581694295,4551.99278547904,3776.2206999647856,64164.78171359606,85370.35499093673,37156.51625762734,8746.00573125166,1284.5034955866197,3.234636068344116,63372.27135656489,84192.43181591594,36813.20188018669,8707.190550949994,1274.7990275747636,3.234636068344116,61688.466552726895,81736.38166570757,35898.56038368357,8515.957230961556,1271.5666426546434,3.234636068344116,59600.5886563937,79335.525698055,34979.5128768388,8328.358621514077,1252.160967243419,3.234636068344116,57931.222730370144,77253.07757958338,34233.00685723156,8209.404904186958,1229.113809863259,3.234636068344116,788.5508817410937,1115.2443475442774,327.14131654664584,38.81554055213928,3.2340245246887207,0.0,1586.036092415978,2351.293183593189,872.6008754608678,168.593937626072,9.701793193817139,0.0,1991.2535453076455,2440.4465308712975,880.2268176434087,145.553457736969,3.233806610107422,0.0,1609.0537111160802,2044.3916143174265,737.1408534218283,141.59509024620056,19.811516377505136,0.0,1199.8715488527334,1649.4957657243692,781.3024651396508,142.31697344779968,3.2339468002319336,0.0
"108,149",2489.0412790521086,886.9852669893527,2035.9769601522707,2324.8733540591074,2084.483198750253,3106.7268512370542,886.9852669893527,2006.8824207483553,2308.7089985426737,2078.0181933524564,3093.7970264079527,48809.1498821193,76097.41687550826,44873.21672837688,17153.037574003254,4019.089978426578,35.55850076675415,48495.16847872734,75779.69789860856,44706.74993404782,17088.39351649097,4002.9278273283267,35.55850076675415,47825.837042323285,75037.04933394077,44275.57936956836,16981.717368553196,3977.0604264436984,35.55850076675415,47089.20663423352,74298.93893056478,43795.44505820088,16793.827302956113,3953.2185450619345,32.325201988220215,46253.17620488429,73642.87041842703,43413.556024406476,16719.077787194532,3927.355084998,32.325201988220215,307.9308402594398,371.76988530158997,136.17129451059827,64.64830279350281,6.464944124221802,0.0,676.2031099684099,760.5162672145693,414.99863631211076,132.5351207256317,22.629286527633667,0.0,741.1311213633594,899.5535562431111,447.80950443884905,200.82022683480207,19.39458966255188,0.0,769.5430753773334,718.0923224739,415.4168013918634,152.33715413972442,22.62883996963501,0.0,948.036811170391,1128.620160452525,735.5100802458969,259.00171154246607,22.628262996673584,0.0
"109,149",2499.2379151447485,954.8015934944153,1716.4399255696464,2294.4076931691634,976.3193529886358,1981.4569595374312,938.646626663208,1697.0552333775688,2245.9416496968734,956.932749156391,1968.5323677577223,28046.9233195548,68448.6538339755,57053.501223929714,25708.594776096535,6549.219833148694,161.5595531463623,27973.40124510223,68126.20169193324,56783.63703002742,25620.953207085182,6542.756090654111,161.55964732170105,27923.682500333412,67316.30142022301,56032.630157196756,25369.743047146705,6455.535405887342,155.0981228351593,27551.883694282227,66505.89259552675,55424.18651145017,25091.05007484006,6268.148806108213,151.86785340309143,27545.579089751904,66350.30628873319,55240.01024462755,24987.24451802852,6215.2514555669295,151.86785340309143,145.8082394431619,439.432457447052,285.1465605258942,65.02838646664338,3.230982780456543,0.0,249.51771678363576,723.7704427242279,533.1293215751648,174.4827380180359,12.923693656921387,3.23132061958313,342.92093562705844,909.095907312281,651.0078017739689,281.5214285065146,61.39557647705078,0.0,125.29810469851775,365.53532171903873,294.43879428003345,149.0402841941983,22.62024426460266,0.0,275.4398835518781,649.4966772827448,657.8658991953905,304.9492833380606,80.78062438964844,0.0
"110,149",2497.7053347657866,2515.745020274555,5223.182405258627,4696.806153936012,3516.4326221737206,7770.657668392331,2403.952847954806,4923.316453389561,4299.649481458289,3141.8423628601377,7528.481054107816,29932.03903945754,42926.419175366784,26418.070372728267,9406.826870647132,2769.92105178646,53.68515862296609,29470.28767205593,41408.41289136737,25480.60522685705,9046.900929027446,2675.730776866277,50.45568479369668,28642.351320438756,39521.746504267525,24099.899748400137,8553.152065919428,2509.829105840945,50.45568479369668,27994.719637695012,37926.92547450533,23151.091053871074,8237.783501812992,2401.249834737591,47.22592605422525,27286.70024948587,36887.26660617754,22582.7973086142,7979.457072207507,2356.189852272296,43.996407879100126,509.7208029522615,972.5454446091371,664.5951289176941,195.74573640262378,58.11626124382019,3.229473829269409,1047.2182422694038,1967.7967123536503,1270.3134429567,512.0521246040569,125.93593120574951,0.0,969.428792515923,1808.5716309902714,1083.7161439082201,351.9621617794037,85.97075226447161,0.0,940.57139915485,1243.4919270795936,702.6880048359142,235.7156262397766,19.37540555000305,0.0,1990.9901966300665,3225.138228609048,1750.5051352201724,471.439391374588,90.40810227394104,0.0
"111,149",2496.0214642460933,1290.7412422526118,1999.5738339068844,2012.6476422768012,2318.9151471988826,3187.452962697721,1256.45738252004,1899.5228411796047,1915.829996727027,2238.2494560615687,3113.2332199227576,14074.966182069218,33134.96392000891,33327.40278815101,20427.544507675542,14406.616170299754,3170.33201176419,14147.984271495483,33040.12094972088,33144.864738293254,20399.560793333425,14395.855046758463,3139.2819371223454,14013.519550372106,32619.15271911528,32621.05255898307,20198.386045548497,14319.606103345459,3153.401902103424,13978.490746782341,32081.11031143619,32182.29108727212,19946.830029375415,14209.08790233369,3185.66669049263,13675.197661094106,31344.37948267133,31718.887081494984,19761.70046309864,14160.19214780471,3198.9812685676648,158.13109970092773,402.32377465566003,441.04462909698486,183.95404863357544,67.77688074111938,3.226949691772461,237.73912207285562,637.1759721718582,613.8065542492211,270.0111966927846,134.33531745742349,6.454678535461426,190.7437693558487,763.8906032496807,584.8521161500146,260.164309944826,109.72456741333008,6.454630613327026,361.37375354766846,859.3321933774387,640.8729713075302,266.60446369507736,93.93233704660453,16.133737087249756,519.4853799343109,1156.8922667980194,904.9276586242751,370.22453281458684,145.2146236896515,16.488758061913884
"112,149",2494.186862613497,1095.7231712060818,2781.024817384458,2571.279818902296,2521.402002314025,3828.17451394399,1073.1552896219143,2729.4381755959753,2542.2640770771923,2466.581283071929,3779.8088182290394,22048.229165683075,41310.53059035936,44896.964203431555,24833.44475588424,17744.925284820445,3009.6713641905317,21994.678995098788,41103.348273079064,44620.777950521544,24737.43701679192,17732.847382020016,2977.4202269339094,21728.281575239405,40443.43816869867,43779.67092625113,24331.2180855938,17581.321243475933,2993.546770217372,21505.74695845118,39792.049488286415,42961.818282840766,23947.898064760127,17397.131387483372,3018.1303998844296,20964.30929890053,38917.26062459385,42079.93748807626,23602.915643361965,17252.80650062561,3008.456263484207,134.1992508607752,373.3016340723225,372.56950486688055,138.27945343559864,38.68446159362793,16.12098479270935,441.74463534355164,814.2990244996314,880.1727433204651,435.2470188140869,148.30273818969727,9.67201542854309,309.60018404324853,773.1444012043523,873.0542764654347,431.69323841637254,151.54767608642578,3.2243008613586426,405.95701180532865,813.5414092877332,808.9548936684926,322.4201726913452,112.48250722791634,3.2252883911132812,621.1485713790445,1237.0127858133878,1261.323946240369,512.3141997112948,135.46307806781695,12.546237017126645
"113,149",2492.068494081966,1779.335605235193,2948.6882772389577,2384.156495766546,1564.6235385221596,1744.9203922056683,1731.0126522494295,2888.6847517237943,2339.054729418661,1516.2946846765633,1703.0410589479932,16806.826854163526,33267.396225610435,28115.419265558205,11881.941480631924,4658.904597743352,384.2847594148972,16578.17813452085,32634.466017388364,27592.054929196598,11669.107269800412,4578.353724702199,377.83716477225806,15872.439390122658,31530.307932311414,26640.67081033763,11152.826627812668,4417.248281939824,374.6148833162644,15417.609736048005,30445.21495709326,25799.34341416172,10823.846196652396,4307.688122971852,371.39192069839027,15058.192140078076,29828.334003319458,25329.92423717087,10595.773749646956,4281.907621129353,381.06104863952186,312.9335488169801,622.2404293219249,539.463311066347,195.1565992159002,61.21876382827759,0.0,599.6710277015088,906.4246894266091,854.1858711626015,389.84462332725525,135.3353705406189,3.2231695652008057,377.35509239552067,869.950652809704,678.9952130663629,296.7542584746492,112.77644538879395,3.223067283630371,254.8634344474942,522.3438860425763,477.7134430866615,206.59625810735366,54.77766299247742,0.0,257.74121713638306,625.8246074255775,493.7055549453287,248.08053922653198,74.46616591378753,3.2229743003845215
"114,149",2490.0586988574537,1187.9457536585192,1552.6306494796977,1093.5195138510535,1435.7000288205988,1269.230943477855,1181.5058124906877,1526.870163115333,1077.4216096457312,1429.2595221238978,1256.3539536363937,26055.77244521964,45548.537654092266,43721.1404013213,26300.440887274457,29054.283810937173,15539.652235179785,25883.388124106914,45081.78360818881,43333.61313037312,26211.38571927968,29033.54072834464,15534.637187194821,25383.690629381297,44332.40395126155,42657.449159148164,25985.62472080997,28816.048975192803,15391.600136401605,25100.899775926737,43703.60749098366,42189.703016135274,25798.900658844028,28732.57429821258,15299.658474701526,24767.110015738246,43166.87777953054,41498.64254886684,25572.50992242121,28727.93284251456,15354.363226431491,212.50868439674377,448.57052135748023,360.56560754776,143.76363976983464,16.09735941886902,0.0,313.1130732620463,505.4859447479248,486.1500391960144,202.80707788467407,19.314028024673462,0.0,170.63720631599426,393.84448910040015,335.8821909455692,144.86913228034973,32.18859100341797,0.0,225.37206149101257,488.14504067196566,519.3723671464359,167.39980697631836,22.5321626663208,6.438083171844482,228.59437465667725,407.6601503007552,414.0859277500826,151.30017685890198,54.71332406997681,0.0
"115,149",2471.339415576104,3.2171413898468018,0.0,0.0,0.0,9.65132737159729,3.2171413898468018,0.0,0.0,0.0,9.65132737159729,6825.794171433355,14941.243278753991,21525.91264743992,29121.203906391187,70868.45444881028,58499.1842684886,6825.3836726216705,14948.313939653659,21522.695311500513,29142.100667652434,70960.27178295079,58633.10119318214,6815.736734536114,14938.660944067262,21498.753346588102,29094.270452128214,70765.36442571528,58335.74585582135,6780.358739045087,14920.655292621312,21408.709048177687,29048.84630772554,70712.06687743896,58064.17644654255,6783.57463255209,14890.990551514718,21380.573267005475,28987.754454583755,70604.15173479436,57972.30510775155,0.0,0.0,3.2171413898468018,0.0,0.0,0.0,0.0,0.0,0.0,0.0,0.0,0.0,0.0,0.0,0.0,0.0,0.0,0.0,0.0,0.0,0.0,0.0,0.0,0.0,0.0,0.0,0.0,6.434229135513306,3.2170982360839844,0.0
"116,149",2485.3449191457576,0.0,0.0,0.0,0.0,0.0,0.0,0.0,0.0,0.0,0.0,7552.898024853538,10401.56715409896,14020.426407065112,17517.055244125106,51361.636658149604,70255.86277179437,7559.332487639259,10401.577864338371,14030.08625813933,17529.920104898192,51442.00780244434,70336.77076048849,7527.205515202353,10395.157773901436,13996.758719822941,17535.93986468502,51462.53954467773,70121.25660204512,7533.633275326561,10363.738372687734,14006.39293350893,17485.3104453947,51468.97662172317,70027.69213757888,7507.926725205253,10382.300061155769,14025.683810851155,17516.238039548723,51647.34800381568,70361.32174191007,0.0,0.0,0.0,0.0,0.0,0.0,0.0,0.0,0.0,0.0,0.0,0.0,0.0,0.0,0.0,0.0,0.0,0.0,0.0,0.0,0.0,0.0,0.0,0.0,0.0,0.0,0.0,0.0,0.0,0.0
"117,149",2456.679457862011,0.0,0.0,0.0,0.0,3.211282968521118,0.0,0.0,0.0,0.0,3.211282968521118,9151.182979159263,8487.599465113995,8882.69181361666,9694.634341437211,30610.22142036195,69878.99290797011,9101.367009428437,8442.67445157182,8851.714133391662,9659.331841666093,30514.327422138293,69715.05474650158,9042.8023445653,8402.563993572721,8745.709092319714,9577.675979889142,30259.498321728617,68922.23701559796,9039.99834377158,8398.522272217508,8754.058395237082,9580.884143627392,30288.067753850715,68900.50825611375,9062.457137411717,8437.033296692605,8791.299868943644,9606.552444494473,30369.485638857823,69119.69122380555,0.0,0.0,0.0,0.0,0.0,0.0,0.0,0.0,0.0,0.0,0.0,0.0,0.0,0.0,0.0,0.0,0.0,0.0,0.0,0.0,0.0,0.0,0.0,0.0,0.0,3.211282968521118,0.0,0.0,0.0,0.0
"118,149",2453.5216426604406,0.0,0.0,0.0,0.0,0.0,0.0,0.0,0.0,0.0,0.0,17957.154625895444,14640.639230985269,15843.66900049378,15782.014303005442,38135.201617704646,63724.22874572603,17884.460208410375,14573.308630008325,15783.460236439985,15698.660684860453,37932.408081627815,63271.80600628665,17874.836422914617,14544.442700404748,15769.90890753129,15681.211882826861,37910.9827483467,62882.32613427965,17836.361461395376,14556.545958711587,15772.402100377925,15636.336019513186,37876.43988755824,62601.5167710435,17740.155983204,14534.104379608118,15779.524660519994,15665.196354624804,37860.920102754295,62506.41078220722,0.0,0.0,0.0,0.0,0.0,0.0,0.0,0.0,0.0,0.0,0.0,0.0,0.0,0.0,0.0,0.0,0.0,0.0,0.0,0.0,0.0,0.0,0.0,0.0,0.0,0.0,0.0,0.0,0.0,0.0
"119,149",1097.9608732635033,0.0,0.0,0.0,0.0,0.0,0.0,0.0,0.0,0.0,0.0,1567.7940217766106,3875.352921111911,4915.810390906241,5769.956905523936,16058.524897318262,29510.04370366545,1565.996695727928,3871.6705106136847,4938.88840395329,5773.495613425386,16102.417093800566,29296.43642342885,1569.19589063607,3890.8851147530127,4950.48583534091,5794.10000781078,16177.442264822419,29493.798101281183,1578.803182334526,3900.4934702751684,4957.984417474035,5797.905812016656,16151.32678753722,29453.063110715266,1591.6145276733473,3890.881719910865,4967.592010056737,5809.219865679273,16095.072051622354,29355.588826622672,0.0,0.0,0.0,0.0,0.0,0.0,0.0,0.0,0.0,0.0,0.0,0.0,0.0,0.0,0.0,0.0,0.0,0.0,0.0,0.0,0.0,0.0,0.0,0.0,0.0,0.0,0.0,0.0,0.0,0.0
"120,149",105.60161894350378,0.0,0.0,0.0,0.0,0.0,0.0,0.0,0.0,0.0,0.0,261.5229651236067,597.4673801506267,760.5674748888204,977.7952812260272,2166.924817405962,3519.240098943898,264.7229034208784,596.3629591184504,760.5673897733876,974.5950742310168,2173.324820600771,3556.5642376198493,269.2907685074152,593.1627945619471,760.5673897733876,980.9957142418506,2174.8435475910405,3567.0815597964274,266.0903641018213,593.1627945619471,762.6759100343668,977.7953377312305,2172.922250469993,3558.1713483118547,262.8904258045496,596.3627328592188,759.4759722139322,987.5589115292419,2179.3234417045815,3583.4090594974223,0.0,0.0,0.0,0.0,0.0,0.0,0.0,0.0,0.0,0.0,0.0,0.0,0.0,0.0,0.0,0.0,0.0,0.0,0.0,0.0,0.0,0.0,0.0,0.0,0.0,0.0,0.0,0.0,0.0,0.0
"92,150",155.6668686079585,0.0,0.0,0.0,0.0,0.0,0.0,0.0,0.0,0.0,0.0,4875.03306870741,413.6227371926401,44.67705648179148,9.703932762145996,1.6743651670568132,9.704174757003784,4874.346820490968,403.9310333401549,41.44227259392832,9.703932762145996,1.6743651670568132,12.938896179199219,4947.023675564224,403.9307877690184,41.44227259392832,9.703932762145996,1.6743651670568132,15.970659604727054,5040.224173963771,408.8905503048616,38.2074472212324,6.469148874282837,1.6743651670568132,15.970659604727054,5383.000927579169,525.3257752848607,86.71517522942786,9.70385479927063,1.6743651670568132,16.579550317689485,0.0,0.0,0.0,0.0,0.0,0.0,0.0,0.0,0.0,0.0,0.0,0.0,0.0,0.0,0.0,0.0,0.0,0.0,0.0,0.0,0.0,0.0,0.0,0.0,0.0,0.0,0.0,0.0,0.0,0.0
"93,150",583.9467497501057,0.0,0.0,0.0,0.0,0.0,0.0,0.0,0.0,0.0,0.0,15460.311797698338,9929.804077657063,2926.7391117095954,272.1769972576814,25.89063000679016,0.0,15552.058740597144,10258.237896049723,3039.9890279919496,278.65019757887893,35.599703788757324,0.0,15679.317117756487,10463.710674495323,3052.934822812735,268.94123680731826,38.83606457710266,0.0,16036.521611635359,10810.35540300444,3236.1146790102416,285.12237079283767,42.072429895401,0.0,16248.926900177374,11223.951345475514,3349.3757049158507,278.64986784598403,45.30879068374634,0.0,0.0,0.0,0.0,0.0,0.0,0.0,0.0,0.0,0.0,0.0,0.0,0.0,0.0,0.0,0.0,0.0,0.0,0.0,0.0,0.0,0.0,0.0,0.0,0.0,0.0,0.0,0.0,0.0,0.0,0.0
"94,150",482.2867245907572,0.0,0.0,0.0,0.0,0.0,0.0,0.0,0.0,0.0,0.0,13966.441071047499,6540.981485847399,1704.585190617804,176.0454350527595,16.183096885681152,3.236553430557251,14196.550728679167,6634.851585038504,1719.552372143315,179.28233609760508,12.946380853652954,3.236553430557251,14282.846686674566,6654.554403361153,1716.3163236833084,179.28233609760508,12.946380853652954,3.236553430557251,14498.114184603035,6835.53160443867,1816.3118421096424,188.99199972713694,9.70967721939087,0.0,14679.359679293166,7014.5081756928375,1850.2899311477058,188.99170194233164,9.70967721939087,0.0,0.0,0.0,0.0,0.0,0.0,0.0,0.0,0.0,0.0,0.0,0.0,0.0,0.0,0.0,0.0,0.0,0.0,0.0,0.0,0.0,0.0,0.0,0.0,0.0,0.0,0.0,0.0,0.0,0.0,0.0
"95,150",612.3096162269245,0.0,0.0,0.0,0.0,0.0,0.0,0.0,0.0,0.0,0.0,14296.94410059499,14533.531924206603,5452.820708948958,2732.9314553232757,3176.0240079384225,1146.408401857638,14574.630528553795,14831.400934344649,5537.011838633406,2791.218805739459,3210.0188148788375,1165.8380280840631,14674.996433522656,14884.479330118033,5563.462850135915,2817.1243135424224,3216.4948693088454,1146.4084180701013,14859.553308036282,15168.621578503593,5628.780141769671,2843.0278367491333,3187.349882917778,1131.8300290939853,14907.806458256293,15296.52838282118,5721.069726751364,2868.932756850299,3216.4934283069533,1144.782862031226,0.0,0.0,0.0,0.0,0.0,0.0,0.0,0.0,0.0,0.0,0.0,0.0,0.0,0.0,0.0,0.0,0.0,0.0,0.0,0.0,0.0,0.0,0.0,0.0,0.0,0.0,0.0,0.0,0.0,0.0
"96,150",1857.527543350637,0.0,0.0,0.0,0.0,0.0,0.0,0.0,0.0,0.0,0.0,80864.86036519257,57952.940804234684,7759.692310102313,756.5276661770016,186.37464846910217,7.56898562300439,81058.59278368764,58186.12955879325,7788.625931095609,750.0502217666775,183.13623155893066,7.56898562300439,81203.1181349371,58386.24789595044,7849.627658124998,756.527289237228,183.13623155893066,7.56898562300439,81254.17514610571,58452.82993677925,7910.6197290130685,753.289538230148,186.37464846910217,10.807388228061154,81245.66614187372,58512.564077188465,7967.28895348848,769.2921913390066,183.13621725381591,10.807388228061154,0.0,0.0,0.0,0.0,0.0,0.0,0.0,0.0,0.0,0.0,0.0,0.0,0.0,0.0,0.0,0.0,0.0,0.0,0.0,0.0,0.0,0.0,0.0,0.0,0.0,0.0,0.0,0.0,0.0,0.0
"97,150",2505.8810627936346,6.4790918827056885,6.478501796722412,12.958062887191772,3.2391085624694824,0.0,6.4790918827056885,6.478501796722412,9.718641757965088,3.2391085624694824,0.0,145586.4031541768,50194.92755716923,5273.30477216945,424.516662234886,77.74446105957031,0.0,146299.49653227653,50400.939851352276,5292.742150814393,421.277059430702,77.74446105957031,0.0,147040.173599087,50770.7353686931,5331.612972767213,427.75558483086377,77.74446105957031,0.0,148077.26630004807,51133.788036970065,5365.620790127212,440.7132354923323,80.98397040367126,0.0,148598.83408705954,51329.948578658754,5391.9436595785855,442.50426724564795,77.74464845657349,0.0,6.4790918827056885,0.0,0.0,0.0,0.0,0.0,6.478501796722412,0.0,0.0,0.0,0.0,0.0,9.718641757965088,0.0,0.0,0.0,0.0,0.0,3.2391085624694824,0.0,0.0,0.0,0.0,0.0,0.0,0.0,0.0,0.0,0.0,0.0
"98,150",2506.189312794903,197.6288194656372,100.43431067466736,16.1988525390625,25.918563842773438,16.198934078216553,197.6288194656372,100.43431067466736,16.1988525390625,25.918563842773438,16.198934078216553,153832.69015509007,61516.69562525282,6787.0279612391605,454.7597943595811,12.959220170974731,0.0,154339.44194075174,61613.16416079484,6799.987437233271,451.52014124907697,16.198888063430786,0.0,154374.18518842812,61599.109822485494,6777.308415636362,445.04047596968854,16.198888063430786,0.0,154235.75980361397,61521.35632774596,6744.910567030252,438.5608886531755,16.198888063430786,0.0,154396.09192179795,61452.53160483323,6699.553745731653,428.8416208080217,16.198888063430786,0.0,97.19454908370972,100.43427038192749,0.0,0.0,0.0,0.0,80.99529027938843,19.43902039527893,0.0,0.0,0.0,0.0,9.719401359558105,6.4794511795043945,0.0,0.0,0.0,0.0,12.959291458129883,9.719480037689209,3.2397923469543457,0.0,0.0,0.0,12.959151268005371,3.2397828102111816,0.0,0.0,0.0,0.0
"99,150",2506.3434636553716,0.0,9.719703197479248,6.47988486289978,3.2399675846099854,0.0,0.0,9.719703197479248,6.47988486289978,3.2399675846099854,0.0,127449.43616238948,89684.28755130581,15013.627063998989,576.7149000167847,0.0,0.0,127488.27924087374,89927.66852662236,15058.987051734737,576.7149000167847,0.0,0.0,127769.43353751033,90084.80141860737,15076.394151173386,579.9548411369324,0.0,0.0,127569.38233492796,90056.85029963324,15076.394468746934,579.9548411369324,0.0,0.0,127724.49391619739,90111.93033643236,15073.154567681107,583.1949279308319,0.0,0.0,0.0,0.0,0.0,0.0,0.0,0.0,3.2399017810821533,6.479801416397095,0.0,0.0,0.0,0.0,3.2399394512176514,3.239945411682129,0.0,0.0,0.0,0.0,3.2399675846099854,0.0,0.0,0.0,0.0,0.0,0.0,0.0,0.0,0.0,0.0,0.0
"100,150",2506.3434636553643,38.879703760147095,0.0,0.0,0.0,0.0,38.879703760147095,0.0,0.0,0.0,0.0,101020.36591967322,90787.81392894727,12572.555133241767,404.99798822402954,9.719899654388428,0.0,101436.7942122282,91097.58146182417,12634.11459221279,401.7580785751343,9.719899654388428,0.0,101795.36197858419,91431.04640014873,12697.123075546939,401.75816202163696,6.479917049407959,0.0,101840.83683575463,91703.38337672646,12719.803227247912,398.51820969581604,9.719899654388428,0.0,102061.83595935504,91863.74212074654,12719.803729834277,401.75820779800415,9.719899654388428,0.0,12.959907531738281,25.919796228408813,0.0,0.0,0.0,0.0,0.0,0.0,0.0,0.0,0.0,0.0,0.0,0.0,0.0,0.0,0.0,0.0,0.0,0.0,0.0,0.0,0.0,0.0,0.0,0.0,0.0,0.0,0.0,0.0
"101,150",2506.1893127948756,74.51555299758911,188.9754779142492,298.0623164176941,1846.6763410568237,939.5407536029816,74.51555299758911,188.9754779142492,294.82255578041077,1846.6763410568237,939.5407536029816,125952.66622330535,41181.04455337432,4909.074239023994,181.4117382919087,6.479247331619263,0.0,128005.65488753225,42120.210820088665,4969.003927544051,181.4117382919087,6.479247331619263,0.0,129475.08029968411,42490.99134529432,4952.997143176958,181.4117382919087,6.479274749755859,0.0,130355.25881467518,42620.40717248448,4938.424765696245,178.17183961026808,6.479274749755859,0.0,129142.84683509993,42649.55202838393,4987.021305193621,178.17171444051405,6.479274749755859,0.0,38.877583265304565,32.398128271102905,3.2398414611816406,0.0,0.0,0.0,104.74023673955132,74.51572608947754,9.719515085220337,0.0,0.0,0.0,236.5061604976654,58.31639528274536,0.0,0.0,0.0,0.0,1681.4467294216156,158.74993515014648,3.2398386001586914,3.239837884902954,0.0,0.0,803.4690396785736,136.07171392440796,0.0,0.0,0.0,0.0
"102,150",2407.8446280866187,321.0340458140654,217.15296783166772,171.6799876689911,223.0646718717089,272.0913746356964,321.0340458140654,217.15296783166772,171.6799876689911,223.0646718717089,272.0913746356964,86334.73112783617,67409.2818264662,12173.620211935979,785.252186721914,91.06682727290135,6.478224277496338,86217.64483302995,67333.61969519223,12214.919492877698,782.0126375619103,91.06682727290135,6.478224277496338,85648.56530562286,67198.30717416278,12227.87671676991,772.2948483887841,94.30593297434788,6.478224277496338,85384.08886880218,67159.86943212584,12221.397951282239,778.773508495443,94.30593297434788,6.478224277496338,85364.11367659006,67359.37895632164,12231.993001941606,772.2944316331078,94.30593297434788,6.478224277496338,126.68412220337811,187.87164664268494,6.478276968002319,0.0,0.0,0.0,97.30452980714685,110.13103818893433,9.717399835586548,0.0,0.0,0.0,74.50357484817505,84.21938586235046,12.957026958465576,0.0,0.0,0.0,102.8321092783236,96.35163544673546,23.880927146649828,0.0,0.0,0.0,113.37199401855469,152.24067783355713,6.478702783584595,0.0,0.0,0.0
"103,150",2474.7108465612678,190.38900861927107,414.5877501964569,132.7987096309662,93.93083024024963,126.32055878639221,190.38900861927107,414.5877501964569,132.7987096309662,93.93083024024963,126.32055878639221,59861.54760707966,103169.64380295138,22283.20155434328,3859.3905212140553,1027.535953844295,38.86495757102966,59993.599865680575,103398.30503299006,22345.09316761166,3856.152236149358,1027.53637751411,38.86495757102966,59610.70870709325,103192.30702288012,22328.900562354625,3849.6747013783925,1024.2973488218645,38.86495757102966,59635.26124959365,103289.8372616927,22338.61749608189,3846.4361182904713,1030.7750783808092,38.86495757102966,59497.90029956032,103387.00342322986,22354.810580798687,3856.151734278249,1037.2526009924272,38.86495757102966,103.2917488827425,84.21444749832153,2.88281223820705,0.0,0.0,0.0,174.90463829040527,233.20625233650208,6.4768595695495605,0.0,0.0,0.0,71.25820398330688,61.5405056476593,0.0,0.0,0.0,0.0,61.541056871414185,25.911686897277832,6.478086471557617,0.0,0.0,0.0,32.389538288116455,84.21388554573059,9.717134952545166,0.0,0.0,0.0
"104,150",2452.561197972757,1228.11392566176,1479.0985190026902,1714.930643789441,1240.2882136270111,1173.7083905098484,1228.11392566176,1479.0985190026902,1711.6928057595796,1240.2882136270111,1170.4706335423039,62203.86286600805,95797.58966631982,46722.90700897702,12923.615565860973,3038.0972554206846,12.951848268508911,61719.8702479054,95329.64290518854,46601.83236527349,12917.14068015884,3025.1456582069395,12.951848268508911,61106.333771319485,94899.13532928111,46377.230787680186,12888.000352466808,3041.3345539093016,12.951848268508911,60418.332475983865,94414.90892034511,46252.16765298189,12875.049646938549,3034.858942222595,12.951848268508911,59941.1812345617,93922.12271335733,46095.55504314665,12824.326530620165,3031.6218838214872,12.951848268508911,519.664919423122,498.33537546700126,177.73492288589478,25.90289306640625,6.4758148193359375,0.0,710.6749319768419,496.4638746579488,236.34464154804454,32.377469539642334,3.2376012802124023,0.0,914.6602346971923,644.8608209937227,132.74489426612854,19.42685580253601,0.0,0.0,588.8518204464632,446.2552067709904,159.85347768839668,42.0897421836853,3.237966537475586,0.0,647.5667383670807,425.76849344945424,80.94604992866516,12.951708555221558,3.237643241882324,0.0
"105,150",2504.0330100196347,1670.804410900789,2213.979498712689,2702.5446688063003,2049.1098824248597,2248.215792036057,1657.8576385638291,2197.795322029263,2663.706465614543,2000.561138938455,2244.9790693283085,45516.89555835257,101804.98195909426,55476.91169698005,14896.03030506863,1793.140269762862,0.0,45340.495596958615,101012.00251342924,54988.31420381678,14784.348310493018,1770.481358057845,0.0,44789.199436377545,99786.31177889227,54554.31866793727,14692.100454229467,1764.0074396198872,0.0,44253.85251881843,98544.47930858837,53917.024423876,14586.902406411076,1767.2442820137624,0.0,43716.36098149243,97529.57462948163,53544.774570476315,14504.91187613618,1760.7698228424672,0.0,289.67922012198204,896.5551916505776,377.75044336879955,93.87278342247009,0.0,0.0,535.1113737844953,1164.1935565920437,415.95453695128947,76.06143701497246,6.474417686462402,0.0,608.3536878641914,1370.745312161539,597.2066353199529,84.16344881057739,3.2373814582824707,0.0,521.5331881700778,1069.5461409578136,335.0303508795944,71.21423435211182,3.237224578857422,0.0,553.7188834583058,1285.4429850924248,373.4465635991564,32.37063717842102,0.0,0.0
"106,150",2503.109913208372,4747.638443399877,4667.273042372161,5779.786192959429,3680.4695120054134,3383.2763291704887,4734.69615571639,4647.858209064895,5773.314166611315,3661.05676390704,3363.8611501562827,51743.9953730817,106251.46827074407,31980.29601087944,5192.1551327434245,1399.8583033776752,27.091765422447054,50496.84065031257,103828.54475671078,31444.286709116954,5114.508921834535,1386.9156432843677,27.091765422447054,48920.13729108643,101336.9390465643,30947.633781434037,5049.799996825761,1377.211107084798,23.85630633316788,47462.30013991899,98714.66675126037,30275.627141136276,4985.092951270646,1363.5454356464686,23.85630633316788,46802.85871236746,97425.02235287963,29739.359041000807,4923.622106048173,1363.5450575146021,20.62038948021683,1394.8065995365967,2684.161184459574,578.081712584402,71.17506408691406,6.471595048904419,0.0,1571.4585120874294,2604.1918071643977,420.4410133539462,48.53175759315491,3.235118865966797,0.0,1788.1524141451891,3161.8978608281004,744.8903683129479,74.41447496414185,3.959048360936782,0.0,983.6535122927497,2018.1678420038784,600.9987915684195,55.00093412399292,3.2356839179992676,0.0,932.2572151913362,1936.5660814855614,427.0932550430298,58.23807430267334,9.706524133682251,0.0
"107,150",2502.033749351999,2173.0304621631026,2345.6443495600834,2340.220945445229,2474.558975852705,2872.680154859318,2160.0918864184737,2335.941573604883,2327.2828424846425,2461.6205786835917,2833.862645208134,36359.54205107221,81119.19333596979,49618.599249395666,20615.76879663,12503.202909621072,2435.0880258017896,35529.39568838045,80144.97365191029,49426.69524114458,20530.06054308461,12386.77700439341,2363.941238635194,34669.42834687326,79012.76914326816,48961.1661922221,20386.136058993434,12260.649663361382,2302.496949189317,33789.48123237011,78046.0339785847,48583.40969993554,20281.026049866392,12206.39552378935,2253.987679951799,33035.397598400305,76989.05941126206,48145.10415156495,20247.060398781534,12235.503449681226,2253.9912221366285,830.1462134417366,1031.3082009614682,246.88956246937022,51.74790954589844,0.0,0.0,804.9832535631516,1033.0875781947493,426.71070671362037,64.69235110282898,6.467684030532837,0.0,847.6069293377446,1000.7685125463149,406.8583084639381,63.0694395831987,8.979652553446153,0.0,820.7974903864019,1126.5109893265892,441.5380002863267,59.83655171581343,12.937546968460083,0.0,893.2700880873437,1359.9719027771669,493.2843589773365,74.39954900741577,12.93674635887146,0.0
"108,150",2500.8048786493437,122.85108351707458,284.50436758995056,161.65476369857788,139.0214376449585,313.755168762394,116.38464546203613,271.57187724113464,161.65476369857788,139.0214376449585,313.755168762394,19603.372340589412,55783.238651104526,57456.14484559508,33046.55355160845,21856.81534868502,7678.147884704553,19571.038175016292,55688.763791782716,57382.26666193288,33040.082402640706,21809.21606771712,7694.309831001245,19457.887071996578,55509.3184759542,57327.28754263204,32991.5790442766,21741.33087326779,7568.93770850593,19521.23169765192,55617.5819250836,57356.37435369771,33023.17571119047,21736.062841969848,7526.187994577371,19560.030382540644,55682.23871247908,57395.87900418954,33067.70794577505,21810.413231516817,7584.386251785241,16.163884162902832,42.02758574485779,32.329137086868286,25.864038467407227,0.0,0.0,32.3291597366333,139.01853823661804,71.12644720077515,25.864298820495605,0.0,3.233433246612549,25.86473321914673,61.42892336845398,58.19401526451111,12.933629751205444,3.23346209526062,0.0,22.629971265792847,54.95921301841736,42.03320026397705,16.1659677028656,0.0,3.2330853939056396,54.95965313911438,100.22211027145386,110.80454342692506,44.535551463856415,3.2333104610443115,0.0
"109,150",2499.4237120996763,321.1555105751636,468.9086557500503,1151.1334974064546,1099.456552780376,815.332954900405,321.1555105751636,454.37793054767684,1109.1356713070588,1083.2980373270373,802.4083087612601,17340.578453566046,59265.70829347817,68044.22739856664,36024.51499667729,15457.76426459574,2046.8273836519204,17369.891448604358,59080.008794484434,68011.75101548737,35963.13259211148,15461.714706278779,2037.1319724466287,17225.531587273465,58747.27065656981,67846.67258564632,35918.70281585151,15455.25413341148,1984.7048791483337,17049.72862859146,58247.791253409676,67541.91550821136,35799.88738224833,15361.537267303465,1946.6454061414681,16975.010978030223,57965.82600229021,67137.36761430293,35659.90878144899,15297.935291241663,1945.0206998853123,17.938062810897826,146.0397107554417,128.1061451547286,29.07159185409546,0.0,0.0,47.014354372024535,190.5835160750969,142.47909932136537,71.07088589668274,3.230074882507324,0.0,125.99525809288025,449.4057909853318,398.04362868140726,116.3055169582367,19.38547658920288,0.0,93.6842257976532,333.4369041807511,437.9262310504913,185.93934049606324,32.31133580207825,0.0,67.84467077255249,295.19504970662734,315.88392089675455,91.17776664565591,32.3069007396698,0.0
"110,150",2497.8907112398497,2897.2364717997752,4955.764887882681,3773.3305818978483,3251.570309207954,4670.88473485498,2789.4807064692177,4784.249523160972,3642.559780045117,3151.470284030952,4554.645999417586,15668.527270291836,42734.3483440231,33188.70343351552,12780.278596354467,3611.617701476228,369.36178277053085,15147.460010709015,41410.91244292354,32553.891521753987,12573.386772842034,3558.746072471843,375.8217520526811,14198.921368326859,39223.12794673677,31297.30071378595,12118.876064874612,3380.2180708006313,349.98872564353195,13631.982359589783,37939.27617666956,30412.10721475844,11797.586328919728,3255.2447847413077,330.61488268889633,13178.362862566406,36336.29474032346,29495.038336171358,11476.470577144622,3149.2643293062843,320.9291422180101,537.1964581339968,1291.1201927708642,684.4338616960188,247.66956783836963,29.06062602996826,0.0,841.9727923626992,2018.2255488666835,1303.795377176883,460.96107231869416,143.14779125101427,16.14694118499756,644.9171777426027,1524.691557125017,1005.7073931647282,361.64617466926575,92.68116369527928,12.916313648223877,458.8679667874879,1490.5606855467254,855.0966963431414,266.2119350751241,71.04674983024597,9.686250448226929,784.8410779083476,1855.2449895026637,1420.5154693257575,452.0652160644531,38.749502182006836,3.2297444343566895
"111,150",2496.2063878496524,2725.096061326008,4849.352687438329,5202.184532875173,4510.2334623710785,5466.891027044782,2631.9225766471786,4571.811804850896,5111.822782034033,4387.635169781891,5421.7184308285805,13613.700942369536,34814.12352388512,31575.958506768362,13529.52897212178,7412.193754148483,3603.773593321034,13345.24866961124,33981.72145713918,30741.975628739714,13307.939920239354,7334.739910316467,3567.079282548381,12717.083438780728,32275.83611938907,29291.335117626197,12739.664731208015,7116.251043131772,3504.5771614177556,12030.32731715651,30578.236819847894,27754.68478509959,12054.40497889612,6924.543602526422,3575.904856683694,11578.262721773222,28966.251332738357,26398.327348582883,11472.42349571714,6770.86369377398,3611.388837577783,368.41395046757714,956.218436831119,898.5288583465651,282.89904824892676,93.5926525592804,32.26963019371033,624.947210152944,1680.0795239607492,1492.2165760386224,548.5582423210144,203.4261478396023,22.584104537963867,721.1787527290045,1886.8909410944173,1585.6350019679348,703.0002367337545,189.30311957995096,25.814729928970337,554.9748508930206,1690.6939088026684,1405.1002251784007,549.7166771467994,151.65569424629211,35.49381351470947,729.7538834927129,2112.716639916102,1716.5152899667328,614.2697850021661,196.8376886844635,51.6251437664032
"112,150",2494.3713036235667,867.1162135825438,1958.5658000179365,2040.4230038100598,1829.3559324180378,2790.646888127046,844.5460853801054,1900.5311814018323,1982.3845962458965,1735.865772668053,2764.854227175432,18300.781041921357,43076.57063328612,36407.75032094693,19141.39247852961,15416.794278261708,6023.627019497928,18368.2100174399,43073.62630950703,36256.19581946298,19109.141484800974,15396.244828883338,6012.3456646769655,18415.29818490627,42751.09738106914,35647.43730291852,18795.093989442375,15179.879257522845,5884.994124044157,18289.52676299694,42249.58293832049,35240.23098978716,18649.97413999894,15066.126420136994,5887.108730062784,18012.203897881976,41745.69874635023,34836.994051419984,18437.86372621293,14927.49445929434,5793.611603960337,115.6515159401239,326.2176072700351,230.1942721572577,83.83091497421265,70.9253740310669,17.726401007409187,219.28677010536194,652.9629663074718,634.8990758232042,238.62797498703003,119.28538144149033,35.46901273727417,322.45342683792114,802.2157365967246,533.6731060897603,203.14469170570374,106.39352583885193,14.504109176934934,267.6500520706177,589.6875640083762,524.5614705824385,225.35185241512224,102.81949949077531,25.795334100723267,514.8624498741299,1127.611248323964,728.968618443433,257.98417806625366,122.53083062171936,12.896901845932007
"113,150",2492.2524108399516,1755.7543116691068,2585.805277784198,1459.0010702591317,1370.1208990555183,1664.2368038317734,1704.2131901862576,2526.6165908243142,1420.3442964535134,1312.1259838085548,1654.572491707521,31324.702755405386,37221.51432670331,26222.272629101135,14790.77130356957,11227.867178134356,2857.975586363849,30979.200739945612,36789.383185857885,25929.487850949343,14659.86976688516,11142.494647541233,2867.6470078917114,30171.705928808096,36017.43695022452,25383.856210525366,14453.9478595182,11107.40756918402,2838.6389770002925,29877.599093770044,35986.111201328386,25358.835183455893,14408.849532782799,11127.654560474319,2861.5513837374892,29519.25916837992,35589.29003084407,25280.875658882367,14348.547910270505,11111.547195316762,2858.3298006095138,434.8829433917999,578.2667860377069,441.3551409599828,180.43776965141296,66.04756726190155,3.222982883453369,844.0060873031616,837.6108214855194,567.370637883392,193.85267767999687,74.10884141921997,9.667525053024292,493.94985135396325,470.36607456207275,283.65210588773095,124.04453619134192,45.10865259170532,3.2230758666992188,446.7097802956899,485.41564313570655,224.61910566722645,113.13425874897078,35.8030350226982,6.4441609382629395,397.44971301789377,727.6715920270658,326.4665670450996,138.54338765144348,57.99634408950806,6.44488787651062
"114,150",2490.242096177406,2564.0673371763787,2176.4382918255,1279.5850400036456,1866.708168823579,1712.0913775341182,2470.701839348849,2124.9238629715114,1208.756245762694,1837.7333002875835,1660.5774536506801,30646.84087991995,49644.77152449758,38432.80453403323,19881.15246292002,13808.893572182746,3156.0706147698797,30237.906422993714,48915.66841320523,37733.87421698103,19634.882406970566,13768.83111608823,3157.862490380044,30252.616751257578,48478.32453066694,37256.08886678453,19351.977799792385,13617.546251185733,3161.0807370241955,30230.226124917757,48043.647677573026,36798.39149485196,19137.944037181256,13404.898115248772,3149.633411652434,29746.88271972151,47311.44814175717,36071.36197108849,18848.287087170283,13150.624464602563,3175.371581799376,457.1531193256378,962.5408927917481,693.7015861960018,273.6152141094208,80.47180080413818,3.219226121902466,409.6787798685186,735.6155254990447,608.38184967602,274.67776378463293,93.35069751739502,3.2192466259002686,211.4001980753506,428.15707445144653,355.1456402741227,140.01992312786626,67.59620118141174,6.437208652496338,324.565158886068,650.9264192525078,633.7279699269462,173.7994065284729,51.49512982368469,3.2192158699035645,294.03811391942645,527.0021985605651,549.8551717664682,244.62278175354004,41.84143614768982,3.2177515029907227
"115,150",2487.95865341525,3.2175700664520264,3.2176122665405273,22.52274203300476,58.25201242671293,159.41643477327682,3.2175700664520264,3.2176122665405273,22.52274203300476,58.25201242671293,159.41643477327682,8974.477663524478,18810.890119467527,28106.085822891724,33299.494500019966,62824.06049716706,46236.65139707396,8993.055466493905,18881.74111865642,28184.851175290463,33384.39727164998,63071.81996717079,46807.986130983685,9025.207956156075,18884.948798881793,28200.76750635353,33460.13231486433,63157.73296797323,47021.60139234954,9005.909768900216,18852.378606666305,28115.51940942278,33347.53145021551,62995.8237269841,46727.128970462196,9021.987916311562,18863.62101280549,28224.516005607682,33440.08082529237,63198.42516189744,46977.30680952258,0.0,0.0,0.0,3.2175700664520264,0.0,0.0,0.0,0.0,3.2176122665405273,0.0,0.0,0.0,0.0,3.2175376415252686,3.217548370361328,12.870107889175415,3.217548131942749,0.0,0.0,6.4337193965911865,13.210356170990888,25.738438844680786,9.65213131904602,3.2173666954040527,9.651203393936157,9.651245832443237,53.25083757288316,57.908594846725464,28.95455312728882,0.0
"116,150",2485.5271917406903,0.0,0.0,0.0,0.0,0.0,0.0,0.0,0.0,0.0,0.0,19472.39727345822,19206.72957248688,26682.795900717905,31977.326053474462,62678.4007805095,37535.16617536451,19730.11032732702,19268.503801861934,26800.08284525404,32064.814357616386,62844.82056128371,37772.66215560109,19794.37408169485,19326.36424497717,26872.00569694744,32132.67563573426,63083.97232035188,38200.728580037285,19794.373216473825,19342.438241282634,26799.742030816924,32099.73684079881,63060.76844901477,37999.02644450805,19937.352336246826,19498.27873266164,26953.98551579083,32239.819448632825,63434.71859289431,38468.487595606784,0.0,0.0,0.0,0.0,0.0,0.0,0.0,0.0,0.0,0.0,0.0,0.0,0.0,0.0,0.0,0.0,0.0,0.0,0.0,0.0,0.0,0.0,0.0,0.0,0.0,0.0,0.0,0.0,0.0,0.0
"117,150",2482.9485162917626,0.0,3.2095329761505127,0.0,0.0,0.0,0.0,3.2095329761505127,0.0,0.0,0.0,15457.117828902075,14477.844908360878,18721.935853574792,22297.092670727714,55816.75655447736,65106.36476717276,15407.762135533723,14459.301577144513,18728.35280570797,22313.128878403648,55836.73582645585,64954.221534888886,15317.092386099874,14440.04911118115,18673.7875689011,22261.76441030596,55737.21356126,64541.7821482677,15294.620790097295,14420.791064554105,18662.541045615257,22242.506887722953,55656.94841476609,64224.7179365906,15312.99887818729,14457.71053621816,18675.381359049858,22268.190474797233,55655.769266665215,64198.58193838642,0.0,0.0,0.0,0.0,0.0,0.0,0.0,0.0,3.2095329761505127,0.0,0.0,0.0,0.0,0.0,0.0,0.0,0.0,0.0,0.0,0.0,0.0,0.0,0.0,0.0,0.0,0.0,0.0,0.0,0.0,0.0
"118,150",2480.223479483822,0.0,0.0,0.0,0.0,0.0,0.0,0.0,0.0,0.0,0.0,9953.003765029534,13767.850326701708,18153.480130376065,21914.058972512044,59380.038713136375,68979.28018923741,9911.336682004556,13725.460696692562,18110.208209689456,21857.950313999143,59297.21234721391,68782.97067653245,9872.857711238488,13703.015885348415,18102.018601410062,21825.890641405073,59372.577615408816,68577.70425178489,9856.82134811364,13712.623227830029,18122.867793496447,21845.133461191144,59356.559330215656,68503.44414959983,9873.74359042037,13709.412557597256,18185.38064216819,21877.18861098477,59426.916494109595,68658.99393666025,0.0,0.0,0.0,0.0,0.0,0.0,0.0,0.0,0.0,0.0,0.0,0.0,0.0,0.0,0.0,0.0,0.0,0.0,0.0,0.0,0.0,0.0,0.0,0.0,0.0,0.0,0.0,0.0,0.0,0.0
"119,150",2365.866086875616,0.0,0.0,0.0,0.0,0.0,0.0,0.0,0.0,0.0,0.0,3764.411311575945,6948.9150650389065,9842.625085729713,12492.692063113755,38667.234982553186,62116.02520387407,3758.0064405890066,6985.735364082749,9862.067905142729,12541.232833281683,38773.77699477907,62423.54527783674,3780.410213181551,6998.54880678981,9888.813895899642,12641.920570046295,38840.69562969302,62347.67216113876,3769.7528450376844,6960.122631195481,9860.002408701766,12604.863539136626,38634.510314747866,61942.50868220796,3769.7612326032972,6956.9338816437075,9831.182426411498,12586.107653740342,38534.41641747063,61531.97060025907,0.0,0.0,0.0,0.0,0.0,0.0,0.0,0.0,0.0,0.0,0.0,0.0,0.0,0.0,0.0,0.0,0.0,0.0,0.0,0.0,0.0,0.0,0.0,0.0,0.0,0.0,0.0,0.0,0.0,0.0
"120,150",1771.970403174664,0.0,0.0,0.0,0.0,0.0,0.0,0.0,0.0,0.0,0.0,2700.552158552058,5367.866596124686,7417.500294290805,8802.51269123788,26000.055854595405,47398.482456772006,2690.956525998957,5355.08794464878,7439.877365839717,8791.322263985989,25987.850653487563,47411.240043692495,2738.9477021273447,5399.879964254416,7489.4655997669015,8806.835088629816,26146.08277356578,47507.148378460086,2711.214913167206,5355.077965639151,7408.268298689525,8673.562329357746,25645.978831586654,46581.277526152364,2698.42172388002,5367.874246738471,7385.879423920314,8652.778807212793,25544.25310764874,46191.82407076124,0.0,0.0,0.0,0.0,0.0,0.0,0.0,0.0,0.0,0.0,0.0,0.0,0.0,0.0,0.0,0.0,0.0,0.0,0.0,0.0,0.0,0.0,0.0,0.0,0.0,0.0,0.0,0.0,0.0,0.0
"121,150",1306.5476644108635,0.0,0.0,0.0,0.0,0.0,0.0,0.0,0.0,0.0,0.0,2206.9134600078355,4792.975969092051,6673.2065164201385,7960.714810074077,25602.298044440326,44704.12849905163,2181.3531215106736,4761.025272862116,6570.976035272372,7855.291139543758,25316.891657664728,44083.26976489085,2174.9619965469133,4748.595978185242,6523.057972108615,7800.981567323909,25187.64192363982,43686.01315627378,2171.7682456886064,4748.606072351044,6509.577820643255,7778.63070935081,25111.007243745466,43449.59782604891,2162.179008952309,4713.01894362113,6474.443527563879,7756.997896006528,24938.67392822527,42997.20445545421,0.0,0.0,0.0,0.0,0.0,0.0,0.0,0.0,0.0,0.0,0.0,0.0,0.0,0.0,0.0,0.0,0.0,0.0,0.0,0.0,0.0,0.0,0.0,0.0,0.0,0.0,0.0,0.0,0.0,0.0
"122,150",1349.4203327174014,0.0,0.0,0.0,0.0,0.0,0.0,0.0,0.0,0.0,0.0,2828.195484906552,5482.387965472539,8116.717963508531,9052.603724996718,27434.20558654093,47163.766436886326,2831.3908899129606,5466.422363418691,8095.203442344479,9043.047119896086,27363.451931842166,46837.951063611465,2848.4001343016535,5445.122879993214,8060.104825982861,8982.81710598609,27295.170810924785,46651.980884882985,2840.730165717181,5443.419509974648,8033.3517659047075,8934.948227383109,27156.737143170598,46378.74828297204,2824.7771151037778,5420.404346912047,8026.962142024321,8931.989180068409,27081.044822363754,46261.76955303866,0.0,0.0,0.0,0.0,0.0,0.0,0.0,0.0,0.0,0.0,0.0,0.0,0.0,0.0,0.0,0.0,0.0,0.0,0.0,0.0,0.0,0.0,0.0,0.0,0.0,0.0,0.0,0.0,0.0,0.0
"123,150",534.176605927582,0.0,0.0,0.0,0.0,0.0,0.0,0.0,0.0,0.0,0.0,1215.435381604176,2520.1636280321604,3337.09322105763,3988.5484491881202,11818.514575020474,19214.65962959458,1209.0630788335613,2504.231550862742,3317.9787205350167,3952.6359384705042,11719.872809900024,19016.156751586877,1209.614376111124,2507.4179612898356,3317.981411088682,3955.8267374683833,11759.69971197727,18979.120734086693,1206.4315846396428,2507.422556807948,3308.421445955015,3970.1725611658653,11754.819480100332,19032.674542238197,1196.8737595511418,2501.0526828073985,3305.2405005585915,3944.6832981081566,11697.484057107626,18941.577404618725,0.0,0.0,0.0,0.0,0.0,0.0,0.0,0.0,0.0,0.0,0.0,0.0,0.0,0.0,0.0,0.0,0.0,0.0,0.0,0.0,0.0,0.0,0.0,0.0,0.0,0.0,0.0,0.0,0.0,0.0
"91,151",417.32999293840624,0.0,0.0,0.0,0.0,0.0,0.0,0.0,0.0,0.0,0.0,7078.377744256746,45.26919603347778,0.0,0.0,0.0,0.0,7290.521613125704,54.96950149536133,0.0,0.0,0.0,0.0,7461.949425414026,51.7361946105957,3.2333595752716064,0.0,0.0,0.0,8024.267601127246,63.22486670157488,3.2333595752716064,0.0,0.0,0.0,8406.67364118239,80.83797478675842,3.2333595752716064,0.0,0.0,0.0,0.0,0.0,0.0,0.0,0.0,0.0,0.0,0.0,0.0,0.0,0.0,0.0,0.0,0.0,0.0,0.0,0.0,0.0,0.0,0.0,0.0,0.0,0.0,0.0,0.0,0.0,0.0,0.0,0.0,0.0
"92,151",2502.217354031172,0.0,0.0,0.0,0.0,0.0,0.0,0.0,0.0,0.0,0.0,106929.72691145788,14057.629887934292,1943.2107907257828,574.6622943906223,615.639250239204,339.63283467292786,108686.03904533667,14368.70132214696,2030.548534008101,629.6490883855258,706.2054318989025,449.6085193157196,111884.83934570951,14570.303144999112,2059.659195276335,645.8209822205936,722.3781809414135,475.4851472377777,117018.08706066564,15279.031060439465,2155.345085360957,681.4026007680332,767.6642849052654,511.06572914123535,123500.50866326164,16190.510094531377,2283.618548521341,746.095346215192,790.3072359169231,540.1774311065674,0.0,0.0,0.0,0.0,0.0,0.0,0.0,0.0,0.0,0.0,0.0,0.0,0.0,0.0,0.0,0.0,0.0,0.0,0.0,0.0,0.0,0.0,0.0,0.0,0.0,0.0,0.0,0.0,0.0,0.0
"93,151",2503.293822687761,0.0,0.0,0.0,0.0,0.0,0.0,0.0,0.0,0.0,0.0,26771.144642195042,42981.449962882434,26252.727961270954,5666.649289836136,926.029624823028,110.0092282295227,27215.34699086768,44629.02824067602,27601.679408191234,6074.035530756969,1039.2902191910089,110.00924277305603,27456.954805929516,45321.70134512864,28165.89707876561,6171.120566557903,1078.1223176750482,119.71666836738586,28069.408064059644,47127.19854594959,29405.023995443422,6429.652174147438,1138.7928499726688,139.12946605682373,28973.202855668347,49442.84963930354,30761.587864245623,6671.999421232822,1216.450114443723,139.12945699691772,0.0,0.0,0.0,0.0,0.0,0.0,0.0,0.0,0.0,0.0,0.0,0.0,0.0,0.0,0.0,0.0,0.0,0.0,0.0,0.0,0.0,0.0,0.0,0.0,0.0,0.0,0.0,0.0,0.0,0.0
"94,151",2486.86244692623,0.0,0.0,0.0,0.0,0.0,0.0,0.0,0.0,0.0,0.0,54211.382231005504,35740.56078234093,16568.857756447323,2900.8164777419147,240.3342159168393,6.473156929016113,56711.24155389469,36990.87847187004,17118.737615856466,3030.637066607382,246.80795887872284,6.473156929016113,58385.52438970828,37878.128894624526,17545.627722257723,3053.295988564398,259.7542403118283,6.473156929016113,60723.88490777858,39295.87470312399,18471.323369735826,3157.224235577677,282.4105871097714,6.473156929016113,62096.05598618938,40874.10735909238,19696.74358747052,3397.089704356474,308.30296520158356,6.473156929016113,0.0,0.0,0.0,0.0,0.0,0.0,0.0,0.0,0.0,0.0,0.0,0.0,0.0,0.0,0.0,0.0,0.0,0.0,0.0,0.0,0.0,0.0,0.0,0.0,0.0,0.0,0.0,0.0,0.0,0.0
"95,151",2490.3947734539483,0.0,29.14490008354187,0.0,0.0,0.0,0.0,29.14490008354187,0.0,0.0,0.0,53323.24006474439,50726.31146731657,20664.86727577658,7500.692619751014,6575.363047269746,3097.295115814957,54193.531434718294,51848.49906375923,21099.56650625304,7664.754234105465,6745.361593328738,3168.5341416461797,54689.800597091744,52581.87781046512,21340.78694092059,7713.328706294415,6733.48709917349,3178.2484756572576,55957.428961365826,53810.19026104516,21987.27931899651,7826.6550827325555,6793.933682762408,3170.1461098783157,56648.195228146564,54569.19806615605,22358.022686536642,7878.458081752178,6806.886274420047,3186.338013231053,0.0,0.0,0.0,0.0,0.0,0.0,22.66825842857361,6.476641654968262,0.0,0.0,0.0,0.0,0.0,0.0,0.0,0.0,0.0,0.0,0.0,0.0,0.0,0.0,0.0,0.0,0.0,0.0,0.0,0.0,0.0,0.0
"96,151",2505.603393489435,12.955918312072754,77.73640012741089,123.08231735229492,3.2390451431274414,3.239000082015991,12.955918312072754,74.49739098548889,123.08231735229492,3.2390451431274414,0.0,84500.81227491511,74026.19845480734,27064.910472757678,6983.681412775377,2782.309617880279,155.4494183063507,84778.59923110197,74500.92402742892,27359.61375988231,7159.631367442187,2840.6018561157525,165.16478419303894,84912.18540805369,74922.73718051724,27670.516696962655,7253.547563311633,2878.394924367643,174.8802227973938,84989.91067546397,75072.15018574958,27809.220966108172,7297.272441714418,2921.562608602935,171.64171481132507,85072.49474934879,75332.93499358403,28008.38894556177,7379.852746366052,2915.083994987899,184.595379114151,9.716861963272095,3.239056348800659,0.0,0.0,0.0,0.0,48.58503437042236,25.91235661506653,0.0,0.0,0.0,0.0,42.10715961456299,58.30207538604736,22.67308235168457,0.0,0.0,0.0,0.0,3.2390451431274414,0.0,0.0,0.0,0.0,0.0,0.0,0.0,0.0,0.0,0.0
"97,151",2506.0657748885196,3.2394297122955322,45.35003709793091,71.2701027393341,35.635077238082886,12.95814061164856,3.2394297122955322,45.35003709793091,71.2701027393341,35.635077238082886,12.95814061164856,136690.62845656922,54437.054060386195,4437.448373007307,656.771639248904,276.0609467899098,71.2621750831604,138030.8415089177,55239.60670889218,4541.10452835513,663.2504610033595,279.3001271163716,71.2621750831604,139392.68337511644,55926.34159315426,4687.684487533569,676.2070414038265,295.4961338912739,74.50136113166809,140025.26651178996,56199.59828815272,4718.450015827253,672.9676889391505,292.25667604558606,74.50136113166809,140596.95530371575,56496.16971469859,4726.54226083662,679.4462920637691,292.25648459546704,71.26217675209045,3.2394297122955322,0.0,0.0,0.0,0.0,0.0,42.11044263839722,0.0,0.0,3.2395944595336914,0.0,0.0,29.156031131744385,35.634968996047974,3.239591598510742,3.239511013031006,0.0,0.0,25.91641330718994,9.718663930892944,0.0,0.0,0.0,0.0,9.718637704849243,3.2395029067993164,0.0,0.0,0.0,0.0
"98,151",2506.3741157552163,158.74578523635864,268.8934805393219,210.57985162734985,119.86971092224121,3.2396860122680664,158.74578523635864,268.8934805393219,210.57985162734985,119.86971092224121,3.2396860122680664,172850.3389512408,33710.24259583061,2980.7614600508823,441.39199057466845,141.8197366321788,0.0,173698.56886720468,33907.86603848045,3016.3980846255436,441.39180484659533,141.8197366321788,0.0,174555.84558195225,34066.61494366234,3032.596576437296,438.1519304836498,141.8197366321788,0.0,175465.33259273603,34257.76451799542,3042.3165066092624,441.3918234432445,141.8197366321788,0.0,176042.91513757236,34340.38578313939,3042.31629560882,444.63169780619006,141.8197366321788,0.0,132.82818698883057,25.917598247528076,0.0,0.0,0.0,0.0,236.49683260917664,32.396647930145264,0.0,0.0,0.0,0.0,181.42277240753174,29.157079219818115,0.0,0.0,0.0,0.0,106.9109742641449,12.958736658096313,0.0,0.0,0.0,0.0,3.2396860122680664,0.0,0.0,0.0,0.0,0.0
"99,151",2506.5283121755283,204.1187653541565,119.87912249565125,116.63891649246216,174.95894932746887,74.51907682418823,204.1187653541565,119.87912249565125,116.63891649246216,171.71895837783813,74.51907682418823,150893.3612854696,42531.71803122315,4449.4404765764875,190.43472409248352,6.479971408843994,0.0,150847.18578738702,42511.46563499581,4439.72055999438,187.1947271823883,6.479971408843994,0.0,152114.9136200419,42736.56026776632,4472.120172897975,193.67466354370117,6.479971408843994,0.0,152327.64402336234,42641.06343736275,4433.24045030276,187.19464802742004,9.719943761825562,0.0,152821.75432824902,42696.14258734105,4436.480241934459,180.71470284461975,6.479944705963135,0.0,174.95890283584595,29.159862518310547,0.0,0.0,0.0,0.0,90.71929478645325,29.159827709197998,0.0,0.0,0.0,0.0,74.51934289932251,35.639681816101074,6.479891777038574,0.0,0.0,0.0,145.79909443855286,22.679875373840332,3.2399885654449463,0.0,0.0,0.0,68.03910183906555,6.479974985122681,0.0,0.0,0.0,0.0
"100,151",2506.528312175531,38.87991285324097,0.0,3.2399919033050537,0.0,0.0,38.87991285324097,0.0,3.2399919033050537,0.0,0.0,91844.76673724978,85348.98107051008,8474.116557657953,204.2070078017665,6.479984283447266,0.0,93463.46823074957,87514.7224111258,8666.429649851369,204.2070078017665,6.479984283447266,0.0,94499.36883260595,88311.01479542583,8750.668499014424,217.16667643808853,6.479984283447266,0.0,94801.80509515369,88823.6770493816,8833.293234315573,217.16667643808853,6.479984283447266,0.0,95545.54760268716,89349.98407573419,8902.958288590115,223.64661351465713,6.479984283447266,0.0,25.919934511184692,12.959978342056274,0.0,0.0,0.0,0.0,0.0,0.0,0.0,0.0,0.0,0.0,3.2399919033050537,0.0,0.0,0.0,0.0,0.0,0.0,0.0,0.0,0.0,0.0,0.0,0.0,0.0,0.0,0.0,0.0,0.0
"101,151",2506.3741157552404,87.47510981559753,123.11132907867432,100.43343901634216,136.07235407829285,110.15372252464294,87.47510981559753,123.11132907867432,100.43343901634216,136.07235407829285,110.15372252464294,59923.204821867104,78347.87448969636,9333.560693813772,258.43118059027427,0.0,0.0,64452.352433486085,81655.32775967543,9691.995016100827,268.1497341333651,0.0,0.0,67367.13923433714,84683.74332022759,9934.70122073959,298.3743458729164,6.479220628738403,0.0,69983.846437745,87866.86155549496,10159.877155255337,301.6140891056435,6.479220628738403,0.0,72868.95422071851,91683.22688389104,10482.791745872124,311.3333753090279,6.479220628738403,0.0,35.63749837875366,51.83761143684387,0.0,0.0,0.0,0.0,87.4731137752533,29.158607244491577,6.479608058929443,0.0,0.0,0.0,55.07596230506897,42.1176598072052,3.239816904067993,0.0,0.0,0.0,84.23499417304993,45.3576865196228,6.479673385620117,0.0,0.0,0.0,64.79592204093933,42.11798357963562,3.239816904067993,0.0,0.0,0.0
"102,151",2506.0657748884914,0.0,0.0,6.479060649871826,0.0,0.0,0.0,0.0,6.479060649871826,0.0,0.0,65783.7278515021,90426.11693297741,13729.552380592684,674.6879446880491,19.435884475708008,0.0,67617.81292465432,92723.76404259252,13985.466457636217,700.6037650482328,19.435884475708008,0.0,68456.289187019,94267.36465498793,14182.5188972763,712.1260345234591,19.435884475708008,0.0,69589.92782112383,95423.06453979904,14286.176264028925,712.1259641899783,19.435884475708008,0.0,71631.81445841322,97765.9095604186,14673.102144950046,708.8867218746859,19.435884475708008,0.0,0.0,0.0,0.0,0.0,0.0,0.0,0.0,0.0,0.0,0.0,0.0,0.0,6.479060649871826,0.0,0.0,0.0,0.0,0.0,0.0,0.0,0.0,0.0,0.0,0.0,0.0,0.0,0.0,0.0,0.0,0.0
"103,151",2498.8538544152757,6.477036714553833,56.869472753300386,9.71542477607727,25.907732248306274,87.43824195861816,6.477036714553833,56.869472753300386,9.71542477607727,25.907732248306274,87.43824195861816,81735.13249001598,73925.86452687114,13614.637734656239,1684.2877500010472,331.9463785526799,0.0,81901.35459404366,73971.21676400128,13631.669762016745,1674.6987116103078,325.4698606369542,0.0,81687.22929450484,74016.57246320855,13632.389963026608,1658.860296079224,328.70833286023606,0.0,81636.42624554448,74032.76839321267,13646.158402038089,1662.0991881576238,318.99291738248337,0.0,81650.1121433417,73999.91017239046,13649.043240050707,1658.8597086158452,318.9929316875981,0.0,3.238542079925537,0.0,3.238494634628296,0.0,0.0,0.0,2.882812025967766,22.31344890874975,31.67321181858287,0.0,0.0,0.0,3.2384157180786133,3.2385199069976807,3.2384891510009766,0.0,0.0,0.0,12.953826665878296,9.715407848358154,3.238497734069824,0.0,0.0,0.0,45.338181495666504,25.90764307975769,16.19241738319397,0.0,0.0,0.0
"104,151",2504.9871273450194,777.0589954329472,1247.4225698153177,1421.0865096793455,1153.6805421371087,1482.370527302985,773.8210710955601,1247.4225698153177,1421.0865096793455,1153.6805421371087,1482.370527302985,45785.62304534351,112579.40531519163,56846.39065247983,12583.792243694792,1548.2880621040567,0.0,45523.28017219656,112123.60514195947,56653.73126956808,12562.207769846449,1541.8121714676126,0.0,45107.227182739865,111454.42810621824,56327.09398090231,12497.451350426207,1541.8120746696695,0.0,44953.375970358014,110772.3553770402,55996.842488640425,12432.694178556929,1538.573835619758,0.0,44697.60116630069,110245.16993758541,55715.1617382704,12410.030289625654,1545.049959667991,0.0,198.0373585691639,411.73667897804114,145.70054388046265,18.346489667892456,0.0,0.0,361.36052629433425,536.7601156206692,300.734441614151,48.56748628616333,0.0,0.0,289.7602529600555,752.506794419943,339.96598958969116,38.85347270965576,0.0,0.0,302.71539477367025,549.8546167485854,275.2078855037689,25.902645111083984,0.0,0.0,309.7557773590088,800.2685685513067,323.77853512763977,48.56764626502991,0.0,0.0
"105,151",2504.2171840130263,1808.0494976735583,1808.0160036713467,1487.6424646723503,1578.6534494745968,2677.107031265894,1808.0494976735583,1808.0160036713467,1484.4058714258904,1578.6534494745968,2677.107031265894,33600.89233168901,92684.29404103803,78606.62227640153,22739.84517642096,3328.418954218135,3.2374107837677,33175.16312629569,91751.17440701652,77923.82736429328,22591.492160678376,3305.7585693247174,3.2374107837677,32680.27113105362,90827.26068040062,77386.42663014826,22457.165637250975,3302.5218916780805,3.2374107837677,32476.166836958306,90122.96043349059,76903.94767433056,22347.922705201545,3299.2844737417554,3.2374107837677,32196.153413809043,89355.25769407889,76432.53148972662,22273.471368817725,3299.2844868547772,3.2374107837677,318.9079220528696,806.8921487677331,574.3649633603937,104.64696568601272,3.2374978065490723,0.0,414.95610462076525,815.024231968674,469.60430289904275,105.19454396191765,3.2368202209472656,0.0,251.67239664021662,671.9413904339659,453.1623223912482,101.15613343949411,6.473628520965576,0.0,314.80728995659774,732.5374662399291,447.1471410872889,80.92476844787598,3.236783742904663,0.0,467.11265405486614,1190.5464473434522,830.0853768068201,186.12600606750038,3.2365469932556152,0.0
"106,151",2503.2938226876613,1785.7941513987146,2853.4501301344703,2485.737587907268,1950.7541882131613,2020.6514777015238,1776.0861781569085,2830.8007313307594,2466.3217265390886,1931.3380631540335,2014.1798342536479,35547.47431477004,105148.64797302602,65028.764252882385,13913.614608392529,1646.289968476576,0.0,35159.02280901834,104134.78107149182,64398.47944506664,13803.592883214766,1617.166477427763,0.0,34431.446272563,102363.4904828324,63535.94126581304,13687.104119167143,1597.7518396237317,0.0,34076.57563137634,101128.41319145502,62935.141034639586,13583.555915221983,1597.7520494320813,0.0,33749.0601768877,100263.05364764812,62614.462537532694,13577.083982333952,1597.7515094139997,0.0,301.08454808721353,854.4158335797927,539.6837278749429,71.19413590431213,9.707932710647583,0.0,577.7614084701912,1524.9520037651062,653.6610657766754,74.42625331878662,0.0,0.0,417.4205539226532,1281.2758847554526,647.895189851873,116.49400901794434,3.236088991165161,0.0,405.8998703900505,1052.6682406743366,417.75844457850735,55.011507511138916,0.0,0.0,457.85416673117993,1129.0924169774148,381.9279569850248,45.305293560028076,0.0,0.0
"107,151",2502.217354031213,895.2447836763719,1143.4586262609446,1188.0617007919386,1223.673324544757,1826.920816716026,895.2447836763719,1143.4586262609446,1188.0617007919386,1223.673324544757,1826.920816716026,33208.597737348784,99709.17432051079,70422.40046953876,16533.87013959791,3887.3925596405475,805.2444899016737,32868.16542922376,99072.83993441172,70051.17569998292,16516.071261243258,3871.219206445357,802.0101840430616,32586.781728852966,98364.50609872857,69784.3215354396,16439.258860496444,3842.1117707420794,763.200866692674,32324.697971543144,97650.29621425332,69432.47893995211,16427.940711711435,3848.5809103180377,763.2008733683942,32098.997266396356,97000.01454212994,69120.37252664659,16374.5812162605,3855.049662463805,766.4353587561964,161.7238621711731,462.55700023314535,258.0253471963546,6.4690234661102295,6.469550609588623,0.0,258.74432396888733,592.7984334861532,259.5715139379688,32.34435486793518,0.0,0.0,214.29001688863718,623.5522178500306,316.26211181247936,33.95735424079147,0.0,0.0,257.31248146225425,597.6522852476905,315.34921377967385,53.35934405513838,0.0,0.0,324.2607695140091,893.6962184906006,544.271666912939,64.69216179847717,0.0,0.0
"108,151",2500.9881399702626,724.1492440700531,1864.706219257093,1149.2731506011064,642.5207615656012,1263.1495329959719,724.1492440700531,1858.2413356911902,1142.807536759096,629.5901237291449,1246.986810646805,26257.4874861764,81154.20367608164,71698.15535112644,22367.642981573183,6843.714456230986,714.2916882393406,26027.95574098101,80824.44503746126,71458.92119022632,22341.777766748506,6835.638146500493,723.9881294128941,25650.447914577002,79929.75150164156,70829.23114252464,22235.82635685603,6770.998449516296,698.1296594498203,25430.616690373892,79235.49529198665,70566.56013280737,22203.494909969966,6745.133525323868,688.4331512806461,25319.893613024324,79068.27505163118,70408.13936859953,22177.635870424907,6725.726030368431,685.2008920071171,158.40418934822083,316.8139307498932,203.67283844947815,42.02495193481445,3.2333335876464844,0.0,278.01263642311096,909.2325012926962,587.6712750995861,83.32492287579704,0.0,0.0,213.36441087722778,634.441221932804,256.20673149613776,32.32858753204346,6.466584920883179,0.0,123.65663271417804,244.07742383433322,216.59961771965027,35.55895185470581,9.697497606277466,0.0,216.58511900901794,543.0894401073456,429.1281487567752,58.18410277366638,0.0,0.0
"109,151",2499.606593461216,697.8477652166404,1250.1703405464395,1332.7563650869856,931.3594470697291,1315.8654124708737,688.1536855791129,1245.3308392038532,1323.0638702177534,921.6667571740992,1302.9425351591672,34940.77111812573,94329.25115067164,64591.205014383086,15054.128728779624,4846.288525866527,340.91466231813615,34834.153816184815,93934.3007224756,64381.21533752796,15018.59213534243,4833.363841341991,340.91483254900163,34372.19480315564,93251.7896870323,63991.159846633076,14985.72490206045,4797.814615387076,331.2205709980983,34032.937982715346,92479.59717357859,63569.520101953945,14875.866217997493,4726.721764848747,311.83266993036455,33750.217882489225,91931.84314034686,63133.350366660656,14782.166453268946,4683.093735328375,306.97865816845615,100.16196942329407,345.68965917568585,197.07032222747802,35.53878140449524,9.69295334815979,0.0,320.6746798094581,579.1226506242565,293.11872083813535,45.9534916120417,6.461296319961548,0.0,326.3319573402405,615.4927685522566,313.38982820510864,54.92679047584534,12.922525644302368,0.0,188.21243167578007,425.7011116757112,262.5172509548711,42.00426650047302,3.231696367263794,0.0,264.94612550735474,630.8823964567746,319.87070751190186,77.54896712303162,9.69433856010437,0.0
"110,151",2498.0731782196503,1046.009219123803,2338.146120531419,4283.843749819551,3674.4487813986984,7663.323598700879,1026.6352369327171,2328.458426697114,4262.863527524238,3638.931678203508,7624.575856524823,38439.25291453903,92866.60177464859,53895.32657205264,11077.55573664179,1050.6056777084575,6.456767320632935,38208.42151309649,92397.41614717315,53670.931773095974,11038.80306206217,1040.9206141079173,6.456767320632935,37827.40084578196,91265.22632452086,53148.914984004645,10969.198855082193,1010.7990346740273,9.68517017364502,37019.12237778738,89203.30848858216,52011.29560962285,10857.792995451011,990.3643634852241,9.68517017364502,36383.023887686635,87426.05657190997,51173.69762403358,10680.199648855247,990.3657653864692,9.68517017364502,229.7230935788622,546.6899959265018,221.1646957023471,19.371742725372314,9.685708999633789,0.0,445.5866403579712,1275.8559508155372,532.7558052539825,58.11683678627014,16.14319348335266,0.0,889.000983100779,2138.3162206416036,1089.1784016889683,122.70303511619568,23.664886976690852,0.0,703.8996529579163,1801.1681678397981,946.5824612552044,184.05229425430298,3.2291018962860107,0.0,1309.3040536815045,3899.604320354088,2062.6520905560137,340.10182963539575,12.913562297821045,0.0
"111,151",2496.388408418314,2722.891471497218,3441.7992285317064,2687.1051932391,3447.594011339487,9006.998777441884,2640.617350102406,3309.485012871611,2590.2990809496714,3331.414878401102,8890.831238322164,29403.704715088305,61455.39741397277,26744.883192882353,5242.5531645073615,2175.4524442719476,673.6445940812429,28789.26292273484,60218.6879081857,26212.821151035907,5167.626618801379,2156.0944065617578,667.1926528294881,28292.939827436556,58709.987822498995,25530.90977561801,5038.913872714136,2066.83786387911,625.2557638963063,28050.440334007784,57761.59520591379,25133.001352543924,4967.935816586251,2006.2532381282133,605.8989998181661,27476.045509741354,56247.51804384062,24371.160521106158,4867.088108469458,1980.439857409982,592.9943379243215,671.9820034896626,1293.884748390609,574.3718094825745,64.88817599427466,29.038963317871094,6.45164942741394,738.3636760477928,1715.2487609853933,678.4278982471017,93.56878137588501,64.52008175849915,19.355814456939697,545.8607962814032,1410.9223661375981,481.33771458981084,69.36493265675563,63.45704197883606,19.356229305267334,593.7663083076477,1780.5850283921934,814.2716590563456,116.98082460048153,19.358104944229126,6.452953100204468,2133.898838634117,4382.176818374559,1927.3178184172687,353.87095157305396,80.6621561050415,12.90465521812439
"112,151",2494.5528483496882,4644.713391709795,5181.1448827032955,3764.9973159659144,2874.721300619724,5392.032638995787,4564.098914552203,5139.227370286456,3674.7223609316584,2742.5100808321263,5275.956458776137,24199.69813912242,38760.33738267,22669.145674170697,8547.2651370703,6304.223454285603,2539.6586096894503,23144.473871006685,36931.062703918935,21644.517920972783,8196.514567812752,6122.9724214759535,2318.812075997334,21899.707379440224,34884.011201005815,20490.27944313498,7727.426467621561,5836.751670866387,2217.2466529182357,21119.441135267174,33557.39460736349,19972.82411350175,7540.433311426874,5701.487010208765,2138.257052703932,20506.845616439736,32542.18325606795,19272.481956954092,7421.508958492093,5575.38817338663,2070.5470307312758,1235.4137640906315,1975.0719231708376,936.4185574419358,283.40164372313257,90.27663516998291,43.51639095568189,1291.9730179197647,2065.0932973469003,1099.405166280036,434.8773704341814,218.85715099409515,29.02136731147766,1073.651228427887,1650.7166121006012,604.4890002166524,209.55705308914185,99.23674527243071,37.071721824945186,738.3330345153809,1059.5417292295717,667.3797500133514,164.41876554489136,90.26522517204285,22.571576356887817,1211.1068141610015,2403.699795060999,1236.2946495869578,289.4517845256656,128.9552412033081,6.448174238204956
"113,151",2492.4334385156803,2300.3626261290383,3207.8994908033633,2232.6562533172905,2248.326804194731,4236.896698321549,2213.3780251082253,3114.4688310323977,2129.558686951095,2109.773036036772,4046.782484378067,25881.241250104536,38000.17109714864,30910.140840018026,14985.833195703171,11528.686615266986,3915.1866452161003,25593.506157084077,37305.4981030726,30268.682189231757,14689.432625548981,11344.951072410508,3873.288919872396,25081.62949186587,36507.76785351903,29505.938248397793,14420.583064431772,11129.188438651141,3818.5127763215232,24987.374336374505,36365.39494776259,29425.891305822486,14372.547771560445,10984.415246740977,3841.0793137017417,24692.01548751476,36243.20553374758,29188.73069660149,14275.001344004799,10968.657192646288,3860.398359483831,367.2794020175934,745.560562810711,631.7834906166676,286.72914838790894,169.13821829721041,12.887202978134155,773.1876697540283,993.9025258625255,765.9508767165389,296.76168622783587,246.00689850601495,38.6591739654541,512.2801303863525,691.378332084768,492.1515416248172,226.84822801047682,174.68219717904634,32.218257665634155,646.500169356664,614.3110452493031,514.9642344652437,234.12600994110107,96.6494734287262,3.2221035957336426,968.4949580033621,1140.2440995281818,1037.561685747259,513.0097475902708,316.5757103592742,70.89628314971924
"114,151",2490.422611306171,2734.4224159549262,1983.2426128574446,1514.5092233620437,2147.643831437242,3259.531441105113,2525.1326091121223,1941.3838157840803,1458.96794461269,2128.324341004503,3166.151502264247,26140.873452621352,47844.881734367445,39279.09857731987,22654.844188822015,22065.192064091738,9739.174138801238,25752.685164477778,46939.945651581715,38761.59838556682,22456.235846790612,22069.807655053042,9824.870676824157,25436.39870255882,46100.48347540089,38124.98612972147,22146.038014827987,21744.762039853074,9630.808296407437,25460.546251368993,45731.64460282606,37686.45315613652,21935.942232508754,21516.62993507385,9550.372011732587,25238.954818374037,45094.76267481412,37200.002781376184,21846.641902344836,21620.028713656407,9659.422288844164,583.5584139842613,1067.537921698888,590.7454704733456,225.34516739845276,51.50500202178955,6.440633535385132,387.95339593700334,790.4221906811583,511.89393082226024,189.94257473945618,61.17172360420227,0.0,264.82170975535524,581.6493439085343,392.7177356149636,165.0520094235738,54.72714591026306,0.0,327.84378340665035,849.4066204276739,637.7647820594264,229.59681141797233,77.27148008346558,6.440863609313965,652.5486780895906,1222.1583453842238,811.694685976178,354.1697714328766,119.13909769058228,6.440923690795898
"115,151",2429.355728367238,12.86972975730896,3.217622756958008,1.779161517760333,4.996784802044139,9.99351619832656,12.86972975730896,3.217622756958008,1.779161517760333,4.996784802044139,9.99351619832656,6943.77034271184,15634.198762785216,22964.073964634128,28259.59452306149,69012.15638575648,41585.22849138578,6921.256597403918,15615.322622778833,22892.322804898842,28284.70318961704,69168.33775313696,41735.21675136978,6926.879552887935,15583.148868086755,22874.63034978287,28299.271279432254,68929.34460239598,41516.424265339796,6875.417735384959,15541.03007946575,22786.9922948856,28217.097777637773,68672.47441287694,41318.88744687473,6968.688247727412,15616.604002586062,22951.578844435073,28362.36206087037,69153.06520667825,41660.95214330823,0.0,3.2172908782958984,9.652438879013062,0.0,0.0,0.0,0.0,0.0,0.0,3.217622756958008,0.0,0.0,0.0,0.0,0.0,1.779161517760333,0.0,0.0,0.0,0.0,4.996784802044139,0.0,0.0,0.0,1.7791620450861314,0.0,4.99675285395454,3.2176012992858887,0.0,0.0
"116,151",2485.706596445576,6.424982786178589,9.636093616485596,3.2120471000671387,3.2120232582092285,6.424058437347412,6.424982786178589,9.636093616485596,3.2120471000671387,3.2120232582092285,6.424058437347412,9103.040345580905,19339.102392444423,29075.855559803458,36159.89274346875,72262.38758021897,36456.3290993597,9176.955296190112,19457.979348668865,29122.42016399421,36243.42651053036,72390.91462745292,36508.79253941611,9205.889331252904,19509.397141704372,29109.61886108436,36209.88610320652,72476.33565480288,36508.84102421835,9334.427298457951,19596.14761663418,29127.306322721408,36123.12971320526,72175.13615416638,36302.501483969594,9371.391277220671,19584.89961395077,29133.751039651797,36164.2035992239,72270.04148582196,36279.142561622684,0.0,0.0,3.2124619483947754,3.2125208377838135,0.0,0.0,0.0,0.0,3.2120471000671387,3.2120351791381836,3.2120113372802734,0.0,0.0,0.0,0.0,3.2120471000671387,0.0,0.0,0.0,0.0,0.0,3.2120232582092285,0.0,0.0,0.0,0.0,0.0,0.0,6.424058437347412,0.0
"117,151",2483.127343486819,16.047939777374268,0.0,0.0,0.0,0.0,16.047939777374268,0.0,0.0,0.0,0.0,13588.522924307279,23289.722417888453,36217.80675896102,47455.422678399555,72850.22930433608,18560.76543595931,13643.073056581907,23273.672921476176,36124.729546388924,47456.255740846376,72897.51644010824,18490.975608023473,13602.13988372204,23247.976938304713,36050.10436822012,47233.9718595402,72717.85446395125,18338.497333424697,13675.974992002222,23222.296824035457,36019.60334335308,47243.615799273706,72615.1307014643,18222.22670390372,13661.528833332246,23152.49152310689,35965.0461960886,47215.54211312089,72526.0505456111,18134.7603955166,3.209667682647705,0.0,6.419384717941284,3.2097294330596924,3.209157943725586,0.0,0.0,0.0,0.0,0.0,0.0,0.0,0.0,0.0,0.0,0.0,0.0,0.0,0.0,0.0,0.0,0.0,0.0,0.0,0.0,0.0,0.0,0.0,0.0,0.0
"118,151",2480.4017190760483,0.0,0.0,0.0,0.0,0.0,0.0,0.0,0.0,0.0,0.0,12706.873138954128,23148.594615213544,35617.33172650243,40977.905413016146,57039.72951782825,14830.219021097817,12686.194194391664,23128.56078193422,35660.60005267274,41059.64088711177,56846.160930793434,14657.106474892296,12609.253504112658,23094.73309952044,35588.2905194217,40896.13111791049,56546.30801730531,14483.994503990807,12606.037985161242,23024.845197016588,35432.46319675071,40738.250519695466,56268.017087207125,14434.990699337977,12572.379623745004,23035.2715130806,35568.526341045595,40847.22323647761,56410.80695309453,14401.317825667997,0.0,0.0,0.0,0.0,0.0,0.0,0.0,0.0,0.0,0.0,0.0,0.0,0.0,0.0,0.0,0.0,0.0,0.0,0.0,0.0,0.0,0.0,0.0,0.0,0.0,0.0,0.0,0.0,0.0,0.0
"119,151",2477.5306260859593,0.0,0.0,0.0,0.0,0.0,0.0,0.0,0.0,0.0,0.0,10898.568037793215,19583.64452905468,28114.669508959265,30076.30404095556,38466.15928660188,9463.92329161588,10864.522738184647,19629.310489878935,28331.41516734759,30249.55312305058,38467.13189438464,9466.06140360832,10793.265552325343,19393.34827617103,28126.66712253421,29889.289168577572,38331.00634324877,9447.888275112826,10793.258977694606,19249.968625632457,27907.110680149115,29627.487641070875,38007.15450499291,9393.444745561188,10796.218766401329,19226.20722452706,27964.374885958317,29608.81405748199,37929.88430891972,9395.603751318127,0.0,0.0,0.0,0.0,0.0,0.0,0.0,0.0,0.0,0.0,0.0,0.0,0.0,0.0,0.0,0.0,0.0,0.0,0.0,0.0,0.0,0.0,0.0,0.0,0.0,0.0,0.0,0.0,0.0,0.0
"120,151",2474.515013632406,0.0,0.0,0.0,0.0,0.0,0.0,0.0,0.0,0.0,0.0,7371.614217162599,15989.986742182338,22177.19299141005,24731.07754155795,42733.75145122023,21758.359585287053,7473.453379091561,15993.260247870052,22200.322537151034,24772.123579544183,42923.12250183143,21752.060460195353,7332.690592226327,15753.295725335327,21872.393448328505,24449.798123817818,42909.61931498472,21711.361870533816,7127.97802990371,15296.962255117938,21155.646947058507,23703.643897849444,41960.18456395654,21475.986097692043,7076.2805205261,15226.342743947458,21013.857698750962,23407.706275182616,41585.17395847732,21277.552155862137,0.0,0.0,0.0,0.0,0.0,0.0,0.0,0.0,0.0,0.0,0.0,0.0,0.0,0.0,0.0,0.0,0.0,0.0,0.0,0.0,0.0,0.0,0.0,0.0,0.0,0.0,0.0,0.0,0.0,0.0
"121,151",2471.355876446026,0.0,0.0,0.0,0.0,0.0,0.0,0.0,0.0,0.0,0.0,6582.997033773684,11855.288966854878,16498.93182968532,18660.792419226033,54602.2773700845,74645.04948624069,6491.512101634344,11740.28347130663,16307.162245154846,18488.655102797115,54077.71864585315,73830.65949784635,6469.164962514242,11762.64838357813,16335.130281588608,18427.983741589152,54081.71034445482,73839.54907798207,6389.325321181615,11681.988350876638,16242.506265780503,18276.35283403584,53700.45026303272,73375.80693974403,6325.091203101476,11576.584738501379,16054.501474713343,18208.002615963247,53313.44024073282,72743.69030148564,0.0,0.0,0.0,0.0,0.0,0.0,0.0,0.0,0.0,0.0,0.0,0.0,0.0,0.0,0.0,0.0,0.0,0.0,0.0,0.0,0.0,0.0,0.0,0.0,0.0,0.0,0.0,0.0,0.0,0.0
"122,151",2468.0542542097064,0.0,0.0,0.0,0.0,0.0,0.0,0.0,0.0,0.0,0.0,8642.874688209271,14645.478230366989,18897.83078612533,21875.232139534106,62470.35380859843,78547.36475349033,8597.853130305983,14648.66512120752,18859.19983338094,21849.698565429797,62366.82893699478,78359.46799167091,8596.262568810407,14632.719504723831,18846.42071889615,21848.91179912511,62317.35861543768,78280.4083373659,8561.168390133802,14552.963787207886,18749.12240131415,21804.247386865056,61941.28501672371,77457.53074243771,8551.94847245497,14552.96074260263,18711.19744869026,21743.652762345708,61826.45430345162,77181.44186125831,0.0,0.0,0.0,0.0,0.0,0.0,0.0,0.0,0.0,0.0,0.0,0.0,0.0,0.0,0.0,0.0,0.0,0.0,0.0,0.0,0.0,0.0,0.0,0.0,0.0,0.0,0.0,0.0,0.0,0.0
"123,151",2464.61123087194,0.0,0.0,0.0,0.0,0.0,0.0,0.0,0.0,0.0,0.0,8158.370076156131,13873.060469514247,17340.883056616312,19239.8898375801,58325.596221066466,79034.27074086711,8132.878509021274,13761.58055890214,17200.705610250956,19095.961194862102,57772.420740911075,77868.13096152378,8148.805614209644,13774.317944413538,17242.125604366785,19134.173472751354,57847.261302942396,77890.16386716973,8155.170596814624,13828.470003968592,17254.84508011294,19154.08764937625,57883.075948101876,77973.63061103167,8155.172673678867,13834.843017941828,17258.040996288782,19127.803050540475,57787.50283823669,77636.01268768124,0.0,0.0,0.0,0.0,0.0,0.0,0.0,0.0,0.0,0.0,0.0,0.0,0.0,0.0,0.0,0.0,0.0,0.0,0.0,0.0,0.0,0.0,0.0,0.0,0.0,0.0,0.0,0.0,0.0,0.0
"124,151",617.9279286130677,0.0,0.0,0.0,0.0,0.0,0.0,0.0,0.0,0.0,0.0,1977.75686991355,3799.67344233008,5080.660177696453,5414.100286044328,16106.01207327562,17504.419148002886,1977.75665176055,3777.396899428087,5077.479449022518,5402.793717595644,16047.311989431755,17347.86132188965,1971.3913723244386,3780.5773253104267,5083.841656196819,5402.79305717618,16069.586899643318,17341.490728580247,1965.0261770500856,3790.1250137946186,5109.299122799144,5399.606414529389,16079.124718313591,17441.89313022389,1971.390833975287,3783.7595624587116,5090.201873052822,5390.055720779009,16075.936986093895,17407.611101321614,0.0,0.0,0.0,0.0,0.0,0.0,0.0,0.0,0.0,0.0,0.0,0.0,0.0,0.0,0.0,0.0,0.0,0.0,0.0,0.0,0.0,0.0,0.0,0.0,0.0,0.0,0.0,0.0,0.0,0.0
"91,152",280.4487203621298,0.0,0.0,0.0,0.0,0.0,0.0,0.0,0.0,0.0,0.0,335.7516026178996,9.700570583343506,2.612061018102309,0.0,0.0,0.0,352.6045988382077,9.700570583343506,2.612061018102309,0.0,0.0,0.0,436.5504112982282,16.167619943618774,2.612061018102309,0.0,0.0,0.0,806.932605085186,22.63449001312256,7.43045981351067,3.2334582805633545,9.700287342071533,0.0,1152.5669638231686,22.63449001312256,10.663894729053272,3.2334582805633545,9.700287342071533,3.2334232330322266,0.0,0.0,0.0,0.0,0.0,0.0,0.0,0.0,0.0,0.0,0.0,0.0,0.0,0.0,0.0,0.0,0.0,0.0,0.0,0.0,0.0,0.0,0.0,0.0,0.0,0.0,0.0,0.0,0.0,0.0
"92,152",2502.3979856832925,0.0,0.0,0.0,0.0,0.0,0.0,0.0,0.0,0.0,0.0,65503.10083795714,5381.374801470252,551.7751897512697,126.15784931182861,129.3925278186798,80.86977791786194,68007.42754108485,5723.6931958469695,671.4598206220888,171.44391322135925,168.20899438858032,129.39076399803162,70587.09420056155,5946.879642475353,736.1545039354586,187.61735844612122,187.6169958114624,139.09460973739624,74580.68989852643,6242.314459412706,809.7409106385473,197.3208999633789,200.55582356452942,152.0336480140686,85676.16743708964,7072.770063049654,919.7243829858069,226.43404173851013,216.72967863082886,158.50331330299377,0.0,0.0,0.0,0.0,0.0,0.0,0.0,0.0,0.0,0.0,0.0,0.0,0.0,0.0,0.0,0.0,0.0,0.0,0.0,0.0,0.0,0.0,0.0,0.0,0.0,0.0,0.0,0.0,0.0,0.0
"93,152",2503.4747543893723,0.0,0.0,0.0,0.0,0.0,0.0,0.0,0.0,0.0,0.0,34198.3863360779,28797.076127201894,22271.84462876226,7391.3381545908305,1981.9242141648836,582.4014141559601,34863.79081566101,29281.372424634297,22539.454383390086,7598.458025015101,2059.5953760549137,595.3450384140015,35194.33947780647,29524.424287124704,22693.98149863972,7458.960015321245,2001.3480534955568,582.4043288230896,35668.56364720756,30540.58065987568,23411.03257843186,7672.19277788424,2024.8177256275626,575.9343135356903,37591.44167393142,31580.810035734547,24621.65687296344,8050.814749729867,2096.3671888856325,572.7014548778534,0.0,0.0,0.0,0.0,0.0,0.0,0.0,0.0,0.0,0.0,0.0,0.0,0.0,0.0,0.0,0.0,0.0,0.0,0.0,0.0,0.0,0.0,0.0,0.0,0.0,0.0,0.0,0.0,0.0,0.0
"94,152",2504.398376071177,0.0,0.0,0.0,0.0,0.0,0.0,0.0,0.0,0.0,0.0,77424.83852394608,27058.70735800593,12228.620013696072,4229.098026203642,1125.5567225203795,93.86225748062134,78533.85932778938,27649.864159399855,12570.271880638831,4345.613857435713,1206.4703985438628,110.04507637023926,79197.43489360435,28063.820324463002,12686.43925057673,4352.443922459845,1229.1264556632323,126.22822213172913,79702.73077870256,28587.79660148621,12966.950038027295,4456.367442798614,1255.0192955718321,129.46498274803162,80100.07690716257,29047.046340251432,13267.601099073185,4566.410564613342,1319.394989383922,122.99143981933594,0.0,0.0,0.0,0.0,0.0,0.0,0.0,0.0,0.0,0.0,0.0,0.0,0.0,0.0,0.0,0.0,0.0,0.0,0.0,0.0,0.0,0.0,0.0,0.0,0.0,0.0,0.0,0.0,0.0,0.0
"95,152",2505.1685386131367,0.0,0.0,0.0,3.2377822399139404,3.2379839420318604,0.0,0.0,0.0,0.0,3.2379839420318604,80978.04709908355,57047.0255247247,14443.595736829908,1748.2359264093286,644.1427427226422,165.15609216690063,83295.00692548939,58755.1401702619,14770.89788552546,1774.1405959325677,647.3811539107678,165.15609216690063,84520.59195581324,59657.46938706005,14976.32856181089,1812.9968662458307,673.2881537371991,168.39447450637817,86699.24932635158,61333.398101539235,15376.761414396999,1880.997876663769,676.5257755214093,171.63284516334534,88358.14356920018,63101.18777185607,15889.41684153501,1958.7056870656854,691.6375259651857,174.87122440338135,0.0,0.0,0.0,0.0,0.0,0.0,0.0,0.0,0.0,0.0,0.0,0.0,0.0,0.0,0.0,0.0,0.0,0.0,0.0,0.0,0.0,0.0,0.0,0.0,3.2379839420318604,0.0,0.0,0.0,0.0,0.0
"96,152",2505.7849816008684,19.433143615722656,171.65644359588623,61.53688406944275,139.2793173789978,113.36712384223938,19.433143615722656,171.65644359588623,55.058740854263306,132.8011655807495,87.45452737808228,93778.11043353172,44732.110360651386,15280.719921827318,5159.400294402067,3524.6844359463335,663.9214949607849,94673.43184071989,45592.41826497713,15985.686595521254,5548.041936972562,3754.630430085051,689.8308999538422,95148.70526429905,46214.3007733345,16449.318418517767,5842.757953026716,3991.052472693312,770.7976250648499,95858.3648290718,46885.65422318308,16868.16861575164,6064.598794466841,4162.700020176757,796.7072651386261,96218.02411153923,47170.35959012649,17132.675729528128,6181.190106875289,4280.359553119248,812.9003205299377,19.433143615722656,0.0,0.0,0.0,0.0,0.0,136.0289158821106,35.627527713775635,0.0,0.0,0.0,0.0,25.91020679473877,29.148534059524536,0.0,0.0,0.0,0.0,87.45439958572388,45.346765995025635,0.0,0.0,0.0,0.0,61.542025089263916,25.91250228881836,0.0,0.0,0.0,0.0
"97,152",2506.2474964954768,48.590545654296875,246.19827580451965,87.46631622314453,9.718225240707397,12.957330465316772,48.590545654296875,246.19827580451965,87.46631622314453,9.718225240707397,12.957330465316772,137726.21363397955,56328.56917537521,6340.433600421045,945.0603056533664,411.38716173171997,6.478477239608765,138189.11776354644,56508.98244001071,6372.828047509287,951.5393603427738,421.10541343688965,6.478477239608765,138542.9362245214,56611.19389193385,6401.169083327873,945.0609315021366,430.8232452869415,6.478477239608765,139378.16208914216,56877.07919796962,6407.647734851463,951.5394693000644,440.5412395000458,9.717753410339355,139859.3039711167,56954.82129868526,6430.322693557365,948.3003559692233,440.54145550727844,9.717753410339355,45.351349115371704,0.0,0.0,3.239196538925171,0.0,0.0,226.7618441581726,19.436431646347046,0.0,0.0,0.0,0.0,84.22697949409485,3.2393367290496826,0.0,0.0,0.0,0.0,6.47907829284668,3.2391469478607178,0.0,0.0,0.0,0.0,12.957330465316772,0.0,0.0,0.0,0.0,0.0
"98,152",2506.555926771111,136.07132363319397,359.6131339073181,268.9021825790405,366.0979449748993,456.8126754760742,136.07132363319397,359.6131339073181,268.9021825790405,366.0979449748993,456.8126754760742,164030.06246049638,23506.127847386342,2251.686054468155,200.05776387663448,9.719544172286987,0.0,165160.74306137796,23677.839500380498,2297.0441620349884,206.53758079023922,9.719544172286987,0.0,166161.10966662614,23878.709344340306,2319.723165512085,216.25716287108028,9.719544172286987,0.0,167506.3337729716,24172.805767694175,2374.8005726337433,219.49702650518978,9.719544172286987,0.0,168228.23896035776,24412.549742618263,2403.958340406418,219.49702650518978,9.719544172286987,0.0,126.35179233551025,9.719531297683716,0.0,0.0,0.0,0.0,330.4551990032196,25.918132305145264,3.239802598953247,0.0,0.0,0.0,246.22345995903015,22.678722620010376,0.0,0.0,0.0,0.0,323.97994661331177,38.87811064720154,3.2398877143859863,0.0,0.0,0.0,437.37386298179626,19.438812494277954,0.0,0.0,0.0,0.0
"99,152",2506.7101680197147,119.87828373908997,51.83945631980896,132.8382749557495,236.5171341896057,194.3975019454956,119.87828373908997,51.83945631980896,132.8382749557495,236.5171341896057,194.3975019454956,106914.70075901254,62390.784885880516,5525.71115918253,207.3581657409668,6.479974031448364,0.0,108474.82877208204,63728.982910750885,5707.149876070957,217.07808709144592,6.479974031448364,0.0,110837.65516081886,65093.81263691677,5895.068534804325,217.07802271842957,6.479974031448364,0.0,111944.27628961639,65914.33988833895,6044.1072544584085,226.79792714118958,6.479974031448364,0.0,112956.20507942555,66748.80738543249,6186.6661812791635,236.5178415775299,6.479974031448364,0.0,90.71873569488525,25.9195716381073,3.239976406097412,0.0,0.0,0.0,19.4398136138916,29.159697771072388,3.2399449348449707,0.0,0.0,0.0,100.43860650062561,32.3996684551239,0.0,0.0,0.0,0.0,158.75806140899658,77.75907278060913,0.0,0.0,0.0,0.0,119.87851643562317,74.51898550987244,0.0,0.0,0.0,0.0
"100,152",2506.710168019695,35.63965630531311,61.55945539474487,6.479938268661499,16.199829816818237,0.0,35.63965630531311,58.319459676742554,6.479938268661499,16.199829816818237,0.0,83328.53221659192,69738.33891589969,6586.601452752654,274.5847348372141,9.719815254211426,0.0,86437.99554749095,72768.59761571509,7107.422513123118,287.5445291201273,19.43966269493103,6.479994297027588,88843.8808960606,74448.6959056901,7408.739726420008,303.74447862307227,25.919631719589233,6.479994297027588,90420.2933062329,75965.15407510083,7625.640180204427,310.2244631449381,25.919631719589233,6.479994297027588,91776.01272203783,77043.12684934186,7714.733306786592,313.46446077028907,25.919631719589233,6.479994297027588,29.159714937210083,6.479941368103027,0.0,0.0,0.0,0.0,48.59951972961426,9.719939947128296,0.0,0.0,0.0,0.0,6.479938268661499,0.0,0.0,0.0,0.0,0.0,12.95986270904541,3.239967107772827,0.0,0.0,0.0,0.0,0.0,0.0,0.0,0.0,0.0,0.0
"101,152",2506.5559267711433,0.0,0.0,0.0,0.0,0.0,0.0,0.0,0.0,0.0,0.0,61751.99945309395,64523.975679541574,6983.695217915143,236.50282788276672,0.0,0.0,64783.5969870801,67869.86421967021,7235.588989457898,246.2222912311554,0.0,0.0,67506.60066645847,70126.97434555969,7511.773080355513,242.98264265060425,0.0,0.0,69778.46269509278,72477.28325044407,7688.527793415855,244.04990694943598,0.0,0.0,72153.64290608051,74963.64696099897,7905.594859608482,244.04991624776056,9.719618797302246,0.0,0.0,0.0,0.0,0.0,0.0,0.0,0.0,0.0,0.0,0.0,0.0,0.0,0.0,0.0,0.0,0.0,0.0,0.0,0.0,0.0,0.0,0.0,0.0,0.0,0.0,0.0,0.0,0.0,0.0,0.0
"102,152",2506.247496495478,0.0,0.0,0.0,0.0,0.0,0.0,0.0,0.0,0.0,0.0,79713.78340412305,72579.78071836864,7503.585027198231,436.04348491313414,22.67544937133789,0.0,81531.08210922407,74800.90605247255,7691.469310979282,439.2829620707269,22.67544937133789,0.0,82950.45532057424,76464.2923017829,7696.322844754014,442.5223252642389,22.67544937133789,0.0,84545.1241488681,77226.66057449789,7693.084204445634,444.68246156655107,22.67544937133789,0.0,86763.81619207344,78844.51783364147,7780.550359497819,444.68243557892595,25.914933681488037,0.0,0.0,0.0,0.0,0.0,0.0,0.0,0.0,0.0,0.0,0.0,0.0,0.0,0.0,0.0,0.0,0.0,0.0,0.0,0.0,0.0,0.0,0.0,0.0,0.0,0.0,0.0,0.0,0.0,0.0,0.0
"103,152",2505.7849816009016,239.6743574142456,229.9590322971344,372.47276878356934,84.20986986160278,103.64360499382019,239.6743574142456,229.9590322971344,372.47276878356934,84.20986986160278,103.64360499382019,95295.34421189438,83184.41844037935,7130.507215964561,671.7749450945387,74.48750019073486,16.19219136238098,96401.07190487899,83828.9498181717,7153.177268254523,675.013439729167,74.48750019073486,12.953778743743896,96933.96277066584,84359.75777737393,7185.564098346,671.774973227931,74.48750019073486,12.953778743743896,97108.8773602897,84505.15936384108,7217.139284164766,681.490927770091,77.72599411010742,16.19223403930664,97892.3649236193,85056.89569025321,7230.446572808659,694.4453271173963,77.72599411010742,16.19223403930664,152.2255859375,74.49342346191406,12.955348014831543,0.0,0.0,0.0,116.59842777252197,106.88297271728516,6.4776318073272705,0.0,0.0,0.0,174.90040826797485,191.09478902816772,3.2387430667877197,3.238828420639038,0.0,0.0,35.627567768096924,42.10470747947693,6.477594614028931,0.0,0.0,0.0,51.821858167648315,51.821746826171875,0.0,0.0,0.0,0.0
"104,152",2473.3014211247705,444.639855782191,202.89355524381,608.9477393804812,249.29981112480164,356.14278841018677,444.639855782191,202.89355524381,608.9477393804812,249.29981112480164,356.14278841018677,95127.55828776078,81896.68289674776,8463.334408448723,522.0344927254845,58.28750205039978,0.0,94817.8354416118,81635.51198623038,8427.719729589015,522.0344927254845,58.28750205039978,0.0,94465.02426670393,81450.24583731631,8414.769404815226,518.7964131776024,58.28750205039978,0.0,94031.12175499504,81104.88324616937,8362.964832948237,515.5580789986778,51.81110119819641,0.0,93562.1345073167,80962.05504121499,8359.372357059929,512.3198370877434,55.04910969734192,0.0,158.64806389808655,253.61543480555216,32.376357078552246,0.0,0.0,0.0,80.94367384910583,108.99941213925679,12.950469255447388,0.0,0.0,0.0,254.69892247517902,321.87278216866883,32.3760347366333,0.0,0.0,0.0,97.13139414787292,135.9803524017334,16.188064575195312,0.0,0.0,0.0,148.93401646614075,191.0205147266388,16.188257217407227,0.0,0.0,0.0
"105,152",2504.398376071272,1887.8141730953666,2614.0048621869555,2801.8582941251643,2500.824464675492,2422.4797827907632,1884.5767480064842,2614.0048621869555,2801.8582941251643,2500.824464675492,2412.7694978424142,62697.92786776505,117666.90147014975,36747.55843642179,4447.457686736538,263.61363049488443,0.0,61999.94755163661,116599.67883376329,36372.096824435626,4421.564276053859,260.37689586620706,0.0,61278.3277449103,114896.7446724901,35903.59696633021,4373.013540580227,260.37689586620706,0.0,60558.30866175446,113517.81632357578,35544.50209868749,4334.984227042105,257.13990756016153,0.0,60033.06540951635,112148.30670125062,35077.61429109667,4318.8009422825835,257.13990756016153,0.0,550.8863339470882,993.8346644523098,320.43654131889343,19.41920828819275,0.0,0.0,623.5332041179432,1531.6822110353733,426.4233219268275,32.36612510681152,0.0,0.0,895.0810827012156,1499.942330684849,368.8059195836385,34.7919728494158,3.2369883060455322,0.0,625.337157570147,1395.6537290124334,460.4127976726083,19.420780420303345,0.0,0.0,543.793407201767,1362.8103182203631,456.00237123451984,46.92685848404379,3.2365427017211914,0.0
"106,152",2503.474754389284,3329.2897482367125,4406.64359012398,4685.964160206739,5348.8934493868965,4856.071119361765,3329.2897482367125,4396.935923726885,4676.256535532895,5335.95117672378,4852.835235410578,43424.93121494499,92893.27745699883,51629.215313542125,6689.069509574479,568.0258836774265,0.0,42401.363951061285,91168.2036962453,50926.32432955387,6614.64913446576,564.7902445821201,0.0,41364.3757544985,88874.08751507553,49869.833491862984,6524.052107163971,564.7896096734439,0.0,40171.106861270644,86471.4412786306,48767.173442676954,6394.629863807267,555.0836267499362,0.0,38894.42855778769,83632.0648426701,47582.88193304866,6307.270759412354,551.8481054334079,0.0,879.4006746207966,1695.950872665293,685.9884340763092,67.94976687431335,0.0,0.0,1015.312438919965,2292.7865126918346,1004.7131606317034,84.12381148338318,0.0,0.0,1147.9604558804456,2344.7473204444436,1067.06970261125,110.00834035873413,6.470716238021851,0.0,1247.5614070920383,2829.6781678975794,1177.8231329917908,80.8884687423706,0.0,0.0,1064.5690970420837,2616.6565690096686,1089.988564078948,75.14881656871123,6.472188711166382,0.0
"107,152",2502.3979856833366,1635.79493784624,3498.2091930155657,4565.309826238483,3653.294585500044,3829.6528746324425,1632.5610089274014,3491.7412679438494,4562.075029714435,3653.294585500044,3826.4186746316796,64313.78882858612,93304.4019014153,50923.987202459226,7126.793229874443,241.771547387628,0.0,63555.26757938814,92589.6241378831,50704.77230952488,7120.326476391624,238.53657085755293,0.0,61636.335883161126,91155.08598302207,50340.92366235022,7095.263418106005,241.771547387628,0.0,59671.50829911512,89385.8851973487,49824.16836896411,7030.581998733446,241.771547387628,0.0,57504.59043336195,87828.40241352064,49339.02636638156,6972.367324260637,238.53710896828596,0.0,820.7608655200285,637.1432723269743,161.71970105171204,12.937170028686523,0.0,0.0,1747.5231025723851,1356.9191701617897,358.1911599168591,29.107835292816162,0.0,0.0,2116.8262040792724,1847.6330927100835,536.1667490173788,61.448983907699585,0.0,0.0,1688.2797486782074,1421.6562157013836,485.1431694030762,54.98101329803467,3.234438419342041,0.0,1473.9867075405868,1444.2398779934529,818.3419063091278,86.61538602604585,3.2347967624664307,0.0
"108,152",2501.168433562941,2052.1046485339893,3340.530623652888,4038.6717252983767,3695.9029034810906,5528.713926371406,2032.7064992820515,3317.898839929057,4022.5071480526644,3686.203850432003,5519.738217942855,75734.61924056071,66650.62897697616,25361.019852124944,3392.6132445503686,204.62660464305503,6.4651172161102295,74835.88966850299,66111.45467612322,25070.06226440598,3366.753656880996,214.3248093988381,6.4651172161102295,73364.94087485332,64713.15656333437,24505.044973516466,3302.098803060195,217.55706438083274,6.4651172161102295,71499.6138019945,63069.166334956295,23849.594639144223,3182.4955268074486,211.0924104120217,6.4651172161102295,69489.64204535018,61726.646280325156,23370.400254751654,3117.838277356765,211.0924104120217,6.4651172161102295,992.466635465622,694.3302895461811,310.3503797054291,32.327181339263916,3.23201322555542,0.0,1419.2310183048248,1304.5581449658262,526.2241421334884,67.8855345249176,0.0,0.0,1761.8770215511322,1517.9020022981306,636.0546937605914,103.44143652915955,3.2319939136505127,0.0,1896.82621736059,1262.4147407774833,462.3037784099579,64.65911388397217,0.0,0.0,2650.5163666500766,2233.162025342268,548.7733696039985,80.82094860076904,6.465507745742798,0.0
"109,152",2499.786512890515,1344.78000980265,2661.8558947282677,3722.381337753932,3049.8703923113208,5552.49851121061,1338.3183487022625,2632.7794675069695,3696.533897749583,3043.408165443645,5509.774515230515,54032.86084101528,73307.25669757901,35028.399312117515,4584.3141539704575,279.6517855952768,0.0,53609.62298857371,73031.07763771825,34954.096044161735,4568.155824006773,286.1131782363443,0.0,52522.70401196106,71642.96361461809,34529.95574600369,4487.384964765288,279.6507029365091,0.0,51165.40275954266,70037.12362786556,33932.263660975994,4403.381213010527,260.2653682063608,0.0,49961.990991166065,68682.96388979613,33485.34157909225,4371.075261653639,269.95841668353364,0.0,520.1652262210846,575.8330526912914,219.70138144493103,22.618688344955444,0.0,0.0,941.5252586084254,1271.793803689994,367.7661539096458,48.46250343322754,3.23174786567688,0.0,1425.1599508930653,1609.072639655132,571.8379888534546,80.77020025253296,9.69311809539795,0.0,1149.4519793921827,1376.0479648926678,475.9098030660667,41.99841809272766,0.0,0.0,2026.838865193199,2292.2971652283386,1071.1095133753383,116.29834055900574,3.230630874633789,0.0
"110,152",2498.252689503422,2032.0242502296674,3567.57698115648,5008.041779465769,3528.630592023625,7760.327399245431,2019.1079587543713,3541.7434481078503,4910.098797397988,3492.0496608874378,7681.767445129507,42377.49905030121,84491.822414099,39037.56500080614,5000.057210144342,430.12086615749433,16.14030623435974,42106.26429226819,83572.61587799671,38541.41942768658,4904.295844988729,433.34882364460066,16.14030623435974,41209.6420075669,81832.22011069505,37647.79073201909,4803.143137064168,430.12058530040815,16.1402747631073,40011.98942557036,79551.2676226644,36568.28423770456,4648.1619280244795,420.4355054874046,16.1402747631073,39254.537610867446,78060.83472183265,35871.82787627613,4628.789466228672,417.2079483050926,19.36850619316101,403.6393494606018,991.286947965622,544.5704762739294,79.61118505421807,0.0,0.0,890.1554263142978,1681.2081593214295,869.2274053639056,101.15245710821713,0.0,0.0,1278.3982245529398,2326.169188346115,1134.4078872512368,167.8952658176422,3.228231430053711,0.0,891.2728168964386,1712.9991604131812,823.2006607869092,58.12110733985901,6.455915451049805,0.0,1919.0919866795634,3843.286926106846,1725.6486946966133,184.05506896972656,9.684768676757812,0.0
"111,152",2496.567479904931,4203.5740136305485,4650.000881409178,4227.7395169061765,3023.2864162192627,4732.054521904739,4045.479984442393,4546.384695289649,4106.2005334022,2975.9574273492776,4642.787473466349,18473.66362032517,48367.61492872145,31331.565541537606,6448.5298311308325,1783.846611397874,629.2887578010559,17844.41335470069,46554.619434183725,30197.829882903196,6253.825921177397,1770.9391206675884,613.1535496711731,17098.45937143868,44420.979444663666,28846.82219348141,5996.733321626513,1709.6275474006054,606.7007522583008,16488.548735490498,42454.87614479812,27669.19119343758,5777.280397374957,1674.1313244277355,609.9268620014191,16204.562926641163,41310.060684379874,26836.15054969601,5658.690456956975,1632.1805361682293,593.7915644645691,693.777325630188,1952.2770540714264,1127.2748103936513,233.4268415768941,22.588736057281494,16.13521671295166,804.0234372167026,2177.008747063431,1295.3563961197349,218.36855308214822,38.71949648857117,12.90806531906128,693.8089754581451,1982.2257611845052,1152.630204441968,219.45129561424255,45.17541003227234,12.908886671066284,393.6916732788086,1369.6940514816956,990.714019536972,176.67863236782597,38.72468400001526,6.454366683959961,888.1914430627636,2210.4530545038333,1237.5691076250637,248.48883724212646,54.858182430267334,3.226848602294922
"112,152",2494.7314509182984,2469.862132802664,3495.0363641467748,1967.806832448174,1313.9444730768016,1621.6150568335663,2324.7774171978817,3308.390351818122,1900.097911492516,1275.2530935296825,1541.0077958911072,15935.938407293022,13082.440084821106,6272.72208363028,2706.440846476835,1819.6960574252932,241.4440123464547,15326.998212196315,12435.570318974704,5940.918427793652,2558.4878245306945,1799.6465294276966,234.998087349125,14115.82322684737,11172.746433256189,5344.85767378994,2317.758709692487,1712.5984511291279,228.54715079326257,13836.072523626626,10623.02645687683,5016.737189127416,2138.2735507572397,1677.1356840049518,218.87403744716272,13758.833422216714,10458.693687995274,4845.875607907538,2073.790852793525,1683.2302793802,218.87672275561914,847.5588707353554,833.8549395486419,398.701006453645,180.1863946344338,61.2528350353241,3.2233707904815674,1222.0228397846222,1188.6718460054958,569.917944317238,240.72785241183112,83.82449650764465,3.225372791290283,757.0090459636613,608.977653684803,296.2380842592202,176.61936438597883,58.030558824539185,3.2232043743133545,486.87499594688416,401.85093604162626,238.22348660487756,103.17251491546631,38.68440055847168,6.446759462356567,579.2175560250001,543.7166097042607,244.68715256709677,109.2655009653054,64.1209766294442,0.0
"113,152",2492.6115314330796,1867.9051775146932,3045.9003108464035,2256.4422827253156,2052.4730126633362,6632.1025226219035,1732.5808884312123,2926.6797107182297,2143.6783338079267,1939.7114982380585,6464.560837755952,12851.434980560753,24581.830368029838,24108.21174589512,12495.2237990183,8068.259447655024,3257.632837879891,12621.50014665267,24090.110139593424,23733.4223459945,12225.27483094814,7957.498105809268,3154.520238427555,12228.05665397083,23155.569475667617,22984.73850215463,11743.557278634054,7708.539770998674,3102.9512336534613,12077.8217542265,22688.53609721707,22362.559414025847,11436.181263258879,7582.882425226884,3105.0902910513037,12126.197928438001,22626.640693747762,21946.713201343315,11276.191526781344,7559.633012985715,3249.015120613809,229.11299949627295,521.5055980757171,502.57604141889834,318.25999225915643,125.67908310890198,35.447174072265625,415.6371681690216,887.9866815576366,787.6765091877357,484.9327632286969,292.44025355507347,58.00633502006531,241.25290119133743,634.2066918522703,709.8859944175272,342.4618612130483,186.87194848060608,28.998936653137207,206.17584490776062,549.7971183458965,698.3274642402051,330.75918165842694,141.76169800758362,12.890191078186035,821.8214867947148,2022.2945278410818,2239.5265254600376,856.2219549590467,457.03853058254015,67.65781211853027
"114,152",2372.171012940241,1179.9348365905237,1563.8371944923028,1379.5820035308016,1006.5635077242757,2066.375022279515,1134.8580124022913,1512.3194902438745,1335.3156045343362,938.9409972910787,1956.8849657647752,17718.33348076764,36458.80984464159,42460.515123547775,28823.24710039251,24459.570189284343,7572.928656110576,17564.91774382217,36064.634588254674,42303.2830479837,28757.212095335417,24433.100464663792,7588.948043868122,17314.55079595902,35711.04769613135,41935.61358757488,28556.76810069458,24209.303033921296,7547.213359693453,17182.128916150446,35672.79691446435,41842.448664338925,28505.8684784403,24213.063452830964,7620.87839276183,17191.071813299142,35861.04612000596,41792.54323469612,28481.631100418053,24421.55921076793,7771.424903224497,182.71763753703996,424.7352397647558,301.0082945141138,142.7012097975787,74.03443717956543,9.661193609237671,278.32593702615475,477.7946029223648,432.2064054115146,189.17436052116693,131.6003286707635,3.21785569190979,171.87883474593067,347.85223958445533,450.6496956348419,244.9327912274529,113.56506738569222,6.436975955963135,141.6457917690277,278.4636277535383,318.2074699953491,145.91604035601895,54.708067417144775,0.0,488.359799155067,711.8861954754474,472.0333415461522,220.22094621751822,57.94594478607178,6.438738584518433
"115,152",2487.8961497232817,82.52446856498719,76.42632141393774,82.55071892738343,260.87609709010405,339.0847793719348,79.30716910362244,73.20880666059607,82.55071892738343,260.87609709010405,339.0847793719348,8985.110061814737,20385.011841201784,30949.583404378325,37819.9049668471,75840.38498149104,26118.36744333622,9010.835943868113,20363.94277569827,31020.01047645456,37845.64684082667,76173.48459662736,26330.65900025274,9019.496644358542,20429.696285180486,31119.696266039675,37930.690367568706,76508.75439257154,26620.77553604444,9022.706140379812,20423.96615054467,31038.465600894477,37878.170769900906,76362.136091481,26447.05786462765,9003.406068663504,20414.321879886178,31036.370655992912,37896.75206708254,76600.20330606723,26582.097543540658,6.431990146636963,14.643761090671315,22.85682627734016,25.730620861053467,9.643970727920532,0.0,8.213856127682854,4.996728936363669,12.866798400878906,1.7791611222659842,45.352262073404646,0.0,0.0,14.648746661578908,28.95682668685913,21.081221513187185,17.863924065758198,0.0,19.294846296310425,48.23798990249634,76.85632863605724,71.46596739432391,45.02096486091614,0.0,7.147951818914974,28.9425106048584,117.20592934103573,82.89940197327557,99.67437028884888,3.2146153450012207
"116,152",2485.883088296356,93.19883251190186,196.02694606781006,112.49162244796753,269.6128717590781,636.751409698935,86.77522921562195,192.81513833999634,112.49162244796753,263.1896036793204,633.5377332462983,12693.634866108614,28120.524949621686,44574.1380267003,41384.75989437478,40536.44444405424,10348.108176851272,12748.232441057879,28149.404282164105,44586.96375225572,41323.70207953828,40536.4244772135,10438.076168203354,12847.873023380953,28139.74662001086,44596.5965041974,41220.87567615884,40432.91105826882,10514.505998830235,12973.218078484255,28188.641206313114,44696.155140385905,41189.46241959778,40400.63826394362,10458.090901125179,13249.532980074602,28342.825487662296,44914.23517479055,41219.01899630416,40375.01995404842,10524.141083035749,12.850487232208252,9.640444040298462,12.857619762420654,35.355772495269775,16.070905685424805,0.0,19.273325204849243,25.709444761276245,48.20084547996521,44.99544382095337,54.63607907295227,0.0,3.2141480445861816,16.07173252105713,32.13917827606201,32.139737606048584,28.926826000213623,0.0,9.642808437347412,22.501249313354492,61.40722259914173,105.35105206826154,64.28727126121521,0.0,21.781934760598574,77.14361381530762,149.627718148512,221.06339904560764,160.70733308792114,3.2137343883514404
"117,152",2483.3032651285043,166.89541149139404,77.02492308616638,0.0,6.420406341552734,0.0,150.84517240524292,70.60544037818909,0.0,6.420406341552734,0.0,15692.114577313965,33411.70519544658,51570.34259533882,43110.20579819773,37754.85633120256,10400.879670127231,15759.543503543442,33517.66933443126,51779.03977036477,43180.79089659335,37834.26443252563,10416.146863080006,15812.44325332735,33653.2215989169,51881.87211689389,43213.7303577049,37807.832550538755,10319.887695647221,15937.635778237323,33778.411023908506,51933.24726089871,43277.2091400081,37749.362467189865,10242.152294619878,16101.352442551593,34071.35120482632,52226.098313878574,43449.7460605855,37883.3712061882,10227.62048596401,9.62852430343628,64.1916868686676,32.09390449523926,28.88388752937317,12.838198900222778,3.208970308303833,6.4192585945129395,16.04714608192444,25.67468762397766,19.25505304336548,0.0,3.2092950344085693,0.0,0.0,0.0,0.0,0.0,0.0,3.2110865116119385,3.209319829940796,0.0,0.0,0.0,0.0,0.0,0.0,0.0,0.0,0.0,0.0
"118,152",2480.577060230617,0.0,0.0,0.0,0.0,0.0,0.0,0.0,0.0,0.0,0.0,11808.040553274344,26632.9924885647,41662.11809807011,45875.77720360102,58423.01472500446,12802.007532755533,11824.044729652594,26585.675875142977,41605.83260699909,45860.7515357962,58248.32633494395,12763.19782521491,11816.9402073374,26568.939104241013,41531.065053781815,45764.5793181887,58106.61396828725,12711.886852524327,11852.212409352323,26563.339066408193,41550.31108673508,45689.140329868664,58056.84903257594,12683.741217031666,11836.19416556265,26533.710624794865,41540.13071954765,45653.857908305945,57960.523612735786,12665.547593988158,0.0,0.0,0.0,0.0,0.0,0.0,0.0,0.0,0.0,0.0,0.0,0.0,0.0,0.0,0.0,0.0,0.0,0.0,0.0,0.0,0.0,0.0,0.0,0.0,0.0,0.0,0.0,0.0,0.0,0.0
"119,152",2477.70538012025,0.0,0.0,0.0,0.0,0.0,0.0,0.0,0.0,0.0,0.0,11643.333475260644,24836.984311391796,36308.74447000074,37514.27189790315,44953.44478288071,6368.671086885415,11837.869957836005,25157.96947017184,37064.585999371026,38114.681675362124,45517.222604943265,6340.185081868078,11847.224727656798,25222.81622874971,37156.58421564008,38165.900433706774,45567.727736847075,6336.968736081029,11887.765211720563,25552.61502398323,37582.43869684444,38582.93300487668,45761.99727742625,6352.976870446111,11896.572335667706,25629.678468857564,37674.53288164325,38651.20979705231,45615.677874980254,6290.352635506088,0.0,0.0,0.0,0.0,0.0,0.0,0.0,0.0,0.0,0.0,0.0,0.0,0.0,0.0,0.0,0.0,0.0,0.0,0.0,0.0,0.0,0.0,0.0,0.0,0.0,0.0,0.0,0.0,0.0,0.0
"120,152",2474.6891776719726,0.0,0.0,0.0,0.0,0.0,0.0,0.0,0.0,0.0,0.0,11044.883202297546,18671.56127217237,26725.588254717284,27751.052714883583,39981.096883169805,9084.051556987388,11126.456533789167,19007.435005692878,27071.416202504028,28179.774147784472,40555.74873969788,9228.70253851554,11152.754909410663,19129.007906955834,27331.5701240792,28500.768226629138,40911.98522498186,9401.399800087424,11137.827298774906,19199.413055255365,27338.798316507713,28686.817292105916,41152.56128605487,9420.584448362799,11107.455194616317,19280.746012009826,27494.878322006673,28814.5308013888,41200.53450258853,9426.990302349539,0.0,0.0,0.0,0.0,0.0,0.0,0.0,0.0,0.0,0.0,0.0,0.0,0.0,0.0,0.0,0.0,0.0,0.0,0.0,0.0,0.0,0.0,0.0,0.0,0.0,0.0,0.0,0.0,0.0,0.0
"121,152",2471.5294514754805,0.0,0.0,0.0,0.0,0.0,0.0,0.0,0.0,0.0,0.0,7019.367394012564,16110.842553595932,22950.6183509247,26562.884343409067,60653.30864492677,54673.53360854223,7005.783383938846,16050.137198428545,22858.399654457615,26543.407665370494,60480.46454628962,54622.97778392773,7009.319486854592,16034.151849488648,22840.035746146183,26587.802987046336,60604.384377039176,54946.222215678645,6993.34788131527,15916.757380895051,22673.91133742426,26436.335636326847,60091.280726760975,54376.4142317828,6948.6115181427385,15840.082136086854,22497.386502614678,26361.261594084197,59782.230538869364,54082.94608764742,0.0,0.0,0.0,0.0,0.0,0.0,0.0,0.0,0.0,0.0,0.0,0.0,0.0,0.0,0.0,0.0,0.0,0.0,0.0,0.0,0.0,0.0,0.0,0.0,0.0,0.0,0.0,0.0,0.0,0.0
"122,152",2468.2272451599665,0.0,0.0,0.0,0.0,0.0,0.0,0.0,0.0,0.0,0.0,8065.807925309387,15615.899700812733,20173.497634536147,22230.025486031696,65007.59061818029,77753.32433801352,8053.053738202301,15593.562389068044,20195.825274831175,22214.07052616231,64995.20055827533,77732.44747198142,8037.10762723848,15561.66465514127,20173.49271953714,22179.771815830114,64825.06464975114,77364.07560115795,8021.158589209763,15478.737618379033,20068.22748339784,22065.9997563895,64451.822781016774,76760.1371539228,8024.347838486878,15453.214801721013,20010.464789048365,21963.90759711826,64229.567749510556,76349.25922260284,0.0,0.0,0.0,0.0,0.0,0.0,0.0,0.0,0.0,0.0,0.0,0.0,0.0,0.0,0.0,0.0,0.0,0.0,0.0,0.0,0.0,0.0,0.0,0.0,0.0,0.0,0.0,0.0,0.0,0.0
"123,152",2464.783646689301,0.0,0.0,0.0,0.0,0.0,0.0,0.0,0.0,0.0,0.0,7548.195014194413,13679.295489201824,17459.5502520608,20152.587709479238,59750.00252944161,92614.40032122836,7545.0115241564945,13666.567788729946,17434.083564381508,20091.26146676961,59705.42982751061,92295.62144977719,7535.451478437348,13676.11738146333,17440.45181379786,20135.84611728612,59733.73903299781,92430.53769054973,7516.320552066727,13660.18651259927,17456.364553551583,20164.24576614791,59715.37405741542,92456.7696360083,7516.330012992783,13672.920778165142,17427.70122156611,20142.751570218217,59621.947402229496,92139.59265718645,0.0,0.0,0.0,0.0,0.0,0.0,0.0,0.0,0.0,0.0,0.0,0.0,0.0,0.0,0.0,0.0,0.0,0.0,0.0,0.0,0.0,0.0,0.0,0.0,0.0,0.0,0.0,0.0,0.0,0.0
"124,152",1753.4862020625808,0.0,0.0,0.0,0.0,0.0,0.0,0.0,0.0,0.0,0.0,5329.949072669533,8559.978288988037,10560.245316064125,12044.29406417398,39823.79123132089,66481.8327600395,5333.127315829781,8550.438191512985,10512.528698718315,12028.801033932556,39702.25108992352,66252.3333024773,5326.762745450524,8544.07161555664,10483.893749034172,12041.530655342925,39655.96563751838,66131.21263589486,5317.342006468305,8556.797209361954,10496.619066512352,12051.07379265486,39757.788601232976,66229.82947840318,5301.437983774671,8531.345873454971,10493.435879504448,12025.611589390624,39649.6324079766,66015.39138891183,0.0,0.0,0.0,0.0,0.0,0.0,0.0,0.0,0.0,0.0,0.0,0.0,0.0,0.0,0.0,0.0,0.0,0.0,0.0,0.0,0.0,0.0,0.0,0.0,0.0,0.0,0.0,0.0,0.0,0.0
"125,152",31.212633802517107,0.0,0.0,0.0,0.0,0.0,0.0,0.0,0.0,0.0,0.0,54.033026456832886,172.72804709789798,207.04382567405702,250.4529602583717,809.0309966377183,1283.8814657258054,54.033026456832886,172.72804709789798,207.04382567405702,250.4529602583717,809.0309966377183,1283.8814657258054,54.033026456832886,169.54994007465885,207.04382567405702,250.4529602583717,805.8528199962541,1274.2845075607302,54.033026456832886,169.54994007465885,213.4003007888794,253.63104963863597,802.6744864753648,1280.641104745865,54.033026456832886,169.54994007465885,210.22175841331483,250.45304728115306,787.2702610389858,1261.8589783004688,0.0,0.0,0.0,0.0,0.0,0.0,0.0,0.0,0.0,0.0,0.0,0.0,0.0,0.0,0.0,0.0,0.0,0.0,0.0,0.0,0.0,0.0,0.0,0.0,0.0,0.0,0.0,0.0,0.0,0.0
"91,153",165.7836131443039,0.0,0.0,0.0,0.0,0.0,0.0,0.0,0.0,0.0,0.0,0.0,0.0,0.0,0.0,0.0,0.0,0.0,0.0,0.0,0.0,0.0,0.0,3.2333991527557373,0.0,0.0,0.0,0.0,0.0,3.2333991527557373,0.0,0.0,0.0,0.0,0.0,3.2333991527557373,0.0,0.0,0.0,0.0,0.0,0.0,0.0,0.0,0.0,0.0,0.0,0.0,0.0,0.0,0.0,0.0,0.0,0.0,0.0,0.0,0.0,0.0,0.0,0.0,0.0,0.0,0.0,0.0,0.0,0.0,0.0,0.0,0.0,0.0,0.0
"92,153",2482.977873122811,0.0,0.0,0.0,0.0,0.0,0.0,0.0,0.0,0.0,0.0,37207.541311968074,1868.544144815557,474.4293789134306,200.5670382976532,210.2711980342865,58.22927808761597,40982.02881992845,2083.104760318644,503.54326979973735,229.68056201934814,239.3857982158661,64.69926524162292,42887.06429613618,2184.44171463742,513.248178170709,236.1498200893402,245.8557653427124,64.69926524162292,45944.57243261056,2313.827587478301,545.5959564910215,245.85415172576904,265.26508498191833,67.9342589378357,53123.748732070366,2912.213840010587,649.1126038298887,288.97294279266805,310.5536732673645,87.34402394294739,0.0,0.0,0.0,0.0,0.0,0.0,0.0,0.0,0.0,0.0,0.0,0.0,0.0,0.0,0.0,0.0,0.0,0.0,0.0,0.0,0.0,0.0,0.0,0.0,0.0,0.0,0.0,0.0,0.0,0.0
"93,153",2503.6526623958107,0.0,0.0,0.0,0.0,0.0,0.0,0.0,0.0,0.0,0.0,22756.943069761874,8598.4575593939,2691.5970340803556,738.1385137894574,524.1629340648651,453.3174336583007,24762.995278106013,9137.753946430543,2811.325160367816,764.0258028366986,540.343013048172,530.9738433987486,25843.671141133585,9479.674689021766,2863.105287654727,760.791094527525,537.1076476573944,514.7978637844908,28117.219937628386,10819.336989846885,3261.1446567610196,857.87509821443,579.1809196472168,498.6190772683013,30153.49044496405,12376.11141557787,3691.521200759738,954.2289867915359,605.0710830688477,469.49908382004384,0.0,0.0,0.0,0.0,0.0,0.0,0.0,0.0,0.0,0.0,0.0,0.0,0.0,0.0,0.0,0.0,0.0,0.0,0.0,0.0,0.0,0.0,0.0,0.0,0.0,0.0,0.0,0.0,0.0,0.0
"94,153",2504.5765402028537,0.0,0.0,0.0,0.0,0.0,0.0,0.0,0.0,0.0,0.0,38064.647837135846,35896.583931881774,12950.7728513727,5342.947793541702,4226.428817807927,1234.5393580520854,38478.62958831694,36473.91347886441,13414.016796724469,5574.9500929767,4348.625201158898,1250.7241996849284,38727.87157578375,36888.248383058286,13830.318773319206,5678.531749909531,4403.305372531741,1263.672547491859,39039.262181252125,37443.70241571127,14065.912724549162,5794.353437374151,4448.980665378945,1253.9618071640239,39207.577817410114,37857.32498850729,14391.330250554925,5952.959879718107,4548.966699416965,1351.0648387993083,0.0,0.0,0.0,0.0,0.0,0.0,0.0,0.0,0.0,0.0,0.0,0.0,0.0,0.0,0.0,0.0,0.0,0.0,0.0,0.0,0.0,0.0,0.0,0.0,0.0,0.0,0.0,0.0,0.0,0.0
"95,153",2505.3469183689776,0.0,0.0,0.0,3.238393545150757,6.476359128952026,0.0,0.0,0.0,0.0,3.237974166870117,56854.3118660665,52979.999409024844,13321.209647412395,2343.8685825235702,1055.8357654786578,281.67703104019165,58727.64151865921,54956.21640219407,13897.21042310958,2497.113761096842,1104.4008821225634,278.4392125606537,60822.424056613214,56682.09638228136,14242.49598351834,2586.9601211837694,1120.9442017031652,288.15198254585266,62691.499676175205,58082.004096952136,14581.56390196763,2649.191569114199,1130.3017894006243,288.1518597602844,64036.63658564605,59564.287591859415,14825.93480259671,2671.5011950997746,1155.4810536655725,288.1520073413849,0.0,0.0,0.0,0.0,0.0,0.0,0.0,0.0,0.0,0.0,0.0,0.0,0.0,0.0,0.0,0.0,0.0,0.0,0.0,0.0,0.0,0.0,0.0,0.0,3.237974166870117,0.0,0.0,0.0,0.0,0.0
"96,153",2505.963535292532,19.43397307395935,9.717177629470825,6.478024959564209,0.0,0.0,19.43397307395935,9.717177629470825,6.478024959564209,0.0,0.0,64280.593393955045,50975.39240125862,10988.523072035172,2373.952998986899,1528.3631909333023,516.4202834082585,67418.33904460928,54207.5145641355,11650.663498761605,2573.947304461984,1622.2904975853714,555.2866712523441,69604.85073101569,56502.104893318814,12195.593079922244,2687.3082635150236,1735.6531835041794,576.1567942525826,71355.556211336,58421.27116933898,12590.721833107516,2802.1051564871095,1775.956632271935,595.5907587434731,72673.20813568341,60050.60762566959,12935.64959339067,2931.2944116676554,1857.998705917246,602.0688900377236,16.194984436035156,3.2389886379241943,0.0,0.0,0.0,0.0,9.717177629470825,0.0,0.0,0.0,0.0,0.0,0.0,6.478024959564209,0.0,0.0,0.0,0.0,0.0,0.0,0.0,0.0,0.0,0.0,0.0,0.0,0.0,0.0,0.0,0.0
"97,153",2506.4261814791325,3.239529609680176,64.7875907421112,3.239234685897827,22.67517614364624,35.634289026260376,3.239529609680176,64.7875907421112,3.239234685897827,22.67517614364624,35.634289026260376,103553.25582602258,49460.669629255,15493.839754016726,4407.505179913838,2679.9331148091483,549.2467792258543,104209.22754980162,50086.106442052245,15800.12263601434,4507.109613017475,2760.9152322236228,571.9229879603666,104692.62530846783,50487.78130109918,16014.731273472542,4620.486061410343,2795.7364021722005,602.8671017141903,105818.15720608001,51203.68535335672,16357.286499684462,4759.141076619017,2907.663435857436,609.3459680529202,106410.13561004284,51653.00911756777,16641.527194746803,4866.379609207079,2920.6182688881368,612.5828798266018,3.239529609680176,0.0,0.0,0.0,0.0,0.0,45.35108733177185,19.436503410339355,0.0,0.0,0.0,0.0,3.239234685897827,0.0,0.0,0.0,0.0,0.0,12.957080841064453,9.718095302581787,0.0,0.0,0.0,0.0,0.0,22.676785469055176,12.9575035572052,0.0,0.0,0.0
"98,153",2506.734699683881,9.719605922698975,29.15858292579651,35.63798379898071,6.479315280914307,6.479345321655273,9.719605922698975,29.15858292579651,35.63798379898071,6.479315280914307,6.479345321655273,137511.77702100136,52909.68406659575,5818.197312946881,452.0993925113304,228.47834791856653,283.4629204937056,138440.76714757562,53245.08324953341,5850.594511862362,452.91261124891395,241.4371932955349,299.6612230011061,139123.45129582836,53407.07033249163,5889.471544619168,465.8710203198826,251.1561762304867,299.66121131859575,140055.0375651397,53645.994593155614,5897.576872133741,458.5787533301933,251.15620627122766,306.1406174369887,140544.97885841294,53910.84636938525,5942.931910299787,458.5787762183769,264.11515464502224,289.94232232056413,6.479795455932617,3.2398104667663574,0.0,0.0,0.0,0.0,16.199410676956177,9.719465255737305,3.2397069931030273,0.0,0.0,0.0,6.479699611663818,29.158284187316895,0.0,0.0,0.0,0.0,0.0,6.479315280914307,0.0,0.0,0.0,0.0,3.239654541015625,3.2396907806396484,0.0,0.0,0.0,0.0
"99,153",2506.8889850174714,0.0,0.0,0.0,0.0,0.0,0.0,0.0,0.0,0.0,0.0,92598.91106601509,78190.58249984443,8897.796214446835,191.15814661979675,16.199867963790894,0.0,94785.07658871482,80397.76522466342,9204.780575821445,210.59781312942505,16.199867963790894,0.0,96037.13818353484,81429.58714426265,9399.090619401371,213.83787155151367,16.199867963790894,0.0,97090.76148065773,82579.85338192827,9596.729537085926,217.0778739452362,16.199867963790894,0.0,98139.86499470075,83656.32662280681,9698.782736532361,230.03782629966736,16.199867963790894,0.0,0.0,0.0,0.0,0.0,0.0,0.0,0.0,0.0,0.0,0.0,0.0,0.0,0.0,0.0,0.0,0.0,0.0,0.0,0.0,0.0,0.0,0.0,0.0,0.0,0.0,0.0,0.0,0.0,0.0,0.0
"100,153",2506.8889850174733,6.479851007461548,0.0,0.0,0.0,0.0,6.479851007461548,0.0,0.0,0.0,0.0,38975.1023877387,59490.18801352837,7711.458100979,210.59869980812073,38.87973499298096,0.0,40996.2369794378,61997.961152725584,7970.655699197918,187.91879892349243,38.87974238395691,0.0,42900.048469774396,64027.055638710655,8118.970021669536,187.91879892349243,35.63975739479065,0.0,44785.22940024955,66891.88974387787,8434.860493414075,194.3986942768097,35.639763832092285,0.0,46546.1224442884,69449.77764201257,8651.125136179082,197.63867735862732,35.639763832092285,0.0,3.239901304244995,3.2399497032165527,0.0,0.0,0.0,0.0,0.0,0.0,0.0,0.0,0.0,0.0,0.0,0.0,0.0,0.0,0.0,0.0,0.0,0.0,0.0,0.0,0.0,0.0,0.0,0.0,0.0,0.0,0.0,0.0
"101,153",2506.7346996839033,0.0,0.0,0.0,0.0,0.0,0.0,0.0,0.0,0.0,0.0,52179.037133236496,57706.38947082408,4084.565502833385,64.79446864128113,3.2398440837860107,0.0,56443.02139100093,62452.32487716955,4515.452166747112,71.27403998374939,3.2398440837860107,0.0,60993.32058470669,66024.64297204485,4751.95429463293,71.27389240264893,3.2398440837860107,0.0,64233.9589274313,69061.1069164379,4991.698218535442,77.7534921169281,3.2398440837860107,0.0,69160.91698214867,72624.30881723703,5108.329596232433,87.47267413139343,6.479584217071533,0.0,0.0,0.0,0.0,0.0,0.0,0.0,0.0,0.0,0.0,0.0,0.0,0.0,0.0,0.0,0.0,0.0,0.0,0.0,0.0,0.0,0.0,0.0,0.0,0.0,0.0,0.0,0.0,0.0,0.0,0.0
"102,153",2506.426181479165,0.0,0.0,0.0,0.0,9.71849012374878,0.0,0.0,0.0,0.0,9.71849012374878,72307.5249667953,80144.21463778628,11194.130585992105,780.6812024116516,51.82954931259155,0.0,75215.9433974771,83088.68649829604,11382.01189597822,787.1598501205444,48.59013247489929,0.0,77432.8957014009,85437.26578263489,11521.302237355478,783.9207980632782,51.82959699630737,0.0,78362.21951290393,86612.2291770449,11644.394902550943,790.3993368148804,51.82959699630737,0.0,80058.13123008037,88147.91411813661,11715.660837971933,790.399322271347,51.82959699630737,0.0,0.0,0.0,0.0,0.0,0.0,0.0,0.0,0.0,0.0,0.0,0.0,0.0,0.0,0.0,0.0,0.0,0.0,0.0,0.0,0.0,0.0,0.0,0.0,0.0,9.71849012374878,0.0,0.0,0.0,0.0,0.0
"103,153",2505.9635352924633,32.38520526885986,16.19298481941223,0.0,0.0,25.910647869110107,32.38520526885986,16.19298481941223,0.0,0.0,25.910647869110107,78293.33637451004,86654.21534891971,5997.846397283964,1088.2160663604736,252.61985111236572,0.0,79999.0745898789,88175.69623855891,6127.395358208112,1097.930737733841,262.3361306190491,0.0,80098.31244971891,89107.8302224234,6256.948715570859,1029.9211695194244,242.90446019172668,0.0,80494.32036321302,89667.06691725207,6276.38055241435,1023.4440546035767,246.14321660995483,0.0,81692.27753107033,90699.72171883863,6388.928215999228,1023.4451239109039,246.14293456077576,0.0,25.908050775527954,3.238494634628296,3.2386598587036133,0.0,0.0,0.0,9.715854167938232,6.477130651473999,0.0,0.0,0.0,0.0,0.0,0.0,0.0,0.0,0.0,0.0,0.0,0.0,0.0,0.0,0.0,0.0,12.955644369125366,12.955003499984741,0.0,0.0,0.0,0.0
"104,153",2427.874516057845,74.46584153175354,51.801109313964844,201.8081940015157,106.84270524978638,207.2068314552307,74.46584153175354,51.801109313964844,192.0955689748128,103.60483407974243,207.2068314552307,111181.59872342464,53607.6947171314,3345.223192750706,401.52262353897095,45.33535957336426,0.0,111335.44961835825,53776.04874837818,3341.9847701184885,404.7612495422363,45.33535957336426,0.0,111562.67396571684,53803.06495686792,3244.8490150563853,401.5238506793976,48.57357406616211,0.0,112800.28844998118,54330.216096811666,3231.8997917764323,388.5720193386078,48.57357406616211,0.0,113305.69681606293,54867.775457872114,3270.7604616277354,378.85903882980347,48.57357406616211,0.0,67.99064111709595,6.475200414657593,0.0,0.0,0.0,0.0,45.32591199874878,6.4751973152160645,0.0,0.0,0.0,0.0,176.98699537913004,15.10857359568278,0.0,0.0,0.0,0.0,100.36727571487427,3.237558364868164,0.0,0.0,0.0,0.0,171.59242963790894,35.61440181732178,0.0,0.0,0.0,0.0
"105,153",2504.576540202923,2232.23266137441,2394.0272240975323,2678.2276538446836,1629.744643055224,1772.7617846460903,2228.995350964864,2390.7907667496625,2668.517309768527,1626.5074036944147,1763.0512977572048,85037.4227001882,114425.98128664822,18746.215723099427,1282.4049158049565,139.17440009117126,0.0,84231.4372034643,113024.17469941029,18553.81736036843,1269.4577338648778,135.93790411949158,0.0,83372.60250881512,111685.7236362897,18304.594066825568,1266.2217764807683,132.7009437084198,0.0,82315.55324583333,110292.55663215414,18133.054009643256,1262.9846844626409,129.4644181728363,0.0,81855.11460245824,109413.58419329982,17929.144777503665,1253.2751309824926,129.4644181728363,0.0,731.5337760093165,1270.8922089773064,216.85951590538025,9.709850072860718,0.0,0.0,848.0599868297577,1325.876869950575,210.38085055351257,6.473059415817261,0.0,0.0,1134.0082753714394,1333.8366413135154,194.19924521446228,3.2366223335266113,3.236525535583496,0.0,517.0985489620882,924.9191436861075,174.78015756607056,9.709553480148315,0.0,0.0,605.1039172873777,992.8781022296232,158.59619760513306,6.473080635070801,0.0,0.0
"106,153",2503.6526623957666,2995.5263287254406,4538.198266744614,2392.452009232839,2150.7353210598817,1934.0688338186224,2976.9217489999883,4528.489656686783,2389.2165801843007,2147.4999504238954,1930.8333947565038,45141.01648201849,105905.93175855993,36445.103086513634,2708.0558099438167,183.53076395333983,0.0,44488.12889940785,103745.87774736462,35715.26205413762,2682.1674565960384,186.76619300187804,0.0,43333.01763708638,101151.18328805252,34797.80468337115,2636.8680014301754,183.53082737268187,0.0,42789.62288069631,99893.58956942747,34306.70411590688,2632.9087973033684,183.53082737268187,0.0,42026.95958255132,98821.89922990146,33924.90074948423,2584.370512286355,183.53082737268187,0.0,621.2617390155792,1711.736979607975,621.2720561027527,22.65097427368164,0.0,0.0,1087.1711390018463,2485.7569028012895,910.2613250143388,45.30028986930847,0.0,0.0,633.3513056586771,1269.7946120972726,462.6974232196808,23.373239208670224,0.0,0.0,655.8896277100432,1090.3909039497375,362.3888442516327,38.83057451248169,0.0,0.0,529.8971137074864,1000.5233077301699,380.9984847648471,19.414488554000854,0.0,0.0
"107,153",2502.575598478806,2619.476803371953,4589.889331820432,3749.6949041142184,3025.0078240226294,3106.784932753619,2616.2420070863236,4586.655336621228,3746.460123087378,3012.0691626857306,3106.784932753619,63989.19530378042,90764.48662694014,33571.84239399854,3635.8412913359844,332.4397290987127,0.0,63005.187196420215,89332.84907171773,33251.60872352544,3626.1329361476146,332.43902123395134,0.0,61020.09898827216,87325.34802417754,32646.0529887536,3590.5491122283183,322.7343248170965,0.0,59512.92195007941,85748.31798098041,32250.712487330155,3587.2268919159383,319.49892580929924,0.0,57662.83830711795,84318.01234178356,31898.15606867285,3545.178183477065,309.7949124616735,0.0,992.1569770438998,1313.5585522287033,297.5872664451599,12.939211368560791,0.0,0.0,1846.8223643302917,2033.2871839887955,667.7299387595233,38.8158495426178,0.0,0.0,1646.2553277015686,1677.2057187108433,401.0810034275055,21.918073247460757,0.0,0.0,1508.0735643695382,1235.5292387008667,261.9972002506256,6.469159364700317,0.0,0.0,1545.2815185294432,1153.9494977698607,388.1464214324951,16.173116207122803,3.2343788146972656,0.0
"108,153",2501.345713700423,1005.429096698761,1338.7784429297728,1184.8556850424,1524.2872058971254,1689.9321827729543,1002.196314573288,1338.7784429297728,1175.1568949690052,1508.1257834060518,1667.303715689977,68792.0860321447,98424.01783475315,41219.40485177788,5167.50603388431,402.5264693119947,0.0,68340.1881850252,97964.92544326221,41094.13799804052,5154.576796757006,408.9916342118207,0.0,67687.1278430836,97365.8609440654,40939.68830759479,5148.11034153583,402.5264778950635,0.0,67237.74557489321,96886.50001649295,40816.03584652789,5135.177801834368,402.52751573113835,0.0,66490.9645442383,96149.5078386148,40493.503519487385,5090.736870137383,405.75975736169255,0.0,423.5097417831421,442.90731048583984,122.84920454025269,12.930057764053345,0.0,0.0,639.4020157365238,525.5233623139999,157.68920503504137,12.9307222366333,3.233137607574463,0.0,562.5365841388702,493.01456837560613,109.90816640853882,9.69757604598999,0.0,0.0,627.1583211421967,603.7029801387413,238.4780756080852,38.78640651702881,0.0,0.0,727.38587641716,720.0999212106069,210.12059688568115,9.69732117652893,0.0,0.0
"109,153",2499.9634247784315,767.7749910550959,1250.1959979665046,1526.9842247093425,2024.38723061412,3678.4370450534075,761.3138919072993,1227.5828285348182,1520.5232364261851,2011.4650585445704,3652.5911752738207,45459.35609841347,103849.04781704978,54116.28596229085,9475.057744433834,1029.1600087380875,3.230713129043579,45419.87674826734,103562.67009619733,54109.84719271192,9517.062050034954,1035.6261833405963,3.230713129043579,44973.99543099684,102615.89213079005,53864.520878602,9481.518865754559,1032.3957303262223,3.230713129043579,44553.363334553855,101732.49813464671,53596.541441559304,9429.830550601437,1029.1634057260026,3.230713129043579,44091.38839353861,100530.4812176321,53194.072771566985,9416.909060170605,1032.3964591718186,3.230713129043579,164.7625756263733,457.6397195058711,122.75969052314758,9.691567182540894,6.460339069366455,0.0,372.2779271097744,655.3782658735911,174.0793765068054,22.616545915603638,3.230713129043579,0.0,374.7616138458252,787.1741954410778,323.05129837989807,32.305694341659546,3.2304344177246094,0.0,471.6685667037964,1115.524178717183,391.9664101656745,29.075496435165405,3.2304065227508545,0.0,748.4149794774897,1899.1200974894505,933.9855137712815,67.84014296531677,3.2304415702819824,0.0
"110,153",2498.4291996164493,2184.180664169087,3502.5288373554454,3808.5469767570494,2547.961815930348,4620.986200498131,2142.203078614964,3470.23592987902,3734.276892852783,2499.523770428639,4577.946541839487,31019.33513728965,76736.9284070333,44913.022993814244,7086.27036016782,549.2427300284891,0.0,30650.08139402259,75977.00480314236,44273.669743310704,7025.732948749205,546.013151771882,0.0,30012.609766675916,74343.52519001867,43331.310130156715,6908.673486169178,529.8667496512918,0.0,29447.57842580945,72626.12668099871,42420.06386126445,6833.341050608952,520.1793378661661,0.0,28966.442206546373,71475.98569765559,41857.24845820502,6733.250033601124,520.1797331641702,0.0,487.61853432655334,949.6051868550918,630.7189552307129,71.03135418891907,3.229048013687134,0.0,683.7419245878855,1748.7162412428388,924.7634277007159,109.7851014137268,3.2292349338531494,0.0,674.0850898321937,1912.9179193842645,1026.741820676654,114.07458300590515,6.457479953765869,0.0,471.45565915107727,1302.729567120122,622.0146501335444,103.32389402389526,0.0,0.0,801.0965432045507,2346.5300186895856,1240.6256201211145,173.5484242888058,16.145935535430908,0.0
"111,153",2496.743556986729,4569.103529048433,6896.953852973265,7023.534741081911,5522.443607263938,6537.130496303706,4420.6782727961445,6780.805926642699,6884.7892839095175,5377.242759876624,6399.45574367093,31965.236907887927,70065.92950547536,34963.647752242934,4934.919375196158,426.27429892596075,3.2267909049987793,30879.81795025994,68348.3902168171,34431.27372999753,4860.705374255835,426.2763724523432,3.2267909049987793,29031.516253647147,65297.93080409555,33451.401594596755,4763.885516181646,419.8240835863001,3.2267909049987793,27529.74841565151,62511.150399448365,32553.257300573234,4700.41659897075,413.3708002763636,0.0,25949.58103818426,59865.729578096725,31649.501644434647,4581.009074861863,413.37159802492926,0.0,1274.3783549823013,2269.7116294271805,783.0102136929829,87.12554168701172,6.452533006668091,0.0,1979.5383379393934,3476.093303529889,1215.44762301445,106.49983024597168,3.2268319129943848,0.0,1879.423635740841,3618.8689024233354,1242.3509031136832,140.91962631543478,3.2262163162231445,0.0,1561.2733390677208,2751.9310232826306,938.1807121987437,122.63154458999634,3.2261407375335693,0.0,1533.0447161431407,3380.64230650266,1327.638829391143,141.99433088302612,16.135560750961304,0.0
"112,153",2494.9070661768965,5338.870550049987,6112.6790075068375,2412.6899724464793,2978.730900174496,2699.869230788362,5139.794278276668,5819.633650920905,2293.395614908256,2836.877645141003,2606.365761798036,18134.712972312816,18381.90872831999,7294.57997006622,2507.7590643088024,1727.4223562810935,414.7598954415789,16486.62723664396,16461.06868698457,6373.1243394973235,2259.5262788454693,1569.8142479774997,398.63999569182306,14169.751736109867,13917.23900761324,5624.626415373297,2072.3599108630533,1499.251192891364,375.719718356226,13725.931642154621,13109.56120389209,5341.290316203997,1981.7453705460418,1485.9992850873984,382.1658395720463,12728.193830932356,12077.244510778728,5033.427585460626,1936.9627173788408,1479.1986417172002,388.61277141103557,1833.5983356232734,2001.1043901817472,918.5916983623131,228.88882207870483,141.4911689973345,16.119863033294678,2293.5009479092614,2484.0980515106053,764.6100778925652,184.29580249412385,73.7856514930725,19.343119621276855,823.1172511577606,989.9431493740456,370.7324905395508,87.03570747375488,22.56701636314392,0.0,1213.3529744185653,1148.3860757809061,356.2198076266868,77.01476390595529,35.45722842216492,6.4467949867248535,1008.181402793585,1100.0281278526083,365.99362848880247,77.36437153816223,51.57484292984009,3.223388195037842
"113,153",2492.7866446332523,8403.893565508899,11812.476232624052,6515.800341956756,6704.79566096605,8552.241236170601,7930.2649410696595,11422.257518460703,6306.374019258163,6611.355701916825,8443.493243556864,16901.915436927007,43657.99831542127,36137.80448618683,21441.08965940662,17171.478067614986,4135.088780376023,15774.87217332709,40622.50846232246,34098.42564937273,20491.63714236278,16598.392663220795,3981.234866661184,14099.04231899299,36240.65169572362,31042.30053879139,19033.099448318106,15773.180270461473,3920.3705165591896,13305.009101594664,34076.199843480535,29979.49840974527,18534.075994365357,15314.681102879842,3930.038154145783,12437.802029505898,32102.36972961145,28715.277735917705,17987.833570895476,15201.453408571319,4028.858176251954,1085.1906031823626,3066.8735122465623,2065.594594526291,989.709892054165,623.0110758557039,99.88526320457458,1581.2842511382757,4288.821437940411,3087.5208429542245,1465.4516566033458,931.5151676654816,67.66416215896606,997.0339045206706,2502.2887419569724,1448.254524231892,682.2211032044654,628.2512097358704,48.324535608291626,1058.0907726886228,2448.7495830648086,1751.7486105946932,863.0388202816832,463.95310616493225,25.77480912208557,1103.6100392537958,2739.6320029445724,2397.5559414321306,1394.8025048125023,749.8913684714074,58.001386642456055
"114,153",2429.4824487175792,1607.9967848366382,710.4796905554978,521.9224877600577,168.4931951522827,763.1156741142274,1582.3654379377176,695.6703030623642,515.4842603449729,162.05248460769653,759.8955744266511,12440.678653372968,37695.2361620847,56812.35337090305,40500.24072494694,30430.870059879155,9540.570942170012,12378.446190871444,37499.797471656064,56557.85160486931,40351.14249294787,30363.69827675352,9494.06390281378,12319.160175033645,37280.69876274221,56263.85031087632,40111.12331674426,30006.404259015064,9298.530399247711,12391.97454644839,37438.731276134415,56481.87182895435,40236.000741947406,30093.395111191505,9300.346972104613,12462.625680027755,37711.45589796141,56668.701683110805,40392.643675910724,30218.151204107322,9369.042743655746,97.64315328598022,328.36077867676227,521.7670806613623,386.5143569478802,222.3253524462382,25.75471591949463,32.19323372840881,140.85606369691737,203.88182911872863,212.49860144315983,99.80202603340149,6.438549041748047,46.13256940841675,109.11203943981843,192.83681326660457,99.80031299591064,61.164201498031616,6.438323736190796,16.09899878501892,38.637524366378784,39.69824752807617,35.418837785720825,28.98044180870056,3.2184343338012695,70.84671401977539,200.71257648468017,249.01662764549255,158.84929070472717,74.02957468032838,6.440790891647339
"115,153",2488.4897536668855,170.4514148235321,167.2319095134735,48.248146772384644,90.03853678703308,192.9505159854889,141.5059974193573,135.07089257240295,38.59748959541321,67.52871823310852,183.30057454109192,11825.091968507395,29927.953730636484,44160.889147320915,36456.64966967059,39790.69223705928,13418.95543333783,11908.716998786555,30045.153080283893,44359.64092453414,36706.761412217566,40276.25637040606,13668.669819761726,11969.808937043772,30186.007483121462,44507.582341751404,36779.27826397653,40530.31471715441,13716.166803710601,11974.80157164873,30254.97589791616,44512.2527649253,36821.802204012405,40594.639346461205,13761.901735504935,11990.883877080096,30356.820825372954,44565.454358848874,36924.70770943118,40775.50140489223,13825.416387920754,9.649590015411377,28.94246792793274,57.88437581062317,22.51124405860901,12.86744737625122,9.650872230529785,28.939799785614014,25.728450775146484,54.66796541213989,12.867666959762573,9.649421453475952,3.217588186264038,6.433895826339722,12.866336107254028,16.081035137176514,0.0,3.2162225246429443,0.0,6.430612564086914,16.07517170906067,25.72893238067627,19.294001579284668,0.0,0.0,9.645854711532593,48.234408378601074,90.04706692695618,32.15748596191406,3.2157585620880127,0.0
"116,153",2486.0566230298477,0.0,0.0,0.0,3.214054584503174,3.2142035961151123,0.0,0.0,0.0,0.0,3.2142035961151123,8360.23213764546,20210.81000518612,30622.88245722546,23682.82165896004,25844.20699652784,16291.04967151436,8421.294867719389,20363.602730266724,30751.42379720351,23834.546076834435,26154.442535942675,16501.58063346638,8495.187803949093,20421.437426321183,30857.43948276183,23937.36113673472,26284.51233212714,16567.342555830524,8553.013076747631,20498.544215194855,31065.464116324627,24016.943524232564,26311.00521407501,16539.115989333506,8630.130887473797,20847.223221541386,31452.433244170392,24367.14344011849,26575.209040826907,16645.13050115716,0.0,0.0,0.0,0.0,0.0,0.0,0.0,0.0,0.0,0.0,0.0,0.0,0.0,0.0,0.0,0.0,0.0,0.0,0.0,0.0,0.0,0.0,0.0,0.0,0.0,3.2142035961151123,0.0,0.0,0.0,0.0
"117,153",2483.4762372354094,6.4171223640441895,0.0,0.0,0.0,0.0,6.4171223640441895,0.0,0.0,0.0,0.0,11570.642273367153,27510.215551544636,43251.55762634838,31723.26952018738,24004.475607980465,9066.222889372879,11586.68938741684,27673.908815790623,43361.422781997564,31847.725386333466,24184.210806716655,9204.274375388199,11601.95240690755,27892.135481764286,43578.90326311354,32173.346712976345,24392.858337987636,9326.263990828567,11674.250138551115,28126.447404791325,43819.65032913451,32401.220558315166,24529.102963752368,9303.807872960144,11833.130399904063,28447.435358454197,44327.663203982745,32866.538711849855,24956.04808599434,9482.143462357799,0.0,0.0,6.4171223640441895,0.0,0.0,0.0,0.0,0.0,0.0,0.0,0.0,0.0,0.0,0.0,0.0,0.0,0.0,0.0,0.0,0.0,0.0,0.0,0.0,0.0,0.0,0.0,0.0,0.0,0.0,0.0
"118,153",2480.749459272081,3.2077815532684326,0.0,0.0,0.0,0.0,3.2077815532684326,0.0,0.0,0.0,0.0,10307.15569579461,24468.762659061656,39191.8780879133,43928.38738585828,66163.14573760873,20494.397796782327,10303.945424197702,24382.189116466747,39154.107558289696,43837.8927084259,65998.20328176442,20465.695140348693,10326.396773694543,24382.206785667644,39073.93278984182,43751.29853540121,65881.63938761038,20402.36069087982,10338.513660902136,24397.460598591264,39057.284561795816,43728.22913172386,65907.94129032621,20416.965051967956,10344.926810020559,24362.198600653108,39038.468015061175,43684.07629271676,65827.8272515727,20424.828286737553,0.0,0.0,3.2077815532684326,0.0,0.0,0.0,0.0,0.0,0.0,0.0,0.0,0.0,0.0,0.0,0.0,0.0,0.0,0.0,0.0,0.0,0.0,0.0,0.0,0.0,0.0,0.0,0.0,0.0,0.0,0.0
"119,153",2477.8771992076586,0.0,0.0,0.0,0.0,0.0,0.0,0.0,0.0,0.0,0.0,10272.217305828543,21404.41648901397,32269.845245853125,40533.69723200517,70866.79216636582,25173.30062994396,10262.614435841055,21389.200480242333,32207.558400167203,40559.34421563429,70980.2165924465,25235.55575403793,10247.39730055379,21314.459624018386,32170.1140596717,40448.99606747067,70939.63476947427,25305.18362800654,10226.393848731472,21260.263760083326,32062.645276666157,40344.74070973022,70948.78689160346,25287.392371398328,10232.782913758709,21218.629830115446,32037.365995867112,40319.01967441708,70960.49594848108,25341.268706806037,0.0,0.0,0.0,0.0,0.0,0.0,0.0,0.0,0.0,0.0,0.0,0.0,0.0,0.0,0.0,0.0,0.0,0.0,0.0,0.0,0.0,0.0,0.0,0.0,0.0,0.0,0.0,0.0,0.0,0.0
"120,153",2474.860413581024,0.0,0.0,0.0,0.0,0.0,0.0,0.0,0.0,0.0,0.0,8801.500671757902,20877.38404151038,30541.626369269692,37096.15597157759,72536.17820563223,22836.690661087225,8830.285763634885,20940.530577147245,30679.51511612593,37232.60050095204,72811.49620786929,23026.16149883738,8891.047523869718,21032.722899709966,30831.588539392804,37434.04659474972,73494.61605484439,23352.736787436992,8894.238688601698,21047.64076673471,30882.40859166033,37515.218502890835,73702.68481781062,23457.457515915707,8887.837399138654,21076.40037285768,30971.145899545445,37511.45337927202,73794.88401321149,23566.73591322899,0.0,0.0,0.0,0.0,0.0,0.0,0.0,0.0,0.0,0.0,0.0,0.0,0.0,0.0,0.0,0.0,0.0,0.0,0.0,0.0,0.0,0.0,0.0,0.0,0.0,0.0,0.0,0.0,0.0,0.0
"121,153",2471.7001047397102,0.0,0.0,0.0,0.0,0.0,0.0,0.0,0.0,0.0,0.0,5511.1771530357055,12461.798749948015,17532.449006276973,21437.81949123028,56878.56091827225,35046.91468394317,5454.028697089588,12391.540113711824,17432.754878687392,21346.01790943146,56745.996387922074,34719.161448384264,5473.205904321109,12436.278260732164,17484.186837878882,21448.241554880144,57136.49679908285,35136.85823981715,5472.849391888637,12494.579153418073,17517.254463259378,21423.457527934803,57410.757557878314,35356.09375800712,5421.732644032497,12433.8919476266,17399.866364848378,21330.79564887215,57264.213438272476,35135.70497574432,0.0,0.0,0.0,0.0,0.0,0.0,0.0,0.0,0.0,0.0,0.0,0.0,0.0,0.0,0.0,0.0,0.0,0.0,0.0,0.0,0.0,0.0,0.0,0.0,0.0,0.0,0.0,0.0,0.0,0.0
"122,153",2468.397320158825,0.0,0.0,0.0,0.0,0.0,0.0,0.0,0.0,0.0,0.0,4505.518917682124,10402.859907438244,14595.241031843074,17399.713961949066,52875.28857853085,71797.63313995718,4495.589097947701,10295.164452651905,14477.525321830488,17236.995354761795,52383.89143908538,71164.4627366412,4483.633005249734,10300.486340462929,14487.109951366163,17255.35792801707,52434.67065216046,71081.66638562821,4490.349799388063,10313.235058963066,14515.810067285276,17265.27722133281,52452.57266459746,71144.59251731705,4471.205610268724,10255.788644015556,14415.81860465723,17182.288120399735,52083.078694210795,70333.34233421252,0.0,0.0,0.0,0.0,0.0,0.0,0.0,0.0,0.0,0.0,0.0,0.0,0.0,0.0,0.0,0.0,0.0,0.0,0.0,0.0,0.0,0.0,0.0,0.0,0.0,0.0,0.0,0.0,0.0,0.0
"123,153",2464.953151719099,0.0,0.0,0.0,0.0,0.0,0.0,0.0,0.0,0.0,0.0,4954.014625535291,11038.007911337125,14901.473944197449,17983.575709108274,58593.55372316416,89689.36375676977,4931.702736125272,11012.537968528974,14916.597524167977,17970.824854854505,58547.815617334134,89665.80568910767,4925.331024871152,10978.534603705126,14891.903987656387,17983.56323242561,58406.17451031067,89620.84934839455,4931.703623042386,11007.205947508532,14906.427576849506,17983.57617450134,58448.93173561657,89901.25832008099,4954.005918250364,11023.130433907229,14962.433212801054,18012.255701784055,58568.94213855687,90101.30662098678,0.0,0.0,0.0,0.0,0.0,0.0,0.0,0.0,0.0,0.0,0.0,0.0,0.0,0.0,0.0,0.0,0.0,0.0,0.0,0.0,0.0,0.0,0.0,0.0,0.0,0.0,0.0,0.0,0.0,0.0
"124,153",2461.3687349638412,0.0,0.0,0.0,0.0,0.0,0.0,0.0,0.0,0.0,0.0,4130.949049124063,8322.849625925925,11681.674246863757,14393.060184702219,50814.80055160242,102659.72656787612,4146.863973030389,8322.846100430395,11663.385388382741,14370.814368709864,50720.2743725169,102445.63905621324,4150.046191343607,8329.212446789648,11685.64537073023,14383.554206833185,50740.79354148846,102367.16095939431,4134.1378387301575,8303.050243127114,11645.685506231644,14377.184937223734,50677.16737133008,102073.66291592823,4124.591395267786,8277.599922406442,11588.413390762666,14310.378108248056,50416.98583590658,101346.6075766872,0.0,0.0,0.0,0.0,0.0,0.0,0.0,0.0,0.0,0.0,0.0,0.0,0.0,0.0,0.0,0.0,0.0,0.0,0.0,0.0,0.0,0.0,0.0,0.0,0.0,0.0,0.0,0.0,0.0,0.0
"125,153",820.384932595875,0.0,0.0,0.0,0.0,0.0,0.0,0.0,0.0,0.0,0.0,1412.0271927936406,2574.94349436386,3545.1845759298294,4025.5774094235667,14423.462964017717,33495.74445205389,1412.0268952472538,2561.075818223579,3573.7867297079056,4041.4694620740183,14382.861506057252,33441.73436456381,1412.0262481792302,2549.522739215926,3583.321522607991,4063.7158238065012,14443.232559276094,33534.49804788196,1405.6705934627385,2555.96272540747,3576.9665502454727,4101.849060214735,14538.560743165483,33851.66922965891,1402.4933766944737,2568.6735072201377,3574.9981668911732,4112.401134307712,14563.274879945493,34019.14971727109,0.0,0.0,0.0,0.0,0.0,0.0,0.0,0.0,0.0,0.0,0.0,0.0,0.0,0.0,0.0,0.0,0.0,0.0,0.0,0.0,0.0,0.0,0.0,0.0,0.0,0.0,0.0,0.0,0.0,0.0
"91,154",853.8247527491475,0.0,0.0,0.0,0.0,0.0,0.0,0.0,0.0,0.0,0.0,0.0,0.0,0.0,0.0,0.0,0.0,0.0,0.0,0.0,0.0,0.0,0.0,0.0,0.0,0.0,0.0,0.0,0.0,0.0,0.0,0.0,0.0,0.0,0.0,0.0,0.0,0.0,0.0,0.0,0.0,0.0,0.0,0.0,0.0,0.0,0.0,0.0,0.0,0.0,0.0,0.0,0.0,0.0,0.0,0.0,0.0,0.0,0.0,0.0,0.0,0.0,0.0,0.0,0.0,0.0,0.0,0.0,0.0,0.0,0.0
"92,154",2502.7501473344146,0.0,0.0,0.0,0.0,0.0,0.0,0.0,0.0,0.0,0.0,576.6038380594814,77.63788533210754,6.469550132751465,0.0,3.2350895404815674,0.0,612.1185675845426,78.70293963376213,6.469550132751465,0.0,3.2350895404815674,0.0,716.6863336591159,91.64214361134697,6.469550132751465,0.0,3.2350895404815674,0.0,728.5228539438808,98.11171520177055,6.469550132751465,3.234316110610962,3.2350895404815674,0.0,752.2304657879997,101.3462618631475,6.469550132751465,3.234316110610962,3.2350895404815674,0.0,0.0,0.0,0.0,0.0,0.0,0.0,0.0,0.0,0.0,0.0,0.0,0.0,0.0,0.0,0.0,0.0,0.0,0.0,0.0,0.0,0.0,0.0,0.0,0.0,0.0,0.0,0.0,0.0,0.0,0.0
"93,154",2503.827501537339,0.0,0.0,0.0,0.0,0.0,0.0,0.0,0.0,0.0,0.0,4044.361325746425,2144.0429890099695,1462.8749936580657,954.8307790718826,974.4156383981893,629.6275803388334,4680.070400783127,2271.4766026683883,1485.5279475212096,945.1218342743667,978.0069428986195,642.5743259729123,5817.807751220815,2294.104820113089,1440.2200215816497,909.1663453943589,955.3527411526326,623.1564676107145,6355.927880327374,2344.2466771714826,1407.5011452600065,909.163605964885,949.2346926829395,600.5025183500028,7569.714839128418,2408.9494233243604,1396.178143035664,886.1544230750964,945.6421529358508,584.6772157089383,0.0,0.0,0.0,0.0,0.0,0.0,0.0,0.0,0.0,0.0,0.0,0.0,0.0,0.0,0.0,0.0,0.0,0.0,0.0,0.0,0.0,0.0,0.0,0.0,0.0,0.0,0.0,0.0,0.0,0.0
"94,154",2504.751631165901,0.0,0.0,0.0,0.0,0.0,0.0,0.0,0.0,0.0,0.0,55963.94633475473,31181.890804443166,8694.553280063705,3115.359606672736,3139.1386885895445,1527.5771289769343,56365.92581063253,31919.90724738532,9007.83722747541,3261.0236610665042,3233.462597560882,1589.074478716009,57105.57749240166,32208.91122990496,9158.370480871201,3287.278559097589,3285.2537619590753,1602.021123022192,57431.33860299354,32162.778295593635,9119.520933830972,3267.853694328607,3284.5438353033624,1640.8617785874537,57980.55166478438,32368.88867668638,9145.872448562173,3303.815430490643,3339.921933035757,1744.081515680575,0.0,0.0,0.0,0.0,0.0,0.0,0.0,0.0,0.0,0.0,0.0,0.0,0.0,0.0,0.0,0.0,0.0,0.0,0.0,0.0,0.0,0.0,0.0,0.0,0.0,0.0,0.0,0.0,0.0,0.0
"95,154",2505.522221311076,0.0,0.0,0.0,0.0,0.0,0.0,0.0,0.0,0.0,0.0,47144.186750253044,45821.18511435564,9180.659097153532,1628.3634596282361,632.432131138035,61.51831674575806,49253.94429286415,48214.33475426505,9924.42804871073,1777.2882292149116,697.1875353719674,61.518266916275024,50120.39415406153,48997.011788888994,10200.447939894246,1804.0021146419003,697.1871446039163,61.518266916275024,51692.82677352194,50196.1414686605,10604.46247752227,1852.5728632094815,752.5863937714521,61.518266916275024,53861.46581134796,51696.359217841,11024.936738178776,1962.6612051608518,784.9644400456373,71.23187971115112,0.0,0.0,0.0,0.0,0.0,0.0,0.0,0.0,0.0,0.0,0.0,0.0,0.0,0.0,0.0,0.0,0.0,0.0,0.0,0.0,0.0,0.0,0.0,0.0,0.0,0.0,0.0,0.0,0.0,0.0
"96,154",2506.1390092156144,0.0,0.0,0.0,0.0,0.0,0.0,0.0,0.0,0.0,0.0,59876.75054691445,54982.768306320795,13368.002820065441,2940.597765455059,1841.2649256865184,641.303848028183,61825.49946412759,56778.94305810742,13945.410613213335,3133.944650885638,1933.567337282031,644.5426814556122,63698.585214599894,58286.22242335058,14432.044471984753,3193.6790934487885,1995.106373349358,641.3034884929657,65027.212408603395,59602.27271733003,14758.04747600462,3287.6077993794984,2009.4967564451927,631.5864996910095,66875.29326925465,60949.59767842574,15348.953757748885,3459.268993703992,2051.6026030886405,651.0205438137054,0.0,0.0,0.0,0.0,0.0,0.0,0.0,0.0,0.0,0.0,0.0,0.0,0.0,0.0,0.0,0.0,0.0,0.0,0.0,0.0,0.0,0.0,0.0,0.0,0.0,0.0,0.0,0.0,0.0,0.0
"97,154",2506.6017844559383,16.197808027267456,0.0,0.0,0.0,0.0,16.197808027267456,0.0,0.0,0.0,0.0,87198.14717541674,56701.88650489228,8944.909631370094,1289.6876097501492,472.9440965652466,48.58810043334961,89715.99659323132,58371.979842244895,9230.655568568845,1340.8806171978222,466.46465039253235,45.34854769706726,91562.5826220793,59499.5882085604,9375.611921154283,1362.1068945716409,460.79913702011106,51.827659130096436,93066.37187116193,60345.18844692008,9543.766636873694,1396.9265297684015,482.0265213713926,51.827659130096436,95234.8510673897,61692.7312427951,9789.318938955606,1451.9945083889306,494.9837743506712,51.82770347595215,12.958247661590576,3.23956036567688,0.0,0.0,0.0,0.0,0.0,0.0,0.0,0.0,0.0,0.0,0.0,0.0,0.0,0.0,0.0,0.0,0.0,0.0,0.0,0.0,0.0,0.0,0.0,0.0,0.0,0.0,0.0,0.0
"98,154",2506.910389086654,0.0,0.0,0.0,0.0,0.0,0.0,0.0,0.0,0.0,0.0,103139.36539262418,48855.99560364088,11737.594926023485,2207.1415590837887,985.6753435265784,145.78696625746932,103276.24371669153,48957.22641198402,11763.514128589632,2203.088764483321,975.9563548695808,142.54730504073348,103362.09935242709,48889.1841751669,11711.675058031084,2209.5672748631123,992.1548710000282,145.78698437728133,103317.62362738405,48880.28421897421,11765.121826168135,2197.4210939005306,979.1959097516303,142.54728715934004,103205.10361759242,48887.58040646478,11813.714869972304,2210.379568775027,1001.8738107812171,145.78706877745833,0.0,0.0,0.0,0.0,0.0,0.0,0.0,0.0,0.0,0.0,0.0,0.0,0.0,0.0,0.0,0.0,0.0,0.0,0.0,0.0,0.0,0.0,0.0,0.0,0.0,0.0,0.0,0.0,0.0,0.0
"99,154",2507.0647177504798,0.0,0.0,0.0,0.0,0.0,0.0,0.0,0.0,0.0,0.0,66652.2525351169,87061.29241879127,14162.87610150038,667.430771112442,90.71977114677429,38.879944801330566,68855.68240772322,89531.00977726918,14432.6077597562,690.1107878684998,77.7597861289978,38.879944801330566,69817.24406195714,90607.50730569504,14583.184357201819,677.15087723732,84.23978042602539,38.879944801330566,70602.12800989805,91854.44053807258,14784.063213860754,680.3907940387726,80.99978685379028,42.119940996170044,71425.34999038285,93268.06210863356,14947.688636183271,677.1508712768555,74.51980018615723,42.119940996170044,0.0,0.0,0.0,0.0,0.0,0.0,0.0,0.0,0.0,0.0,0.0,0.0,0.0,0.0,0.0,0.0,0.0,0.0,0.0,0.0,0.0,0.0,0.0,0.0,0.0,0.0,0.0,0.0,0.0,0.0
"100,154",2507.064717750494,0.0,0.0,0.0,0.0,0.0,0.0,0.0,0.0,0.0,0.0,40766.1835648546,69885.13154597937,8779.86948963801,220.3184938430786,3.239919662475586,0.0,44507.1623031803,75989.70449498868,9426.414679332807,217.07847952842712,3.239919662475586,0.0,46315.90978157567,78711.28366784395,9699.640132308472,236.51839637756348,3.239919662475586,0.0,48517.01605607013,81899.22488152653,10107.877253347284,242.99831986427307,3.239919662475586,0.0,51848.78599372471,86961.73458149572,10691.882271293565,259.1981029510498,3.239919662475586,0.0,0.0,0.0,0.0,0.0,0.0,0.0,0.0,0.0,0.0,0.0,0.0,0.0,0.0,0.0,0.0,0.0,0.0,0.0,0.0,0.0,0.0,0.0,0.0,0.0,0.0,0.0,0.0,0.0,0.0,0.0
"101,154",2506.9103890866795,0.0,0.0,0.0,0.0,0.0,0.0,0.0,0.0,0.0,0.0,54821.86966619398,69117.83979783807,8019.62938230739,341.78809098729903,9.719337224960327,0.0,59202.44380111133,75267.15662549618,8430.885264069428,341.7881675196629,9.719337224960327,0.0,61104.239306937015,78178.5793800672,8730.380288748649,345.0279660655003,9.719337224960327,0.0,62371.69505451146,80175.46560241381,8863.210415987876,354.7471521330815,12.95913314819336,0.0,64073.592682359726,82685.54064939349,9188.802766825173,364.4664929343205,12.95913314819336,0.0,0.0,0.0,0.0,0.0,0.0,0.0,0.0,0.0,0.0,0.0,0.0,0.0,0.0,0.0,0.0,0.0,0.0,0.0,0.0,0.0,0.0,0.0,0.0,0.0,0.0,0.0,0.0,0.0,0.0,0.0
"102,154",2506.6017844559165,0.0,0.0,0.0,0.0,0.0,0.0,0.0,0.0,0.0,0.0,62524.54648480884,79827.95398923648,6149.683168755325,110.13971972465515,0.0,0.0,65261.32278547943,83350.71305589675,6369.965821133407,116.61844515800476,0.0,0.0,66939.88598434225,85000.21835505449,6467.1493288143,113.37904596328735,0.0,0.0,68373.80584893134,86579.21251028846,6531.936355458053,116.61848163604736,0.0,0.0,71690.89807019141,89557.51362613135,6645.670229367647,119.85760188102722,0.0,0.0,0.0,0.0,0.0,0.0,0.0,0.0,0.0,0.0,0.0,0.0,0.0,0.0,0.0,0.0,0.0,0.0,0.0,0.0,0.0,0.0,0.0,0.0,0.0,0.0,0.0,0.0,0.0,0.0,0.0,0.0
"103,154",2506.1390092156785,51.814964056015015,0.0,0.0,0.0,0.0,51.814964056015015,0.0,0.0,0.0,0.0,82054.18233006514,92789.55312766376,5212.786159267613,174.88615942001343,16.193222522735596,0.0,84539.190205819,95554.23447900475,5329.38147686977,168.40806221961975,16.193222522735596,0.0,85563.41955635033,96764.33825058283,5390.916179886051,174.8853316307068,16.193222522735596,0.0,86343.95355626555,97497.9209500369,5488.077284088322,181.36274313926697,19.43190622329712,0.0,87571.86010878414,99182.94277478855,5595.411800890342,181.36282777786255,19.43190622329712,0.0,45.338136196136475,6.47682785987854,0.0,0.0,0.0,0.0,0.0,0.0,0.0,0.0,0.0,0.0,0.0,0.0,0.0,0.0,0.0,0.0,0.0,0.0,0.0,0.0,0.0,0.0,0.0,0.0,0.0,0.0,0.0,0.0
"104,154",2505.522221311077,0.0,0.0,0.0,0.0,0.0,0.0,0.0,0.0,0.0,0.0,90139.69319691938,77272.74946181072,6299.613154042936,586.0680586496989,55.04521989822388,0.0,91935.88942261491,78682.31968652594,6477.709284652448,608.7353941599528,51.80721831321716,0.0,93013.86622033213,79627.80258087363,6609.3737067362845,636.2515062837039,51.80721831321716,0.0,93985.56328026549,80566.48323932067,6703.283213534075,636.2515062837039,51.80721831321716,0.0,94850.20647655564,81537.51361730052,6819.857849755007,645.9666606931124,51.80721831321716,0.0,0.0,0.0,0.0,0.0,0.0,0.0,0.0,0.0,0.0,0.0,0.0,0.0,0.0,0.0,0.0,0.0,0.0,0.0,0.0,0.0,0.0,0.0,0.0,0.0,0.0,0.0,0.0,0.0,0.0,0.0
"105,154",2428.1421030057327,4844.020017254586,1877.4810955000858,1157.573265288858,225.04076737703062,536.5339671527638,4727.491303789849,1806.2683512640933,1141.3881122813507,225.04076737703062,533.2970148479237,77338.49934136166,89753.60048350166,13390.01967992315,792.8174707852158,58.26706910133362,0.0,75748.55688942554,88009.8512117096,12939.888519440445,744.2644934616837,55.029640674591064,0.0,75322.13084280725,87429.5112635014,12882.696427206898,728.1433019366918,55.03031826019287,0.0,74723.7270502558,86809.67767663937,12814.723761181736,731.381549092835,55.03031826019287,0.0,74597.5557071555,86789.58336200996,12811.4870835351,731.3810002532659,51.793314695358276,0.0,1960.8404104644178,2311.4633206115045,419.581167455748,35.60640525817871,0.0,0.0,815.9729516057407,857.5828506871766,123.00193643569946,6.473792791366577,3.2368197441101074,0.0,534.082820892334,532.8589017138762,74.44638967514038,0.0,0.0,0.0,97.91768352845136,127.12308384857926,0.0,0.0,0.0,0.0,228.22426682921017,285.65245826384603,19.420289754867554,0.0,0.0,0.0
"106,154",2503.8275015373706,545.8671040067486,1366.1391494059094,745.033619108387,833.1895207507937,906.7861629383237,532.1103582298055,1366.1391494059094,745.033619108387,833.1895207507937,906.7861629383237,63095.641773281845,126955.33879556936,26373.857292882134,1335.1171301084407,89.70926942638323,0.0,62683.62357898225,126341.58487314805,26281.466888918596,1331.8804345804103,89.70926942638323,0.0,62172.35370035638,125526.3496677866,26245.79168866382,1331.8822584825405,89.70926942638323,0.0,61891.738669896586,125073.92223296351,26185.923578024845,1331.8829749303707,92.94556202701494,3.236297130584717,61654.97110136256,124518.11293617882,26109.88834624197,1331.8830235677608,96.18185033611223,3.236297130584717,210.3261685371399,295.8979873573079,25.886202335357666,0.0,0.0,0.0,511.2630388736725,750.5216449550554,97.8837014170254,6.47076416015625,0.0,0.0,233.788775508544,465.94776141409784,45.29708218574524,0.0,0.0,0.0,224.88933459356718,504.76308012008667,100.301687002182,3.2354190349578857,0.0,0.0,245.90857696533203,592.1195006370544,62.287286128249825,6.470799207687378,0.0,0.0
"107,154",2502.750147334389,872.6387988548653,1359.418648921742,983.2435832210615,625.8598879038119,1264.6340854167938,872.6387988548653,1359.418648921742,983.2435832210615,622.62585384238,1261.4001517295837,40338.71392913519,113526.72826725362,59347.01919215146,9229.510791713117,1039.1285880481496,12.937925338745117,40108.3458198005,113013.00082994722,59127.09371488515,9184.230440789579,1042.3622010623708,12.937925338745117,39861.72640971203,112440.33582394077,58896.731270406766,9226.274651461958,1048.831602421929,12.937925338745117,39734.69538930258,112035.24220144609,58780.29980406575,9236.790218681448,1065.0043471729055,16.1725594997406,39483.93591364131,111557.46797158766,58570.0844614777,9159.163190931433,1052.0677541171804,16.1725594997406,165.76974119111603,415.79111600763656,274.90616846084595,16.171773195266724,0.0,0.0,326.6697449684143,698.0003830068251,318.5770798683167,16.171441078186035,0.0,0.0,194.066668510437,553.0703253933027,213.46364545822144,22.642943859100342,0.0,0.0,143.93905066602372,318.5871093591054,127.75395731364979,32.345736503601074,0.0,0.0,255.5141294002533,701.8547854423523,271.6878037452698,32.343433141708374,0.0,0.0
"108,154",2501.51993540019,316.7880024909973,599.6488798814662,610.2111503451479,594.298347159928,1257.7500749933954,316.7880024909973,599.6488798814662,606.9787701933992,594.298347159928,1254.517384897494,38838.46977969712,111423.60193226382,64353.39332853859,8842.818770984575,514.8083326508017,0.0,38757.65671941346,111152.06084296748,64226.50952509898,8842.817710737154,521.2745277573081,0.0,38615.25758220262,110884.56454354453,64158.63050369281,8826.660997013018,514.8097245384665,0.0,38405.15742511656,110414.96597469272,63994.59909727993,8800.800640682146,501.8788189579459,0.0,38021.929224623884,109725.25656398135,63664.86933734837,8761.195858000774,498.6463203121634,0.0,74.34787082672119,181.02478957176208,61.41534209251404,0.0,0.0,0.0,130.91693484362435,329.72877955436707,119.60835123062134,19.394814252853394,0.0,0.0,142.2252345720927,341.9304183398976,116.3589086785036,6.464208602905273,0.0,0.0,145.62309432029724,306.45131985813964,119.59703993797302,22.626893043518066,0.0,0.0,289.4905233074637,612.6706725775027,313.56480836868286,35.557989835739136,3.2333908081054688,0.0
"109,154",2500.1372842584137,402.18083009906843,548.7359029938193,731.5071187468136,609.7747027294308,1244.5360067694794,402.18083009906843,545.5052041698905,728.2752354593838,603.3136274234921,1218.6943431704651,52530.40049052893,116406.1702380087,43697.34945432718,3665.4405129068036,210.81770054686302,0.0,52394.710333830706,116238.53677050088,43676.523957908845,3665.4377400987287,210.81770054686302,0.0,52057.08646353741,115640.6734716294,43489.136153415595,3642.8163542859693,207.5863296209597,0.0,51732.69278442813,115072.78667047354,43324.355176647965,3613.740307103886,201.123812121036,0.0,51367.775586171236,114513.03780907836,43099.00298004991,3587.8944661729474,197.89291397917503,0.0,138.912828207016,227.73058352657392,35.537418365478516,0.0,0.0,0.0,200.4687499962601,290.1161288943945,54.92032527923584,0.0,0.0,0.0,228.26414216826944,409.55698696024274,90.45410633087158,0.0,0.0,0.0,196.8980434698217,319.18852816563026,80.76661109924316,6.460444688796997,0.0,0.0,313.36805385421303,656.5667439900193,229.37569904327393,12.922400712966919,6.461445569992065,0.0
"110,154",2498.6026638238586,1231.1788507844888,1671.6188078590467,1851.0988194661982,1699.4555662641337,3698.3035311857857,1221.4909242536507,1668.3896108337476,1851.0988194661982,1689.7684114942363,3685.387551561991,54940.94510683265,90253.33439953094,32198.190242532655,4947.878041184183,687.5721065689535,0.0,54576.04087051597,89759.42229862961,32109.18536918584,4972.897640112335,694.0276810814352,0.0,54074.873733989865,88754.71883636457,31800.52493071182,4931.728514349695,690.7991492439718,0.0,53673.750661231024,87961.33783926589,31509.91033967897,4905.892270243402,681.1145541359396,0.0,53232.46907252798,87141.23161276181,31186.20490513035,4831.632685101266,671.4315297295065,0.0,432.71683406829834,598.241402759739,171.15547847747803,19.377208948135376,0.0,0.0,455.95000371932986,908.0768158332975,288.217913608925,12.916345834732056,3.228531837463379,0.0,563.6797026634216,967.7400597703223,290.6181601589801,29.06089687347412,0.0,0.0,404.69802955178653,896.7900305542291,333.3939044354009,51.65847420692444,3.2279727458953857,0.0,1039.8508871284187,1842.8911948578032,708.2000677136814,78.3011645821964,16.144237279891968,0.0
"111,154",2496.9165950778897,2077.3146233867196,2553.8206922736827,2994.1873347441356,5462.265393033682,10522.910405110377,2057.9532409022836,2537.690376493043,2961.924572436015,5391.282028213202,10455.151825617808,90859.59380439213,65009.94651497858,12761.642653778488,1585.4788008717928,355.83049231791034,9.682631969451904,89582.78300647733,64417.80132648056,12703.5653219971,1585.4809886006747,355.8292801978542,9.682631969451904,87883.16724140596,63550.368569652695,12481.625351894603,1591.9377196816833,355.8282912375881,9.682631969451904,86566.16547227933,62770.743848313534,12358.997050989376,1562.8908518342407,352.60140281939044,6.455645322799683,83691.736997322,60779.014420928215,11767.646308624979,1524.1613343743713,342.9177592399074,6.455645322799683,1364.6671191028522,583.5688955325707,103.26357007026672,6.453656196594238,0.0,0.0,1572.1945227576239,803.7980144687726,155.24431658445621,6.453522682189941,0.0,0.0,1695.853188714794,1043.4106876915575,206.52449655532837,9.682324409484863,3.226888418197632,3.2269866466522217,2902.120817849215,1926.849940817964,530.0370621924307,29.046321153640747,3.227886199951172,0.0,5330.222808150685,4046.671019465315,991.1271050097896,83.90403723716736,3.226855754852295,0.0
"112,154",2495.0796497067413,4756.266841097439,7807.53605635587,4046.270715264713,5761.986092165405,3262.1574933341903,4658.728862449235,7668.904189662373,3994.675529984867,5710.397936180527,3226.687909822838,46255.264226848005,33500.02559724508,12345.381573930443,3254.1114672716926,1388.0997839011397,174.81478863790923,44822.15531912691,32015.2013966392,11738.333145442662,3070.3492156561683,1307.5086255110946,168.72169339516586,40455.82524586284,27970.97473273464,10404.528587949042,2718.034530505947,1220.1168569957508,165.49850976326886,39488.97414565554,27327.577932931865,10151.601074326272,2650.3266843412434,1175.333726462196,188.06223213532394,37024.60550074296,25429.661774659624,9373.704296419668,2508.8301170180825,1155.98735314257,184.8390299067778,1881.7538904339658,1766.240701344434,743.1605397252476,196.65633511543274,67.69376921653748,3.2236266136169434,3174.1961376797917,3040.699915496041,1056.5669762405696,316.84978012664646,80.59138011932373,0.0,1994.8834507343815,1395.7986284854364,465.70990848260766,96.72340130805969,41.56014097438139,0.0,2737.628353869681,2030.462117513021,775.0211232952043,138.27075870270824,29.0155827999115,0.0,1450.2012715975443,1048.467915872499,589.3898242090263,112.84004473686218,25.788853406906128,0.0
"113,154",2492.910396074129,1701.7610545644573,2246.097939723146,1899.327309069914,3531.941080584246,8153.590154468313,1630.8697245607189,2200.9874615603803,1854.2174414971296,3509.3813636443197,8056.115627207476,22370.455921626555,54778.332943628346,48964.61276805728,28125.27614865864,18790.215181591928,5199.322171380472,22316.21146294463,54294.459025506425,48565.08608822729,27986.69240414395,18668.0160997933,5146.625526945263,21915.545451115624,53547.07342654956,47908.7492436783,27645.193561752167,18536.233565253835,5178.8352945252955,21932.577900950117,53504.16990653207,47751.38360977454,27755.734520693382,18649.956140447128,5281.910224239498,21661.830761930054,52550.0917114342,47160.85203480626,27403.24232453458,18695.80608428506,5476.769578245574,194.06348942307864,651.3084202672921,523.6658789111119,162.7379748624914,99.09396109674492,0.0,358.7592250964221,717.1791318781236,681.2722989147785,305.21671417554217,135.33709383010864,3.2229976654052734,277.9389295895894,611.4609904728684,641.4239573497399,213.48928426387263,106.68366109623628,3.220618724822998,489.0357299898185,1267.409290079977,981.5954964834101,565.104231671726,199.79207110404968,6.444544315338135,1038.323575062845,2692.134622256896,2353.725554775724,1339.6020118844276,600.1077491414313,32.22211408615112
"114,154",2449.7107118210793,110.29127292633056,141.66612887382507,106.23538064956665,22.53486442565918,9.658702373504639,97.4108386516571,128.79155039787292,86.91859221458435,16.09621500968933,6.439152002334595,9350.699619125851,30268.202288063836,42551.034257803716,28728.255602956284,22955.859355938668,11001.793122548683,9405.43616230441,30456.492352833466,42761.87495035378,29045.21743752162,23270.727343081493,11001.794496554954,9407.844578442855,30531.611782986507,42896.61006848111,29191.67777063613,23438.130259936464,10994.555629305745,9627.926854633817,31101.21222077538,43623.40977900916,29794.507352392346,23989.368921603407,11227.559024456434,9698.125578999987,31353.91329645643,44015.535322554904,30034.799707502476,24250.938562538107,11381.377772159201,6.4406092166900635,26.57009701728821,41.86062669754028,3.2197749614715576,19.319730758666992,0.0,6.439051628112793,12.877129793167114,57.96015930175781,28.976875066757202,19.318185806274414,3.220148801803589,3.2187986373901367,25.751635551452637,25.755637168884277,12.878445386886597,12.874302625656128,6.439772844314575,3.2187883853912354,6.438379526138306,6.43904709815979,0.0,0.0,0.0,0.0,6.439152002334595,0.0,0.0,0.0,0.0
"115,154",2488.660828582258,434.2880070209503,405.3321907520294,106.16370797157288,209.0938744544983,270.214919090271,398.90082025527954,376.37928438186646,93.29599571228027,199.44322419166565,238.04683589935303,7620.0742518051,21646.185870868085,26209.27214931787,18020.1603435881,23838.77883314151,19999.59041283084,7549.302124653611,21544.851229211396,26205.215070746923,18097.32092112373,23952.41766450171,20089.60019514514,7529.989726935181,21497.40405963636,26110.145680298523,18126.25756019424,24042.992618752458,20124.949325775633,7555.7313875301215,21563.518840213852,26224.528120540166,18150.566092721154,24086.27274859185,20070.297102903853,7541.073033466527,21566.74012436493,26203.44600593062,18188.444250342425,24106.3926966957,20094.350397331575,38.60251235961914,128.67607235908508,144.7632031440735,51.47150206565857,35.38753032684326,0.0,35.38482189178467,102.93797302246094,160.84989428520203,48.25336265563965,22.518969774246216,6.434262752532959,3.217458963394165,28.951469659805298,35.38913655281067,12.869352579116821,12.86857795715332,0.0,12.867045164108276,70.76799535751343,57.904377698898315,25.735175371170044,28.951818466186523,3.2168121337890625,32.16830897331238,83.63630509376526,77.20420551300049,25.735469102859497,16.08549690246582,3.217050313949585
"116,154",2486.227157095385,0.0,0.0,0.0,0.0,0.0,0.0,0.0,0.0,0.0,0.0,20331.23501795694,32856.52144579794,38850.709693003635,31603.266260621127,42695.58327766213,15599.885224325515,20414.78054565355,32993.05927012294,38979.25140876022,31675.580375167436,42836.25350327024,15653.735241918937,20472.616427125184,33166.5413334164,39191.31355804649,31890.855534134662,43091.17366660529,15775.052292188942,20527.237688960282,33216.33344241498,39238.71717388677,31869.819647855384,43061.43627591414,15675.453440985024,20546.524401368348,33252.4747724075,39274.074102950566,31883.54700785618,43144.17087303423,15717.221463760674,0.0,0.0,0.0,0.0,0.0,0.0,0.0,0.0,0.0,0.0,0.0,0.0,0.0,0.0,0.0,0.0,0.0,0.0,0.0,0.0,0.0,0.0,0.0,0.0,0.0,0.0,0.0,0.0,0.0,0.0
"117,154",2483.646216534366,0.0,3.2095155715942383,0.0,6.419068336486816,4.807489369897281,0.0,3.2095155715942383,0.0,6.419068336486816,4.807489369897281,27325.214680024692,43273.95359417318,47996.52435039538,31799.637922996633,24264.93813747144,3433.7732431776385,27407.0492794654,43496.13686669762,48304.63947223681,31967.248609223087,24383.696838080647,3433.764176357494,27443.199024015317,43561.80390941022,48277.202385439596,31840.397399961246,24292.141286400252,3412.744519124312,27557.95090111751,43660.60502118411,48315.714065804204,31864.519826867534,24262.393820219415,3405.6119298598346,27679.008839262235,43840.34286374392,48441.79349583924,31942.348313532624,24403.589902149462,3428.0768756529865,0.0,0.0,0.0,0.0,0.0,0.0,3.2095155715942383,0.0,0.0,0.0,0.0,0.0,0.0,0.0,0.0,0.0,0.0,0.0,0.0,0.0,6.419068336486816,0.0,0.0,0.0,4.807489369897281,0.0,0.0,0.0,0.0,0.0
"118,154",2480.918873225939,3.2068169116973877,0.0,0.0,0.0,0.0,3.2068169116973877,0.0,0.0,0.0,0.0,13353.734401602838,25592.560650969488,41027.57377888175,43302.23137596541,49050.36607054355,15333.100802965722,13453.431409934923,25684.979130179276,41226.30909563514,43536.947479060116,49263.53923659605,15389.218095935557,13464.778517802557,25643.339950418474,41145.15399450976,43427.972994577176,48723.27836247612,15120.817356779995,13474.38321765264,25657.674136524576,41198.680312358636,43494.45448490405,48880.450643429096,15073.444883225944,13505.717532206518,25686.74460187987,41281.345348677925,43555.38625046038,49018.34864914745,15137.596029399421,0.0,0.0,0.0,0.0,3.2068169116973877,0.0,0.0,0.0,0.0,0.0,0.0,0.0,0.0,0.0,0.0,0.0,0.0,0.0,0.0,0.0,0.0,0.0,0.0,0.0,0.0,0.0,0.0,0.0,0.0,0.0
"119,154",2478.0460407013966,0.0,0.0,0.0,0.0,0.0,0.0,0.0,0.0,0.0,0.0,10719.343051858976,21361.40898848515,33072.4242272994,35264.89607309174,46072.28397920739,20430.64211834365,10813.46046703002,21554.200681860304,33357.521991591355,35508.24143722292,46344.466433555,20545.928884395897,10926.201350188721,21746.388866766763,33809.52486547956,35686.07230232183,46567.03324574208,20615.04279887349,10967.839207387437,21737.610299478794,33868.966673620074,35717.07489649549,46498.9803960744,20438.901049091302,10951.819122529496,21688.316668067255,33973.919552050385,35775.49846293413,46638.247026568766,20465.521556644813,0.0,0.0,0.0,0.0,0.0,0.0,0.0,0.0,0.0,0.0,0.0,0.0,0.0,0.0,0.0,0.0,0.0,0.0,0.0,0.0,0.0,0.0,0.0,0.0,0.0,0.0,0.0,0.0,0.0,0.0
"120,154",2475.0286790644604,0.0,0.0,0.0,0.0,0.0,0.0,0.0,0.0,0.0,0.0,6171.647254449246,14664.1051997512,23000.089055334352,27256.351037895914,56820.72029654372,32944.7856937558,6162.056117516873,14703.289463932375,23070.436934599224,27356.53496948504,57154.97403074246,33206.210450125676,6138.069588868759,14671.312124433704,22924.903675370122,27270.15931898005,57102.21626044442,33081.335511969584,6131.671668975494,14704.892926717273,22865.69992337975,27241.165320504882,57045.81619475402,33140.39196789872,6134.871782510421,14689.60368809139,22843.05449502515,27334.286519810736,57220.11190851623,33340.832388154195,0.0,0.0,0.0,0.0,0.0,0.0,0.0,0.0,0.0,0.0,0.0,0.0,0.0,0.0,0.0,0.0,0.0,0.0,0.0,0.0,0.0,0.0,0.0,0.0,0.0,0.0,0.0,0.0,0.0,0.0
"121,154",2471.8677943272055,0.0,0.0,0.0,0.0,0.0,0.0,0.0,0.0,0.0,0.0,1189.5807850996655,3147.633156285566,4760.763488995795,5795.0098172945145,14950.29284623464,10582.839018459883,1192.7823105494183,3093.3203036644877,4690.476407515768,5640.84530841416,14684.294877183203,10409.503823526233,1143.6093883159115,3074.1252369740428,4690.128413407007,5634.447446933447,14604.016493772058,10295.555380345326,1111.6720797660305,3076.52304352405,4597.045994767956,5625.325901219423,14514.601147632971,10152.750543846803,1118.0641893985226,3038.5375381161184,4576.747696958804,5522.74733060201,14457.09740255393,10076.438222224104,0.0,0.0,0.0,0.0,0.0,0.0,0.0,0.0,0.0,0.0,0.0,0.0,0.0,0.0,0.0,0.0,0.0,0.0,0.0,0.0,0.0,0.0,0.0,0.0,0.0,0.0,0.0,0.0,0.0,0.0
"122,154",2468.5644377091385,0.0,0.0,0.0,0.0,0.0,0.0,0.0,0.0,0.0,0.0,2768.7308363951893,6309.727372737959,9124.637879244487,11442.669234596513,34990.06728125647,63356.94338780385,2759.1613140143604,6251.5003686371965,9064.014527193705,11420.349324229184,34785.35634163034,63144.88237400055,2735.67265328426,6277.006227058522,9148.909298205843,11487.068703068939,35042.306630958294,63470.596911862325,2730.8768916176814,6320.096849173189,9134.206743508694,11496.651233314064,35032.36116439128,63419.86705161917,2711.734605317022,6326.4789828954945,9080.321681865991,11415.288733597361,34858.47984602966,62671.25951091168,0.0,0.0,0.0,0.0,0.0,0.0,0.0,0.0,0.0,0.0,0.0,0.0,0.0,0.0,0.0,0.0,0.0,0.0,0.0,0.0,0.0,0.0,0.0,0.0,0.0,0.0,0.0,0.0,0.0,0.0
"123,154",2465.1197049090874,0.0,3.184267520904541,0.0,38.218377351760864,9.555522680282593,0.0,3.184267520904541,0.0,38.218377351760864,9.555522680282593,11835.812413683127,12967.863086914547,15062.797665107952,17532.458154137934,54534.8510571676,89603.11889306053,11867.674134245108,12932.812001204022,15065.195851203507,17487.85372926301,54562.42702847368,89772.33751635552,11889.969907751272,12926.439744686611,15105.801453936334,17504.822063043073,54643.12905299242,89952.69479829472,11896.34180735607,12923.256823753842,15121.713876354928,17552.593240573362,54678.78101144116,90217.45411666142,11896.329541912268,12935.995321249493,15120.924768081366,17597.196056439832,54801.41119950237,90385.08726831418,0.0,0.0,0.0,0.0,0.0,0.0,0.0,0.0,3.184267520904541,0.0,0.0,0.0,0.0,0.0,0.0,0.0,0.0,0.0,19.109713554382324,6.367336988449097,0.0,6.37026572227478,6.371061086654663,0.0,0.0,3.183518171310425,0.0,3.1868605613708496,3.1851439476013184,0.0
"124,154",2461.5347353414395,0.0,0.0,0.0,0.0,0.0,0.0,0.0,0.0,0.0,0.0,4811.05661555178,9479.684711942486,12668.916727342792,15966.958680831685,52103.77750499108,99100.88822582563,4807.874959191154,9495.587770709804,12671.28939162329,15957.417513095632,52106.08288672298,99431.18254670629,4833.324726542304,9489.228670368007,12684.01284323767,16001.93718572785,52264.25136735299,99977.89524555861,4839.689938505958,9533.760906228832,12680.826545344145,16027.369821035161,52390.77795377338,100520.29871159443,4826.965850790809,9556.024919519237,12668.099944697173,16062.369937860265,52473.47148910129,100700.35392156207,0.0,0.0,0.0,0.0,0.0,0.0,0.0,0.0,0.0,0.0,0.0,0.0,0.0,0.0,0.0,0.0,0.0,0.0,0.0,0.0,0.0,0.0,0.0,0.0,0.0,0.0,0.0,0.0,0.0,0.0
"125,154",1968.246110912589,0.0,0.0,0.0,0.0,0.0,0.0,0.0,0.0,0.0,0.0,2887.21509810803,6231.417642333461,8162.410438201006,9809.4637168903,33843.59097348849,89200.99303382145,2890.3930983197456,6247.285277345134,8190.9827191063,9831.711601879084,33938.241225848484,89472.44811190064,2880.861683810926,6263.173176267101,8216.385429305656,9876.179475690806,34077.251483563814,89949.9801639155,2874.5215367924934,6228.250552632762,8187.818313760383,9853.972673084223,34024.187627400606,89925.1306653883,2906.2799582135444,6291.765467860652,8267.210241956336,10000.037810232127,34564.01592250618,91778.133780385,0.0,0.0,0.0,0.0,0.0,0.0,0.0,0.0,0.0,0.0,0.0,0.0,0.0,0.0,0.0,0.0,0.0,0.0,0.0,0.0,0.0,0.0,0.0,0.0,0.0,0.0,0.0,0.0,0.0,0.0
"126,154",792.9975512624254,0.0,0.0,0.0,0.0,0.0,0.0,0.0,0.0,0.0,0.0,1989.3310462147583,2579.0653798841963,3495.9861076906614,4010.1558299606922,12774.456323555401,35410.15769915487,1986.1602383763184,2569.5489480757246,3489.6426147058896,4026.0194538181904,12741.135323056053,35198.86997081907,1970.2963598877777,2560.0288942121992,3483.294621332019,4016.494838291991,12699.884025820564,35177.71062516419,1956.0249469467237,2561.613969654196,3478.527984191857,4035.5242350643757,12728.41336513407,35220.80489042694,1995.6821492821564,2564.7941730274874,3481.606086465424,3997.4563992565754,12636.425559524461,34928.68113418841,0.0,0.0,0.0,0.0,0.0,0.0,0.0,0.0,0.0,0.0,0.0,0.0,0.0,0.0,0.0,0.0,0.0,0.0,0.0,0.0,0.0,0.0,0.0,0.0,0.0,0.0,0.0,0.0,0.0,0.0
"91,155",1011.2166514825224,0.0,0.0,0.0,0.0,0.0,0.0,0.0,0.0,0.0,0.0,0.0,0.0,0.0,0.0,0.0,0.0,0.0,0.0,0.0,0.0,0.0,0.0,3.2325007915496826,0.0,0.0,0.0,0.0,0.0,3.2325007915496826,0.0,0.0,0.0,0.0,0.0,3.2325007915496826,0.0,0.0,0.0,0.0,0.0,0.0,0.0,0.0,0.0,0.0,0.0,0.0,0.0,0.0,0.0,0.0,0.0,0.0,0.0,0.0,0.0,0.0,0.0,0.0,0.0,0.0,0.0,0.0,0.0,0.0,0.0,0.0,0.0,0.0,0.0
"92,155",2502.9215879259514,0.0,0.0,0.0,0.0,0.0,0.0,0.0,0.0,0.0,0.0,1142.4953807082832,3.235079288482666,3.233715534210205,3.2337100505828857,0.0,3.2336983680725098,1608.229260998146,3.235079288482666,3.233715534210205,4.299391552981208,0.0,3.2336983680725098,2011.5001550599638,4.300760712343104,3.233715534210205,2.1313629262587606,0.0,3.2336983680725098,2153.8059463370078,7.534983839708216,3.233715534210205,2.1313629262587606,0.0,3.2336983680725098,2269.1592715553206,4.300760712343104,3.233715534210205,2.1313629262587606,0.0,0.0,0.0,0.0,0.0,0.0,0.0,0.0,0.0,0.0,0.0,0.0,0.0,0.0,0.0,0.0,0.0,0.0,0.0,0.0,0.0,0.0,0.0,0.0,0.0,0.0,0.0,0.0,0.0,0.0,0.0,0.0
"93,155",2503.9992274051874,0.0,0.0,0.0,0.0,0.0,0.0,0.0,0.0,0.0,0.0,66850.8307275183,18375.01246170624,5639.689591766806,1995.6233277919246,1858.6864440300885,1143.001756773743,72172.23848669577,19652.73992237951,5856.845338637221,2046.3187840583278,1926.9908248574127,1155.9445937736361,74861.40827176899,20143.46172134175,6012.514055955176,2088.0121040409686,1920.511184135138,1104.1704138381808,75999.52025812842,20386.919278496385,5976.911388623481,2042.7077121800064,1891.3893367440094,1045.9280377490848,76567.25185343613,20489.240529636307,5942.937724215377,2020.0580773419022,1839.6159812600006,974.7372928722232,0.0,0.0,0.0,0.0,0.0,0.0,0.0,0.0,0.0,0.0,0.0,0.0,0.0,0.0,0.0,0.0,0.0,0.0,0.0,0.0,0.0,0.0,0.0,0.0,0.0,0.0,0.0,0.0,0.0,0.0
"94,155",2504.9236044798763,0.0,0.0,0.0,0.0,0.0,0.0,0.0,0.0,0.0,0.0,45858.02791780303,8963.094881461651,1555.9905064984864,516.4313214096369,453.1161994934082,96.38486827775543,46714.20714780864,9131.41206137994,1597.7104717843674,519.6685471805872,455.9973099895552,102.85809172555511,47420.053025698195,9071.188104649153,1590.5295576226479,525.4306070019218,475.41697246514116,109.33123244210785,48957.63420144436,9102.164196014406,1564.6386820447212,531.9038809944602,472.1805139251784,109.331055058685,50084.28217256303,9255.77296987702,1567.873798049665,531.9045349766227,475.41748697243486,112.56764520570343,0.0,0.0,0.0,0.0,0.0,0.0,0.0,0.0,0.0,0.0,0.0,0.0,0.0,0.0,0.0,0.0,0.0,0.0,0.0,0.0,0.0,0.0,0.0,0.0,0.0,0.0,0.0,0.0,0.0,0.0
"95,155",2505.694402900397,0.0,0.0,0.0,0.0,0.0,0.0,0.0,0.0,0.0,0.0,26608.58827250518,19535.438119596594,2057.5525884618946,163.4975639633104,67.99094748497009,19.425965785980225,27892.723916050967,20768.92989999921,2136.845603663314,169.96027023745518,80.94174933433533,19.42601776123047,28810.19719181061,21178.869196850646,2179.280392032511,182.91140587283115,77.70410180091858,19.42601776123047,29519.83790696462,21785.75450395603,2229.458048880334,192.62460715723972,80.94180798530579,19.42601776123047,30876.255199854986,22431.855053050847,2297.4526816012813,189.38647062731724,84.1794695854187,22.663679361343384,0.0,0.0,0.0,0.0,0.0,0.0,0.0,0.0,0.0,0.0,0.0,0.0,0.0,0.0,0.0,0.0,0.0,0.0,0.0,0.0,0.0,0.0,0.0,0.0,0.0,0.0,0.0,0.0,0.0,0.0
"96,155",2506.3113587852113,0.0,0.0,0.0,0.0,0.0,0.0,0.0,0.0,0.0,0.0,30761.796900554727,24305.82007503603,6569.318121842777,927.7353594424678,565.137721268336,116.59690284729004,32031.31010835498,25249.371837274695,6808.805604698145,989.2735703113033,550.5558798387939,116.59692573547363,35089.933985467986,25986.722852450723,6954.363129794364,1031.378899348016,599.138649264504,113.35831785202026,36195.38095789236,26462.611659532427,7148.676751387354,1076.7212815406276,647.7197177802816,126.31390309333801,41044.8798116768,27573.5123609655,7430.269033160865,1177.1264696242763,748.1232152377859,139.26911044120789,0.0,0.0,0.0,0.0,0.0,0.0,0.0,0.0,0.0,0.0,0.0,0.0,0.0,0.0,0.0,0.0,0.0,0.0,0.0,0.0,0.0,0.0,0.0,0.0,0.0,0.0,0.0,0.0,0.0,0.0
"97,155",2506.7742608063204,0.0,0.0,0.0,0.0,0.0,0.0,0.0,0.0,0.0,0.0,38272.30224117765,59637.717107739176,18731.03144910569,4645.702451696583,3141.6672142215803,1384.8097851136151,40129.51055965143,62249.59065575693,19425.22246966362,4760.284399467356,3250.599550252802,1402.2138813430188,40785.71274262316,63206.221303570506,19857.02155634562,4869.596201812519,3343.7147503282504,1434.6084052020428,41521.41175576845,64421.12791600321,20269.63298488224,4986.21373144318,3431.1777599241213,1424.8892842227337,42462.79830275984,66101.4455863962,20807.124439538693,5131.25943362853,3505.683685817905,1452.8375131943646,0.0,0.0,0.0,0.0,0.0,0.0,0.0,0.0,0.0,0.0,0.0,0.0,0.0,0.0,0.0,0.0,0.0,0.0,0.0,0.0,0.0,0.0,0.0,0.0,0.0,0.0,0.0,0.0,0.0,0.0
"98,155",2507.082950337187,0.0,0.0,0.0,0.0,0.0,0.0,0.0,0.0,0.0,0.0,62481.777706841865,74027.14146744317,21700.554156547434,4571.827528989081,2288.176448905234,957.3641793727875,63315.693895165125,74884.69326340265,21826.904715066798,4607.464726483588,2320.5741384861512,960.6040351390839,63903.77079808198,75607.53427000609,22025.736904888527,4644.308940852858,2369.1708496449037,973.5633199214935,64623.39114521812,76297.98772974295,22129.40765359916,4660.507879937864,2349.7317903873964,963.8438284397125,65174.291731754,77004.29777885514,22346.472738294975,4735.746955155391,2409.2554928358863,970.3234207630157,0.0,0.0,0.0,0.0,0.0,0.0,0.0,0.0,0.0,0.0,0.0,0.0,0.0,0.0,0.0,0.0,0.0,0.0,0.0,0.0,0.0,0.0,0.0,0.0,0.0,0.0,0.0,0.0,0.0,0.0
"99,155",2507.2373215651387,0.0,0.0,0.0,0.0,0.0,0.0,0.0,0.0,0.0,0.0,52253.13414184252,105920.7961609616,19724.58814976636,1366.4292382539488,375.8299090862274,58.31834292411804,53678.64091605112,108209.29456650511,19917.678996763043,1363.189561778424,369.35008120536804,55.07842016220093,54510.59504097864,109236.63962126993,19889.726374008143,1356.709573918698,379.06978940963745,55.07842016220093,55168.65269321367,110244.71744359987,19964.245529272044,1343.7498766721465,353.15050649642944,51.838500022888184,55665.67565996787,111176.47901877515,20077.643604375804,1343.749706441281,356.3903999328613,55.0784227848053,0.0,0.0,0.0,0.0,0.0,0.0,0.0,0.0,0.0,0.0,0.0,0.0,0.0,0.0,0.0,0.0,0.0,0.0,0.0,0.0,0.0,0.0,0.0,0.0,0.0,0.0,0.0,0.0,0.0,0.0
"100,155",2507.2373215651573,0.0,0.0,0.0,0.0,0.0,0.0,0.0,0.0,0.0,0.0,50184.407223931485,96956.06087236125,10776.545182458094,194.39899349212646,6.479994297027588,0.0,54104.931530441965,104126.37189938038,11472.41119789236,194.398987531662,6.479994297027588,0.0,56052.827879165205,107311.67318872003,11733.400047607984,187.91892910003662,3.239997148513794,0.0,57153.83418937664,109392.62520649291,11978.354196510129,191.15891218185425,3.239997148513794,0.0,57613.0062893241,110507.89778290075,12135.66428402826,194.39882493019104,3.239997148513794,0.0,0.0,0.0,0.0,0.0,0.0,0.0,0.0,0.0,0.0,0.0,0.0,0.0,0.0,0.0,0.0,0.0,0.0,0.0,0.0,0.0,0.0,0.0,0.0,0.0,0.0,0.0,0.0,0.0,0.0,0.0
"101,155",2507.0829503371942,0.0,0.0,0.0,0.0,0.0,0.0,0.0,0.0,0.0,0.0,50889.2843076332,84651.26797885988,9546.807576444104,332.0708349181157,38.87784266471863,0.0,53300.1532680605,89845.27024983612,10078.644738638635,357.9890988303166,38.87784266471863,0.0,54636.00158013362,92103.84467099322,10348.984657727036,361.2289941740971,32.39824175834656,0.0,56190.9811870631,93820.40268230998,10474.969404894699,367.7086511088353,32.39824175834656,0.0,57528.964979349395,95755.57817386927,10727.484549833749,380.66773609647566,35.638081312179565,0.0,0.0,0.0,0.0,0.0,0.0,0.0,0.0,0.0,0.0,0.0,0.0,0.0,0.0,0.0,0.0,0.0,0.0,0.0,0.0,0.0,0.0,0.0,0.0,0.0,0.0,0.0,0.0,0.0,0.0,0.0
"102,155",2506.774260806283,0.0,0.0,0.0,0.0,0.0,0.0,0.0,0.0,0.0,0.0,55246.71596740649,70812.8054888931,4375.7378994586425,223.513676404953,68.02514100074768,0.0,58796.940581101066,75105.84242320996,4542.02286751691,249.42863488197327,68.02506995201111,0.0,61268.171814713765,77711.13238657128,4584.135093764698,259.14641213417053,74.5038366317749,0.0,65205.47442593389,82088.87133831697,4713.709719733631,272.1037793159485,80.98264169692993,0.0,68070.23768596184,85282.43521187353,4830.3262015146365,285.0615749359131,84.2220618724823,0.0,0.0,0.0,0.0,0.0,0.0,0.0,0.0,0.0,0.0,0.0,0.0,0.0,0.0,0.0,0.0,0.0,0.0,0.0,0.0,0.0,0.0,0.0,0.0,0.0,0.0,0.0,0.0,0.0,0.0,0.0
"103,155",2506.31135878525,0.0,0.0,0.0,0.0,0.0,0.0,0.0,0.0,0.0,0.0,70551.8806761293,96433.10491575353,4894.857107726265,158.6920440196991,9.717248439788818,0.0,72462.46354185086,98693.26553713481,4995.257445899178,161.9311385154724,9.717248439788818,0.0,73330.61740772959,99654.48769686642,5095.6538697158585,161.9311385154724,9.717248439788818,0.0,74388.11464986335,100913.74176670337,5170.1451877033005,161.9311385154724,9.717248439788818,0.0,75442.12714812989,102445.03009330618,5286.740890113045,161.93146777153015,12.95568060874939,0.0,0.0,0.0,0.0,0.0,0.0,0.0,0.0,0.0,0.0,0.0,0.0,0.0,0.0,0.0,0.0,0.0,0.0,0.0,0.0,0.0,0.0,0.0,0.0,0.0,0.0,0.0,0.0,0.0,0.0,0.0
"104,155",2505.6944029003967,0.0,0.0,0.0,0.0,0.0,0.0,0.0,0.0,0.0,0.0,80480.11054303599,83528.35172010495,8935.482173684064,1197.6006294839522,197.51521682739258,0.0,82200.71733053339,85767.9174814729,9168.612300875608,1217.02878705193,197.5152871608734,0.0,83362.92460866255,87000.73377519962,9306.628865644045,1270.447049329795,210.46637868881226,0.0,84283.63439627815,88054.85747933575,9416.717101499147,1280.1602584820166,220.18106174468994,0.0,85677.91443883764,89576.01899455013,9513.856198474474,1302.8256239395514,220.18103885650635,0.0,0.0,0.0,0.0,0.0,0.0,0.0,0.0,0.0,0.0,0.0,0.0,0.0,0.0,0.0,0.0,0.0,0.0,0.0,0.0,0.0,0.0,0.0,0.0,0.0,0.0,0.0,0.0,0.0,0.0,0.0
"105,155",2467.9665551895496,2315.63959292711,657.0789618492126,155.36891078948975,12.947123289108276,25.894673347473145,2001.658035319459,618.2367985248566,148.8952431678772,9.710299730300903,25.894673347473145,76690.64157603582,90484.30599679293,21897.36998051662,2623.548056055518,375.490603685379,0.0,77011.965288798,90584.79571366777,21859.74213789865,2646.209660698386,379.934375669442,0.0,77444.59253284417,90898.12014841473,21937.440479745117,2672.106714416953,379.9346128959282,0.0,77916.95713537159,91332.60786811511,22103.960202328366,2685.0543405308445,392.88355937191085,0.0,78100.7700831114,91790.76479983798,22217.254851845202,2727.134715725394,389.64669528194503,0.0,694.1429025285383,996.7748345197415,265.4244384765625,42.07899570465088,3.2368640899658203,0.0,216.86701846122742,307.50095772743225,84.1582465171814,9.710575819015503,0.0,0.0,22.658003568649292,97.10583209991455,22.657862424850464,6.473545074462891,0.0,0.0,3.2368478775024414,6.473451852798462,0.0,0.0,0.0,0.0,6.473642587661743,19.4210307598114,0.0,0.0,0.0,0.0
"106,155",2360.2037388124536,168.71998951201343,325.203654051762,152.07775735855103,103.54404592514038,242.681702375412,159.01109049086475,325.203654051762,148.84142565727234,103.54404592514038,242.681702375412,63368.65489088227,95449.50351967344,27931.187790956683,2268.8212718898176,252.37168431282043,0.0,63240.42740011683,95330.60523075683,27820.726390733907,2246.1705634528516,252.37168431282043,0.0,63083.047482713075,95114.87194075306,27836.08791517931,2244.9638059447793,255.607093334198,0.0,63046.42906036285,95124.06242277201,27867.405449045407,2251.625578616647,268.54899072647095,0.0,62898.873905709224,95029.0354724267,27837.870171930277,2257.907194406846,268.54899072647095,0.0,56.328389363195384,79.43573159984513,20.011235303504797,3.235734224319458,0.0,0.0,148.85602355003357,160.1686141500286,16.17901635169983,0.0,0.0,0.0,58.24161624908447,71.18466806411743,19.415141344070435,0.0,0.0,0.0,42.065375566482544,51.77183985710144,9.706830501556396,0.0,0.0,0.0,116.48936462402344,100.30758905410767,25.884748697280884,0.0,0.0,0.0
"107,155",2483.958063871361,342.8243749141693,1000.9897445201874,1180.4951632209852,692.1319981359968,879.7691464424133,342.8243749141693,1000.9897445201874,1177.260121602638,692.1319981359968,879.7691464424133,60758.69348858666,123617.28256919619,32874.12152243128,2938.1379499052086,608.5522659750545,29.02000652481528,60551.69683884453,123375.90670942607,32812.67503834238,2918.7335941408196,615.0210865469539,29.02000652481528,60487.00571440529,122872.97906514056,32693.014788854827,2896.0948061559716,624.7241204710567,29.02000652481528,60315.413854828075,122232.28101952403,32482.79675482582,2909.0316609952965,650.597100350436,29.02000652481528,60012.58390146144,121719.64326175148,32324.33530823577,2886.3932790372887,637.6602910490597,29.02000652481528,100.26040267944336,164.94469571113586,61.4490966796875,16.170179843902588,0.0,0.0,206.9972152709961,582.1618499755859,192.42619595527648,19.404483318328857,0.0,0.0,249.04669666290283,666.2483980842665,252.263014793396,9.702012062072754,0.0,0.0,177.89107584953308,392.96569565137224,111.57189969455494,6.468943119049072,3.2343838214874268,0.0,274.9330337047577,446.3570308685303,152.010395526886,6.46868634223938,0.0,0.0
"108,155",2501.6910544366788,248.88291192054749,163.2457917886622,437.23014792928507,265.94159251100876,383.04288462938047,245.65077257156372,160.01378643091988,414.60569557676126,259.4775500858531,379.8108218127606,51595.77835946084,107135.75432441187,36423.970516048685,2915.2836341736365,155.1600730419159,0.0,51492.348787117015,107005.73652439773,36394.15350596296,2902.351915585761,155.1600730419159,0.0,51548.94096153204,107179.07362104865,36507.30739323484,2908.818603741889,158.39199471473694,0.0,51420.41159118859,106982.41873471878,36517.02374614921,2947.610035884147,168.09044337272644,0.0,51236.17093663217,106761.54276161382,36452.37098898139,2905.5924308178473,164.85832953453064,0.0,129.2886610031128,103.43262457847595,12.929486989974976,0.0,0.0,0.0,75.96391236361336,67.88355708122253,16.166316986083984,0.0,0.0,0.0,177.04304484105577,227.87724426400428,9.68540647170123,0.0,0.0,0.0,111.51140096888822,125.33891966483172,22.62722945213318,0.0,0.0,0.0,119.60268592834473,189.0947323256848,71.11340355873108,0.0,0.0,0.0
"109,155",2458.055578428067,623.6109938528024,1103.5599066584718,1144.3569028658026,2170.4956460027133,2828.4254444169064,599.2109886524725,1087.4063214629305,1137.894902495777,2167.264858010236,2818.734823040869,51450.99907449928,101347.78167434581,33364.97222871032,5367.764607247183,2180.626537869958,100.14908647537231,51364.97409948555,101151.75984484263,33290.187361003846,5383.917896565268,2193.5502694354336,100.14908647537231,51100.5225871965,100631.40556656707,33171.093148898144,5383.922135647605,2183.862825940637,103.37998414039612,50844.18529931424,99916.46626886014,33014.39705237875,5358.074546393225,2187.0958841548245,100.14967751502991,50346.494565951594,98519.81734181105,32629.935334296322,5322.5283911789165,2174.172777484445,96.91937780380249,190.59772419929504,340.7681039688634,67.84516048431396,0.0,0.0,0.0,366.9922015040529,536.2698004245758,171.22199964523315,12.922319889068604,0.0,0.0,333.4644239229315,646.1280479431152,148.6106514930725,9.691779136657715,0.0,0.0,473.6382072252386,1322.0919277415555,358.61092019081116,12.923802852630615,0.0,0.0,827.0166945457458,1529.694016270544,442.6377763748169,19.386335849761963,0.0,0.0
"110,155",2498.7730381436363,324.3501766616223,337.0953246855268,720.1508004665375,621.278069785997,1281.7144434900845,258.3324763774872,320.9467984938154,700.7745394706726,579.2972393550125,1197.7564242334927,74606.46545550029,95270.07998996529,27069.25167386392,4028.7848746664386,1227.985806315553,416.85860587101354,74821.14331900747,95391.46401814107,27102.60238119294,4019.100285280452,1215.070131152284,418.8847130653905,74878.26121516134,95689.1330742406,27207.958881580133,4012.6431755907397,1208.6115680629132,418.88520572232267,74797.47495574858,95730.690632362,27231.76231762101,4006.1839392073016,1182.7787156993268,409.19864008473417,74666.84695924218,95684.90555760814,27228.52188535859,4026.7591204203814,1192.4644046718,405.9697873358633,122.70697164535522,113.02087593078613,22.604628801345825,0.0,0.0,0.0,182.08869426484202,119.48221945762634,19.375884771347046,0.0,0.0,0.0,371.3899145126343,293.86365509033203,32.29163193702698,3.2293379306793213,0.0,0.0,261.2200588301116,230.88355745895237,87.19362306594849,0.0,0.0,0.0,510.26523518562317,564.7799983473385,122.711190700531,0.0,0.0,0.0
"111,155",2497.086550342139,851.8983805179596,714.643395352831,945.7685622710808,1163.023509795993,2744.0995589667677,842.2183015346527,711.4171046500112,939.316098167382,1146.892136152118,2734.419165986192,96356.07960376273,78304.13494613406,14908.586119013205,1507.5655441237432,166.7000258763631,0.0,96190.57259376097,78156.43627025567,14930.100940304175,1510.7908666087133,169.9259198506673,0.0,96000.62029178283,78148.55780192732,14910.742926435843,1520.4728400660497,163.47328623135883,0.0,95856.64656359915,77724.9861231271,14930.111368494407,1517.2471935702306,166.7000339825948,0.0,95211.50417254392,77367.44922820633,14833.321902247035,1496.6879900436775,160.24799235661823,0.0,509.8428828716278,300.10855174064636,32.26686692237854,0.0,0.0,0.0,436.7894534550461,239.13272068921256,35.49493050575256,0.0,0.0,0.0,406.92444749065476,483.9891242980957,48.40252637863159,0.0,0.0,0.0,671.88433137314,400.44644279666977,74.56136198230818,0.0,0.0,0.0,1698.364109247806,919.895728039274,106.47766637802124,9.681662321090698,0.0,0.0
"112,155",2485.656225484307,1923.7490762934963,2250.510813967387,1416.4707888706057,1481.4283633138618,5290.719070046555,1897.9561542735378,2192.7556130082003,1384.2319306476443,1449.1883563901863,5249.097653019661,44107.348880543424,58277.68212195285,25852.201909208296,6213.765825368844,2194.229251155666,51.58347272872925,43552.582648606396,57620.80298257436,25481.43188840361,6152.81801572407,2166.4135649157506,48.36004018783569,42957.23256977867,56624.51037573908,25114.18197008488,6101.242422014125,2161.165842916451,48.36004018783569,42705.816648316846,56103.36070781877,24936.860862458918,6069.0008458193615,2170.8381525535206,48.36004018783569,42197.3891281932,55525.161099648016,24806.81393544253,6075.451028257258,2167.607057716332,48.36004018783569,717.7791082129759,786.7967433929443,351.46518778800964,35.46648120880127,6.448633670806885,0.0,789.3115356753855,984.6114647220162,370.4748002061657,38.68481516838074,9.672997236251831,0.0,476.86240459984424,678.4458199931127,187.0093014240265,35.46548771858215,6.448916912078857,0.0,582.8812115603803,650.6446324815937,186.64821820072098,25.789775371551514,3.2245187759399414,0.0,1194.069282319499,2640.4430228934566,1205.007409250035,170.88455367088318,38.693384885787964,0.0
"113,155",2451.370566765439,825.3200231570822,968.1522949901281,462.2990199603286,527.0370499124714,2768.5273378989277,799.5383111018759,948.5386512017718,442.96633830444483,507.6993392934986,2736.0089312506657,14968.626351583704,37391.175184083455,40627.13046285031,25259.516023286185,20501.101148519327,8401.39383869919,14882.985696953418,37179.53358277059,40367.800228087115,25188.423029134785,20341.231661245867,8243.526437814562,14745.423307187884,37073.57843770046,40137.05627826055,25123.691304414413,20291.80357591872,8287.547413563261,14772.135768058251,37041.03890394323,40201.72861626194,25203.142945735595,20467.91021411185,8484.072339987288,14934.452401744617,37280.87304726956,40257.081494649254,25322.44368317735,20780.422034189745,8831.507830480501,112.77723598480225,229.9983446037068,273.9251594543457,114.65884408670314,64.9560292374854,3.2226977348327637,163.33416596487456,262.98691532752093,306.42582716848335,161.0048033583398,51.56426978111267,3.2226696014404297,45.114731550216675,135.61991133596382,117.21734023561665,83.78496289253235,45.11823916435242,16.11115312576294,25.78051257133484,85.66705828647987,202.90791281625334,112.78339195251465,58.00723123550415,22.553232431411743,314.48941641414865,995.3420871482176,956.3684387833464,335.1194176673889,121.79957041740417,12.890000820159912
"114,155",2490.8463589053654,45.07804036140442,38.643285274505615,9.660994052886963,3.2203481197357178,6.44080662727356,45.07804036140442,35.42295694351196,9.660994052886963,3.2203481197357178,6.44080662727356,8174.11810411846,18143.74577139686,24858.235766133144,23664.524400516588,29203.3421231354,7603.362768181632,8233.988439452414,18356.816640944573,25074.974333350798,23804.11851848995,29281.91119613834,7611.595541911966,8333.784724128012,18688.171095446978,25468.92219572815,24095.077341827695,29561.974278902537,7706.001837632234,8522.983691159418,19096.653429579266,25892.218119197732,24402.544591048187,29929.422115968253,7818.668777129228,8699.684153659671,19408.11142792047,26282.78440753432,24837.963311573105,30456.754980387403,7863.01529225181,16.099351406097412,16.098716497421265,9.659834861755371,3.220137596130371,0.0,0.0,16.101189374923706,16.101449251174927,0.0,3.22031831741333,0.0,0.0,3.2202980518341064,6.4406960010528564,0.0,0.0,0.0,0.0,0.0,3.2203481197357178,0.0,0.0,0.0,0.0,6.44080662727356,0.0,0.0,0.0,0.0,0.0
"115,155",2488.8288518637787,9.648172378540039,16.083608150482178,19.301156282424927,0.0,0.0,9.648172378540039,16.083608150482178,19.301156282424927,0.0,0.0,7405.630817296459,16314.277896459427,26645.715432285797,30790.74188213629,46625.137937732776,11336.82976376683,7452.0876051519435,16471.695195905835,26917.8674044955,31087.803398028544,47032.83783939026,11403.783085735173,7432.776092204861,16519.765975666047,27123.679586206697,31387.19131262443,47339.89708823785,11495.823585838429,7473.149861457302,16676.48397807888,27362.237363259,31624.118141278097,47680.461019015784,11531.197389692417,7484.246764335446,16733.190457684388,27352.59435216586,31674.5176193602,47826.227660972,11565.287686075884,6.433447360992432,3.2147250175476074,0.0,0.0,0.0,0.0,16.083608150482178,0.0,0.0,0.0,0.0,0.0,6.433751344680786,6.43370795249939,6.433696985244751,0.0,0.0,0.0,0.0,0.0,0.0,0.0,0.0,0.0,0.0,0.0,0.0,0.0,0.0,0.0
"116,155",2486.394647674406,0.0,0.0,0.0,0.0,0.0,0.0,0.0,0.0,0.0,0.0,14946.343542134528,28520.068610820585,35447.73904058419,33824.35291423704,49202.10463612033,12072.448759120118,14982.873083949557,28627.684187020506,35540.91295930825,33923.55221834931,49501.40963349904,12181.290957995023,14992.508923411837,28714.43089732095,35643.73120686493,34055.289602276855,49724.724549491744,12282.09964057698,14989.304912686815,28778.266454777062,35709.60802413529,33996.76742320902,49855.774790114985,12238.29453887846,14991.322282826666,28813.59576304847,35690.33175374573,34068.3324084497,49966.2201530709,12341.923964675269,0.0,0.0,0.0,0.0,0.0,0.0,0.0,0.0,0.0,0.0,0.0,0.0,0.0,0.0,0.0,0.0,0.0,0.0,0.0,0.0,0.0,0.0,0.0,0.0,0.0,0.0,0.0,0.0,0.0,0.0
"117,155",2483.8131604718014,35.29738426208496,28.88097620010376,9.62723684310913,41.7163028717041,59.36008117058698,35.29738426208496,28.88097620010376,9.62723684310913,38.50790190696716,56.15166780808393,39268.633086542985,56379.65806436913,51485.01059628655,29406.484955273423,16509.03347476791,532.2434175519383,39569.059642968445,56809.21160352277,51866.93367268244,29561.03655666183,16630.298697367838,535.4538410214817,39808.54921430699,57091.62954672925,51999.56841826251,29577.076472700344,16729.80347742193,541.8761284856236,39900.01723592888,57123.73946913831,52035.11832123831,29540.152168134613,16657.571761301453,532.2454462556278,39989.83208119915,57147.396131700625,52121.04016595634,29522.166076789184,16710.12685981171,516.1898940114414,6.417994260787964,3.2088284492492676,12.834962606430054,12.835598945617676,0.0,0.0,3.208665132522583,3.2090415954589844,16.04505181312561,6.418217658996582,0.0,0.0,6.4182703495025635,0.0,3.2089664936065674,0.0,0.0,0.0,32.09013080596924,6.417771100997925,0.0,0.0,0.0,0.0,33.689754460839666,12.83536434173584,9.626549005508423,0.0,0.0,0.0
"118,155",2481.0852598326246,0.0,0.0,0.0,0.0,0.0,0.0,0.0,0.0,0.0,0.0,17661.80068022316,36366.825896602524,50704.19899138937,33547.83455201785,22362.891763072857,4483.275411402946,17758.394042330157,36571.2719223677,51031.0401687968,33756.97219726525,22515.920829839335,4435.196547543769,17950.568313277934,36909.55729741209,51284.81412025713,33920.63349851347,22647.331912107096,4412.740592753654,18060.79335355478,37080.193277444094,51579.6880067152,34072.46880168915,22789.61190386473,4462.2508541714915,18142.741752049504,37148.89333836051,51855.85991649253,34259.11398811621,23047.21068561405,4500.704400457121,0.0,0.0,0.0,0.0,0.0,0.0,0.0,0.0,0.0,0.0,0.0,0.0,0.0,0.0,0.0,0.0,0.0,0.0,0.0,0.0,0.0,0.0,0.0,0.0,0.0,0.0,0.0,0.0,0.0,0.0
"119,155",2478.2118626572847,3.201155185699463,0.0,0.0,0.0,0.0,3.201155185699463,0.0,0.0,0.0,0.0,11742.912064044618,25031.442161479652,37305.25278093675,32922.228893344545,36869.96381803775,14051.563685137618,11792.552758743252,25102.597923746296,37539.51576616905,32999.08415435716,36864.63318175522,14057.93901034056,11806.786221796861,25208.278070131935,37693.82089344006,33021.326214183544,36729.85808569871,13847.660489341328,11803.599503332964,25218.121702106328,37654.69015914412,33106.613199104046,36506.83868801547,13677.321123678546,11776.183079328726,25271.476589519836,37787.431332219814,33292.59159685584,36783.98728231542,13702.520119955027,0.0,0.0,3.201155185699463,0.0,0.0,0.0,0.0,0.0,0.0,0.0,0.0,0.0,0.0,0.0,0.0,0.0,0.0,0.0,0.0,0.0,0.0,0.0,0.0,0.0,0.0,0.0,0.0,0.0,0.0,0.0
"120,155",2475.1939325252906,0.0,0.0,0.0,0.0,3.199019432067871,0.0,0.0,0.0,0.0,3.199019432067871,9472.176624445821,20637.222167935088,26396.685798433715,21666.007731877122,21777.97637691685,4924.06748062676,9530.960075890784,20792.877728269614,26706.25926336027,21937.918648868446,22189.50949618863,5106.374003472982,9567.761055253532,20752.965073311563,26606.637678789626,21991.975997906105,22235.436075092763,5088.927950417761,9551.76820733407,20531.754011517878,26412.11023797428,21801.272602661917,22099.29122892361,5079.336803233389,9449.422941230325,20330.84654968673,26148.25800912614,21573.509476979572,21930.823955668653,5045.772515190349,0.0,0.0,0.0,0.0,0.0,0.0,0.0,0.0,0.0,0.0,0.0,0.0,0.0,0.0,0.0,0.0,0.0,0.0,0.0,0.0,0.0,0.0,0.0,0.0,3.199019432067871,0.0,0.0,0.0,0.0,0.0
"121,155",2472.032479014311,0.0,0.0,0.0,0.0,0.0,0.0,0.0,0.0,0.0,0.0,2743.1159479964012,6633.259258921942,9409.54591937813,10623.370262028187,21965.42645409715,13620.303474807737,2832.571409260058,6786.225187296961,9653.569952408472,10960.776781774035,22550.302046621546,13944.516153018614,2846.952333127751,6802.516089878831,9760.935996583865,11014.531144249673,22739.700357423106,14087.768639597236,2837.3590451829573,6783.3429224117135,9729.327322347492,11000.139436417934,22730.141133116736,14105.294659343419,2856.5155850999495,6797.621247624416,9762.784214220794,11012.89560859811,23009.572873934576,14389.520730933955,0.0,0.0,0.0,0.0,0.0,0.0,0.0,0.0,0.0,0.0,0.0,0.0,0.0,0.0,0.0,0.0,0.0,0.0,0.0,0.0,0.0,0.0,0.0,0.0,0.0,0.0,0.0,0.0,0.0,0.0
"122,155",2468.7285569925634,0.0,0.0,0.0,0.0,0.0,0.0,0.0,0.0,0.0,0.0,2977.3168353239694,6811.846118201462,9963.583576407153,12311.016340202445,30258.62455738853,31521.882533954173,3047.510713736216,6891.96849005456,10035.324611407636,12532.370009785072,30554.850191108853,31901.25000158852,3092.1836642424264,6968.213511192097,10180.532257909399,12700.226791078905,30860.39376584221,32394.521516475495,3100.1587580026367,7024.068082462572,10241.690693358814,12754.521742979687,31072.487635946272,32575.974414420598,3112.9299858392455,7051.728051156622,10179.094399058586,12805.99214673697,31037.031766713833,32389.365227002727,0.0,0.0,0.0,0.0,0.0,0.0,0.0,0.0,0.0,0.0,0.0,0.0,0.0,0.0,0.0,0.0,0.0,0.0,0.0,0.0,0.0,0.0,0.0,0.0,0.0,0.0,0.0,0.0,0.0,0.0
"123,155",2465.2832658736766,0.0,0.0,0.0,0.0,0.0,0.0,0.0,0.0,0.0,0.0,6200.5480151802885,6606.4565312450995,7489.067210809857,8236.61548379543,25524.16727258925,50743.85441740634,6198.579183505563,6641.522969204771,7503.44281984965,8268.502293859745,25881.249370724545,51667.2156130052,6174.87992030873,6647.883361536848,7490.722728268305,8343.920659913269,26024.80465715726,52036.5573713097,6115.200866614136,6593.751821715223,7393.056028841991,8296.162576331344,25992.536757568283,51896.134428053265,6092.907369766984,6594.791536034789,7322.975655077953,8226.074293507781,25868.095070158266,51505.772499902574,0.0,0.0,0.0,0.0,0.0,0.0,0.0,0.0,0.0,0.0,0.0,0.0,0.0,0.0,0.0,0.0,0.0,0.0,0.0,0.0,0.0,0.0,0.0,0.0,0.0,0.0,0.0,0.0,0.0,0.0
"124,155",2461.697748847711,0.0,0.0,0.0,0.0,0.0,0.0,0.0,0.0,0.0,0.0,9306.082394701827,10180.413745881062,12184.86029810064,13943.545616893209,43176.871707181366,81767.0526144869,9105.579062086928,10129.486268044453,12159.41223901861,13914.890225438512,43253.18741653386,81971.73809571266,9008.339589018917,10078.583091021519,12121.23605484121,13867.166893748677,43135.31374275076,81823.371719509,8890.58223213682,10011.776967764836,12098.980235282113,13848.09142950002,43062.19655334341,81047.24125114047,8922.420232434368,10027.685687542897,12070.369818154504,13806.735915927327,42967.881962370404,80470.27141500828,0.0,0.0,0.0,0.0,0.0,0.0,0.0,0.0,0.0,0.0,0.0,0.0,0.0,0.0,0.0,0.0,0.0,0.0,0.0,0.0,0.0,0.0,0.0,0.0,0.0,0.0,0.0,0.0,0.0,0.0
"125,155",2457.9731920665517,0.0,0.0,0.0,0.0,0.0,0.0,0.0,0.0,0.0,0.0,5890.206482903163,9533.735290101931,12473.092614926545,14324.766455949522,45374.33584602487,110357.6187863331,5906.0806908766435,9584.537056974337,12523.89138919045,14385.101896108366,45687.953252430525,111370.76424692283,5718.776548163097,9555.980735830233,12517.550632535711,14369.223987163283,45743.70143410739,111870.04005510759,5804.498164908092,9559.142060092852,12504.848750173345,14335.463792370816,45671.012980592015,111617.85351280325,5915.610437885921,9663.914898208544,12584.229083835378,14411.639138745328,45944.75908823854,112737.18585046414,0.0,0.0,0.0,0.0,0.0,0.0,0.0,0.0,0.0,0.0,0.0,0.0,0.0,0.0,0.0,0.0,0.0,0.0,0.0,0.0,0.0,0.0,0.0,0.0,0.0,0.0,0.0,0.0,0.0,0.0
"126,155",2321.563255636981,0.0,0.0,0.0,0.0,0.0,0.0,0.0,0.0,0.0,0.0,10272.228556767634,13187.025660586825,15478.865181207655,16312.556925059296,47388.36557335105,82382.90747921981,10284.912593499354,13263.125246835223,15521.258973766775,16426.694854022004,47801.65621891489,83274.28344209614,10250.008385316065,13250.431360793582,15537.826108032114,16442.54205942247,47863.09236852141,83495.43367178953,10137.732885089576,13090.239559547574,15442.21016194306,16378.415659072349,47675.83386319292,83740.86000289356,10326.126669541529,13271.062220406066,15699.152114648443,16585.277397156697,48412.89192544245,85773.23670942176,0.0,0.0,0.0,0.0,0.0,0.0,0.0,0.0,0.0,0.0,0.0,0.0,0.0,0.0,0.0,0.0,0.0,0.0,0.0,0.0,0.0,0.0,0.0,0.0,0.0,0.0,0.0,0.0,0.0,0.0
"127,155",203.84786241723003,0.0,0.0,0.0,0.0,0.0,0.0,0.0,0.0,0.0,0.0,2407.3171523253122,1364.30700710895,1171.6892070059685,1343.6454703742384,3338.7818611584466,7252.4589993719965,2410.484624449412,1386.4813285219902,1187.5301608328728,1346.813335650575,3373.2940615840994,7224.828399071039,2407.3163099924723,1373.810299431109,1186.821895166472,1334.1415250235912,3357.4528872200094,7189.226912250706,2410.4861627260843,1380.1467972147698,1180.486202283934,1337.3095962935804,3366.9552022644125,7224.683942914477,2413.6531067530314,1386.4815667021508,1180.486202283934,1340.4779853755354,3366.954846782311,7237.95198691312,0.0,0.0,0.0,0.0,0.0,0.0,0.0,0.0,0.0,0.0,0.0,0.0,0.0,0.0,0.0,0.0,0.0,0.0,0.0,0.0,0.0,0.0,0.0,0.0,0.0,0.0,0.0,0.0,0.0,0.0
"91,156",1212.3034364211496,0.0,0.0,0.0,0.0,0.0,0.0,0.0,0.0,0.0,0.0,229.5802767276764,155.61432770841262,100.6433063217238,48.50181746482849,48.50197505950928,22.634541034698486,241.0686615298776,187.94876579396865,110.34358674965652,58.20188903808594,48.50197505950928,25.868095636367798,260.47044772540823,191.1821933185353,113.57693821869644,58.20188903808594,48.50197505950928,25.868095636367798,247.53672403728262,191.1821933185353,116.81030709229263,61.43541479110718,48.50197505950928,25.868095636367798,250.77032489215628,194.00996851921082,116.81030709229263,61.43541479110718,48.50197505950928,25.868095636367798,0.0,0.0,0.0,0.0,0.0,0.0,0.0,0.0,0.0,0.0,0.0,0.0,0.0,0.0,0.0,0.0,0.0,0.0,0.0,0.0,0.0,0.0,0.0,0.0,0.0,0.0,0.0,0.0,0.0,0.0
"92,156",2503.0898767005588,0.0,0.0,0.0,0.0,0.0,0.0,0.0,0.0,0.0,0.0,3901.2389169674293,568.0676898414014,103.49289178848267,51.74695920944214,22.637736082077026,16.170629024505615,5306.002964708852,772.2402650627434,116.42928862571716,58.21511888504028,35.574296712875366,16.170629024505615,5948.550306456697,840.5645713619157,116.42928862571716,58.21511888504028,42.04218792915344,16.170629024505615,6269.988293379429,879.3764321617051,119.6635332107544,64.68356990814209,42.04218792915344,16.170629024505615,6788.295260535035,927.8908047489091,129.3662941455841,74.38604640960693,48.510578632354736,19.404775142669678,0.0,0.0,0.0,0.0,0.0,0.0,0.0,0.0,0.0,0.0,0.0,0.0,0.0,0.0,0.0,0.0,0.0,0.0,0.0,0.0,0.0,0.0,0.0,0.0,0.0,0.0,0.0,0.0,0.0,0.0
"93,156",2504.167796363174,0.0,0.0,0.0,0.0,0.0,0.0,0.0,0.0,0.0,0.0,11533.199873295951,883.7640229028815,95.44432513854083,42.86559214872473,11.725244036842795,6.47147274017334,11911.379120105856,918.1406463005965,95.44432513854083,42.86559214872473,11.725244036842795,6.47147274017334,12949.498607286754,940.7905846455519,98.68032019278583,42.86559214872473,11.725244036842795,6.47147274017334,13370.990390597137,967.4783246152542,105.1518017544466,42.86559214872473,18.19687985532424,12.943034172058105,13611.64413356407,968.6950107125676,111.62312786719379,42.86559214872473,18.19687985532424,9.707297801971436,0.0,0.0,0.0,0.0,0.0,0.0,0.0,0.0,0.0,0.0,0.0,0.0,0.0,0.0,0.0,0.0,0.0,0.0,0.0,0.0,0.0,0.0,0.0,0.0,0.0,0.0,0.0,0.0,0.0,0.0
"94,156",2505.0924164384414,0.0,0.0,0.0,0.0,0.0,0.0,0.0,0.0,0.0,0.0,298.3116344330358,16.18627166748047,0.0,0.0,0.0,0.0,307.66685111008445,19.42365336418152,0.0,0.0,0.0,0.0,346.91858856537766,22.660919904708862,0.0,0.0,0.0,0.0,354.9931154447444,25.898279905319214,0.0,0.0,0.0,0.0,395.85702723895804,29.135727643966675,0.0,0.0,0.0,0.0,0.0,0.0,0.0,0.0,0.0,0.0,0.0,0.0,0.0,0.0,0.0,0.0,0.0,0.0,0.0,0.0,0.0,0.0,0.0,0.0,0.0,0.0,0.0,0.0,0.0,0.0,0.0,0.0,0.0,0.0
"95,156",2505.8634193730873,0.0,0.0,0.0,0.0,0.0,0.0,0.0,0.0,0.0,0.0,2866.3212321150536,74.47517991065979,0.0,0.0,0.0,0.0,3024.148543215733,87.42787075042725,0.0,0.0,0.0,0.0,3465.340512341144,93.90539336204529,0.0,0.0,0.0,0.0,3531.179387873294,90.66713881492615,0.0,0.0,0.0,0.0,3860.1169023130456,106.858154296875,0.0,0.0,0.0,0.0,0.0,0.0,0.0,0.0,0.0,0.0,0.0,0.0,0.0,0.0,0.0,0.0,0.0,0.0,0.0,0.0,0.0,0.0,0.0,0.0,0.0,0.0,0.0,0.0,0.0,0.0,0.0,0.0,0.0,0.0
"96,156",2506.4805401919825,0.0,0.0,0.0,0.0,0.0,0.0,0.0,0.0,0.0,0.0,5094.512054450839,155.87178820254758,0.0,0.0,0.0,0.0,5456.895931200887,155.87127965571835,0.0,0.0,0.0,0.0,6878.450511939853,191.49984568240598,3.239060401916504,0.0,0.0,0.0,7339.076460081924,210.9325663435693,3.239060401916504,0.0,0.0,0.0,9601.216285743902,286.8639506536372,3.239060401916504,0.0,0.0,0.0,0.0,0.0,0.0,0.0,0.0,0.0,0.0,0.0,0.0,0.0,0.0,0.0,0.0,0.0,0.0,0.0,0.0,0.0,0.0,0.0,0.0,0.0,0.0,0.0,0.0,0.0,0.0,0.0,0.0,0.0
"97,156",2506.943566687101,0.0,0.0,0.0,0.0,0.0,0.0,0.0,0.0,0.0,0.0,33690.50216154958,52858.8350877416,19719.35589027031,3976.245480425217,1847.7113215250129,245.2816505207735,34698.65278636241,53915.97522373481,20332.80977374993,4156.838451372408,1907.239659062554,227.86507133596083,36692.3869716504,54758.95157598328,20836.441892267678,4300.1707716081655,1966.3470126741076,240.82165650479934,37499.19478560335,55919.86883157562,21344.53521488695,4478.334577808193,2037.6126844041491,260.25764254682207,40458.62586194393,57278.623611654955,21894.7361722862,4653.260965118221,2138.032564794316,277.6738199963289,0.0,0.0,0.0,0.0,0.0,0.0,0.0,0.0,0.0,0.0,0.0,0.0,0.0,0.0,0.0,0.0,0.0,0.0,0.0,0.0,0.0,0.0,0.0,0.0,0.0,0.0,0.0,0.0,0.0,0.0
"98,156",2507.252339570218,0.0,0.0,0.0,0.0,0.0,0.0,0.0,0.0,0.0,0.0,54220.93608406571,64217.304493006544,17237.872306866742,4977.917439959097,4111.53801908867,1881.9678494313184,55080.277105440815,65594.69177066672,17503.533358855344,5045.952160141515,4140.695302156373,1920.8439895489637,55569.240468689975,66226.11930171089,17660.338206076154,5119.246210268432,4224.927329687043,1956.072556223589,55974.64390564526,67227.21298675818,18028.944805850235,5294.598746629789,4354.921438071307,1991.710382904726,56667.955803876765,68658.69120315945,18475.304145769045,5521.786176010206,4525.408417118298,2086.0695523252675,0.0,0.0,0.0,0.0,0.0,0.0,0.0,0.0,0.0,0.0,0.0,0.0,0.0,0.0,0.0,0.0,0.0,0.0,0.0,0.0,0.0,0.0,0.0,0.0,0.0,0.0,0.0,0.0,0.0,0.0
"99,156",2507.406752585112,0.0,0.0,0.0,0.0,0.0,0.0,0.0,0.0,0.0,0.0,60575.801055186406,79299.82441479644,22091.549644773146,7286.466360759736,4574.562168181176,1110.100756852767,61325.84998967133,80454.3380598545,22369.285050509956,7351.98984451294,4577.8020353915645,1113.340894429824,61882.31151799875,81039.2853554922,22281.39792680647,7250.82594260328,4538.921851694818,1097.1409318138572,62514.10531000531,81440.22933056027,22333.23647975828,7234.625640717675,4470.882463515039,1100.3809675861808,62757.91537497184,81678.77716883864,22352.268390130997,7241.105036345651,4425.929118158303,1080.941067903182,0.0,0.0,0.0,0.0,0.0,0.0,0.0,0.0,0.0,0.0,0.0,0.0,0.0,0.0,0.0,0.0,0.0,0.0,0.0,0.0,0.0,0.0,0.0,0.0,0.0,0.0,0.0,0.0,0.0,0.0
"100,156",2507.4067525851196,12.95990800857544,0.0,0.0,0.0,0.0,12.95990800857544,0.0,0.0,0.0,0.0,63607.95799659936,103363.017062449,13370.064429984373,1887.936653096068,1203.1443412303925,204.1198616027832,64787.286983673264,105632.72555101714,13680.375700936598,1898.7237644541497,1186.9443402290344,204.1198616027832,65620.76667020275,106952.9771608306,13752.22564611435,1892.96778586986,1148.0644147396088,200.87986612319946,66341.92834161497,108391.6281747762,13778.487325199912,1862.359507671057,1138.3444180488586,187.9198715686798,66748.71144611042,109094.6968998853,13728.095031909383,1868.4323905524084,1128.6243302822113,184.6798758506775,3.23996639251709,9.71994161605835,0.0,0.0,0.0,0.0,0.0,0.0,0.0,0.0,0.0,0.0,0.0,0.0,0.0,0.0,0.0,0.0,0.0,0.0,0.0,0.0,0.0,0.0,0.0,0.0,0.0,0.0,0.0,0.0
"101,156",2507.2523395702137,0.0,0.0,0.0,0.0,0.0,0.0,0.0,0.0,0.0,0.0,45944.49515308119,78529.86349455047,5181.150513347924,217.8831109542473,59.13038022471409,0.0,50318.71638325149,84395.315450357,5457.602597314236,225.7987677574158,62.370254349241065,0.0,53239.23468119491,88167.11574386332,5709.570389326881,222.55890460014345,59.130381178388404,0.0,56563.67562226595,91894.08258136018,5887.389523558523,217.5151438217537,59.130381178388404,0.0,58227.634518000654,94962.54512842589,6018.785127217162,220.75523824504776,61.96368411475537,0.0,0.0,0.0,0.0,0.0,0.0,0.0,0.0,0.0,0.0,0.0,0.0,0.0,0.0,0.0,0.0,0.0,0.0,0.0,0.0,0.0,0.0,0.0,0.0,0.0,0.0,0.0,0.0,0.0,0.0,0.0
"102,156",2506.943566687125,6.4788782596588135,0.0,0.0,0.0,0.0,6.4788782596588135,0.0,0.0,0.0,0.0,60262.10676407815,78967.51276386018,3657.2729862241176,68.41864840563606,6.478886604309082,0.0,64696.32850761226,84766.47494193059,3964.295068274292,74.8972982602961,6.478886604309082,0.0,66862.04287011577,88008.20909165028,4108.9912045899555,81.37582079943489,9.718136310577393,0.0,68901.96427430733,90862.70973317203,4173.778791755788,84.6154174047358,9.718136310577393,0.0,70931.97999021024,93256.13669619655,4199.694829315297,81.3761424260981,9.718136310577393,0.0,0.0,6.4788782596588135,0.0,0.0,0.0,0.0,0.0,0.0,0.0,0.0,0.0,0.0,0.0,0.0,0.0,0.0,0.0,0.0,0.0,0.0,0.0,0.0,0.0,0.0,0.0,0.0,0.0,0.0,0.0,0.0
"103,156",2506.48054019195,0.0,0.0,0.0,0.0,0.0,0.0,0.0,0.0,0.0,0.0,67337.60060671825,101377.20416962585,7654.116386808135,298.3717446467456,87.44807696342468,6.478168964385986,68670.30544380113,103386.84280957334,7845.250611614714,304.8490402838763,84.20898914337158,6.478168964385986,69660.48838169061,104744.27256722919,7945.649896692763,308.08766557188596,84.20898914337158,6.478168964385986,70904.57959658306,106473.69828183606,8055.7675562615495,311.32671381445493,84.20848417282104,6.478168964385986,72235.40132422352,107988.6573875848,8175.600767921935,324.2815027377185,87.44756317138672,6.478168964385986,0.0,0.0,0.0,0.0,0.0,0.0,0.0,0.0,0.0,0.0,0.0,0.0,0.0,0.0,0.0,0.0,0.0,0.0,0.0,0.0,0.0,0.0,0.0,0.0,0.0,0.0,0.0,0.0,0.0,0.0
"104,156",2505.8634193730218,148.93792271614075,3.2382051944732666,0.0,0.0,0.0,97.13255953788757,3.2382051944732666,0.0,0.0,0.0,54377.31698719567,95628.5228386159,25410.79152997989,7655.306287616842,3274.231281514261,676.724485874176,55309.567177028286,97546.41213848544,25788.54382380504,7747.0484890245925,3315.244464392755,676.7254955768585,55785.19486263033,98390.14694032201,26059.58137117461,7836.626053502513,3350.860780711267,686.4387855529785,56240.81333428365,99432.82256767423,26451.781895889955,7969.380723407222,3421.017768378351,699.3917143344879,56814.582342842514,100437.41480008014,26788.664757869756,8138.155274656708,3549.053117785734,731.7726323604584,9.71354866027832,19.426681756973267,6.475367784500122,29.139566659927368,22.664180755615234,9.713213920593262,0.0,3.2382051944732666,0.0,0.0,0.0,0.0,0.0,0.0,0.0,0.0,0.0,0.0,0.0,0.0,0.0,0.0,0.0,0.0,0.0,0.0,0.0,0.0,0.0,0.0
"105,156",2505.092416438466,521.7851758797963,127.07722927822786,37.03503204981486,6.472972869873047,22.655564069747925,440.87202723821,104.42094065441805,37.03503204981486,6.472972869873047,22.655564069747925,58013.85395434698,107138.89443866411,33195.01640092438,6685.48114143727,1352.4769684492371,0.0,58375.22901794303,107922.41171032586,33562.105328517806,6818.909963992063,1407.358194259569,0.0,58616.17260124918,108541.3966341505,33878.24076759956,6862.062514397679,1423.545168069765,0.0,58833.19083468399,108976.55762007563,34089.031596623216,6949.434672765172,1456.9840239029304,0.0,58984.27183363485,109396.16932317417,34264.46246564809,7049.792395286,1496.8991079732484,0.0,185.55034046173097,200.29751876195272,42.076486110687256,9.710272073745728,3.237409830093384,0.0,63.335792723824,31.37541515967425,9.7097327709198,0.0,0.0,0.0,16.182345867156982,20.852686182657877,0.0,0.0,0.0,0.0,3.236495018005371,3.236477851867676,0.0,0.0,0.0,0.0,19.419047594070435,3.2365164756774902,0.0,0.0,0.0,0.0
"106,156",2383.968145078828,1168.290800225501,570.3369523179297,150.6519109725952,25.88966202735901,9.706871032714844,1047.7524869853373,560.6284628998999,131.23470873832701,25.88966202735901,9.706871032714844,70595.0049111656,93461.36997677016,26436.555078972084,2305.080389210757,323.5997266769409,9.707318544387817,70050.31657933534,93115.90130351289,26386.571949423058,2293.580227133807,323.59987807273865,9.707318544387817,69814.70142795618,93013.00961316613,26438.75132217781,2291.564693279827,323.5994918346405,9.707318544387817,69794.06159995396,93180.31227227097,26488.505609058866,2291.564461060131,320.36325693130493,9.707318544387817,69962.24141157468,93302.39879225282,26493.76238146202,2330.3949332910424,343.0173556804657,9.707318544387817,542.5857490062714,411.31707972825745,77.66892981529236,9.708552360534668,6.4721760749816895,0.0,316.1091003212274,218.62984980134405,25.88951277732849,0.0,0.0,0.0,80.9030532836914,43.85936350822449,6.472291946411133,0.0,0.0,0.0,6.472305536270142,16.181117057800293,3.236239433288574,0.0,0.0,0.0,6.47146201133728,0.0,3.2354090213775635,0.0,0.0,0.0
"107,156",2442.86033265255,323.4185495376587,190.81834483146667,287.8460102081299,585.3999161720276,527.1771373748779,316.9505784511566,190.81834483146667,287.8460102081299,585.3999161720276,527.1771373748779,68152.04145530905,124604.84357838069,21048.04599755605,1177.4899853463266,178.41998396574283,6.4673051834106445,68195.17648184346,124734.67820560138,21090.090278323492,1180.723579048643,178.41998396574283,6.4673051834106445,68269.17711726823,124811.86387973487,21080.390530761084,1177.4886897797678,175.18584380804324,6.4673051834106445,68306.55147254233,125058.94791723887,21138.609448130926,1180.7235504384134,182.06047958766712,6.4673051834106445,68159.07492324512,124857.02880563923,21128.90431731542,1177.4889432187174,182.06047958766712,6.4673051834106445,132.6000599861145,174.64758801460266,9.702930450439453,0.0,0.0,0.0,80.8555235862732,93.79077816009521,16.172043085098267,0.0,0.0,0.0,126.13642835617065,145.53873538970947,16.170846462249756,0.0,0.0,0.0,213.46254229545593,329.89362692832947,42.04374694824219,0.0,0.0,0.0,203.75754523277283,310.48243951797485,12.937152624130249,0.0,0.0,0.0
"108,156",2501.8590273542245,38.78551459312439,25.862667083740234,25.864734888076782,58.19987154006958,48.498159885406494,35.552979946136475,25.862667083740234,22.632532358169556,58.19987154006958,48.498159885406494,54621.19736060067,115991.21704909475,30995.62423847609,3807.731547003166,2642.4344623818115,1855.499473810196,54713.820683977654,116257.00846065447,31111.2687708116,3840.05629861869,2677.9924772515014,1900.7576034069061,54733.20865895515,116347.10594015215,31168.737337361126,3823.897493486778,2635.9746022953705,1916.921490907669,54701.2957431466,116303.55363586743,31048.079651739077,3807.739439850227,2581.748289049373,1883.8758069403032,54741.53052653238,116245.35067013104,31010.012268556326,3785.110409622566,2588.2102894193986,1880.644339693294,9.696427583694458,25.856552362442017,0.0,0.0,0.0,0.0,6.465696811676025,19.39697027206421,0.0,0.0,0.0,0.0,9.699820518493652,9.699522018432617,3.233189821243286,0.0,0.0,0.0,3.2331957817077637,54.966675758361816,0.0,0.0,0.0,0.0,9.699684381484985,38.79847550392151,0.0,0.0,0.0,0.0
"109,156",2500.4756703149114,3.2316739559173584,9.693763494491577,3.2301642894744873,3.2307322025299072,14.938843227835262,3.2316739559173584,9.693763494491577,3.2301642894744873,3.2307322025299072,14.938843227835262,43053.07356808418,105090.91469613899,43479.213449869894,6901.725554678486,5652.535572727054,3375.239691969927,43310.26432935864,105528.95844424474,43718.442583198164,6923.935566243003,5736.534660775989,3388.161418673571,43373.676704113146,105595.03319281973,43681.609280489945,6904.146172779682,5690.9664472738905,3342.928423640307,43346.59825384569,105662.37127974456,43572.80930448327,6852.452670965943,5627.470785875882,3309.5589341107534,43354.840974951716,105732.20302612083,43549.45288195236,6835.892195755828,5598.389393826093,3312.7911492768453,0.0,3.2316739559173584,0.0,0.0,0.0,0.0,3.23171329498291,3.231456756591797,3.23059344291687,0.0,0.0,0.0,0.0,0.0,3.2301642894744873,0.0,0.0,0.0,3.2307322025299072,0.0,0.0,0.0,0.0,0.0,0.0,11.708607412787044,3.2302358150482178,0.0,0.0,0.0
"110,156",2498.9402793578706,167.8639621734619,106.94670313947341,41.96931076049805,13.319423686756807,116.62143466612872,158.178879737854,100.49050969236038,35.5114324092865,13.319423686756807,116.62143466612872,34593.657814906626,87213.51172979953,43308.87835038596,10950.053757646972,11125.51332489182,7035.728878829059,34802.30627724143,87843.97387910543,43745.48190800162,11055.501703244565,11173.949971830143,7101.527437375574,34755.73499032563,87998.50063280309,43771.06222526886,11019.979465228436,11067.759683425753,7033.703713442298,34944.07102220012,88311.28085992287,43918.36823351243,11016.74576757562,11079.241798340105,6941.849927705877,35098.655349886656,88673.02755303474,43999.091358970196,11025.219729529175,11004.976535497926,6925.70276669895,77.47485089302063,67.78993487358093,12.914093971252441,0.0,0.0,0.0,48.425235748291016,35.51331830024719,6.863052312065573,6.458982467651367,0.0,3.2299208641052246,3.2281746864318848,16.140506267547607,12.913704872131348,3.229046583175659,0.0,0.0,6.863379728092867,3.2280259132385254,3.228018045425415,0.0,0.0,0.0,13.31890962264117,83.93333435058594,16.140151739120483,0.0,3.229038953781128,0.0
"111,156",2497.2533797044143,180.69245314598083,224.6370216061087,406.56751227378845,132.29592609405518,87.11415338516235,177.46567273139954,224.6370216061087,406.56751227378845,129.06968641281128,80.66071724891663,30015.34228348545,67408.23600210022,49417.53953831897,17594.181392460247,11966.0312915989,2254.8099345749497,30275.53542879703,68085.68324484357,49822.36219685779,17689.235978906298,12049.927933807,2254.8097760265946,30340.24339657017,68343.58757089915,50062.20450195799,17637.607930009508,11985.386770839317,2216.0879303997635,30418.63601935611,68524.31370702351,50262.22905788983,17717.562446669035,12030.555976266487,2219.3131956642746,30519.43220174546,68779.9198232576,50466.23918848038,17824.890425606332,12046.327188253403,2212.8578145092606,61.31138205528259,103.24993968009949,12.904350996017456,0.0,0.0,0.0,79.44580299153047,112.92755913734436,29.037988662719727,3.22567081451416,0.0,0.0,132.2991087436676,203.28477549552917,61.304537296295166,9.679090738296509,0.0,0.0,25.813726902008057,67.76276779174805,32.266642808914185,3.226548910140991,0.0,0.0,29.03950595855713,38.71647572517395,12.904735565185547,0.0,0.0,0.0
"112,156",2495.4155476463334,841.5201334953308,1225.68010244463,958.0043914215238,961.1333903995214,677.0434409459432,841.5201334953308,1212.7838560113719,877.4026243583829,803.1687867370306,648.0287185986837,40689.34984657718,63648.204369067214,36175.75022176667,12393.81431649339,7073.196427410724,936.3684506173228,41330.408153727476,63735.637010472434,36314.04639615171,12487.720728396434,7075.966291081671,939.5926868672465,42080.00787595675,63625.53254176496,36429.31878591239,12597.359386681575,7119.891961270688,958.9393522496317,42995.341014317906,63804.06083163655,36487.75910241651,12629.948568668553,7100.139713092879,968.6102659459208,43752.40976832614,64083.82952385509,36498.25351060512,12642.802241586238,7109.760617078519,965.3873865361307,470.7051291465759,319.2195620536804,45.14687132835388,6.448570966720581,0.0,0.0,509.4023139476776,522.3935754299164,168.08894643877068,12.899020195007324,0.0,0.0,400.1911592380673,335.3329567909241,116.08151578903198,16.124820709228516,9.672171831130981,0.0,548.0597953796387,187.4001512256323,64.48508787155151,3.22375226020813,0.0,0.0,332.86496767997744,231.3297353108724,61.264606952667236,12.89637541770935,9.673033237457275,0.0
"113,156",2493.293667359012,201.7275489947375,300.6592025756836,359.5719203500187,32.21800756454468,48.32372069358826,201.7275489947375,300.6592025756836,359.5719203500187,32.21800756454468,45.1020929813385,50259.62874273226,43383.55257670832,35985.40062429017,20503.13750468516,14236.177799610063,1651.3001900429822,51741.535759247985,43910.247751223804,36295.03175608036,20581.240259311715,14266.962332809673,1641.6304503197766,54269.05970163064,44574.73416505327,36625.11455660988,20778.818029068032,14360.379553163753,1660.958353113661,56819.53323748532,45212.96718669218,36854.780780002184,20905.189613845305,14418.328647459255,1654.5097962136365,58709.18087076393,45793.270939229515,37195.910203929976,21083.293210426033,14521.407312477337,1657.730436157713,99.8535373210907,69.66026536436641,32.213746309280396,0.0,0.0,0.0,102.00723536809285,119.18546056747437,63.359765688578285,16.106740951538086,0.0,0.0,119.18289136886597,132.07287216186523,95.43209286016577,12.884063959121704,0.0,0.0,6.444637298583984,16.109246969223022,9.664123296737671,0.0,0.0,0.0,9.66420865058899,16.10874629020691,12.885834455490112,6.44330358505249,0.0,0.0
"114,156",2491.2803880512847,80.50567817687988,101.93190119406756,93.376394033432,3.21932315826416,3.220337152481079,77.28718376159668,101.93190119406756,93.376394033432,3.21932315826416,3.220337152481079,16350.16076747296,37260.252456340604,47140.59883492226,38231.20088529026,28636.630322131925,3242.8796722281218,16346.083846479305,37296.89137430565,47161.37750907411,38270.89748600417,28658.222708254238,3223.1598588578845,16770.077822805855,37503.18188918151,47431.32434129996,38468.45293484014,28948.974321145633,3229.597829972997,17092.505714662402,37754.31656911327,47704.44329821924,38754.768725386784,29113.802640299702,3229.1923295236106,17247.08423090729,37891.7866981067,47865.833770679965,38934.50643447053,29250.21349052448,3226.3749989621783,57.967671394348145,9.658642530441284,9.660869836807251,0.0,0.0,0.0,20.381582765018237,51.509894371032715,30.040424058016608,0.0,0.0,0.0,32.20474147796631,45.07800889015198,12.875348806381226,3.218294858932495,0.0,0.0,0.0,0.0,3.21932315826416,0.0,0.0,0.0,0.0,3.220337152481079,0.0,0.0,0.0,0.0
"115,156",2488.993781187452,141.46231126785278,83.60323905944824,67.52938437461853,22.5094895362854,19.292147397994995,141.46231126785278,77.17286610603333,67.52938437461853,22.5094895362854,19.292147397994995,12978.241942032644,37530.25485001078,52524.579394571454,37014.38745666766,23808.607038329625,2331.9411356982064,12991.107792374663,37623.929501552215,52642.62474342048,37086.10701158842,23851.838347423778,2353.2473987018366,12978.251110550933,37729.060413532636,52731.36373441079,37265.20680808741,24038.419759612923,2335.16550302786,13026.509968277984,37827.20010221238,53073.90270153775,37533.99539692542,24204.26801561468,2335.1701400308048,13010.022432392716,37913.80399822161,53167.88046521579,37556.51575572631,24289.60011749548,2330.7351193596332,6.429866790771484,32.15009546279907,61.08806276321411,25.71946692466736,16.074819326400757,0.0,3.214984178543091,22.509867191314697,35.37210249900818,16.07591223716736,0.0,0.0,9.647645711898804,38.5874297618866,16.077281951904297,3.217026948928833,0.0,0.0,3.2154664993286133,3.2149274349212646,9.646108150482178,6.432987451553345,0.0,0.0,3.2151079177856445,6.431290149688721,6.430596590042114,0.0,3.2151527404785156,0.0
"116,156",2486.559052683375,0.0,0.0,0.0,0.0,0.0,0.0,0.0,0.0,0.0,0.0,24523.43182855681,22176.646439355027,27667.333485717398,26546.560029604854,38643.571426201794,11529.41568323023,24766.444463170745,22370.235957825418,27918.714885797686,26844.986840107864,39145.82654971422,11647.08024023561,24846.77174345372,22434.501278126474,28011.885402288623,27015.2761617941,39487.45674452127,11754.699020794325,25010.6561969888,22494.329120415336,28130.79263576526,27076.29471457425,39577.77949184155,11756.695653807883,25153.244877873218,22603.555255669242,28335.701687873578,27223.66008006732,39947.072313910845,11861.88632736954,0.0,0.0,0.0,0.0,0.0,0.0,0.0,0.0,0.0,0.0,0.0,0.0,0.0,0.0,0.0,0.0,0.0,0.0,0.0,0.0,0.0,0.0,0.0,0.0,0.0,0.0,0.0,0.0,0.0,0.0
"117,156",2483.9770272254386,16.0459623336792,3.2092156410217285,0.0,0.0,0.0,16.0459623336792,3.2092156410217285,0.0,0.0,0.0,18249.61792158239,51016.18605829688,54110.18219821313,26634.018485395583,20419.29446940515,8450.912474358316,18371.852147085527,51452.856783985626,54409.036304549605,26737.992132813324,20502.81813571967,8464.154272064508,18486.11343000917,51716.40096392071,54663.87023060462,26892.034305960526,20602.718855042545,8502.678561195673,18528.21692615584,51760.20927247628,54741.77856664096,26920.931834608902,20647.65830220708,8531.17544447207,18670.129567417447,52078.875165249316,55010.94027608516,27043.400339904485,20771.237126084867,8570.116764053644,0.0,6.418618202209473,3.207956552505493,6.419387578964233,0.0,0.0,0.0,0.0,3.2092156410217285,0.0,0.0,0.0,0.0,0.0,0.0,0.0,0.0,0.0,0.0,0.0,0.0,0.0,0.0,0.0,0.0,0.0,0.0,0.0,0.0,0.0
"118,156",2481.2485775557016,3.206191301345825,9.612939357757568,3.204286575317383,19.226253986358643,6.40876030921936,3.206191301345825,9.612939357757568,3.204286575317383,19.226253986358643,6.40876030921936,30094.77943472582,50344.09963845832,42439.80544872097,16699.661260164485,7030.635489302991,552.4104335700764,30414.263689683467,51000.44361863697,42943.90082861395,16754.91021300484,7111.53256487753,562.027078667809,30674.959744796564,51448.734248615714,43114.936816619425,16847.89177863925,7156.020172114467,578.0500367080464,30799.053015727626,51962.038873532234,43233.135440854465,16834.26971327651,7155.129618746628,581.254644910027,31075.555479452658,52639.52188629169,43745.30571882678,16918.347230892556,7170.351316462312,584.4589319621815,0.0,3.206191301345825,0.0,0.0,0.0,0.0,3.204286575317383,0.0,3.2042860984802246,3.204366683959961,0.0,0.0,3.204286575317383,0.0,0.0,0.0,0.0,0.0,3.204406976699829,6.40877366065979,9.613073348999023,0.0,0.0,0.0,0.0,6.40876030921936,0.0,0.0,0.0,0.0
"119,156",2478.3746238537638,44.82352924346924,6.404717206954956,76.88079071044922,182.60945510864258,16.020100831985474,41.62198519706726,6.404717206954956,76.88079071044922,182.60945510864258,16.020100831985474,28493.7517318763,54092.14960694499,40557.40195038647,16756.311932042066,9974.998802709577,2662.4130709994074,28618.29203580781,54564.88278975113,40761.892517221684,16865.175283485303,10059.275415532727,2676.2706460036484,29030.482283023757,55343.736963662916,41052.42734117789,16898.23719036439,10088.878304470285,2651.6935207572637,29571.196952317743,55899.71505386688,41010.81670089049,16867.038053951077,9973.710372094545,2625.2819654894806,29788.279417745733,56159.625998313735,40994.394438652904,16861.423273732617,9975.699709527631,2608.059708388646,12.808464288711548,9.604256868362427,12.806328773498535,3.201460599899292,3.201474666595459,0.0,0.0,0.0,3.203423500061035,0.0,3.201293706893921,0.0,9.610716819763184,41.645967960357666,22.42275643348694,3.2013494968414307,0.0,0.0,44.853639125823975,96.11081528663635,35.239349603652954,6.405651092529297,0.0,0.0,12.816474199295044,3.2036266326904297,0.0,0.0,0.0,0.0
"120,156",2475.35613307809,0.0,0.0,0.0,0.0,0.0,0.0,0.0,0.0,0.0,0.0,22568.053487544898,46158.68329354174,40010.699370350565,23639.16039827945,24026.2515822448,5036.53508089477,22588.846959717135,46248.28160011815,40113.74900474362,23740.346536063214,24192.320249789373,5057.861959760329,22739.965688792396,46466.14265728465,40211.82876416561,23819.920094772413,24362.199623012544,5100.3838052029705,22773.052931236754,46363.792350316515,40202.19077500269,23805.90672501583,24353.389016039233,5125.984375643263,22677.45227776415,46163.466301559,40001.57562434346,23777.929253041515,24339.87449461899,5074.406889160942,0.0,0.0,0.0,0.0,0.0,0.0,0.0,0.0,0.0,0.0,0.0,0.0,0.0,0.0,0.0,0.0,0.0,0.0,0.0,0.0,0.0,0.0,0.0,0.0,0.0,0.0,0.0,0.0,0.0,0.0
"121,156",2472.194118280583,0.0,0.0,0.0,0.0,3.1953325271606445,0.0,0.0,0.0,0.0,3.1953325271606445,8153.613094784231,20845.100060844423,24611.627137073818,17461.959631199,21727.34346766378,6449.341038008297,8230.287209011527,21059.197213077547,24846.072606467267,17543.38409140344,22040.31567237237,6613.8277784871125,8309.810935749727,21272.575944051554,25166.769059497237,17761.11023654003,22246.80671923675,6741.588442950156,8360.919617666917,21198.746206875407,25146.469301391113,17786.69698752422,22415.317830439177,6763.947253136542,8254.727073834923,20947.976438934664,24922.387296161465,17658.899843826483,22349.759808017698,6792.691436915305,0.0,0.0,0.0,0.0,0.0,0.0,0.0,0.0,0.0,0.0,0.0,0.0,0.0,0.0,0.0,0.0,0.0,0.0,0.0,0.0,0.0,0.0,0.0,0.0,0.0,3.1953325271606445,0.0,0.0,0.0,0.0
"122,156",2468.8896378788722,3.188788414001465,0.0,0.0,0.0,0.0,3.188788414001465,0.0,0.0,0.0,0.0,1718.0819527317497,4686.962190371869,6986.336335677727,8958.777988023385,29872.05937056635,45376.86157937984,1753.1709238697501,4795.415991526959,7084.015545956293,9014.979126101849,30133.986537947374,45994.46113995851,1788.2544507194968,4878.698555128247,7221.1889914194735,9189.237343641356,30651.556875887105,46759.69759786269,1807.395647685668,4904.216956751019,7297.747608772913,9310.844110602959,30972.822513879513,47206.75623103684,1810.589591663024,4922.975504947176,7273.146739194906,9340.768765235416,31101.133102643256,47253.36464369811,0.0,0.0,0.0,0.0,0.0,3.188788414001465,0.0,0.0,0.0,0.0,0.0,0.0,0.0,0.0,0.0,0.0,0.0,0.0,0.0,0.0,0.0,0.0,0.0,0.0,0.0,0.0,0.0,0.0,0.0,0.0
"123,156",2465.443794908232,0.0,0.0,0.0,0.0,0.0,0.0,0.0,0.0,0.0,0.0,1599.2038309546076,3836.2036424178705,5325.0622386679925,6195.391891984378,20287.227219097284,59983.09756013459,1588.4526923291821,3807.5380237598047,5277.698385999716,6153.584864080653,20160.805542076334,59682.97134048425,1569.3446064584393,3766.1434488792047,5204.458963678397,6077.567940740024,19981.31317217677,58517.86591274225,1539.8991613556354,3724.740062763177,5153.902547432394,6019.83347173672,19730.40049388642,57281.79588331337,1539.8986134697407,3715.187685062371,5072.1449234289275,5961.083885980119,19555.95949871587,56537.781751154,0.0,0.0,0.0,0.0,0.0,0.0,0.0,0.0,0.0,0.0,0.0,0.0,0.0,0.0,0.0,0.0,0.0,0.0,0.0,0.0,0.0,0.0,0.0,0.0,0.0,0.0,0.0,0.0,0.0,0.0
"124,156",2461.8577362315577,0.0,0.0,0.0,0.0,0.0,0.0,0.0,0.0,0.0,0.0,12023.934891945708,13404.37228438527,14611.549996277865,14967.22796533061,42304.73120461445,62255.63737094168,11973.43848615347,13410.38228392414,14614.759008547839,14882.112895125034,42219.64277367965,62333.035104012015,11903.056581938501,13311.782334802665,14490.714419743594,14716.344316640554,41926.649085028024,61950.441454819134,11876.876980608584,13244.963518379249,14468.070986372815,14748.173015216753,41873.29091047679,61541.83380167624,11883.2256777941,13246.181703976088,14392.153421495474,14794.149692457797,41972.95337611553,61557.32324941766,0.0,0.0,0.0,0.0,0.0,0.0,0.0,0.0,0.0,0.0,0.0,0.0,0.0,0.0,0.0,0.0,0.0,0.0,0.0,0.0,0.0,0.0,0.0,0.0,0.0,0.0,0.0,0.0,0.0,0.0
"125,156",2458.132651718623,0.0,0.0,0.0,0.0,0.0,0.0,0.0,0.0,0.0,0.0,8871.25411862953,13577.23694238382,15842.574928175232,17521.182365443656,50956.829832783864,106592.51388509695,8864.503309486427,13586.75944385248,15877.489842602785,17574.46358860334,51106.87606302709,107078.36477525656,8864.504289863624,13599.460090729768,15896.544284770067,17606.223049529395,51148.156532444664,107358.13149187331,8856.085481252856,13596.28725228029,15887.414824185651,17601.847283672818,51092.46722645572,107152.77327288366,8846.553890552706,13605.809593054826,15912.824596104902,17617.72066600276,51167.86469165391,107572.22542141372,0.0,0.0,0.0,0.0,0.0,0.0,0.0,0.0,0.0,0.0,0.0,0.0,0.0,0.0,0.0,0.0,0.0,0.0,0.0,0.0,0.0,0.0,0.0,0.0,0.0,0.0,0.0,0.0,0.0,0.0
"126,156",2454.269773418501,0.0,0.0,0.0,0.0,0.0,0.0,0.0,0.0,0.0,0.0,7366.34764081076,11532.031150047453,14356.36398029795,15980.740432006238,46574.0315624396,90456.75517712199,7417.0829082115015,11560.569846336515,14428.101072035584,16123.403758269666,46917.25911530514,91590.30177209518,7426.597766457351,11595.453328554304,14478.130627418033,16142.42832945001,47092.95538288191,92148.58377782597,7493.176946221145,11675.10165644253,14568.167114021266,16255.848031803205,47532.82159483292,93768.03698475874,7543.913005409988,11748.030572658427,14701.360687972987,16401.726394697263,48234.936061348635,96670.20998639872,0.0,0.0,0.0,0.0,0.0,0.0,0.0,0.0,0.0,0.0,0.0,0.0,0.0,0.0,0.0,0.0,0.0,0.0,0.0,0.0,0.0,0.0,0.0,0.0,0.0,0.0,0.0,0.0,0.0,0.0
"127,156",948.9853879099935,0.0,0.0,0.0,0.0,0.0,0.0,0.0,0.0,0.0,0.0,5821.972442856957,7523.966058299121,7704.514011675703,7689.74696277824,20358.741120042054,27739.19748073933,5837.810076705147,7552.871266121023,7766.751456539303,7762.600368492276,20479.10509509012,28109.03242579535,5847.314045659234,7590.889939302557,7821.312579133464,7784.7741289064,20586.50808563887,28260.564151861156,5859.984936467339,7635.233607524984,7875.866308605904,7820.326071670009,20691.040359646668,28618.470831733594,5863.152237406899,7682.746635908239,7906.078850772334,7858.336434771968,20827.950471965938,28869.98467266326,0.0,0.0,0.0,0.0,0.0,0.0,0.0,0.0,0.0,0.0,0.0,0.0,0.0,0.0,0.0,0.0,0.0,0.0,0.0,0.0,0.0,0.0,0.0,0.0,0.0,0.0,0.0,0.0,0.0,0.0
"91,157",250.52760818094316,0.0,0.0,0.0,0.0,0.0,0.0,0.0,0.0,0.0,0.0,234.71068879856782,200.1087142243105,152.16364275520922,74.36980891227722,80.83676338195801,19.400689840316772,258.24466826495,216.27624428412494,168.33074747627856,80.83658742904663,77.60320281982422,25.867439031600952,258.0551116101882,229.21017325064716,171.5644773156035,80.83658742904663,77.60320281982422,25.867439031600952,265.5999395389183,238.91046536109027,174.79786359375598,87.30333662033081,93.77026200294495,22.63401770591736,270.58364488564285,239.31618110432345,178.03124414986254,90.53670525550842,103.470449924469,19.40072512626648,0.0,0.0,0.0,0.0,0.0,0.0,0.0,0.0,0.0,0.0,0.0,0.0,0.0,0.0,0.0,0.0,0.0,0.0,0.0,0.0,0.0,0.0,0.0,0.0,0.0,0.0,0.0,0.0,0.0,0.0
"92,157",2375.933380506577,0.0,0.0,0.0,0.0,0.0,0.0,0.0,0.0,0.0,0.0,10230.42675783307,4353.394965371898,1054.4240546226501,443.11566519737244,378.428706407547,51.7515389919281,12627.257375466592,5468.849689220914,1345.5233635902405,588.6617364883423,491.6348092556,58.22097730636597,14855.453387908374,6155.433529934228,1474.8938341140747,633.9434690475464,507.80686116218567,87.33044266700745,15939.188065328786,6860.516486009897,1601.0377230644226,705.1002922058105,553.0897121429443,100.26760005950928,17365.04245399587,7448.906869832207,1820.971598625183,811.8339293003082,637.1829843521118,119.67383074760437,0.0,0.0,0.0,0.0,0.0,0.0,0.0,0.0,0.0,0.0,0.0,0.0,0.0,0.0,0.0,0.0,0.0,0.0,0.0,0.0,0.0,0.0,0.0,0.0,0.0,0.0,0.0,0.0,0.0,0.0
"93,157",2504.33316555982,0.0,0.0,0.0,0.0,0.0,0.0,0.0,0.0,0.0,0.0,519.5596417212018,3.2360401153564453,0.0,0.0,0.0,0.0,616.6475487970838,3.2360401153564453,0.0,0.0,0.0,0.0,665.1913193487653,3.2360401153564453,0.0,0.0,0.0,0.0,700.7872027182111,3.2360401153564453,0.0,0.0,0.0,0.0,762.275035979701,3.2360401153564453,0.0,0.0,0.0,0.0,0.0,0.0,0.0,0.0,0.0,0.0,0.0,0.0,0.0,0.0,0.0,0.0,0.0,0.0,0.0,0.0,0.0,0.0,0.0,0.0,0.0,0.0,0.0,0.0,0.0,0.0,0.0,0.0,0.0,0.0
"94,157",2505.2580241215373,0.0,0.0,0.0,0.0,0.0,0.0,0.0,0.0,0.0,0.0,929.7305905370151,16.185049533843994,0.0,0.0,0.0,0.0,1233.6152066249474,16.185049533843994,0.0,0.0,0.0,0.0,1316.9673608069327,22.658912897109985,0.0,0.0,0.0,0.0,1404.3584743266013,19.421706199645996,0.0,0.0,0.0,0.0,1623.6537293462193,32.36959266662598,0.0,0.0,0.0,0.0,0.0,0.0,0.0,0.0,0.0,0.0,0.0,0.0,0.0,0.0,0.0,0.0,0.0,0.0,0.0,0.0,0.0,0.0,0.0,0.0,0.0,0.0,0.0,0.0,0.0,0.0,0.0,0.0,0.0,0.0
"95,157",2506.0292277524895,0.0,0.0,0.0,0.0,0.0,0.0,0.0,0.0,0.0,0.0,2313.9201937628727,42.093934059143066,0.0,0.0,0.0,0.0,2487.956251911088,38.85556364059448,0.0,0.0,0.0,0.0,2619.63883858101,35.617878437042236,0.0,0.0,0.0,0.0,2779.369726709291,29.141918182373047,0.0,0.0,0.0,0.0,3136.646024596457,38.856411933898926,0.0,0.0,0.0,0.0,0.0,0.0,0.0,0.0,0.0,0.0,0.0,0.0,0.0,0.0,0.0,0.0,0.0,0.0,0.0,0.0,0.0,0.0,0.0,0.0,0.0,0.0,0.0,0.0,0.0,0.0,0.0,0.0,0.0,0.0
"96,157",2506.64651041438,0.0,0.0,0.0,0.0,0.0,0.0,0.0,0.0,0.0,0.0,7902.1699121166685,168.01759749767825,0.0,0.0,0.0,0.0,9184.764081038682,200.40695959446475,0.0,0.0,0.0,0.0,10368.604427587285,213.36298447964236,0.0,0.0,0.0,0.0,11377.460950720542,226.3187730920081,0.0,0.0,0.0,0.0,13099.314955743153,248.990498603559,0.0,0.0,0.0,0.0,0.0,0.0,0.0,0.0,0.0,0.0,0.0,0.0,0.0,0.0,0.0,0.0,0.0,0.0,0.0,0.0,0.0,0.0,0.0,0.0,0.0,0.0,0.0,0.0,0.0,0.0,0.0,0.0,0.0,0.0
"97,157",2507.1096590441452,0.0,0.0,0.0,0.0,0.0,0.0,0.0,0.0,0.0,0.0,42791.35211802838,26104.51669856894,8304.874825607563,1779.3436791550878,832.872624461791,119.86149024963379,44713.668606326166,26786.516678582917,8511.79709710327,1834.0078355686337,862.0273376156301,126.34046268463135,47159.169949955096,27163.336267829407,8644.93470955643,1856.6843339817196,884.7037964512319,126.34048819541931,48539.2835190745,27854.301386730338,8751.431593947318,1882.6005064861447,907.3801744629354,133.54364136247074,49587.60032207265,28403.141118751784,8982.163683738896,1909.2407364602182,917.0986686398,136.78317550210392,0.0,0.0,0.0,0.0,0.0,0.0,0.0,0.0,0.0,0.0,0.0,0.0,0.0,0.0,0.0,0.0,0.0,0.0,0.0,0.0,0.0,0.0,0.0,0.0,0.0,0.0,0.0,0.0,0.0,0.0
"98,157",2507.418513709239,0.0,0.0,0.0,0.0,0.0,0.0,0.0,0.0,0.0,0.0,84911.00499217557,57003.98423754842,18912.26803333712,4715.333608503901,3015.8367668853084,1223.816074435851,85083.75420602348,57527.924406081554,19167.804110529843,4777.29601851725,3009.357630656747,1223.8161681343527,85401.24797258656,58183.74405983009,19659.932299878546,4919.845016396279,3181.4699892913595,1243.6616704828598,85764.5068425038,58972.07328473914,20080.69443789744,5046.601472662944,3300.9329851131815,1314.2122559575473,86062.56255687262,59922.80081463889,20724.273977836907,5255.646556159561,3449.960202739753,1404.5182095228456,0.0,0.0,0.0,0.0,0.0,0.0,0.0,0.0,0.0,0.0,0.0,0.0,0.0,0.0,0.0,0.0,0.0,0.0,0.0,0.0,0.0,0.0,0.0,0.0,0.0,0.0,0.0,0.0,0.0,0.0
"99,157",2507.5729677230092,0.0,0.0,0.0,0.0,3.239985942840576,0.0,0.0,0.0,0.0,3.239985942840576,22513.92040799646,53287.67646035774,34148.580569254176,8850.315496673771,3391.709481656318,1413.0891502212075,22802.590962172486,54226.49193396288,34324.97005035643,8814.268430943583,3411.148761927848,1448.7284038375406,23002.648545668166,55216.20037232287,34231.23333649916,8691.87136350052,3398.9125112888864,1474.647630960801,23349.233780921673,56050.97599608012,34579.03878509952,8727.509829620287,3412.5960845348886,1497.3271231959848,23902.861714248094,57471.03506050018,35405.22946272364,8886.267135242388,3480.9519410114667,1539.4460459064035,0.0,0.0,0.0,0.0,0.0,0.0,0.0,0.0,0.0,0.0,0.0,0.0,0.0,0.0,0.0,0.0,0.0,0.0,0.0,0.0,0.0,0.0,0.0,0.0,3.239985942840576,0.0,0.0,0.0,0.0,0.0
"100,157",2507.572967722997,0.0,0.0,0.0,0.0,0.0,0.0,0.0,0.0,0.0,0.0,41524.06523185805,82530.91410679725,19924.388975538925,4644.968409783232,1900.3531729174595,269.64406633377075,42611.5625712161,85342.09435782526,20459.160111724632,4666.834546171451,1886.9865377341998,266.40406703948975,43418.24860927451,87113.56336716111,20466.218833400686,4458.750391804004,1737.2224305068744,259.9240698814392,44351.43376866882,89260.05022135905,20525.66668042482,4368.030433260225,1713.8182180320514,259.92408895492554,46739.28298751419,92452.47885862521,20811.012514440685,4400.836620899276,1726.053981581856,266.40408730506897,0.0,0.0,0.0,0.0,0.0,0.0,0.0,0.0,0.0,0.0,0.0,0.0,0.0,0.0,0.0,0.0,0.0,0.0,0.0,0.0,0.0,0.0,0.0,0.0,0.0,0.0,0.0,0.0,0.0,0.0
"101,157",2507.418513709268,0.0,0.0,0.0,0.0,0.0,0.0,0.0,0.0,0.0,0.0,71882.74135058721,83306.72390810461,7427.422735236673,1252.7639830598644,1167.0469009072174,287.92231436523736,74259.533978106,86533.77161441505,7692.681252663743,1287.994886523602,1173.5268248707641,284.6826703146392,75780.63409122858,88597.53557627715,7908.934484131196,1300.9538065255856,1176.7664109856476,287.9223215177947,76950.1325369255,90159.78712959756,7955.689003184262,1271.795490390179,1192.9652547032226,278.20339222702324,78097.41576166247,91469.049273777,8126.370388722887,1304.6007829161251,1154.4947576102088,268.4844793871337,0.0,0.0,0.0,0.0,0.0,0.0,0.0,0.0,0.0,0.0,0.0,0.0,0.0,0.0,0.0,0.0,0.0,0.0,0.0,0.0,0.0,0.0,0.0,0.0,0.0,0.0,0.0,0.0,0.0,0.0
"102,157",2507.1096590441416,0.0,0.0,0.0,0.0,0.0,0.0,0.0,0.0,0.0,0.0,83882.24040844302,70169.42259967653,8392.482544764349,1506.6194623236565,1234.236493110657,252.68266201019287,88841.97536661393,73015.35000655231,8463.753635271856,1510.2143281618755,1195.3626637458804,252.68246603012085,91088.23385346356,74545.51642612195,8583.612039192984,1562.0461035887402,1237.4760413169863,265.64064145088196,94534.07585768419,76470.11751472623,8733.028753922967,1542.6076675573986,1227.756603240967,236.4847023487091,96355.44952789476,77629.79594216814,8862.194741830637,1575.0005081812542,1214.7986338138583,230.00570249557495,0.0,0.0,0.0,0.0,0.0,0.0,0.0,0.0,0.0,0.0,0.0,0.0,0.0,0.0,0.0,0.0,0.0,0.0,0.0,0.0,0.0,0.0,0.0,0.0,0.0,0.0,0.0,0.0,0.0,0.0
"103,157",2506.646510414364,139.2708899974823,12.954890966415405,9.715862035751343,0.0,0.0,116.59947776794434,12.954890966415405,9.715862035751343,0.0,0.0,88275.59723083646,85521.6720669391,8634.254571467754,1143.5761880949433,491.98924375328363,35.62851548194885,91406.17786204768,88085.55658329141,8953.78188938627,1214.4745936075847,504.9445664957458,35.62851548194885,92670.43340275426,88977.52446696433,9093.053379960153,1259.8190545717875,501.7059745863372,32.38951659202576,93446.60700663115,89692.60868921562,9151.349272914025,1285.7301029841105,504.9451711252624,32.38951659202576,94741.03279639412,90691.9514595359,9222.60240144262,1308.400565592448,524.3778851107055,32.38951659202576,77.73308944702148,35.627575159072876,3.2388131618499756,0.0,0.0,0.0,6.477452039718628,6.477438926696777,0.0,0.0,0.0,0.0,6.477239608764648,3.2386224269866943,0.0,0.0,0.0,0.0,0.0,0.0,0.0,0.0,0.0,0.0,0.0,0.0,0.0,0.0,0.0,0.0
"104,157",2427.2268990831194,0.0,3.2377285957336426,0.0,0.0,0.0,0.0,3.2377285957336426,0.0,0.0,0.0,44442.81222673304,77827.06114666788,27638.761827880262,10253.015544228461,10424.090283830494,3853.1520501071327,44836.914278927965,78831.33645894854,28130.81541805174,10388.999753527549,10521.228484590381,3875.8165222102516,45050.57908831577,79426.8128510232,28445.11803234325,10515.277995161918,10537.418044050068,3856.798015998391,45348.50536344285,79958.09955167207,28732.457541698568,10602.705439381507,10679.888279874653,3895.246799080979,45714.314854314274,80749.48424793223,29223.624306256166,10825.721595720215,10851.194850328857,3924.387828677308,0.0,0.0,0.0,0.0,0.0,0.0,0.0,0.0,0.0,3.2377285957336426,0.0,0.0,0.0,0.0,0.0,0.0,0.0,0.0,0.0,0.0,0.0,0.0,0.0,0.0,0.0,0.0,0.0,0.0,0.0,0.0
"105,157",2492.0497687643297,252.09931689430687,121.77483560150745,6.474017858505249,0.0,0.0,226.2047944657943,108.82846070831897,3.2365753650665283,0.0,0.0,51509.34488390007,112288.88204416295,26626.6534889698,4911.462235312369,2980.974235644995,1577.1183708303117,51777.98145485859,112880.31652951801,26869.440715646742,4950.308954815771,2990.688231578528,1606.2550309293413,52012.888237562365,113311.52194514181,26970.857459239396,4979.444139342215,2984.2137764603485,1661.2879489057207,52133.056120201174,113607.67562832459,27041.68781188703,5018.29106317034,3013.3480101734986,1670.9996781938219,52461.37041158863,114290.88293428796,27181.290145628125,5021.527973990347,3058.670156589209,1703.3732717626237,93.86444568634033,116.15475970436545,3.2371201515197754,3.237104654312134,9.711364269256592,0.0,61.090873790254776,41.26435345668419,6.473233461380005,0.0,0.0,0.0,3.2365753650665283,0.0,0.0,0.0,0.0,0.0,0.0,0.0,0.0,0.0,0.0,0.0,0.0,0.0,0.0,0.0,0.0,0.0
"106,157",2452.263371597002,93.57064843271291,76.8557570289163,0.0,0.0,0.0,64.11497247920316,67.147127420762,0.0,0.0,0.0,75905.04923402469,106821.4531541413,16871.821765052573,1618.5011273477592,851.7792123233571,209.5424300334033,76736.88017691912,107716.63213332214,16940.649857479915,1637.9143141363181,864.721263257195,209.54244314642514,77299.73058127142,108292.1540622945,16987.57601476744,1641.1517227743186,867.9585102473989,216.01489888640012,77719.29395288673,108660.26342223206,17028.613707336724,1640.4276080309176,867.9579051410451,216.01489888640012,77891.22606676232,108863.35012675081,17090.873478365877,1627.485458391788,858.2497816955342,209.94843779545204,16.181291103363037,22.361204577427284,25.572476798412847,0.0,0.0,0.0,25.483189794129018,35.19132858351165,6.472609043121338,0.0,0.0,0.0,0.0,0.0,0.0,0.0,0.0,0.0,0.0,0.0,0.0,0.0,0.0,0.0,0.0,0.0,0.0,0.0,0.0,0.0
"107,157",2479.0862730185877,16.17301607131958,6.469832420349121,9.704586505889893,6.469847917556763,9.704308032989502,16.17301607131958,6.469832420349121,9.704586505889893,6.469847917556763,9.704308032989502,79089.39330245933,106357.3242121332,17050.637381566743,1454.7492987642102,360.6895633220672,42.04050588607788,79409.58835961303,106621.72685384938,17095.91720558522,1461.2172531614117,373.62547283172603,38.8068163394928,79613.75177214471,106722.30533596956,17104.8993004481,1445.0421823987774,370.39204578399654,38.8068163394928,79869.25181458321,106903.73846109428,17049.907324186963,1410.187199871213,376.4531869533015,38.8068163394928,80092.4061395916,107059.68551270635,17029.776084394085,1422.3739765634725,360.2823521735621,38.8068163394928,6.468259572982788,9.704756498336792,0.0,0.0,0.0,0.0,0.0,6.469832420349121,0.0,0.0,0.0,0.0,0.0,9.704586505889893,0.0,0.0,0.0,0.0,0.0,6.469847917556763,0.0,0.0,0.0,0.0,3.234769344329834,3.234769344329834,3.234769344329834,0.0,0.0,0.0
"108,157",2502.0238114778917,0.0,0.0,0.0,0.0,3.233354330062866,0.0,0.0,0.0,0.0,3.233354330062866,46347.54332132995,92968.7412161528,36222.349159606296,7058.146275268817,6145.166593675987,5726.956128252254,46796.555420499695,93336.85085616953,36396.17021096547,7067.837890850329,6161.326075439827,5765.024715210409,46961.83658821163,93500.98673960182,36515.37820253465,7058.1392428744075,6142.246289646859,5748.859984661551,47162.276728189696,93785.8004080838,36599.018296781236,7064.604195581698,6034.84316144644,5629.25031449935,47269.76566025043,93845.7810654229,36511.73756414955,7016.112802492404,6038.076952320921,5648.647487904043,0.0,0.0,0.0,0.0,0.0,0.0,0.0,0.0,0.0,0.0,0.0,0.0,0.0,0.0,0.0,0.0,0.0,0.0,0.0,0.0,0.0,0.0,0.0,0.0,3.233354330062866,0.0,0.0,0.0,0.0,0.0
"109,157",2500.6401109815306,12.923813819885254,25.439986932043936,9.691924810409546,84.00607323646545,32.31258845329285,12.923813819885254,22.208691107993033,9.691924810409546,84.00607323646545,32.31258845329285,36423.79375893742,91762.99812991478,37989.66644739357,6222.2126823677745,4305.29320100242,2211.9799663038816,36730.599342766924,92614.43839905495,38265.0152397081,6193.532656707952,4392.527110609353,2225.6239047134623,36939.156955948994,92964.08981207211,38386.752832333244,6188.91450349677,4395.03269980281,2203.0040836418375,37113.61088370435,93262.00394347508,38414.39272400538,6104.9139080300065,4354.789309339897,2144.838601836036,37306.024419823814,93628.93073932236,38527.45492026011,6147.3177205375605,4350.112668268353,2122.2202971065744,0.0,6.462130546569824,6.46168327331543,0.0,0.0,0.0,0.0,19.383782148361206,2.824908959631826,0.0,0.0,0.0,6.461283206939697,3.2306416034698486,0.0,0.0,0.0,0.0,19.385297536849976,54.92773985862732,6.46222186088562,3.230813980102539,0.0,0.0,16.15728259086609,16.155305862426758,0.0,0.0,0.0,0.0
"110,157",2499.104345025291,9.684022188186646,12.508524712394266,6.456043481826782,2.8229400999405807,35.103080295113955,9.684022188186646,12.508524712394266,6.456043481826782,2.8229400999405807,35.103080295113955,34060.82600761863,88622.24859051705,49821.48785073057,11421.493884978576,4404.456784233392,859.7544589042664,34374.70312046818,89665.26440755714,50616.43166185361,11572.18765041688,4427.055010780633,850.0660126209259,34496.008544447846,90247.31095386675,50938.58325141551,11615.951314148248,4437.800235298568,840.3764600753784,34714.76746926121,90993.10623060395,51180.40732400745,11680.52735799247,4452.518500317779,837.1465723514557,34974.920477919484,91408.66213934749,51365.85111802794,11671.898006895475,4405.513925102645,827.4575850963593,3.228017807006836,0.0,6.45600438117981,0.0,0.0,0.0,0.0,6.45758843421936,6.050936278174905,0.0,0.0,0.0,6.456043481826782,0.0,0.0,0.0,0.0,0.0,2.8229400999405807,0.0,0.0,0.0,0.0,0.0,9.278953097848332,22.59609365463257,3.2280335426330566,0.0,0.0,0.0
"111,157",2497.417040863681,0.0,0.0,3.2265727519989014,0.0,16.13334608078003,0.0,0.0,3.2265727519989014,0.0,12.906150102615356,42193.04816134677,77343.7126816123,37596.33893026369,9367.253803760867,3937.5989229052675,238.42619974005456,42720.80669553046,78443.77166987491,38269.57881492633,9507.383025924832,3973.0922655432832,244.88099629271264,43443.619635889576,79785.1111545039,38962.293118979884,9584.82033328262,4013.9696580737245,241.6531201063418,43763.36746745577,80579.93152365029,39265.67798063427,9536.385291616589,3923.602413114847,238.42583948958153,44163.076810531056,81110.62203047695,39222.25964321809,9499.813988487393,3897.7833434909,238.42583948958153,0.0,0.0,0.0,0.0,0.0,0.0,0.0,0.0,0.0,0.0,0.0,0.0,0.0,3.2265727519989014,0.0,0.0,0.0,0.0,0.0,0.0,0.0,0.0,0.0,0.0,3.2265396118164062,3.2265396118164062,6.453070878982544,0.0,0.0,0.0
"112,157",2495.578776996997,6.450589179992676,18.9462341299244,6.045928011688531,6.045889166289685,6.046189113691741,6.450589179992676,18.9462341299244,6.045928011688531,6.045889166289685,6.046189113691741,46870.08470229728,54330.55082742093,24479.440223526486,9564.859483847897,7260.193185343462,1676.5185333233253,49738.71337099074,55716.26665366772,24926.555686697302,9734.228316917604,7385.529520905251,1708.353890505959,51950.19814482108,56971.79473523532,25378.812669066825,9808.37619842548,7414.555921948189,1701.906692353417,55204.702295368785,58592.381423080675,25938.642431234846,9953.103249647103,7421.0120430908955,1733.339261865616,56713.247506105195,59522.15506898562,26361.360868007065,10059.882643662246,7431.084842393913,1736.968665117376,3.225515842437744,0.0,3.2250733375549316,0.0,0.0,0.0,3.2250821590423584,9.675255298614502,2.8208056917377546,0.0,3.225090980529785,0.0,2.8208282096713195,0.0,3.225099802017212,0.0,0.0,0.0,0.0,6.045889166289685,0.0,0.0,0.0,0.0,0.0,6.046189113691741,0.0,0.0,0.0,0.0
"113,157",2493.4564268778395,0.0,0.0,0.0,0.0,0.0,0.0,0.0,0.0,0.0,0.0,51480.67887142686,40412.373013817094,27808.166251397604,18243.696025949368,17023.784908600413,2654.0320906545603,51746.67427716815,40784.31998521861,27949.917703749154,18245.864107912665,16988.3640053693,2641.1462368871653,51845.00724624371,41046.32721565939,28063.03101115881,18332.846566027285,16965.816067260857,2634.6990826036417,47509.43545281186,40606.33272042368,27758.740451224643,18019.22122379191,16728.459298652764,2518.704781046101,48021.50385893747,40779.01909366776,27716.910181887943,17903.259461602043,16606.015698713418,2521.92221735973,0.0,0.0,0.0,0.0,0.0,0.0,0.0,0.0,0.0,0.0,0.0,0.0,0.0,0.0,0.0,0.0,0.0,0.0,0.0,0.0,0.0,0.0,0.0,0.0,0.0,0.0,0.0,0.0,0.0,0.0
"114,157",2491.442680666972,0.0,0.0,0.0,0.0,0.0,0.0,0.0,0.0,0.0,0.0,21512.32297492027,50649.03408207706,48477.358175129986,26575.578326324387,16909.480751750983,2260.573516114553,21616.755368867573,50686.32931611959,48522.036564846596,26478.86332333321,16885.507741263333,2248.1012299135623,21628.979595945395,50990.49895745913,48679.83727027949,26536.032558733805,16939.853665906307,2251.3181653097568,19740.455126547346,50703.97178803331,48468.412402832735,26489.826257590685,16874.385898583547,2245.286188408908,19715.767883197932,50472.21364699251,48029.823117646985,26287.414298305324,16843.000206542485,2238.4443454817233,0.0,0.0,0.0,0.0,0.0,0.0,0.0,0.0,0.0,0.0,0.0,0.0,0.0,0.0,0.0,0.0,0.0,0.0,0.0,0.0,0.0,0.0,0.0,0.0,0.0,0.0,0.0,0.0,0.0,0.0
"115,157",2489.1555749885983,0.0,0.0,0.0,0.0,0.0,0.0,0.0,0.0,0.0,0.0,36960.50102081298,54925.81126040945,43037.25010918356,26035.270172012548,26111.72848487649,4923.5440701288335,37048.78318122694,55066.19865367739,43181.9923160955,26074.207450398273,26071.362177643132,4897.810347203647,37193.54266194174,55250.58618030548,43268.86027101536,26115.631017514766,26010.263415369343,4920.32289445821,37383.34046391318,55602.24939963396,43483.97568692507,26184.955844577154,26080.290570830366,4949.272864703571,37480.23453303972,55741.765679998956,43596.52967681231,26188.18308084806,26044.920063351652,4917.110274438297,0.0,0.0,0.0,0.0,0.0,0.0,0.0,0.0,0.0,0.0,0.0,0.0,0.0,0.0,0.0,0.0,0.0,0.0,0.0,0.0,0.0,0.0,0.0,0.0,0.0,0.0,0.0,0.0,0.0,0.0
"116,157",2486.720330791429,0.0,0.0,0.0,0.0,0.0,0.0,0.0,0.0,0.0,0.0,26046.31049615916,31546.975872163217,32504.570497467932,29044.348329708624,51262.387415293146,17387.58255123531,26145.923939533794,31600.786301336106,32677.647149123393,29168.11354862008,51384.46108828993,17377.92527102863,26232.698274918162,31648.968770942505,32754.748330630504,29200.21812973771,51452.3087282349,17375.099143923966,26354.81066710528,31735.739807328995,32755.557342744334,29181.334678651776,51407.32948194018,17333.341029586045,26464.056290455424,31832.120166740235,32835.07731264432,29313.04940472304,51641.81696841015,17400.78889984056,0.0,0.0,0.0,0.0,0.0,0.0,0.0,0.0,0.0,0.0,0.0,0.0,0.0,0.0,0.0,0.0,0.0,0.0,0.0,0.0,0.0,0.0,0.0,0.0,0.0,0.0,0.0,0.0,0.0,0.0
"117,157",2484.137775721014,0.0,0.0,0.0,0.0,0.0,0.0,0.0,0.0,0.0,0.0,13934.529513775135,34095.018573995665,30872.638780077763,19315.75343498062,26235.597438083907,11129.069888508553,14075.73246894257,34391.503896739436,31135.385766464115,19434.507380092848,26347.147042645658,11221.761147156883,14236.163271764683,34560.04578257542,31291.19173101537,19472.720031842062,26378.85314915133,11212.138085023094,14369.069469464059,34655.33250132822,31327.13308543224,19485.577706917593,26359.604918932444,11129.076292765374,14534.154940244265,35193.92170408006,31715.81728415302,19626.39336222761,26497.648792464122,11273.523535238528,0.0,0.0,0.0,0.0,0.0,0.0,0.0,0.0,0.0,0.0,0.0,0.0,0.0,0.0,0.0,0.0,0.0,0.0,0.0,0.0,0.0,0.0,0.0,0.0,0.0,0.0,0.0,0.0,0.0,0.0
"118,157",2481.4087855994962,0.0,0.0,0.0,0.0,3.2044198513031006,0.0,0.0,0.0,0.0,3.2044198513031006,27813.236103011113,48937.18003018323,25405.51671510958,4812.264178301307,1007.0181753728904,32.06300067901611,28724.267070853482,49566.384720403075,25527.91079057151,4817.251545496548,1013.4342959020652,32.06300067901611,29493.18531773324,50136.93600161496,25594.794084144105,4885.279102418937,1010.6301889550451,32.06300067901611,30123.41879743408,50865.34904355536,25890.452434940897,4910.119117496528,1005.9901859246048,32.06300067901611,31052.41020488926,51758.48593683337,26084.25688992014,4915.096064739601,1005.5872747374516,28.856329679489136,0.0,0.0,0.0,0.0,0.0,0.0,0.0,0.0,0.0,0.0,0.0,0.0,0.0,0.0,0.0,0.0,0.0,0.0,0.0,0.0,0.0,0.0,0.0,0.0,3.2044198513031006,0.0,0.0,0.0,0.0,0.0
"119,157",2478.534283794426,0.0,0.0,6.4075767993927,19.220094442367554,9.611351251602173,0.0,0.0,6.4075767993927,19.220094442367554,9.611351251602173,35368.92142515275,56804.13121810145,26182.594689728227,6914.399201720368,2940.1471409685473,653.950281902388,35587.758966833,57048.630373332075,26287.50714748326,6877.396337976643,2940.152446497188,653.9508130989823,35928.23492252499,57546.38595157978,26557.91505227556,6919.018385162541,2972.1743588335376,657.1492076359543,35636.70015692617,57832.845913496196,26687.40931545519,6945.037794964921,3018.4251291714463,653.9473467312607,34390.79278388304,57005.36082045049,26409.260993419906,6911.23401537035,2983.2082788906846,665.6955075815613,0.0,0.0,0.0,0.0,0.0,0.0,0.0,0.0,0.0,0.0,0.0,0.0,0.0,0.0,6.4075767993927,0.0,0.0,0.0,3.2039098739624023,9.608919858932495,6.407264709472656,0.0,0.0,0.0,0.0,0.0,9.611351251602173,0.0,0.0,0.0
"120,157",2475.5152405562876,0.0,0.0,0.0,0.0,3.1966655254364014,0.0,0.0,0.0,0.0,3.1966655254364014,26928.41013224639,56881.38605626611,46694.687870911985,23751.726825331712,14982.305115357567,1923.714991124471,27020.514131148655,56875.33288656216,46749.20789194949,23752.58592136327,14960.365071744545,1895.3297948416541,27148.0222726691,57190.503622274766,47044.16236555904,23964.752033458968,15091.832722546073,1901.7241270121406,27161.89888684235,57276.28699839629,47009.41275879355,23970.789052968863,15114.298185831894,1879.3225905474494,26720.4973290565,56334.95600809396,46460.43701242465,23658.484395009396,14979.745263828017,1871.2052607583064,0.0,0.0,0.0,0.0,0.0,0.0,0.0,0.0,0.0,0.0,0.0,0.0,0.0,0.0,0.0,0.0,0.0,0.0,0.0,0.0,0.0,0.0,0.0,0.0,0.0,0.0,3.1966655254364014,0.0,0.0,0.0
"121,157",2472.352672313062,0.0,0.0,0.0,0.0,0.0,0.0,0.0,0.0,0.0,0.0,6982.551415843589,17830.818985929673,21157.215776209738,15850.85413487285,20718.40258424048,6761.7452363771545,6972.961542529685,17858.80456729309,21344.92651887501,15927.208317910925,20800.977851949014,6803.195359513337,7113.54958502732,18133.94289668401,21712.379494285586,16268.708691896176,21258.608237562927,6831.638488527371,7097.551030082328,18092.719509301463,21680.850815960945,16301.01575812078,21441.68627096812,6860.37932371719,7058.83643335361,17893.547818600895,21535.80005705871,16261.90830145443,21500.14335852791,6861.053478017507,0.0,0.0,0.0,0.0,0.0,0.0,0.0,0.0,0.0,0.0,0.0,0.0,0.0,0.0,0.0,0.0,0.0,0.0,0.0,0.0,0.0,0.0,0.0,0.0,0.0,0.0,0.0,0.0,0.0,0.0
"122,157",2469.047640941428,3.190338373184204,0.0,0.0,0.0,0.0,3.190338373184204,0.0,0.0,0.0,0.0,3137.377929593068,6981.890761581122,9935.75319779527,12367.232135389364,32371.637201100704,28632.68498152284,3070.37315716837,6857.447890036714,9798.56059516084,12100.345539919534,31653.401441042097,28202.432570094687,3099.1011911878404,6918.071531289232,9932.209706435484,12249.930648963591,31840.42271785456,28440.86758103464,3146.9589098939714,6959.546527140748,9999.567091325685,12395.52045519679,32125.705015484495,28620.96269207655,3226.7270797738847,7070.15020943997,10076.0839718641,12606.086104467802,32534.689704259243,28927.25649537479,0.0,0.0,0.0,0.0,0.0,3.190338373184204,0.0,0.0,0.0,0.0,0.0,0.0,0.0,0.0,0.0,0.0,0.0,0.0,0.0,0.0,0.0,0.0,0.0,0.0,0.0,0.0,0.0,0.0,0.0,0.0
"123,157",2465.601252996744,3.187843084335327,0.0,0.0,0.0,0.0,3.187843084335327,0.0,0.0,0.0,0.0,4039.968100366406,7574.641883880951,10122.843070305094,12161.758917798248,37565.68051691055,54647.420160302936,4027.220852193646,7568.257190973618,10138.35355326054,12151.179761542528,37708.19779281896,54528.43563859604,4090.927909908108,7603.298542530396,10268.978720391964,12310.031950042763,38166.511603898616,55086.207526716535,4072.2274335720963,7619.223490030625,10293.686132710587,12367.78354012265,38357.60133756656,55407.73479403141,4116.426353988461,7694.330656477048,10338.27636365236,12434.280703530594,38589.316114147034,56085.56034266528,0.0,0.0,0.0,0.0,0.0,3.187843084335327,0.0,0.0,0.0,0.0,0.0,0.0,0.0,0.0,0.0,0.0,0.0,0.0,0.0,0.0,0.0,0.0,0.0,0.0,0.0,0.0,0.0,0.0,0.0,0.0
"124,157",2462.014658919969,0.0,0.0,0.0,0.0,0.0,0.0,0.0,0.0,0.0,0.0,5285.8477856860445,6772.039586676804,8276.329879690618,8779.363786176607,26985.35249038116,65722.76377934942,5342.690154241114,6832.172201418411,8359.045730520696,8838.033257791109,27335.312442104485,66890.03800181407,5056.951191918991,6746.743037625856,8272.83562148225,8861.780819232792,27309.960951271245,67156.85962210543,4987.020343558929,6739.990311937707,8229.128293834949,8798.174367541893,27268.35107055739,66574.03874358944,4926.610531585357,6773.799456739427,8234.385241329903,8845.885175819023,27343.717697895274,66409.06367149447,0.0,0.0,0.0,0.0,0.0,0.0,0.0,0.0,0.0,0.0,0.0,0.0,0.0,0.0,0.0,0.0,0.0,0.0,0.0,0.0,0.0,0.0,0.0,0.0,0.0,0.0,0.0,0.0,0.0,0.0
"125,157",2458.289052198583,0.0,0.0,0.0,0.0,0.0,0.0,0.0,0.0,0.0,0.0,17326.16544680689,18562.07928076445,21010.336045721466,22033.47358815623,60728.24946400137,70612.30691539633,17371.013485192318,18559.62022900114,21016.684519689225,22090.64208047343,60786.13042378145,70757.69885524394,17326.55248188879,18575.495341773127,21007.1585859467,22079.692197189146,60798.84087133127,70780.93834484232,17262.607100058536,18508.776228846757,20968.62079065267,22031.614868573586,60628.27854829863,70316.52731968001,17243.525658417682,18451.583012284485,20956.607432567373,22006.16826169912,60635.27842363657,70353.68115589947,0.0,0.0,0.0,0.0,0.0,0.0,0.0,0.0,0.0,0.0,0.0,0.0,0.0,0.0,0.0,0.0,0.0,0.0,0.0,0.0,0.0,0.0,0.0,0.0,0.0,0.0,0.0,0.0,0.0,0.0
"126,157",2437.391773006844,0.0,0.0,0.0,0.0,0.0,0.0,0.0,0.0,0.0,0.0,9961.56906985582,13093.054825594845,15652.089523439783,17326.051425309273,52592.90387894031,98255.9323826715,9967.907852166305,13108.906238606396,15652.090687876123,17335.567115159127,52674.954550945986,98635.61136495273,9971.07108830751,13121.575441172543,15667.933724527735,17326.045099110695,52678.09284902367,98930.68650264364,10002.792231553207,13152.86929749414,15740.84993041076,17402.130654187295,53081.111587123305,100188.66306342983,9999.62855099977,13171.902520646301,15769.371466284174,17426.419288519315,53290.40420921269,100973.35983505995,0.0,0.0,0.0,0.0,0.0,0.0,0.0,0.0,0.0,0.0,0.0,0.0,0.0,0.0,0.0,0.0,0.0,0.0,0.0,0.0,0.0,0.0,0.0,0.0,0.0,0.0,0.0,0.0,0.0,0.0
"127,157",778.6523188412458,0.0,0.0,0.0,0.0,0.0,0.0,0.0,0.0,0.0,0.0,1539.0642801481135,2600.2317522609937,3157.060425435795,3604.2362009347653,11994.764937017479,35798.44627883575,1529.5638190465816,2612.5046583764693,3163.396288072361,3602.758785881716,12021.37617749981,36144.285825188956,1529.5640634256251,2612.5046583764693,3153.8972672574655,3612.2626856944144,12049.880520532646,36324.8850248449,1548.5675519662746,2615.6743868940016,3201.4049569718973,3650.27359811278,12307.927271752265,37665.12964688938,1545.3980084615596,2641.0131334417006,3207.7389973752634,3690.988171684041,12401.096778148763,38301.93449246557,0.0,0.0,0.0,0.0,0.0,0.0,0.0,0.0,0.0,0.0,0.0,0.0,0.0,0.0,0.0,0.0,0.0,0.0,0.0,0.0,0.0,0.0,0.0,0.0,0.0,0.0,0.0,0.0,0.0,0.0
"92,158",2008.1922921093155,0.0,0.0,0.0,0.0,0.0,0.0,0.0,0.0,0.0,0.0,3834.612122098137,529.6804225846834,103.49718856811523,38.81244397163391,64.68730330467224,16.172321557998657,4314.662750666749,658.9853722562978,122.90222930908203,42.04725670814514,77.6245527267456,16.172321557998657,4492.562392824771,707.5005332937428,132.60671019554138,48.51612067222595,80.85880756378174,16.172321557998657,5266.130701741985,875.6763600816914,161.71349811553955,58.218655824661255,87.27624142123204,16.172321557998657,5638.272465302898,1021.2118937483021,184.3532519340515,61.45346736907959,84.04148566676122,19.406543731689453,0.0,0.0,0.0,0.0,0.0,0.0,0.0,0.0,0.0,0.0,0.0,0.0,0.0,0.0,0.0,0.0,0.0,0.0,0.0,0.0,0.0,0.0,0.0,0.0,0.0,0.0,0.0,0.0,0.0,0.0
"93,158",2504.4952929404235,0.0,0.0,0.0,0.0,0.0,0.0,0.0,0.0,0.0,0.0,517.7470104694366,22.652137279510498,0.0,0.0,0.0,0.0,530.692617893219,25.88797092437744,0.0,0.0,0.0,0.0,559.8155207633972,29.123823165893555,0.0,0.0,0.0,0.0,608.3519215583801,32.35990810394287,0.0,0.0,0.0,0.0,669.8344964981079,38.83149170875549,0.0,0.0,0.0,0.0,0.0,0.0,0.0,0.0,0.0,0.0,0.0,0.0,0.0,0.0,0.0,0.0,0.0,0.0,0.0,0.0,0.0,0.0,0.0,0.0,0.0,0.0,0.0,0.0,0.0,0.0,0.0,0.0,0.0,0.0
"94,158",2505.420385406935,0.0,0.0,0.0,0.0,0.0,0.0,0.0,0.0,0.0,0.0,1563.2385710220713,51.79794120788574,0.0,0.0,0.0,0.0,1680.189558171291,71.2216784954071,0.0,0.0,0.0,0.0,1729.5063637845656,77.69648885726929,0.0,0.0,0.0,0.0,1733.450711004407,77.69648885726929,0.0,0.0,0.0,0.0,1854.0308331629808,74.45900869369507,0.0,0.0,0.0,0.0,0.0,0.0,0.0,0.0,0.0,0.0,0.0,0.0,0.0,0.0,0.0,0.0,0.0,0.0,0.0,0.0,0.0,0.0,0.0,0.0,0.0,0.0,0.0,0.0,0.0,0.0,0.0,0.0,0.0,0.0
"95,158",2506.1917858610786,0.0,0.0,0.0,0.0,0.0,0.0,0.0,0.0,0.0,0.0,1810.287278168809,32.37781739234924,0.0,0.0,0.0,0.0,2083.3452853296317,38.8538453578949,0.0,0.0,0.0,0.0,2166.081094220105,42.09148144721985,0.0,0.0,0.0,0.0,2283.009544171539,38.85396146774292,0.0,0.0,0.0,0.0,2778.5500099481324,45.32962226867676,0.0,0.0,0.0,0.0,0.0,0.0,0.0,0.0,0.0,0.0,0.0,0.0,0.0,0.0,0.0,0.0,0.0,0.0,0.0,0.0,0.0,0.0,0.0,0.0,0.0,0.0,0.0,0.0,0.0,0.0,0.0,0.0,0.0,0.0
"96,158",2506.809227231197,0.0,0.0,0.0,0.0,0.0,0.0,0.0,0.0,0.0,0.0,4297.787099219304,55.057700872421265,0.0,0.0,0.0,0.0,5514.458785234713,58.29612755775452,0.0,0.0,0.0,0.0,5820.01461706255,61.53507900238037,0.0,0.0,0.0,0.0,6078.059188139672,68.01240706443787,0.0,0.0,0.0,0.0,6645.531419645572,64.7734727859497,0.0,0.0,0.0,0.0,0.0,0.0,0.0,0.0,0.0,0.0,0.0,0.0,0.0,0.0,0.0,0.0,0.0,0.0,0.0,0.0,0.0,0.0,0.0,0.0,0.0,0.0,0.0,0.0,0.0,0.0,0.0,0.0,0.0,0.0
"97,158",2507.2724956233224,0.0,0.0,0.0,0.0,0.0,0.0,0.0,0.0,0.0,0.0,45063.736883405596,5531.787334784341,1307.2014417536118,129.62122181724098,126.00061567811404,12.958346605300903,47751.89762036753,5904.743691954893,1453.7067849860473,158.77740148376014,126.00061567811404,12.958346605300903,49739.29595744375,6152.081085654801,1538.3421838545332,155.5378671057084,132.4797457077924,12.958346605300903,50904.19730955478,6985.435149130167,1691.008458303938,162.01693037818458,138.95891817597783,12.958346605300903,53143.06251237813,7562.890038200454,1836.789294170866,184.6940188772538,142.19847687272465,12.958346605300903,0.0,0.0,0.0,0.0,0.0,0.0,0.0,0.0,0.0,0.0,0.0,0.0,0.0,0.0,0.0,0.0,0.0,0.0,0.0,0.0,0.0,0.0,0.0,0.0,0.0,0.0,0.0,0.0,0.0,0.0
"98,158",2507.581430478818,0.0,0.0,0.0,0.0,0.0,0.0,0.0,0.0,0.0,0.0,36532.20104090279,76110.31946507248,23769.21006718617,4410.13095536606,2716.5282590548195,1011.2349459760329,37209.07793940096,77954.57403893188,24177.106238790588,4431.183832942739,2700.3301444212593,1011.2352313630721,37767.93726623199,78980.45838003438,24441.146180235173,4485.041411736432,2787.398278903026,1059.8319530122421,38269.38523091989,79670.56116309071,24710.456897503722,4545.784490155238,2858.67366046812,1111.6684696309708,38940.024061581666,80926.3984181778,25147.016800872017,4691.98325142019,2949.388733576793,1121.38821812798,0.0,0.0,0.0,0.0,0.0,0.0,0.0,0.0,0.0,0.0,0.0,0.0,0.0,0.0,0.0,0.0,0.0,0.0,0.0,0.0,0.0,0.0,0.0,0.0,0.0,0.0,0.0,0.0,0.0,0.0
"99,158",2507.73592469271,0.0,0.0,0.0,0.0,0.0,0.0,0.0,0.0,0.0,0.0,24345.92796919954,53233.43898026989,24166.070468520185,6092.139774937723,2081.697837602391,340.1925709247589,26069.177254677757,56834.9260333566,25569.39247626791,6341.87118116173,2155.49238206078,346.67225456237793,26846.943499376266,57952.69627964918,26274.09058007446,6479.970168255824,2210.571552287831,323.99261474609375,28021.84437803007,60218.7343867143,27749.895005206497,6846.087885521907,2343.410302650227,346.6721336841583,29790.462303448658,64632.702747227166,29416.37342505268,7358.0041705599015,2616.2926209085126,356.3918402194977,0.0,0.0,0.0,0.0,0.0,0.0,0.0,0.0,0.0,0.0,0.0,0.0,0.0,0.0,0.0,0.0,0.0,0.0,0.0,0.0,0.0,0.0,0.0,0.0,0.0,0.0,0.0,0.0,0.0,0.0
"100,158",2507.7359246927067,0.0,3.2399911880493164,0.0,0.0,0.0,0.0,3.2399911880493164,0.0,0.0,0.0,38524.37498278804,67340.32475832582,23981.75754985529,5874.709369752922,2687.113450930165,719.1889428755816,41489.697195141925,73820.71943061959,25878.059563530194,6243.812461632374,2746.564063574286,696.5093037745532,42245.42264652252,75344.82682640506,26286.85243094482,6240.572502630833,2740.083856131049,686.7893001696643,43201.61155961728,76853.05140887522,26525.365461687015,6221.131976383808,2759.5236838116366,702.98896261664,44269.92776504031,78640.14327923923,27427.830911713958,6402.570981520297,2817.118967558356,709.4688062331256,0.0,0.0,0.0,0.0,0.0,0.0,3.2399911880493164,0.0,0.0,0.0,0.0,0.0,0.0,0.0,0.0,0.0,0.0,0.0,0.0,0.0,0.0,0.0,0.0,0.0,0.0,0.0,0.0,0.0,0.0,0.0
"101,158",2507.5814304788437,0.0,0.0,0.0,0.0,3.2396576404571533,0.0,0.0,0.0,0.0,3.2396576404571533,42976.702468606534,82692.76350991397,19373.49408555592,3864.9389426137886,2480.275088075563,994.5613835568521,45413.82828487789,87138.59354171004,20251.267351301045,3990.4783395383874,2524.4131265397164,988.0816062207315,46046.729381475256,88755.89093214297,20600.33042700338,4045.55485664349,2579.490049671659,988.0819829220865,47940.92269850993,91181.96639244884,21058.772166342835,4097.392433032803,2630.108438456292,1007.5213325734231,48900.429675848354,92628.31013164521,21341.817709170136,4158.542803234212,2678.7074045779655,1010.7623115296457,0.0,0.0,0.0,0.0,0.0,0.0,0.0,0.0,0.0,0.0,0.0,0.0,0.0,0.0,0.0,0.0,0.0,0.0,0.0,0.0,0.0,0.0,0.0,0.0,3.2396576404571533,0.0,0.0,0.0,0.0,0.0
"102,158",2496.4531740304533,9.718254804611206,12.957299709320068,80.98611950874329,32.39483618736267,25.916081190109253,9.718254804611206,12.957299709320068,80.98611950874329,32.39483618736267,25.916081190109253,120953.8673808883,55761.24496064186,10591.552503153858,1563.1831926495424,587.2888847453921,70.05020225468803,122482.9124315103,56823.47219927357,10853.949438378391,1582.6201414257876,580.8099032504886,66.81064260426689,124391.81975958114,57779.10986144589,10991.441127225466,1598.8167194516054,577.5704249008029,66.81064260426689,125744.89475632554,58268.2665632491,11042.867616278518,1621.1370900864697,574.3314376933902,73.28971231404472,126436.39557001356,58756.386745631455,11147.293602191701,1640.5752686257458,584.0507083995669,73.28971231404472,3.23954439163208,6.478710412979126,0.0,0.0,0.0,0.0,0.0,9.71775221824646,3.2395474910736084,0.0,0.0,0.0,19.436264753341675,61.54985475540161,0.0,0.0,0.0,0.0,12.958057641983032,19.43677854537964,0.0,0.0,0.0,0.0,6.47905158996582,16.1975839138031,3.239445686340332,0.0,0.0,0.0
"103,158",2449.535601795692,194.3226239681244,25.90983533859253,25.90971827507019,3.238978147506714,3.238755464553833,132.78685331344604,16.193552017211914,12.95492172241211,3.238978147506714,0.0,85373.12630288741,83559.4254757741,17596.57657974374,3049.861954611423,1512.9660932335198,99.49651662134656,87412.5031514766,85266.53378853425,17926.93308418405,3126.374554937961,1525.921512297088,99.49650636934766,88587.08470405034,86146.59024722996,18159.774771108812,3196.4108194893483,1551.806180706211,99.49648038172253,89610.53358564187,87330.7752283592,18399.456143036074,3255.065182207145,1584.192514887043,99.49648038172253,90568.34470757034,88296.64627715373,18622.527238455936,3332.7956619243996,1600.412061623031,102.73528352999219,16.193859577178955,80.96771669387817,22.670641899108887,9.716066598892212,3.2385685443878174,0.0,3.238598346710205,6.477407932281494,3.2387375831604004,0.0,3.2388081550598145,0.0,0.0,12.95492172241211,0.0,0.0,0.0,0.0,0.0,3.238978147506714,0.0,0.0,0.0,0.0,0.0,0.0,0.0,0.0,0.0,0.0
"104,158",2483.342948639824,0.0,3.2377729415893555,0.0,0.0,0.0,0.0,3.2377729415893555,0.0,0.0,0.0,70904.65905176051,81572.67960290161,15634.443755962333,2960.3669305960334,1563.4209814950532,328.21639158305004,73624.61844607335,84995.30870086818,16341.90766097611,3032.6787747859958,1595.8000455781525,337.9295458989985,74714.21761899088,86463.89181069299,16651.664295608854,3068.293592166901,1599.0371905252046,335.3652525172514,75584.5489233952,87544.31682477181,16845.257020686655,3107.1478347301486,1633.4338810116637,334.55292074072594,76868.48882081277,88908.58050173309,17102.532554920046,3161.1093939463294,1672.2885110051025,349.52380328552397,0.0,0.0,0.0,0.0,0.0,0.0,0.0,3.2377729415893555,0.0,0.0,0.0,0.0,0.0,0.0,0.0,0.0,0.0,0.0,0.0,0.0,0.0,0.0,0.0,0.0,0.0,0.0,0.0,0.0,0.0,0.0
"105,158",2505.4203854068824,0.0,3.236494779586792,0.0,0.0,0.0,0.0,3.236494779586792,0.0,0.0,0.0,48989.498882199274,98291.13162172168,25791.828042739984,5802.068037118164,3736.133426497029,2492.31653694078,50056.53041049266,100243.12774725242,26393.343449629992,5903.330210408978,3786.706345882603,2553.8136864082485,50606.66722919053,101271.02156668554,26642.455747431402,5955.126422128491,3810.800112614912,2567.1284759568234,51068.82867875287,102009.87863345242,26988.6813751174,6020.451841858322,3899.4129916359393,2580.0754583405514,51575.54804350256,102907.8903161769,27316.53518836452,6108.920599277347,3970.6270383526294,2622.153860144522,0.0,0.0,0.0,0.0,0.0,0.0,0.0,3.236494779586792,0.0,0.0,0.0,0.0,0.0,0.0,0.0,0.0,0.0,0.0,0.0,0.0,0.0,0.0,0.0,0.0,0.0,0.0,0.0,0.0,0.0,0.0
"106,158",2504.4952929403867,0.0,0.0,0.0,6.47061562538147,0.0,0.0,0.0,0.0,3.2353200912475586,0.0,56306.171405467794,104305.20474530576,21965.36158489713,5301.841870318208,5983.428167851766,4562.329470718609,56704.689502077475,104876.94848476487,22112.364820755225,5340.679314862046,6009.318142684301,4643.231217230068,57187.65702889948,105388.65242700858,22241.80452112029,5395.683314095292,6087.546713022157,4719.442609798207,57483.18406850591,105841.67822307139,22345.760521269774,5401.58530390029,6110.201798108979,4748.566808234944,57742.47806206778,106159.14584708963,22451.82235795563,5395.110715029287,6119.906815198823,4696.390633122126,0.0,0.0,0.0,0.0,0.0,0.0,0.0,0.0,0.0,0.0,0.0,0.0,0.0,0.0,0.0,0.0,0.0,0.0,0.0,0.0,0.0,0.0,0.0,3.2353200912475586,0.0,0.0,0.0,0.0,0.0,0.0
"107,158",2450.790280521372,0.0,6.468681812286377,0.0,0.0,12.93578028678894,0.0,6.468681812286377,0.0,0.0,12.93578028678894,62180.06662288928,102374.46737115055,23807.270890641677,2823.422273165572,1930.4206342500797,1366.152563232534,62368.38645625489,102570.56492008692,23848.103672469828,2852.532321698058,1933.6557037634007,1353.213634628408,62504.218659881524,102837.80285704647,23883.68458100674,2854.5487165656746,1956.296495656406,1375.856239456289,62663.424706129,102904.2847439747,23912.799995626185,2856.5654886928255,1953.0612244409672,1395.2648722115684,62818.64923658745,103032.93428312,23916.757028817192,2840.390967961853,1940.1207859319798,1385.5603422108818,0.0,0.0,0.0,0.0,0.0,0.0,0.0,6.468681812286377,0.0,0.0,0.0,0.0,0.0,0.0,0.0,0.0,0.0,0.0,0.0,0.0,0.0,0.0,0.0,0.0,3.2338311672210693,9.701949119567871,0.0,0.0,0.0,0.0
"108,158",2445.8347912901136,18.17700441584868,69.89678658036624,16.161844491958618,32.32821989059448,22.62787675857544,18.17700441584868,66.66446507958804,16.161844491958618,32.32821989059448,22.62787675857544,93166.72230753525,78571.92893458347,18077.710996489433,2753.531022616929,1106.3157380010566,54.949877977371216,93445.11445784757,78666.89438955829,18051.91633460288,2727.6727524486246,1103.0822809125862,54.94987177848816,93545.3354763695,78742.94806816906,18027.667467033163,2743.835028239793,1109.953086675382,58.18208622932434,93513.47343695772,78889.12197228224,18069.59980248283,2721.208824941224,1100.25393539784,58.18208622932434,93782.22565504898,79179.25592605272,18094.25865085733,2721.207232066697,1090.5566106450324,58.182066917419434,6.465152025222778,2.0154002498177923,9.696452140808105,0.0,0.0,0.0,27.87682403115665,25.858980894088745,12.928660154342651,0.0,0.0,0.0,3.232755661010742,12.929088830947876,0.0,0.0,0.0,0.0,25.863415956497192,6.46480393409729,0.0,0.0,0.0,0.0,12.931910753250122,6.464039325714111,3.231926679611206,0.0,0.0,0.0
"109,158",2500.8013274439772,309.0075830768136,487.0765959440493,324.41441434691933,328.38767058428596,465.86566147243275,309.0075830768136,483.84605233061546,321.18422263930825,325.15757853564094,465.86566147243275,64246.87417549339,102252.96037399815,27218.552983682297,4927.325675339793,2149.3856602126475,137.72486455861258,64334.122413008816,102138.14489961136,27105.722327633466,4901.483241171931,2138.247241190368,134.49336250249075,64295.371851056225,102022.39717998129,27014.87070170197,4869.17667278776,2139.690703635122,134.49336250249075,64222.2163607644,101982.97535595238,27017.37939145051,4814.252545209025,2106.1596260341944,134.49374397221732,64134.65127354696,101934.47519999015,26946.303859967815,4781.945506663416,2086.545164822597,134.49356086674857,56.70826138047611,166.52823998787824,66.39070012429181,19.38038158416748,0.0,0.0,142.13413524627686,237.94256344402538,84.38872338556776,12.920310974121094,6.46031928062439,0.0,101.16727270238539,194.17428927141077,19.38219976425171,6.460460901260376,0.0,0.0,97.25179485994227,160.06923630097333,54.91499733924866,9.691251993179321,3.2302980422973633,0.0,129.22293376922607,267.02117783602546,59.93112447121564,9.690425395965576,0.0,0.0
"110,158",2499.2651934929863,337.32467684558793,574.7354253264034,707.8459144096748,402.32472382994257,428.82780095455695,334.0952819328682,574.7354253264034,694.9277852039711,402.32472382994257,428.82780095455695,59906.80176834218,91487.46226741753,29851.718785915185,6846.09161791147,5016.123118655822,1722.3439966931064,60175.36971786068,91920.00027628879,29997.055085859105,6913.900650590074,5091.82527121095,1761.0892192616184,60217.515474613036,92189.84489676531,30114.917188720134,6888.067229836595,5054.864108102462,1751.3987697853763,60327.70295523568,92136.95924047394,30068.234847928954,6849.319629519594,5029.028679864547,1735.2551564469059,60308.669120430466,92185.65718202777,30187.159279620402,6904.220705836427,5020.766031585019,1748.1671554341037,221.43040465467115,104.77467887728822,7.890198400908825,0.0,0.0,0.0,299.1439153138329,230.37476463598364,45.216745376586914,0.0,0.0,0.0,275.4378709232106,341.9770644730213,64.59537625312805,12.917473554611206,0.0,0.0,188.95925217890274,174.61353879161908,35.52273082733154,0.0,3.2292020320892334,0.0,184.0931167602539,191.6241124012891,46.650991848403336,6.459579944610596,0.0,0.0
"111,158",2497.577492304101,16.137722730636597,9.682536125183105,0.0,0.0,19.365559816360474,16.137722730636597,9.682536125183105,0.0,0.0,19.365559816360474,40444.78048530093,68144.08121378375,39430.10501868959,17078.253918507522,14719.548036193846,5735.06526279169,40578.562230184034,68538.43380557228,39537.14554924871,17020.68980834157,14700.713854574688,5739.965611202577,40887.32309062715,69112.05714989643,39704.44032963117,17075.538456889695,14665.589426948509,5730.287324411729,40871.20060785051,69122.44779880467,39743.441892384566,17085.22043585684,14693.761342222548,5802.4896751796505,41013.56907370792,69352.11684449887,39810.990072378474,17060.62316270062,14661.159729273177,5799.269119158914,9.682624101638794,6.455098628997803,0.0,0.0,0.0,0.0,9.682536125183105,0.0,0.0,0.0,0.0,0.0,0.0,0.0,0.0,0.0,0.0,0.0,0.0,0.0,0.0,0.0,0.0,0.0,6.455106735229492,12.910453081130981,0.0,0.0,0.0,0.0
"112,158",2495.7388045239477,0.0,0.0,3.225203275680542,0.0,0.0,0.0,0.0,3.225203275680542,0.0,0.0,28743.436865574713,35289.740178488755,31095.41126134723,19648.192696600334,19667.079851272996,7092.918929092557,29186.59067894712,35517.52861762889,31328.7831184088,19741.247394451442,19631.088255358678,7135.594635151881,29841.180460859752,35968.58890351314,31534.04100405188,19918.591630348506,19765.29977638488,7158.161238335628,30308.18418956458,36411.95257741703,31580.87518110649,20054.00043283163,19935.913348120328,7181.551475897021,30408.102812271496,36583.225200703564,31655.372107493647,20095.91397711156,19952.02125133533,7148.904425378873,0.0,0.0,0.0,0.0,0.0,0.0,0.0,0.0,0.0,0.0,0.0,0.0,0.0,0.0,3.225203275680542,0.0,0.0,0.0,0.0,0.0,0.0,0.0,0.0,0.0,0.0,0.0,0.0,0.0,0.0,0.0
"113,158",2493.6159930738754,0.0,6.445361137390137,0.0,0.0,16.11016035079956,0.0,6.445361137390137,0.0,0.0,16.11016035079956,25639.831956610964,50593.421473837836,49902.38009616815,27122.616082294324,20153.143051543888,1680.1831217980853,25935.58043871768,51158.24321875666,50157.24646204967,27265.124843948033,20177.837959050194,1683.4051002240649,26173.124691984707,51896.072368999565,50490.81800912222,27386.347460143712,20285.957045384013,1683.4050713754168,26298.04762864207,52333.38197128913,50704.9923774392,27570.014342658666,20345.389082192436,1689.850288031148,26402.961775451553,52513.397423437535,50998.34154455802,27679.557368152287,20448.844215800713,1702.7402096963397,0.0,0.0,0.0,0.0,0.0,0.0,0.0,3.2226853370666504,3.2226758003234863,0.0,0.0,0.0,0.0,0.0,0.0,0.0,0.0,0.0,0.0,0.0,0.0,0.0,0.0,0.0,3.2220396995544434,6.4440507888793945,6.444069862365723,0.0,0.0,0.0
"114,158",2491.601788241515,0.0,0.0,0.0,0.0,0.0,0.0,0.0,0.0,0.0,0.0,22960.735826763448,46790.79720169142,44986.99381206736,27105.975132498083,18770.372812013065,3409.3790098190307,23029.756825318993,47069.61714430322,45198.54510659891,27049.004996514785,18763.765954472037,3422.2518936157226,23200.753262672235,47398.238754434205,45447.48084217801,27161.682409024703,18890.770703142764,3415.810398197174,23283.41573176664,47590.97121326595,45472.45561776161,27119.834704137313,18921.901570508995,3402.9314299583434,23334.55305915533,47616.491166903,45441.76437038813,27069.55106742148,18883.284859607735,3396.4924269676208,0.0,0.0,0.0,0.0,0.0,0.0,0.0,0.0,0.0,0.0,0.0,0.0,0.0,0.0,0.0,0.0,0.0,0.0,0.0,0.0,0.0,0.0,0.0,0.0,0.0,0.0,0.0,0.0,0.0,0.0
"115,158",2489.31419247356,0.0,0.0,0.0,0.0,0.0,0.0,0.0,0.0,0.0,0.0,27700.739619004493,44526.420170382895,39231.50149045459,30434.694983732003,33120.14108618381,6105.178392850651,27741.12944943671,44568.80538760821,39189.74235457814,30356.82765022446,32810.03794943399,6080.508135136436,27795.815549681232,44633.19684128948,39231.16946422074,30357.57277625589,32685.4033786194,6066.928320548114,27813.33664296842,44642.845379054306,39229.08120945483,30348.990746714087,32584.950129380883,6037.981313845691,27767.27741411901,44678.45328181117,39298.546721365885,30341.765786810487,32590.066631705155,6048.344376858543,0.0,0.0,0.0,0.0,0.0,0.0,0.0,0.0,0.0,0.0,0.0,0.0,0.0,0.0,0.0,0.0,0.0,0.0,0.0,0.0,0.0,0.0,0.0,0.0,0.0,0.0,0.0,0.0,0.0,0.0
"116,158",2486.878441434279,0.0,0.0,3.213484287261963,0.0,0.0,0.0,0.0,3.213484287261963,0.0,0.0,16904.77547635284,34187.66463044204,38447.26920456139,28480.085201096066,37933.76172528547,11778.64231608615,17010.766900674967,34256.35082016646,38386.58187557669,28332.388216948042,37444.31308854701,11642.612462888044,17023.61999143806,34216.56755834842,38286.53764575509,28251.33663768862,37062.39149720621,11456.964235589085,17228.0097425386,34296.505973875755,38283.84797482677,28171.54960752749,36905.756834006774,11428.04634813982,17296.777177376844,34512.99292040245,38383.575675423,28200.93276135501,36888.63589737088,11438.994386571996,0.0,0.0,0.0,0.0,0.0,0.0,0.0,0.0,0.0,0.0,0.0,0.0,0.0,3.213484287261963,0.0,0.0,0.0,0.0,0.0,0.0,0.0,0.0,0.0,0.0,0.0,0.0,0.0,0.0,0.0,0.0
"117,158",2484.2953656424247,0.0,0.0,0.0,0.0,0.0,0.0,0.0,0.0,0.0,0.0,13509.65885112613,35834.92947403777,38789.92181766734,26482.80100702865,24318.936688693364,4925.889337680855,13590.443388405034,35954.42521816235,38901.57491181036,26497.629961181152,24334.47659735493,4932.308717392006,13604.482677613054,35981.361246568085,38881.902946758266,26510.052337370667,24362.660894335953,4916.973771631951,13578.636341650346,35865.41286588838,38801.24125277668,26430.988692142448,24248.27918763535,4929.809136026982,13652.798293517617,35962.48840001799,38796.77524310093,26452.211555207945,24110.646409492867,4973.612227888669,0.0,0.0,0.0,0.0,0.0,0.0,0.0,0.0,0.0,0.0,0.0,0.0,0.0,0.0,0.0,0.0,0.0,0.0,0.0,0.0,0.0,0.0,0.0,0.0,0.0,0.0,0.0,0.0,0.0,0.0
"118,158",2481.5658439181184,0.0,0.0,0.0,0.0,0.0,0.0,0.0,0.0,0.0,0.0,29271.720197020324,38152.42626033203,15722.559656971578,4054.8523101301753,2739.6454793097923,839.0265091278973,30116.41130204294,38705.19039399297,15728.026033374377,4038.8169724436366,2703.67753108623,826.2015016892376,30352.459772318485,38851.4360469762,15679.933352681704,4022.782542655047,2752.47834629545,828.6856934266932,30621.189110700754,39248.13001604547,15770.75266070927,4058.449838386797,2736.434450812433,831.8918925425585,31599.625434108813,40184.17974940749,15953.537799793132,4039.217849479937,2772.913719368916,842.2383810688468,0.0,0.0,0.0,0.0,0.0,0.0,0.0,0.0,0.0,0.0,0.0,0.0,0.0,0.0,0.0,0.0,0.0,0.0,0.0,0.0,0.0,0.0,0.0,0.0,0.0,0.0,0.0,0.0,0.0,0.0
"119,158",2478.6908027302106,0.0,0.0,0.0,0.0,0.0,0.0,0.0,0.0,0.0,0.0,35175.07190296603,48837.10632670254,27633.074099939946,11190.8849464697,8805.527301006692,2227.873140795091,35635.10596595652,49039.34194598947,27688.065681971755,11214.512114782896,8789.52301090278,2225.8721658482273,36125.76468464534,49552.90014616182,27857.78480533525,11301.910068904652,8834.352243595498,2241.885574509116,36480.05453768057,49844.58016890172,27886.102676193386,11305.095328723683,8808.731481247323,2235.4736086621006,36147.974353143276,49384.21324276738,27713.64040123154,11233.598296485228,8776.716650896447,2250.282586557725,0.0,0.0,0.0,0.0,0.0,0.0,0.0,0.0,0.0,0.0,0.0,0.0,0.0,0.0,0.0,0.0,0.0,0.0,0.0,0.0,0.0,0.0,0.0,0.0,0.0,0.0,0.0,0.0,0.0,0.0
"120,158",2475.6712155287105,0.0,0.0,0.0,0.0,0.0,0.0,0.0,0.0,0.0,0.0,46063.84270639419,71680.8374564124,42097.800526326304,16030.979491170247,10317.883629888645,3220.4062961017385,46276.04166193008,71806.02677569013,42162.07764099626,16034.517557497586,10336.172279295266,3266.4174666367326,46791.014092874524,72482.91622947616,42571.04749360271,16243.833688556448,10505.116160179585,3333.5628137551103,46870.463042127376,72617.2073636616,42718.097681407366,16308.21924261299,10571.875848599973,3339.960451122359,46210.678222722636,71722.43402947817,42506.56194263159,16277.379819686741,10608.251743968325,3378.324978347853,0.0,0.0,0.0,0.0,0.0,0.0,0.0,0.0,0.0,0.0,0.0,0.0,0.0,0.0,0.0,0.0,0.0,0.0,0.0,0.0,0.0,0.0,0.0,0.0,0.0,0.0,0.0,0.0,0.0,0.0
"121,158",2472.5081020292855,3.1955254077911377,0.0,0.0,0.0,0.0,0.0,0.0,0.0,0.0,0.0,4593.916102246678,10108.125678597244,13889.100073704067,11403.969238148484,10238.474592134997,3238.980452632905,4606.71441324178,10133.701803265365,13934.618023041185,11389.253098405577,10199.12707103374,3248.930153960808,4692.966435746586,10274.253402291091,14131.454394384458,11616.065900984933,10380.526262216006,3290.4653712459644,4714.981058971554,10508.233006940169,14405.358096137703,11794.92328471296,10613.346291053997,3323.613522060245,4742.116767300811,10604.389322710036,14620.122936054306,11971.287599943198,10696.750174041823,3377.912047155231,0.0,0.0,0.0,0.0,0.0,0.0,0.0,0.0,0.0,0.0,0.0,0.0,0.0,0.0,0.0,0.0,0.0,0.0,0.0,0.0,0.0,0.0,0.0,0.0,0.0,0.0,0.0,0.0,0.0,0.0
"122,158",2469.20252746895,6.379699468612671,0.0,0.0,0.0,0.0,3.1899445056915283,0.0,0.0,0.0,0.0,1797.9879240989685,3691.9265137915513,5694.565511016284,7113.206088916928,18503.33521040935,12272.703033546371,1794.8015456199646,3634.517258286943,5663.758383699492,7153.189285918778,18295.039298518495,12035.892147182949,1887.3016953468323,3774.8605991606614,5897.66208134913,7380.691482866512,18937.002770363117,12559.26182213297,1935.1477100849152,3890.048166550842,6127.687157443926,7521.472388630287,19657.76891791213,12887.643890499601,2040.4205071926117,4083.9731947599666,6442.818783066319,7854.270580654518,20585.755686437384,13373.087377169555,0.0,0.0,0.0,0.0,3.1899445056915283,0.0,0.0,0.0,0.0,0.0,0.0,0.0,0.0,0.0,0.0,0.0,0.0,0.0,0.0,0.0,0.0,0.0,0.0,0.0,0.0,0.0,0.0,0.0,0.0,0.0
"123,158",2465.755601830439,0.0,0.0,0.0,0.0,0.0,0.0,0.0,0.0,0.0,0.0,3758.4947151352376,7828.2682103502975,10274.027336500205,12175.733072933495,36271.966007107374,47609.55854991558,3776.4081700072566,7823.075913761176,10282.489042406456,12183.133356023302,36333.74361574229,47752.42496103772,3846.4928035960475,8049.266233447953,10577.121686477289,12420.412352961184,37332.48437102262,48973.64615698235,3839.714389513053,8100.230173114701,10574.323191797032,12372.599953335406,37174.73798693395,49153.6008351728,3857.2420669443463,8119.601240305808,10617.982853081648,12468.921593246274,37488.037747097944,49852.48513527852,0.0,0.0,0.0,0.0,0.0,0.0,0.0,0.0,0.0,0.0,0.0,0.0,0.0,0.0,0.0,0.0,0.0,0.0,0.0,0.0,0.0,0.0,0.0,0.0,0.0,0.0,0.0,0.0,0.0,0.0
"124,158",2462.168479032983,0.0,0.0,0.0,0.0,0.0,0.0,0.0,0.0,0.0,0.0,5108.266274367126,8552.220741401934,11252.55451876229,12416.095620910795,38391.27305789367,67095.04309786535,5155.988220845016,8606.294743429446,11417.995122495353,12533.81020716873,38939.74080310241,68291.37926218276,5200.524101887497,8698.144405354706,11556.945950846579,12707.770652942098,39676.75018974565,70199.24509050424,5181.402596150192,8669.876085172915,11536.22428779789,12763.818836043863,39854.093263172625,70467.09478859993,5193.421705183328,8709.240698992036,11529.143787641151,12817.654560467776,40045.0788945039,71264.45089238859,0.0,0.0,0.0,0.0,0.0,0.0,0.0,0.0,0.0,0.0,0.0,0.0,0.0,0.0,0.0,0.0,0.0,0.0,0.0,0.0,0.0,0.0,0.0,0.0,0.0,0.0,0.0,0.0,0.0,0.0
"125,158",2458.4423560882483,0.0,0.0,0.0,0.0,0.0,0.0,0.0,0.0,0.0,0.0,17689.683543954172,17280.618485822866,19006.679591183572,20263.45912529534,55891.70986420688,84195.62398494272,17657.907605920114,17290.158873691747,19060.696170811563,20317.48125053948,56005.59213733953,84421.17283018057,17692.85985902337,17290.184679165075,19098.85573840609,20339.73903776711,56115.61742514723,84859.97132182683,17673.826676879205,17283.828074827383,19102.03860092631,20330.638791748122,56006.46074066443,84420.36378065559,17569.732919227372,17242.55717290897,19070.993384635218,20337.012431808547,55931.43979542677,84166.13766188342,0.0,0.0,0.0,0.0,0.0,0.0,0.0,0.0,0.0,0.0,0.0,0.0,0.0,0.0,0.0,0.0,0.0,0.0,0.0,0.0,0.0,0.0,0.0,0.0,0.0,0.0,0.0,0.0,0.0,0.0
"126,158",2454.5784722476865,0.0,0.0,0.0,0.0,0.0,0.0,0.0,0.0,0.0,0.0,7029.024633810566,11751.380303805483,15630.757880274454,16693.234924586613,51199.3619600296,97253.9508254958,7032.194187090443,11795.078918596344,15652.879202491162,16752.305066777208,51359.892950652626,97713.65056374119,7044.875066921757,11798.248480936127,15662.385630017636,16766.957579790374,51403.027021508125,97903.60472573579,7063.886061594532,11855.321750780182,15725.7827144922,16880.36717308923,51695.30898895451,98720.42310909476,7060.713138029621,11880.689767738419,15773.321908837674,16912.468327024868,51893.86682951778,99245.23130827602,0.0,0.0,0.0,0.0,0.0,0.0,0.0,0.0,0.0,0.0,0.0,0.0,0.0,0.0,0.0,0.0,0.0,0.0,0.0,0.0,0.0,0.0,0.0,0.0,0.0,0.0,0.0,0.0,0.0,0.0
"127,158",848.0763784567697,0.0,0.0,0.0,0.0,0.0,0.0,0.0,0.0,0.0,0.0,2135.6193519639037,3656.873709211162,4619.074522627102,5284.98536141433,17156.312108970156,35865.858492251,2138.788736205008,3670.2527623718856,4630.15448702457,5310.320550756829,17155.857930227354,35913.275867347154,2148.2910538720153,3665.321946525573,4623.820518385196,5319.823208647149,17167.66267701411,35961.04443837334,2164.124552349951,3732.5761093981114,4674.49162257793,5386.982683526768,17390.513684503705,36737.20129453528,2164.1245332764647,3723.0738463289586,4690.324629913593,5405.984305249943,17428.457673299075,36959.922512802426,0.0,0.0,0.0,0.0,0.0,0.0,0.0,0.0,0.0,0.0,0.0,0.0,0.0,0.0,0.0,0.0,0.0,0.0,0.0,0.0,0.0,0.0,0.0,0.0,0.0,0.0,0.0,0.0,0.0,0.0
"92,159",1313.6824140742904,0.0,0.0,0.0,0.0,0.0,0.0,0.0,0.0,0.0,0.0,125.86696460200291,44.54682414391461,3.2346506118774414,0.0,0.0,0.0,148.50773861361483,51.01594631531659,9.703597068786621,0.0,0.0,0.0,142.0386023755167,41.31254069664899,12.938094139099121,0.0,0.0,0.0,180.02637116114298,63.75028985434887,12.938094139099121,0.0,0.0,0.0,196.19892565409342,73.4537705748689,12.938094139099121,0.0,0.0,0.0,0.0,0.0,0.0,0.0,0.0,0.0,0.0,0.0,0.0,0.0,0.0,0.0,0.0,0.0,0.0,0.0,0.0,0.0,0.0,0.0,0.0,0.0,0.0,0.0,0.0,0.0,0.0,0.0,0.0,0.0
"93,159",2504.6541372585357,0.0,0.0,0.0,0.0,0.0,0.0,0.0,0.0,0.0,0.0,333.2806179523468,6.471708536148071,0.0,0.0,0.0,0.0,342.98886156082153,6.471708536148071,0.0,0.0,0.0,0.0,336.51808857917786,3.235842704772949,0.0,0.0,0.0,0.0,372.1109821796417,3.235842704772949,0.0,0.0,0.0,0.0,430.3605604171753,3.235842704772949,0.0,0.0,0.0,0.0,0.0,0.0,0.0,0.0,0.0,0.0,0.0,0.0,0.0,0.0,0.0,0.0,0.0,0.0,0.0,0.0,0.0,0.0,0.0,0.0,0.0,0.0,0.0,0.0,0.0,0.0,0.0,0.0,0.0,0.0
"94,159",2505.579458982023,0.0,0.0,0.0,0.0,0.0,0.0,0.0,0.0,0.0,0.0,537.2781829394546,9.710769414901733,0.0,0.0,0.0,0.0,579.3547832526413,9.710769414901733,0.0,0.0,0.0,0.0,572.8823570008371,9.710769414901733,0.0,0.0,0.0,0.0,593.9016343425302,9.710769414901733,0.0,0.0,0.0,0.0,608.4618367073583,9.710769414901733,0.0,0.0,0.0,0.0,0.0,0.0,0.0,0.0,0.0,0.0,0.0,0.0,0.0,0.0,0.0,0.0,0.0,0.0,0.0,0.0,0.0,0.0,0.0,0.0,0.0,0.0,0.0,0.0,0.0,0.0,0.0,0.0,0.0,0.0
"95,159",2506.3510523320197,0.0,0.0,0.0,0.0,0.0,0.0,0.0,0.0,0.0,0.0,410.9270087438471,0.0,0.0,0.0,0.0,0.0,472.44881546076607,3.238147735595703,0.0,0.0,0.0,0.0,478.92366110857796,6.475710153579712,0.0,0.0,0.0,0.0,482.1599749284632,3.238147735595703,0.0,0.0,0.0,0.0,493.9038054643893,3.238147735595703,0.0,0.0,0.0,0.0,0.0,0.0,0.0,0.0,0.0,0.0,0.0,0.0,0.0,0.0,0.0,0.0,0.0,0.0,0.0,0.0,0.0,0.0,0.0,0.0,0.0,0.0,0.0,0.0,0.0,0.0,0.0,0.0,0.0,0.0
"96,159",2506.96864923277,0.0,0.0,0.0,0.0,0.0,0.0,0.0,0.0,0.0,0.0,3374.2404159564594,32.3898651599884,0.0,0.0,0.0,0.0,3981.3500913489092,32.3898651599884,0.0,0.0,0.0,0.0,4221.0299018728965,32.3898651599884,0.0,0.0,0.0,0.0,4408.8943873751405,29.150838375091553,0.0,0.0,0.0,0.0,4743.951490040387,32.389880657196045,0.0,0.0,0.0,0.0,0.0,0.0,0.0,0.0,0.0,0.0,0.0,0.0,0.0,0.0,0.0,0.0,0.0,0.0,0.0,0.0,0.0,0.0,0.0,0.0,0.0,0.0,0.0,0.0,0.0,0.0,0.0,0.0,0.0,0.0
"97,159",2507.4320349832,0.0,0.0,0.0,0.0,0.0,0.0,0.0,0.0,0.0,0.0,16088.1275321147,114.82798620111802,6.479125022888184,0.0,0.0,0.0,21865.82189863429,137.5041682327495,6.479125022888184,0.0,0.0,0.0,25484.710471474893,156.9416670406566,6.479125022888184,0.0,0.0,0.0,26699.55388177984,163.42015238649705,6.479125022888184,0.0,0.0,0.0,29040.094371047675,166.6597051227794,6.479125022888184,0.0,0.0,0.0,0.0,0.0,0.0,0.0,0.0,0.0,0.0,0.0,0.0,0.0,0.0,0.0,0.0,0.0,0.0,0.0,0.0,0.0,0.0,0.0,0.0,0.0,0.0,0.0,0.0,0.0,0.0,0.0,0.0,0.0
"98,159",2507.741048416339,0.0,0.0,0.0,0.0,0.0,0.0,0.0,0.0,0.0,0.0,50466.07958163467,51050.34135624194,11441.099151818893,1789.1474692120273,777.5369354668785,181.428719997406,52028.90254058557,52501.74155357305,11982.145480127896,1902.1220970649345,826.1332842293908,197.62702250480652,54417.6942517131,53598.368084938396,12388.30187326132,2002.1351794485952,890.9297803532844,204.107430934906,56961.20103789966,55349.78964675082,12895.30731090097,2144.6840154414085,984.8842512261634,217.06618475914001,59774.9705585751,57108.1701273591,13361.416886594248,2262.9294709018636,1056.1594158303506,223.54606294631958,0.0,0.0,0.0,0.0,0.0,0.0,0.0,0.0,0.0,0.0,0.0,0.0,0.0,0.0,0.0,0.0,0.0,0.0,0.0,0.0,0.0,0.0,0.0,0.0,0.0,0.0,0.0,0.0,0.0,0.0
"99,159",2507.8955820208603,0.0,9.719953060150146,0.0,0.0,3.239975929260254,0.0,3.2399959564208984,0.0,0.0,0.0,35875.973622296835,59906.750671897214,18339.047472156264,4595.049602153254,2523.700204708997,317.51566314697266,37390.79557072696,62913.62325680583,19482.032635129668,4881.374855111627,2653.299200632993,349.9150457382202,38209.414681542155,64658.568670149405,20133.507263924093,4966.821180399726,2753.738363125745,359.63489413261414,39144.555971687914,66397.99643529631,20776.226815024544,5183.899127777884,2825.0179830579195,362.87487959861755,40769.13954492176,68793.09570878159,21816.259343901802,5491.697567757437,2961.0970760373507,372.5948393344879,0.0,0.0,0.0,0.0,0.0,0.0,0.0,3.2399959564208984,0.0,0.0,0.0,0.0,0.0,0.0,0.0,0.0,0.0,0.0,0.0,0.0,0.0,0.0,0.0,0.0,0.0,0.0,0.0,0.0,0.0,0.0
"100,159",2507.8955820208485,0.0,0.0,0.0,0.0,0.0,0.0,0.0,0.0,0.0,0.0,26730.04363764688,57881.30840542643,23643.18313442866,4650.393242089889,1431.331494106031,289.956006826139,28871.78912262449,62268.898474712936,25581.202230325398,5129.905088155411,1564.1694133412605,291.582354740068,29330.265187701054,63534.673835535614,26228.307398894256,5227.104501216553,1572.097959694208,288.3424407996383,30671.2850388798,65975.5306684045,27476.802071310492,5450.662394492768,1614.217448648752,301.30218477623134,31756.420818459756,68999.99852445265,28698.570971264555,5676.0101528616515,1753.5348793833864,317.50169988052517,0.0,0.0,0.0,0.0,0.0,0.0,0.0,0.0,0.0,0.0,0.0,0.0,0.0,0.0,0.0,0.0,0.0,0.0,0.0,0.0,0.0,0.0,0.0,0.0,0.0,0.0,0.0,0.0,0.0,0.0
"101,159",2497.0319581075564,25.917681455612183,0.0,3.239781141281128,6.479477882385254,0.0,25.917681455612183,0.0,3.239781141281128,6.479477882385254,0.0,71530.18270507232,44857.552252529196,15888.374748649785,3971.4852139977847,2898.0214173747045,1647.8142062822978,73018.97598059503,46634.06226258185,16709.33374976738,4202.707646881366,3064.4594300073736,1638.0950605074565,73571.66097799188,47211.40457675037,16913.66970595098,4264.810190904842,3093.795396579481,1631.6153444449108,74442.28720140737,48358.71120469992,17330.03143682199,4452.719849813685,3214.876554960363,1680.213159720103,74846.98770364966,49067.1193933141,17681.59904236513,4594.536230214437,3253.755290741079,1710.9982810731028,25.917681455612183,0.0,0.0,0.0,0.0,0.0,0.0,0.0,0.0,0.0,0.0,0.0,0.0,3.239781141281128,0.0,0.0,0.0,0.0,6.479477882385254,0.0,0.0,0.0,0.0,0.0,0.0,0.0,0.0,0.0,0.0,0.0
"102,159",2461.38564138266,0.0,0.0,3.239553451538086,6.478701114654541,3.2395474910736084,0.0,0.0,3.239553451538086,6.478701114654541,3.2395474910736084,78326.30690390924,15015.602394983816,3190.608383501278,892.2350959777832,263.60726808566676,46.56078295614205,82305.6729963555,16955.94402027317,3662.7801440968237,1002.7238490974202,300.66260805597494,43.32120995428048,84744.10807963915,18125.299503605038,4038.5274378075324,1042.6752132172678,297.4230109738369,43.321202324885945,85980.12010884378,19172.602597658308,4368.572494588179,1078.3071962590311,313.62080183496664,43.321202324885945,86774.85393853374,19753.886054792594,4614.757446131987,1093.4246998225942,333.05825629701803,40.0816643705555,0.0,0.0,0.0,0.0,0.0,0.0,0.0,0.0,0.0,0.0,0.0,0.0,3.239553451538086,0.0,0.0,0.0,0.0,0.0,3.239553451538086,3.239147663116455,0.0,0.0,0.0,0.0,3.2395474910736084,0.0,0.0,0.0,0.0,0.0
"103,159",2506.96864923286,80.96418476104736,0.0,3.2385659217834473,0.0,0.0,42.10082173347473,0.0,0.0,0.0,0.0,31435.070812155216,51101.920969353465,40170.37484242495,17225.534578708575,8114.560718453164,989.0251456223282,32718.723279139573,54088.39668355736,42808.59882899546,18403.31407547278,8683.143726587296,1078.0813258217831,33393.301318114405,55685.61467708139,44287.958109334875,18982.611916305505,9041.016250310226,1113.7056947278043,33697.93366335981,56606.799401453434,45215.8304496868,19356.326129856294,9202.943929133697,1126.6599321888943,34218.541425939635,57826.009829970906,46150.73985772039,19769.24815347335,9330.863267662946,1146.091069989111,25.90804958343506,9.715599775314331,6.477172374725342,0.0,0.0,0.0,0.0,0.0,0.0,0.0,0.0,0.0,0.0,0.0,0.0,0.0,0.0,0.0,0.0,0.0,0.0,0.0,0.0,0.0,0.0,0.0,0.0,0.0,0.0,0.0
"104,159",2506.3510523319937,3.238356828689575,16.191790103912354,55.042555809020996,25.902464389801025,6.475764513015747,3.238356828689575,16.191790103912354,42.09152579307556,16.189218282699585,6.475764513015747,57281.89435909775,66392.31779099259,31336.78945068191,11303.965891152739,6888.110715061077,1885.3279447807988,58620.72868748832,68288.41422177109,32280.898928104663,11741.46813029869,7250.783234506496,1959.806736732932,59345.708116716494,69178.83356652167,32728.98616735795,11948.70808786972,7360.883479505428,1959.808076406928,60145.85465250857,69875.52558879665,33427.661916990844,12195.157787667067,7481.902108140087,1993.3952774692987,61008.76756692868,70733.01231632233,33875.56547957869,12392.696372377171,7647.049617953396,2026.9831561499952,0.0,3.238356828689575,0.0,0.0,0.0,0.0,3.2383627891540527,12.9534273147583,0.0,0.0,0.0,0.0,3.2380807399749756,9.71383023262024,9.713231801986694,9.713157653808594,9.713225364685059,0.0,6.4758265018463135,9.713391780853271,0.0,0.0,0.0,0.0,3.2377829551696777,0.0,0.0,3.2379815578460693,0.0,0.0
"105,159",2505.5794589819993,0.0,9.711800336837769,9.712373495101929,16.18680214881897,0.0,0.0,6.474532127380371,9.712373495101929,9.712157011032104,0.0,54576.71230548222,90302.47282348893,28091.842489307066,4609.527292604073,1326.377725578757,37.22303161621094,56189.91971981011,92063.42587570864,28472.01965211513,4698.132720682669,1327.5834823505552,37.22303161621094,56821.78538375929,92847.33671967003,28730.031061853148,4740.21561429267,1330.8241821186216,37.22303161621094,57488.19097369979,93789.16380874596,29033.525638013725,4801.3018130741875,1339.3312904610355,37.22303161621094,58584.55538411421,95274.692885656,29437.19182387427,4875.567052146502,1360.366910313625,40.46042618751526,0.0,0.0,0.0,0.0,0.0,0.0,3.2372002601623535,0.0,0.0,3.2373318672180176,0.0,0.0,0.0,6.4749205112457275,0.0,3.237452983856201,0.0,0.0,0.0,0.0,6.474843978881836,3.2373130321502686,0.0,0.0,0.0,0.0,0.0,0.0,0.0,0.0
"106,159",2504.654137258522,12.943362951278687,19.414546489715576,0.0,19.412508487701416,6.472079515457153,3.235964775085449,12.942685604095459,0.0,19.412508487701416,6.472079515457153,59369.94693424935,81479.59849997128,27059.028991965686,7863.271006545832,6279.557500345567,3387.521831386229,60004.16525581116,82435.49361741683,27322.352299582722,7970.054689607432,6350.743185503343,3397.2279857326953,60425.55879861139,83160.64486658995,27597.40730608678,8034.771913966944,6424.763468727411,3406.2122584707595,60873.730193754265,83690.96569307553,27789.777276613197,8130.644041574701,6534.783586010279,3429.585983096852,61231.48605207742,84157.01505881757,27994.166748925752,8232.744512734693,6557.439679369272,3429.587459384694,0.0,0.0,3.235964775085449,0.0,0.0,0.0,9.70656704902649,0.0,0.0,3.2361185550689697,0.0,0.0,0.0,0.0,0.0,0.0,0.0,0.0,0.0,12.941092014312744,3.2352755069732666,3.2361409664154053,0.0,0.0,0.0,0.0,6.472079515457153,0.0,0.0,0.0
"107,159",2503.5754084109367,0.0,0.0,51.740511417388916,12.93747067451477,6.468875408172607,0.0,0.0,51.740511417388916,12.93747067451477,6.468875408172607,65843.27150393375,98435.7394529408,32948.52920146831,7063.16494403914,4055.2773476759594,4708.1760515970345,65930.59887576946,98462.110609293,32978.85101010566,7095.511946545396,4071.4519880930584,4711.410454730427,66099.6632094215,98525.10291176499,33028.99010111491,7103.184550970677,4071.451604954402,4679.78444500811,66094.80800190721,98529.06135848645,33012.81385924022,7114.092321604375,4061.7451041857403,4685.531495604795,66128.77395119575,98630.96740517805,33012.82195355098,7114.092822044972,4045.573724381129,4669.358899388593,0.0,0.0,0.0,0.0,0.0,0.0,0.0,0.0,0.0,0.0,0.0,0.0,38.804338693618774,12.936172723770142,0.0,0.0,0.0,0.0,3.2337002754211426,9.703770399093628,0.0,0.0,0.0,0.0,0.0,3.2338249683380127,3.2350504398345947,0.0,0.0,0.0
"108,159",2502.343646622494,17.36639353808235,70.6986377211178,42.01931953430176,25.859606504440308,16.161985397338867,17.36639353808235,70.6986377211178,42.01931953430176,25.859606504440308,16.161985397338867,119660.61369038843,81245.59857900001,8709.09645647722,1149.1177499125986,231.11843533609428,6.464661359786987,119833.12286585545,81291.45105903008,8722.02965945917,1142.6533491443186,231.11805100534477,6.464661359786987,119826.25872800022,81301.54230209239,8734.957962224062,1168.513549787858,231.1170377263836,6.464661359786987,119786.67011826085,81356.52234025468,8718.79611987787,1158.8144094775705,234.34960813615837,6.464661359786987,119976.25991112579,81442.9927606349,8712.33233661371,1155.5826096366434,231.11714334581413,6.464661359786987,3.2325334548950195,14.133860083187328,0.0,0.0,0.0,0.0,22.2107660742367,48.4878716468811,0.0,0.0,0.0,0.0,22.626312255859375,16.160863399505615,3.2321438789367676,0.0,0.0,0.0,3.232767343521118,16.16200828552246,6.4648308753967285,0.0,0.0,0.0,9.696913003921509,6.465072393417358,0.0,0.0,0.0,0.0
"109,159",2500.959278730674,152.86002203155968,212.29022001098184,375.2872435850256,592.8457278429294,578.3217561244965,152.86002203155968,212.29022001098184,375.2872435850256,592.8457278429294,571.8591208457947,65370.527431717106,95677.01938195228,30629.339429554282,8443.710267745748,5219.521825347227,485.7622046938129,65481.08240020228,95684.56760793105,30591.77560851901,8479.25006314446,5192.052608058967,472.8413303365894,65422.41876146185,95663.48915234639,30669.317527750423,8476.017123901143,5250.204991166731,469.61101155187566,65375.2355634147,95527.6182763006,30708.082276800564,8498.627340518728,5358.009027106154,479.3009059896656,65267.36210088449,95396.78245173248,30712.770926006167,8459.862081968084,5306.557547357971,479.3006535043903,60.2830075376174,92.57701449394227,0.0,0.0,0.0,0.0,111.81197216090034,84.32719346775728,9.690367460250854,6.460686922073364,0.0,0.0,136.04869240873,223.0858328707078,12.922505855560303,3.230212450027466,0.0,0.0,214.84829108107323,339.2335822582245,35.53369879722595,3.2301557064056396,0.0,0.0,164.79022789001465,352.1494245529175,41.99840521812439,9.690857410430908,3.230205774307251,0.0
"110,159",2453.612697519791,445.7649358730689,830.4946449195637,757.988479048598,583.724975791632,810.6205718517303,445.7649358730689,830.4946449195637,757.988479048598,580.4951789051879,797.7030613422394,36055.8432106925,53562.094908008396,32263.433942504023,15368.506904070986,15193.377991814707,5825.370264196396,35819.45918726921,53361.28709680707,32361.88262144444,15384.114284206837,15134.184299448425,5889.937405967713,35399.88944030089,53331.27225698865,32573.557163306774,15458.99990659321,15210.668915114682,5894.278310728073,35054.77224128012,53283.74806507055,32851.24885869493,15668.875973516351,15352.17638426949,5900.735012483597,35135.06763621779,53656.427108586075,33266.62668259939,15933.630865150339,15720.410805457248,6126.745169830322,187.9427609396916,243.29685479799903,14.52532013537837,0.0,0.0,0.0,504.6648653497883,290.3062707826203,25.836060523986816,6.458690881729126,3.228757381439209,0.0,407.76507489354003,285.6330184796277,61.36098384857178,3.2294018268585205,0.0,0.0,285.40387265822466,249.88234309121674,38.75081968307495,3.2294089794158936,3.2287344932556152,0.0,465.06231689453125,242.21427822113037,71.05073833465576,16.147000789642334,0.0,3.228727102279663
"111,159",2445.537585662554,0.0,0.0,0.0,3.2278668880462646,0.0,0.0,0.0,0.0,3.2278668880462646,0.0,12251.791963909189,38767.48105059324,49812.105448163726,29043.90302258753,20324.55211108619,6574.852061575533,12332.092712881988,38912.33902626598,50102.53282808136,29258.108728701456,20547.036255680345,6601.8652065220995,12413.10691532902,39372.157265260175,50786.37687607746,29667.262292393516,20876.777836688358,6703.997220081442,12679.257494917105,39937.93362909953,51671.583920456374,30316.55517445452,21454.583959886142,6869.014514703377,12918.393335185334,40599.38280537736,52553.823796146986,30947.584019728263,21869.193434566612,6957.757131914064,0.0,0.0,0.0,0.0,0.0,0.0,0.0,0.0,0.0,0.0,0.0,0.0,0.0,0.0,0.0,0.0,0.0,0.0,0.0,0.0,0.0,3.2278668880462646,0.0,0.0,0.0,0.0,0.0,0.0,0.0,0.0
"112,159",2495.895589658525,0.0,0.0,0.0,3.2254889011383057,0.0,0.0,0.0,0.0,3.2254889011383057,0.0,16375.338373866736,46292.0181722108,48641.517542049,24312.937323574926,15443.475759154677,2729.8526366598467,16461.13425649942,46727.09618390121,49285.1985598695,24746.766299016796,15594.994894073523,2755.6544619448046,16647.8206165295,47201.63874242633,49893.867700381365,25223.643842083795,15935.132435332096,2800.806302870021,16836.40968761631,47739.680525743264,50465.651353733214,25636.02593777974,16167.292420635975,2829.8295391447405,16965.05650902449,48165.29051681687,50852.240831307805,25841.340968314344,16325.287170265237,2842.7293859369615,0.0,0.0,0.0,0.0,0.0,0.0,0.0,0.0,0.0,0.0,0.0,0.0,0.0,0.0,0.0,0.0,0.0,0.0,3.2254889011383057,0.0,0.0,0.0,0.0,0.0,0.0,0.0,0.0,0.0,0.0,0.0
"113,159",2430.272562749281,0.0,0.0,3.2224202156066895,0.0,0.0,0.0,0.0,3.2224202156066895,0.0,0.0,13603.004227940242,42629.24502001837,44439.509683757664,24503.748603233635,17277.787323085002,2579.1009451651107,13680.329487220915,43008.92606035961,44802.00548702969,24728.871062714446,17440.65513609531,2617.764092614604,13762.075100772523,43401.7525391803,45224.271431863075,25041.886308216588,17701.97429404165,2617.7637044691573,13814.160972424117,43629.66559103143,45581.44136679407,25398.03552125015,17944.415848261702,2643.5431772970687,13904.362265892592,43911.2922765498,46112.9276237198,25768.57138536491,18372.84165869694,2674.1474358483856,0.0,0.0,0.0,0.0,0.0,0.0,0.0,0.0,0.0,0.0,0.0,0.0,0.0,0.0,3.2224202156066895,0.0,0.0,0.0,0.0,0.0,0.0,0.0,0.0,0.0,0.0,0.0,0.0,0.0,0.0,0.0
"114,159",2463.1115802692584,0.0,0.0,0.0,0.0,0.0,0.0,0.0,0.0,0.0,0.0,30704.567208955803,58716.6075586347,36226.69904780762,14454.940522602494,12284.182287750991,4568.116119790545,31172.8799793365,59162.025662348315,36181.41679559035,14433.590726947785,12196.691191513397,4683.811846297395,31347.497301786087,59339.01662770813,36262.62502851393,14310.228399737678,12164.519159633972,4696.691844266069,31884.50117055762,59826.70818820747,36472.48471980656,14382.104272947126,12222.456009943344,4754.629782717836,32375.405782227423,60555.16188518019,36934.40503125191,14625.544631422268,12570.09866436229,4889.83426789583,0.0,0.0,0.0,0.0,0.0,0.0,0.0,0.0,0.0,0.0,0.0,0.0,0.0,0.0,0.0,0.0,0.0,0.0,0.0,0.0,0.0,0.0,0.0,0.0,0.0,0.0,0.0,0.0,0.0,0.0
"115,159",2489.46959362844,0.0,0.0,0.0,0.0,0.0,0.0,0.0,0.0,0.0,0.0,39836.311755872244,41979.95429813815,25800.643755535977,12471.770349713866,13107.830687060075,4937.537532666151,39903.75845550743,42021.753917845555,25766.624310833795,12390.661063888025,13060.60794438755,4988.289707203473,39974.430454968475,42329.51796170589,25847.698058691207,12387.592756595797,13082.401221179964,4948.96919486102,40377.97403092105,42856.20630003424,26148.564529510568,12556.282684984393,13243.221780204773,5048.690817566479,40694.74301412808,43507.44881591236,26874.96641239091,13086.175350089166,13739.673131326601,5219.160748215283,0.0,0.0,0.0,0.0,0.0,0.0,0.0,0.0,0.0,0.0,0.0,0.0,0.0,0.0,0.0,0.0,0.0,0.0,0.0,0.0,0.0,0.0,0.0,0.0,0.0,0.0,0.0,0.0,0.0,0.0
"116,159",2487.0333448145616,0.0,0.0,0.0,51.39751696586609,16.06362223625183,0.0,0.0,0.0,51.39751696586609,16.06362223625183,19015.719474135196,30721.13381368974,26393.903424169504,12552.234558603808,7795.968574421079,1816.0273929315454,19664.541880442113,31898.67769616726,27010.629527657642,12680.21169979619,7834.012701840495,1786.3886065679435,20111.05653059623,32843.63661565407,27581.994454710155,12726.80502520262,7823.898063127667,1806.3967064100152,20610.190998975904,33471.266108010794,28159.869253875695,12924.147404469697,7833.168596614576,1793.5479665475732,20759.141842886045,33862.13075750482,28718.327882137484,13118.551729345323,7928.850874689515,1772.2683616497936,0.0,0.0,0.0,0.0,0.0,0.0,0.0,0.0,0.0,0.0,0.0,0.0,0.0,0.0,0.0,0.0,0.0,0.0,16.061806201934814,22.486488103866577,6.424611330032349,0.0,6.424611330032349,0.0,9.638161659240723,6.425460577011108,0.0,0.0,0.0,0.0
"117,159",2484.4497574392017,0.0,0.0,0.0,0.0,0.0,0.0,0.0,0.0,0.0,0.0,12567.149714462426,22329.88865473972,22825.888041809496,12903.672522274652,8593.769225060707,1167.9938342393614,14012.844602768091,23510.12237255901,23456.655140948766,13066.973636063405,8630.988134832007,1177.6265587629057,14910.497764251744,24338.908074777268,23930.49923282418,13221.06980315096,8708.03601953469,1194.3998753818812,15309.021971435173,24883.759285652875,24150.365781437184,13242.349915959787,8695.5849323067,1210.4601192268672,15938.310869858311,25480.040647587124,24613.08962712288,13406.016459040547,8768.684180348526,1284.2601923736872,0.0,0.0,0.0,0.0,0.0,0.0,0.0,0.0,0.0,0.0,0.0,0.0,0.0,0.0,0.0,0.0,0.0,0.0,0.0,0.0,0.0,0.0,0.0,0.0,0.0,0.0,0.0,0.0,0.0,0.0
"118,159",2481.7197132274223,0.0,0.0,0.0,0.0,0.0,0.0,0.0,0.0,0.0,0.0,12162.094820687353,20102.739644302103,13131.948037682329,5360.892248230354,3970.1691080383225,776.7691295689226,12247.107688984217,20078.93143941281,13225.99479973924,5402.389676022062,3979.0594258261663,779.9799173420549,12445.856484103671,20090.564752770402,13331.752588874218,5400.750658796348,3999.8895619046452,784.2417646249135,12314.370323163388,19847.762621888927,13289.326977672765,5351.206175552629,3993.4684054982426,768.2086559136708,12183.113876003377,19922.49498163111,13270.877356663874,5299.956189329484,3940.1357568647345,787.4557016690571,0.0,0.0,0.0,0.0,0.0,0.0,0.0,0.0,0.0,0.0,0.0,0.0,0.0,0.0,0.0,0.0,0.0,0.0,0.0,0.0,0.0,0.0,0.0,0.0,0.0,0.0,0.0,0.0,0.0,0.0
"119,159",2478.844141664932,0.0,0.0,0.0,0.0,0.0,0.0,0.0,0.0,0.0,0.0,11996.290929953257,20579.281043306055,15731.296420054343,7098.55102095604,5393.176164522358,1876.7074434420642,11923.7976413465,20480.41824992872,15429.442133906308,7016.439596291149,5305.6346355008145,1857.9045523232105,11940.816916636859,20698.5180112605,15467.840897086087,7016.555484046188,5352.048723568636,1852.9127743580761,12027.312672943226,20485.068293261997,15482.938371072094,7037.197774887085,5339.239015450197,1878.5283646920147,12252.67589056445,20562.4468312357,15560.48854655191,7101.321832180023,5368.097219814974,1916.5361350994485,0.0,0.0,0.0,0.0,0.0,0.0,0.0,0.0,0.0,0.0,0.0,0.0,0.0,0.0,0.0,0.0,0.0,0.0,0.0,0.0,0.0,0.0,0.0,0.0,0.0,0.0,0.0,0.0,0.0,0.0
"120,159",2475.824019313671,0.0,0.0,3.200153350830078,0.0,0.0,0.0,0.0,3.200153350830078,0.0,0.0,41641.834895656626,40394.33403475238,16405.68502666156,7052.98989889014,6889.371301567789,2937.511518922507,41919.70015624458,40541.327517050384,16557.707040120105,7149.621675494138,6984.34550595377,2986.6615040723013,42551.22101189669,41008.35583351826,16871.04731278513,7268.155910546173,7167.779690799526,3050.967097715303,42927.8254827649,41269.10788368617,17019.910570717795,7319.67970794603,7270.100147065929,3047.774231389925,42796.54056135533,41362.054728681906,17078.542039489745,7399.153434274711,7335.575034860535,3047.760519222185,0.0,0.0,0.0,0.0,0.0,0.0,0.0,0.0,0.0,0.0,0.0,0.0,0.0,3.200153350830078,0.0,0.0,0.0,0.0,0.0,0.0,0.0,0.0,0.0,0.0,0.0,0.0,0.0,0.0,0.0,0.0
"121,159",2472.6603690823486,0.0,0.0,0.0,0.0,0.0,0.0,0.0,0.0,0.0,0.0,4341.424206966512,7858.59515838249,5755.021165919771,2356.353154113246,2009.8499209104798,942.0947626048443,4375.871424841413,7957.654689355924,5793.715961416095,2386.6635214871053,2010.2108463455647,986.8293140345928,4457.563535802505,8038.076973476595,5858.81563797371,2421.7949540203695,2042.147631328246,976.9065297921497,4479.575248439639,8122.8047402961565,5962.65511208796,2466.161099743376,2093.253925960204,991.6881980391108,4517.77918028364,8215.820152753007,6029.743126850502,2484.9810842916077,2128.048891313403,991.6790806742274,0.0,0.0,0.0,0.0,0.0,0.0,0.0,0.0,0.0,0.0,0.0,0.0,0.0,0.0,0.0,0.0,0.0,0.0,0.0,0.0,0.0,0.0,0.0,0.0,0.0,0.0,0.0,0.0,0.0,0.0
"122,159",2469.3542594775063,0.0,0.0,0.0,0.0,0.0,0.0,0.0,0.0,0.0,0.0,920.437385040171,1669.0746584209742,1974.1560056564856,1907.4250691872016,3067.070720143412,1384.5684962880377,930.0312642630408,1643.5290890011133,1932.6849687454749,1865.9581681232826,3059.262340573704,1364.5015901537502,987.4520635184119,1680.7280236356398,2000.7436254379797,1913.805710886039,3216.9979332727553,1465.1007756149065,1003.392847734339,1741.3351758592269,2121.943262851005,2066.9045954685585,3363.849970216377,1527.9545130720326,1036.905895949345,1824.2588297002455,2179.330189502006,2135.464004872827,3517.059279083738,1634.248536267935,0.0,0.0,0.0,0.0,0.0,0.0,0.0,0.0,0.0,0.0,0.0,0.0,0.0,0.0,0.0,0.0,0.0,0.0,0.0,0.0,0.0,0.0,0.0,0.0,0.0,0.0,0.0,0.0,0.0,0.0
"123,159",2465.906803814348,15.933309316635132,0.0,0.0,0.0,0.0,15.933309316635132,0.0,0.0,0.0,0.0,2251.568857687595,4486.994654688181,6122.426124777514,7565.9003042473505,19710.606667299828,19264.22952346802,2265.5079613797807,4555.885565650229,6295.839995825525,7788.8144330277155,20124.95901633431,19403.36640805076,2289.406975515216,4638.010145373438,6436.950068998337,7910.0647755248865,20360.60521596086,19645.20687617227,2262.4903560816074,4685.780073828791,6513.373987960816,8007.029702031377,20593.978332458755,19774.33157334047,2309.077675081702,4771.788972802256,6668.267126074959,8094.4419650788395,21015.28124046232,20231.15010045463,0.0,0.0,0.0,3.1863203048706055,0.0,12.746989011764526,0.0,0.0,0.0,0.0,0.0,0.0,0.0,0.0,0.0,0.0,0.0,0.0,0.0,0.0,0.0,0.0,0.0,0.0,0.0,0.0,0.0,0.0,0.0,0.0
"124,159",2462.319159396488,0.0,0.0,0.0,0.0,0.0,0.0,0.0,0.0,0.0,0.0,6452.171089925019,9853.549429427876,12074.96482722058,13759.164889172947,37274.497755151635,38329.813268185586,6464.906328477113,9898.10209899229,12137.168520924624,13845.079418206684,37707.98937885902,38625.70890307519,6453.807590186363,9909.428550237768,12133.999361035403,13826.169927079069,37751.925005886595,38374.97433389495,6439.319681985706,9823.556049579733,12054.106899875753,13798.944672745349,37647.71485193664,38109.93759915594,6496.5797287062105,9895.548403654846,12219.542590199266,14002.429361926808,38539.097198379735,39023.35592462034,0.0,0.0,0.0,0.0,0.0,0.0,0.0,0.0,0.0,0.0,0.0,0.0,0.0,0.0,0.0,0.0,0.0,0.0,0.0,0.0,0.0,0.0,0.0,0.0,0.0,0.0,0.0,0.0,0.0,0.0
"125,159",2458.5925266603635,0.0,0.0,0.0,0.0,0.0,0.0,0.0,0.0,0.0,0.0,8115.262178885701,9682.988474755193,11922.948816286349,13542.087069433808,39740.635261546864,62713.72134648211,8150.203827845815,9727.433539776708,12010.271270020803,13627.840672653794,40006.1643649737,62993.187012637834,8064.411270367864,9743.287060408498,12007.056378587087,13624.680533331513,40092.3324639311,63107.409056437245,8035.812890040639,9752.819739966299,11918.141184314092,13618.323357266068,39996.6226183564,62583.42978717112,8131.126763093236,9790.94530859461,11899.100453360876,13628.58826706643,39990.772537491364,62548.19580987575,0.0,0.0,0.0,0.0,0.0,0.0,0.0,0.0,0.0,0.0,0.0,0.0,0.0,0.0,0.0,0.0,0.0,0.0,0.0,0.0,0.0,0.0,0.0,0.0,0.0,0.0,0.0,0.0,0.0,0.0
"126,159",2454.7281483138986,6.341522932052612,0.0,0.0,0.0,0.0,6.341522932052612,0.0,0.0,0.0,0.0,5606.92638146363,9632.394070217657,11672.576522694382,12839.430874340207,37538.753358985865,66451.75143971163,5600.610756511313,9622.933414766836,11642.442961129955,12854.926723563438,37475.08934173116,65770.71413201444,5622.822296018226,9674.417833018771,11648.814627561382,12884.681982736027,37498.55215594535,65900.68739604014,5625.983141059501,9721.982897687427,11691.080089188556,12878.352526883518,37630.34956275717,66025.51829769844,5603.778139705283,9736.263766702952,11729.137643910388,12910.07104514066,37867.07625178918,66368.12670853091,0.0,0.0,3.1707799434661865,0.0,3.170742988586426,0.0,0.0,0.0,0.0,0.0,0.0,0.0,0.0,0.0,0.0,0.0,0.0,0.0,0.0,0.0,0.0,0.0,0.0,0.0,0.0,0.0,0.0,0.0,0.0,0.0
"127,159",2380.697582600916,0.0,0.0,0.0,0.0,0.0,0.0,0.0,0.0,0.0,0.0,8476.493866830715,15125.400435678632,18869.445799193665,19795.672909332727,55877.79713188153,86125.24030873447,8460.6571399268,15112.728650324018,18824.379217607835,19748.153631283258,55719.35476559097,85791.8740312118,8460.657196193584,15093.027326001371,18827.541628582338,19741.82629282615,55722.51538055832,85786.53005700016,8466.988671928295,15140.517760409559,18873.99450973623,19816.454886630938,55824.83327539482,86010.40573972533,8457.483348995098,15165.840021027769,18921.478705922294,19800.613317207262,55958.48133676848,85963.36177095151,0.0,0.0,0.0,0.0,0.0,0.0,0.0,0.0,0.0,0.0,0.0,0.0,0.0,0.0,0.0,0.0,0.0,0.0,0.0,0.0,0.0,0.0,0.0,0.0,0.0,0.0,0.0,0.0,0.0,0.0
"128,159",1772.400344256487,132.67413330078125,150.54840416440777,34.746459007263184,31.58923316001892,50.6531682323007,132.67413330078125,150.54840416440777,34.746459007263184,31.58923316001892,50.6531682323007,25300.80669121181,26459.38298146491,24873.824778714836,23080.452887881034,46413.31058006848,19254.505420516518,25199.733315033067,26443.606368229437,24843.90912167138,23083.617356646293,46427.517817012005,19260.827611039665,25116.572505647993,26401.496727790083,24862.876096645057,23083.62928711199,46449.65785097235,19301.934403728035,25111.2123834797,26397.985486063302,24847.074179568946,23086.793348896736,46441.77682601424,19301.94292528489,25218.672254056557,26514.95051315719,24973.535998264015,23187.947641241783,46631.461947550495,19461.792661537842,82.12365198135376,25.270151376724243,12.639440298080444,6.31921648979187,3.161032199859619,3.1606409549713135,80.00325237442465,48.43149622281392,6.31844687461853,3.1579957008361816,12.637212991714478,0.0,18.95115089416504,6.317397356033325,6.318646669387817,3.159264087677002,0.0,0.0,9.47729778289795,12.634657382965088,3.1587300300598145,0.0,6.318547964096069,0.0,25.26846742630005,15.906770498612348,3.1594417095184326,3.1590466499328613,3.1594419479370117,0.0
"129,159",186.22567134953093,87.51829125179964,57.87705718208761,34.729459047317505,25.260180711746216,66.3038170337677,87.51829125179964,57.87705718208761,34.729459047317505,25.260180711746216,66.3038170337677,4830.819977368559,3985.315808186811,2683.2420188492424,2046.38235113948,2740.637172296935,1018.4982928481757,4780.301177348341,3954.1481257859396,2674.6618815796046,2043.2247538360898,2740.636932924682,1009.0272580829321,4749.7767595506175,3929.9508471002755,2677.81851996347,2036.910539368087,2740.637032583648,1015.3410546031653,4730.834885523365,3920.0840711490773,2684.133055819717,2043.2256345543205,2750.109365776473,1015.3410546031653,4715.0489145970805,3913.768397082534,2693.604008807388,2049.5404300484,2775.3679688724815,1016.0459943640466,50.51852083206177,25.261415719985962,5.4234593082876765,3.1576571464538574,0.0,3.157238245010376,24.208704392115273,27.354138321970023,0.0,6.314214468002319,0.0,0.0,28.415623426437378,6.313835620880127,0.0,0.0,0.0,0.0,12.6299307346344,9.472453355789185,0.0,0.0,0.0,3.157796621322632,31.572379112243652,28.416382312774658,6.31505560874939,0.0,0.0,0.0
"92,160",1976.4834306521404,0.0,0.0,0.0,0.0,0.0,0.0,0.0,0.0,0.0,0.0,867.969878689448,466.4354814763162,76.06952714452557,24.94585588866589,20.83766062867408,12.936825513839722,1155.5805554202957,552.6372457616469,94.8520299210268,31.413723978341793,24.07178886544471,12.936825513839722,1242.899401169197,581.7434378736159,94.8520299210268,31.413723978341793,24.07178886544471,12.936825513839722,1313.2618348589128,617.7485736959121,94.85204661032733,31.413723978341793,24.07178886544471,12.936825513839722,1428.8218214343574,685.6620332353256,104.55406034133014,34.64766362601635,30.539668160793827,12.936825513839722,0.0,0.0,0.0,0.0,0.0,0.0,0.0,0.0,0.0,0.0,0.0,0.0,0.0,0.0,0.0,0.0,0.0,0.0,0.0,0.0,0.0,0.0,0.0,0.0,0.0,0.0,0.0,0.0,0.0,0.0
"93,160",2430.7124291951955,0.0,0.0,0.0,0.0,0.0,0.0,0.0,0.0,0.0,0.0,340.1458123403437,3.2363195419311523,0.0,0.0,0.0,0.0,401.9851764594807,6.472254037857056,0.0,0.0,0.0,0.0,414.9293998634114,6.472254037857056,0.0,0.0,0.0,0.0,469.9430741225972,6.472254037857056,0.0,0.0,0.0,0.0,567.0230695163502,3.2359344959259033,0.0,0.0,0.0,0.0,0.0,0.0,0.0,0.0,0.0,0.0,0.0,0.0,0.0,0.0,0.0,0.0,0.0,0.0,0.0,0.0,0.0,0.0,0.0,0.0,0.0,0.0,0.0,0.0,0.0,0.0,0.0,0.0,0.0,0.0
"94,160",2505.735204355629,0.0,0.0,0.0,0.0,0.0,0.0,0.0,0.0,0.0,0.0,886.213084123649,32.37144184112549,0.0,0.0,0.0,0.0,1128.6464715742597,32.370769023895264,0.0,0.0,0.0,0.0,1183.6797499637978,29.13456678390503,0.0,0.0,0.0,0.0,1395.6920113619635,22.65996479988098,0.0,0.0,0.0,0.0,1733.964596043381,25.897318840026855,0.0,0.0,0.0,0.0,0.0,0.0,0.0,0.0,0.0,0.0,0.0,0.0,0.0,0.0,0.0,0.0,0.0,0.0,0.0,0.0,0.0,0.0,0.0,0.0,0.0,0.0,0.0,0.0,0.0,0.0,0.0,0.0,0.0,0.0
"95,160",2506.50698662074,0.0,0.0,0.0,0.0,0.0,0.0,0.0,0.0,0.0,0.0,704.6004098938961,9.712995767593384,0.0,0.0,0.0,0.0,850.3027195023556,12.950749397277832,0.0,0.0,0.0,0.0,944.2018097924251,12.950749397277832,0.0,0.0,0.0,0.0,986.297804741766,9.713116645812988,0.0,0.0,0.0,0.0,1410.4857627438564,9.713116645812988,0.0,0.0,0.0,0.0,0.0,0.0,0.0,0.0,0.0,0.0,0.0,0.0,0.0,0.0,0.0,0.0,0.0,0.0,0.0,0.0,0.0,0.0,0.0,0.0,0.0,0.0,0.0,0.0,0.0,0.0,0.0,0.0,0.0,0.0
"96,160",2507.124735832457,0.0,0.0,0.0,0.0,0.0,0.0,0.0,0.0,0.0,0.0,933.2583536475313,3.2389674186706543,0.0,0.0,0.0,0.0,951.7016707597994,3.2389674186706543,0.0,0.0,0.0,0.0,1075.775813040079,0.0,0.0,0.0,0.0,0.0,1428.8322958319795,0.0,0.0,0.0,0.0,0.0,1569.5480879961276,0.0,0.0,0.0,0.0,0.0,0.0,0.0,0.0,0.0,0.0,0.0,0.0,0.0,0.0,0.0,0.0,0.0,0.0,0.0,0.0,0.0,0.0,0.0,0.0,0.0,0.0,0.0,0.0,0.0,0.0,0.0,0.0,0.0,0.0,0.0
"97,160",2505.644394989039,0.0,0.0,0.0,0.0,0.0,0.0,0.0,0.0,0.0,0.0,12287.272662189896,80.82161897864997,6.479163646697998,3.2395927906036377,0.0,0.0,15194.676249536815,96.20571473159042,6.479163646697998,3.2395927906036377,0.0,3.239575147628784,19222.935470097676,144.45522088817523,6.479163646697998,3.2395927906036377,0.0,3.239575147628784,21042.77131280151,154.1737761001961,6.479163646697998,0.0,0.0,3.239575147628784,24519.10195726787,178.47603287790338,6.479163646697998,0.0,0.0,3.239575147628784,0.0,0.0,0.0,0.0,0.0,0.0,0.0,0.0,0.0,0.0,0.0,0.0,0.0,0.0,0.0,0.0,0.0,0.0,0.0,0.0,0.0,0.0,0.0,0.0,0.0,0.0,0.0,0.0,0.0,0.0
"98,160",2507.8973268830787,0.0,0.0,0.0,0.0,0.0,0.0,0.0,0.0,0.0,0.0,71470.81718261007,55084.639844836456,10315.350576426,1660.3763618282242,790.4966477338006,136.07134914398193,73103.05561376925,57088.44476476465,10853.152015952503,1755.942604006973,845.5726090851953,152.27017784118652,75886.56339268028,59329.87857402074,11578.839435687718,1945.4641493900149,936.2866221558814,174.94858932495117,76764.45198808465,60475.85693557778,12157.115096229667,2029.6991051776736,991.362863410688,184.66778898239136,77676.22187161632,61735.29132293441,12557.21524844263,2089.62823974198,1033.4798411023385,178.18811511993408,0.0,0.0,0.0,0.0,0.0,0.0,0.0,0.0,0.0,0.0,0.0,0.0,0.0,0.0,0.0,0.0,0.0,0.0,0.0,0.0,0.0,0.0,0.0,0.0,0.0,0.0,0.0,0.0,0.0,0.0
"99,160",2508.051899058518,0.0,0.0,0.0,0.0,0.0,0.0,0.0,0.0,0.0,0.0,43613.34990914664,57586.87648064108,10508.25484997525,1054.700587319393,534.5905628204346,278.635422706604,45790.14028906354,60836.933258160425,11033.21922883333,1083.8603632917593,540.3464574813843,281.87532019615173,47622.23364267442,62985.01533873502,11408.32855018915,1122.7396495809744,592.185290813446,294.8351056575775,48967.25455514403,65036.9662082588,11694.257952092676,1151.8991468420218,611.624990940094,298.0752239227295,51151.96786091842,67357.95495809201,12111.49003755906,1168.0990195741842,644.8377033654381,298.0752971172333,0.0,0.0,0.0,0.0,0.0,0.0,0.0,0.0,0.0,0.0,0.0,0.0,0.0,0.0,0.0,0.0,0.0,0.0,0.0,0.0,0.0,0.0,0.0,0.0,0.0,0.0,0.0,0.0,0.0,0.0
"100,160",2465.642452943372,0.0,0.0,0.0,0.0,0.0,0.0,0.0,0.0,0.0,0.0,25291.28802103997,36666.031092973775,13246.159022754782,3226.932734639972,1580.7956013614055,669.027035297132,26949.978614434083,39567.11642848744,14081.218376024097,3327.371722133487,1636.5986442500468,703.0527460135665,27617.66740726864,41064.87254718519,14565.5703531125,3386.503861581578,1613.9190981322643,728.9721443213668,28876.152224840836,43241.66566905601,15198.174962833815,3526.634402850095,1676.2911139039431,777.571145252153,29934.7987923884,45254.07003840746,15826.522413628709,3739.021868641236,1773.8324234120985,806.0698571083592,0.0,0.0,0.0,0.0,0.0,0.0,0.0,0.0,0.0,0.0,0.0,0.0,0.0,0.0,0.0,0.0,0.0,0.0,0.0,0.0,0.0,0.0,0.0,0.0,0.0,0.0,0.0,0.0,0.0,0.0
"101,160",2470.2497446999096,3.239642858505249,3.239633321762085,3.23968505859375,9.719116449356079,25.91756248474121,3.239642858505249,3.239633321762085,3.23968505859375,6.479468107223511,25.91756248474121,72858.23791245667,37576.07082586382,13935.956151681787,4387.077603342019,3193.204068028693,1457.9483268812592,73937.43438576435,39497.76265665877,14904.49091569115,4641.393337436752,3212.644414508109,1398.6917194600198,74697.12733662176,40856.16623377333,15405.211575180876,4730.478661103343,3185.099728412254,1434.3296183819864,75750.67310362517,42768.682156120565,16153.30415483269,4939.450855124231,3244.1541982622707,1469.967833923826,76250.81436498868,44006.35851695585,16731.413469126644,4980.83214355263,3221.1095925265668,1397.8936561490975,3.239642858505249,0.0,0.0,0.0,0.0,0.0,0.0,3.239633321762085,0.0,0.0,0.0,0.0,0.0,3.23968505859375,0.0,0.0,0.0,0.0,0.0,6.479468107223511,0.0,0.0,0.0,0.0,6.479427814483643,16.198450803756714,3.2396838665008545,0.0,0.0,0.0
"102,160",2507.588236505636,0.0,0.0,3.2395849227905273,0.0,0.0,0.0,0.0,3.2395849227905273,0.0,0.0,27568.152447382607,38654.34889332453,24720.061418936297,7845.035032512627,3336.0568072169435,498.1190077856475,28350.746375744013,40834.36139285611,26154.697559243556,8460.484820367776,3628.753278764089,527.2720546320372,28849.43337296318,42000.843497022,26890.823705114104,8804.19927720369,3778.111237596998,579.0994143083983,29197.116485577008,43060.80777688213,27538.964416977942,8979.582591891756,3858.7382958253224,595.2957191065245,29515.37547190984,43746.270307702645,27926.783993245106,9037.62240132631,3771.6318476910683,585.5788671568329,0.0,0.0,0.0,0.0,0.0,0.0,0.0,0.0,0.0,0.0,0.0,0.0,0.0,3.2395849227905273,0.0,0.0,0.0,0.0,0.0,0.0,0.0,0.0,0.0,0.0,0.0,0.0,0.0,0.0,0.0,0.0
"103,160",2507.124735832477,0.0,0.0,0.0,6.477114677429199,16.192863941192627,0.0,0.0,0.0,6.477114677429199,16.192863941192627,40367.401917237876,36463.627769899365,33731.02005610839,16307.387193458222,8994.62391594438,2298.31307869612,41069.79554875786,38190.8685356084,35645.92729449366,17267.73395068412,9510.051541286357,2351.7459981591096,41589.26994924079,39243.53996367361,36684.44550198387,17826.09076131185,9728.334113454819,2387.372908607184,41980.9846948577,39911.39437646585,37107.11512061941,17785.97284581895,9657.43796457403,2380.894912973105,42439.355775594726,40657.60338627217,37783.94814137197,17981.921487916683,9652.215509812973,2354.983097091376,0.0,0.0,0.0,0.0,0.0,0.0,0.0,0.0,0.0,0.0,0.0,0.0,0.0,0.0,0.0,0.0,0.0,0.0,3.2385573387145996,0.0,3.2385573387145996,0.0,0.0,0.0,3.238560199737549,12.954303741455078,0.0,0.0,0.0,0.0
"104,160",2506.5069866207205,6.476484298706055,3.2383596897125244,443.58594369888306,213.69550395011902,144.62448128064474,6.476484298706055,3.2383596897125244,359.40449023246765,165.12914443016052,141.38678725560507,52616.773722298014,68125.08432320427,43003.58584236537,15040.451917911043,6625.423250030069,799.772471109091,52992.43903267525,68664.92894532913,43495.9386571454,15127.881042981615,6699.897433827905,809.4867345482695,53246.613643850076,69221.48266798467,43642.53607954978,15101.705761845908,6648.8989556022725,812.7226802498686,53546.57385773192,69915.75200714037,43972.79263106888,15249.302041174384,6681.267589110955,803.0090200096953,53785.271010513876,70374.73810322426,44271.124909706676,15321.626974068435,6769.764041204079,835.3867460877287,0.0,6.476484298706055,0.0,0.0,0.0,0.0,0.0,0.0,0.0,3.2383596897125244,0.0,0.0,32.37972116470337,103.61086964607239,103.61177515983582,64.75772976875305,51.806618213653564,3.237776279449463,25.903076171875,25.902207136154175,71.2321891784668,29.140839338302612,12.950832605361938,0.0,16.189537525177002,60.44064529736836,35.61545205116272,22.665382385253906,6.475769996643066,0.0
"105,160",2505.7352043556866,0.0,6.4729461669921875,3.23701810836792,6.474971055984497,30.201315989213832,0.0,6.4729461669921875,3.23701810836792,6.474971055984497,30.201315989213832,74974.43434143908,74923.8798158683,23999.31153822693,4297.893133394391,1747.8494026885312,221.73029050827026,75826.57601411294,76089.12965923478,24383.17486000716,4339.973738424451,1751.08436515191,224.9675286769867,76794.48631627418,76893.50809753455,24457.09336965318,4328.091869217741,1734.8619753024159,228.20484385490417,77756.12650739819,78292.94598106496,24813.342333961,4396.61388910144,1763.996101965624,231.44276270866393,78442.9875524577,79272.89924254603,25101.426290222244,4442.440481369167,1777.4912906076395,244.3911067008972,0.0,0.0,0.0,0.0,0.0,0.0,0.0,6.4729461669921875,0.0,0.0,0.0,0.0,0.0,0.0,3.23701810836792,0.0,0.0,0.0,0.0,3.237478256225586,0.0,0.0,3.237492799758911,0.0,19.423035621643066,7.540787567811853,3.237492799758911,0.0,0.0,0.0
"106,160",2504.8096580877236,22.646692276000977,52.48794996037203,29.11812138557434,33.075732104918536,64.70250511169434,22.646692276000977,52.48794996037203,25.88193154335022,33.075732104918536,64.70250511169434,59099.11644338907,100659.81859668657,30298.74164201418,5091.2000949307985,1328.0768159585841,334.77705583291896,59439.699798714886,101201.68567938056,30496.139073626196,5107.382214300305,1341.0220903116115,341.24790510850795,59659.76095797128,101710.55599191706,30574.611448235602,5078.260703794629,1352.3540092730054,338.0127192469204,59774.64122114088,102202.51897504006,30679.615722225222,5113.851391069562,1359.6399318564172,338.0127867193783,59883.21432963072,102345.70922142574,30698.232011100354,5100.096334338656,1349.1162568354139,344.48429808336147,12.940737962722778,3.2353148460388184,6.47063946723938,0.0,0.0,0.0,35.58706879615784,10.429529302260455,6.471351861953735,0.0,0.0,0.0,12.940727949142456,12.941203594207764,0.0,0.0,0.0,0.0,16.176058530807495,16.89967357411104,0.0,0.0,0.0,0.0,29.11610198020935,35.586403131484985,0.0,0.0,0.0,0.0
"107,160",2503.7306702283945,74.38993811607361,47.791301138260785,109.97112989425659,329.18532288775725,620.9711310863495,74.38993811607361,44.55738056407255,109.97112989425659,322.7163499663858,620.9711310863495,114998.38639638563,84990.35886743396,9543.906973221723,959.1905545113134,278.35010935745987,3.2350351810455322,114969.27358505865,85019.4622655186,9549.569255999959,955.9547246811437,268.64525510750565,3.2350351810455322,115074.38630841758,85090.61114981501,9548.75768384653,978.5994786140966,275.11518790207657,0.0,115075.98915306164,85009.66108304657,9558.458163592395,985.0687934277105,278.3490410038069,3.2350351810455322,115022.62412681765,84911.8259552114,9600.515179488239,985.0694652912664,275.115401763542,0.0,64.6855115890503,6.4693357944488525,3.235090732574463,0.0,0.0,0.0,29.10742712020874,15.449953443863812,0.0,0.0,0.0,0.0,45.28328251838684,64.68784737586975,0.0,0.0,0.0,0.0,164.95038533210754,157.76596463427825,0.0,0.0,0.0,0.0,358.98751187324524,255.5145924091339,6.469026803970337,0.0,0.0,0.0
"108,160",2502.4986163064714,74.36391830444336,33.93437514772602,29.0955650806427,67.88772773742676,16.164199352264404,74.36391830444336,33.93437514772602,29.0955650806427,67.88772773742676,16.164199352264404,145257.00245953264,54307.73048575905,5741.570324941709,848.0604627048267,155.65106602930555,6.463973760604858,145586.8295104906,54452.664109848054,5781.08082004622,831.8954915916217,158.16055111698077,6.463973760604858,145914.9461797976,54542.2733496451,5794.0131456477975,835.1282682334675,160.6697961171468,6.463973760604858,146032.9561779677,54601.448929963386,5809.453581853941,831.8960113441242,154.2052751859029,6.463973760604858,146009.44347851325,54646.80106184902,5802.990410848692,831.8961322223438,147.74118650754292,6.463973760604858,61.43252635002136,9.697806358337402,3.2335855960845947,0.0,0.0,0.0,27.46990380754658,6.464471340179443,0.0,0.0,0.0,0.0,25.861979484558105,3.2335855960845947,0.0,0.0,0.0,0.0,58.19107484817505,9.696652889251709,0.0,0.0,0.0,0.0,16.164199352264404,0.0,0.0,0.0,0.0,0.0
"109,160",2501.113924683411,12.926498413085938,17.766688397351434,14.529609267851885,75.919603508594,67.86133575439453,12.926498413085938,17.766688397351434,14.529609267851885,75.919603508594,67.86133575439453,57102.69274150997,77402.11471501332,30730.37043169246,10562.751874404794,8976.635388826857,3254.906759939007,57195.48105729234,77662.72183958878,30891.983177449652,10648.191143762364,9019.179558713764,3254.915097436718,57324.71792002846,77980.22639872888,31164.33764088948,10765.642255451165,9147.677466694515,3300.1466488454857,57458.80661709542,78280.50817427917,31402.684512739554,10919.104873463688,9292.082439230004,3364.7627172086754,57512.21412281616,78408.21790831603,31569.861143801256,11040.421212928437,9448.945045039232,3419.682207784466,3.2315473556518555,6.463324785232544,3.231626272201538,0.0,0.0,0.0,11.304791024151971,3.2302052974700928,3.23169207572937,0.0,0.0,0.0,3.2301552295684814,8.06914288296419,3.230311155319214,0.0,0.0,0.0,43.60651842940088,32.313085079193115,0.0,0.0,0.0,0.0,19.390140295028687,42.008914947509766,6.462280511856079,0.0,0.0,0.0
"110,160",2499.5770762296875,33.90107520701839,48.436243534088135,96.87150692939758,68.6247692304499,80.73983979225159,33.90107520701839,45.206629037857056,93.64209079742432,68.6247692304499,80.73983979225159,33278.972499780095,70488.87885961907,47217.9889498262,21949.387864989858,9693.324229799535,901.0497258064795,33427.48662536565,70659.16103858013,47489.65317070999,22159.130626989812,9853.318802187492,913.9679923412848,33508.19528556618,70831.10373394348,47703.360548500925,22407.591230688846,10013.775441740074,917.1961586830664,33584.598719542635,71066.55739344242,48004.21831781818,22732.89277266054,10168.95182388156,930.1153631565619,33665.31342930139,71200.61102893214,48367.71205279313,23070.957450519825,10288.241007908651,930.1177966949988,9.68671178817749,12.917438268661499,8.067538343691359,3.229386806488037,0.0,0.0,9.68555235862732,22.603840112686157,12.917236566543579,0.0,0.0,0.0,25.83105182647705,32.290228843688965,25.832858562469482,6.4585280418396,3.2294235229492188,0.0,12.914970397949219,35.524128437042236,13.726761122310862,6.458909273147583,0.0,0.0,6.458858489990234,64.59474039077759,9.686240911483765,0.0,0.0,0.0
"111,160",2497.8886039612894,0.0,0.0,0.0,0.0,0.0,0.0,0.0,0.0,0.0,0.0,16791.542680701088,45024.70830218091,32158.16388882095,12331.132221244363,8040.335380409278,2490.958063547284,16939.404243490742,45523.46699429867,32769.801936302,12505.60942241818,8114.530862365983,2478.049620096356,17145.447040406394,45962.53692137025,33193.77758665366,12745.320768374087,8212.593618754778,2487.728791658551,17347.74005442974,46288.932919539664,33351.450076839974,12821.188152466566,8302.972041968736,2508.7109176186955,17436.02258629705,46531.18525561725,33542.668893623355,12959.974127684385,8436.923972268198,2523.2329437611147,0.0,0.0,0.0,0.0,0.0,0.0,0.0,0.0,0.0,0.0,0.0,0.0,0.0,0.0,0.0,0.0,0.0,0.0,0.0,0.0,0.0,0.0,0.0,0.0,0.0,0.0,0.0,0.0,0.0,0.0
"112,160",2496.049092636503,0.0,0.0,0.0,0.0,0.0,0.0,0.0,0.0,0.0,0.0,15221.43648423307,40769.0575889709,36853.38941927798,15976.545933122263,7578.817490036347,794.7168063229205,15594.418569815392,41592.05297180158,37670.49656223502,16261.523621180479,7735.18439414922,826.9549860066058,15961.68542981148,42701.85233177204,38498.30262583471,16754.954681387135,8013.655741536384,855.9664539402606,16260.154384084777,43509.37945992245,39092.50278546015,16948.40840481777,8055.59239824987,872.0945741242053,16475.047703742046,43945.303276650106,39481.62089511086,17126.56588307923,8191.0258225674725,868.8708488052966,0.0,0.0,0.0,0.0,0.0,0.0,0.0,0.0,0.0,0.0,0.0,0.0,0.0,0.0,0.0,0.0,0.0,0.0,0.0,0.0,0.0,0.0,0.0,0.0,0.0,0.0,0.0,0.0,0.0,0.0
"113,160",2493.9253847028617,0.0,6.443702936172485,6.443981170654297,0.0,3.222134590148926,0.0,6.443702936172485,6.443981170654297,0.0,3.222134590148926,31503.5547154333,41473.02813270979,31427.156849901352,14350.52597603798,8977.730984537275,1192.6398482285294,32947.83943544929,42735.65458412731,32229.73207281618,14731.070902759888,9072.780284060684,1199.0822174511704,33549.15151130264,43323.94537962745,32750.482608036906,14982.75433299401,9188.769389046874,1234.521096464232,34702.59169058425,43800.21767490517,33050.23097827856,15076.450194255043,9266.905967722687,1228.0769667588029,35585.6767639319,44303.452989873695,33389.29919112151,15188.12255133741,9321.681612025055,1242.5725631816715,0.0,0.0,0.0,0.0,0.0,0.0,0.0,0.0,6.443702936172485,0.0,0.0,0.0,0.0,0.0,3.221846580505371,0.0,3.222134590148926,0.0,0.0,0.0,0.0,0.0,0.0,0.0,3.222134590148926,0.0,0.0,0.0,0.0,0.0
"114,160",2482.5772716862675,0.0,0.0,0.0,0.0,0.0,0.0,0.0,0.0,0.0,0.0,52767.761756927815,42278.48289779027,17997.206939370957,7774.4099920123235,5359.44763080092,1806.4806522808822,55459.061007502496,43983.10123768695,18583.110598674473,7970.29212421436,5476.753714297799,1843.5015268372554,57185.5603238676,45251.02079904593,19030.68448318126,8225.375479436389,5639.982497024535,1875.6856534527797,59486.40147350067,46634.07206686992,19525.642373441246,8496.125200820437,5794.467574405669,1930.396198754217,60785.58338602103,47738.96054485452,20118.51706896576,8828.709660722696,5883.58991893974,1896.7792608223708,0.0,0.0,0.0,0.0,0.0,0.0,0.0,0.0,0.0,0.0,0.0,0.0,0.0,0.0,0.0,0.0,0.0,0.0,0.0,0.0,0.0,0.0,0.0,0.0,0.0,0.0,0.0,0.0,0.0,0.0
"115,160",2489.6217392259173,0.0,0.0,0.0,0.0,0.0,0.0,0.0,0.0,0.0,0.0,59245.85951855603,30168.018925198383,9414.343314089494,3241.9123060787424,2659.406838798523,1199.2583700974783,60255.54188625672,30715.255891181907,9482.591704378876,3285.518708192601,2725.5145568501716,1205.6930744012197,61679.01522651841,31614.042330843793,9796.044591704536,3414.9763072920778,2855.966944985297,1231.427599366506,63952.46242488226,32816.14817933288,10110.994417570151,3603.338698719062,2956.4935066223147,1257.161026175817,65812.7473082664,33572.192265388076,10386.198015555214,3772.2344512743107,3101.4305855872585,1290.7632451683867,0.0,0.0,0.0,0.0,0.0,0.0,0.0,0.0,0.0,0.0,0.0,0.0,0.0,0.0,0.0,0.0,0.0,0.0,0.0,0.0,0.0,0.0,0.0,0.0,0.0,0.0,0.0,0.0,0.0,0.0
"116,160",2487.185001929278,12.846058368682861,0.0,3.2126882076263428,6.424538612365723,0.0,12.846058368682861,0.0,0.0,6.424538612365723,0.0,56417.970856476764,34944.797754862724,13085.79060362554,4786.693548945819,3289.5973091190936,433.7251713949091,57121.25579831648,35526.286130831286,13339.537641513114,4892.687053946887,3382.749215847838,443.3567906099207,58373.55910454639,36557.941672147484,13572.48116367284,4968.168594895158,3424.5239560669543,469.0594330507166,59700.12398040436,37103.57275835299,13760.421427531337,4989.04251036457,3424.523256546843,462.6335631090052,61330.265455574154,37560.06099567974,13905.004308266734,5016.343428334068,3366.697165257323,449.77742535647224,12.846058368682861,0.0,0.0,0.0,0.0,0.0,0.0,0.0,0.0,0.0,0.0,0.0,0.0,0.0,0.0,0.0,0.0,0.0,0.0,3.212263345718384,0.0,3.212275266647339,0.0,0.0,0.0,0.0,0.0,0.0,0.0,0.0
"117,160",2484.60091234213,19.263250589370728,28.89600110054016,0.0,3.210531711578369,19.263458013534546,19.263250589370728,28.89600110054016,0.0,3.210531711578369,19.263458013534546,19169.886817566552,32924.02075138279,17181.63321308248,6392.153021287918,2852.2002709528974,112.35017347335815,20882.551715104717,35258.330588842844,18345.44132220792,6737.235996573578,2961.336471142488,118.77006840705872,21734.128014841266,36379.0273612948,18843.824957043515,6900.95651301683,2999.8751128336958,118.76943373680115,22009.370402414657,36629.27286700829,18988.26782560348,6934.8510934960605,2991.8500517676853,115.56034731864929,22296.710252503788,36830.77831198562,19073.440276223537,7042.3865765422,3049.642583973267,121.98059177398682,6.421075344085693,9.631607055664062,3.2105681896209717,0.0,0.0,0.0,12.842928647994995,12.842382431030273,3.2106900215148926,0.0,0.0,0.0,0.0,0.0,0.0,0.0,0.0,0.0,0.0,3.210531711578369,0.0,0.0,0.0,0.0,12.842358350753784,0.0,6.421099662780762,0.0,0.0,0.0
"118,160",2481.870355016522,0.0,0.0,0.0,0.0,0.0,0.0,0.0,0.0,0.0,0.0,12186.793319777884,14543.428348917121,6704.120024685765,1742.301596145069,1239.0827892097773,282.355994833217,12095.386774926093,15532.649616499508,7225.6611772555925,1795.2040679567,1245.5018704208674,285.55743850539716,12521.883974126742,16382.929171349024,7590.276151853448,1841.6838005879347,1229.653950469634,285.558619631038,12665.069747227313,16618.230063385123,7676.822851615792,1849.5282073161181,1248.8807931114645,282.3541370756486,12982.432630897036,17282.924552665972,8137.760419939077,1846.3177258594362,1293.9166018420574,298.3806926138261,0.0,0.0,0.0,0.0,0.0,0.0,0.0,0.0,0.0,0.0,0.0,0.0,0.0,0.0,0.0,0.0,0.0,0.0,0.0,0.0,0.0,0.0,0.0,0.0,0.0,0.0,0.0,0.0,0.0,0.0
"119,160",2478.9942623687825,0.0,0.0,0.0,0.0,0.0,0.0,0.0,0.0,0.0,0.0,56396.092703824885,23339.71634987943,5811.373913548039,1864.6872995049343,2502.2703497138677,1492.4291697100095,56898.39581218981,24020.549339452446,5961.937539598988,1914.3335686309665,2527.085861331341,1519.6332409793256,57452.58283179695,24922.74192843998,6096.439381144093,1956.7575910633686,2534.1165193632537,1530.042614213158,57349.519618207334,25361.199276710024,6256.5628764844405,1959.163040076985,2550.130686672061,1523.6431281482471,58222.48942181737,26143.896128301054,6480.568678137835,2058.44626084496,2663.635036155289,1579.674048195633,0.0,0.0,0.0,0.0,0.0,0.0,0.0,0.0,0.0,0.0,0.0,0.0,0.0,0.0,0.0,0.0,0.0,0.0,0.0,0.0,0.0,0.0,0.0,0.0,0.0,0.0,0.0,0.0,0.0,0.0
"120,160",2475.9736139838146,0.0,0.0,0.0,0.0,0.0,0.0,0.0,0.0,0.0,0.0,7342.147736108069,11362.829179716113,7681.0340669977895,3037.6047927949944,3269.549563452777,2568.22272421332,7447.663718166538,11633.550392214458,7768.158223203585,3063.203834256939,3297.5568011293226,2561.837954296785,7833.246279201321,11997.300767036513,7856.554635879106,3133.590003452114,3345.556787777882,2635.3968675276815,8018.96729372062,12120.108265212939,7954.515111031253,3179.1855572625705,3412.7323446759992,2670.5948314806997,8110.220367009032,12256.717077322566,8081.622510106891,3211.1798609658786,3422.3496723661237,2650.60244123328,0.0,0.0,0.0,0.0,0.0,0.0,0.0,0.0,0.0,0.0,0.0,0.0,0.0,0.0,0.0,0.0,0.0,0.0,0.0,0.0,0.0,0.0,0.0,0.0,0.0,0.0,0.0,0.0,0.0,0.0
"121,160",2472.8094358728604,0.0,0.0,0.0,0.0,0.0,0.0,0.0,0.0,0.0,0.0,16001.926773979152,26642.309491078056,14011.979823737049,4457.766819900625,2215.097258787529,442.4270680951137,16077.580275572984,26584.751017475126,14027.937875311047,4413.0254346791435,2167.174935083763,432.84783373346517,16270.547862069749,26875.223843422118,14112.084456428827,4435.364572233312,2167.1743416599197,439.233530144598,16298.563048619852,26942.194745172237,14215.505946009765,4441.744524425619,2179.5944152224297,445.625393967535,16052.011374685813,26744.593230860835,14174.317078464172,4387.041925907135,2125.2747133124108,467.6305955989688,0.0,0.0,0.0,0.0,0.0,0.0,0.0,0.0,0.0,0.0,0.0,0.0,0.0,0.0,0.0,0.0,0.0,0.0,0.0,0.0,0.0,0.0,0.0,0.0,0.0,0.0,0.0,0.0,0.0,0.0
"122,160",2469.5027997219686,0.0,0.0,0.0,0.0,0.0,0.0,0.0,0.0,0.0,0.0,3037.5736570031036,3227.274957927068,3044.1743661768296,1970.754802354177,2108.010499682146,693.896863973842,3136.413545814215,3341.0719764129785,3166.244250319986,2009.0430566151938,2062.5560476864084,665.1861744291642,3206.608813491522,3506.1848546411475,3280.0113156066222,2072.8519097646076,2108.80732847756,693.0946526985542,3328.613096097871,3681.745137796215,3449.8946796379837,2142.242716593836,2179.3436548326526,753.6962225895302,3531.1781071653554,3893.317934457929,3690.579806764453,2297.283677830416,2290.9649672124897,810.6407520238091,0.0,0.0,0.0,0.0,0.0,0.0,0.0,0.0,0.0,0.0,0.0,0.0,0.0,0.0,0.0,0.0,0.0,0.0,0.0,0.0,0.0,0.0,0.0,0.0,0.0,0.0,0.0,0.0,0.0,0.0
"123,160",2466.054822083728,0.0,0.0,0.0,0.0,0.0,0.0,0.0,0.0,0.0,0.0,2117.9992028208344,1544.6104229927064,1868.987313264959,2069.4444158591477,5265.421776542476,2019.131605612998,2277.2658770981957,1631.685753407198,1932.7193965855768,2079.019012502595,5188.00036685981,1961.8115625259925,2304.3401291276896,1704.9624539038714,1996.0981214252172,2036.2252042284197,5024.004280938354,1867.0776767945758,1956.9072304744348,1502.0434353211344,1813.0353064097608,1952.0103637639213,4798.693593291675,1768.3359198785297,1915.4229229468926,1524.3024661400739,1846.4003653675902,1964.7606634560752,4851.30932336695,1796.9866906811208,0.0,0.0,0.0,0.0,0.0,0.0,0.0,0.0,0.0,0.0,0.0,0.0,0.0,0.0,0.0,0.0,0.0,0.0,0.0,0.0,0.0,0.0,0.0,0.0,0.0,0.0,0.0,0.0,0.0,0.0
"124,160",2462.4666635525505,0.0,0.0,0.0,0.0,0.0,0.0,0.0,0.0,0.0,0.0,1963.765765951194,3911.8823156656003,5527.626927591772,6643.7744129751245,16085.164120187948,8760.24530990077,1903.3148992519752,4006.5136692430456,5569.792266427769,6783.758535200007,16510.062353142574,9008.266469056935,1927.1810814820085,4086.0230140592535,5633.306278944016,6824.955766113133,16709.68021443872,9035.308950208215,1876.2629808865343,4054.163767805286,5573.478288698197,6780.231008179983,16615.78204953343,9142.736888978994,1974.8547646485124,4232.244887819477,5715.616848851187,6888.335893250447,16974.943903439656,9479.846181279538,0.0,0.0,0.0,0.0,0.0,0.0,0.0,0.0,0.0,0.0,0.0,0.0,0.0,0.0,0.0,0.0,0.0,0.0,0.0,0.0,0.0,0.0,0.0,0.0,0.0,0.0,0.0,0.0,0.0,0.0
"125,160",2458.7395277393234,0.0,0.0,0.0,0.0,0.0,0.0,0.0,0.0,0.0,0.0,2817.3431533448834,6059.60844798836,7818.819546025406,8339.324187016955,24912.72592239567,25314.968518299218,2849.1133109204907,6116.767507036059,7893.44205621738,8482.247226214877,25374.067694865025,25892.34322752579,2839.584476100697,6135.03255705366,7859.224166911255,8437.772850013247,25177.931406953292,25542.255243474363,2856.254978156557,6154.071019930933,7932.267731230866,8472.685291505328,25265.970415473457,25761.24274734142,2900.717182851305,6201.6994150115,7989.47194604219,8514.77544855791,25515.391702213477,26235.24799658177,0.0,0.0,0.0,0.0,0.0,0.0,0.0,0.0,0.0,0.0,0.0,0.0,0.0,0.0,0.0,0.0,0.0,0.0,0.0,0.0,0.0,0.0,0.0,0.0,0.0,0.0,0.0,0.0,0.0,0.0
"126,160",2454.8746610207604,0.0,0.0,0.0,0.0,0.0,0.0,0.0,0.0,0.0,0.0,4393.995147053401,7742.384413362953,10126.756617160872,10692.894144823036,31707.498941250404,65958.37562217526,4384.488508049647,7732.892089010688,10066.524250360564,10673.089409671109,31517.271208163802,65457.56156543377,4348.818986923554,7672.64524996421,10000.646758984585,10574.800439677518,31225.50582222751,64532.314966966595,4330.485566506666,7672.658805490943,10049.701277593538,10584.311996064465,31361.913208865186,64965.97696305817,4343.165801415724,7677.389013181014,10047.340102258384,10603.310200338736,31330.95145775758,65063.33961271959,0.0,0.0,0.0,0.0,0.0,0.0,0.0,0.0,0.0,0.0,0.0,0.0,0.0,0.0,0.0,0.0,0.0,0.0,0.0,0.0,0.0,0.0,0.0,0.0,0.0,0.0,0.0,0.0,0.0,0.0
"127,160",2450.8733508365153,0.0,0.0,0.0,0.0,0.0,0.0,0.0,0.0,0.0,0.0,10486.082604549445,16918.38874897957,19245.636208164924,18748.204957101858,47494.67177615072,77597.68677237921,10477.349619124918,16777.32969693577,19039.818847525352,18593.029327247656,46731.11679808111,75473.58327874762,10451.980669711618,16781.420229889365,18985.264544973183,18589.823807809866,46518.142097092605,74852.1003493281,10397.442914839352,16705.44847700736,18848.611892417834,18486.95606325374,46126.58652902771,73963.92329941732,10410.102882023419,16688.812932965335,18852.539556800617,18438.018200804203,45973.12205906475,73420.13936140959,0.0,0.0,0.0,0.0,0.0,0.0,0.0,0.0,0.0,0.0,0.0,0.0,0.0,0.0,0.0,0.0,0.0,0.0,0.0,0.0,0.0,0.0,0.0,0.0,0.0,0.0,0.0,0.0,0.0,0.0
"128,160",1453.7184056606459,3.159698486328125,0.0,0.0,0.0,0.0,3.159698486328125,0.0,0.0,0.0,0.0,14150.864024858849,19914.168988382116,17950.77470562692,16399.627057399004,35030.96088410172,24659.737212678494,14169.83099935569,19890.63463601318,17937.328064491237,16379.844556957132,35058.90456590652,24670.617596342046,14204.612124185936,19999.549865028905,17974.217573374397,16345.85508644721,35058.243958568564,24583.667597860447,14176.158525686638,19917.345642111348,17870.52648290466,16296.864080689,34920.57596280154,24361.82512696771,14188.810297708886,19922.881176353905,17889.734136944193,16313.2961623463,34971.78918425429,24432.833429625454,0.0,0.0,0.0,3.159698486328125,0.0,0.0,0.0,0.0,0.0,0.0,0.0,0.0,0.0,0.0,0.0,0.0,0.0,0.0,0.0,0.0,0.0,0.0,0.0,0.0,0.0,0.0,0.0,0.0,0.0,0.0
"90,161",207.4334051554819,0.0,0.0,0.0,0.0,0.0,0.0,0.0,0.0,0.0,0.0,0.0,0.0,0.0,0.0,0.0,0.0,0.0,0.0,0.0,0.0,0.0,0.0,0.0,0.0,0.0,0.0,0.0,0.0,0.0,0.0,0.0,0.0,0.0,0.0,0.0,0.0,0.0,0.0,0.0,0.0,0.0,0.0,0.0,0.0,0.0,0.0,0.0,0.0,0.0,0.0,0.0,0.0,0.0,0.0,0.0,0.0,0.0,0.0,0.0,0.0,0.0,0.0,0.0,0.0,0.0,0.0,0.0,0.0,0.0,0.0
"91,161",1723.1255780238641,0.0,0.0,0.0,0.0,0.0,0.0,0.0,0.0,0.0,0.0,139.00306916236877,3.232628107070923,0.0,0.0,0.0,0.0,155.16751766204834,3.232628107070923,0.0,0.0,0.0,0.0,184.26219654083252,3.232628107070923,0.0,0.0,0.0,0.0,210.12391448020935,3.232628107070923,0.0,0.0,0.0,0.0,216.58922338485718,3.232628107070923,0.0,0.0,0.0,0.0,0.0,0.0,0.0,0.0,0.0,0.0,0.0,0.0,0.0,0.0,0.0,0.0,0.0,0.0,0.0,0.0,0.0,0.0,0.0,0.0,0.0,0.0,0.0,0.0,0.0,0.0,0.0,0.0,0.0,0.0
"92,161",2498.4768413330426,0.0,0.0,0.0,0.0,0.0,0.0,0.0,0.0,0.0,0.0,3.2337818145751953,0.0,0.0,0.0,0.0,0.0,3.2337818145751953,0.0,0.0,0.0,0.0,0.0,3.2337818145751953,0.0,0.0,0.0,0.0,0.0,3.2337818145751953,0.0,0.0,0.0,0.0,0.0,3.2337818145751953,0.0,0.0,0.0,0.0,0.0,0.0,0.0,0.0,0.0,0.0,0.0,0.0,0.0,0.0,0.0,0.0,0.0,0.0,0.0,0.0,0.0,0.0,0.0,0.0,0.0,0.0,0.0,0.0,0.0,0.0,0.0,0.0,0.0,0.0,0.0
"93,161",2504.9618158324524,0.0,0.0,0.0,0.0,0.0,0.0,0.0,0.0,0.0,0.0,271.82223534584045,16.17998504638672,0.0,0.0,0.0,0.0,317.1276876926422,16.17998504638672,0.0,0.0,0.0,0.0,330.0714647769928,16.17998504638672,0.0,0.0,0.0,0.0,346.2509858608246,19.415905475616455,0.0,0.0,0.0,0.0,339.7794518470764,19.415905475616455,0.0,0.0,0.0,0.0,0.0,0.0,0.0,0.0,0.0,0.0,0.0,0.0,0.0,0.0,0.0,0.0,0.0,0.0,0.0,0.0,0.0,0.0,0.0,0.0,0.0,0.0,0.0,0.0,0.0,0.0,0.0,0.0,0.0,0.0
"94,161",2476.357204996248,0.0,0.0,0.0,0.0,0.0,0.0,0.0,0.0,0.0,0.0,652.2219292042303,29.135138750076294,0.0,0.0,0.0,0.0,943.5690277931737,29.135138750076294,0.0,0.0,0.0,0.0,1045.3997249603271,29.135138750076294,0.0,0.0,0.0,0.0,1051.871094942093,35.60839128494263,0.0,0.0,0.0,0.0,1076.2824200770433,42.08250069618225,0.0,0.0,0.0,0.0,0.0,0.0,0.0,0.0,0.0,0.0,0.0,0.0,0.0,0.0,0.0,0.0,0.0,0.0,0.0,0.0,0.0,0.0,0.0,0.0,0.0,0.0,0.0,0.0,0.0,0.0,0.0,0.0,0.0,0.0
"95,161",2464.9883933244096,0.0,0.0,0.0,0.0,0.0,0.0,0.0,0.0,0.0,0.0,529.4423707326254,16.188032865524292,0.0,0.0,0.0,0.0,739.5126583333109,19.425541162490845,0.0,0.0,0.0,0.0,870.0728922516693,16.188032865524292,0.0,0.0,0.0,0.0,876.5517347485412,16.188032865524292,0.0,0.0,0.0,0.0,915.4079557091583,19.425541162490845,0.0,0.0,0.0,0.0,0.0,0.0,0.0,0.0,0.0,0.0,0.0,0.0,0.0,0.0,0.0,0.0,0.0,0.0,0.0,0.0,0.0,0.0,0.0,0.0,0.0,0.0,0.0,0.0,0.0,0.0,0.0,0.0,0.0,0.0
"96,161",2462.578735826086,0.0,0.0,0.0,0.0,0.0,0.0,0.0,0.0,0.0,0.0,4660.778708657097,32.3875527381897,0.0,0.0,0.0,0.0,5692.758974864436,35.62652921676636,0.0,0.0,0.0,0.0,6168.271696380541,35.62652921676636,0.0,0.0,0.0,0.0,6460.347897355697,35.62679719924927,0.0,0.0,0.0,0.0,7477.72536202225,48.582953214645386,0.0,0.0,0.0,0.0,0.0,0.0,0.0,0.0,0.0,0.0,0.0,0.0,0.0,0.0,0.0,0.0,0.0,0.0,0.0,0.0,0.0,0.0,0.0,0.0,0.0,0.0,0.0,0.0,0.0,0.0,0.0,0.0,0.0,0.0
"97,161",2463.779832767688,0.0,0.0,0.0,0.0,0.0,0.0,0.0,0.0,0.0,0.0,19451.69360907779,4733.553805555081,526.2838025317473,158.73445010185242,113.38285231590271,32.39525270462036,23068.96620324359,4962.576892217935,551.4758258286644,165.21340107917786,123.10139107704163,35.634844064712524,26626.419243182387,5241.897856534695,619.5059285584617,181.41128158569336,152.25750255584717,38.87442970275879,28975.58220606879,5410.349692167019,635.7032087269951,181.41157841682434,165.21546483039856,29.155972480773926,31806.094183156067,5692.1362965312655,672.0626383052153,187.89065313339233,178.17370343208313,29.155972480773926,0.0,0.0,0.0,0.0,0.0,0.0,0.0,0.0,0.0,0.0,0.0,0.0,0.0,0.0,0.0,0.0,0.0,0.0,0.0,0.0,0.0,0.0,0.0,0.0,0.0,0.0,0.0,0.0,0.0,0.0
"98,161",2508.0114106780043,0.0,0.0,0.0,0.0,0.0,0.0,0.0,0.0,0.0,0.0,117281.49252775976,50207.1977856421,9251.090198475707,1124.2039523124695,320.7356376647949,22.67754077911377,118472.82753975251,51948.73055440772,9656.78432005527,1156.60129404068,346.6536889076233,22.67754077911377,119197.81571159736,53453.69123832291,10197.826445995594,1253.795084953308,379.0517141819,25.917672634124756,119797.99103357183,54413.48843134431,10508.848325668598,1331.5499150753021,411.4503560066223,25.917672634124756,120671.2914503191,55716.13765571351,11000.569181162704,1412.4814004804573,447.088347196579,25.917672634124756,0.0,0.0,0.0,0.0,0.0,0.0,0.0,0.0,0.0,0.0,0.0,0.0,0.0,0.0,0.0,0.0,0.0,0.0,0.0,0.0,0.0,0.0,0.0,0.0,0.0,0.0,0.0,0.0,0.0,0.0
"99,161",2499.533619571077,0.0,0.0,0.0,0.0,0.0,0.0,0.0,0.0,0.0,0.0,47218.450991139696,56380.977748134086,15016.663117938884,2486.6025489236795,570.236133813858,16.199907541275024,51313.95862812622,61000.95069574842,15997.865028679604,2591.488549014634,579.955913066864,16.199905395507812,54925.8962943984,65225.04142132927,17140.850571692223,2689.4122295585335,596.1557109355927,16.199905395507812,57443.936648589486,67963.46334592126,17810.022490262985,2757.451231261796,605.87544465065,19.439905405044556,60531.275331254095,71337.56321722761,18562.4125699997,2805.326315661973,637.4618910368752,22.679883241653442,0.0,0.0,0.0,0.0,0.0,0.0,0.0,0.0,0.0,0.0,0.0,0.0,0.0,0.0,0.0,0.0,0.0,0.0,0.0,0.0,0.0,0.0,0.0,0.0,0.0,0.0,0.0,0.0,0.0,0.0
"100,161",2468.4752070268655,0.0,0.0,0.0,0.0,0.0,0.0,0.0,0.0,0.0,0.0,22370.98885550966,35122.58309390311,14067.606061718512,3539.3696331482306,1293.8196736036562,230.03529524803162,25142.618310732,37920.09872992085,14962.36800737755,3790.2942198454166,1425.8819424189774,262.43468499183655,27269.299824188274,40631.5223967225,15827.640361054739,4004.524533255895,1552.2396372832504,285.114134311676,29700.654516596896,44400.73954385683,17096.359463036293,4295.308084051283,1700.4636000100304,311.03371572494507,32490.53031165367,48272.69948973188,18464.172067554326,4652.4274084970075,1859.2212179604699,340.19305443763733,0.0,0.0,0.0,0.0,0.0,0.0,0.0,0.0,0.0,0.0,0.0,0.0,0.0,0.0,0.0,0.0,0.0,0.0,0.0,0.0,0.0,0.0,0.0,0.0,0.0,0.0,0.0,0.0,0.0,0.0
"101,161",2491.9659478455574,0.0,0.0,0.0,0.0,0.0,0.0,0.0,0.0,0.0,0.0,22607.962742652147,44164.87148939767,23047.34626283365,7146.032685975466,2743.6531167423022,314.2617537975311,23390.667548590078,46135.53245804917,24326.150028312906,7528.508669920528,2818.1701107417834,320.7416512966156,23952.985312629215,47560.13188535933,25440.96893895841,7862.20751244601,2921.8453412448657,323.98139667510986,24546.99842241699,48856.95097381274,26107.885182068392,8054.968895676556,2976.1104840970506,317.5016417503357,24965.921381151915,49873.94605896052,26715.907828171115,8105.742313247568,2966.396268341588,332.8877405568665,0.0,0.0,0.0,0.0,0.0,0.0,0.0,0.0,0.0,0.0,0.0,0.0,0.0,0.0,0.0,0.0,0.0,0.0,0.0,0.0,0.0,0.0,0.0,0.0,0.0,0.0,0.0,0.0,0.0,0.0
"102,161",2507.7410604077477,0.0,0.0,0.0,0.0,0.0,0.0,0.0,0.0,0.0,0.0,52831.19628964499,54864.644842490015,22441.555652235063,6357.685264531303,5428.61154275408,3849.6925624987653,53732.28801862867,56857.405129839375,23319.08821826635,6500.575274450639,5443.995556113299,3843.212664999681,54485.78636197202,58211.808497249374,23993.15012417587,6594.872380994348,5467.025906837687,3895.039936222749,55252.41479885999,59840.10929839378,24548.970680657552,6746.664634171654,5473.85943587247,3898.2782348773053,55575.89832598461,60288.77316236122,24682.685024440052,6562.6486373087955,5215.071997280681,3735.9569300399103,0.0,0.0,0.0,0.0,0.0,0.0,0.0,0.0,0.0,0.0,0.0,0.0,0.0,0.0,0.0,0.0,0.0,0.0,0.0,0.0,0.0,0.0,0.0,0.0,0.0,0.0,0.0,0.0,0.0,0.0
"103,161",2507.2774472779884,0.0,0.0,3.238800287246704,3.2385215759277344,0.0,0.0,0.0,3.238800287246704,3.2385215759277344,0.0,51795.83663126253,46195.99312127991,17278.771985664553,6574.913379773907,5552.283627994388,3890.113101457147,52701.510952929886,47558.04565418093,17693.33914880191,6742.982026404026,5597.179534611983,3867.442610953836,53329.46665543388,48707.98587392357,18138.575814308835,7011.091890468786,5755.528117078895,3941.933698867349,54030.48864988346,49862.31673861764,18501.31466108771,7026.933080767651,5768.127715685789,3883.636090253381,54525.74823722373,50845.799214697814,18949.802471868665,7107.194308205212,5783.965818225637,3777.1101865908677,0.0,0.0,0.0,0.0,0.0,0.0,0.0,0.0,0.0,0.0,0.0,0.0,0.0,3.238800287246704,0.0,0.0,0.0,0.0,3.2385215759277344,0.0,0.0,0.0,0.0,0.0,0.0,0.0,0.0,0.0,0.0,0.0
"104,161",2506.659549016291,0.0,0.0,0.0,0.0,0.0,0.0,0.0,0.0,0.0,0.0,51019.32789990109,59896.14459234314,28776.254302441837,11194.362447253394,8195.059591542973,2850.0580301518535,52025.86183887184,61109.12291795881,29482.51979405833,11401.603969565558,8329.621513326494,2879.199381136427,52570.92392322878,62229.45769412191,29805.62733774185,11556.584130577012,8422.713770877614,2843.5838110680675,53436.950067400474,63363.004847157245,30184.489930200576,11720.91958819464,8529.569492589726,2856.535357737074,53852.102087401414,63965.51389184092,30615.389594282824,11934.993064878501,8665.568923484578,2895.391304993162,0.0,0.0,0.0,0.0,0.0,0.0,0.0,0.0,0.0,0.0,0.0,0.0,0.0,0.0,0.0,0.0,0.0,0.0,0.0,0.0,0.0,0.0,0.0,0.0,0.0,0.0,0.0,0.0,0.0,0.0
"105,161",2505.8875818689494,0.0,0.0,0.0,0.0,0.0,0.0,0.0,0.0,0.0,0.0,106627.3146662703,66644.1021983876,14249.795032921025,3464.0514350928515,2134.5682875754787,1757.6932713985443,107288.24842094442,67643.12213425824,14448.046344302684,3528.7882288493365,2158.29099781747,1790.06307721138,107801.647832288,68334.39912280008,14585.609699882247,3528.7841878928393,2180.94756992097,1812.723328113556,108331.6804412309,69207.29750343118,14796.007549232596,3577.340851406023,2187.4223874353897,1777.1166083812714,108847.16486747499,70135.35333886521,15026.901783979642,3638.8459461726397,2176.2810743948994,1803.0147087574005,0.0,0.0,0.0,0.0,0.0,0.0,0.0,0.0,0.0,0.0,0.0,0.0,0.0,0.0,0.0,0.0,0.0,0.0,0.0,0.0,0.0,0.0,0.0,0.0,0.0,0.0,0.0,0.0,0.0,0.0
"106,161",2504.961815832462,0.0,0.0,0.0,0.0,0.0,0.0,0.0,0.0,0.0,0.0,73988.81348420685,75365.52010341252,28654.349277584224,7289.284183141297,2877.1402274804955,295.51379056537854,74510.74821079291,75848.01219328433,28820.09526225071,7360.467963811463,2880.377064629162,292.278173643,75056.83673823209,76397.10877921067,28968.127210170143,7415.477656241959,2928.912780924404,301.9843079623054,75454.8294917378,76855.77998433581,29155.791861087197,7454.308467265671,2979.8716016881604,308.4550447043251,75787.364544487,77274.16970807992,29352.361140428802,7506.894417751537,2998.3077363126417,311.6900858458351,0.0,0.0,0.0,0.0,0.0,0.0,0.0,0.0,0.0,0.0,0.0,0.0,0.0,0.0,0.0,0.0,0.0,0.0,0.0,0.0,0.0,0.0,0.0,0.0,0.0,0.0,0.0,0.0,0.0,0.0
"107,161",2503.8825744462665,3.2336137294769287,35.57256007194519,16.169448375701904,3.2345526218414307,3.2336366176605225,3.2336137294769287,35.57256007194519,16.169448375701904,3.2345526218414307,3.2336366176605225,136740.47906654957,44917.87332978249,6028.011878530652,1282.0404110796312,1023.2626713163713,312.69268946086663,137532.86018198612,45027.85180773735,6034.568867061652,1304.6830395109514,1049.140295351253,322.39685134326714,138101.3750854193,45076.36991109848,6069.33816354228,1314.3871105558733,1075.0175834543566,328.8668599549462,138483.0232597052,45180.69704774408,6104.915417837629,1343.4987479097704,1104.1277616865495,335.3351822320153,139062.6514784682,45344.84186730946,6172.844971584806,1362.9072178251604,1136.473757351146,338.56934599315423,0.0,0.0,3.2336137294769287,0.0,0.0,0.0,35.57256007194519,0.0,0.0,0.0,0.0,0.0,16.169448375701904,0.0,0.0,0.0,0.0,0.0,3.2345526218414307,0.0,0.0,0.0,0.0,0.0,0.0,3.2336366176605225,0.0,0.0,0.0,0.0
"108,161",2502.650234544998,239.26147890090942,242.5008430480957,67.89889669418335,29.100220680236816,135.8033709526062,239.26147890090942,242.5008430480957,67.89889669418335,29.100220680236816,135.8033709526062,105288.6933937802,63302.770185241505,21151.502131255467,5286.709925390692,2409.4677699285394,228.76506723516127,105425.23785698367,63487.89697275722,21313.117958100636,5390.142545439215,2419.1642487722283,228.7652906333699,105549.70388878466,63645.556763169334,21368.0597360452,5428.931030727835,2454.7190685945397,228.7652906333699,105905.31524924576,63795.05621003543,21461.79229048093,5493.5763873829555,2477.3444138246423,231.9974271213307,106055.64876596878,63933.23976683335,21470.76138465358,5480.6479053272915,2483.809970923031,231.997382775475,181.06228280067444,51.732584953308105,6.46661114692688,0.0,0.0,0.0,103.46663618087769,106.70097541809082,32.3332314491272,0.0,0.0,0.0,19.399883270263672,32.33241558074951,16.166597843170166,0.0,0.0,0.0,12.933492660522461,6.466834306716919,9.699893712997437,0.0,0.0,0.0,84.06929016113281,45.267582654953,6.466498136520386,0.0,0.0,0.0
"109,161",2501.26522596971,0.0,0.0,0.0,0.0,0.0,0.0,0.0,0.0,0.0,0.0,39248.66155294717,72973.40644881866,43482.85021212429,16340.407532648947,10903.158701642355,2302.0984424301223,39492.45704077458,73276.75536971932,43812.2699669034,16569.797267393973,11087.319414838155,2327.945777053459,39691.180976966774,73570.076609216,44142.62393298524,16950.221239521925,11381.327667220434,2386.105929488762,39779.86614435793,73798.03322387021,44506.27494175107,17199.15450618314,11674.517514760822,2447.4937049099044,39937.38411460202,74045.99961574498,44792.459019085945,17312.223006940356,11911.814627728743,2479.796811217888,0.0,0.0,0.0,0.0,0.0,0.0,0.0,0.0,0.0,0.0,0.0,0.0,0.0,0.0,0.0,0.0,0.0,0.0,0.0,0.0,0.0,0.0,0.0,0.0,0.0,0.0,0.0,0.0,0.0,0.0
"110,161",2499.7280312383577,16.143997192382812,19.37313985824585,9.687856674194336,8.875953654681934,16.143531799316406,16.143997192382812,19.37313985824585,9.687856674194336,8.875953654681934,12.914391279220581,24851.24909061076,72061.81387230275,56507.506568645964,19105.87859758302,6340.920715749032,572.1874701967427,24962.827615292863,72383.35585602405,56859.83155147608,19286.967457751667,6457.175296962029,581.8706498136708,25133.964049933,72992.05245164236,57443.41915199524,19704.846413363666,6714.71136177194,594.789336680431,25208.958001003073,73309.0809312437,57908.45664797858,19996.65162751067,6918.162207728742,598.0196843137928,25357.475426301764,73707.0426765956,58314.13358279584,20275.725918290198,7065.280137623993,610.9333732118794,3.2285349369049072,9.686291694641113,3.229170560836792,0.0,0.0,0.0,3.228527307510376,3.228496551513672,12.916115999221802,0.0,0.0,0.0,3.2290287017822266,3.2291557788848877,0.0,3.2296721935272217,0.0,0.0,0.0,6.457008361816406,2.4189452928655286,0.0,0.0,0.0,3.228710651397705,6.45696234703064,3.2287182807922363,0.0,0.0,0.0
"111,161",2498.039185176989,0.0,0.0,32.278599977493286,0.0,0.0,0.0,0.0,32.278599977493286,0.0,0.0,20515.248246917537,52992.09320159052,38944.245464917716,13262.016231588288,6303.553560165332,1368.3819386295245,20879.346020088942,53691.87706901419,39603.912934419226,13630.276985164719,6464.157777131773,1413.1953847408295,21248.345846189237,54687.050295750305,40286.328453682916,14034.648314472275,6664.186133657718,1419.64950633049,21632.986628067727,55453.77793708222,40624.823749362724,14231.261125702953,6710.416492297603,1451.9097957611084,21893.577753863614,56235.14383754824,41088.63826459342,14503.347690959072,6832.668793606291,1448.684660434723,0.0,0.0,0.0,0.0,0.0,0.0,0.0,0.0,0.0,0.0,0.0,0.0,0.0,29.050750255584717,3.2278497219085693,0.0,0.0,0.0,0.0,0.0,0.0,0.0,0.0,0.0,0.0,0.0,0.0,0.0,0.0,0.0
"112,161",2496.1992745104835,0.0,0.0,0.0,0.0,0.0,0.0,0.0,0.0,0.0,0.0,27977.452008090295,43632.19581782677,40700.92232330266,15884.737106833738,7460.862463599561,662.2684847476436,29173.666389682243,44785.463379009096,41959.91279657681,16553.98139137754,7867.816536128288,691.2760886304519,29830.293462239988,45910.37707512519,43344.59670060008,17107.02076400869,8173.295480386884,707.3985354058883,31110.10365492222,46702.37956931825,44044.2424730572,17464.56526153882,8339.91004929636,736.4174706094406,31496.349169621742,47171.06640062426,44599.170174146166,17792.637135513156,8420.886976484224,742.8674716107986,0.0,0.0,0.0,0.0,0.0,0.0,0.0,0.0,0.0,0.0,0.0,0.0,0.0,0.0,0.0,0.0,0.0,0.0,0.0,0.0,0.0,0.0,0.0,0.0,0.0,0.0,0.0,0.0,0.0,0.0
"113,161",2465.8634130085,0.0,0.0,0.0,0.0,0.0,0.0,0.0,0.0,0.0,0.0,37928.60649041008,38919.14586975808,18724.532229551616,6238.624776735493,2814.745811712041,343.14829262471665,39390.9310608948,40848.190661971705,19896.62886730643,6790.276119221892,3088.607265006795,372.4981677709841,40343.5081784211,42449.98126424528,20901.01356878935,7319.366018206466,3334.21033356891,375.71740295279255,41717.31438084959,43805.820642473176,21946.098033224367,7743.836700779784,3499.873679107778,388.60676385748616,42524.79829908447,44811.06539126565,22603.78512491525,7987.814468978434,3528.854225582235,382.1684098421358,0.0,0.0,0.0,0.0,0.0,0.0,0.0,0.0,0.0,0.0,0.0,0.0,0.0,0.0,0.0,0.0,0.0,0.0,0.0,0.0,0.0,0.0,0.0,0.0,0.0,0.0,0.0,0.0,0.0,0.0
"114,161",2480.7344638574455,0.0,0.0,0.0,0.0,0.0,0.0,0.0,0.0,0.0,0.0,25333.094596935724,34605.131083022854,12930.338716232074,3737.9953238206754,2792.8988175831587,1003.39272256926,27219.008714372038,36226.7531012853,13298.233869395537,3807.024513915941,2792.8853424034864,993.7321464641421,29617.040353913402,37667.84474955354,13900.624110852972,3908.8744408944076,2824.0959840690384,996.9453281982272,32532.287290512344,39234.51507261126,14331.36996020336,3915.3004016735977,2776.869955882839,945.4407796485751,34033.91150867425,40790.700812994255,14807.738240232655,4011.869056449217,2821.136524957769,919.688346825394,0.0,0.0,0.0,0.0,0.0,0.0,0.0,0.0,0.0,0.0,0.0,0.0,0.0,0.0,0.0,0.0,0.0,0.0,0.0,0.0,0.0,0.0,0.0,0.0,0.0,0.0,0.0,0.0,0.0,0.0
"115,161",2489.7705908515895,0.0,16.075355052947998,0.0,0.0,12.86136245727539,0.0,16.075355052947998,0.0,0.0,12.86136245727539,55318.927328200436,22908.854209296846,8516.95313126059,3126.9515727491944,2095.6484987502004,855.686466217041,56499.70017581267,23704.891696677485,8608.46780588767,3164.1137466402615,2163.2053494219685,826.7326683998108,57519.01790471171,24516.01917307237,8901.906838116927,3258.552078538782,2274.355929255953,778.4799797534943,59034.228851395026,25391.754060824718,9229.942411200205,3297.155405097849,2289.62525082289,788.1322586536407,60952.30843963156,25881.38541387764,9519.801014299019,3387.229486757166,2347.533274895537,788.1324996948242,0.0,0.0,0.0,0.0,0.0,0.0,16.075355052947998,0.0,0.0,0.0,0.0,0.0,0.0,0.0,0.0,0.0,0.0,0.0,0.0,0.0,0.0,0.0,0.0,0.0,12.86136245727539,0.0,0.0,0.0,0.0,0.0
"116,161",2487.3333745730083,0.0,19.282392740249634,3.214092493057251,0.0,0.0,0.0,19.282392740249634,3.214092493057251,0.0,0.0,62756.490492865625,14564.964109736797,1994.0325328854954,355.81215496343725,228.05644845962524,170.22885847091675,65250.13831362444,14735.231840926524,1958.6890983132755,362.2385394124424,224.84298968315125,170.22885847091675,68605.77636039865,15035.806424313898,2063.9854889336757,368.65698190015905,231.26671767234802,167.01698851585388,72107.58213525754,15304.915426876963,2119.2961546925935,413.6198687104618,234.47812032699585,170.22897720336914,77338.76256856638,16030.268702739828,2254.1957602052125,426.4668461827671,247.32533645629883,192.71141958236694,0.0,0.0,0.0,0.0,0.0,0.0,6.426011323928833,12.8563814163208,0.0,0.0,0.0,0.0,0.0,3.214092493057251,0.0,0.0,0.0,0.0,0.0,0.0,0.0,0.0,0.0,0.0,0.0,0.0,0.0,0.0,0.0,0.0
"117,161",2484.7487923750496,0.0,0.0,0.0,3.209904909133911,0.0,0.0,0.0,0.0,3.209904909133911,0.0,37581.70168316785,20053.334989042844,5082.655948730543,1098.4131277542488,737.5910320534426,285.74046897888184,40086.306640340765,21662.897832272094,5293.6404573103955,1072.7368033867256,760.0511293663699,288.95141196250916,41712.11315287515,22407.493530390304,5319.31525961371,1111.2468651276008,776.0928499951083,295.37226033210754,42280.28367495724,22294.503222561816,5226.274354376512,1111.2573572140113,788.9363768353182,298.5823621749878,42631.101451325885,22088.42446075888,5101.999432655409,1072.7608383636848,785.7381210579592,308.21537494659424,0.0,0.0,0.0,0.0,0.0,0.0,0.0,0.0,0.0,0.0,0.0,0.0,0.0,0.0,0.0,0.0,0.0,0.0,0.0,0.0,3.209904909133911,0.0,0.0,0.0,0.0,0.0,0.0,0.0,0.0,0.0
"118,161",2482.017731560797,0.0,0.0,0.0,0.0,0.0,0.0,0.0,0.0,0.0,0.0,22300.745229161956,23162.260810065738,5388.356629500669,1195.2470336745766,664.3745343544904,59.48211020862355,23573.897314208163,25360.822864206166,5651.532287701439,1236.93246253238,670.7844588616315,62.688021129720354,24488.42187775163,26558.31015116841,5894.996472834606,1259.3782630752114,677.193160758299,62.688021129720354,25008.57981872839,27035.986510821884,6042.465853690166,1285.032007295945,670.7767996647779,62.689297384374285,25483.71566928134,27058.947190373554,6082.385412638795,1324.9280872597415,711.0185615343206,62.689297384374285,0.0,0.0,0.0,0.0,0.0,0.0,0.0,0.0,0.0,0.0,0.0,0.0,0.0,0.0,0.0,0.0,0.0,0.0,0.0,0.0,0.0,0.0,0.0,0.0,0.0,0.0,0.0,0.0,0.0,0.0
"119,161",2479.1411273907756,0.0,0.0,0.0,0.0,0.0,0.0,0.0,0.0,0.0,0.0,50608.29869270325,22359.713552347817,5923.221189709271,2819.664907546137,3504.314908118341,1583.279000716116,52366.638002737825,23116.625888960036,6169.3987762123925,2902.891178937052,3575.5559148171365,1605.685807423498,52840.15642815851,23477.920765671075,6356.892602084665,2947.967390878528,3661.2151391066755,1617.686175591338,53242.82342689457,23684.860633233013,6473.190358206805,3067.2655365495125,3750.8859366931165,1617.6889839237813,53484.453261432456,23754.490135000266,6559.261861467362,3117.0927327632903,3864.39244648709,1631.5480690123989,0.0,0.0,0.0,0.0,0.0,0.0,0.0,0.0,0.0,0.0,0.0,0.0,0.0,0.0,0.0,0.0,0.0,0.0,0.0,0.0,0.0,0.0,0.0,0.0,0.0,0.0,0.0,0.0,0.0,0.0
"120,161",2476.119962380927,0.0,0.0,0.0,0.0,0.0,0.0,0.0,0.0,0.0,0.0,36320.81043890691,31447.593929905986,16061.528400720335,6858.819843310936,7304.13684874703,5080.240873373255,37162.58995290925,31937.753096754415,16192.285920418946,6871.650458831414,7308.192281539768,5127.884322550717,37961.086087206306,32406.325414109695,16346.614872750115,6905.786281048083,7333.448505063151,5198.261331704083,38483.25720952539,32915.90984393008,16505.467842873404,6937.302970091502,7403.817202892491,5223.834065344754,38769.33976497463,33365.807502240765,16441.545776648614,6873.339261929194,7349.806278417625,5213.982372203527,0.0,0.0,0.0,0.0,0.0,0.0,0.0,0.0,0.0,0.0,0.0,0.0,0.0,0.0,0.0,0.0,0.0,0.0,0.0,0.0,0.0,0.0,0.0,0.0,0.0,0.0,0.0,0.0,0.0,0.0
"121,161",2472.9552655641596,0.0,0.0,0.0,0.0,0.0,0.0,0.0,0.0,0.0,0.0,26702.15638456999,39878.6729925352,23880.76346080444,10025.635064903896,8637.11897276897,3869.0657329073138,26826.698071316172,39972.29153054368,23864.394468160706,9849.592436587576,8474.20522068996,3827.8862617819914,27109.742211786903,40330.731858727515,23955.510088611118,9798.497636115317,8388.322982218686,3767.1856108515867,27154.415893549074,40314.28585070629,23895.18496326185,9759.816572546491,8314.85217614922,3760.8037179320463,26714.007214213347,39851.15754637905,23634.929977299187,9628.829769253263,8263.403283452988,3690.5056770651945,0.0,0.0,0.0,0.0,0.0,0.0,0.0,0.0,0.0,0.0,0.0,0.0,0.0,0.0,0.0,0.0,0.0,0.0,0.0,0.0,0.0,0.0,0.0,0.0,0.0,0.0,0.0,0.0,0.0,0.0
"122,161",2469.6481117093376,0.0,0.0,0.0,0.0,0.0,0.0,0.0,0.0,0.0,0.0,5726.948588602217,7233.343865032756,7357.908765338449,5730.41644598269,7426.696063889709,3313.2631983392375,5644.653929811366,7258.130051321142,7424.060312689052,5748.804711064171,7424.286204428766,3322.8242709272045,5613.460433688819,7185.877902126312,7431.158192948734,5764.7394878471605,7439.170677116806,3353.382071608188,5582.639471788967,7188.635859296835,7387.4750510645845,5676.236709878024,7402.996719848408,3324.6729806600833,5539.055985390907,7125.57116038659,7231.549623495925,5606.0871370287505,7275.410848151936,3312.7090171972914,0.0,0.0,0.0,0.0,0.0,0.0,0.0,0.0,0.0,0.0,0.0,0.0,0.0,0.0,0.0,0.0,0.0,0.0,0.0,0.0,0.0,0.0,0.0,0.0,0.0,0.0,0.0,0.0,0.0,0.0
"123,161",2466.199620514963,0.0,0.0,0.0,0.0,0.0,0.0,0.0,0.0,0.0,0.0,1105.9083243463554,1542.2920160527324,2379.064588197072,2367.299835443497,2608.3039298842937,1235.7932901737736,1137.7742315385856,1600.677991177989,2458.7214199384052,2406.65456739594,2629.655399651621,1267.627250468497,1197.272727352965,1667.5966880583296,2557.490951903661,2439.9272399958445,2670.7022509902135,1369.0421775499979,1240.820740958756,1785.473241593791,2603.182577586641,2490.8914679106547,2783.8391613773274,1454.9917081514993,1274.4307397122477,1846.3531090399802,2653.332188154669,2506.8097687777354,2919.9709155428645,1563.2318967445221,0.0,0.0,0.0,0.0,0.0,0.0,0.0,0.0,0.0,0.0,0.0,0.0,0.0,0.0,0.0,0.0,0.0,0.0,0.0,0.0,0.0,0.0,0.0,0.0,0.0,0.0,0.0,0.0,0.0,0.0
"124,161",2462.6109557721525,0.0,0.0,0.0,0.0,0.0,0.0,0.0,0.0,0.0,0.0,2424.9615095484487,5256.456116970848,7046.682207910686,7627.448659952014,18455.314282068546,14224.979708467743,2463.127750479006,5312.001150400498,7186.452453939588,7713.940119403015,18690.47502141279,14430.696840317107,2447.231718145632,5321.50876954303,7298.538443445693,7809.306825115166,19151.291325653296,14821.976279640197,2517.902056195689,5499.584074289658,7578.271469338735,8147.0742743370565,20219.832858177255,15832.500508864721,2683.6288085834653,5854.30279840862,8128.318222440459,8880.64394335092,22351.15727059794,17844.550940196656,0.0,0.0,0.0,0.0,0.0,0.0,0.0,0.0,0.0,0.0,0.0,0.0,0.0,0.0,0.0,0.0,0.0,0.0,0.0,0.0,0.0,0.0,0.0,0.0,0.0,0.0,0.0,0.0,0.0,0.0
"125,161",2458.883324489662,0.0,0.0,0.0,0.0,0.0,0.0,0.0,0.0,0.0,0.0,5763.852132234386,9897.354956935435,10405.632257735497,8166.830106995153,14653.949133331635,11881.511672512692,5639.91202059727,9775.862271721222,10388.959355308496,8201.001940190557,14972.439388338724,12299.23160223026,5697.107654247096,9767.152011008355,10309.580348922693,8190.077704922359,14929.653646435458,12334.913632682727,5898.976884512808,10183.384059996697,10798.15114909247,8503.909977132198,15254.688330684923,12617.656944386164,6070.603996901419,10660.03148016462,11162.862018985374,8869.521010784074,15680.714486473682,12999.109198677772,0.0,0.0,0.0,0.0,0.0,0.0,0.0,0.0,0.0,0.0,0.0,0.0,0.0,0.0,0.0,0.0,0.0,0.0,0.0,0.0,0.0,0.0,0.0,0.0,0.0,0.0,0.0,0.0,0.0,0.0
"126,161",2455.017975985384,0.0,0.0,0.0,0.0,0.0,0.0,0.0,0.0,0.0,0.0,2242.107004917369,5423.972128592286,7666.045739515154,9182.352925851297,28094.608570564495,45337.75255061972,2242.115901745067,5534.292192085117,7793.6155986411895,9317.948317235125,28530.72467073553,46440.33756822511,2233.4002245164384,5442.363913400501,7736.51790209845,9187.934420054567,28249.18981196179,45988.3437170814,2246.0824728703965,5511.395199303533,7786.45477548487,9333.793842738283,28576.500184174143,46763.58295815785,2217.541162321614,5482.860854630377,7759.5991753045255,9324.277041099585,28625.51693996448,46745.9267993422,0.0,0.0,0.0,0.0,0.0,0.0,0.0,0.0,0.0,0.0,0.0,0.0,0.0,0.0,0.0,0.0,0.0,0.0,0.0,0.0,0.0,0.0,0.0,0.0,0.0,0.0,0.0,0.0,0.0,0.0
"127,161",2451.0162009810383,0.0,0.0,0.0,0.0,0.0,0.0,0.0,0.0,0.0,0.0,4904.80914238855,9671.263184641857,12156.545340607212,12448.0174844078,33901.795826140566,64348.21491725679,4853.35687753079,9529.478470518075,11864.594689817055,12134.560354929345,32965.33418639968,62412.14565316182,4826.622684761122,9400.464397634245,11750.623761624916,11925.620425205605,32473.097246615092,61474.99864287003,4744.359313770369,9158.907891126708,11380.212507757487,11553.425811702129,31245.57769398783,59144.57161363994,4662.059258266524,9061.614557576648,11221.918831376468,11472.596258019466,31021.330598414177,58456.78156769978,0.0,0.0,0.0,0.0,0.0,0.0,0.0,0.0,0.0,0.0,0.0,0.0,0.0,0.0,0.0,0.0,0.0,0.0,0.0,0.0,0.0,0.0,0.0,0.0,0.0,0.0,0.0,0.0,0.0,0.0
"128,161",1928.6945711963394,0.0,0.0,0.0,0.0,0.0,0.0,0.0,0.0,0.0,0.0,7606.1582900982285,12875.515695605554,14899.364522855421,14299.507995944863,32968.73959940368,39107.54489360136,7561.8979308109665,12809.12770775346,14811.653322070253,14161.903257639267,32485.627760634703,38135.44022237646,7555.125839445638,12752.226566348354,14786.375563948763,14056.806232511295,32112.048610087,37275.419036247215,7457.124771568822,12564.295995362598,14380.04955485475,13628.825395545771,30770.429871764838,34561.00890724986,7310.404830207077,12435.486724881563,14301.007111579298,13429.02654446901,30318.064892305112,33695.18579949304,0.0,0.0,0.0,0.0,0.0,0.0,0.0,0.0,0.0,0.0,0.0,0.0,0.0,0.0,0.0,0.0,0.0,0.0,0.0,0.0,0.0,0.0,0.0,0.0,0.0,0.0,0.0,0.0,0.0,0.0
"129,161",134.4582483591988,0.0,0.0,0.0,0.0,0.0,0.0,0.0,0.0,0.0,0.0,323.82897522402743,760.0081021767037,1005.2567616733852,971.2792234336628,2428.1419487074313,4513.44454648448,323.82897522402743,753.6929037552254,1005.2557433876339,963.9130283907348,2420.4531372098368,4502.790827138751,323.82897522402743,750.5351648311989,1002.0990213188472,954.4412097052032,2407.823339274351,4491.437607433282,326.986733936796,741.06200837902,1003.1888259092968,951.2577042888194,2394.0171320270097,4454.755002800624,333.30179312182406,741.06200837902,1006.3458264509839,941.7848866294413,2387.7014524768388,4447.154957045761,0.0,0.0,0.0,0.0,0.0,0.0,0.0,0.0,0.0,0.0,0.0,0.0,0.0,0.0,0.0,0.0,0.0,0.0,0.0,0.0,0.0,0.0,0.0,0.0,0.0,0.0,0.0,0.0,0.0,0.0
"90,162",1063.774602192871,0.0,0.0,0.0,0.0,0.0,0.0,0.0,0.0,0.0,0.0,151.88449716567993,0.0,0.0,0.0,0.0,0.0,206.82241702079773,0.0,0.0,0.0,0.0,0.0,200.35845184326172,0.0,0.0,0.0,0.0,0.0,203.58999037742615,0.0,0.0,0.0,0.0,0.0,213.28468418121338,0.0,0.0,0.0,0.0,0.0,0.0,0.0,0.0,0.0,0.0,0.0,0.0,0.0,0.0,0.0,0.0,0.0,0.0,0.0,0.0,0.0,0.0,0.0,0.0,0.0,0.0,0.0,0.0,0.0,0.0,0.0,0.0,0.0,0.0,0.0
"91,162",2502.798462743891,0.0,0.0,0.0,0.0,0.0,0.0,0.0,0.0,0.0,0.0,267.03379727344884,24.241863809847366,5.655127975052478,8.88840519400204,6.466627597808838,0.0,321.99183011989965,33.93949946048213,5.655127975052478,17.776835427564734,6.466627597808838,0.0,401.1907382619147,30.70616801860286,5.655127975052478,17.776835427564734,6.4666218757629395,0.0,515.1410676395192,63.03480490329219,8.888018342560413,17.776835427564734,6.4666218757629395,0.0,540.1907933768105,63.03480490329219,8.888018342560413,17.776835427564734,6.4666218757629395,0.0,0.0,0.0,0.0,0.0,0.0,0.0,0.0,0.0,0.0,0.0,0.0,0.0,0.0,0.0,0.0,0.0,0.0,0.0,0.0,0.0,0.0,0.0,0.0,0.0,0.0,0.0,0.0,0.0,0.0,0.0
"92,162",2504.031082384632,0.0,0.0,0.0,0.0,0.0,0.0,0.0,0.0,0.0,0.0,65.91982754726035,8.07846947183796,7.266771187501795,2.422270991755467,0.0,0.0,72.38754209537132,8.07846947183796,7.266771187501795,2.422270991755467,0.0,0.0,78.85492810268028,8.07846947183796,7.266771187501795,2.422270991755467,0.0,0.0,75.62116393107993,8.07846947183796,7.266771187501795,2.422270991755467,0.0,0.0,72.38723072070701,8.07846947183796,7.266771187501795,2.422270991755467,0.0,0.0,0.0,0.0,0.0,0.0,0.0,0.0,0.0,0.0,0.0,0.0,0.0,0.0,0.0,0.0,0.0,0.0,0.0,0.0,0.0,0.0,0.0,0.0,0.0,0.0,0.0,0.0,0.0,0.0,0.0,0.0
"93,162",2505.110571739282,0.0,0.0,0.0,0.0,0.0,0.0,0.0,0.0,0.0,0.0,2156.806409757278,38.82948613166809,0.0,0.0,0.0,0.0,2257.9358289316588,42.06576132774353,0.0,0.0,0.0,0.0,2287.875858260136,42.06576132774353,0.0,0.0,0.0,0.0,2306.477105668947,45.30132055282593,0.0,0.0,0.0,0.0,2418.917428122315,48.536757469177246,0.0,0.0,0.0,0.0,0.0,0.0,0.0,0.0,0.0,0.0,0.0,0.0,0.0,0.0,0.0,0.0,0.0,0.0,0.0,0.0,0.0,0.0,0.0,0.0,0.0,0.0,0.0,0.0,0.0,0.0,0.0,0.0,0.0,0.0
"94,162",2506.0365527062904,0.0,0.0,0.0,0.0,0.0,0.0,0.0,0.0,0.0,0.0,22383.42699592067,216.53428367820442,0.0,0.0,0.0,0.0,22140.683104204665,219.7716389104432,0.0,0.0,0.0,0.0,22069.123373476665,203.58610610213935,0.0,0.0,0.0,0.0,21720.23998153911,200.34839657989204,0.0,0.0,0.0,0.0,21723.133732962142,203.58505229201972,0.0,0.0,0.0,0.0,0.0,0.0,0.0,0.0,0.0,0.0,0.0,0.0,0.0,0.0,0.0,0.0,0.0,0.0,0.0,0.0,0.0,0.0,0.0,0.0,0.0,0.0,0.0,0.0,0.0,0.0,0.0,0.0,0.0,0.0
"95,162",2506.808700652073,0.0,0.0,0.0,0.0,0.0,0.0,0.0,0.0,0.0,0.0,2515.181142640581,42.44744249138178,0.0,0.0,0.0,0.0,3126.1117262765474,61.87500925812067,0.0,0.0,0.0,0.0,3665.087681086858,65.1129171446258,0.0,0.0,0.0,0.0,4032.4536524146215,74.82707353386225,0.0,0.0,0.0,0.0,4486.1643314286775,78.06483026298822,0.0,0.0,0.0,0.0,0.0,0.0,0.0,0.0,0.0,0.0,0.0,0.0,0.0,0.0,0.0,0.0,0.0,0.0,0.0,0.0,0.0,0.0,0.0,0.0,0.0,0.0,0.0,0.0,0.0,0.0,0.0,0.0,0.0,0.0
"96,162",2507.4267446623585,0.0,0.0,0.0,0.0,0.0,0.0,0.0,0.0,0.0,0.0,12161.734615881303,487.28383897239087,58.30285382270813,19.4342041015625,9.717100143432617,3.2390198707580566,14344.230494918076,594.1683385222566,74.49802136421204,22.673246383666992,9.717100143432617,3.2390198707580566,15001.200002365487,633.0326478331697,77.73707699775696,19.434269905090332,9.717100143432617,3.2390198707580566,16571.41481218899,639.5100958197725,84.21516370773315,19.434269905090332,9.717100143432617,3.2390198707580566,18889.510370020773,688.0918528884065,80.97617101669312,22.673246383666992,9.717100143432617,3.2390198707580566,0.0,0.0,0.0,0.0,0.0,0.0,0.0,0.0,0.0,0.0,0.0,0.0,0.0,0.0,0.0,0.0,0.0,0.0,0.0,0.0,0.0,0.0,0.0,0.0,0.0,0.0,0.0,0.0,0.0,0.0
"97,162",2507.8904677527917,0.0,0.0,0.0,0.0,0.0,0.0,0.0,0.0,0.0,0.0,54407.70922721507,857.449436117621,204.93283082270153,55.797191838657156,29.15633511543274,6.479189872741699,56904.90404434485,900.2874046858618,195.2140379073573,55.797191838657156,29.15633511543274,6.479189872741699,58311.57125096414,935.9224814471075,198.45362044596203,59.03678605977227,29.15633511543274,9.718785524368286,60494.8681028871,947.9027113306756,204.93278838419445,59.03678605977227,32.395920515060425,9.718785524368286,64253.89332873213,1017.3800705862981,224.37014271044265,55.79719040814568,32.395920515060425,9.718785524368286,0.0,0.0,0.0,0.0,0.0,0.0,0.0,0.0,0.0,0.0,0.0,0.0,0.0,0.0,0.0,0.0,0.0,0.0,0.0,0.0,0.0,0.0,0.0,0.0,0.0,0.0,0.0,0.0,0.0,0.0
"98,162",2508.199707037676,0.0,0.0,0.0,0.0,0.0,0.0,0.0,0.0,0.0,0.0,83666.45068670815,54737.660163670895,12993.863043339112,3879.7646953115277,4378.634869201511,1022.9686462486491,84607.78081494031,56553.631204290956,13427.989171774247,3934.841948176366,4423.993431432575,1032.6881506050333,85719.23508189425,58248.02570430812,13915.58268857563,4044.1822722135807,4527.668476207584,1039.1678692901835,86525.216832879,59616.98654004265,14217.691886129565,4102.498021858813,4556.827155692905,1065.0866555774912,87332.97868281812,61549.641930075246,14720.651736561458,4160.811290281894,4611.091126511144,1058.606785734962,0.0,0.0,0.0,0.0,0.0,0.0,0.0,0.0,0.0,0.0,0.0,0.0,0.0,0.0,0.0,0.0,0.0,0.0,0.0,0.0,0.0,0.0,0.0,0.0,0.0,0.0,0.0,0.0,0.0,0.0
"99,162",2508.354353855868,0.0,0.0,0.0,0.0,0.0,0.0,0.0,0.0,0.0,0.0,58367.319234198214,44208.46830304464,17713.982928657533,6417.756920591055,7357.917508950888,3067.4175453915313,58858.17652028963,45354.04352940017,18354.048259162904,6665.620595900217,7506.142155212515,3088.483815727982,59512.63278492572,46318.73678131945,18853.003274822233,6879.45803138415,7668.139179987066,3137.083533821854,60158.2620267307,47086.86434782346,19291.211674180686,7011.572233050477,7788.8309969752445,3233.469557208641,60680.8756032018,47857.97884858449,19531.6942746312,7089.331370204102,7830.950622066797,3272.349445743187,0.0,0.0,0.0,0.0,0.0,0.0,0.0,0.0,0.0,0.0,0.0,0.0,0.0,0.0,0.0,0.0,0.0,0.0,0.0,0.0,0.0,0.0,0.0,0.0,0.0,0.0,0.0,0.0,0.0,0.0
"100,162",2508.3543538558692,0.0,0.0,0.0,0.0,0.0,0.0,0.0,0.0,0.0,0.0,45342.76155522758,41799.41888529647,10715.926555576512,1489.350969906414,424.60012937994566,14.57347544034322,46734.49556933759,44430.969717231455,11527.710275982876,1550.9105619150048,453.759802832323,14.57347544034322,47881.44039713262,47045.960103392135,12468.747000951393,1667.5493448930627,460.2395208022174,21.053475459416706,50099.90508716995,50980.67971051814,13812.98964272574,1752.5126982885247,499.1191237113055,21.053475459416706,51587.8512281689,53764.95827434858,14921.785867005705,1887.7784211485994,537.9985368392047,21.053475459416706,0.0,0.0,0.0,0.0,0.0,0.0,0.0,0.0,0.0,0.0,0.0,0.0,0.0,0.0,0.0,0.0,0.0,0.0,0.0,0.0,0.0,0.0,0.0,0.0,0.0,0.0,0.0,0.0,0.0,0.0
"101,162",2508.1997070376524,0.0,0.0,0.0,0.0,0.0,0.0,0.0,0.0,0.0,0.0,23324.524685091128,37694.70982100169,17201.92571392994,6168.646128401102,5550.3044297816705,2318.218159197826,23853.23293709661,38882.402408112735,17702.902497259773,6226.959455236734,5439.896884040271,2269.6218147268482,24448.53707144307,40030.81270413679,18390.71508052302,6435.114580512514,5473.107214925803,2263.1420464506336,25625.640021679443,41597.11476889591,19200.20743162024,6628.686298285278,5521.704663990058,2262.3294988071216,26398.399027182077,43211.76509514042,19979.554601021373,6713.737816139295,5560.587541101493,2262.3310380374683,0.0,0.0,0.0,0.0,0.0,0.0,0.0,0.0,0.0,0.0,0.0,0.0,0.0,0.0,0.0,0.0,0.0,0.0,0.0,0.0,0.0,0.0,0.0,0.0,0.0,0.0,0.0,0.0,0.0,0.0
"102,162",2499.574911228317,0.0,0.0,3.2395803928375244,0.0,0.0,0.0,0.0,0.0,0.0,0.0,18919.038692130292,47773.73853760232,26676.647233689062,5182.542002596575,2821.3278650928946,1378.17343564501,19831.812897899104,50677.19056722137,28430.838944159306,5513.308219629174,2919.585278559666,1371.6931297348995,20490.073274740516,52974.9929872625,29575.868161018225,5792.245347020204,2986.7970956372283,1400.8466300534267,20902.451894166425,54666.331470240795,30743.48304777613,6047.734891246346,3038.624899725821,1400.8452360199947,21483.786572799494,56576.91906003392,31675.40944385248,6193.503077489254,3044.643874648973,1387.8856789635677,0.0,0.0,0.0,0.0,0.0,0.0,0.0,0.0,0.0,0.0,0.0,0.0,0.0,0.0,0.0,0.0,0.0,0.0,0.0,0.0,0.0,0.0,0.0,0.0,0.0,0.0,0.0,0.0,0.0,0.0
"103,162",2507.4267446623708,0.0,0.0,0.0,0.0,0.0,0.0,0.0,0.0,0.0,0.0,15684.95240366973,39554.18554420003,23232.48415455818,6997.196846836689,4150.359160677592,1350.1171795957227,16560.64439039978,41765.659380171346,24626.98139988581,7233.271166636898,4226.4679024855295,1376.0282160871168,17476.90265550239,44150.941286504974,26097.738726831885,7614.737744738075,4432.938438237882,1410.8423232639536,18148.24163508976,46152.7129144014,27529.367870998383,7910.989989906198,4491.233235896802,1410.8425345028147,18919.72343909413,47992.621403193,28775.19328759231,8251.052550702936,4549.1705453610875,1376.0292694203993,0.0,0.0,0.0,0.0,0.0,0.0,0.0,0.0,0.0,0.0,0.0,0.0,0.0,0.0,0.0,0.0,0.0,0.0,0.0,0.0,0.0,0.0,0.0,0.0,0.0,0.0,0.0,0.0,0.0,0.0
"104,162",2506.8087006520573,0.0,0.0,0.0,0.0,0.0,0.0,0.0,0.0,0.0,0.0,23503.16106876953,53912.1379727588,31248.137440381335,10313.235046594285,7869.3250048805685,3139.032242826387,23641.35888609886,55330.02374416614,31644.341631841668,10331.584207106573,7772.179806535384,3047.285366189246,23946.800058380762,56395.2935097816,32416.772046254668,10467.926806603225,7853.122772758147,3066.715036523108,24490.78712178866,57947.72507461473,33580.57117418121,10898.22837119196,8036.867224898058,3147.661182296042,24894.375800407634,59080.21828041825,34557.749901541545,11344.27109671948,8209.29635030522,3183.2769733784244,0.0,0.0,0.0,0.0,0.0,0.0,0.0,0.0,0.0,0.0,0.0,0.0,0.0,0.0,0.0,0.0,0.0,0.0,0.0,0.0,0.0,0.0,0.0,0.0,0.0,0.0,0.0,0.0,0.0,0.0
"105,162",2506.036552706334,0.0,0.0,0.0,0.0,0.0,0.0,0.0,0.0,0.0,0.0,16550.74080075283,39169.86880123662,24779.849031777474,10358.719730653951,9629.536301503462,4326.4766944932,17325.286412817826,41264.20674551422,25975.68217214229,10380.890712494009,9453.119073912678,4272.510202426536,17775.570571512333,42549.34492096808,26817.9752508687,10639.851745838278,9592.314011618671,4337.253977317436,18295.507327290146,43967.40372379528,27708.021670356455,10997.364245020177,9739.7941916793,4384.375692183364,18777.799262495606,45220.65484233091,28570.79775299091,11341.111056602704,10001.374363138162,4487.965844447005,0.0,0.0,0.0,0.0,0.0,0.0,0.0,0.0,0.0,0.0,0.0,0.0,0.0,0.0,0.0,0.0,0.0,0.0,0.0,0.0,0.0,0.0,0.0,0.0,0.0,0.0,0.0,0.0,0.0,0.0
"106,162",2505.110571739313,0.0,3.2362115383148193,0.0,0.0,6.472010612487793,0.0,3.2362115383148193,0.0,0.0,6.472010612487793,53596.248282873865,56218.383224009536,21946.14565750291,7456.433398300059,5602.577239997714,2119.9804147701634,54408.06052306213,57876.259487021205,22567.668669950264,7608.390203300177,5675.295530283685,2138.5847795654745,55086.12627282237,59280.25540431154,23219.93718754544,7788.779139201782,5800.689067615248,2148.291566913268,55681.86010851113,60506.06394269233,23776.02568121517,7936.1832385427815,5874.862226979873,2133.558509167503,56215.95515455546,61611.26972905046,24266.28206250621,8096.54054871447,5956.399441344131,2195.0475917423473,0.0,0.0,0.0,0.0,0.0,0.0,3.2362115383148193,0.0,0.0,0.0,0.0,0.0,0.0,0.0,0.0,0.0,0.0,0.0,0.0,0.0,0.0,0.0,0.0,0.0,0.0,6.472010612487793,0.0,0.0,0.0,0.0
"107,162",2504.031082384548,0.0,12.935668230056763,6.467834234237671,0.0,0.0,0.0,9.701748609542847,6.467834234237671,0.0,0.0,57909.023283979,87249.06447288008,32533.139216426775,9835.090889884912,7722.252354063707,2584.2727095454347,58356.15720995267,88103.17997400902,32776.44341045922,9912.70202036091,7702.120614203284,2590.740693029703,58663.439775784806,88645.86892340324,33024.780052718925,9938.573049976312,7786.205944451163,2606.91393941337,58892.248944447085,89025.03323344063,33225.32113176327,9990.32156033703,7817.82076826376,2613.381285604776,59162.14024667366,89439.77339664815,33419.395966586875,10054.198268070408,7882.508921530667,2636.021564659418,0.0,0.0,0.0,0.0,0.0,0.0,0.0,9.701748609542847,0.0,0.0,0.0,0.0,0.0,6.467834234237671,0.0,0.0,0.0,0.0,0.0,0.0,0.0,0.0,0.0,0.0,0.0,0.0,0.0,0.0,0.0,0.0
"108,162",2502.7984627438645,3.2333171367645264,3.233264446258545,6.466363430023193,3.232332229614258,16.161383390426636,3.2333171367645264,3.233264446258545,0.0,3.232332229614258,9.696914196014404,69249.93177282951,82656.19003326286,34952.15220784019,9183.193543627684,5977.933456874362,1998.8615336633197,69471.37427806573,82803.11635481703,35122.05186308132,9267.250911906187,5994.106834626666,2027.9585418916217,69719.48198973805,83077.0876613458,35311.089354918986,9312.51492233557,6051.495327864442,2044.1244020677082,69793.85536634595,83220.94089090683,35459.7965211139,9373.938016846601,6093.523802195344,2027.9605591512195,70058.13114972302,83470.6842001354,35656.27447664317,9451.53090305609,6184.045618210587,2034.4257021165363,0.0,0.0,3.2333171367645264,0.0,0.0,0.0,0.0,0.0,3.233264446258545,0.0,0.0,0.0,0.0,0.0,0.0,0.0,0.0,0.0,0.0,3.232332229614258,0.0,0.0,0.0,0.0,3.232225179672241,6.464689016342163,0.0,0.0,0.0,0.0
"109,162",2501.4131440932283,0.0,6.461415767669678,35.540122270584106,6.461530923843384,6.463401556015015,0.0,6.461415767669678,22.61534333229065,6.461530923843384,0.0,33816.1054666005,66894.60462162354,42478.7613595065,17354.790547827175,10973.71379444459,3091.826308427138,33773.1376323485,66937.77764281291,42657.2570989188,17585.600452506307,11136.688355869406,3091.8194591381975,33863.64865361756,67170.42371782321,43011.915083601896,17878.149993637497,11482.380582756154,3143.520064769072,33886.296246162114,67304.02745799925,43243.07165215717,18094.59930560916,11682.692938274495,3175.8247219899126,33802.35860191887,67367.69764471521,43593.3532731907,18400.722801856435,12055.058835004356,3266.293643412871,0.0,0.0,0.0,0.0,0.0,0.0,0.0,6.461415767669678,0.0,0.0,0.0,0.0,6.4616379737854,12.923515796661377,0.0,3.230189561843872,0.0,0.0,6.461530923843384,0.0,0.0,0.0,0.0,0.0,0.0,0.0,0.0,0.0,0.0,0.0
"110,162",2499.8756105489883,0.0,6.45854377746582,9.685930728912354,3.229177713394165,9.685327291488647,0.0,6.45854377746582,3.228395938873291,3.229177713394165,9.685327291488647,25547.8947317301,69897.30356655776,47777.978406176844,19247.78181978768,8616.190646419338,664.9870935374615,25617.462524660892,70323.79110642415,48137.81847959126,19426.10285529062,8714.852266416363,664.9844525748608,25743.37619840584,70715.2239406352,48852.45261330324,19746.384148009616,8914.232500962651,704.5405189243018,25826.221934774807,70933.62806636211,49322.08681071133,20078.998243459064,9176.837909687267,752.9796075072943,25749.487257066423,70894.97704281994,49598.56816716568,20393.82496184368,9351.46800273353,776.6486027025709,0.0,0.0,0.0,0.0,0.0,0.0,0.0,6.45854377746582,0.0,0.0,0.0,0.0,3.228395938873291,0.0,0.0,0.0,0.0,0.0,0.0,3.229177713394165,0.0,0.0,0.0,0.0,0.0,6.456884860992432,3.228442430496216,0.0,0.0,0.0
"111,162",2498.1863986933668,0.0,0.0,0.0,0.0,0.0,0.0,0.0,0.0,0.0,0.0,27773.788100539005,58454.82668732942,40103.49510589207,17401.81906476395,9347.928867769242,1018.6596755981445,28761.15303951338,59994.60483993922,41000.52145138348,17764.296527294082,9460.863330554963,1028.340313911438,29900.158929882797,61435.22988389051,41791.13466681312,18074.06677856819,9593.17345685959,1031.5646748542786,30600.20322103874,62532.68559058038,42176.30085555806,18135.28634954808,9643.724116277695,1015.4318330287933,31110.82112351679,63301.01532666823,42580.187661851625,18341.81497908948,9654.745494166544,1033.716444015503,0.0,0.0,0.0,0.0,0.0,0.0,0.0,0.0,0.0,0.0,0.0,0.0,0.0,0.0,0.0,0.0,0.0,0.0,0.0,0.0,0.0,0.0,0.0,0.0,0.0,0.0,0.0,0.0,0.0,0.0
"112,162",2496.3460971593904,0.0,0.0,0.0,0.0,0.0,0.0,0.0,0.0,0.0,0.0,16043.836064464902,38533.75020959705,33573.61241309783,15604.660497475606,8555.108901349236,893.5367099958307,16695.19292176471,40022.83611890475,34880.88269045025,16289.998617107729,8886.843941919476,916.9175362605674,17174.833286879108,41228.49001851362,36096.76977761493,16844.920383721706,9204.864907446095,933.0361211318595,17773.420195012935,42128.60286735647,37175.32491006103,17414.103660459143,9499.060636470833,923.3645043391807,18066.832346111187,43030.33961311695,38119.68399028123,17780.601882050083,9718.324539135017,940.2943291972665,0.0,0.0,0.0,0.0,0.0,0.0,0.0,0.0,0.0,0.0,0.0,0.0,0.0,0.0,0.0,0.0,0.0,0.0,0.0,0.0,0.0,0.0,0.0,0.0,0.0,0.0,0.0,0.0,0.0,0.0
"113,162",2494.221528732522,0.0,0.0,0.0,0.0,0.0,0.0,0.0,0.0,0.0,0.0,24516.735845942592,35099.1477260468,13848.106440977956,3875.346070179285,1969.5601484943838,477.2624629226385,26771.852010865307,37049.93636095103,14788.878425998313,4192.253235313004,2139.8794661250768,461.15397269398557,28807.058881108904,39661.33777628506,16085.815942339803,4561.616563228532,2320.6573954993605,477.26436645657407,31218.199846775395,42429.76371595626,17176.557631265416,4987.682188681994,2443.094058862387,474.0408952918707,32539.33091311361,44099.37951322537,17992.54428997507,5200.576699983372,2532.2329202006845,477.26537615925656,0.0,0.0,0.0,0.0,0.0,0.0,0.0,0.0,0.0,0.0,0.0,0.0,0.0,0.0,0.0,0.0,0.0,0.0,0.0,0.0,0.0,0.0,0.0,0.0,0.0,0.0,0.0,0.0,0.0,0.0
"114,162",2425.4875972208883,0.0,0.0,0.0,0.0,0.0,0.0,0.0,0.0,0.0,0.0,32178.502926460904,42634.97688543936,18516.532866022637,6074.711429291144,3238.250807861253,352.1800203360763,33490.34371592578,44205.30132159065,19513.14077510366,6417.030069652257,3328.4169968165606,345.3765169947755,34404.13094555818,45923.64861594836,20502.048718297247,6790.653799915312,3482.8749273459116,346.80222476510437,35541.117755415864,47489.53568719602,21319.003277794523,7021.4679173338645,3521.536731068293,317.84152234582336,36314.670572901705,48643.63181377391,21843.509516738442,7174.32296649989,3543.7183789673973,295.340154652502,0.0,0.0,0.0,0.0,0.0,0.0,0.0,0.0,0.0,0.0,0.0,0.0,0.0,0.0,0.0,0.0,0.0,0.0,0.0,0.0,0.0,0.0,0.0,0.0,0.0,0.0,0.0,0.0,0.0,0.0
"115,162",2489.916110892759,0.0,0.0,6.429720401763916,0.0,22.503800868988037,0.0,0.0,6.429720401763916,0.0,22.503800868988037,69762.04418629946,34203.740653330664,7053.168833774679,2487.842049642638,3024.2257107257838,1990.9318001148747,71430.33133338386,35121.33852149178,7264.0435054769705,2574.7025021543686,3088.5733383655543,2023.4477400125243,73108.17898407824,35912.134325273364,7430.97295254726,2650.2839180787405,3101.443115329742,2009.142220656077,75099.66095854534,36216.69938327098,7446.094903817832,2657.802634349524,3027.4333590030665,1938.358915011088,77640.68669774206,36535.21392039411,7491.119897475898,2596.6704429299225,2990.2541255978977,1908.5815700306612,0.0,0.0,0.0,0.0,0.0,0.0,0.0,0.0,0.0,0.0,0.0,0.0,6.429720401763916,0.0,0.0,0.0,0.0,0.0,0.0,0.0,0.0,0.0,0.0,0.0,22.503800868988037,0.0,0.0,0.0,0.0,0.0
"116,162",2487.4784253379876,22.483951330184937,12.846856117248535,51.39766001701355,73.9136610031128,12.854085922241211,22.483951330184937,12.846856117248535,51.39766001701355,73.9136610031128,12.854085922241211,95173.74284542215,29130.899972756706,7979.392639592114,2259.110194770027,2089.735548766454,607.9697101985707,95751.5681741864,29207.206125444525,7936.827628276862,2259.115137187172,2083.3031809647878,595.9265596894656,97154.81093514198,29513.36508589726,8028.380249238481,2291.2409888183365,2112.2192306836446,602.3535292176639,99234.45509489003,29782.44791234428,8115.109171676635,2304.0888360416184,2121.8588235696157,605.5634050397312,102163.7901638031,30222.6183914035,8213.902988783517,2351.458097411137,2137.9175217469533,609.5789295392879,22.483951330184937,0.0,0.0,0.0,0.0,0.0,12.846856117248535,0.0,0.0,0.0,0.0,0.0,48.18595790863037,3.2117021083831787,0.0,0.0,0.0,0.0,73.9136610031128,0.0,0.0,0.0,0.0,0.0,12.854085922241211,0.0,0.0,0.0,0.0,0.0
"117,162",2484.89336036191,0.0,0.0,0.0,0.0,0.0,0.0,0.0,0.0,0.0,0.0,19176.9768084124,27409.286938087615,10900.420314781337,3121.374338346369,1979.3853584205403,444.69727404818815,20729.605858383926,30153.17525614009,11653.762353774611,3217.6348242338963,1989.005570975472,444.69665702090543,21569.819409753763,31514.896370731618,12019.588342544143,3276.111090584362,2027.5204432880178,451.9250673088373,21545.769100632388,31335.297692087584,11936.154954549376,3285.7351414399986,2040.3610099231496,447.90553148494047,20636.728885462704,29786.90999000493,11478.064748994975,3296.1854893272994,2105.2798633042503,473.5953012298135,0.0,0.0,0.0,0.0,0.0,0.0,0.0,0.0,0.0,0.0,0.0,0.0,0.0,0.0,0.0,0.0,0.0,0.0,0.0,0.0,0.0,0.0,0.0,0.0,0.0,0.0,0.0,0.0,0.0,0.0
"118,162",2482.161805929863,0.0,0.0,0.0,0.0,0.0,0.0,0.0,0.0,0.0,0.0,37882.02547223803,27831.311980217575,7879.902256666446,1483.800769067278,623.607806079528,27.409688582139857,38823.93681513469,29109.10064054751,8287.98199851653,1525.9532621654807,623.5987631012413,27.409688582139857,38176.13075362561,29549.09867672546,8457.922074867696,1561.478022369684,630.0172089268181,27.409702171998866,37275.55601639655,29586.927723474128,8541.27341849944,1571.090087923349,630.0200840164634,27.409702171998866,36543.18819914426,28990.604010348223,8411.271697854996,1565.468445518905,629.3033507010516,27.409702171998866,0.0,0.0,0.0,0.0,0.0,0.0,0.0,0.0,0.0,0.0,0.0,0.0,0.0,0.0,0.0,0.0,0.0,0.0,0.0,0.0,0.0,0.0,0.0,0.0,0.0,0.0,0.0,0.0,0.0,0.0
"119,162",2479.2847000635174,0.0,0.0,0.0,0.0,0.0,0.0,0.0,0.0,0.0,0.0,33562.82516208349,34816.84137521911,17076.079276212993,7038.619650520997,7242.376289826749,1068.8239668472143,35799.81435693385,36920.22794226665,17942.36922528791,7301.546366288614,7540.166685801862,1068.8234993083806,36799.73264162774,37570.91964868377,18102.484294915666,7316.819605050367,7565.775558692334,1056.0181513889165,37595.03408012296,38442.45806359683,18620.374622391722,7496.3692662902895,7760.309108663073,1075.2309521301122,38570.71172583617,39638.133497354094,19054.38971454022,7686.335289191264,7914.0168952231315,1075.229483948502,0.0,0.0,0.0,0.0,0.0,0.0,0.0,0.0,0.0,0.0,0.0,0.0,0.0,0.0,0.0,0.0,0.0,0.0,0.0,0.0,0.0,0.0,0.0,0.0,0.0,0.0,0.0,0.0,0.0,0.0
"120,162",2476.2630281305137,0.0,0.0,0.0,0.0,0.0,0.0,0.0,0.0,0.0,0.0,10204.257656418109,21928.591004389407,14564.656646376032,4696.760507014219,4016.8433275344323,517.1714595953624,10849.94873548863,23370.142229917004,15052.897322063822,4831.0937825446035,4058.424571526284,513.9713186422985,11192.145360244489,24262.181038080478,15504.106444931967,4961.03282420495,4074.0429755996256,510.7729643980662,11202.209216355343,24785.187313116294,15839.359199699702,5081.491666959314,4138.016875202516,491.57965056101483,10974.658536461287,25132.577858240467,16384.691943239697,5236.717897179547,4297.982035810807,504.3734890619914,0.0,0.0,0.0,0.0,0.0,0.0,0.0,0.0,0.0,0.0,0.0,0.0,0.0,0.0,0.0,0.0,0.0,0.0,0.0,0.0,0.0,0.0,0.0,0.0,0.0,0.0,0.0,0.0,0.0,0.0
"121,162",2473.0978220902475,0.0,0.0,0.0,0.0,0.0,0.0,0.0,0.0,0.0,0.0,17414.903534038393,32848.6506175144,23612.818704128265,10860.553123337617,9321.192893012365,4022.0294766902925,17569.21758136749,33046.6147250297,23602.732694442595,10738.92994111753,9269.321303977218,4066.7528369903566,17645.355841955483,33425.24984745231,23781.761673218592,10795.772553175571,9387.526989455315,4091.5005622817025,17794.393076584387,33892.52529546326,24010.658948241027,10881.688735479467,9454.635449643227,4136.217033000086,17787.64221827844,34014.473085199614,24045.104388036914,10858.998102873444,9326.853101964089,4049.9705551577554,0.0,0.0,0.0,0.0,0.0,0.0,0.0,0.0,0.0,0.0,0.0,0.0,0.0,0.0,0.0,0.0,0.0,0.0,0.0,0.0,0.0,0.0,0.0,0.0,0.0,0.0,0.0,0.0,0.0,0.0
"122,162",2469.7901597069526,0.0,0.0,0.0,0.0,0.0,0.0,0.0,0.0,0.0,0.0,11082.433982577977,21086.306461318334,16879.63253655901,8711.563835517098,10379.989647910174,4927.49554885322,11287.009505415897,21320.02476899951,17135.773420184265,8788.467000807032,10418.254459902819,4972.161399730981,11513.333777519301,21673.021005323822,17383.374781264512,8890.525289858087,10542.199535332475,4982.522625625835,11670.012593601265,21750.247227604246,17449.298296610516,8925.926613867516,10623.76325233684,5049.509014785991,11565.21617528691,21606.89211407362,17386.50809089343,8937.569640855228,10611.76885115399,5087.779605329738,0.0,0.0,0.0,0.0,0.0,0.0,0.0,0.0,0.0,0.0,0.0,0.0,0.0,0.0,0.0,0.0,0.0,0.0,0.0,0.0,0.0,0.0,0.0,0.0,0.0,0.0,0.0,0.0,0.0,0.0
"123,162",2466.3411637354225,0.0,0.0,0.0,0.0,0.0,0.0,0.0,0.0,0.0,0.0,3335.8232618920943,4960.424481580772,6718.226494066388,4181.7518591712505,2642.1326312467163,855.0269507043502,3076.3581500408695,4915.903363124997,6793.755343028611,4153.126357776979,2525.663495830461,740.3624163739821,3171.142268107919,5103.911940710217,6978.571734496659,4172.275694591859,2496.9967334784715,727.6124397390029,3238.0648631320278,5311.039592401654,7237.714910898021,4277.437282068589,2566.0496979245954,746.7282799356124,3369.7544920556684,5658.291193620831,7466.080782481736,4495.163762238447,2699.8622963914686,794.4863790147444,0.0,0.0,0.0,0.0,0.0,0.0,0.0,0.0,0.0,0.0,0.0,0.0,0.0,0.0,0.0,0.0,0.0,0.0,0.0,0.0,0.0,0.0,0.0,0.0,0.0,0.0,0.0,0.0,0.0,0.0
"124,162",2462.752001067794,0.0,0.0,0.0,0.0,0.0,0.0,0.0,0.0,0.0,0.0,1311.3885536436942,3587.973577306785,5169.268927811641,5757.04069255193,12734.04383692087,8399.035737868853,1305.0217910056022,3706.386906599531,5350.455345791462,6022.301144425073,13677.111728731792,8887.68730893509,1305.004075313082,3913.068962616079,5690.718757389106,6429.357504431406,14841.082867447534,9817.069299395878,1423.382768391628,4149.203529039084,6081.855855516359,7007.312922276702,16363.348209290412,11045.353136980766,1458.3490879526325,4352.719011703192,6377.595264009401,7547.093444084654,17703.588874305464,12343.4976308271,0.0,0.0,0.0,0.0,0.0,0.0,0.0,0.0,0.0,0.0,0.0,0.0,0.0,0.0,0.0,0.0,0.0,0.0,0.0,0.0,0.0,0.0,0.0,0.0,0.0,0.0,0.0,0.0,0.0,0.0
"125,162",2459.0238818572543,0.0,0.0,0.0,0.0,0.0,0.0,0.0,0.0,0.0,0.0,5773.623647671119,8736.760697175006,8557.606822508456,6793.496235917596,12424.80098435645,11387.494469906302,5903.8673519901195,8876.49975972269,8687.048526273056,6982.768273657444,12786.18858908859,11616.473690655652,6046.790133695976,9105.138811636905,8956.198178032333,7151.851568770877,12862.46887587753,11563.392186512667,6217.597191817153,9295.745265294056,9178.536975786732,7320.240480971805,13184.410165338892,11756.497243247313,6179.455226189482,9406.93160681818,9327.907463953541,7456.8952627901945,13510.38109347493,12006.839323812374,0.0,0.0,0.0,0.0,0.0,0.0,0.0,0.0,0.0,0.0,0.0,0.0,0.0,0.0,0.0,0.0,0.0,0.0,0.0,0.0,0.0,0.0,0.0,0.0,0.0,0.0,0.0,0.0,0.0,0.0
"126,162",2455.1580585910237,0.0,0.0,0.0,0.0,0.0,0.0,0.0,0.0,0.0,0.0,6095.961933805428,10582.28326402739,10017.662779177872,9028.08884174029,19090.03984797328,14666.2504442991,6161.777418286192,10617.20417247847,10109.646925534455,9134.351058607474,19067.771833896637,14625.75525043899,6269.6156474655745,10813.879515276703,10239.702439870087,9176.381973213307,19124.6772345412,14730.40411417531,6285.471129567015,10886.816267119202,10296.81650575563,9193.030370454228,19273.05439284642,14785.155872883517,6263.270734936583,10813.884038077149,10189.771469534144,9113.777608374989,19023.346638986175,14743.122820404464,0.0,0.0,0.0,0.0,0.0,0.0,0.0,0.0,0.0,0.0,0.0,0.0,0.0,0.0,0.0,0.0,0.0,0.0,0.0,0.0,0.0,0.0,0.0,0.0,0.0,0.0,0.0,0.0,0.0,0.0
"127,162",2451.1558251824094,0.0,0.0,0.0,0.0,0.0,0.0,0.0,0.0,0.0,0.0,12710.791652418586,14991.607370931028,12410.304076256472,9723.36115264986,22113.87960795234,31346.61610365848,12587.217182613822,14820.521025735257,12380.23292044191,9769.611950791115,22021.705973451273,31053.36873742552,12523.818022943946,14801.373858529445,12380.106694255157,9775.900406038994,22036.504024082067,31170.085103640835,12308.486259199592,14666.010672845092,12286.96412460477,9713.399177799038,21832.297134735065,30703.244976318583,12235.647125936957,14700.820688761916,12315.46203057439,9767.18956709843,22039.74360592131,30704.37245118758,0.0,0.0,0.0,0.0,0.0,0.0,0.0,0.0,0.0,0.0,0.0,0.0,0.0,0.0,0.0,0.0,0.0,0.0,0.0,0.0,0.0,0.0,0.0,0.0,0.0,0.0,0.0,0.0,0.0,0.0
"128,162",2447.0185159890407,0.0,0.0,0.0,0.0,0.0,0.0,0.0,0.0,0.0,0.0,6155.97336190448,9502.300409733081,11491.972300037685,11614.25086940971,29598.901319742203,39099.15294142518,6401.41000731412,10039.550462423587,12118.284974863016,12356.33035841456,31475.70624519236,40709.42998662649,6369.600636730942,9976.413500248218,12063.823917775995,12136.236501254289,30919.539968275552,39838.832486902495,6306.37890530661,9860.287083096599,11914.243696440903,11814.656359760436,29977.19364210017,38186.62716057534,6243.188758621964,9851.847017889397,11881.855955011704,11804.640869273391,30204.298788914024,38360.240995870845,0.0,0.0,0.0,0.0,0.0,0.0,0.0,0.0,0.0,0.0,0.0,0.0,0.0,0.0,0.0,0.0,0.0,0.0,0.0,0.0,0.0,0.0,0.0,0.0,0.0,0.0,0.0,0.0,0.0,0.0
"129,162",1486.7824676137711,0.0,0.0,0.0,0.0,0.0,0.0,0.0,0.0,0.0,0.0,2765.818942426233,5794.970026072334,8211.227056603338,9256.955208879359,26102.9515470804,39124.979526357085,2757.3951158112172,5811.126155474606,8242.002551439698,9332.711393934138,26366.659826089824,39304.60848281243,2736.342368005304,5798.487017014447,8235.686867836412,9321.027465839945,26245.438113950284,39603.39812399453,2736.332898496179,5757.429613449994,8191.39380220245,9167.98865590002,25868.87706035353,38981.90402895423,2734.7519269326153,5796.630878667271,8237.379710685507,9277.418200507818,26143.80872859675,39277.82536835391,0.0,0.0,0.0,0.0,0.0,0.0,0.0,0.0,0.0,0.0,0.0,0.0,0.0,0.0,0.0,0.0,0.0,0.0,0.0,0.0,0.0,0.0,0.0,0.0,0.0,0.0,0.0,0.0,0.0,0.0
"86,163",57.771253194792266,0.0,0.0,0.0,0.0,0.0,0.0,0.0,0.0,0.0,0.0,2654.558067582636,1575.0674942801984,66.69824167326385,5.346508085026461,0.0,0.0,2605.3170227929663,1547.1857889614855,69.92138501242096,5.346508085026461,0.0,0.0,2673.00037597862,1597.3755822050807,69.92138501242096,5.346508085026461,0.0,0.0,3071.2112565975567,1945.405773751876,82.81290575102264,5.346508085026461,0.0,0.0,3151.1413913595916,1995.861350296993,82.81274696424896,5.346508085026461,0.0,0.0,0.0,0.0,0.0,0.0,0.0,0.0,0.0,0.0,0.0,0.0,0.0,0.0,0.0,0.0,0.0,0.0,0.0,0.0,0.0,0.0,0.0,0.0,0.0,0.0,0.0,0.0,0.0,0.0,0.0,0.0
"87,163",450.4648458922675,0.0,0.0,0.0,0.0,0.0,0.0,0.0,0.0,0.0,0.0,3386.2452790540806,2249.135872059242,471.0561519501256,99.42049707150926,9.67475175857544,0.0,3641.3572385385924,2283.449987100152,466.42785780757083,92.96988238072862,9.67475175857544,0.0,4414.962599544899,2481.192915619121,511.5644251617731,105.8663989422368,9.67475175857544,0.0,4715.29778509888,2699.3659014580294,534.1288663658441,110.70790848171009,9.67475175857544,0.0,4982.972065251482,2868.0939102275697,559.9164394649805,110.709321827047,9.67475175857544,0.0,0.0,0.0,0.0,0.0,0.0,0.0,0.0,0.0,0.0,0.0,0.0,0.0,0.0,0.0,0.0,0.0,0.0,0.0,0.0,0.0,0.0,0.0,0.0,0.0,0.0,0.0,0.0,0.0,0.0,0.0
"88,163",453.21536725572054,0.0,0.0,0.0,0.0,0.0,0.0,0.0,0.0,0.0,0.0,6180.901051289427,4771.733619002735,971.3250956254847,209.72821378707886,162.92742051143273,117.74843227349076,6618.086988736133,5316.986380366718,1096.9588702585183,229.08502507209778,174.2146611447428,117.74843227349076,6897.855933860705,5652.544546155368,1221.180677461624,254.89655923843384,187.12120797587377,127.4278329559401,7909.443426638959,6327.581831520679,1324.4107322122538,290.38645672798157,196.7991714711283,137.10624348603045,8444.203739756229,6570.269472382115,1401.8431627180064,296.84060978889465,200.02651550723058,137.1061013885573,0.0,0.0,0.0,0.0,0.0,0.0,0.0,0.0,0.0,0.0,0.0,0.0,0.0,0.0,0.0,0.0,0.0,0.0,0.0,0.0,0.0,0.0,0.0,0.0,0.0,0.0,0.0,0.0,0.0,0.0
"89,163",455.8570407773133,0.0,0.0,0.0,0.0,0.0,0.0,0.0,0.0,0.0,0.0,4593.025503613902,337.6280197872835,24.21040300387962,6.4574315547943115,0.0,0.0,5974.960073477613,501.0835392980014,30.667392769046856,6.4574315547943115,3.22853684425354,0.0,6486.880428565717,526.918542912427,37.125220337101055,6.4574315547943115,3.22853684425354,0.0,8537.182714327644,799.0293190357731,50.04080704707725,9.686296224594116,3.22853684425354,0.0,10503.898514945833,959.7698541659934,59.72593740481956,29.057510375976562,3.22853684425354,0.0,0.0,0.0,0.0,0.0,0.0,0.0,0.0,0.0,0.0,0.0,0.0,0.0,0.0,0.0,0.0,0.0,0.0,0.0,0.0,0.0,0.0,0.0,0.0,0.0,0.0,0.0,0.0,0.0,0.0,0.0
"90,163",1103.4075353552887,0.0,0.0,0.0,0.0,0.0,0.0,0.0,0.0,0.0,0.0,8890.225419601738,1513.4942985618816,106.63896107673645,45.239956855773926,3.2314627170562744,3.2314560413360596,9999.9647650326,1780.0339622142267,135.72265148162842,58.166372776031494,6.462905406951904,6.462905406951904,10844.839871169072,1939.9308672241134,135.72265148162842,64.62989640235901,12.926324844360352,6.462905406951904,12250.27455977926,2117.624621198692,163.18289676741057,77.55615520477295,12.926324844360352,3.2314493656158447,13654.049323882307,2338.1564495170815,198.7299744232028,93.71445727348328,12.926324844360352,3.2314493656158447,0.0,0.0,0.0,0.0,0.0,0.0,0.0,0.0,0.0,0.0,0.0,0.0,0.0,0.0,0.0,0.0,0.0,0.0,0.0,0.0,0.0,0.0,0.0,0.0,0.0,0.0,0.0,0.0,0.0,0.0
"91,163",2502.9432631576633,0.0,0.0,0.0,0.0,0.0,0.0,0.0,0.0,0.0,0.0,13676.701736428691,2903.0860853167146,322.6763005050958,83.43493970422185,121.42511744499207,12.934163570404053,15212.438426663828,3389.019869753894,367.93142817347655,106.87935110540951,127.89194912910462,12.934163570404053,15798.580212493973,3771.223448512133,445.5288512501062,126.2790825030383,144.05935640335082,12.934163570404053,17785.461127990835,4441.759827944811,513.4227890762628,135.9795879981097,147.29177947044371,14.722231340408324,19200.779450846654,4924.8461872549615,558.6792461666406,135.9795879981097,152.3133017063141,14.722231340408324,0.0,0.0,0.0,0.0,0.0,0.0,0.0,0.0,0.0,0.0,0.0,0.0,0.0,0.0,0.0,0.0,0.0,0.0,0.0,0.0,0.0,0.0,0.0,0.0,0.0,0.0,0.0,0.0,0.0,0.0
"92,163",2504.1761562146976,0.0,0.0,0.0,0.0,0.0,0.0,0.0,0.0,0.0,0.0,12507.449833689485,5495.786949294221,998.324340834337,354.7491748706967,408.9204712073008,119.65816307067871,13312.834140229694,5976.542063476525,1155.1652044511309,425.8961866275937,431.55975391070046,158.46515107154846,14458.277754034714,6645.261284416796,1379.9139237431918,503.51037434503144,463.8843792840546,184.33667039871216,16496.14118903665,7817.7739334817015,1695.213660816118,616.7027173416287,565.75175317035,211.64307428995767,19554.399262824714,9169.86584907326,2026.711071385589,759.0015254394681,706.2496567716786,250.45170809427896,0.0,0.0,0.0,0.0,0.0,0.0,0.0,0.0,0.0,0.0,0.0,0.0,0.0,0.0,0.0,0.0,0.0,0.0,0.0,0.0,0.0,0.0,0.0,0.0,0.0,0.0,0.0,0.0,0.0,0.0
"93,163",2505.255887907639,0.0,0.0,0.0,0.0,0.0,0.0,0.0,0.0,0.0,0.0,6669.727207985111,871.324469053044,86.09640168115205,16.17755651473999,19.412217140197754,0.0,7016.390280335556,890.7372679345748,89.33172248765534,16.17755651473999,19.412217140197754,0.0,7479.871615430421,974.8640462987563,102.27244233056611,25.88401460647583,32.3539719581604,0.0,8751.867956128774,1278.9833831422468,131.3922741310269,25.88401460647583,42.06063890457153,0.0,9607.943692358802,1451.7222460849612,147.56853603288238,35.5896201133728,51.766091108322144,3.23514723777771,0.0,0.0,0.0,0.0,0.0,0.0,0.0,0.0,0.0,0.0,0.0,0.0,0.0,0.0,0.0,0.0,0.0,0.0,0.0,0.0,0.0,0.0,0.0,0.0,0.0,0.0,0.0,0.0,0.0,0.0
"94,163",2506.182078906706,0.0,0.0,0.0,0.0,0.0,0.0,0.0,0.0,0.0,0.0,17894.87395300117,2028.4700202782947,83.79744962617463,0.0,0.0,0.0,18988.81641009929,2070.5492868264514,83.79727724954193,0.0,0.0,0.0,19709.069922934326,2091.5922421483433,83.79727724954193,0.0,0.0,0.0,20175.512330971513,2177.3697009694342,83.79727724954193,0.0,0.0,0.0,21043.00162733303,2247.3066395572587,77.32397703095978,0.0,0.0,0.0,0.0,0.0,0.0,0.0,0.0,0.0,0.0,0.0,0.0,0.0,0.0,0.0,0.0,0.0,0.0,0.0,0.0,0.0,0.0,0.0,0.0,0.0,0.0,0.0,0.0,0.0,0.0,0.0,0.0,0.0
"95,163",2506.954403517261,0.0,0.0,0.0,0.0,0.0,0.0,0.0,0.0,0.0,0.0,8736.061473336875,265.5173535346985,0.0,0.0,0.0,0.0,9445.165945456076,320.56387090682983,0.0,0.0,0.0,0.0,9828.885184906978,336.75296568870544,0.0,0.0,0.0,0.0,10336.183371390549,346.4672009944916,0.0,0.0,0.0,0.0,10496.996466642267,368.05515972773236,0.0,0.0,0.0,0.0,0.0,0.0,0.0,0.0,0.0,0.0,0.0,0.0,0.0,0.0,0.0,0.0,0.0,0.0,0.0,0.0,0.0,0.0,0.0,0.0,0.0,0.0,0.0,0.0,0.0,0.0,0.0,0.0,0.0,0.0
"96,163",2507.5725899352296,0.0,0.0,0.0,0.0,0.0,0.0,0.0,0.0,0.0,0.0,3979.1676796613956,782.2612506193274,87.43795413222968,21.045938759224086,22.65775543942171,16.19378685951233,4314.371903955236,819.325008395139,121.26315123146655,43.71863749541488,27.522895539975636,12.955126523971558,4564.206444952535,837.1341823175842,158.50484857559204,66.39146354712692,32.374780481001906,12.955126523971558,5233.871634474923,1156.1024565995908,399.79036975374413,157.0827241233751,45.33085996403413,12.955126523971558,6036.7876168830735,1372.520081646302,488.84510760868295,202.4300952247545,48.569915359160476,19.432835578918457,0.0,0.0,0.0,0.0,0.0,0.0,0.0,0.0,0.0,0.0,0.0,0.0,0.0,0.0,0.0,0.0,0.0,0.0,0.0,0.0,0.0,0.0,0.0,0.0,0.0,0.0,0.0,0.0,0.0,0.0
"97,163",2508.0364204609177,0.0,0.0,0.0,0.0,0.0,0.0,0.0,0.0,0.0,0.0,35392.057814438194,21696.704918924035,5251.439093259737,1057.34018462499,407.2757404729432,71.26894474029541,36187.13384968253,23160.16314918387,5921.227220100515,1201.4847050339567,472.78810507923953,103.66245317459106,38238.66257663053,24106.257425340016,6287.060388880149,1251.6771101839402,495.4641261783301,103.6620581150055,40480.30048543145,25204.86160381822,6653.0852513285245,1308.3473642863478,546.3929716708614,110.14115595817566,41861.735969368616,25994.179534623203,6915.472026822146,1368.268099867129,559.3495549323512,110.14115595817566,0.0,0.0,0.0,0.0,0.0,0.0,0.0,0.0,0.0,0.0,0.0,0.0,0.0,0.0,0.0,0.0,0.0,0.0,0.0,0.0,0.0,0.0,0.0,0.0,0.0,0.0,0.0,0.0,0.0,0.0
"98,163",2508.345731669631,0.0,0.0,0.0,0.0,0.0,0.0,0.0,0.0,0.0,0.0,61747.55912355629,70546.9819230865,18181.117531518375,3888.825622620302,1513.878354360543,260.006365815331,62227.20568928625,71616.17878065203,18744.110985517502,4049.1985880487105,1626.5436504579059,295.64352850072527,62807.21558349741,72672.12805732091,19142.763993327757,4221.693889749751,1722.109248083713,308.6024861728444,62858.31400222966,73320.4139110238,19483.737519477396,4325.353316806344,1818.5774604694518,340.9996622001424,63010.37597775179,74178.34159056813,20022.31543571996,4561.852742217568,1923.06176016284,350.7185862457051,0.0,0.0,0.0,0.0,0.0,0.0,0.0,0.0,0.0,0.0,0.0,0.0,0.0,0.0,0.0,0.0,0.0,0.0,0.0,0.0,0.0,0.0,0.0,0.0,0.0,0.0,0.0,0.0,0.0,0.0
"99,163",2508.500414539993,0.0,0.0,0.0,0.0,0.0,0.0,0.0,0.0,0.0,0.0,46618.13041531619,52195.646055673154,22142.992606724947,9180.193892708947,8870.049782037735,2645.891054169337,46844.0137022168,52680.842192814394,22438.897205972673,9221.399185023589,8948.267129817663,2699.3445990394143,47479.057287138574,53626.096530136405,22916.06129879671,9453.063439000822,9105.39951306792,2741.4644129584813,47960.21182686206,54068.434640169144,23145.28722847116,9596.524898009206,9273.065945155013,2770.7132305369655,48734.65380001255,55081.809212210595,23843.67443383348,10021.852510440114,9964.96240574145,2956.460331605462,0.0,0.0,0.0,0.0,0.0,0.0,0.0,0.0,0.0,0.0,0.0,0.0,0.0,0.0,0.0,0.0,0.0,0.0,0.0,0.0,0.0,0.0,0.0,0.0,0.0,0.0,0.0,0.0,0.0,0.0
"100,163",2508.5004145399994,0.0,0.0,0.0,0.0,0.0,0.0,0.0,0.0,0.0,0.0,19649.971643176734,27736.180258565793,9811.000458488279,2754.018157075433,2612.3509998938616,1296.8886651085872,20007.598562082592,28533.399458077376,10026.997226649639,2750.0537362603577,2599.7466806393045,1293.6487971829433,20286.222469811346,29129.72775821873,10206.071415198081,2761.386897456412,2658.066104076423,1303.3686012314815,21841.24681148997,30816.437289790545,10746.968372599284,2843.123843451107,2766.7763325953015,1352.692445187475,22470.054990319648,32161.30481766159,11561.992449927799,3102.232124319263,2904.304249741984,1416.4255522774713,0.0,0.0,0.0,0.0,0.0,0.0,0.0,0.0,0.0,0.0,0.0,0.0,0.0,0.0,0.0,0.0,0.0,0.0,0.0,0.0,0.0,0.0,0.0,0.0,0.0,0.0,0.0,0.0,0.0,0.0
"101,163",2508.3457316696263,0.0,0.0,0.0,0.0,0.0,0.0,0.0,0.0,0.0,0.0,20860.903833064847,24469.86196243716,12851.01112471562,5035.940661556581,4880.868987720152,2931.5529896848348,21509.30564174559,25617.120242812587,13415.000390068693,5152.572483376895,4876.816344217225,2944.5125553243306,22040.37263009595,26566.464453807534,14153.744712692152,5313.749066055521,4923.534182203517,2925.0747782819417,23312.169765689327,27890.990430944104,14990.069753629088,5531.630324032726,5064.2853001463645,2958.2877525516587,23767.809301834484,28903.0269742573,15496.182128548158,5639.348256191552,5092.342995577233,2918.8677564901463,0.0,0.0,0.0,0.0,0.0,0.0,0.0,0.0,0.0,0.0,0.0,0.0,0.0,0.0,0.0,0.0,0.0,0.0,0.0,0.0,0.0,0.0,0.0,0.0,0.0,0.0,0.0,0.0,0.0,0.0
"102,163",2462.927944135149,0.0,0.0,0.0,0.0,0.0,0.0,0.0,0.0,0.0,0.0,23684.45863104334,39665.835222006775,13322.648865669848,4171.894070112005,4273.023425842734,2439.066875501707,24421.39178142548,41488.435383265634,14320.633682634318,4512.0866710980745,4441.990231972114,2452.024141832426,25042.905317018547,42865.51048985557,15254.320020038007,4856.710900004706,4571.635566193449,2465.3379414913697,26216.377034526715,44696.5733118478,16074.44358756963,5019.807498600904,4652.618291575301,2426.463944041495,27339.17530909052,46106.74411780881,16514.71330508251,4963.441463370417,4382.039900675942,2306.2980604489644,0.0,0.0,0.0,0.0,0.0,0.0,0.0,0.0,0.0,0.0,0.0,0.0,0.0,0.0,0.0,0.0,0.0,0.0,0.0,0.0,0.0,0.0,0.0,0.0,0.0,0.0,0.0,0.0,0.0,0.0
"103,163",2507.5725899352246,0.0,0.0,0.0,0.0,0.0,0.0,0.0,0.0,0.0,0.0,18937.10498645913,48357.60712090661,18508.614835597018,5022.698376506917,4021.769714536854,2411.047549704944,19483.26724702704,50613.1972297846,19249.92291759603,5262.010544761956,4068.3925298204613,2330.798541020412,19928.578020150057,51981.287083148956,20121.3306253508,5556.739580616296,4383.006297407898,2542.123440762127,20512.826146368887,53699.44431092599,20869.918343842262,5806.918870168573,4474.042295380199,2610.1352524953727,20942.06581726168,54938.38488708103,21243.413187979717,5712.98783751095,4357.443618633232,2418.2445507217853,0.0,0.0,0.0,0.0,0.0,0.0,0.0,0.0,0.0,0.0,0.0,0.0,0.0,0.0,0.0,0.0,0.0,0.0,0.0,0.0,0.0,0.0,0.0,0.0,0.0,0.0,0.0,0.0,0.0,0.0
"104,163",2506.9544035172435,0.0,0.0,0.0,0.0,0.0,0.0,0.0,0.0,0.0,0.0,42290.71037017037,62165.70344348795,18946.249375645322,5638.912231752919,5982.199902100657,3863.9537320062227,42662.11622684236,63166.17427150596,19261.52373006765,5651.139027213115,5808.437512361303,3798.482449076222,43325.90821640725,64161.121052720504,19775.642330461393,5873.480083480535,5949.834203842574,3963.270344650979,43849.19410213864,65335.43709705109,20188.04182693257,5990.048696771323,6034.47809588582,4002.1229719283533,44187.09931859689,66004.56073264516,20434.14721176297,5966.038865457797,6044.811320983663,3980.529819087421,0.0,0.0,0.0,0.0,0.0,0.0,0.0,0.0,0.0,0.0,0.0,0.0,0.0,0.0,0.0,0.0,0.0,0.0,0.0,0.0,0.0,0.0,0.0,0.0,0.0,0.0,0.0,0.0,0.0,0.0
"105,163",2506.1820789067683,0.0,0.0,0.0,0.0,0.0,0.0,0.0,0.0,0.0,0.0,25343.596421759736,64573.47043373257,38839.536989050284,14427.983649458605,14959.617826760048,6037.19208373743,25422.639499602596,65329.754410535206,38980.56428804678,14420.138519693823,14853.340572630192,5930.548862453536,25552.112954078,65723.93040473602,39248.47799937865,14529.825816971646,14945.041205710057,5985.579163786009,25612.813519748983,65998.40841689859,39469.57425192944,14575.149730555217,14945.041629141453,6005.003145690993,25816.370385635597,66453.03996112954,39882.62516321948,14741.03841430533,14939.920331436046,6002.324885931202,0.0,0.0,0.0,0.0,0.0,0.0,0.0,0.0,0.0,0.0,0.0,0.0,0.0,0.0,0.0,0.0,0.0,0.0,0.0,0.0,0.0,0.0,0.0,0.0,0.0,0.0,0.0,0.0,0.0,0.0
"106,163",2505.255887907625,0.0,0.0,0.0,3.236229181289673,3.236233711242676,0.0,0.0,0.0,3.236229181289673,3.236233711242676,24127.522730046625,58916.04640802121,43662.053786391836,19535.842532458024,18298.328937889546,6941.57928440337,23926.908541137094,58863.78232552491,43585.93165462624,19367.683580661287,17916.591025931226,6801.459571905697,23631.02415007797,58340.03322584489,43202.582880477334,19124.187312051363,17614.87309921676,6678.50887949046,23452.13482354762,58027.03783685459,43064.79311896774,19054.60049992075,17396.371795996496,6659.093889303768,23468.662553689992,58468.08964045374,43522.914208245755,19288.268054343207,17439.26096774176,6684.983165808285,0.0,0.0,0.0,0.0,0.0,0.0,0.0,0.0,0.0,0.0,0.0,0.0,0.0,0.0,0.0,0.0,0.0,0.0,0.0,0.0,0.0,0.0,0.0,3.236229181289673,0.0,0.0,0.0,0.0,0.0,3.236233711242676
"107,163",2504.176156214682,0.0,0.0,0.0,0.0,0.0,0.0,0.0,0.0,0.0,0.0,30644.31364932621,72954.5788560755,53015.54433087088,19383.060023230202,15377.960846077227,7466.903143391889,30670.1906138953,73032.22208914756,53051.841354596385,19344.960219734792,15278.395494543336,7420.003147593666,30678.098621528286,73024.6800912801,52941.123481786024,19265.526966827994,15134.445397794947,7335.895336619545,30794.620586702866,73111.26952112983,52932.31197079865,19281.68488361228,15170.912243124081,7355.295462123085,30865.776100466293,73216.562445807,52957.27909377791,19293.63705466308,15135.315786119534,7322.946170321632,0.0,0.0,0.0,0.0,0.0,0.0,0.0,0.0,0.0,0.0,0.0,0.0,0.0,0.0,0.0,0.0,0.0,0.0,0.0,0.0,0.0,0.0,0.0,0.0,0.0,0.0,0.0,0.0,0.0,0.0
"108,163",2502.9432631576956,90.50811982154846,402.605358580982,501.01884365081787,754.0228733389986,654.531087104012,84.04402661323547,360.58558366719416,433.13768219947815,747.5582596629274,644.833849850823,37450.81305548444,76532.70015475049,58196.24045668304,21549.117387706163,11165.499890444327,2504.391964999367,37496.07453170197,76619.97069999471,58283.52516494453,21562.030288390553,11252.7738896585,2517.323112097908,37534.77616117889,76687.7564469646,58353.84008561958,21684.143932092895,11308.532019316917,2523.788142291237,37576.816556677164,76644.12802848069,58429.80890134364,21736.586120299733,11376.415292971742,2536.7203405772934,37643.909566006005,76451.71320977678,58403.95127347499,21788.30434249429,11521.153115798912,2562.5818346416245,19.39430856704712,54.95270085334778,6.464855670928955,3.232161521911621,0.0,0.0,63.92537175627316,183.52617274733151,103.43684434890747,6.464669227600098,3.232525587081909,0.0,45.25240778923035,252.12732577323914,116.36423969268799,9.696721076965332,9.696987867355347,0.0,95.34827048264297,409.78698669882385,184.2430031299591,48.48336148262024,6.464149475097656,3.2324883937835693,71.11343002319336,315.14425943692527,184.2318534449035,48.485684871673584,22.626422882080078,3.232199192047119
"109,163",2501.5576414041257,106.625408411026,466.67651607569525,1104.8979243558997,1243.1673974729051,1767.6396173000335,103.39518356323242,440.83076502856085,1082.2808045667762,1230.2451009488573,1745.0190213680266,29813.5769003625,60129.44598715725,54589.0440216027,26764.286984841965,18145.177126841456,4359.648149862476,29843.45227822229,60232.20589889919,54670.62373477898,26841.830631892823,18203.334390120417,4385.497165098377,29844.54465668715,60110.02648851451,54736.88469032586,26891.02429495699,18287.166455479237,4388.733396425434,29481.298474705447,59609.31552126922,54607.687333386544,26936.987517645775,18434.16469422509,4421.0456072236975,29309.754371315823,59285.73320963149,54325.8137681933,26974.955123722782,18537.46276886323,4433.9699372198065,38.77328419685364,54.92912721633911,9.692772150039673,0.0,0.0,0.0,149.33935941247378,165.49598754434024,90.4572126865387,25.845417499542236,6.461907625198364,3.2308802604675293,382.8317331725476,437.75556467654656,209.9998083114624,42.00180625915527,9.691892147064209,0.0,240.86680269521827,528.9625287158816,353.78749533541065,77.5486421585083,25.848710775375366,3.2309212684631348,412.1544036893284,558.9984421730042,479.8273588152493,180.94952011108398,90.47248649597168,22.616810083389282
"110,163",2500.0197766204774,51.677767276763916,77.51336932182312,135.63803696632385,182.28977485638038,175.8283490751304,51.677767276763916,77.51336932182312,132.40831518173218,179.05992241840735,175.8283490751304,17345.883437333392,48642.08602594862,49198.80954807132,26154.76235166625,18050.30594899327,2267.4461695792625,17600.95400875597,48981.36004229153,49602.389284687415,26388.85506623586,18281.172799182405,2286.819892370934,17778.328398777456,49339.77674330824,49992.00265600354,26680.250947262266,18500.1384353806,2324.7568377345215,17880.409752900927,49478.62416066282,50234.176070472306,26911.32086079355,18805.277099880517,2353.816318878473,17883.18362574671,49460.904856197514,50442.14743212812,27174.49759325888,19074.080819267383,2411.940206178964,6.459777355194092,32.298487186431885,9.68965744972229,3.2298452854156494,0.0,0.0,16.148569345474243,41.987083196640015,19.377716779708862,0.0,0.0,0.0,22.60724949836731,54.898354291915894,48.44354462623596,0.0,6.459166765213013,0.0,20.81052871685402,109.80618357658386,45.21505522727966,3.2281548976898193,0.0,0.0,24.039791307262345,103.34368348121643,45.215065002441406,3.229809284210205,0.0,0.0
"111,163",2498.3302070915493,3.2278172969818115,0.0,12.911102294921875,16.138998985290527,25.822116136550903,3.2278172969818115,0.0,12.911102294921875,16.138998985290527,25.822116136550903,17607.895414118677,55393.41030298401,43904.53303178339,14310.821248086291,5694.596590938755,446.8809720132865,18194.282123057983,57061.087970659784,45090.72725952747,14677.388866116018,5884.962650718876,446.8799866292991,18899.343604390764,58603.28912760604,46188.47927892348,15021.046437701056,6014.034977140614,458.16676743170797,19375.4249126023,59691.14975518993,46968.53202957546,15290.550509376151,6140.228072865803,458.168713165732,19812.20095017658,60547.47271570505,47483.009367226616,15516.415288371665,6215.236280576854,471.07097418448507,0.0,3.2278172969818115,0.0,0.0,0.0,0.0,0.0,0.0,0.0,0.0,0.0,0.0,0.0,3.2277300357818604,9.683372259140015,0.0,0.0,0.0,0.0,3.2278013229370117,6.455586910247803,6.455610752105713,0.0,0.0,3.2276902198791504,3.2277140617370605,16.139013528823853,3.22769832611084,0.0,0.0
"112,163",2496.4895233005623,0.0,0.0,0.0,0.0,0.0,0.0,0.0,0.0,0.0,0.0,22847.11006255898,29740.597454626426,21699.2760210084,9139.425503704595,6607.756369083068,1290.1848723477008,24251.115066605922,31227.72538087602,22982.768982062622,9830.776960904926,7026.982319800994,1353.8730978255178,25494.295331166773,32670.759791625722,24127.236578240118,10420.889871414034,7482.471256921805,1415.1460732703115,26962.960088870106,33925.16507503192,24918.932710419453,10820.659930577931,7752.193943190107,1421.5950588469411,27692.135228128056,34533.12070207315,25531.239872627633,11146.333381524739,7969.85169433706,1453.0316070509891,0.0,0.0,0.0,0.0,0.0,0.0,0.0,0.0,0.0,0.0,0.0,0.0,0.0,0.0,0.0,0.0,0.0,0.0,0.0,0.0,0.0,0.0,0.0,0.0,0.0,0.0,0.0,0.0,0.0,0.0
"113,163",2494.316076907753,0.0,0.0,0.0,0.0,0.0,0.0,0.0,0.0,0.0,0.0,30870.760367312152,37064.02349286546,15818.46842440437,4634.226526208952,2422.8174537527793,364.51176885997546,31747.12600581038,38482.10790403123,16633.507499886495,4820.293208588806,2454.227259371328,370.9590387765099,32460.606388782984,39849.939477868174,17378.970436204647,5152.96521731171,2602.4547509885306,388.67775086702085,33650.98279324981,41151.37393640069,17965.888073281687,5348.7170309375315,2702.341473553228,398.3444915229199,34602.37103102161,42225.9849972005,18491.582400907257,5501.994840836059,2779.6710538602347,408.0100541526196,0.0,0.0,0.0,0.0,0.0,0.0,0.0,0.0,0.0,0.0,0.0,0.0,0.0,0.0,0.0,0.0,0.0,0.0,0.0,0.0,0.0,0.0,0.0,0.0,0.0,0.0,0.0,0.0,0.0,0.0
"114,163",2484.225844796579,0.0,0.0,3.218665838241577,0.0,0.0,0.0,0.0,3.218665838241577,0.0,0.0,41600.008668547984,46603.98676103704,15175.489361480637,5662.833974581139,6253.7148665727345,3701.342001526963,42765.0060741733,48512.63547684632,15703.804067830477,5748.747550836264,6295.553584271785,3698.1241348677986,43660.688457306685,49908.06560418185,16282.674693953755,5867.866028896033,6377.810557558021,3688.4673524791115,45021.43015702003,51517.1733479051,16781.75832948965,5878.954762815027,6433.954302987864,3714.2182067328804,46469.93768069416,52903.585995634865,17230.29568821776,5921.329313259499,6451.471664874693,3727.083640664231,0.0,0.0,0.0,0.0,0.0,0.0,0.0,0.0,0.0,0.0,0.0,0.0,0.0,3.218665838241577,0.0,0.0,0.0,0.0,0.0,0.0,0.0,0.0,0.0,0.0,0.0,0.0,0.0,0.0,0.0,0.0
"115,163",2490.058262575383,0.0,0.0,0.0,0.0,0.0,0.0,0.0,0.0,0.0,0.0,51126.432262191585,48895.891050493025,12758.112659313163,4001.9787344670767,4166.891886351155,3501.4239307665352,51896.77481091257,49741.58278978759,12911.759394567154,4047.1808969011495,4247.303083298253,3525.5426102413853,52704.20735125542,50491.80641881345,13045.930222315883,4122.760817160326,4330.750528772205,3570.565399004431,53633.38184220931,51133.00954742431,13117.617789413416,4111.676141545352,4332.526519432255,3560.919778419943,54253.839672514034,51817.817897303896,13251.06678374141,4201.72933439928,4377.7138895502285,3661.422345749537,0.0,0.0,0.0,0.0,0.0,0.0,0.0,0.0,0.0,0.0,0.0,0.0,0.0,0.0,0.0,0.0,0.0,0.0,0.0,0.0,0.0,0.0,0.0,0.0,0.0,0.0,0.0,0.0,0.0,0.0
"116,163",2487.6201176512322,0.0,0.0,0.0,0.0,0.0,0.0,0.0,0.0,0.0,0.0,39715.84933193711,22407.495074865867,10469.70726946943,4076.1612462988087,3705.163838444504,1337.307182334451,42148.06598696334,23488.855808291715,10726.850715024799,4150.051847456951,3718.0127509219974,1325.2557120949614,44632.923280674804,24573.304683309438,10962.312596731561,4198.257787703533,3750.1366377456516,1350.956370416342,47146.66897511856,25571.092727706007,11116.551436286814,4246.422670105391,3791.8972893340915,1347.7448018223631,49564.6638885124,26754.152614264392,11457.905319012849,4370.889745662726,3782.2403443439334,1303.5658535209357,0.0,0.0,0.0,0.0,0.0,0.0,0.0,0.0,0.0,0.0,0.0,0.0,0.0,0.0,0.0,0.0,0.0,0.0,0.0,0.0,0.0,0.0,0.0,0.0,0.0,0.0,0.0,0.0,0.0,0.0
"117,163",2485.034579943256,0.0,0.0,0.0,0.0,0.0,0.0,0.0,0.0,0.0,0.0,30697.882522976633,21431.710585808287,8177.812318662567,2560.171498900769,2450.7667599472347,1712.5166892219993,31284.35993449361,21686.99565956359,8237.124751058278,2563.376373654721,2511.7730017456356,1722.148518483779,32737.382612373316,22300.891347440083,8538.838328328786,2617.9596787751893,2575.969960764343,1782.334414359635,34443.3302468328,22881.082953865385,8683.291619029698,2617.957489138959,2582.390779808456,1792.769741933486,36969.439117946815,23810.515840058233,9038.131280521317,2671.7302032900793,2640.185207203323,1805.6124405075523,0.0,0.0,0.0,0.0,0.0,0.0,0.0,0.0,0.0,0.0,0.0,0.0,0.0,0.0,0.0,0.0,0.0,0.0,0.0,0.0,0.0,0.0,0.0,0.0,0.0,0.0,0.0,0.0,0.0,0.0
"118,163",2482.302542001394,0.0,0.0,0.0,0.0,0.0,0.0,0.0,0.0,0.0,0.0,12725.456730927672,7338.778284631056,1866.5436387034024,492.21685757730523,187.81049436961905,8.012016892900654,13325.3307890864,7603.227088358823,1966.0235856458253,478.58340569196963,186.1998249138103,8.012016892900654,13694.957126023724,7822.20583800615,2054.19010367487,500.2332412560781,179.78448592073778,8.012016892900654,14767.963882192911,8049.857071093016,2140.7699939335093,522.6771816571554,181.39374841147776,8.012016892900654,16423.72815403751,8326.168500715143,2128.6628140449525,531.4913170234829,186.1977393842211,8.012016892900654,0.0,0.0,0.0,0.0,0.0,0.0,0.0,0.0,0.0,0.0,0.0,0.0,0.0,0.0,0.0,0.0,0.0,0.0,0.0,0.0,0.0,0.0,0.0,0.0,0.0,0.0,0.0,0.0,0.0,0.0
"119,163",2479.424944526623,0.0,0.0,0.0,0.0,0.0,0.0,0.0,0.0,0.0,0.0,33519.23925045799,41421.62291326335,16356.75453501776,3939.259514023276,1537.5673374297571,201.68465423583984,33537.41834353559,41416.35977677363,16336.705277427038,3918.9978322141314,1537.5655852916193,204.88647198677063,33943.36565858055,41509.02201318647,16304.695777400335,3941.3956970327044,1540.7655443313074,198.48299932479858,34412.27466832329,42180.746183429044,16578.16798054751,4010.4875579086006,1654.6710703214007,214.4877049922943,35426.46750099612,43103.7349119149,16943.171004421572,4149.212331646564,1748.5585243683233,220.8896780014038,0.0,0.0,0.0,0.0,0.0,0.0,0.0,0.0,0.0,0.0,0.0,0.0,0.0,0.0,0.0,0.0,0.0,0.0,0.0,0.0,0.0,0.0,0.0,0.0,0.0,0.0,0.0,0.0,0.0,0.0
"120,163",2476.4027756495716,0.0,0.0,0.0,0.0,0.0,0.0,0.0,0.0,0.0,0.0,12158.97943659857,29765.02181963266,17742.508346027487,5415.813552057041,1660.0206692695622,89.56020617485046,12597.9311522409,30776.304654703883,18070.33842010124,5498.4235799237795,1664.8113015960246,89.56020617485046,12858.211633326026,31427.820452026295,18417.311444707946,5595.515137693929,1674.0576949587057,86.36038184165955,12786.55191079869,31189.002137275773,18353.94420302522,5562.822505071116,1672.298632563797,89.56339454650879,12737.024271395627,31206.975221371187,18549.464383250594,5674.525606972564,1711.2356325401981,86.3647997379303,0.0,0.0,0.0,0.0,0.0,0.0,0.0,0.0,0.0,0.0,0.0,0.0,0.0,0.0,0.0,0.0,0.0,0.0,0.0,0.0,0.0,0.0,0.0,0.0,0.0,0.0,0.0,0.0,0.0,0.0
"121,163",2473.2370701692867,0.0,0.0,0.0,0.0,0.0,0.0,0.0,0.0,0.0,0.0,32745.612505777208,24928.74001884086,16524.153675896512,9633.479418604049,10755.985103710027,6765.427963484971,33169.264819180724,25507.563551647516,16861.259741415695,9662.253529379417,10763.217947198833,6861.608322905559,34022.14040451236,26342.75216627402,17372.504209389408,9903.125790658654,10980.44382545995,6957.89005560314,34024.22332237001,26764.558375793345,17722.895944402728,10104.067952086882,11035.463813306773,6977.050482458228,34111.57722164603,27035.155152019797,17851.195213888204,10136.03873770471,10981.15376520344,6930.732913794238,0.0,0.0,0.0,0.0,0.0,0.0,0.0,0.0,0.0,0.0,0.0,0.0,0.0,0.0,0.0,0.0,0.0,0.0,0.0,0.0,0.0,0.0,0.0,0.0,0.0,0.0,0.0,0.0,0.0,0.0
"122,163",2469.928908758684,0.0,0.0,0.0,0.0,0.0,0.0,0.0,0.0,0.0,0.0,51069.08033629306,44749.82023501583,16224.387740815855,5535.413177142424,3704.518581500708,1325.1069881672952,52011.829888224136,45200.81183184549,16448.48097372336,5652.3488067486705,3793.826723209082,1366.2141403338487,53038.91098140735,45658.01487077358,16666.7113938556,5754.380569825453,3840.675324824277,1388.0735458570368,53725.08176620521,45810.083263199005,16845.333143813004,5835.726231740504,3855.8123577735005,1374.2289839623022,53791.859431848345,45800.744679839,16835.699740750184,5858.0336125757185,3847.5443336131525,1374.2175983092366,0.0,0.0,0.0,0.0,0.0,0.0,0.0,0.0,0.0,0.0,0.0,0.0,0.0,0.0,0.0,0.0,0.0,0.0,0.0,0.0,0.0,0.0,0.0,0.0,0.0,0.0,0.0,0.0,0.0,0.0
"123,163",2466.4794171346657,0.0,0.0,0.0,0.0,0.0,0.0,0.0,0.0,0.0,0.0,3763.5675197124488,8168.339033020245,8127.50476512909,3974.994332974565,1816.2356146326251,213.340807538874,4082.12337847691,8939.6921174227,8753.495950990566,4200.663102164923,1899.1009937277026,210.154261451609,4041.597123454599,9038.005293422586,8917.110513967627,4285.132882300545,1942.6170450771556,206.96886907184825,3917.4110518203065,8859.730538659938,8883.723502742543,4289.924339674034,1964.8772173124203,227.13588217006009,3861.683903536142,8662.300161296247,8845.574576666777,4340.934175234215,1997.805435923969,233.5073852847604,0.0,0.0,0.0,0.0,0.0,0.0,0.0,0.0,0.0,0.0,0.0,0.0,0.0,0.0,0.0,0.0,0.0,0.0,0.0,0.0,0.0,0.0,0.0,0.0,0.0,0.0,0.0,0.0,0.0,0.0
"124,163",2462.8897652039514,0.0,0.0,0.0,0.0,0.0,0.0,0.0,0.0,0.0,0.0,1820.0820808448043,3407.9852733219373,4465.784035674263,4439.753299011903,7048.149854246776,1765.750685605816,1918.648018257291,3608.2611590806173,4634.343122127009,4602.029925390318,7268.663723451015,1845.2555495832482,2111.9256412739846,3811.802062582502,5103.648545282962,5148.880670082803,8224.339349942114,2109.221805009655,2279.602400937735,4037.5143958288077,5540.806248657376,5624.274439956629,9082.211095962337,2403.4189257154276,2317.7708045632235,4148.828228827084,5760.243870954888,5828.651257960002,9435.269919309429,2479.7604879865453,0.0,0.0,0.0,0.0,0.0,0.0,0.0,0.0,0.0,0.0,0.0,0.0,0.0,0.0,0.0,0.0,0.0,0.0,0.0,0.0,0.0,0.0,0.0,0.0,0.0,0.0,0.0,0.0,0.0,0.0
"125,163",2459.161166166965,0.0,0.0,0.0,0.0,0.0,0.0,0.0,0.0,0.0,0.0,7676.453378704482,13108.06144117935,16043.437900868583,14612.51026782522,24628.95877000117,13071.601190743726,7407.933382782281,12883.34737068625,15980.612575834872,14598.050534227783,24723.90649082988,13202.586577917547,7653.264783336603,13197.842849554734,16408.428382062913,14902.314036797543,25397.09576251834,13512.159932647031,7717.6913214926635,13325.822579653122,16511.82867758414,15003.227262341743,25666.24476669723,13670.880181107801,7732.001792305591,13241.648505774669,16418.126239916855,14922.22150001152,25443.897178396524,13458.092939887327,0.0,0.0,0.0,0.0,0.0,0.0,0.0,0.0,0.0,0.0,0.0,0.0,0.0,0.0,0.0,0.0,0.0,0.0,0.0,0.0,0.0,0.0,0.0,0.0,0.0,0.0,0.0,0.0,0.0,0.0
"126,163",2455.294875590364,0.0,0.0,0.0,0.0,0.0,0.0,0.0,0.0,0.0,0.0,3634.292213449291,7725.693491737516,10640.798870483099,10797.592701659483,22846.85393004604,18322.89366569706,3815.8877106236473,8045.166006063947,11084.082422770707,11088.484659633448,23133.857225071213,18804.87026562878,3926.8882458733574,8218.043362092036,11352.806262542686,11255.771751781536,23382.88349934185,18999.92279353703,3950.6764465537726,8257.698794694974,11409.915775847901,11389.73768357389,23418.517214831183,19139.50864974471,3937.9936939445197,8189.503067780476,11308.326307610901,11221.671080390144,23098.91630766532,18973.704433619743,0.0,0.0,0.0,0.0,0.0,0.0,0.0,0.0,0.0,0.0,0.0,0.0,0.0,0.0,0.0,0.0,0.0,0.0,0.0,0.0,0.0,0.0,0.0,0.0,0.0,0.0,0.0,0.0,0.0,0.0
"127,163",2451.29219048221,0.0,0.0,0.0,0.0,0.0,0.0,0.0,0.0,0.0,0.0,5340.315309002821,8548.480765145434,8941.91393005708,8084.867283045076,18240.889527794894,21315.06737314206,5378.304081633512,8517.530615752352,8877.685361283435,8004.998166640599,17941.130204441968,21135.503632606247,5383.0589651996015,8568.199743455065,8842.138099470327,7889.416313872618,17824.72937938466,20852.179665924526,5280.197125389997,8310.959872840433,8673.914226336574,7771.472534788356,17555.539055407284,20289.640625757333,5194.709943488066,8120.950425265817,8476.829139415891,7579.658483163048,17010.942133289223,19894.106413521487,0.0,0.0,0.0,0.0,0.0,0.0,0.0,0.0,0.0,0.0,0.0,0.0,0.0,0.0,0.0,0.0,0.0,0.0,0.0,0.0,0.0,0.0,0.0,0.0,0.0,0.0,0.0,0.0,0.0,0.0
"128,163",2447.1544483053917,0.0,0.0,0.0,0.0,0.0,0.0,0.0,0.0,0.0,0.0,8888.234296142355,11346.465271541183,11077.720337561064,10054.333627871905,21480.5646194617,40995.572222704046,8796.54777008225,11326.078792999304,11048.019409559289,10082.84493263843,21714.428628906553,42325.61125450602,8829.538215966319,11190.856983880436,10924.669091488333,9989.745657530953,21452.41534716008,42326.622073081904,8693.650914044474,10887.813114768385,10385.080014605617,9533.994815862881,20261.346331068115,40302.00966206158,8646.274313302134,10744.568783282299,10230.049875721277,9379.393454762067,19906.227114125795,39927.434461157,0.0,0.0,0.0,0.0,0.0,0.0,0.0,0.0,0.0,0.0,0.0,0.0,0.0,0.0,0.0,0.0,0.0,0.0,0.0,0.0,0.0,0.0,0.0,0.0,0.0,0.0,0.0,0.0,0.0,0.0
"129,163",2164.200100524672,0.0,0.0,0.0,0.0,0.0,0.0,0.0,0.0,0.0,0.0,28616.10803307833,35122.00846965079,23082.67563250579,14297.743216880162,22146.780370224224,26456.73307618721,28666.528178464665,35156.709013531254,23129.75491627712,14297.7097793897,22062.306241569328,26472.73928379171,28598.12705621252,35046.94447536748,22881.376319494437,14104.009234524709,21560.332033373325,25929.90335287767,28503.403766484356,34764.920551414114,22590.333373635425,13838.85499071514,20897.50902276974,24806.205900724264,28416.61525648435,34659.41102559706,22413.854261428238,13749.20529147036,20673.16334368388,24368.198423523063,0.0,0.0,0.0,0.0,0.0,0.0,0.0,0.0,0.0,0.0,0.0,0.0,0.0,0.0,0.0,0.0,0.0,0.0,0.0,0.0,0.0,0.0,0.0,0.0,0.0,0.0,0.0,0.0,0.0,0.0
"130,163",175.40095214356626,0.0,0.0,0.0,0.0,0.0,0.0,0.0,0.0,0.0,0.0,3020.0735604912625,4551.711457840602,2899.4222751869875,1561.7264378837513,1625.606046443827,1144.2881683732949,3019.7274758310878,4551.9358784245505,2883.6638044132906,1561.726849871056,1631.9103450831244,1164.9411687860302,3026.0304789038264,4592.909156231786,2934.0910495533662,1586.9410389236377,1679.184277301676,1199.6097769746593,3035.486750313815,4602.364811329748,2943.8914947509766,1609.0039933494495,1698.0933854636023,1227.6541365109238,3037.624641877529,4624.42733278742,2953.3465526103973,1631.0653236679004,1701.8881047585432,1233.9574464283737,0.0,0.0,0.0,0.0,0.0,0.0,0.0,0.0,0.0,0.0,0.0,0.0,0.0,0.0,0.0,0.0,0.0,0.0,0.0,0.0,0.0,0.0,0.0,0.0,0.0,0.0,0.0,0.0,0.0,0.0
"86,164",550.7766515271559,0.0,0.0,0.0,0.0,0.0,0.0,0.0,0.0,0.0,0.0,9115.485438991995,1634.2061353552574,476.74201567500245,129.99374866485596,2.1487741470336914,0.0,9158.467195520214,1648.9943883961323,490.1400767354404,129.99370121955872,2.1487741470336914,0.0,8994.860664157308,1664.0357090379678,538.4858788041508,142.88570427894592,2.1487741470336914,0.0,9051.258516049853,1696.8338217997084,537.9810784611049,146.10866165161133,2.1487741470336914,0.0,9225.498444061654,1743.0298053685358,547.6500592979731,149.33175802230835,2.1487741470336914,0.0,0.0,0.0,0.0,0.0,0.0,0.0,0.0,0.0,0.0,0.0,0.0,0.0,0.0,0.0,0.0,0.0,0.0,0.0,0.0,0.0,0.0,0.0,0.0,0.0,0.0,0.0,0.0,0.0,0.0,0.0
"87,164",2496.629516499824,0.0,0.0,0.0,0.0,0.0,0.0,0.0,0.0,0.0,0.0,29993.401646821643,5076.849789368873,832.8392568896797,166.3503959281772,42.985217245887306,16.127867460250854,32684.12219979062,5610.737668099123,929.5873414348152,188.92111278608735,46.20872941858628,16.127867460250854,33203.6633669769,5772.691074092715,1018.0723100017099,224.3788757427066,46.20872941858628,16.127867460250854,34028.008455757066,5935.511515646355,1059.991147072175,238.8959419418784,46.20872941858628,16.127867460250854,38174.377797022054,6664.182511392293,1200.0700105975654,259.4450500123641,44.41462011150285,16.127867460250854,0.0,0.0,0.0,0.0,0.0,0.0,0.0,0.0,0.0,0.0,0.0,0.0,0.0,0.0,0.0,0.0,0.0,0.0,0.0,0.0,0.0,0.0,0.0,0.0,0.0,0.0,0.0,0.0,0.0,0.0
"88,164",2498.4705738043913,0.0,0.0,0.0,0.0,0.0,0.0,0.0,0.0,0.0,0.0,14518.6696592546,13425.075008922464,4818.6532708158675,2468.1685141638213,3241.985792013243,5264.7905945282355,16269.512891116798,14928.06002760214,5446.276508339713,2848.9379836634093,3675.975654344933,5619.732504318275,17570.403459120735,16015.263031618264,5945.292120836295,3094.8950229775674,4101.890945892708,5952.074182699241,19943.278775657396,18535.799983125573,6661.361031453749,3429.9105178290724,4466.515471678154,6109.349622466518,20913.204021851227,19205.70428698016,6788.990868775984,3510.578714984071,4565.10240520683,6109.338706710292,0.0,0.0,0.0,0.0,0.0,0.0,0.0,0.0,0.0,0.0,0.0,0.0,0.0,0.0,0.0,0.0,0.0,0.0,0.0,0.0,0.0,0.0,0.0,0.0,0.0,0.0,0.0,0.0,0.0,0.0
"89,164",2500.1604927667136,0.0,0.0,0.0,0.0,0.0,0.0,0.0,0.0,0.0,0.0,30826.751169068208,30442.30172633657,7798.734121363772,1264.049824700636,360.8474164429833,80.70091319084167,33310.91255217907,32748.947072176838,8404.92953491585,1322.165497527403,370.5312064114739,83.9289219379425,34384.95337466072,33704.02863951384,8681.889422409207,1350.5026390833013,373.75782040988696,90.3849630355835,38790.977483490395,36778.819147802795,9551.15427297237,1538.7240904733246,402.8125760976006,93.61291694641113,42775.860643769236,38852.745036922715,9982.630127616958,1658.1885906621521,435.0983632031609,96.8409492969513,0.0,0.0,0.0,0.0,0.0,0.0,0.0,0.0,0.0,0.0,0.0,0.0,0.0,0.0,0.0,0.0,0.0,0.0,0.0,0.0,0.0,0.0,0.0,0.0,0.0,0.0,0.0,0.0,0.0,0.0
"90,164",2501.6986811106344,0.0,0.0,0.0,0.0,0.0,0.0,0.0,0.0,0.0,0.0,55728.88939233669,14306.586694032072,897.4620915076312,90.48074769973755,71.09568119049072,16.158605337142944,61282.20957917981,16076.884512116865,1083.4306473199058,112.37866622419918,96.94977807998657,16.158605337142944,63847.568020045524,16896.892991114597,1177.1337391797233,135.7200849056244,105.92336851568783,16.158605337142944,71134.30118179508,19223.456513558183,1415.1157755365557,184.1938283443451,156.9086865228765,32.31638717651367,77290.5130391523,21284.72448149756,1583.6059511072494,213.27372574806213,156.9078799528234,32.31638717651367,0.0,0.0,0.0,0.0,0.0,0.0,0.0,0.0,0.0,0.0,0.0,0.0,0.0,0.0,0.0,0.0,0.0,0.0,0.0,0.0,0.0,0.0,0.0,0.0,0.0,0.0,0.0,0.0,0.0,0.0
"91,164",2503.0845989010477,0.0,0.0,0.0,0.0,0.0,0.0,0.0,0.0,0.0,0.0,51638.03156109603,5970.317500955918,953.4111704209272,392.3041881112491,274.73557567596436,74.33964729309082,57467.64910844353,6723.254630385192,1097.0679159697363,447.97185043166667,294.12853384017944,90.5003981590271,60771.11543918309,7073.82280271661,1135.8550420340368,460.17801509183994,301.31501382378974,93.73244786262512,68265.55334555681,7838.028695528181,1259.397892228295,515.1248963860904,337.58986627634835,96.96457314491272,74404.89791987829,8494.001159460404,1334.458916355582,553.9115842370426,379.6057716565974,109.89298868179321,0.0,0.0,0.0,0.0,0.0,0.0,0.0,0.0,0.0,0.0,0.0,0.0,0.0,0.0,0.0,0.0,0.0,0.0,0.0,0.0,0.0,0.0,0.0,0.0,0.0,0.0,0.0,0.0,0.0,0.0
"92,164",2504.317758969637,0.0,0.0,0.0,0.0,0.0,0.0,0.0,0.0,0.0,0.0,31564.064280574465,10898.579617243184,2614.04231280813,948.7413457000957,922.8820989692913,362.25837993621826,32512.371064030896,11532.899664242126,2767.6732481507693,987.5571570957409,1029.6234882438885,443.1236844062805,34176.04832480282,12364.162452061035,2974.1179253980226,1061.9479048813091,1094.3016666739595,456.062034368515,36773.647926922415,13707.498091789319,3383.2495590144517,1239.8372779453503,1196.1821907754038,465.7670021057129,39560.125367225395,15313.719201015021,3850.620368364746,1437.1404448116527,1373.011006894766,494.8747515678406,0.0,0.0,0.0,0.0,0.0,0.0,0.0,0.0,0.0,0.0,0.0,0.0,0.0,0.0,0.0,0.0,0.0,0.0,0.0,0.0,0.0,0.0,0.0,0.0,0.0,0.0,0.0,0.0,0.0,0.0
"93,164",2505.397727300559,0.0,0.0,0.0,0.0,0.0,0.0,0.0,0.0,0.0,0.0,47660.55469918906,15358.330376289405,1731.8638352029463,359.67518568506426,270.7293050289154,279.45070963279875,48677.9936465441,16327.998924298381,1867.6625747577812,430.8689038800258,293.38196992874146,305.33753662483366,50270.97456680652,16993.753121045058,1957.546812963485,445.01995985180724,303.0906271934509,316.2503015340543,51930.148583788025,17499.15176409927,1999.614784908294,470.908415481156,299.8556671142578,303.30880349290135,53943.81725790641,18465.968852593855,2051.387361717224,487.0872074809729,300.93473529815674,293.6031188310361,0.0,0.0,0.0,0.0,0.0,0.0,0.0,0.0,0.0,0.0,0.0,0.0,0.0,0.0,0.0,0.0,0.0,0.0,0.0,0.0,0.0,0.0,0.0,0.0,0.0,0.0,0.0,0.0,0.0,0.0
"94,164",2506.324123373845,0.0,0.0,0.0,0.0,0.0,0.0,0.0,0.0,0.0,0.0,73714.69416815533,14883.374537008885,1025.8757769126519,213.25512269898957,100.33260297775269,61.495312213897705,75059.18517520755,15658.260512553945,1099.6140284351275,245.61989501878327,110.0420913696289,71.2052149772644,76671.82196801317,16316.169315795338,1200.8024334159552,255.3296800033719,132.69786429405212,74.44167184829712,78058.7025204303,16990.239191749984,1294.666420384949,265.04041508599823,132.69784307479858,77.67835187911987,79551.218059839,17723.101377879877,1385.300121709412,269.4833133080426,161.82640886306763,84.15148591995239,0.0,0.0,0.0,0.0,0.0,0.0,0.0,0.0,0.0,0.0,0.0,0.0,0.0,0.0,0.0,0.0,0.0,0.0,0.0,0.0,0.0,0.0,0.0,0.0,0.0,0.0,0.0,0.0,0.0,0.0
"95,164",2507.096620466609,0.0,0.0,0.0,0.0,0.0,0.0,0.0,0.0,0.0,0.0,22913.404565037,2673.570187820173,240.8280902189367,123.0544650554657,139.2460856437683,61.52728056907654,25545.949533355008,3037.403675361708,280.8915142498764,152.19764280319214,165.15190625190735,74.48053169250488,26462.25578497812,3227.6144774165805,296.00214857681124,171.6272678375244,191.05819702148438,80.95716500282288,28153.398200605436,3519.647722461177,315.4306864224228,173.78621196746826,200.77286005020142,84.19553732872009,29398.262546000766,3679.710539119384,312.1935076199326,180.26225090026855,207.24942779541016,84.19553732872009,0.0,0.0,0.0,0.0,0.0,0.0,0.0,0.0,0.0,0.0,0.0,0.0,0.0,0.0,0.0,0.0,0.0,0.0,0.0,0.0,0.0,0.0,0.0,0.0,0.0,0.0,0.0,0.0,0.0,0.0
"96,164",2507.7149459130287,0.0,0.0,0.0,0.0,0.0,0.0,0.0,0.0,0.0,0.0,16387.80159903601,7768.508097224143,1797.4429757436117,855.8387006226708,726.3253695740419,553.8455271720886,17683.243984608554,8881.949089012895,2182.047517096763,947.9604510952445,826.3219716315176,586.2346029281616,19131.42742379226,10137.364528580274,2613.108497528937,1051.6040596653434,899.1900006097907,670.4422266483307,20496.903090647156,11306.313516229742,3087.2284021919854,1146.5994462686426,989.8746269506568,709.3067293167114,22066.438041945064,12033.137131784475,3340.8702915518897,1188.7039339261896,1006.0673759740943,712.5436985492706,0.0,0.0,0.0,0.0,0.0,0.0,0.0,0.0,0.0,0.0,0.0,0.0,0.0,0.0,0.0,0.0,0.0,0.0,0.0,0.0,0.0,0.0,0.0,0.0,0.0,0.0,0.0,0.0,0.0,0.0
"97,164",2508.178881319897,0.0,0.0,0.0,0.0,6.478610515594482,0.0,0.0,0.0,0.0,3.2393062114715576,55620.98106036467,40167.64015730877,11142.90870674638,3188.394396231221,2848.619805853975,700.4609591764562,57344.23673366192,42756.38828239254,12210.225997690128,3366.7293773192982,2984.6800358706832,713.4192528528325,58300.05091874834,44563.978810951754,12703.714837805432,3471.9948971028416,3111.019980471742,713.4187185567968,60699.97867323932,46886.96689746426,13465.279789378596,3633.0531175800397,3285.051963934244,765.251772145664,61667.23730983454,48175.59851511227,13809.138731766683,3757.76792102047,3395.197056183161,787.9288096231572,0.0,0.0,0.0,0.0,0.0,0.0,0.0,0.0,0.0,0.0,0.0,0.0,0.0,0.0,0.0,0.0,0.0,0.0,0.0,0.0,0.0,0.0,0.0,0.0,3.2393062114715576,0.0,0.0,0.0,0.0,0.0
"98,164",2508.488262740359,0.0,0.0,0.0,0.0,0.0,0.0,0.0,0.0,0.0,0.0,32184.921135667726,49156.85320952453,25410.002109952064,11819.320437239667,13163.926237776697,2271.562034663967,32611.426025653353,49781.39872109937,25716.571914124954,11828.631410111633,13099.12834234518,2278.0419242952385,32967.32145542724,50605.44009518343,26057.957463212104,11974.398964007696,13291.8858712187,2294.2400117490806,33536.794995678174,51898.84450862548,26888.135474336847,12368.916061391083,13822.479142493827,2407.631519613079,34224.88693275172,53151.23882445542,27851.233812701466,12845.16619609758,14470.436479158026,2501.584020433239,0.0,0.0,0.0,0.0,0.0,0.0,0.0,0.0,0.0,0.0,0.0,0.0,0.0,0.0,0.0,0.0,0.0,0.0,0.0,0.0,0.0,0.0,0.0,0.0,0.0,0.0,0.0,0.0,0.0,0.0
"99,164",2508.6429808040234,0.0,0.0,0.0,0.0,0.0,0.0,0.0,0.0,0.0,0.0,14281.022142263488,31176.686625590977,20764.275422170114,10124.118545454623,12314.327998351117,4568.413823001525,14563.613407766117,32243.02176684305,21469.867101651547,10218.065356219982,12294.533144276751,4532.774415843627,14863.138612424626,32940.402350922195,21963.13018455131,10595.909080002355,12678.462361757429,4616.289455526015,15289.365273629917,34212.70488183265,22875.35136808975,11174.248280706592,13588.892529081832,4891.686608903548,15945.630656396641,35905.02441113042,24247.78842860951,12022.699513670977,14820.065377121346,5092.5645118881675,0.0,0.0,0.0,0.0,0.0,0.0,0.0,0.0,0.0,0.0,0.0,0.0,0.0,0.0,0.0,0.0,0.0,0.0,0.0,0.0,0.0,0.0,0.0,0.0,0.0,0.0,0.0,0.0,0.0,0.0
"100,164",2508.642980804013,0.0,0.0,0.0,0.0,0.0,0.0,0.0,0.0,0.0,0.0,13639.620226163488,21971.51037834298,6134.468351241655,1693.561943724576,1346.3768939102397,851.387431935703,15132.343273067474,23210.789589468637,6400.858354371202,1698.5936026685376,1357.6594650249856,867.5871792596929,16005.675083466136,24319.55614856271,6626.017676158045,1766.797793555727,1406.2593395214453,881.27121479932,17096.135951301163,25993.89528087915,7207.586227376788,1864.0102508629068,1517.86659728873,896.0226976001964,18165.24806045738,27893.009496664534,7954.710536041446,2057.1252079496194,1610.3771326046362,940.5561228378147,0.0,0.0,0.0,0.0,0.0,0.0,0.0,0.0,0.0,0.0,0.0,0.0,0.0,0.0,0.0,0.0,0.0,0.0,0.0,0.0,0.0,0.0,0.0,0.0,0.0,0.0,0.0,0.0,0.0,0.0
"101,164",2508.48826274038,0.0,0.0,0.0,0.0,0.0,0.0,0.0,0.0,0.0,0.0,17797.05866565237,18552.60570918439,7717.616422163272,2445.5068656902686,2341.9337458208497,2091.5680976811577,18420.899017474232,20098.514332192557,8212.894550793779,2621.888646500718,2367.852596242755,2172.5626660290886,18768.625670158166,21189.809481324406,8621.104515784396,2718.344628608928,2465.0463921621736,2204.9613557759453,19774.031677986597,22711.299292943062,9289.26000754693,2922.4501629240376,2531.6461205099145,2216.11584147659,20759.922301526163,24145.06070442948,9693.003381371967,3032.640829907212,2549.2815076902803,2201.5435520695705,0.0,0.0,0.0,0.0,0.0,0.0,0.0,0.0,0.0,0.0,0.0,0.0,0.0,0.0,0.0,0.0,0.0,0.0,0.0,0.0,0.0,0.0,0.0,0.0,0.0,0.0,0.0,0.0,0.0,0.0
"102,164",2503.7035429677453,0.0,0.0,0.0,0.0,0.0,0.0,0.0,0.0,0.0,0.0,12867.103966696122,29221.80350164433,12692.453976319819,3279.2185387639433,2060.0403421476776,454.94341623736364,14637.496507999009,33314.15357052485,14680.609138816944,3809.201270434435,2286.7908020571167,461.4229010338877,15768.166901797875,35947.855834773,16216.035405394608,4208.171750637129,2532.604556244495,506.7726949448679,17319.95629060876,39149.029408036025,17669.798915749903,4595.634340282514,2661.810732392704,532.6861168141459,18562.595745266182,41782.24753096618,18680.6102475933,4794.060314899332,2655.337453631794,519.7291225190256,0.0,0.0,0.0,0.0,0.0,0.0,0.0,0.0,0.0,0.0,0.0,0.0,0.0,0.0,0.0,0.0,0.0,0.0,0.0,0.0,0.0,0.0,0.0,0.0,0.0,0.0,0.0,0.0,0.0,0.0
"103,164",2474.1459919125355,0.0,0.0,0.0,0.0,0.0,0.0,0.0,0.0,0.0,0.0,22534.020862215642,37804.88047005055,11723.655047114691,3147.4378948679164,2060.7022295082315,609.6626010137445,23702.94756024492,39883.60770619618,12518.329649767222,3295.728941684611,2057.4629614437326,599.9468105035669,24780.68225527932,41780.85336751564,13179.988691987244,3484.788073835186,2184.146430395164,603.1860001283533,25596.95470401353,43546.74198186726,13880.939650099886,3631.428025854335,2223.3830292580174,603.1862170892603,26310.29288449194,45046.37911960098,14353.024385411132,3654.827623793658,2064.6817179081486,544.8910558420068,0.0,0.0,0.0,0.0,0.0,0.0,0.0,0.0,0.0,0.0,0.0,0.0,0.0,0.0,0.0,0.0,0.0,0.0,0.0,0.0,0.0,0.0,0.0,0.0,0.0,0.0,0.0,0.0,0.0,0.0
"104,164",2485.5813553113617,0.0,0.0,0.0,0.0,0.0,0.0,0.0,0.0,0.0,0.0,87947.77063200614,46353.6534607691,6359.369971949446,923.2077902148751,774.253744203904,456.5642988681793,90235.38664200447,47730.16491045859,6522.923593964297,975.0186451266793,780.7309206317452,456.5634219646454,91491.98077087589,48767.454957748865,6720.458275284487,1004.1621981452492,816.3517597507027,472.7537202835083,93475.84827934153,50435.80671331275,6970.0007942040775,1056.326794304567,813.1138232539681,472.75371408462524,94902.64972999142,51475.05999596353,7158.485539222232,1066.0397843501146,816.352571327546,463.03957748413086,0.0,0.0,0.0,0.0,0.0,0.0,0.0,0.0,0.0,0.0,0.0,0.0,0.0,0.0,0.0,0.0,0.0,0.0,0.0,0.0,0.0,0.0,0.0,0.0,0.0,0.0,0.0,0.0,0.0,0.0
"105,164",2506.3241233738026,0.0,0.0,0.0,0.0,0.0,0.0,0.0,0.0,0.0,0.0,75055.98248699785,69425.92893119888,17151.555714600694,5210.588795833027,5383.121070506526,1958.7594526309595,76361.93045563885,69988.07522950921,17423.448662387622,5223.532097987568,5365.502544161853,1957.1344629689759,77102.75257864279,70035.24706481019,17434.953778249142,5246.184080056584,5371.970825192508,1935.9135606503955,77929.73182306942,70285.92163504528,17600.826401677787,5191.1536235136155,5333.125486847934,1914.6896038186317,78393.09177840828,71320.96850132663,17953.440684312933,5263.568931269178,5336.36014437395,1938.9698500371446,0.0,0.0,0.0,0.0,0.0,0.0,0.0,0.0,0.0,0.0,0.0,0.0,0.0,0.0,0.0,0.0,0.0,0.0,0.0,0.0,0.0,0.0,0.0,0.0,0.0,0.0,0.0,0.0,0.0,0.0
"106,164",2505.3977273005485,0.0,0.0,0.0,0.0,0.0,0.0,0.0,0.0,0.0,0.0,70843.2701894779,67601.78822686718,15878.108368206957,4492.403664347705,5059.110740061367,2854.580311879925,71296.55573297014,68376.80983671674,16117.565589726206,4515.0700335951415,5091.306162029154,2896.6478654001276,71210.61640719713,68310.2081851052,16091.202772827712,4523.876433811001,5060.570891073638,2872.552185968324,71576.15449528694,68894.4316950368,16410.658935891883,4625.805954306734,5133.386038980297,2921.6733603196985,71618.39672355371,69105.48582657552,16652.625830984114,4667.876046136782,5139.851581058315,2902.256686897839,0.0,0.0,0.0,0.0,0.0,0.0,0.0,0.0,0.0,0.0,0.0,0.0,0.0,0.0,0.0,0.0,0.0,0.0,0.0,0.0,0.0,0.0,0.0,0.0,0.0,0.0,0.0,0.0,0.0,0.0
"107,164",2504.317758969687,0.0,0.0,0.0,0.0,0.0,0.0,0.0,0.0,0.0,0.0,32967.60989626716,63197.910460745115,42994.92384227397,16720.42962542515,11454.70153996056,3067.3976921343337,32992.995484885985,63122.50809308032,42622.99158772113,16455.215688857843,11213.323561163508,3085.1944753487905,32787.335529011376,62822.078820855946,42258.61501487096,16345.736592097375,11172.89461195796,3066.9862036069235,32864.46967505848,63259.116485136634,42515.05209802647,16345.73532943258,11219.792966201258,3063.7454583009085,32643.322430810742,63232.13784874373,42423.36273688522,16135.869340645098,11056.8642239982,3041.1025809605917,0.0,0.0,0.0,0.0,0.0,0.0,0.0,0.0,0.0,0.0,0.0,0.0,0.0,0.0,0.0,0.0,0.0,0.0,0.0,0.0,0.0,0.0,0.0,0.0,0.0,0.0,0.0,0.0,0.0,0.0
"108,164",2503.0845989010745,45.25613021850586,74.3499858379364,219.79848384857178,956.1660200726752,933.6019107846653,45.25613021850586,74.3499858379364,219.79848384857178,949.7013885152106,927.1372618226444,27528.75637226666,57058.94462896328,44384.53833849103,20491.79989706021,15973.228507521573,5139.03479552269,27601.23300453728,57250.15885090735,44414.34797516898,20473.585806243562,16037.878958466474,5126.097501039505,27639.109707226475,57227.07872209643,44450.3701172997,20541.480167262696,16096.06959865888,5211.357984692442,27706.998694767673,57294.05607228559,44588.240639807205,20664.320387475633,16158.304333708335,5221.055046946394,27497.927602106916,56900.26760684836,44440.27273613706,20591.985308759355,16006.339247963477,5172.551693827498,12.929934740066528,19.3957097530365,9.697861194610596,3.2326245307922363,0.0,0.0,16.16304850578308,38.79110407829285,16.163190364837646,3.232642889022827,0.0,0.0,42.019530296325684,106.66615056991577,67.88016605377197,0.0,3.2326369285583496,0.0,237.56060487709794,445.3144103190478,205.41232965413263,42.019078969955444,19.394964694976807,0.0,219.07989947375128,360.402827723821,247.44614319707836,84.0458414554596,16.16254997253418,0.0
"109,164",2501.698681110591,9.694128036499023,16.157670974731445,361.88878553334405,1380.4604476246182,848.9075165383956,9.694128036499023,16.157670974731445,361.88878553334405,1367.5367785248104,832.7526565187118,26206.545501859513,59488.089274553226,58204.9540033247,26179.96504768671,18123.932258669534,4995.088005960689,26426.08989854794,59782.39385433945,58485.23619973426,26283.10669812969,18317.790381971994,5031.83411247777,26573.756969309787,60224.94334038004,58775.44460398918,26425.013346556123,18448.635202253565,5098.235968162499,26651.267394274357,60367.5432193223,59017.00846398204,26603.901114511493,18693.752534989748,5202.835122410456,26439.751373348052,60150.212325640285,58809.54588366303,26628.106766287485,18722.822678689394,5254.86237787546,3.2317163944244385,3.2307281494140625,3.2316834926605225,0.0,0.0,0.0,6.462698698043823,3.2316901683807373,3.2316508293151855,3.231631278991699,0.0,0.0,101.7857102805493,147.01260541560603,80.77945256233215,22.617692232131958,9.69332504272461,0.0,329.6077415943146,477.3268656833499,344.1178517986747,158.32322359085083,51.698758602142334,6.462337255477905,175.21158988896536,315.21308086058673,219.5421543177436,71.08647680282593,38.77474570274353,12.924608945846558
"110,164",2500.1604927666717,3.2297723293304443,51.673543214797974,180.86285781860352,214.59660446877572,204.9091145880082,3.2297723293304443,38.755080461502075,158.25486993789673,214.59660446877572,195.2199959642747,13910.02978723283,39012.258548082085,41074.29269296515,21195.76314672676,20821.478395046906,7920.774846050786,14165.105227387186,39465.336972055244,41659.37327522951,21545.342844776074,21110.453390264513,8045.647124205383,14405.976480864545,40135.94521008378,42292.18792775378,21904.1860099858,21617.37950094354,8218.217562817592,14588.406303174826,40660.06174666273,42887.79721394987,22314.2553022927,22045.2081683617,8363.523391865749,14798.210094558493,41107.98343544286,43233.74919414239,22622.086189730027,22301.361942365125,8395.44618907349,0.0,3.2297723293304443,0.0,0.0,0.0,0.0,9.688645601272583,29.066434860229492,0.0,0.0,0.0,0.0,45.214571714401245,51.67508578300476,58.13525199890137,3.2299604415893555,0.0,0.0,74.2845196723938,90.43359446525574,33.72934043641184,0.0,6.45947790145874,9.689671993255615,25.838780879974365,127.39477919410257,22.608800172805786,9.688865423202515,3.229597330093384,6.459172964096069
"111,164",2498.4705738044913,0.0,0.0,0.0,6.452157258987427,3.226074457168579,0.0,0.0,0.0,6.452157258987427,3.226074457168579,12114.839493044687,26511.832093138797,34045.23072881231,21454.685800849686,17187.618097283794,1873.7509269779805,12532.706496181676,27152.898170424447,35074.59927757394,22118.281307929166,17611.49541562118,1913.544119603026,12991.600529395833,28036.363643032902,36285.74006026773,22915.87241222905,18146.32673450171,1950.6471838698667,13351.407754721362,28673.364033081954,37025.8024843431,23372.13045790242,18594.413745922197,1969.159979087231,13654.350511505092,29250.16634179845,37833.73199179219,23900.30215687004,18979.993228734707,2017.9208764740063,0.0,0.0,0.0,0.0,0.0,0.0,0.0,0.0,0.0,0.0,0.0,0.0,0.0,0.0,0.0,0.0,0.0,0.0,0.0,0.0,3.226074457168579,3.2260828018188477,0.0,0.0,0.0,0.0,3.226074457168579,0.0,0.0,0.0
"112,164",1368.576809197425,0.0,0.0,0.0,0.0,0.0,0.0,0.0,0.0,0.0,0.0,4041.73689733767,12042.743903151682,11173.529209804534,5363.707453959595,4291.063507084753,1018.2610394290849,4228.779656620586,12566.960158239628,11555.328850501191,5659.86394068587,4458.418079921311,1063.4121922782824,4416.2191927638705,12968.086863301782,12030.282151113772,5985.54233771025,4798.160974420285,1102.114702873604,4514.702653919481,13159.288448104671,12246.131359069486,6106.373167606429,4867.292866690019,1088.861414377362,4524.38389876964,13047.975441860686,12261.21132701799,6170.068586716932,4957.392142300512,1078.8335806884018,0.0,0.0,0.0,0.0,0.0,0.0,0.0,0.0,0.0,0.0,0.0,0.0,0.0,0.0,0.0,0.0,0.0,0.0,0.0,0.0,0.0,0.0,0.0,0.0,0.0,0.0,0.0,0.0,0.0,0.0
"113,164",761.0483224119371,0.0,0.0,0.0,0.0,0.0,0.0,0.0,0.0,0.0,0.0,15849.121244852215,13337.904242158404,5700.3027747977,1861.8645615764694,1051.509044277902,180.4415123462677,16162.029008493237,13676.79254117947,5785.613820017085,1874.7417931855896,1066.0041388549057,177.21897315979004,16322.06425852121,13959.941210144641,5893.949947220671,1897.3002374471405,1091.7823888339249,175.60106730367625,16516.962801931422,14160.561941477834,5975.03597481017,1904.5554934604497,1120.7855683840955,172.3791167726704,16667.124227678076,14357.610904318679,5961.081162119846,1896.489998708987,1117.5627044715131,185.26737165357554,0.0,0.0,0.0,0.0,0.0,0.0,0.0,0.0,0.0,0.0,0.0,0.0,0.0,0.0,0.0,0.0,0.0,0.0,0.0,0.0,0.0,0.0,0.0,0.0,0.0,0.0,0.0,0.0,0.0,0.0
"114,164",1996.561835377719,0.0,0.0,0.0,0.0,0.0,0.0,0.0,0.0,0.0,0.0,21267.33129533973,33402.17575682005,12432.02041882627,3790.4588496367132,1840.3413387102237,222.02180739290574,22104.133234691617,34291.1522904368,12455.738673468199,3816.0141320537114,1857.633343590007,225.2407905662761,22731.909881599277,35290.56535274749,12643.385652595409,3890.053749830582,1880.1707281000472,234.8956954086528,23359.144442255358,36240.76312872195,12827.747894436705,3909.3735030005955,1886.611472261653,234.89517970926622,23865.769287291696,37008.039210535506,12910.929251735348,3959.2675070790683,1870.5240603811599,222.02129836923936,0.0,0.0,0.0,0.0,0.0,0.0,0.0,0.0,0.0,0.0,0.0,0.0,0.0,0.0,0.0,0.0,0.0,0.0,0.0,0.0,0.0,0.0,0.0,0.0,0.0,0.0,0.0,0.0,0.0,0.0
"115,164",2485.0317633475315,0.0,0.0,0.0,0.0,0.0,0.0,0.0,0.0,0.0,0.0,33157.54281190985,32770.232882306154,14240.887165631499,4379.576166136125,3045.353165165583,1047.0808718129701,35000.68487887757,33662.84466831076,14709.245480356964,4469.798856005949,3122.5414784113564,1032.6037516032948,36538.12216304517,34325.32353093671,14998.783414693908,4559.856251464171,3169.1752622707218,1072.3999544265225,38650.34414423868,35391.513963412304,15317.839586159762,4630.607931599898,3172.381269274506,1085.9814561628828,40882.211487039865,36364.99347072957,15734.203152105858,4752.237106457879,3280.118873536353,1134.221867682887,0.0,0.0,0.0,0.0,0.0,0.0,0.0,0.0,0.0,0.0,0.0,0.0,0.0,0.0,0.0,0.0,0.0,0.0,0.0,0.0,0.0,0.0,0.0,0.0,0.0,0.0,0.0,0.0,0.0,0.0
"116,164",2487.7584157599854,0.0,0.0,0.0,0.0,0.0,0.0,0.0,0.0,0.0,0.0,45100.107625127304,17415.138045904685,5366.14483165367,2235.706231015336,2935.400656723509,2065.3637706345203,46080.46617618355,17877.191041574293,5415.558445178762,2254.991239922654,2990.031721853743,2091.481573084289,47569.918096605,18408.456108717826,5539.4497580388015,2281.8926420875623,3015.7286327118973,2140.875362740311,49301.37697536244,19077.04763820125,5648.010284182605,2281.880308674831,2933.3706378936768,2130.516471000746,52138.17219380117,20123.934718458328,5844.518708318823,2318.5951478920733,2965.506807565689,2122.4888685413434,0.0,0.0,0.0,0.0,0.0,0.0,0.0,0.0,0.0,0.0,0.0,0.0,0.0,0.0,0.0,0.0,0.0,0.0,0.0,0.0,0.0,0.0,0.0,0.0,0.0,0.0,0.0,0.0,0.0,0.0
"117,164",2485.1724155819225,0.0,0.0,0.0,0.0,0.0,0.0,0.0,0.0,0.0,0.0,24965.5000648966,9733.64248451719,1661.086895941753,454.07101588716694,272.81575989723206,176.60791945457458,26857.11322575457,10338.308193372277,1760.5671627512165,492.58045726289936,279.23471903800964,179.81910252571106,28127.239543052747,10781.118834878884,1830.436884093752,501.49091551911596,282.4450650215149,179.81910252571106,30209.252503556832,11768.762836806913,1939.5281421427633,517.5360376657225,298.4888060092926,179.81910252571106,33206.239885484465,13068.176178751739,2266.8227099661735,594.5500910104489,327.3688688278198,176.60793161392212,0.0,0.0,0.0,0.0,0.0,0.0,0.0,0.0,0.0,0.0,0.0,0.0,0.0,0.0,0.0,0.0,0.0,0.0,0.0,0.0,0.0,0.0,0.0,0.0,0.0,0.0,0.0,0.0,0.0,0.0
"118,164",2482.4399044699367,0.0,0.0,0.0,0.0,0.0,0.0,0.0,0.0,0.0,0.0,16295.499933113771,12544.65665248796,2595.7062596423957,721.3264319896698,293.3507611508463,4.803607821932026,17525.91727790739,13590.666177621542,2800.8956941707465,785.4519529342651,333.4191652671964,8.009463906755634,18188.726415662204,14287.28953041002,3066.0890326911326,887.144593816645,359.0665372745664,8.009463906755634,18484.161729569525,14767.583324002288,3437.937097836476,999.344929080851,389.52879849882686,8.009463906755634,18864.410718725238,15483.467773174772,3757.0700824831047,1124.3748816069435,426.39510875028725,4.803607821932026,0.0,0.0,0.0,0.0,0.0,0.0,0.0,0.0,0.0,0.0,0.0,0.0,0.0,0.0,0.0,0.0,0.0,0.0,0.0,0.0,0.0,0.0,0.0,0.0,0.0,0.0,0.0,0.0,0.0,0.0
"119,164",2479.5618257245646,0.0,0.0,0.0,0.0,0.0,0.0,0.0,0.0,0.0,0.0,24825.766687036026,18093.080571543935,5541.696580065933,1535.7580695872211,681.2085270788155,92.79829141953412,25643.762196907344,18492.80578609728,5588.107270754085,1573.1128287867002,717.471726584902,95.99957678177778,26313.234962149232,18920.932149943183,5647.834944559546,1597.6708606458178,730.2724920992757,102.40127918579999,26398.097042930833,19106.045319329987,5662.236618798387,1608.3265789106779,717.4683295969869,102.40127918579999,27246.506644955807,19646.35733327585,5705.278567330978,1633.9480567530088,733.4750329737569,105.60171005585615,0.0,0.0,0.0,0.0,0.0,0.0,0.0,0.0,0.0,0.0,0.0,0.0,0.0,0.0,0.0,0.0,0.0,0.0,0.0,0.0,0.0,0.0,0.0,0.0,0.0,0.0,0.0,0.0,0.0,0.0
"120,164",2476.5391701543263,0.0,0.0,0.0,0.0,0.0,0.0,0.0,0.0,0.0,0.0,22239.039378353198,25892.54129381554,18065.684933217366,8355.436016324922,5114.940254365697,1632.0564702379936,22564.011216314168,26359.665670477174,18383.43073860804,8566.681776710584,5256.549650664423,1702.4056461680168,22878.414568937525,26860.795454776053,18728.345752239224,8689.252352901534,5362.44810962303,1763.16794999721,22774.930001681456,26836.86638720456,18886.69006483695,8832.105665632324,5481.120012068281,1782.3514922487968,22557.62694698689,26661.591412707872,18747.26302148127,8697.789542146758,5405.957878155802,1743.9794720041984,0.0,0.0,0.0,0.0,0.0,0.0,0.0,0.0,0.0,0.0,0.0,0.0,0.0,0.0,0.0,0.0,0.0,0.0,0.0,0.0,0.0,0.0,0.0,0.0,0.0,0.0,0.0,0.0,0.0,0.0
"121,164",2473.3729753121356,0.0,0.0,0.0,0.0,0.0,0.0,0.0,0.0,0.0,0.0,26732.005363175453,34016.51160645952,23160.089919414706,8153.03703546898,5654.569076592314,1552.6819919025197,27158.132724132727,34501.45111956877,23463.65021487311,8260.94133293395,5702.149157338983,1568.6527229224935,27809.447275599312,35488.47608008665,23993.986044780875,8383.952195938895,5773.278483354344,1632.5389583980336,28727.067972881654,36325.364621363435,24548.251904871882,8492.56037217028,5818.477308892268,1619.762518492867,29115.011321159436,36572.27491510335,24652.816032948213,8543.676957424948,5818.469045304317,1614.9793732063445,0.0,0.0,0.0,0.0,0.0,0.0,0.0,0.0,0.0,0.0,0.0,0.0,0.0,0.0,0.0,0.0,0.0,0.0,0.0,0.0,0.0,0.0,0.0,0.0,0.0,0.0,0.0,0.0,0.0,0.0
"122,164",2470.064324689761,0.0,0.0,0.0,0.0,0.0,0.0,0.0,0.0,0.0,0.0,117930.08223099336,25620.154566886384,3759.651086236917,757.5870445204716,623.9033041795094,220.350526861116,117516.2480229088,25554.14741637753,3749.970394136392,751.2026770544987,626.0307034651439,220.35041432754667,117754.18925753106,25634.70104432386,3732.5748074690505,751.2062778902989,632.4060267607372,220.3527732409683,118494.68712787628,25771.564162226285,3777.224035247167,757.0418124198914,613.2776662508647,220.3527732409683,118958.56510019585,25838.636260243024,3766.610233926773,747.4780530929565,613.275600830714,217.15609317199858,0.0,0.0,0.0,0.0,0.0,0.0,0.0,0.0,0.0,0.0,0.0,0.0,0.0,0.0,0.0,0.0,0.0,0.0,0.0,0.0,0.0,0.0,0.0,0.0,0.0,0.0,0.0,0.0,0.0,0.0
"123,164",2466.6143468793,0.0,0.0,0.0,0.0,0.0,0.0,0.0,0.0,0.0,0.0,42543.60291278596,32343.91700806804,15119.661314653884,9038.535192307303,12675.263020416334,6640.611936714135,42280.357976216896,32208.442472205443,15116.969431639654,9126.092539825626,12789.798815544913,6723.411415245018,42395.82710900494,32339.434884204114,15136.28040233687,9108.569739309012,12777.029016591054,6659.706043865166,42674.391151362775,32607.121231211866,15252.572307723178,9172.85807434157,12791.822217317656,6618.335417654,43163.79840174376,32920.5990049465,15393.866012314253,9198.336417828355,12947.896375747756,6745.749893094979,0.0,0.0,0.0,0.0,0.0,0.0,0.0,0.0,0.0,0.0,0.0,0.0,0.0,0.0,0.0,0.0,0.0,0.0,0.0,0.0,0.0,0.0,0.0,0.0,0.0,0.0,0.0,0.0,0.0,0.0
"124,164",2463.024214707765,0.0,0.0,0.0,0.0,0.0,0.0,0.0,0.0,0.0,0.0,2285.5344383034053,2460.7227776976188,1755.959415732178,672.1830194791158,985.608219649745,168.82501335237538,2642.40505473941,2763.5382507773,2045.3358717544406,821.626178820928,1115.9664697908888,200.63351173494374,2989.0164415153804,3228.5227070780356,2422.011407433304,1061.6859698491937,1340.8217511186413,283.3068739900402,3178.2164592284785,3550.4062446089347,2646.01478582457,1189.5680396220264,1515.52328786289,352.3695872288124,3273.6511823672877,3554.785213937011,2684.167588995952,1208.6527578494129,1510.3601858671975,349.19196395687027,0.0,0.0,0.0,0.0,0.0,0.0,0.0,0.0,0.0,0.0,0.0,0.0,0.0,0.0,0.0,0.0,0.0,0.0,0.0,0.0,0.0,0.0,0.0,0.0,0.0,0.0,0.0,0.0,0.0,0.0
"125,164",2459.295144334261,0.0,0.0,0.0,0.0,0.0,0.0,0.0,0.0,0.0,0.0,8445.125164807077,8050.574476025151,6858.556846463446,3836.522137582069,2755.1916220421886,472.6444439355065,8840.17434595239,8732.618333103143,7437.819323435951,4169.621836446314,2980.72624447299,478.99782199298636,9902.202712929484,9703.819270248041,8064.536142012653,4565.084952860252,3348.546670698652,529.8361143532921,10580.271426919862,10165.293210749534,8521.685205384798,4808.990925155901,3573.862531533896,532.2955078012803,10715.61311028705,10347.8656466615,8712.627614820705,4947.142618270013,3640.562837234198,516.4043423063615,0.0,0.0,0.0,0.0,0.0,0.0,0.0,0.0,0.0,0.0,0.0,0.0,0.0,0.0,0.0,0.0,0.0,0.0,0.0,0.0,0.0,0.0,0.0,0.0,0.0,0.0,0.0,0.0,0.0,0.0
"126,164",2455.4283943105456,0.0,0.0,0.0,0.0,0.0,0.0,0.0,0.0,0.0,0.0,5949.937901231354,8567.02862230656,5706.373278357002,3594.467180116504,3258.506278887917,2118.335711665247,7094.586626502579,9836.229768409916,6085.700101456924,3761.2440904112427,3340.995260134865,2162.7767447901706,7824.490370232452,10804.982426752764,6580.58063343927,4043.5039814444153,3503.4796788636377,2227.812519207188,8232.517953899795,11218.594289365468,6845.008929279739,4163.142214661018,3570.0992462578943,2296.012220994164,8964.568959880342,11854.50549079951,7080.865502978307,4193.6890782777,3639.8594722691705,2310.333002688838,0.0,0.0,0.0,0.0,0.0,0.0,0.0,0.0,0.0,0.0,0.0,0.0,0.0,0.0,0.0,0.0,0.0,0.0,0.0,0.0,0.0,0.0,0.0,0.0,0.0,0.0,0.0,0.0,0.0,0.0
"127,164",1074.8132021891429,0.0,0.0,0.0,0.0,0.0,0.0,0.0,0.0,0.0,0.0,1278.5688929361459,2110.893297518001,1829.2063296822944,1835.4502882144031,4638.494296880796,4489.555552789277,1431.979185105305,2265.348187834609,1845.6375521285863,1831.6165333383221,4467.093434742385,4198.038771456363,1503.746665661008,2359.3626249855643,1917.0230012192446,1850.4533270237491,4488.020680914673,4214.080705624936,1547.2451872872373,2363.960750162835,1904.3629794373232,1846.5931551306855,4500.702960739884,4207.951865481395,1579.3106785288046,2387.946068429012,1916.8471187161467,1817.6089638532378,4399.2287425948125,4150.608466532651,0.0,0.0,0.0,0.0,0.0,0.0,0.0,0.0,0.0,0.0,0.0,0.0,0.0,0.0,0.0,0.0,0.0,0.0,0.0,0.0,0.0,0.0,0.0,0.0,0.0,0.0,0.0,0.0,0.0,0.0
"128,164",833.5102415203901,0.0,0.0,0.0,0.0,0.0,0.0,0.0,0.0,0.0,0.0,1137.0708620211658,2483.081541218477,2783.520172111661,2761.870464320276,8824.752963123134,18126.68158137658,1098.5845735316184,2470.428911366182,2792.994134895474,2766.604006489585,8883.347905943441,18356.291209846386,1119.2564609022702,2551.065366073683,2903.637145750195,2811.0279889116096,9081.784404414308,19079.556104620766,1122.7447179252026,2534.545235770356,2865.682871334225,2798.0534924245344,8772.017231600892,18687.883202700523,1128.8098644191143,2550.5040757749593,2868.7392791850893,2798.062168953465,8783.465220259684,18753.381784963607,0.0,0.0,0.0,0.0,0.0,0.0,0.0,0.0,0.0,0.0,0.0,0.0,0.0,0.0,0.0,0.0,0.0,0.0,0.0,0.0,0.0,0.0,0.0,0.0,0.0,0.0,0.0,0.0,0.0,0.0
"129,164",115.83156866940402,0.0,0.0,0.0,0.0,0.0,0.0,0.0,0.0,0.0,0.0,577.1546971984939,796.1119406391592,882.5650934172611,837.7109162377376,2083.729005992179,3382.9901832748856,580.3111183830337,799.2682211567374,888.8768295241337,840.8667141961116,2116.8686146044265,3413.727104888242,577.1552999206618,802.4254028965445,895.1897891951542,853.4950756596584,2123.1840392851364,3542.4119589833645,577.1547374912337,804.9633687739279,885.7193647814731,856.6498937176723,2132.656180789424,3540.6737184533877,577.1547374912337,804.963027120104,885.7188059283237,855.0664664296544,2132.6581794523727,3557.5645762920376,0.0,0.0,0.0,0.0,0.0,0.0,0.0,0.0,0.0,0.0,0.0,0.0,0.0,0.0,0.0,0.0,0.0,0.0,0.0,0.0,0.0,0.0,0.0,0.0,0.0,0.0,0.0,0.0,0.0,0.0
"86,165",1173.1204136081979,0.0,0.0,0.0,0.0,0.0,0.0,0.0,0.0,0.0,0.0,10501.895462266137,1519.6477095444998,216.104225544836,77.34797739982605,9.668715953826904,0.0,11221.474168519413,1656.2103934633967,228.9954208420772,74.12545347213745,9.668715953826904,0.0,12559.645269615512,1988.5109009209802,280.9594700439303,93.46093320846558,9.668715953826904,0.0,14467.587392985588,2377.3433472577262,316.40782261923243,112.79643297195435,9.668715953826904,0.0,18022.68570425277,3506.8177161179337,384.0788159473269,132.1341016292572,12.891201972961426,0.0,0.0,0.0,0.0,0.0,0.0,0.0,0.0,0.0,0.0,0.0,0.0,0.0,0.0,0.0,0.0,0.0,0.0,0.0,0.0,0.0,0.0,0.0,0.0,0.0,0.0,0.0,0.0,0.0,0.0,0.0
"87,165",2496.766041180968,0.0,0.0,0.0,0.0,0.0,0.0,0.0,0.0,0.0,0.0,35805.5420023516,1385.4765460837123,278.65303377544177,82.02845627560335,25.80490493774414,9.676826477050781,37758.2804989207,1517.6871900904414,291.5526345196892,78.80283028378206,12.902478218078613,9.676826477050781,40998.40204342767,1707.925190006518,327.01761249934924,99.9412214756012,12.902478218078613,9.676826477050781,45671.586991690645,2002.3954900414337,380.3912031426149,96.717600107193,12.902478218078613,9.676826477050781,51632.2775604407,2627.592145719715,467.44400785109576,127.7414999737459,16.128087043762207,12.902443885803223,0.0,0.0,0.0,0.0,0.0,0.0,0.0,0.0,0.0,0.0,0.0,0.0,0.0,0.0,0.0,0.0,0.0,0.0,0.0,0.0,0.0,0.0,0.0,0.0,0.0,0.0,0.0,0.0,0.0,0.0
"88,165",2498.6074631267393,0.0,0.0,0.0,0.0,0.0,0.0,0.0,0.0,0.0,0.0,40018.6855177309,19939.701828631234,6254.67950415331,1956.0850967650322,1576.2204535157075,2606.815923020419,44383.66612094991,22518.39128207319,7153.29751127748,2223.6420511385973,1743.627535870496,2726.2075007410613,48068.18645437183,24587.70947870086,8056.17719375573,2551.436622184866,2030.822920372907,3058.525980279025,54419.84716518719,28919.230636034757,9771.040248194862,3025.7384505384107,2369.650687983457,3259.3817295691547,59010.57152531753,31208.298133779972,10596.656850179972,3287.127338182225,2535.329760471045,3391.6655151507434,0.0,0.0,0.0,0.0,0.0,0.0,0.0,0.0,0.0,0.0,0.0,0.0,0.0,0.0,0.0,0.0,0.0,0.0,0.0,0.0,0.0,0.0,0.0,0.0,0.0,0.0,0.0,0.0,0.0,0.0
"89,165",2500.2977231666923,0.0,0.0,0.0,0.0,0.0,0.0,0.0,0.0,0.0,0.0,37284.55000946007,71498.34150379126,31485.02904300503,6289.60326667954,2338.7835456745297,250.29933317034852,39580.53088780477,75629.9809003269,33654.90301988359,6724.181401168599,2484.07794565126,250.29933317034852,40507.83674365679,77109.2486009551,34527.41257325153,6950.184966480031,2519.1816217001747,250.29934056132447,43669.63217936777,82956.57253379916,36904.87980532552,7495.912661957274,2622.910226282419,282.5949719700159,44769.40310769455,84848.06504552318,37543.9650882936,7611.328174438664,2666.9787247452077,272.0959142142651,0.0,0.0,0.0,0.0,0.0,0.0,0.0,0.0,0.0,0.0,0.0,0.0,0.0,0.0,0.0,0.0,0.0,0.0,0.0,0.0,0.0,0.0,0.0,0.0,0.0,0.0,0.0,0.0,0.0,0.0
"90,165",2501.8362272884387,0.0,0.0,0.0,0.0,0.0,0.0,0.0,0.0,0.0,0.0,76809.92910255636,74053.46396714004,15190.974066178005,3044.989979003458,1602.6696312595814,270.01011072701095,80313.05111496308,76507.30031681621,15743.527470584011,3103.146016572504,1622.050028102538,273.6426326246823,81671.20807381145,77445.83195264573,15902.63683329657,3113.6464727083844,1638.1964020897358,273.6426326246823,85932.21539233337,80443.37085254145,16524.932489612987,3230.351987445121,1724.6879202253674,280.1030436964596,88562.28317763572,82344.78713661736,16966.29828614534,3346.651921117072,1721.4652334577893,290.51919701239643,0.0,0.0,0.0,0.0,0.0,0.0,0.0,0.0,0.0,0.0,0.0,0.0,0.0,0.0,0.0,0.0,0.0,0.0,0.0,0.0,0.0,0.0,0.0,0.0,0.0,0.0,0.0,0.0,0.0,0.0
"91,165",2503.2224339586332,0.0,0.0,0.0,0.0,3.232961893081665,0.0,0.0,0.0,0.0,3.232961893081665,67804.12086077017,36551.76534211214,6276.08833097757,1897.3117268590365,1530.1769893188102,771.8335917126899,74733.4270753608,38372.54227056503,6484.092116134307,1945.79989676756,1568.9662685412986,778.7038627998502,78511.52629025963,39294.30975942798,6590.7689352203815,1991.0560889748965,1562.5044620055778,801.3303100006253,84166.15275427874,41279.54289476357,6891.382427947661,2052.472308447782,1647.269658690808,781.9390801326902,87837.55004597644,42395.81374843354,7098.2552055536535,2110.658001950208,1695.7566963494994,777.9840326402702,0.0,0.0,0.0,0.0,0.0,0.0,0.0,0.0,0.0,0.0,0.0,0.0,0.0,0.0,0.0,0.0,0.0,0.0,0.0,0.0,0.0,0.0,0.0,0.0,0.0,3.232961893081665,0.0,0.0,0.0,0.0
"92,165",2504.455854554605,0.0,0.0,0.0,0.0,0.0,0.0,0.0,0.0,0.0,0.0,37009.7368218235,11337.102607179155,1178.273091327443,158.5031442642212,148.80644464492798,258.7927734851837,38866.24599205278,11982.530581895977,1200.9229943864486,155.2690989971161,161.74624586105347,262.02816438674927,41407.15719596545,13007.864349470885,1288.2566156499527,155.2690396308899,158.51148009300232,268.4981245994568,43836.39822431733,13856.419113426582,1310.9025519006393,190.8525755405426,161.74715209007263,268.4982690811157,45326.47351161358,14248.084536397222,1255.9237494580887,181.1491415500641,161.74719762802124,278.20382022857666,0.0,0.0,0.0,0.0,0.0,0.0,0.0,0.0,0.0,0.0,0.0,0.0,0.0,0.0,0.0,0.0,0.0,0.0,0.0,0.0,0.0,0.0,0.0,0.0,0.0,0.0,0.0,0.0,0.0,0.0
"93,165",2505.536053754774,0.0,0.0,0.0,0.0,0.0,0.0,0.0,0.0,0.0,0.0,29125.29675207886,9733.853212972717,1819.0974395761302,364.76523412442674,287.97379207611084,681.529222090104,30298.19441443611,10324.19029753255,1975.9229494749331,381.3017073612587,313.86040711402893,697.705206711152,30803.644310064876,10766.896843872819,2076.2351431070592,393.0277351360695,355.92300844192505,738.5515899265514,31845.55322033938,11300.63669995607,2254.2138873754766,444.8018950443642,352.6877589225769,774.1438965404734,33240.245616549146,12044.964919509139,2448.7223686021916,490.1539977232615,375.3390393257141,793.5562498176798,0.0,0.0,0.0,0.0,0.0,0.0,0.0,0.0,0.0,0.0,0.0,0.0,0.0,0.0,0.0,0.0,0.0,0.0,0.0,0.0,0.0,0.0,0.0,0.0,0.0,0.0,0.0,0.0,0.0,0.0
"94,165",2506.4626498864845,0.0,0.0,0.0,0.0,0.0,0.0,0.0,0.0,0.0,0.0,22173.725150954484,14286.286840110666,2485.66996569166,353.28233152557823,116.92775935565724,55.019959449768066,23843.33357485603,16207.584830026064,2948.2504180300466,414.42654857728996,146.0591294232537,67.96655750274658,25486.90061212427,17743.522019345157,3174.4313399445778,443.55898223016777,155.76948089038626,67.96655750274658,27758.234902402466,19509.476939350952,3504.2532959302266,485.23208260910184,165.47862953578726,77.67642092704773,29455.67450920553,20898.226541198474,3878.9816332022347,552.3449869464425,165.47949547206656,74.43958282470703,0.0,0.0,0.0,0.0,0.0,0.0,0.0,0.0,0.0,0.0,0.0,0.0,0.0,0.0,0.0,0.0,0.0,0.0,0.0,0.0,0.0,0.0,0.0,0.0,0.0,0.0,0.0,0.0,0.0,0.0
"95,165",2507.235315231613,0.0,0.0,0.0,0.0,0.0,0.0,0.0,0.0,0.0,0.0,36118.60643901918,13578.251624562692,1824.7843420832767,191.45921668071372,358.50838620148454,657.7827381180782,38909.173580512805,15069.584331606884,2034.0254712908877,207.64894112605674,359.32126964774784,686.9273661660213,40792.392915158176,16592.88792980512,2186.204934200586,221.00700384495303,388.8709840961531,705.2778145360012,44893.37732234749,19455.830400537976,2555.67751528235,259.8622069966559,401.8240020462111,731.1836468266506,48909.34020203609,21965.491613873313,2805.3981611962417,256.6241562974219,408.3001103588179,718.2305985974331,0.0,0.0,0.0,0.0,0.0,0.0,0.0,0.0,0.0,0.0,0.0,0.0,0.0,0.0,0.0,0.0,0.0,0.0,0.0,0.0,0.0,0.0,0.0,0.0,0.0,0.0,0.0,0.0,0.0,0.0
"96,165",2507.8537762894944,0.0,0.0,0.0,0.0,0.0,0.0,0.0,0.0,0.0,0.0,34130.84124637305,16961.40705829789,6879.684066482619,2448.651475765191,2493.6699974088106,1513.8963194192625,35841.39373133135,17777.044166724823,7201.947130108815,2587.921262123071,2687.1872769140728,1588.3883979619718,37038.5522502067,18414.654697136786,7458.0329683546925,2675.3711482066738,2764.919628932429,1654.2306263774049,38288.91898161757,19445.12562751489,7782.736330425973,2801.685571052514,2823.2188447260387,1688.4218279464574,39117.091894919264,20502.228500033358,8182.953351973551,2801.685635663949,2794.0664468550212,1649.555546437058,0.0,0.0,0.0,0.0,0.0,0.0,0.0,0.0,0.0,0.0,0.0,0.0,0.0,0.0,0.0,0.0,0.0,0.0,0.0,0.0,0.0,0.0,0.0,0.0,0.0,0.0,0.0,0.0,0.0,0.0
"97,165",2508.3178139953507,0.0,0.0,0.0,0.0,0.0,0.0,0.0,0.0,0.0,0.0,76438.52905194709,40432.727807176816,10615.469137496575,4515.636614656448,4272.755904946607,777.8187341213226,79132.0768105516,43611.29688582889,11560.531965657776,4765.795588092243,4437.964338336271,794.0158955574036,80495.67130455503,45097.42690011193,11786.303910319944,4732.667168951034,4308.377719912809,790.7756013393403,82914.74838843907,47221.23863580086,12322.41656814837,4875.927151994144,4516.427152409273,828.5824739287882,83927.42610463535,48349.17527661698,12692.68038297915,5021.702304438983,4565.740211242788,851.982930099263,0.0,0.0,0.0,0.0,0.0,0.0,0.0,0.0,0.0,0.0,0.0,0.0,0.0,0.0,0.0,0.0,0.0,0.0,0.0,0.0,0.0,0.0,0.0,0.0,0.0,0.0,0.0,0.0,0.0,0.0
"98,165",2508.627263896921,0.0,0.0,0.0,0.0,0.0,0.0,0.0,0.0,0.0,0.0,59303.06128793791,31453.94711517259,12613.579911591023,4416.5325424615085,3719.594665535759,1043.7616555831012,62132.534547600095,33602.03599198005,13282.192270292955,4563.617916699018,3777.9086074913253,1059.9607772967395,63371.43505979425,34510.8068299761,13660.757155996209,4668.016319847108,3755.2334303940047,1053.4829328200397,65939.7564456762,35948.23917320195,14179.919414203307,4900.552366371717,3974.8106611055487,1120.7922141888562,67399.26633507037,37516.36982325105,15057.89767257466,5221.286110516156,4242.982262659073,1191.3408594664404,0.0,0.0,0.0,0.0,0.0,0.0,0.0,0.0,0.0,0.0,0.0,0.0,0.0,0.0,0.0,0.0,0.0,0.0,0.0,0.0,0.0,0.0,0.0,0.0,0.0,0.0,0.0,0.0,0.0,0.0
"99,165",2508.7820162858875,0.0,0.0,0.0,0.0,0.0,0.0,0.0,0.0,0.0,0.0,72840.01637730692,28913.574713794857,5402.857919143227,963.0679182024563,710.3522322654724,256.7578694483813,76030.34277697076,30715.644229255937,5778.694085053836,1034.347176215228,729.7919838905334,259.9977960249957,78982.67875818271,31998.745478757224,6080.811035013198,1085.7673040249767,771.9114542484283,269.71771689863766,83394.25298671909,34358.72644271944,6728.080331182479,1227.6015475609722,869.1101706504821,289.15745898695553,87863.05830330381,36518.332710648516,7384.5732939748195,1410.3353970527648,985.7487798213958,315.07715817900265,0.0,0.0,0.0,0.0,0.0,0.0,0.0,0.0,0.0,0.0,0.0,0.0,0.0,0.0,0.0,0.0,0.0,0.0,0.0,0.0,0.0,0.0,0.0,0.0,0.0,0.0,0.0,0.0,0.0,0.0
"100,165",2508.78201628588,0.0,0.0,0.0,0.0,0.0,0.0,0.0,0.0,0.0,0.0,30541.738767054507,22302.641715523772,3774.251478515886,523.3483216089361,217.07612204551697,84.23814606666565,32786.324160161676,25015.20826466224,4428.723240219377,599.6587956035838,248.2559423194212,84.23814606666565,35649.53996917126,27348.9791171532,5018.395232759736,648.258247383903,293.61536452629986,93.95804262161255,40692.916152065874,31425.820833047233,5936.369745726679,772.1007101619945,332.4948703990263,103.67784070968628,43274.503814083924,34055.12688694187,6885.904651558632,926.8938010580399,407.013828013925,130.39778250806472,0.0,0.0,0.0,0.0,0.0,0.0,0.0,0.0,0.0,0.0,0.0,0.0,0.0,0.0,0.0,0.0,0.0,0.0,0.0,0.0,0.0,0.0,0.0,0.0,0.0,0.0,0.0,0.0,0.0,0.0
"101,165",2508.6272638969535,0.0,0.0,0.0,0.0,0.0,0.0,0.0,0.0,0.0,0.0,18106.419573418298,28323.136377588908,9153.447189880819,1641.2983305145713,819.6603236198425,145.79206466674805,19389.323977289016,30401.183211917505,9951.096229368097,1762.6067442566741,826.1404979228973,142.55237746238708,20340.00670945224,32148.21563006102,10650.88932853306,1946.207032109242,881.2173025608063,161.99132347106934,21683.048961158827,34989.59820191907,11638.230831613726,2131.9426746041167,907.1362459659576,161.99143981933594,23041.104237749056,36971.278875322896,12535.427795110028,2371.102424258812,965.452645778656,165.23115754127502,0.0,0.0,0.0,0.0,0.0,0.0,0.0,0.0,0.0,0.0,0.0,0.0,0.0,0.0,0.0,0.0,0.0,0.0,0.0,0.0,0.0,0.0,0.0,0.0,0.0,0.0,0.0,0.0,0.0,0.0
"102,165",2508.317813995357,0.0,0.0,0.0,0.0,0.0,0.0,0.0,0.0,0.0,0.0,10135.977214529936,20514.894356661218,9466.605048172145,3417.1204973791164,2356.0197177325977,550.6649825572968,10828.0668135269,21986.847139218276,10281.780471857857,3647.1104423139614,2430.52187518232,557.1435747146606,11564.306165649374,23378.97061850978,11061.581099131528,3917.762575089698,2550.3757791911853,560.7387108933692,12147.612336266273,24688.379392433166,11709.389136812737,3992.3077827846305,2518.696802443149,531.5850167405372,12414.298347101023,25213.37267265133,11940.604203158735,3965.1751053389385,2470.109217232349,525.1066420209174,0.0,0.0,0.0,0.0,0.0,0.0,0.0,0.0,0.0,0.0,0.0,0.0,0.0,0.0,0.0,0.0,0.0,0.0,0.0,0.0,0.0,0.0,0.0,0.0,0.0,0.0,0.0,0.0,0.0,0.0
"103,165",2507.8537762894384,0.0,0.0,0.0,0.0,0.0,0.0,0.0,0.0,0.0,0.0,54663.737283117625,20011.05319894809,5671.79616613949,2172.675458662183,2026.8760299991159,2133.195064359553,58356.02211521373,21039.825565368985,6016.775091932334,2242.706368896073,2078.6961624930887,2126.715309911616,60801.438240598225,21826.706052307054,6279.213133078931,2367.0909446968753,2198.533029825547,2168.8710860495476,62892.84719303917,22574.703008415185,6408.817546835133,2389.0474719038198,2178.3866190957087,2168.8713800196556,65132.115335345734,23483.321374791274,6650.961553006078,2289.859516838485,2003.4799020337125,1981.0150536780266,0.0,0.0,0.0,0.0,0.0,0.0,0.0,0.0,0.0,0.0,0.0,0.0,0.0,0.0,0.0,0.0,0.0,0.0,0.0,0.0,0.0,0.0,0.0,0.0,0.0,0.0,0.0,0.0,0.0,0.0
"104,165",2453.70669926585,0.0,0.0,0.0,0.0,0.0,0.0,0.0,0.0,0.0,0.0,83402.70278667563,11297.509406274909,794.0992841075449,158.6719434261322,229.91468119621277,55.05016088485718,88807.47288285145,11791.802471576018,878.2905041526346,171.62497448921204,246.1056706905365,61.52675724029541,93226.71282398935,12243.318929547891,930.4558303496417,184.5787889957428,259.0590081214905,74.47833681106567,97621.59500553842,12617.273446525312,959.6012492320117,194.29375553131104,268.77412366867065,80.9549331665039,102909.5588696592,13088.330906278945,1002.0506952734554,194.29402828216553,275.2507264614105,80.9549331665039,0.0,0.0,0.0,0.0,0.0,0.0,0.0,0.0,0.0,0.0,0.0,0.0,0.0,0.0,0.0,0.0,0.0,0.0,0.0,0.0,0.0,0.0,0.0,0.0,0.0,0.0,0.0,0.0,0.0,0.0
"105,165",2506.4626498864795,0.0,0.0,0.0,0.0,0.0,0.0,0.0,0.0,0.0,0.0,141572.3867427882,23043.69824652391,2569.819107870962,674.2443559712054,626.1067808917925,92.06170070685593,146167.385143798,23780.73409049371,2679.8718324708,703.3755219524982,629.3457099250719,101.77413356818406,147151.21120911764,23953.08766985781,2747.8439906643885,716.3206224983813,658.4738780311509,104.97354457892624,151905.70011928686,24257.360296496223,2865.1618423452564,742.2134864872577,684.3661938957139,108.20994780577865,153313.94543523408,24225.795823961143,2903.996603487987,813.6318881838929,697.3125695041581,108.20994780577865,0.0,0.0,0.0,0.0,0.0,0.0,0.0,0.0,0.0,0.0,0.0,0.0,0.0,0.0,0.0,0.0,0.0,0.0,0.0,0.0,0.0,0.0,0.0,0.0,0.0,0.0,0.0,0.0,0.0,0.0
"106,165",2505.5360537547676,0.0,0.0,0.0,0.0,0.0,0.0,0.0,0.0,0.0,0.0,142256.0393806598,33100.53254348717,3257.7926611619837,1074.0259724897496,1398.7117375486037,828.385548061483,144374.58310492273,33637.057477644375,3361.329750032986,1090.9265253235312,1427.109784673242,848.5232599090126,145952.02003998385,33883.9497152796,3353.5615686528827,1097.3984660793753,1446.521499227075,848.5242722342995,146690.2874914992,34269.34526881237,3396.3470330238347,1093.4400712293736,1446.5262001261992,849.7405380753909,147268.67836749318,34275.80729397793,3389.8706009387975,1095.952877580418,1394.7542048201842,840.0346514729891,0.0,0.0,0.0,0.0,0.0,0.0,0.0,0.0,0.0,0.0,0.0,0.0,0.0,0.0,0.0,0.0,0.0,0.0,0.0,0.0,0.0,0.0,0.0,0.0,0.0,0.0,0.0,0.0,0.0,0.0
"107,165",2504.455854554611,0.0,0.0,0.0,0.0,0.0,0.0,0.0,0.0,0.0,0.0,48406.65630442021,58194.389943860566,16999.070415686623,5561.021375426123,5905.857705861447,3804.9660766433262,49707.4119694691,60035.406002719734,17455.526051347395,5559.903127442155,5908.59582154517,3817.179409450643,50357.69685325249,60988.19771840993,17680.383313846585,5613.675212982589,5951.046452098733,3877.410767120474,50707.95218172167,62043.08961038402,17994.221580604477,5585.692814689523,5902.538455458248,3828.8986142102412,51296.789174456695,63592.813213824295,18645.555085491666,5710.688489038804,5978.143044996261,3899.6430813789366,0.0,0.0,0.0,0.0,0.0,0.0,0.0,0.0,0.0,0.0,0.0,0.0,0.0,0.0,0.0,0.0,0.0,0.0,0.0,0.0,0.0,0.0,0.0,0.0,0.0,0.0,0.0,0.0,0.0,0.0
"108,165",2503.2224339586755,3.232280969619751,6.464136123657227,56.41758932319342,103.43493962287903,96.2467596839456,3.232280969619751,3.232064962387085,53.185277120739805,90.50444483757019,96.2467596839456,23234.581452904495,55283.075407172175,51371.74246877876,25412.168957095986,19609.97915673443,5038.993523147059,23336.814483055412,55469.024973693544,51537.4055567358,25540.25830994774,19731.69297464502,5061.615835454417,23387.486915670655,55574.880511649455,51704.3008150082,25679.66741600691,19961.625257362102,5111.723771796507,23495.622484942975,55905.513250823125,52026.371363509876,25809.060969398535,20153.75529979912,5208.7032196381515,23617.272035058337,56144.750970561836,52361.55969676504,25892.464863423735,20122.064768290988,5215.155919537825,3.232280969619751,0.0,0.0,0.0,0.0,0.0,0.0,0.0,0.0,0.0,3.232064962387085,0.0,17.224921319063974,12.929234504699707,19.799146218393364,3.2319750785827637,0.0,0.0,25.858972787857056,19.394368648529053,32.32187104225159,9.697002172470093,3.2322301864624023,0.0,16.16114354133606,54.22690156207365,19.394336462020874,3.232192277908325,3.2321858406066895,0.0
"109,165",2501.8362272884387,9.69289493560791,19.385250329971313,128.17557635587804,348.93747878074646,217.2037028957816,9.69289493560791,19.385250329971313,128.17557635587804,348.93747878074646,217.2037028957816,43582.30949248893,70795.10964188483,42961.41336737895,16040.35758860158,11044.620645721287,2373.871129950355,43831.08780254943,71159.68658918681,43184.15161096348,16192.768577933777,11120.057299984199,2385.573615351845,44235.18861442079,71688.38110248529,43510.381758111136,16272.312831838455,11335.016897024825,2403.5096318637625,44466.78351981686,72036.47401329115,43810.028429828904,16402.838467338974,11448.743581250134,2428.1465924739837,44636.59850122975,72214.4546886519,43944.73646817675,16510.899549878814,11536.356599956396,2443.8993877897074,6.461542367935181,3.2313525676727295,0.0,0.0,0.0,0.0,12.924654960632324,6.460595369338989,0.0,0.0,0.0,0.0,70.01901665014378,48.46326804161072,9.693291664123535,0.0,0.0,0.0,113.07977843284607,168.01065325737,48.46409487724304,9.691789150238037,6.460657835006714,3.2305052280426025,77.54708075523376,97.65274855389315,35.54306626319885,0.0,6.4608073234558105,0.0
"110,165",2500.297723166648,29.059447050094604,93.62312412261963,38.743821144104004,401.58345473139894,417.26830161225564,29.059447050094604,93.62312412261963,38.743821144104004,398.35516131251467,417.26830161225564,22422.118012250638,46485.19559700254,29180.52940970122,13041.440011267568,11077.559614590102,3176.821679316315,22607.22207827007,47133.10801478834,29658.211134289766,13288.272505303925,11278.144694036595,3192.968299113068,22756.423165889813,47721.55147977061,30170.84689646048,13495.877001541736,11531.891663793489,3246.063039042903,22895.280132623746,48334.70882129388,30951.044578804693,13868.62908271341,11949.892882835164,3331.058885216245,22976.490908524567,48742.91558474839,31664.74837887334,14384.85535998812,12400.488118034249,3408.544839024076,16.143198251724243,9.686968803405762,3.2292799949645996,0.0,0.0,0.0,51.65471148490906,35.51211380958557,6.456298828125,0.0,0.0,0.0,16.14231848716736,16.143789768218994,6.457712888717651,0.0,0.0,0.0,127.13504159777771,193.72278952598572,54.89311861991882,12.915117502212524,6.459467887878418,3.229626178741455,149.3199077905393,193.6964032649994,38.740111112594604,19.369126081466675,16.14275336265564,0.0
"111,165",2498.6074631267747,25.81814694404602,12.909517526626587,6.454038143157959,67.7770926952362,54.86906147003174,25.81814694404602,12.909517526626587,6.454038143157959,67.7770926952362,54.86906147003174,26611.255376248264,33509.452257852,14634.3180846233,6563.992624783983,7748.123525291331,3859.7185555093424,26942.58581584201,33808.240573494106,14900.139748709811,6698.661855230144,7918.375885694167,3885.5390968911784,27062.951925387097,34334.25080215416,15238.977491992127,6942.154551772511,8084.156445573358,3999.293852066526,27496.66978591283,34582.74015867102,15487.49301423372,7122.143401485331,8332.39065060522,4137.85660312129,27708.969766800074,34746.87500445796,15753.996867108814,7364.1944414194895,8702.383928533629,4273.40167777024,16.13768434524536,6.453639030456543,3.226823568344116,0.0,0.0,0.0,3.2275452613830566,6.454434871673584,3.2275373935699463,0.0,0.0,0.0,0.0,6.454038143157959,0.0,0.0,0.0,0.0,12.909070253372192,41.957890033721924,3.2277204990386963,6.454659461975098,3.227752447128296,0.0,16.137526512145996,25.82144594192505,6.454775333404541,0.0,3.227776288986206,3.2275373935699463
"112,165",1691.2890599423438,0.0,0.0,0.0,0.0,0.0,0.0,0.0,0.0,0.0,0.0,10491.238616405748,14052.939332060721,7257.333455566331,3374.2939335383617,4651.965038730584,2866.4063794453937,10852.840014477337,14227.161492856343,7328.699429897235,3338.8872130085438,4604.073941084918,2805.144615157445,10846.199633325314,14451.02393189879,7257.057267668668,3287.297324912688,4373.681862610461,2546.866435650283,10903.34333117616,14416.71715155022,7014.796223500196,3153.0679292482487,4080.2497682749054,2327.928991085875,11018.024801315978,14742.764860447714,7023.273513528411,3157.9098058625764,4009.9769463819616,2211.842438465941,0.0,0.0,0.0,0.0,0.0,0.0,0.0,0.0,0.0,0.0,0.0,0.0,0.0,0.0,0.0,0.0,0.0,0.0,0.0,0.0,0.0,0.0,0.0,0.0,0.0,0.0,0.0,0.0,0.0,0.0
"113,165",1209.8731569415424,0.0,0.0,0.0,0.0,0.0,0.0,0.0,0.0,0.0,0.0,4165.372437981998,9669.821856231314,3822.3863457829343,1939.8925339595944,2984.640553049013,2278.8451635370066,4262.410699518989,9795.445116014107,3894.7330795101093,1950.5436246684953,2973.2980062176202,2301.40976376627,4313.957046564888,9757.188530650794,3854.461287963157,1946.109193867328,2910.0685527474275,2198.22856277952,4339.727136668037,9869.922233928419,3838.4357138259743,1862.3241024671815,2747.3396839880475,1972.667053647135,4365.1012477201575,10090.71003942583,3780.118852615356,1774.248346712075,2553.673183319615,1785.3536561049668,0.0,0.0,0.0,0.0,0.0,0.0,0.0,0.0,0.0,0.0,0.0,0.0,0.0,0.0,0.0,0.0,0.0,0.0,0.0,0.0,0.0,0.0,0.0,0.0,0.0,0.0,0.0,0.0,0.0,0.0
"114,165",2192.619376221684,0.0,0.0,0.0,0.0,0.0,0.0,0.0,0.0,0.0,0.0,28270.206041816637,30030.197873006153,11849.055197027621,4224.020974742665,3756.5768320840953,2628.071274584415,28720.26379139377,30480.503454715137,11862.39599432478,4175.735510217442,3653.7322947586285,2637.7176860033296,29009.300895954584,30663.98947861803,11877.85522075167,4069.4975193612713,3556.7406219211284,2570.101871317508,28919.98840817003,30567.647011823283,11824.290083010059,3998.6713694207806,3478.0408669845733,2478.161224308201,28924.947714699018,30701.701229500304,11897.640673492468,3967.534728454141,3442.621712340561,2367.270719355228,0.0,0.0,0.0,0.0,0.0,0.0,0.0,0.0,0.0,0.0,0.0,0.0,0.0,0.0,0.0,0.0,0.0,0.0,0.0,0.0,0.0,0.0,0.0,0.0,0.0,0.0,0.0,0.0,0.0,0.0
"115,165",2490.3323179147537,0.0,0.0,0.0,0.0,0.0,0.0,0.0,0.0,0.0,0.0,38154.868815688526,24038.525133389117,6599.639615757326,1292.9448206705204,833.6653479407815,1128.1690319332422,39854.13380832204,24330.417987757104,6677.236601752861,1318.6779375356784,819.0167881657096,1102.433027342254,41012.41517890482,24649.585888019265,6843.915777954402,1392.6602547449222,844.7511572052451,1069.0621234239316,42947.17883645694,25440.56502409449,7161.632508714527,1460.2055354398838,865.490853026334,1051.546117027133,44606.407979253694,26618.139216519336,7677.225387359134,1571.9737189031114,965.1950840501224,1091.5748888314938,0.0,0.0,0.0,0.0,0.0,0.0,0.0,0.0,0.0,0.0,0.0,0.0,0.0,0.0,0.0,0.0,0.0,0.0,0.0,0.0,0.0,0.0,0.0,0.0,0.0,0.0,0.0,0.0,0.0,0.0
"116,165",2486.0399943023854,0.0,0.0,0.0,0.0,0.0,0.0,0.0,0.0,0.0,0.0,37537.66530500861,13402.884831717434,2133.534502509996,677.2081883374383,436.5889712894664,676.0262940565744,37950.292048846044,13674.326523006665,2196.6087328275044,699.711219591253,468.72326031572675,632.2522625324773,38714.82681629611,14100.592988670573,2347.237049706777,727.4185289859772,468.72279158480023,611.7671425978342,40553.25170453951,15256.194950213152,2591.1474596715443,794.9017457485199,506.0717440549065,621.4048731962839,43548.65516502717,16744.789823666746,2866.282142915913,912.5848477868474,563.9146102372338,659.9673472086588,0.0,0.0,0.0,0.0,0.0,0.0,0.0,0.0,0.0,0.0,0.0,0.0,0.0,0.0,0.0,0.0,0.0,0.0,0.0,0.0,0.0,0.0,0.0,0.0,0.0,0.0,0.0,0.0,0.0,0.0
"117,165",2483.961021003392,0.0,0.0,0.0,0.0,0.0,0.0,0.0,0.0,0.0,0.0,8085.533081646527,3383.23301357101,794.9746311468236,176.58559608459473,60.990570306777954,22.47250533103943,8866.405715978846,3259.2244587533614,753.2367449564092,173.37289261817932,67.4051239490509,22.47250533103943,9371.42796088948,3157.25761088203,682.5910442632787,128.41751646995544,70.60843324661255,19.26179599761963,10500.827363939847,3401.254301444222,714.6865154070013,141.2527916431427,70.60775232315063,22.471474170684814,11335.692498919543,3858.345332656187,871.9901645940893,176.56986284255981,89.86949491500854,19.26351499557495,0.0,0.0,0.0,0.0,0.0,0.0,0.0,0.0,0.0,0.0,0.0,0.0,0.0,0.0,0.0,0.0,0.0,0.0,0.0,0.0,0.0,0.0,0.0,0.0,0.0,0.0,0.0,0.0,0.0,0.0
"118,165",2482.573858859322,0.0,0.0,0.0,0.0,0.0,0.0,0.0,0.0,0.0,0.0,11680.824847368165,3327.267737082874,751.8682940146502,99.37194919586182,48.10445284843445,70.5459086894989,12374.42215184885,3519.633411578571,771.1001541754779,99.37634634971619,41.69224548339844,70.54548072814941,12647.778528961482,3401.0322534364814,756.8466951566584,92.96724772453308,51.31163287162781,76.95852041244507,12727.351626580368,3221.4745010534925,747.2378954606897,99.38313412666321,57.724425077438354,80.16479325294495,12737.99539472449,3153.277544307709,782.4977168756373,104.36082658206715,60.93055438995361,80.16479325294495,0.0,0.0,0.0,0.0,0.0,0.0,0.0,0.0,0.0,0.0,0.0,0.0,0.0,0.0,0.0,0.0,0.0,0.0,0.0,0.0,0.0,0.0,0.0,0.0,0.0,0.0,0.0,0.0,0.0,0.0
"119,165",2479.695309423709,0.0,0.0,0.0,0.0,0.0,0.0,0.0,0.0,0.0,0.0,6782.49169279641,8219.722245317345,2472.487371455922,327.10309359700074,115.28740549087524,19.212125301361084,7360.460778831034,8607.24563475216,2540.786354337019,339.91544840008606,115.28666830062866,19.212125301361084,7164.3755168886755,8552.701247899673,2525.124455400542,359.12504098088135,121.68781566619873,19.212125301361084,6757.400351617851,8246.16051384421,2460.2765934588865,352.3177375793457,121.68781566619873,19.212125301361084,6399.719951688541,8051.6380410727315,2473.110536587472,353.73920023955554,121.68781566619873,19.212125301361084,0.0,0.0,0.0,0.0,0.0,0.0,0.0,0.0,0.0,0.0,0.0,0.0,0.0,0.0,0.0,0.0,0.0,0.0,0.0,0.0,0.0,0.0,0.0,0.0,0.0,0.0,0.0,0.0,0.0,0.0
"120,165",2476.6721776748022,0.0,0.0,0.0,0.0,0.0,0.0,0.0,0.0,0.0,0.0,22705.58709501285,12167.035072539833,4562.542138270771,1558.5139712427176,1149.0901283497903,612.6103598388971,22570.53120122049,12113.153127817079,4604.629929684657,1561.712751302532,1177.4741932317322,622.199214628631,23030.91752728387,12096.721386079229,4717.613942447364,1587.297000798992,1206.257528440625,634.9869255337061,23449.165294947343,11983.437126920739,4714.416407170951,1584.0949310396231,1244.637064592511,660.2212400791692,23948.632368203704,11961.40690483486,4672.424282497519,1574.1552991782917,1238.2467948361939,657.0291810390996,0.0,0.0,0.0,0.0,0.0,0.0,0.0,0.0,0.0,0.0,0.0,0.0,0.0,0.0,0.0,0.0,0.0,0.0,0.0,0.0,0.0,0.0,0.0,0.0,0.0,0.0,0.0,0.0,0.0,0.0
"121,165",2473.5055038341798,0.0,0.0,0.0,0.0,0.0,0.0,0.0,0.0,0.0,0.0,67252.24623012541,15905.611224557839,5013.253285638959,2041.2097556862177,2308.375756400239,1754.8500250498455,68125.68849327798,16136.825175340506,5093.987113900279,2069.960035828048,2362.6863941127176,1825.1394811789196,69036.34449307964,16371.830885954467,5170.669522098466,2130.2651127207514,2412.6013223526525,1866.6759086767834,69643.45367153859,16597.893998438707,5244.146345189973,2162.2078612673517,2485.2911832491554,1902.1705916002684,70949.18545620955,16671.39844227024,5258.127574301701,2105.0451095150966,2446.9562471071877,1873.4170410707884,0.0,0.0,0.0,0.0,0.0,0.0,0.0,0.0,0.0,0.0,0.0,0.0,0.0,0.0,0.0,0.0,0.0,0.0,0.0,0.0,0.0,0.0,0.0,0.0,0.0,0.0,0.0,0.0,0.0,0.0
"122,165",2470.19637412205,0.0,0.0,0.0,0.0,0.0,0.0,0.0,0.0,0.0,0.0,114714.91977247912,15883.076574210561,1532.5648797558804,345.32499914449807,303.0715308189392,303.85904558406156,113839.86960907449,15793.63383545408,1520.5993655055177,342.13274793905373,303.0714681148529,303.855942327836,114866.18406571032,15871.812306212443,1509.82724664819,345.32183556837197,312.63923144340515,303.85655530200285,115863.43628661492,15926.025630520839,1497.0684981168486,354.8916447667515,328.5879373550415,303.85635336146635,116984.09147282208,16012.525083609187,1493.876607877133,345.3204305676853,328.58872175216675,300.6659901927499,0.0,0.0,0.0,0.0,0.0,0.0,0.0,0.0,0.0,0.0,0.0,0.0,0.0,0.0,0.0,0.0,0.0,0.0,0.0,0.0,0.0,0.0,0.0,0.0,0.0,0.0,0.0,0.0,0.0,0.0
"123,165",2466.745919918846,0.0,0.0,0.0,0.0,0.0,0.0,0.0,0.0,0.0,0.0,88228.92781298021,33462.994902262035,9081.116289327658,4832.229220780204,6553.6654676175585,3239.0001083383368,89201.03465574958,33724.72867795533,9107.958962278739,4867.257112892936,6639.065989292369,3272.2549469143732,90385.50279128131,33919.90208485734,9159.301590633393,4873.627547653983,6633.739306657453,3284.999591794668,91817.43109462401,34101.49291566026,9178.0070052764,4889.552897843192,6685.496911548165,3361.4237770706995,93194.1774881232,34313.7510640135,9209.85502582999,4918.198625954459,6723.344621184293,3350.0902880004805,0.0,0.0,0.0,0.0,0.0,0.0,0.0,0.0,0.0,0.0,0.0,0.0,0.0,0.0,0.0,0.0,0.0,0.0,0.0,0.0,0.0,0.0,0.0,0.0,0.0,0.0,0.0,0.0,0.0,0.0
"124,165",2463.155316881333,0.0,0.0,0.0,0.0,0.0,0.0,0.0,0.0,0.0,0.0,2878.6039348985637,3574.770541928796,3159.6773363608936,1639.6262301603952,1695.9743231408738,404.33872794263505,3056.6717397119487,3712.243962257049,3292.1919026421556,1684.1742440859475,1726.3863505868349,415.64659235056706,3166.241492688422,3879.0779800555283,3416.9685238772736,1738.253253618876,1745.0914468821356,412.45513889368846,3341.1972922680425,4060.369452967363,3528.2985612326966,1808.2295653025308,1808.7176070269416,431.54893920000865,3433.4413706657933,4380.454771614074,3668.9635840294404,1831.2091830833288,1842.8750325315136,458.7715503692627,0.0,0.0,0.0,0.0,0.0,0.0,0.0,0.0,0.0,0.0,0.0,0.0,0.0,0.0,0.0,0.0,0.0,0.0,0.0,0.0,0.0,0.0,0.0,0.0,0.0,0.0,0.0,0.0,0.0,0.0
"125,165",2090.6203861961885,0.0,0.0,0.0,0.0,0.0,0.0,0.0,0.0,0.0,0.0,6399.290667606802,6636.206614976771,5078.865962991527,2825.292144855798,2277.6521945448485,311.376499006795,7065.048471160028,7522.920208302666,5719.977862603057,3113.0637346651038,2493.550692484426,320.9041953778734,7835.301200298235,8316.883227906508,6323.322834624497,3345.267397565468,2651.6176006588285,365.37073809866814,8248.074818161422,9057.70213602571,6845.999589780733,3564.3102990814286,2875.864810792138,400.28972990279107,8457.21985389672,9496.310252803914,7067.538422237658,3700.1422962908655,2936.1995042239923,404.0063204073439,0.0,0.0,0.0,0.0,0.0,0.0,0.0,0.0,0.0,0.0,0.0,0.0,0.0,0.0,0.0,0.0,0.0,0.0,0.0,0.0,0.0,0.0,0.0,0.0,0.0,0.0,0.0,0.0,0.0,0.0
"126,165",1171.7019447762298,0.0,0.0,0.0,0.0,0.0,0.0,0.0,0.0,0.0,0.0,5809.015303394841,5888.9911744332785,3233.634858435276,1515.2201138215908,1008.2396893837872,50.76277422904968,6180.456521422255,6132.948818757488,3326.3408251547353,1644.093477383782,1093.9275008771933,63.45416879653931,6646.701729557561,6781.922630705553,3606.2217681183542,1748.7792519485251,1170.0663005445517,60.28094840049744,7164.97582728442,7244.052886486054,3806.2014750667654,1856.6445421134727,1211.2846536972943,63.454529762268066,7588.288775419722,7673.050843728758,3926.7100118029352,1886.3832489294164,1223.966901097578,69.79913997650146,0.0,0.0,0.0,0.0,0.0,0.0,0.0,0.0,0.0,0.0,0.0,0.0,0.0,0.0,0.0,0.0,0.0,0.0,0.0,0.0,0.0,0.0,0.0,0.0,0.0,0.0,0.0,0.0,0.0,0.0
"86,166",1634.5790341501495,0.0,0.0,0.0,0.0,0.0,0.0,0.0,0.0,0.0,0.0,24864.24099195705,8357.464343789045,1193.1948105634428,299.28067924275115,169.99190187454224,502.3503420352936,26467.34246691629,9085.0211487527,1251.4965640647738,296.05736471905425,169.99149203300476,502.35103964805603,30490.746921859998,10350.858695427574,1331.6402979420682,292.83363487019255,169.99211382865906,489.4577901363373,34957.21183077213,12014.137395676446,1521.7595155762692,305.7228985001059,176.43773221969604,495.90310192108154,40414.79845911194,15248.11052096124,2126.7428189922784,441.06785132183745,379.45959973335266,708.598304271698,0.0,0.0,0.0,0.0,0.0,0.0,0.0,0.0,0.0,0.0,0.0,0.0,0.0,0.0,0.0,0.0,0.0,0.0,0.0,0.0,0.0,0.0,0.0,0.0,0.0,0.0,0.0,0.0,0.0,0.0
"87,166",2496.8990626372088,0.0,0.0,0.0,0.0,0.0,0.0,0.0,0.0,0.0,0.0,37543.39850965668,3577.0893525282536,569.2147095296897,267.2262750719108,378.6462916131113,565.0436391671499,42239.953256826775,3895.163663356444,624.0405647848166,273.6766604040183,385.09704005671483,571.0896727010315,44765.004577715255,3911.3165399719687,630.4949252698935,264.0082996938743,389.7540016164967,615.8857103740468,48782.67820679907,4157.039194091161,643.395000705532,276.9106708620109,405.8796231737324,664.2740839874043,54994.492421210045,4630.746810287588,711.5120824262208,296.2646995637931,425.2288846960255,674.3514606784372,0.0,0.0,0.0,0.0,0.0,0.0,0.0,0.0,0.0,0.0,0.0,0.0,0.0,0.0,0.0,0.0,0.0,0.0,0.0,0.0,0.0,0.0,0.0,0.0,0.0,0.0,0.0,0.0,0.0,0.0
"88,166",2498.7408402256547,0.0,0.0,0.0,0.0,0.0,0.0,0.0,0.0,0.0,0.0,71065.05843062495,40467.14598390167,8808.347073938332,2226.1962744703483,1535.1298960816625,2134.385007532905,73581.9494251672,41463.049370796536,8992.262129213295,2261.6859964800815,1549.151010723675,2265.925069262,74396.3582485685,41906.7324604932,9149.578982145646,2280.6431798271105,1567.7992804387034,2420.398205384086,76590.91814559206,42767.3144040005,9365.37745924183,2312.5053939604295,1648.4782984593332,2478.46655569918,77646.61386643205,43621.97360414899,9645.320131972256,2509.3957950853833,1920.2999214808142,2666.395294753243,0.0,0.0,0.0,0.0,0.0,0.0,0.0,0.0,0.0,0.0,0.0,0.0,0.0,0.0,0.0,0.0,0.0,0.0,0.0,0.0,0.0,0.0,0.0,0.0,0.0,0.0,0.0,0.0,0.0,0.0
"89,166",2500.431432874464,0.0,0.0,0.0,0.0,0.0,0.0,0.0,0.0,0.0,0.0,12623.034321264193,31917.60657856605,26999.0816508957,13279.775068053077,9160.702412424836,1271.352392018075,12947.696428075491,32770.65483644149,27844.204292944363,13578.842384484236,9318.201424566905,1284.990347666834,13118.108475848741,33224.315977558435,28192.506094886747,13727.371406939452,9447.029883163115,1311.5435033106337,13396.208285600063,34199.67826693665,28805.178572159188,14021.193584118639,9695.25025414392,1330.915850427104,13416.318683743943,34397.69100190236,28891.949839419016,14093.001752610302,9846.27033887003,1337.4590170673296,0.0,0.0,0.0,0.0,0.0,0.0,0.0,0.0,0.0,0.0,0.0,0.0,0.0,0.0,0.0,0.0,0.0,0.0,0.0,0.0,0.0,0.0,0.0,0.0,0.0,0.0,0.0,0.0,0.0,0.0
"90,166",2501.9702448911225,0.0,0.0,0.0,0.0,0.0,0.0,0.0,0.0,0.0,0.0,19783.05744486883,42292.494255809215,27070.053284603942,12435.96461467743,8516.43956876923,2270.0167708191216,20016.974079042324,42860.975277537924,27436.83729789865,12610.426996278764,8619.820781957402,2295.46329683977,20142.172773120918,43119.3614416861,27601.508189620232,12674.22655344664,8658.591861736073,2288.997650334414,20322.275955483492,43485.479032609976,27883.301243317364,12819.200771271016,8752.281516324772,2295.457133957919,20464.450648829516,43880.38648849468,28077.175156128644,12874.124674974706,8690.88950754334,2295.4645890684687,0.0,0.0,0.0,0.0,0.0,0.0,0.0,0.0,0.0,0.0,0.0,0.0,0.0,0.0,0.0,0.0,0.0,0.0,0.0,0.0,0.0,0.0,0.0,0.0,0.0,0.0,0.0,0.0,0.0,0.0
"91,166",2503.356733195267,0.0,0.0,0.0,0.0,0.0,0.0,0.0,0.0,0.0,0.0,72489.10518838752,52195.30886197557,18390.523366684072,8136.027472863479,7966.748791664722,3263.722914714439,73081.80101182696,52737.153371197564,18567.19699717877,8220.065579066559,7995.837888687733,3308.5723074856924,72654.02940429706,52959.5183583297,18525.89914731325,8194.206776271149,7940.487372883628,3266.961576055078,72422.51364837254,53241.13930354492,18602.77159783326,8168.347311148925,8092.407825716804,3331.608423303155,72956.624993012,53588.35398926735,18776.5781137429,8229.35695456617,8276.653231629203,3422.115684102563,0.0,0.0,0.0,0.0,0.0,0.0,0.0,0.0,0.0,0.0,0.0,0.0,0.0,0.0,0.0,0.0,0.0,0.0,0.0,0.0,0.0,0.0,0.0,0.0,0.0,0.0,0.0,0.0,0.0,0.0
"92,166",2504.5904077569708,0.0,139.09411239624023,32.34847831726074,103.50929307937622,891.6433653382694,0.0,48.52189016342163,19.408639430999756,87.33539175987244,723.4433884171879,60864.00696850851,24097.622778958896,2574.2639808944627,207.68530475953045,19.40231680870056,0.0,63839.40225114074,25238.878220972358,2679.189151863023,223.85477506974166,16.16862201690674,0.0,67580.31806363685,26651.02179619658,2814.6533804005267,230.32106935837692,16.16862201690674,0.0,78239.611713631,28420.37255087927,2960.184571511138,236.78736030915204,16.16862201690674,0.0,83537.0932448387,29252.85692354277,3002.4351886534223,236.78621780732098,16.16862201690674,0.0,0.0,0.0,0.0,0.0,0.0,0.0,48.52189016342163,0.0,0.0,0.0,0.0,0.0,19.408639430999756,0.0,0.0,0.0,0.0,0.0,80.86541199684143,6.469979763031006,0.0,0.0,0.0,0.0,645.8105797318851,74.39775276184082,3.235055923461914,0.0,0.0,0.0
"93,166",2505.6708319909458,3.235572576522827,157.31285418155147,80.88349556922913,135.88222002983093,618.6116646392672,3.235572576522827,157.31285418155147,80.88349556922913,126.17649674415588,544.1986199481814,61356.56082203622,15324.27221699883,2109.1085087074953,293.3938349088033,336.562034368515,226.88694399197897,63095.01787486918,15720.046091670618,2170.6012343182283,319.2835701306661,343.0347990989685,226.88735240300497,65060.26256110155,16405.15642954602,2282.7855062101403,348.00317174313113,391.5775468349457,246.30436294873556,66007.00555516878,16672.945027498172,2370.512973921907,367.4189549100165,417.0597038932875,236.59591024716696,66964.82453223116,16938.622498408487,2424.456356026145,425.2595097392213,462.3630648323134,271.7839186836692,3.235572576522827,0.0,0.0,0.0,0.0,0.0,141.13631809833004,16.176536083221436,0.0,0.0,0.0,0.0,61.471961975097656,19.41153359413147,0.0,0.0,0.0,0.0,103.52954745292664,22.646949291229248,0.0,0.0,0.0,0.0,430.9643093211978,100.29315495491028,12.941155672073364,0.0,0.0,0.0
"94,166",2506.597623109087,0.0,0.0,0.0,0.0,0.0,0.0,0.0,0.0,0.0,0.0,29097.53889000182,10198.640388774875,1349.8159288004333,312.7961161847208,307.0809951361488,763.4971943537394,30409.125682901868,11002.390058317373,1482.5321870747734,318.91462461621154,320.0267098482917,779.6804173628489,31492.315749289937,11822.66886352651,1568.0488671293447,348.0450486388861,316.7900898989509,779.679111067454,32388.499974179736,12755.888969354071,1680.9919747979034,367.87036921370265,339.44707756603464,776.4418864885965,33883.606804398005,13562.384432021308,1856.1937325206459,419.6589174448275,364.9847876099979,799.0977993647257,0.0,0.0,0.0,0.0,0.0,0.0,0.0,0.0,0.0,0.0,0.0,0.0,0.0,0.0,0.0,0.0,0.0,0.0,0.0,0.0,0.0,0.0,0.0,0.0,0.0,0.0,0.0,0.0,0.0,0.0
"95,166",2507.3704524302216,0.0,0.0,0.0,0.0,0.0,0.0,0.0,0.0,0.0,0.0,14337.309263529498,17124.978277713177,6390.9682416439055,2465.1604435247536,2307.0737873778626,1576.5030771208744,15644.921975339628,19153.091256137926,7160.121763145223,2674.901378837286,2523.2070280084426,1657.4512206030827,16335.479270806967,20403.73348398676,7695.442136879527,2800.7784011289186,2671.7494477973264,1731.9263359023075,17320.24055766779,21985.28620558252,8295.533340728049,2947.566265972923,2840.1276924357694,1774.0234576178532,18416.06280663995,23741.41046354163,8757.071919308455,3009.085055741142,2879.3391426815706,1783.7398079348545,0.0,0.0,0.0,0.0,0.0,0.0,0.0,0.0,0.0,0.0,0.0,0.0,0.0,0.0,0.0,0.0,0.0,0.0,0.0,0.0,0.0,0.0,0.0,0.0,0.0,0.0,0.0,0.0,0.0,0.0
"96,166",2507.989045645699,0.0,0.0,0.0,0.0,0.0,0.0,0.0,0.0,0.0,0.0,12441.821171605354,22876.69017497418,6773.068203102373,1196.8407706615972,599.9837465735043,290.49237473431754,14283.10775476437,26038.137934998904,7833.401542934716,1520.9712477973862,845.7242947905671,364.5764677720912,15241.369036624947,27653.45588934375,8369.005862567004,1688.5762767903946,952.1991194622188,457.6868715080561,16533.5927548315,29902.784068177727,9336.716596163957,1966.036283341576,1046.1228665249018,499.7909230980219,18426.32325218986,33350.190848771264,10381.03700656891,2189.5010937129746,1138.2388563277673,461.3314415866254,0.0,0.0,0.0,0.0,0.0,0.0,0.0,0.0,0.0,0.0,0.0,0.0,0.0,0.0,0.0,0.0,0.0,0.0,0.0,0.0,0.0,0.0,0.0,0.0,0.0,0.0,0.0,0.0,0.0,0.0
"97,166",2508.453183041224,0.0,0.0,0.0,0.0,0.0,0.0,0.0,0.0,0.0,0.0,43450.376506070534,17286.200258459765,3183.438815818113,946.5362083089118,905.9651666949777,303.7808794750887,47150.61766539181,20080.61489163193,4014.63019340833,1166.7206961472828,1145.6741036246804,365.3294243588167,49527.75230049153,21815.881371341966,4415.490771391812,1251.6662243431688,1288.9280830495497,384.76497314116534,53527.25463661493,24744.69178505224,5062.144950638565,1373.9474167244107,1347.2356010549208,410.67981264731463,55712.38190021327,26494.21544193193,5456.936851584677,1409.1707504412707,1353.308020617915,385.4899191435645,0.0,0.0,0.0,0.0,0.0,0.0,0.0,0.0,0.0,0.0,0.0,0.0,0.0,0.0,0.0,0.0,0.0,0.0,0.0,0.0,0.0,0.0,0.0,0.0,0.0,0.0,0.0,0.0,0.0,0.0
"98,166",2508.762699675223,0.0,0.0,0.0,0.0,0.0,0.0,0.0,0.0,0.0,0.0,41705.0163134818,19991.19795420778,4516.1149780497835,1443.4388441936642,1055.5866137392381,510.74351002749273,46967.93478754362,23315.0693390519,5073.263096099742,1501.0290963743248,1097.295150719437,517.2227986055261,50836.407507255964,25664.94925756454,5412.622325827094,1568.3411484587427,1145.166910869,533.4212365346796,55989.79837863867,27954.66096851872,5672.207597963483,1635.1554448183847,1181.209387361302,565.8181283670312,59577.303583593,30116.322580186057,5879.5568319021495,1605.9994730528665,1173.2818728475008,552.1351035033955,0.0,0.0,0.0,0.0,0.0,0.0,0.0,0.0,0.0,0.0,0.0,0.0,0.0,0.0,0.0,0.0,0.0,0.0,0.0,0.0,0.0,0.0,0.0,0.0,0.0,0.0,0.0,0.0,0.0,0.0
"99,166",2508.9174855123383,0.0,0.0,0.0,0.0,0.0,0.0,0.0,0.0,0.0,0.0,106700.55436983948,14713.797094577902,692.117897126254,29.159443378448486,3.239914894104004,0.0,114876.87337656207,17497.398634816152,1084.1523092718685,48.59920787811279,3.239914894104004,0.0,120435.44980095413,19217.40105849715,1207.2700780363643,64.79889035224915,3.239914894104004,0.0,127398.6821206074,21176.105553267047,1349.8273013563717,80.9987142086029,3.239914894104004,0.0,134437.13118505664,23370.529457391473,1571.5289617276658,97.19830131530762,3.239914894104004,0.0,0.0,0.0,0.0,0.0,0.0,0.0,0.0,0.0,0.0,0.0,0.0,0.0,0.0,0.0,0.0,0.0,0.0,0.0,0.0,0.0,0.0,0.0,0.0,0.0,0.0,0.0,0.0,0.0,0.0,0.0
"100,166",2508.917485512282,0.0,0.0,0.0,0.0,0.0,0.0,0.0,0.0,0.0,0.0,57148.70814276397,10012.402821612826,1177.6401577977572,206.25065873931436,76.3094170850866,3.2399063110351562,62033.90360398107,11227.059343575494,1271.5988548783696,243.6813767601462,80.99776935577393,3.2399063110351562,66220.44905151386,12529.492876476399,1532.5853370975046,290.8316620798672,103.67714047431946,6.479822635650635,74443.29138572825,15250.633723872315,1761.1730594747207,329.7109352560604,110.15688467025757,6.479822635650635,81087.96090644202,17760.200588475956,1986.1777894609115,375.07002892213706,139.31606364250183,6.479822635650635,0.0,0.0,0.0,0.0,0.0,0.0,0.0,0.0,0.0,0.0,0.0,0.0,0.0,0.0,0.0,0.0,0.0,0.0,0.0,0.0,0.0,0.0,0.0,0.0,0.0,0.0,0.0,0.0,0.0,0.0
"101,166",2508.7626996752674,0.0,0.0,0.0,0.0,0.0,0.0,0.0,0.0,0.0,0.0,31635.47638662189,14837.027724783095,4265.244118266947,843.4045560303856,439.4622516949971,174.94186091423035,34368.78439259249,19120.322071838378,5746.030859386219,1019.383512467964,512.5416562893811,178.18174242973328,36416.82368330863,21609.0313535522,6596.281054172328,1178.4627881975734,561.1375298836651,188.9682372233447,39512.76259569094,23708.04499305931,7318.009699318455,1246.4981788130367,583.8167231419507,192.20809775801266,41860.15930469644,26215.99756543683,8076.785158881019,1414.9678896399105,706.9302127697888,218.12575298758114,0.0,0.0,0.0,0.0,0.0,0.0,0.0,0.0,0.0,0.0,0.0,0.0,0.0,0.0,0.0,0.0,0.0,0.0,0.0,0.0,0.0,0.0,0.0,0.0,0.0,0.0,0.0,0.0,0.0,0.0
"102,166",2508.4531830412484,0.0,0.0,0.0,0.0,0.0,0.0,0.0,0.0,0.0,0.0,9155.68439225683,17458.46285617772,5427.48277723649,1492.1827488740284,1125.847473971049,268.87497663497925,10043.040464293723,19305.515449058308,6000.200564928616,1612.0442362626393,1193.0629092786826,294.7899513244629,11172.263247203828,21812.551879939845,6482.877778453453,1755.660405953725,1254.6122032735861,296.94951701164246,12443.74622168167,23836.529592113868,6825.17819110833,1826.1142793122458,1303.203850660137,309.907518863678,13312.993169637755,25008.394097372133,6969.872053427789,1777.5208619061636,1261.4970860902,287.2313029766083,0.0,0.0,0.0,0.0,0.0,0.0,0.0,0.0,0.0,0.0,0.0,0.0,0.0,0.0,0.0,0.0,0.0,0.0,0.0,0.0,0.0,0.0,0.0,0.0,0.0,0.0,0.0,0.0,0.0,0.0
"103,166",2507.989045645724,0.0,0.0,0.0,0.0,0.0,0.0,0.0,0.0,0.0,0.0,60392.423614459876,13173.916798652388,2235.980911281997,436.82148543806636,514.551054464602,1340.8087520599365,63031.48720746601,14041.545205098508,2417.353149918014,472.4471239230212,549.8169771708694,1308.4207620620728,65382.77164646691,14933.411342822805,2644.0676219734487,504.83367887945735,598.3970004595963,1301.5374876181286,68034.12323873182,15946.334592724781,2906.007662935818,553.4135224005755,659.9306093730179,1308.0131179014843,71038.36968613138,16881.54274327895,3125.433917962803,569.6071399828967,672.8857771434036,1298.2971116224926,0.0,0.0,0.0,0.0,0.0,0.0,0.0,0.0,0.0,0.0,0.0,0.0,0.0,0.0,0.0,0.0,0.0,0.0,0.0,0.0,0.0,0.0,0.0,0.0,0.0,0.0,0.0,0.0,0.0,0.0
"104,166",2507.3704524302048,0.0,0.0,0.0,0.0,0.0,0.0,0.0,0.0,0.0,0.0,59316.61778542014,2902.2582576013074,116.57605767250061,0.0,0.0,0.0,66323.82114432935,3206.99299102297,136.00452709197998,0.0,0.35558899150175205,0.0,71858.45176016584,3576.1402633713733,165.14836621284485,3.2383968830108643,0.35558899150175205,0.0,76989.71416237681,3786.6205077694913,191.05417370796204,3.2383968830108643,0.35558899150175205,0.0,81437.18154691528,3970.7872816198005,204.00720477104187,3.2383968830108643,0.35558899150175205,0.0,0.0,0.0,0.0,0.0,0.0,0.0,0.0,0.0,0.0,0.0,0.0,0.0,0.0,0.0,0.0,0.0,0.0,0.0,0.0,0.0,0.0,0.0,0.0,0.0,0.0,0.0,0.0,0.0,0.0,0.0
"105,166",2450.7510923279337,0.0,0.0,0.0,0.0,0.0,0.0,0.0,0.0,0.0,0.0,96125.07423671833,4428.984045120314,203.91788935661316,19.42005181312561,12.946474313735962,0.0,101579.9430666138,4712.889505735098,223.33728861808777,22.656583070755005,12.946474313735962,0.0,103769.72283009454,4917.678920009089,236.32240360484406,22.656583070755005,12.946474313735962,0.0,107075.3069389839,5006.513985154207,226.61273473010345,22.656583070755005,12.946474313735962,0.0,109112.63449631019,5024.500785090876,226.61222737536713,22.656583070755005,12.946474313735962,0.0,0.0,0.0,0.0,0.0,0.0,0.0,0.0,0.0,0.0,0.0,0.0,0.0,0.0,0.0,0.0,0.0,0.0,0.0,0.0,0.0,0.0,0.0,0.0,0.0,0.0,0.0,0.0,0.0,0.0,0.0
"106,166",2492.188135744998,0.0,0.0,0.0,0.0,0.0,0.0,0.0,0.0,0.0,0.0,110182.0203891343,14743.755063111174,1224.763491336037,405.1584609396317,605.0373044013977,750.635576248169,112539.75244189714,15196.634818623112,1309.6111789030188,443.98553141425634,624.4504354000092,753.8713133335114,114182.30008021339,15445.768029467263,1375.766307258606,463.3978782541611,643.8628256320953,779.7548792362213,115392.21041520534,15754.592230815511,1427.8539427317826,486.04671033690954,666.5118794441223,802.4029550552368,117796.35387159331,16552.69945182987,1593.589199964673,547.5220862276414,737.692978143692,847.7004361152649,0.0,0.0,0.0,0.0,0.0,0.0,0.0,0.0,0.0,0.0,0.0,0.0,0.0,0.0,0.0,0.0,0.0,0.0,0.0,0.0,0.0,0.0,0.0,0.0,0.0,0.0,0.0,0.0,0.0,0.0
"107,166",2504.5904077569858,0.0,0.0,0.0,0.0,0.0,0.0,0.0,0.0,0.0,0.0,84639.19319015111,48086.26834766443,5412.41079384112,1173.6601879288169,961.734786382376,483.88881038684474,85681.91313532849,49087.340376125605,5526.89672313578,1225.8112903856763,997.3086620480407,496.825563659855,87376.90443051657,50092.429609529645,5612.762206203797,1242.3866019090017,1048.644304973939,519.4626376535379,87931.05913549592,50685.36654310788,5672.266189712637,1300.190294117086,1048.643160087922,516.2282435800515,89131.25852579603,51960.16272972986,5901.994189767277,1364.872068971746,1093.919248087266,529.5708340018404,0.0,0.0,0.0,0.0,0.0,0.0,0.0,0.0,0.0,0.0,0.0,0.0,0.0,0.0,0.0,0.0,0.0,0.0,0.0,0.0,0.0,0.0,0.0,0.0,0.0,0.0,0.0,0.0,0.0,0.0
"108,166",2503.356733195285,6.463943243026733,25.133197630152985,133.89421523225073,180.99818301200867,100.19554495811462,6.463943243026733,25.133197630152985,130.66227257859472,174.5343427658081,93.7310721874237,15826.904510428862,34546.67729103706,28191.5494950575,15429.101577716714,15606.103921032885,5100.187722137862,16045.631891891071,35008.405414584115,28448.945599894432,15596.372183095707,15848.946947811162,5210.097503117018,16021.77680551772,35013.053258069354,28481.250763039498,15740.38306109391,15961.668851379318,5310.712168898302,16078.749541967056,35099.36139495794,28485.216462901997,15804.220020590576,16000.774765748602,5321.134740473242,15783.503440055661,34456.5185621112,28238.684978170026,15709.084783989776,15791.051129838532,5285.578944803687,0.0,0.0,3.231968402862549,3.2319748401641846,0.0,0.0,3.231968402862549,12.20534976790933,6.46391749382019,3.231961965560913,0.0,0.0,6.464070796966553,41.29349359344034,60.27981952966428,12.928415298461914,3.2322678565979004,6.464205503463745,3.2325057983398438,93.73174619674683,51.71297740936279,19.39261555671692,6.464497804641724,0.0,9.696582317352295,38.784738063812256,29.088546752929688,6.464490652084351,3.231994152069092,6.464720249176025
"109,166",2501.970244891099,122.78333377838135,449.85561767746424,1002.6928376244564,1982.3464357338698,749.5800285339355,122.78333377838135,443.39373675514673,989.768559365179,1959.725470491484,743.1178617477417,34684.359502326726,61812.98692068959,41097.77983985882,20148.02289231992,23544.304538485583,9703.552540823992,34699.36636164889,61890.101740694045,41298.49879235566,20280.502944314245,23705.055463113036,9732.63322000223,34725.54652581495,61986.93375732758,41405.113279710095,20478.224972869833,24015.66153103417,9890.958642766054,34374.9579220351,61553.865440979185,41153.56483261912,20387.752118493994,23863.068598970713,9887.413745240603,33880.23912438785,60684.32037486375,40840.52885126132,20368.300993776324,23885.692491039576,9807.04357264369,51.69781017303467,54.93005967140198,16.155463933944702,0.0,0.0,0.0,142.16328501701355,184.90059462715598,106.63592553138733,9.693931579589844,0.0,0.0,287.56192684173584,446.21196674646114,213.98802391220542,25.85004472732544,16.156597137451172,0.0,551.0735012755674,950.2564586134517,377.6230563406851,58.1546516418457,16.156689882278442,6.46111273765564,203.55207991600037,355.40587186813354,145.38948321342468,35.538796186447144,0.0,3.231630563735962
"110,166",2500.431432874501,322.8640558719635,881.0354487895966,1636.9906823635101,2034.890870145723,1165.3771300773994,287.34801149368286,842.2925982475281,1575.64732503891,2018.7471049346177,1149.235487983741,42243.96262912563,48639.01700601766,25344.2799922485,15667.723866423437,21324.718995150397,12095.03701982498,42760.3168175155,49338.53794894312,25611.064618878274,15753.792192150562,21629.948867968018,12364.077441613814,43252.92019292794,49955.922168537225,25772.140383743776,15792.551949192493,21842.2388845397,12509.372967164656,43023.73303873118,50149.51910240604,25636.144609037103,15614.950181652515,21767.561618789976,12590.081695001265,42350.36539373772,49519.634653730034,25541.70318144537,15519.913841906715,21702.97146557266,12596.528343598982,116.21860885620117,87.1789984703064,61.347503423690796,19.374055862426758,3.2288448810577393,0.0,154.96289706230164,219.1497883796692,284.13491797447205,151.757239818573,16.143739223480225,16.144015789031982,429.3962240219116,442.342410326004,416.53111267089844,206.65270805358887,67.80750966072083,12.917360305786133,768.5346566331153,786.3340707348842,229.2545611858368,122.70530390739441,102.2314549782697,9.687057495117188,541.121926687278,288.42542614936826,177.60420942306519,64.58304786682129,58.126123905181885,19.374753952026367
"111,166",2498.7408402256333,16.13850450515747,19.363128900527954,45.184351205825806,263.581406990687,111.89014426867168,16.13850450515747,19.363128900527954,45.184351205825806,263.581406990687,111.89014426867168,36240.988672297615,32295.57701589921,8852.129660669027,3356.6391853996347,4435.155746852651,4510.765543049457,36928.93171977062,33060.18555430618,9109.898772284563,3512.5760468352073,4533.041574870839,4606.09528332785,37955.74527518796,34233.65972475444,9549.420083841624,3670.261597267787,4745.620772498262,4757.233351761686,39266.32728433048,35542.23191791796,10133.044898209853,3819.0873488538405,4890.822620051515,4860.087950889736,39506.649538149555,36234.83448505589,10721.392684553184,3990.836850014855,5052.4334198587085,4992.3754789801205,9.683016300201416,6.455488204956055,0.0,0.0,0.0,0.0,9.682072877883911,6.454439163208008,3.226616859436035,0.0,0.0,0.0,25.820640802383423,12.911100387573242,3.225861072540283,0.0,3.2267489433288574,0.0,129.1013731956482,104.35966769854227,12.906578779220581,3.2277517318725586,10.758117914199829,3.2279176712036133,54.87401294708252,37.65442005793253,12.90959906578064,0.0,3.2260560989379883,3.2260560989379883
"112,166",2496.8990626372424,0.0,0.0,3.2246973514556885,0.0,0.0,0.0,0.0,3.2246973514556885,0.0,0.0,24499.667047788593,30704.172807284896,11787.398302124999,4122.844014297747,4045.0582680234725,2617.603769127528,24906.296065562387,31498.928934035583,12081.516781076733,4212.373905512865,4141.738345544479,2617.5981870333353,25461.441479236946,32490.415931021933,12506.147806575254,4318.79361185747,4322.301478041855,2678.1315972823722,25774.984117337775,32972.44603875571,12716.545390221654,4380.440181869619,4328.7547785179295,2722.8612661202746,26231.458254678586,33966.7120507259,13385.81673184844,4569.593547514372,4570.602444819843,2815.9539800475627,0.0,0.0,0.0,0.0,0.0,0.0,0.0,0.0,0.0,0.0,0.0,0.0,0.0,0.0,3.2246973514556885,0.0,0.0,0.0,0.0,0.0,0.0,0.0,0.0,0.0,0.0,0.0,0.0,0.0,0.0,0.0
"113,166",2494.7728861271994,0.0,0.0,0.0,0.0,0.0,0.0,0.0,0.0,0.0,0.0,15975.82216761907,24955.088758350823,8369.69250165528,3057.844831666759,3221.661032851537,1349.3473284487632,16448.59562547908,25700.56282986566,8629.506528744043,3083.5614480953586,3268.8280721655083,1404.1191807036307,16816.939851433624,26145.8334278303,8851.336763367934,3096.433228252448,3191.4319838159226,1381.9697531569238,17237.20766484036,26529.9085894192,8936.863552315095,3073.5133409032633,3117.7143030718266,1369.0797955167059,17601.27929929191,26905.68922507249,9021.20487879398,3044.864376543082,3120.209392513014,1343.695727639105,0.0,0.0,0.0,0.0,0.0,0.0,0.0,0.0,0.0,0.0,0.0,0.0,0.0,0.0,0.0,0.0,0.0,0.0,0.0,0.0,0.0,0.0,0.0,0.0,0.0,0.0,0.0,0.0,0.0,0.0
"114,166",2492.7553313166563,0.0,0.0,0.0,0.0,0.0,0.0,0.0,0.0,0.0,0.0,50276.810350953834,14913.306049277735,1617.2781497693527,538.6250040512459,771.2363928757462,1392.9086110732133,52538.44421940691,15537.378222726373,1714.2699500055874,574.0371072273629,816.7088925071791,1434.7580950400406,53962.05519921078,15946.551931617774,1788.3233629198635,606.2285950165169,813.4908584781722,1441.1979191443497,55032.422449002544,16136.635471817091,1882.3472295910703,622.3246161919014,813.0884535350052,1444.8199465256112,56756.208194799976,16672.12429729069,1939.2004273676403,609.4435048084633,816.3060681857315,1470.5733160953896,0.0,0.0,0.0,0.0,0.0,0.0,0.0,0.0,0.0,0.0,0.0,0.0,0.0,0.0,0.0,0.0,0.0,0.0,0.0,0.0,0.0,0.0,0.0,0.0,0.0,0.0,0.0,0.0,0.0,0.0
"115,166",2467.141111176033,0.0,0.0,0.0,0.0,0.0,0.0,0.0,0.0,0.0,0.0,34085.43586129301,12295.074920356039,3491.288205431022,1034.057689288083,1515.011335105522,5092.212666828493,35423.397513913165,12912.188572255302,3665.272801560982,1064.434018867156,1521.4466478534773,5104.365740445081,36372.30617743193,13348.842945056802,3819.070022744758,1106.235080020568,1547.169467420204,5117.22661414427,37434.52401125851,14029.840340648914,3971.492388698166,1160.9053023029776,1543.9517459579542,5130.099767830793,38734.45259035054,14593.591846554886,4144.4073324558785,1228.0377839714872,1576.1105227180556,5190.4830214724825,0.0,0.0,0.0,0.0,0.0,0.0,0.0,0.0,0.0,0.0,0.0,0.0,0.0,0.0,0.0,0.0,0.0,0.0,0.0,0.0,0.0,0.0,0.0,0.0,0.0,0.0,0.0,0.0,0.0,0.0
"116,166",2446.3262212161967,0.0,0.0,0.0,0.0,0.0,0.0,0.0,0.0,0.0,0.0,20045.49318712459,14174.206163828047,3632.123082491931,858.066044071609,838.5557682430043,994.550366043577,20901.17368988804,15052.794690185436,3842.63707652092,906.2366944902085,864.2676062499776,988.8417125262465,21537.052455513156,15740.459673296236,4036.811221260183,905.0272734501783,867.5417918654049,975.9865019835677,22320.260905746385,16324.995115569993,4311.221325653674,937.1672053673689,890.0376398058498,975.9887824572768,22488.615731101883,16741.857282231835,4408.53362288849,966.0796842911665,872.2943933122298,973.4908993085226,0.0,0.0,0.0,0.0,0.0,0.0,0.0,0.0,0.0,0.0,0.0,0.0,0.0,0.0,0.0,0.0,0.0,0.0,0.0,0.0,0.0,0.0,0.0,0.0,0.0,0.0,0.0,0.0,0.0,0.0
"117,166",776.2367312847567,0.0,0.0,0.0,0.0,0.0,0.0,0.0,0.0,0.0,0.0,933.5924937453925,578.0015087688671,40.59693778449414,3.2083771228790283,0.0,0.0,913.4795461383521,539.3905396134246,37.38615621024487,3.2083771228790283,0.0,0.0,1089.5230124408124,604.7426905286079,43.808396467508054,3.2083771228790283,0.0,0.0,1198.6999321395276,672.1888332021003,69.49627960616468,3.2083771228790283,0.0,0.0,1195.4147854028965,742.8870093719631,91.97467816764232,3.211071729660034,0.0,0.0,0.0,0.0,0.0,0.0,0.0,0.0,0.0,0.0,0.0,0.0,0.0,0.0,0.0,0.0,0.0,0.0,0.0,0.0,0.0,0.0,0.0,0.0,0.0,0.0,0.0,0.0,0.0,0.0,0.0,0.0
"118,166",1805.8646101534962,0.0,0.0,0.0,0.0,0.0,0.0,0.0,0.0,0.0,0.0,5733.722447706671,821.0108563423157,99.41437125205994,6.411937236785889,12.818122863769531,1.771754172269036,5978.988482268651,1018.0146041860767,118.65929412841797,6.411937236785889,12.818122863769531,1.771754172269036,5999.765720128078,1063.023158380097,134.69603848457336,6.411937236785889,9.613578796386719,1.771754172269036,5639.968695656458,1056.2034753453497,144.31996536254883,12.823737621307373,9.613578796386719,1.771754172269036,5601.46903423702,1151.2287824303496,169.97312259674072,19.23885154724121,6.409021377563477,1.771754172269036,0.0,0.0,0.0,0.0,0.0,0.0,0.0,0.0,0.0,0.0,0.0,0.0,0.0,0.0,0.0,0.0,0.0,0.0,0.0,0.0,0.0,0.0,0.0,0.0,0.0,0.0,0.0,0.0,0.0,0.0
"119,166",2479.8253622237444,0.0,0.0,0.0,0.0,0.0,0.0,0.0,0.0,0.0,0.0,1344.1937789075516,461.24813573220194,53.64742499987285,2.7997970852197387,0.0,1.4199164643007165,1368.3765916310106,551.6703533406351,53.64609224001567,2.7997970852197387,0.0,1.4199164643007165,1306.082570772545,512.03286559909,44.03928286234538,2.7997970852197387,0.0,1.4199164643007165,1093.989983703576,432.37222027778625,32.031548738479614,0.0,0.0,1.4199164643007165,954.2208110061347,262.6229133605957,16.01491355895996,0.0,0.0,1.4199164643007165,0.0,0.0,0.0,0.0,0.0,0.0,0.0,0.0,0.0,0.0,0.0,0.0,0.0,0.0,0.0,0.0,0.0,0.0,0.0,0.0,0.0,0.0,0.0,0.0,0.0,0.0,0.0,0.0,0.0,0.0
"120,166",2476.801765068117,0.0,0.0,0.0,0.0,0.0,0.0,0.0,0.0,0.0,0.0,3850.1440698791953,6778.089434701321,4241.915791632148,2132.6165102696887,1532.3295163977382,156.5446928884469,4112.2892659280815,6843.10673738835,4327.894631688735,2177.7240797818877,1548.71762492049,162.9367448236428,4210.740859169118,6711.987895978666,4209.556270374971,2152.1442503274657,1570.7437275147906,169.68103690053903,4102.428083653544,6407.788275062337,4139.222182526308,2106.6887276256784,1502.554973636889,169.68125719930612,4092.7960386229497,6321.093457379061,4008.1875832295887,1962.8197720134958,1463.8418388151654,163.2870535364338,0.0,0.0,0.0,0.0,0.0,0.0,0.0,0.0,0.0,0.0,0.0,0.0,0.0,0.0,0.0,0.0,0.0,0.0,0.0,0.0,0.0,0.0,0.0,0.0,0.0,0.0,0.0,0.0,0.0,0.0
"121,166",2473.1349032106523,0.0,0.0,0.0,0.0,0.0,0.0,0.0,0.0,0.0,0.0,41645.547924760736,9979.748895960227,2714.8236933895187,1157.1239900794683,1215.1075998287574,485.0553163360147,40055.47936318715,9838.907816960764,2734.3625375541983,1201.5189559104394,1256.6499501209632,526.5988005469827,39502.141445331006,9768.59277875657,2679.690566176994,1166.7623583363552,1225.040098947637,545.4231510863585,39947.57996368782,9925.466174526775,2622.155361051185,1132.3072458052168,1181.3472305110856,539.0286844477935,41660.8477316445,9976.911958674824,2603.3147537549335,1122.7209013247023,1130.5599011318357,523.0499153838439,0.0,0.0,0.0,0.0,0.0,0.0,0.0,0.0,0.0,0.0,0.0,0.0,0.0,0.0,0.0,0.0,0.0,0.0,0.0,0.0,0.0,0.0,0.0,0.0,0.0,0.0,0.0,0.0,0.0,0.0
"122,166",2078.928409751572,0.0,0.0,0.0,0.0,0.0,0.0,0.0,0.0,0.0,0.0,84521.84346639407,10365.299333844467,1556.6516911955441,398.6778190135956,311.48529378573096,564.4513912200928,83285.81807626275,10181.522223669876,1630.0173709364499,443.3318154811859,327.4363681475321,558.0747425556183,84808.21650778544,10323.86644802,1712.9358453722562,456.09127378463745,354.01371788978577,570.8326213359833,86042.05376017325,10449.85317368227,1719.3192360373105,446.52628993988037,363.58093428611755,561.2689001560211,87803.04489187352,10520.708970555137,1700.187888619479,452.9103639125824,360.39430499076843,533.6327539285023,0.0,0.0,0.0,0.0,0.0,0.0,0.0,0.0,0.0,0.0,0.0,0.0,0.0,0.0,0.0,0.0,0.0,0.0,0.0,0.0,0.0,0.0,0.0,0.0,0.0,0.0,0.0,0.0,0.0,0.0
"123,166",2197.7809031252345,0.0,0.0,0.0,0.0,0.0,0.0,0.0,0.0,0.0,0.0,34146.96201258079,14169.386244447558,7700.92053176562,4763.230582700056,5629.22055500442,1505.3254843001273,33921.96148612545,14095.042020089953,7701.313974266426,4745.89649958891,5581.461395439448,1505.3205888514426,34766.86105870359,14126.9154281691,7679.763251341091,4763.229466557035,5551.739673851986,1492.593336129656,35352.32740198397,14161.980541713565,7666.008962660209,4750.487385153303,5539.398758831212,1499.321324045518,35634.568257388884,14239.413258909713,7624.612289696113,4704.494305221708,5491.635231437871,1474.553017688265,0.0,0.0,0.0,0.0,0.0,0.0,0.0,0.0,0.0,0.0,0.0,0.0,0.0,0.0,0.0,0.0,0.0,0.0,0.0,0.0,0.0,0.0,0.0,0.0,0.0,0.0,0.0,0.0,0.0,0.0
"124,166",847.075470162178,0.0,0.0,0.0,0.0,0.0,0.0,0.0,0.0,0.0,0.0,4864.928293439453,7638.459371117049,6167.956533803192,3658.5826149631953,4071.91885655721,1199.7997959024767,4877.650834294861,7686.1877851757345,6187.051050080505,3650.4641406564156,4092.92781809171,1171.1743920214037,4919.004415961807,7678.124540736629,6196.287591173135,3648.427367459092,4069.3063443539186,1181.863406121497,5014.4540390697175,7715.663486350752,6210.417262791652,3657.974553356919,4027.92924674726,1174.8788813506856,5070.312653814577,7720.287508240868,6162.663854598064,3645.5971784180288,3988.2885726405125,1151.068640652825,0.0,0.0,0.0,0.0,0.0,0.0,0.0,0.0,0.0,0.0,0.0,0.0,0.0,0.0,0.0,0.0,0.0,0.0,0.0,0.0,0.0,0.0,0.0,0.0,0.0,0.0,0.0,0.0,0.0,0.0
"86,167",1567.672295067386,0.0,0.0,0.0,0.0,0.0,0.0,0.0,0.0,0.0,0.0,26216.557769693114,5629.559109434427,1198.1797379764857,332.2689857314615,290.7844033241272,206.6123924255371,26092.793330282322,5906.261836583942,1207.834561518127,345.15279243693635,274.6717040538788,206.6123924255371,26878.92828600827,6154.332320983737,1236.8326329502406,345.1518668960123,265.0040192604065,209.83459186553955,27571.010358910462,6567.540398930568,1323.8228906902614,338.7052376101999,277.8892397880554,180.83635091781616,29173.284163288972,6967.081821059245,1443.0368184360805,419.25570343241975,351.99476146698,213.05555772781372,0.0,0.0,0.0,0.0,0.0,0.0,0.0,0.0,0.0,0.0,0.0,0.0,0.0,0.0,0.0,0.0,0.0,0.0,0.0,0.0,0.0,0.0,0.0,0.0,0.0,0.0,0.0,0.0,0.0,0.0
"87,167",2497.028547039889,0.0,0.0,0.0,0.0,0.0,0.0,0.0,0.0,0.0,0.0,29771.346726213713,6717.13446820951,871.8161372222153,312.7962996959686,299.8876066207886,222.48752880096436,32097.468913832832,7199.3016678370695,931.6566215627333,312.79667496681213,312.78769969940186,232.56520375363968,34208.67804219208,7657.260511545107,965.9120252693401,338.59468507766724,332.13522958755493,277.7121735488667,38251.22112466494,8834.311583427354,1104.5815570915445,357.94442200660706,400.65784606933596,297.05756148450513,40076.583472215425,9474.259202124089,1165.4505102410035,351.4900326728821,412.34241878846115,299.87675738334656,0.0,0.0,0.0,0.0,0.0,0.0,0.0,0.0,0.0,0.0,0.0,0.0,0.0,0.0,0.0,0.0,0.0,0.0,0.0,0.0,0.0,0.0,0.0,0.0,0.0,0.0,0.0,0.0,0.0,0.0
"88,167",2498.8706711500104,0.0,0.0,0.0,0.0,0.0,0.0,0.0,0.0,0.0,0.0,16357.126418627007,13007.0304702871,3462.9303185668646,1010.7750971307942,829.6470390824711,403.32193207740784,15935.966882742152,12986.035775735334,3449.012523957794,1032.9509028621749,842.5478588609135,448.4852497577667,16674.71201242185,13163.43846066232,3490.9451835838013,1049.0781909652785,858.678561594907,490.4291253089905,18052.270366022636,13787.340606028429,3752.2764297214203,1171.6903177925185,1039.363169815961,567.8675282001495,17991.47041810728,13989.870233811585,3917.6273162093817,1253.1467909438936,1122.0371473957512,632.4073383808136,0.0,0.0,0.0,0.0,0.0,0.0,0.0,0.0,0.0,0.0,0.0,0.0,0.0,0.0,0.0,0.0,0.0,0.0,0.0,0.0,0.0,0.0,0.0,0.0,0.0,0.0,0.0,0.0,0.0,0.0
"89,167",2500.5615878292792,0.0,0.0,0.0,0.0,0.0,0.0,0.0,0.0,0.0,0.0,4747.814595110276,729.8015871047974,329.39865493774414,164.70977306365967,132.417338848114,0.0,4606.941169444252,710.4368510246277,274.4978058338165,129.18595623970032,74.28404593467712,0.0,4827.735316610337,829.9078986644745,261.5831186771393,83.96971344947815,35.526849031448364,0.0,5017.50235338772,939.7226612567902,248.66637754440308,90.42614006996155,29.06706714630127,0.0,4908.943914890289,1081.1338573203368,287.4211206436157,83.96669411659241,51.67455863952637,0.0,0.0,0.0,0.0,0.0,0.0,0.0,0.0,0.0,0.0,0.0,0.0,0.0,0.0,0.0,0.0,0.0,0.0,0.0,0.0,0.0,0.0,0.0,0.0,0.0,0.0,0.0,0.0,0.0,0.0,0.0
"90,167",2502.100699759898,0.0,0.0,0.0,0.0,0.0,0.0,0.0,0.0,0.0,0.0,20627.67294841654,2405.260773487652,471.03498724769145,171.2511749267578,61.3927686214447,0.0,20525.538478730705,2240.4806912618524,461.3440528280595,145.4055016040802,54.929736614227295,0.0,21098.820799760255,2760.8858333082762,471.042546785579,138.9419550895691,51.698469161987305,0.0,21208.611627206614,2800.05111043313,454.87982419799357,113.09148526191711,38.77348589897156,0.0,23284.97630293603,2756.9183312808764,427.58214651556574,109.86088418960571,38.77348566055298,0.0,0.0,0.0,0.0,0.0,0.0,0.0,0.0,0.0,0.0,0.0,0.0,0.0,0.0,0.0,0.0,0.0,0.0,0.0,0.0,0.0,0.0,0.0,0.0,0.0,0.0,0.0,0.0,0.0,0.0,0.0
"91,167",2503.487462365965,0.0,0.0,0.0,0.0,0.0,0.0,0.0,0.0,0.0,0.0,23901.94971957393,35380.49088325781,14446.03817892729,4460.671357598025,2141.6912845218885,387.9187646856495,24386.47080814604,36646.27762773738,14963.369090325225,4564.139830078799,2141.7062042797315,397.61646280195197,25145.44471517544,37471.09181680492,15152.696522464004,4583.547661032397,2164.741961544635,400.4428159423903,26325.808732854617,38840.62911315058,15659.531462126153,4554.473946299273,2088.3787406145357,368.1168414779738,27322.313388319573,39789.75600259444,15974.984005148272,4713.310326918434,2123.951365059497,351.95457760773456,0.0,0.0,0.0,0.0,0.0,0.0,0.0,0.0,0.0,0.0,0.0,0.0,0.0,0.0,0.0,0.0,0.0,0.0,0.0,0.0,0.0,0.0,0.0,0.0,0.0,0.0,0.0,0.0,0.0,0.0
"92,167",2504.7213842561964,0.0,19.409876585006714,0.0,93.8140709400177,578.951626107272,0.0,3.234933853149414,0.0,90.5791118144989,540.1313012095059,89880.21809814396,54304.42633901858,6647.964035676508,1022.129469088012,818.3013799190521,245.82758116722107,90555.76826189358,54884.32727138296,6719.1216944918915,1038.302319458419,847.4060411453247,265.2316975593567,92050.34617823432,55861.52528771981,6840.203658737856,1057.7010218414605,847.4038188457489,278.16741132736206,92361.41947412585,56056.02567486764,6833.725304522234,1044.7549921783746,815.059876203537,281.3993844985962,92473.86328684771,56170.41090553322,6834.944301246194,1010.3976703494202,805.3575630187988,284.63358640670776,0.0,0.0,0.0,0.0,0.0,0.0,3.234933853149414,0.0,0.0,0.0,0.0,0.0,0.0,0.0,0.0,0.0,0.0,0.0,71.16929125785828,16.174830675125122,3.234989881515503,0.0,0.0,0.0,302.94800540980174,204.83300645491659,32.3502893447876,0.0,0.0,0.0
"93,167",2505.8020276235093,67.94820761680603,1502.5154429566626,562.9904522895813,1346.001606464386,2084.0646462973427,67.94820761680603,1431.3323579919104,546.811776638031,1106.5613675117493,1967.5848570402932,134500.14907340627,42159.029832989574,5954.6605195587745,1406.0574205192866,1088.3769507884979,511.27782225608826,134793.87007931166,42355.92882827871,5967.6064085810785,1425.4719810756983,1117.5003781795501,514.5153424739838,133459.44494073436,41975.004043441666,5993.137219026976,1409.7028775673289,1091.6187918663024,517.7497427463531,133304.35812822884,41773.33083901686,5925.180399731093,1387.0509355526347,1088.7888355068133,504.80574083328247,131913.40798811632,41599.888338777135,5885.991850063847,1354.6908205013651,1082.3166558555529,482.55976449555044,67.94820761680603,0.0,0.0,0.0,0.0,0.0,1253.3765915524725,177.95576643943787,0.0,0.0,0.0,0.0,475.62724471092224,71.18453192710876,0.0,0.0,0.0,0.0,996.5576786994934,110.00368881225586,0.0,0.0,0.0,0.0,1758.3571788208158,205.99220697085065,3.235471248626709,0.0,0.0,0.0
"94,167",2506.7290086012463,0.0,0.0,0.0,0.0,3.2371509075164795,0.0,0.0,0.0,0.0,3.2371509075164795,34490.25615163037,11057.928669260062,1480.902668464885,475.1359014501759,445.295175521514,284.8535497188568,35439.828143881816,11482.7151375247,1579.976910717347,510.38645660736984,484.13936206593235,278.3798334598541,36651.760058833104,11859.308365957411,1643.048088463615,497.7920465460011,510.0366067577811,281.61834621429443,38530.48448360761,12348.05590875476,1675.4147147262797,488.43349397135717,519.7475962330313,268.66779255867004,39888.93321605757,12919.813693558,1715.8311264542972,504.61918580485326,542.4071249653311,252.48298573493958,0.0,0.0,0.0,0.0,0.0,0.0,0.0,0.0,0.0,0.0,0.0,0.0,0.0,0.0,0.0,0.0,0.0,0.0,0.0,0.0,0.0,0.0,0.0,0.0,3.2371509075164795,0.0,0.0,0.0,0.0,0.0
"95,167",2507.5019975767723,0.0,3.2375435829162598,0.0,0.0,0.0,0.0,0.0,0.0,0.0,0.0,31267.179232769387,16152.063227781595,2252.4621491974476,577.0558497915081,480.6874893983205,223.41365909576416,32425.541640709896,16960.321492739287,2382.0328074006475,632.4577082409578,529.2603610833486,265.51062059402466,33882.47805286669,17638.058088886974,2453.2742703465856,680.6759240636638,574.5958565553029,314.0828127861023,35696.95029530058,18627.809053514524,2571.8642014531533,735.37030804204,603.7402571519216,336.7497601509094,36684.321347647085,18935.722836456116,2552.4382227925694,748.3231912856008,613.4544056733449,304.3698308467865,0.0,0.0,0.0,0.0,0.0,0.0,0.0,0.0,0.0,0.0,0.0,0.0,0.0,0.0,0.0,0.0,0.0,0.0,0.0,0.0,0.0,0.0,0.0,0.0,0.0,0.0,0.0,0.0,0.0,0.0
"96,167",2508.1207194602507,0.0,0.0,0.0,0.0,0.0,0.0,0.0,0.0,0.0,0.0,19736.24664541413,9035.159958225138,1375.163569681317,404.0231791935715,392.1053725280014,324.1051558625464,21766.345705015516,10605.398645731982,1637.0966743254196,492.28071987488687,489.26602230446014,389.28664371733566,23609.598115515237,12246.562222702363,1999.852238553178,557.8667220994538,591.2942633703643,500.2141032359179,25237.632241107905,13470.102749744114,2343.387507635004,651.7906167432374,659.3057255819732,548.7938594958362,27300.72510055093,14768.639451093297,2509.781338133531,713.3246512338227,646.3473107889587,519.2390687942506,0.0,0.0,0.0,0.0,0.0,0.0,0.0,0.0,0.0,0.0,0.0,0.0,0.0,0.0,0.0,0.0,0.0,0.0,0.0,0.0,0.0,0.0,0.0,0.0,0.0,0.0,0.0,0.0,0.0,0.0
"97,167",2508.5849539093547,0.0,0.0,0.0,0.0,0.0,0.0,0.0,0.0,0.0,0.0,17129.11437029465,14997.690243140387,4459.48467370108,1184.6672371256584,390.5227862442241,60.0998400295482,18199.78406873217,15983.668438060611,4752.972894779841,1250.2669001065049,435.8722864235149,79.53587447054247,18730.300706880236,16181.907078091304,4698.30011900266,1253.5055122814927,448.82891522295336,82.77481614000658,19556.389381667683,16688.028956500224,4636.336869798923,1241.3586585175758,439.1104782665477,82.77467118151048,19548.667420846345,16623.102734701308,4467.152570840424,1164.015518511043,433.03849711324654,76.29608665354111,0.0,0.0,0.0,0.0,0.0,0.0,0.0,0.0,0.0,0.0,0.0,0.0,0.0,0.0,0.0,0.0,0.0,0.0,0.0,0.0,0.0,0.0,0.0,0.0,0.0,0.0,0.0,0.0,0.0,0.0
"98,167",2508.894535509323,0.0,0.0,0.0,0.0,0.0,0.0,0.0,0.0,0.0,0.0,22458.719596101724,16909.87572346014,4517.322161806332,1414.3503866298527,1070.753869084751,327.6266975402832,23492.35568307428,18269.105643745497,4941.815528732189,1466.185636292252,1084.120010763991,304.94824743270874,24978.633391064293,19648.17083579606,5130.5334619858695,1576.338432083878,1139.1967794006946,314.6677756309509,26375.222050802382,20874.19392166231,5339.264249346303,1593.7569509898915,1203.5865684284884,340.5861396789551,27214.178464409884,21729.826329144307,5395.065085763557,1567.8402923499837,1193.86831147811,301.7087240219116,0.0,0.0,0.0,0.0,0.0,0.0,0.0,0.0,0.0,0.0,0.0,0.0,0.0,0.0,0.0,0.0,0.0,0.0,0.0,0.0,0.0,0.0,0.0,0.0,0.0,0.0,0.0,0.0,0.0,0.0
"99,167",2509.049353908608,0.0,0.0,0.0,0.0,0.0,0.0,0.0,0.0,0.0,0.0,32250.320109286025,28776.851673198213,5702.957929165223,1466.256549358368,1196.6117918491364,366.1142408847809,34961.13938536924,31012.29220513269,6130.631216318467,1482.4567384719849,1216.0518081188202,385.55395317077637,36366.47607648419,32068.206570321436,6237.550120622971,1518.0963699817657,1238.7314586639404,398.5137023925781,38172.804643357034,33772.10995341189,6643.2693965743565,1560.2150495052338,1319.7300388813019,401.75368666648865,40623.92315385295,35779.91174821012,6955.435336405623,1638.698014497757,1342.4094676971436,388.7938733100891,0.0,0.0,0.0,0.0,0.0,0.0,0.0,0.0,0.0,0.0,0.0,0.0,0.0,0.0,0.0,0.0,0.0,0.0,0.0,0.0,0.0,0.0,0.0,0.0,0.0,0.0,0.0,0.0,0.0,0.0
"100,167",2509.049353908598,0.0,0.0,0.0,0.0,0.0,0.0,0.0,0.0,0.0,0.0,32195.75290001982,26276.199545827563,6545.453371309767,1361.0155857114232,615.3268957278308,71.27924942970276,35878.141226989144,30300.94687595461,7734.519290947447,1610.4927549867068,663.9259169241961,84.2390205860138,38670.13574670625,33609.60996173877,8900.371064661062,1795.1705654172335,756.6649632790509,93.95888614654541,41231.11207002566,35942.3573068198,9865.497931868422,2018.7278459576999,844.1438541748944,106.9187388420105,43753.11909501038,39407.81701014556,11112.728828069276,2347.2603748686174,942.1432116171893,119.87858772277832,0.0,0.0,0.0,0.0,0.0,0.0,0.0,0.0,0.0,0.0,0.0,0.0,0.0,0.0,0.0,0.0,0.0,0.0,0.0,0.0,0.0,0.0,0.0,0.0,0.0,0.0,0.0,0.0,0.0,0.0
"101,167",2508.8945355093433,0.0,0.0,0.0,0.0,0.0,0.0,0.0,0.0,0.0,0.0,12162.343155091417,5643.977467821159,2269.3241433227763,491.2877500758451,419.38942989742054,369.32240176200867,14045.709040870855,6981.218213372137,2879.465372060327,572.6886216126236,445.30723676120533,379.0416302680969,15627.977636781394,8380.783533086029,3484.5609888703216,737.914811225966,503.6223164502312,404.9593753814697,19720.088529737324,11190.32758014062,4245.535663329854,825.3879612408432,584.6156917515923,424.3985812664032,21363.0075705388,14312.033725990968,5313.920410656461,984.1361382923874,639.691662162893,440.597537279129,0.0,0.0,0.0,0.0,0.0,0.0,0.0,0.0,0.0,0.0,0.0,0.0,0.0,0.0,0.0,0.0,0.0,0.0,0.0,0.0,0.0,0.0,0.0,0.0,0.0,0.0,0.0,0.0,0.0,0.0
"102,167",2508.584953909334,0.0,0.0,0.0,0.0,0.0,0.0,0.0,0.0,0.0,0.0,23859.65472446423,31339.7791605725,13327.75996748513,6665.6433151095525,5459.253352441039,604.534670829773,25918.282523305745,34382.394360190745,14376.60549239458,7129.236814756954,5781.986763616636,623.970538854599,27847.259291614275,37313.48861105115,15696.198343246126,7555.621343688404,6251.69804944618,646.6462154388428,28967.174167385292,39102.307097822086,16617.344102080664,7811.943071548611,6551.742920156553,656.3642349243164,29549.317512061552,40446.03607314428,16889.525998424084,7848.730360097511,6493.0254920594825,649.8861060142517,0.0,0.0,0.0,0.0,0.0,0.0,0.0,0.0,0.0,0.0,0.0,0.0,0.0,0.0,0.0,0.0,0.0,0.0,0.0,0.0,0.0,0.0,0.0,0.0,0.0,0.0,0.0,0.0,0.0,0.0
"103,167",2508.1207194602916,0.0,0.0,0.0,0.0,0.0,0.0,0.0,0.0,0.0,0.0,59726.82929368206,13173.560787581464,3000.6049750599204,1132.048874093037,1323.9029861160354,382.1882176399231,62199.26199085385,14225.88966608889,3188.109246818692,1204.9713145031649,1353.0541828342514,382.18819403648376,64169.2643622417,14829.260219012991,3271.9671345766856,1204.9722440972048,1338.8805156025232,378.9493567943573,66198.43477033633,15579.62243790907,3414.1249028392867,1236.1415192744312,1374.5088389190973,375.71040320396423,70744.46557829333,16321.105671207579,3540.0912576993305,1276.6728417303048,1316.2078252109827,369.23310565948486,0.0,0.0,0.0,0.0,0.0,0.0,0.0,0.0,0.0,0.0,0.0,0.0,0.0,0.0,0.0,0.0,0.0,0.0,0.0,0.0,0.0,0.0,0.0,0.0,0.0,0.0,0.0,0.0,0.0,0.0
"104,167",2507.5019975767664,0.0,0.0,0.0,0.0,0.0,0.0,0.0,0.0,0.0,0.0,27287.102293967266,1785.3586643181595,171.61482858657837,3.2383618354797363,25.906657934188843,32.383119106292725,32718.07484198645,2118.870912595824,187.80456113815308,3.2383618354797363,34.40216833843905,42.09803080558777,39383.62113574627,2598.095553442076,223.42277646064758,3.2383618354797363,34.402180259368,45.336333990097046,45593.31121867591,2968.2858514430477,233.13660335540771,3.2383618354797363,34.402180259368,45.336333990097046,52120.63612962704,3350.351538622613,259.04109501838684,3.2383618354797363,32.38275218009949,45.336333990097046,0.0,0.0,0.0,0.0,0.0,0.0,0.0,0.0,0.0,0.0,0.0,0.0,0.0,0.0,0.0,0.0,0.0,0.0,0.0,0.0,0.0,0.0,0.0,0.0,0.0,0.0,0.0,0.0,0.0,0.0
"105,167",2506.7290086012144,0.0,0.0,0.0,0.0,0.0,0.0,0.0,0.0,0.0,0.0,16721.53130648183,1459.0384695230746,93.86262345314026,29.130146980285645,22.656601667404175,16.18399930000305,19300.37139912306,1646.762245386722,116.51973915100098,51.786542892456055,38.83972477912903,19.420361280441284,20687.21214266291,1685.610485046985,119.7563545703888,51.78632593154907,42.07637357711792,19.420361280441284,22872.10511219829,1703.930321887895,122.99304509162903,48.54970622062683,42.07637357711792,22.65700602531433,25215.40481502028,1742.7780756510938,129.46688532829285,58.26013803482056,45.31330752372742,22.65700602531433,0.0,0.0,0.0,0.0,0.0,0.0,0.0,0.0,0.0,0.0,0.0,0.0,0.0,0.0,0.0,0.0,0.0,0.0,0.0,0.0,0.0,0.0,0.0,0.0,0.0,0.0,0.0,0.0,0.0,0.0
"106,167",2502.3365797192264,0.0,0.0,0.0,0.0,0.0,0.0,0.0,0.0,0.0,0.0,76283.57916465553,3128.846176859912,65.43948271975798,0.0,0.0,0.0,80431.22947698482,3309.6517021814984,58.967593462326946,0.0,0.0,0.0,81850.52397554154,3401.5497108085483,71.91074207530302,0.0,0.0,0.0,84875.8227282954,3527.746244726929,78.78865019480386,0.0,0.0,0.0,89869.8153896902,3628.7871735984204,85.26021901766458,0.0,0.0,0.0,0.0,0.0,0.0,0.0,0.0,0.0,0.0,0.0,0.0,0.0,0.0,0.0,0.0,0.0,0.0,0.0,0.0,0.0,0.0,0.0,0.0,0.0,0.0,0.0,0.0,0.0,0.0,0.0,0.0,0.0
"107,167",2504.7213842562555,0.0,0.0,0.0,0.0,0.0,0.0,0.0,0.0,0.0,0.0,110738.85431142227,41582.50824916504,4308.278789531483,614.9549692686867,530.4700467586517,239.76879926943312,112089.55560483837,42294.01231314155,4454.638919838737,666.7057510432076,546.6429846286774,249.47277852320204,112804.33692863313,42553.461400348075,4490.619678645976,672.7683973312378,540.1726429462433,252.70699569010267,114840.36264313059,43599.33006244734,4594.518767650455,682.4708137512207,540.1708986759186,252.70699569010267,116257.00360259165,44540.56060285849,4646.263466413348,692.1748442649841,517.5295255184174,255.9417707564784,0.0,0.0,0.0,0.0,0.0,0.0,0.0,0.0,0.0,0.0,0.0,0.0,0.0,0.0,0.0,0.0,0.0,0.0,0.0,0.0,0.0,0.0,0.0,0.0,0.0,0.0,0.0,0.0,0.0,0.0
"108,167",2503.4874623659534,0.0,0.0,0.0,6.4641406536102295,0.0,0.0,0.0,0.0,6.4641406536102295,0.0,25408.12967704137,33806.20898047802,14187.485303078445,5753.2199150281795,5539.796537169289,2134.493319752637,27265.5028667291,36104.718515423236,15004.2927290664,5999.713743748384,5761.404605778526,2244.3992834119235,28468.95640507679,37360.87975157662,15221.810250627292,6074.941551550697,5790.497175129723,2296.117952588025,29796.328404491087,38527.18610931751,15440.16788269211,6129.894045933555,5874.540938528847,2305.8158831624423,31487.60991554167,39577.34427899099,15088.216934849233,5914.513765266831,5712.902765425514,2244.3921484975253,0.0,0.0,0.0,0.0,0.0,0.0,0.0,0.0,0.0,0.0,0.0,0.0,0.0,0.0,0.0,0.0,0.0,0.0,3.23214054107666,0.0,3.2320001125335693,0.0,0.0,0.0,0.0,0.0,0.0,0.0,0.0,0.0
"109,167",2502.1006997598242,3.2308852672576904,19.382476091384888,61.790938299777466,71.48505861712437,132.47045254707336,3.2308852672576904,19.382476091384888,61.790938299777466,68.2535341496561,132.47045254707336,22931.25240009812,38821.049727740006,24402.649215275633,12293.301214706196,15766.290537935143,8820.196923390558,23486.63606984194,39540.281965790535,24588.078199160333,12341.780799161686,15846.92525916754,8881.607069626978,24113.028533032357,40416.43038505012,25058.21119327919,12645.59118309021,16210.014503872628,9088.727970990014,24694.220257666526,41231.23631583102,25404.739644875244,12781.30824341774,16279.46621352364,9191.713524784762,25178.062055551298,42353.79301578858,25669.15355997833,12831.61756087939,16083.266355929654,9131.77304931248,0.0,3.2308852672576904,0.0,0.0,0.0,0.0,0.0,16.15174913406372,0.0,0.0,3.230726957321167,0.0,12.920724391937256,23.02101461279626,6.462533473968506,0.0,12.924598217010498,6.462067604064941,9.692401647567749,19.385905981063843,26.252012323865703,3.230844259262085,3.230905771255493,6.461464166641235,35.542510986328125,22.61797523498535,25.84677815437317,6.46277928352356,19.38508701324463,22.61532187461853
"110,167",2500.56158782932,19.376546382904053,106.97582387924194,245.42598509788513,474.7279782295227,488.0503973203547,19.376546382904053,103.74585056304932,245.42598509788513,471.4989230632782,481.59149138506723,38403.12541581789,40107.482308879546,15620.400279308767,6657.306241229936,7633.364259599237,4410.161227546019,39314.650764813145,41396.255457406885,16165.121961089673,6763.8708979644025,7681.79684102395,4452.138886294646,39730.75039793183,42170.798733513024,16550.796599850935,6849.256085077921,7775.447139857797,4509.902243147644,40434.065164500586,43317.92655991479,17129.64676412414,7059.144046703974,7849.724885581521,4584.184381018433,41027.94758802862,44032.57717952634,17598.39554411944,7070.625480131074,7808.113170679877,4558.931730265711,12.917507886886597,3.229515552520752,3.229522943496704,0.0,0.0,0.0,61.3590829372406,42.386767625808716,0.0,0.0,0.0,0.0,158.23251247406006,77.50612497329712,3.2296838760375977,6.4576637744903564,0.0,0.0,248.66502833366394,171.166761636734,35.526081800460815,6.456414222717285,6.4564220905303955,3.228214979171753,323.3499626356013,135.63430786132812,22.607220888137817,0.0,0.0,0.0
"111,167",2498.87067115001,6.4552717208862305,19.36436104774475,32.27548098564148,69.36953795376947,54.45357849738177,6.4552717208862305,16.1367449760437,32.27548098564148,66.1424456876867,54.45357849738177,23682.50487308689,21886.29607405008,6372.239526253121,2608.4380683524937,3760.312864992665,4170.1537688648,24971.520398675693,22872.64147738382,6659.43422148742,2737.512386046204,3882.9400171971783,4247.9993494501305,25894.89613199421,23630.458252694556,6936.07864709368,2844.005726300034,4008.7777814603314,4325.478188210843,27219.069061389622,25195.471653731664,7430.269881898282,2992.456798992905,4144.31497666602,4493.68933467491,28247.53515986648,26528.81245176091,7872.33125576786,3138.4794862578897,4220.507105904934,4551.773601814345,6.4552717208862305,0.0,0.0,0.0,0.0,0.0,12.909676790237427,3.2270681858062744,0.0,0.0,0.0,0.0,32.27548098564148,0.0,0.0,0.0,0.0,0.0,50.008300666248104,6.453659772872925,6.4542107582092285,0.0,3.2262744903564453,0.0,51.22577955863055,3.2277989387512207,0.0,0.0,0.0,0.0
"112,167",2497.0285470399067,0.0,0.0,0.0,0.0,0.0,0.0,0.0,0.0,0.0,0.0,4343.318909071941,6240.657400417327,2539.293602252474,1490.8448860617243,2235.9330722537693,2676.2489642741634,4575.455680313296,6759.037491358963,2716.631437325945,1571.4655351610743,2371.78778386303,2718.1974675300075,4843.074272581174,7162.929696132623,2916.191381222594,1664.9802470179163,2552.387636901818,2815.301644069073,5059.193470537896,7427.464605394999,3009.3478439003816,1752.055771586474,2616.8795409221275,2818.935559008168,5309.863867300633,7820.404641244925,3162.0225580673596,1864.9851066682852,2768.4669230171276,2958.020156024484,0.0,0.0,0.0,0.0,0.0,0.0,0.0,0.0,0.0,0.0,0.0,0.0,0.0,0.0,0.0,0.0,0.0,0.0,0.0,0.0,0.0,0.0,0.0,0.0,0.0,0.0,0.0,0.0,0.0,0.0
"113,167",2494.9019928778503,0.0,0.0,0.0,0.0,0.0,0.0,0.0,0.0,0.0,0.0,10623.763419011058,19924.36494558185,5590.721835581461,1270.9228237133402,873.888231309255,717.6715957800548,11175.891106307272,20836.556199526323,6008.297886233236,1361.9149703259563,944.7661059220633,760.7630800602483,11550.704702182844,21587.410599716975,6344.8143540158,1416.6891657586193,994.1666217168173,767.2071740028905,11870.351777079526,22177.591744332225,6654.466507279639,1562.8687781259127,964.753943049674,712.4396101830052,12195.726936343137,22664.91657662579,6790.534980703803,1592.2045671154472,976.074520410276,654.4492782948064,0.0,0.0,0.0,0.0,0.0,0.0,0.0,0.0,0.0,0.0,0.0,0.0,0.0,0.0,0.0,0.0,0.0,0.0,0.0,0.0,0.0,0.0,0.0,0.0,0.0,0.0,0.0,0.0,0.0,0.0
"114,167",2492.884061622103,0.0,0.0,0.0,0.0,0.0,0.0,0.0,0.0,0.0,0.0,38520.14781686558,9865.34818175353,1937.031579090567,406.6345133921679,359.6739852970722,636.2567114166185,38931.54686087533,10132.029336356181,1971.2386514299055,415.081816813525,382.2133546417835,662.01501362838,40259.12728677543,10431.805877613551,2040.9796863808353,427.96134986596945,381.1523555821064,642.6971797279283,41937.824473922396,10690.700623445882,2108.9996949887745,440.8397366018856,400.87548739676384,664.8334767313564,44004.58333036104,10926.738129008048,2175.5538892961017,440.83906736093405,436.2932377553454,697.0348879786098,0.0,0.0,0.0,0.0,0.0,0.0,0.0,0.0,0.0,0.0,0.0,0.0,0.0,0.0,0.0,0.0,0.0,0.0,0.0,0.0,0.0,0.0,0.0,0.0,0.0,0.0,0.0,0.0,0.0,0.0
"115,167",2490.5924795098963,0.0,0.0,0.0,0.0,0.0,0.0,0.0,0.0,0.0,0.0,89660.05847232764,7997.622068668814,647.9806251189289,283.38135187298644,457.03604563077295,940.1356646014194,92172.65044220477,8209.04027976709,664.0588841101703,280.16636650235046,457.03604563077295,940.134656567667,96228.73282554478,8541.629464371064,667.2755629679737,276.9508434978186,460.2519577344259,943.3504136992435,102277.54069975497,9224.731260975668,689.7813653609333,276.95013897091735,469.8975840409597,946.5652500582676,112645.03329256843,10145.92010839406,734.7989282271442,293.0276505199133,476.32931335767114,952.9961358500461,0.0,0.0,0.0,0.0,0.0,0.0,0.0,0.0,0.0,0.0,0.0,0.0,0.0,0.0,0.0,0.0,0.0,0.0,0.0,0.0,0.0,0.0,0.0,0.0,0.0,0.0,0.0,0.0,0.0,0.0
"116,167",2476.5402338907293,0.0,0.0,0.0,0.0,0.0,0.0,0.0,0.0,0.0,0.0,26062.16035739674,31782.888055852814,21566.10503121357,9476.29154644293,7994.861228600671,7966.353229817222,26654.862235243178,32304.56770827069,21762.798303131025,9505.623476943783,8043.061305657556,7972.785627182792,27195.699032285167,32876.098356525574,22111.787318581224,9666.251600942425,8219.778342858484,8030.617035921882,27945.06510085966,33262.52181564405,22309.794725910822,9734.935449699327,8335.458995476893,8162.370203551124,28666.423138884937,33521.776626594394,22310.612439983026,9767.480042949377,8316.186228177128,8152.732679184745,0.0,0.0,0.0,0.0,0.0,0.0,0.0,0.0,0.0,0.0,0.0,0.0,0.0,0.0,0.0,0.0,0.0,0.0,0.0,0.0,0.0,0.0,0.0,0.0,0.0,0.0,0.0,0.0,0.0,0.0
"117,167",538.3538925643883,0.0,0.0,0.0,0.0,0.0,0.0,0.0,0.0,0.0,0.0,305.04785680770874,404.387015912112,170.18880152702332,48.98655984448452,20.386045508291208,6.42170524597168,513.7510108947754,635.571200463351,221.56377172470093,52.1974496607687,20.385924868490182,6.42170524597168,554.8970358829872,702.9998472662533,246.7341863482606,58.61959192799587,20.38656788339802,6.42170524597168,599.482988019083,760.1258360750535,275.6330596774232,58.61959192799587,20.38656788339802,6.42170524597168,580.2261387301426,802.7863845208112,282.054329809488,58.61970064686794,23.597177319433175,6.42170524597168,0.0,0.0,0.0,0.0,0.0,0.0,0.0,0.0,0.0,0.0,0.0,0.0,0.0,0.0,0.0,0.0,0.0,0.0,0.0,0.0,0.0,0.0,0.0,0.0,0.0,0.0,0.0,0.0,0.0,0.0
"119,167",627.8446103280935,0.0,0.0,0.0,0.0,0.0,0.0,0.0,0.0,0.0,0.0,150.61717578009063,153.30735994133295,25.604617834091187,16.002645254135132,6.401052474975586,0.0,118.65478305255667,95.2592085127737,19.203551292419434,12.802076816558838,6.401052474975586,0.0,80.23245291148915,67.62582294613708,19.203551292419434,12.802076816558838,6.401052474975586,0.0,38.6020470086266,48.01470136642456,19.203551292419434,9.601522445678711,6.401052474975586,0.0,48.210284752004284,44.81662702560425,22.404077529907227,9.601522445678711,6.401052474975586,0.0,0.0,0.0,0.0,0.0,0.0,0.0,0.0,0.0,0.0,0.0,0.0,0.0,0.0,0.0,0.0,0.0,0.0,0.0,0.0,0.0,0.0,0.0,0.0,0.0,0.0,0.0,0.0,0.0,0.0,0.0
"120,167",2063.730695702365,0.0,0.0,0.0,0.0,0.0,0.0,0.0,0.0,0.0,0.0,13822.559293918048,20782.636260099967,11951.857875201282,4061.139081917557,2218.2239062739354,377.2414824962616,13830.255267880008,20689.992347069347,11855.589271189185,4038.7658087833256,2259.7910716486913,377.2433032989502,13830.803841862957,20610.044841595256,11878.377216089475,4106.276777710635,2259.7935628844243,399.62410616874695,13513.818027601055,19909.447430274064,11494.103069927178,4004.02607107069,2195.9339981368944,390.03355264663696,13365.230697818832,19497.658692895664,11203.465144761403,3811.8370230412947,2024.6049640075835,354.86747884750366,0.0,0.0,0.0,0.0,0.0,0.0,0.0,0.0,0.0,0.0,0.0,0.0,0.0,0.0,0.0,0.0,0.0,0.0,0.0,0.0,0.0,0.0,0.0,0.0,0.0,0.0,0.0,0.0,0.0,0.0
"121,167",2032.5949543781912,0.0,0.0,0.0,0.0,0.0,0.0,0.0,0.0,0.0,0.0,29648.743743767456,11754.81311491424,3148.0495403261743,883.8851066533257,908.7494253074422,386.6982777118683,29548.720978386264,11673.608488202563,3137.406521830839,851.9288924637963,889.5733589088215,389.8934693336487,30240.488653613073,11740.675313354006,3131.012248549742,854.7737418081246,870.3976630126729,393.0894606113434,29703.896456408034,11319.785556570689,2904.1027767471232,784.4619873430214,800.0850335513844,380.30561327934265,30800.24615805757,11257.555133467094,2789.044263079587,692.1241787115732,666.556352705114,351.5416147708893,0.0,0.0,0.0,0.0,0.0,0.0,0.0,0.0,0.0,0.0,0.0,0.0,0.0,0.0,0.0,0.0,0.0,0.0,0.0,0.0,0.0,0.0,0.0,0.0,0.0,0.0,0.0,0.0,0.0,0.0
"86,168",2190.785462479413,0.0,0.0,0.0,0.0,0.0,0.0,0.0,0.0,0.0,0.0,32370.881834749143,4139.6580995625145,611.7001677503772,167.5101556777954,146.1127768207999,61.14369636423447,33912.96939881549,4260.822144326043,733.271304884144,199.71962428092957,158.99422866596896,61.14369636423447,35704.22955790501,4360.4999502041765,788.029573955723,210.78198242467994,171.87895018353183,67.74973035419688,39771.35660988116,4713.820597691629,853.0579010935392,248.96336639628692,208.89775551627665,67.74973035419688,47761.918949826555,5402.265557491078,968.752134295071,338.2835438560037,253.98946107696085,90.29486227596507,0.0,0.0,0.0,0.0,0.0,0.0,0.0,0.0,0.0,0.0,0.0,0.0,0.0,0.0,0.0,0.0,0.0,0.0,0.0,0.0,0.0,0.0,0.0,0.0,0.0,0.0,0.0,0.0,0.0,0.0
"87,168",2497.154461448383,0.0,0.0,0.0,0.0,0.0,0.0,0.0,0.0,0.0,0.0,43337.5260295952,17733.813034823364,3553.537550732669,1148.027890920639,638.5037080764771,257.98628520965576,45556.3927823609,18589.314217885334,3693.7926850543304,1209.2987229824066,677.1974792003632,254.7595808506012,45958.30802445879,18715.032056649525,3717.5763624686824,1196.3972835540771,696.5535192012787,264.436386346817,52665.456718166206,20313.41334314814,3875.0184053187277,1235.0958535671234,761.8390938646653,280.56298446655273,55451.28995062603,20790.211364279538,3898.8298022868585,1251.2254061698914,779.167145945979,290.2395739555359,0.0,0.0,0.0,0.0,0.0,0.0,0.0,0.0,0.0,0.0,0.0,0.0,0.0,0.0,0.0,0.0,0.0,0.0,0.0,0.0,0.0,0.0,0.0,0.0,0.0,0.0,0.0,0.0,0.0,0.0
"88,168",2498.9969228403997,0.0,0.0,0.0,0.0,0.0,0.0,0.0,0.0,0.0,0.0,22757.762531853656,3910.969178054847,216.20425581932068,100.0319459438324,12.904381036758423,0.0,23715.214730560077,3959.0295191231894,208.9268098157995,87.12411260604858,12.904381036758423,0.0,23682.15412058643,3610.522493642919,208.92983105603386,80.67274403572083,12.904381036758423,0.0,24670.187937087638,3746.4606469210453,218.60926964703728,90.35342645645142,12.905922889709473,0.0,26253.29594141455,3979.000965617685,218.12411406647925,102.43281410722172,10.880510750938864,0.0,0.0,0.0,0.0,0.0,0.0,0.0,0.0,0.0,0.0,0.0,0.0,0.0,0.0,0.0,0.0,0.0,0.0,0.0,0.0,0.0,0.0,0.0,0.0,0.0,0.0,0.0,0.0,0.0,0.0,0.0
"89,168",2500.688154864952,0.0,0.0,0.0,0.0,0.0,0.0,0.0,0.0,0.0,0.0,10568.173734323651,355.1677519452338,30.666560991137636,0.0,0.0,0.0,9545.073919521594,490.8252617490058,11.294345004885805,3.2288246154785156,0.0,0.0,10343.100472398834,846.0037578077877,11.294413669436587,6.457428216934204,0.0,0.0,9704.519809828553,1038.0855599926967,24.210299833148134,3.2286036014556885,0.0,0.0,6604.931944084167,699.0220293091795,24.210299833148134,0.0,0.0,0.0,0.0,0.0,0.0,0.0,0.0,0.0,0.0,0.0,0.0,0.0,0.0,0.0,0.0,0.0,0.0,0.0,0.0,0.0,0.0,0.0,0.0,0.0,0.0,0.0,0.0,0.0,0.0,0.0,0.0,0.0
"90,168",2502.2275586335636,0.0,0.0,0.0,0.0,0.0,0.0,0.0,0.0,0.0,0.0,8558.401687709958,204.060943812015,38.77533149719238,0.0,0.0,0.0,6931.098752973594,181.4405345617556,32.31280303001404,0.0,0.0,0.0,6160.610498683593,177.01370134353638,16.156384468078613,0.0,0.0,0.0,6100.773228565851,254.56021275520325,3.231287717819214,0.0,0.0,0.0,5143.20942923228,228.70778431892396,3.231287717819214,0.0,0.0,0.0,0.0,0.0,0.0,0.0,0.0,0.0,0.0,0.0,0.0,0.0,0.0,0.0,0.0,0.0,0.0,0.0,0.0,0.0,0.0,0.0,0.0,0.0,0.0,0.0,0.0,0.0,0.0,0.0,0.0,0.0
"91,168",2503.6145881253537,0.0,0.0,0.0,0.0,0.0,0.0,0.0,0.0,0.0,0.0,108810.13526487631,6427.88293018154,489.32387734207447,139.0244698524475,63.01606855205461,27.07090103859995,112420.01323876006,7262.930203190037,515.1970226839476,135.79129338264465,63.01598629764482,27.07087147469614,112368.69890112504,7706.375382356084,547.5293512419157,132.55739974975586,53.316390369452684,27.07087147469614,113473.12130548345,8141.356467562096,619.4897732669231,142.2598955631256,65.04576072505876,40.005393149806004,115298.9933747572,8436.981482398274,648.5932838851329,148.72728753089905,68.28028855136796,43.23869359726999,0.0,0.0,0.0,0.0,0.0,0.0,0.0,0.0,0.0,0.0,0.0,0.0,0.0,0.0,0.0,0.0,0.0,0.0,0.0,0.0,0.0,0.0,0.0,0.0,0.0,0.0,0.0,0.0,0.0,0.0
"92,168",2504.8487506335696,0.0,6.470085382461548,9.705100536346436,3.2345848083496094,25.879764795303345,0.0,6.470085382461548,9.705100536346436,3.2345848083496094,22.64472460746765,91082.5034735549,13828.53365432328,2041.0987119328743,241.75629461980336,103.49646186828613,93.79143357276917,92407.30308963552,14555.305302979901,2128.4319886815315,264.3988076565313,113.19967770576477,100.26015901565552,94384.58049454408,15735.937176570707,2400.1234879147773,299.9774493095922,148.78041338920593,132.6059250831604,95414.13532328885,16283.555466131138,2474.5256735932594,316.1515733120488,155.25080251693726,132.60984444618225,97106.16102048648,16820.167867230437,2557.5556606311425,327.88391000149295,155.25237011909485,152.0168285369873,0.0,0.0,0.0,0.0,0.0,0.0,6.470085382461548,0.0,0.0,0.0,0.0,0.0,9.705100536346436,0.0,0.0,0.0,0.0,0.0,3.2345848083496094,0.0,0.0,0.0,0.0,0.0,22.64472460746765,0.0,0.0,0.0,0.0,0.0
"93,168",2505.9296071704866,3.2351808547973633,3.235215902328491,0.0,0.0,6.470839977264404,3.2351808547973633,3.235215902328491,0.0,0.0,0.0,59432.72267125541,42061.017434743815,6640.631153637754,1059.6204270409603,675.5330588724099,313.91414189338684,60606.00350375175,42687.144155779075,6650.3258894032115,1075.799308686163,672.2975113298379,320.38664174079895,61771.98410423596,43425.3522169216,6701.72751491397,1056.0244994415957,672.2985970880471,326.85777759552,63259.27547578811,44276.28668836987,6747.003844908171,1033.3675868763644,665.8225607778512,330.09288907051086,64748.71132258995,45426.86481207866,6919.527223041945,1052.7688436760623,678.7605798150979,333.3283200263977,3.2351808547973633,0.0,0.0,0.0,0.0,0.0,3.235215902328491,0.0,0.0,0.0,0.0,0.0,0.0,0.0,0.0,0.0,0.0,0.0,0.0,0.0,0.0,0.0,0.0,0.0,0.0,0.0,0.0,0.0,0.0,0.0
"94,168",2506.8567728273697,3.236879587173462,0.0,0.0,0.0,19.421273469924927,3.236879587173462,0.0,0.0,0.0,19.421273469924927,76425.89279945692,17827.40960143968,2620.2742829023623,287.0176452300128,139.19789576530457,32.371987104415894,78030.641340626,18319.0948558798,2718.6040501547795,309.67644463987915,161.85694098472595,35.608824253082275,79898.63669107288,19039.373794290128,2804.81476596103,348.8785703116772,155.38344144821167,42.083213806152344,84184.46276148537,19855.703498643987,2905.1699835842733,352.1178057128308,155.3824007511139,42.083213806152344,85808.81350719508,20267.887039911042,2975.1820407904834,368.3037843638775,158.61896109580994,51.79458785057068,3.236879587173462,0.0,0.0,0.0,0.0,0.0,0.0,0.0,0.0,0.0,0.0,0.0,0.0,0.0,0.0,0.0,0.0,0.0,0.0,0.0,0.0,0.0,0.0,0.0,19.421273469924927,0.0,0.0,0.0,0.0,0.0
"95,168",2507.629917091725,0.0,0.0,0.0,0.0,3.237943172454834,0.0,0.0,0.0,0.0,3.237943172454834,22511.569584850236,15615.482522294102,1849.1694382826486,369.1410074234009,80.95447087287903,12.953311681747437,23647.000372176077,16821.95116555831,2068.2879849274955,436.06311686833703,103.62204241752625,9.715118646621704,24800.02267397151,18077.758490323085,2213.2843227788517,461.9688912232717,126.289315700531,12.953320741653442,25981.190060860503,19123.00899466907,2308.398629626106,484.6360538800558,126.2892906665802,19.42996096611023,26518.586375804978,19858.776375384427,2501.6110659047667,510.54304011662805,132.76549005508423,16.191476821899414,0.0,0.0,0.0,0.0,0.0,0.0,0.0,0.0,0.0,0.0,0.0,0.0,0.0,0.0,0.0,0.0,0.0,0.0,0.0,0.0,0.0,0.0,0.0,0.0,3.237943172454834,0.0,0.0,0.0,0.0,0.0
"96,168",2508.248764118866,0.0,0.0,0.0,0.0,0.0,0.0,0.0,0.0,0.0,0.0,13184.007011249018,7903.865960160424,1348.133220091988,232.76579721020715,260.3015587984347,246.15093684196472,14789.725109299492,9247.793818378448,1632.1735708629385,324.5115621052537,338.0305865465426,362.7502176761627,15913.130309096505,10249.069522693111,1928.3693839924008,386.04514097793435,385.40540766716003,401.61681365966797,17486.45377316195,10899.84733137991,2064.403494169198,424.9091544113908,395.1232886314392,421.05138325691223,18961.912300662432,11395.988193125817,2180.4348010717654,454.0562696419511,353.0204815864563,349.79480028152466,0.0,0.0,0.0,0.0,0.0,0.0,0.0,0.0,0.0,0.0,0.0,0.0,0.0,0.0,0.0,0.0,0.0,0.0,0.0,0.0,0.0,0.0,0.0,0.0,0.0,0.0,0.0,0.0,0.0,0.0
"97,168",2508.713092959522,0.0,0.0,0.0,0.0,0.0,0.0,0.0,0.0,0.0,0.0,13627.850171628654,6440.879147797004,450.2602518511753,53.44293975643083,32.3933379650116,38.870771408081055,14495.470389086593,6894.3774013809125,500.46395177841185,56.68208694271013,38.87177562713623,55.06678247451782,15550.96129510169,7357.665901559942,560.3839414746153,74.4920355011435,45.350276947021484,61.54510951042175,18289.094493944503,8513.80062040067,644.6050432354796,77.73150049938874,42.11112999916077,61.54508829116821,19755.785698267995,9377.889205402485,693.1933184296477,90.68878232731538,42.111284494400024,42.109843254089355,0.0,0.0,0.0,0.0,0.0,0.0,0.0,0.0,0.0,0.0,0.0,0.0,0.0,0.0,0.0,0.0,0.0,0.0,0.0,0.0,0.0,0.0,0.0,0.0,0.0,0.0,0.0,0.0,0.0,0.0
"98,168",2509.022737741889,0.0,0.0,0.0,0.0,0.0,0.0,0.0,0.0,0.0,0.0,12893.796215487459,8627.473797237173,442.2334593109056,74.51665353775024,77.75677061080933,29.15879774093628,13574.171441984174,9406.633968453314,539.4285379222795,106.91518306732178,71.27699565887451,38.87834906578064,14845.970023980793,10396.27643753781,618.7985271538005,119.87435388565063,77.75669932365417,45.35801577568054,15771.814336006311,11167.361636577867,664.1558136070475,126.35411620140076,90.71616458892822,42.11816167831421,16149.66557424302,11498.365542958765,699.7935906971202,152.27279233932495,84.2363874912262,38.87832951545715,0.0,0.0,0.0,0.0,0.0,0.0,0.0,0.0,0.0,0.0,0.0,0.0,0.0,0.0,0.0,0.0,0.0,0.0,0.0,0.0,0.0,0.0,0.0,0.0,0.0,0.0,0.0,0.0,0.0,0.0
"99,168",2509.177587808837,0.0,0.0,0.0,0.0,0.0,0.0,0.0,0.0,0.0,0.0,32109.556734890095,21843.560847519897,937.9598899850658,79.37239076857473,32.399473428726196,9.719928741455078,34506.17005537164,24011.26597842142,1057.838678217869,92.33221795325186,29.159497499465942,9.719928741455078,36237.69410240136,25536.374592171465,1155.0377052793315,102.0520649171343,32.39942026138306,12.959917068481445,37804.75627962001,27053.502732868754,1239.2769726285746,113.3983063697815,42.1194052696228,12.959917068481445,40343.82021973742,29638.730132892084,1404.515647984486,110.15825152397156,45.35935378074646,12.959917068481445,0.0,0.0,0.0,0.0,0.0,0.0,0.0,0.0,0.0,0.0,0.0,0.0,0.0,0.0,0.0,0.0,0.0,0.0,0.0,0.0,0.0,0.0,0.0,0.0,0.0,0.0,0.0,0.0,0.0,0.0
"100,168",2509.177587808847,0.0,0.0,0.0,0.0,0.0,0.0,0.0,0.0,0.0,0.0,20349.614472766018,19177.281837146424,706.6921836161146,147.00438905229754,148.21132805300692,29.159571647644043,22261.28672169891,21112.895143874488,768.251651170207,150.24437833299822,164.4110272164438,29.159571647644043,24339.561073342495,23003.492967241888,847.2176317888147,169.6840930031795,165.61808210260727,29.159571647644043,25721.082974097313,24204.505769522988,947.656425448025,176.16401482095904,162.3782182300792,29.159571647644043,29160.032173911266,27313.533683105543,1091.4222622198217,187.09107063330856,168.03226385864556,29.159571647644043,0.0,0.0,0.0,0.0,0.0,0.0,0.0,0.0,0.0,0.0,0.0,0.0,0.0,0.0,0.0,0.0,0.0,0.0,0.0,0.0,0.0,0.0,0.0,0.0,0.0,0.0,0.0,0.0,0.0,0.0
"101,168",2509.022737741871,0.0,0.0,0.0,0.0,0.0,0.0,0.0,0.0,0.0,0.0,12706.856586310441,3249.495380339903,118.24619314436819,3.2398738861083984,19.43891453742981,3.2398340702056885,15547.250486181294,4086.048348450193,166.84340069060232,6.47972846031189,19.43891453742981,3.2398340702056885,17875.955711009457,4708.590105286766,218.6800322270861,9.719589948654175,16.199104070663452,3.2398340702056885,18641.89935272441,5021.411458571752,218.68005225424673,9.719589948654175,16.199145555496216,3.2398340702056885,19343.5334007179,5324.311711667566,254.31777474646475,3.239854574203491,12.959345817565918,0.0,0.0,0.0,0.0,0.0,0.0,0.0,0.0,0.0,0.0,0.0,0.0,0.0,0.0,0.0,0.0,0.0,0.0,0.0,0.0,0.0,0.0,0.0,0.0,0.0,0.0,0.0,0.0,0.0,0.0,0.0
"102,168",2508.713092959453,0.0,0.0,0.0,0.0,0.0,0.0,0.0,0.0,0.0,0.0,30513.63411404011,21637.091484155844,4262.880350200803,1865.760323263617,1661.6602036139545,176.12848544120789,32689.057343632565,24091.788576353298,4568.99070000555,1924.0691959633546,1660.4559615434384,172.88924551010132,34867.832375863945,25683.320011410062,4867.796353703854,1954.430557242562,1731.7217670263028,179.36799097061157,35930.131875270956,26729.170641162353,5071.413671628166,1969.0157776888677,1742.647510924059,185.84662318229675,36688.66219652587,27443.966063885593,5232.982447392333,1926.0792377864614,1716.7338496825275,176.1284601688385,0.0,0.0,0.0,0.0,0.0,0.0,0.0,0.0,0.0,0.0,0.0,0.0,0.0,0.0,0.0,0.0,0.0,0.0,0.0,0.0,0.0,0.0,0.0,0.0,0.0,0.0,0.0,0.0,0.0,0.0
"103,168",2508.248764118921,0.0,0.0,0.0,0.0,0.0,0.0,0.0,0.0,0.0,0.0,58664.83973955921,16933.197569319782,1369.6063385916686,477.3184032673929,338.05929010054643,80.9754900932312,62519.06358780581,18597.96035076684,1575.2585105550052,497.95318854088873,341.29621451041277,74.49738597869873,65223.723425647324,19544.55631908903,1721.0056352269412,517.385648133708,368.41381210439346,68.01931047439575,68791.37902377073,20829.9894649702,1846.9642157339579,550.9819677904541,384.607206288506,71.25835609436035,73735.45763331954,22504.144858817494,1989.1111599660385,558.3099741038154,397.5618135368123,77.73642706871033,0.0,0.0,0.0,0.0,0.0,0.0,0.0,0.0,0.0,0.0,0.0,0.0,0.0,0.0,0.0,0.0,0.0,0.0,0.0,0.0,0.0,0.0,0.0,0.0,0.0,0.0,0.0,0.0,0.0,0.0
"104,168",2507.6299170916927,0.0,0.0,0.0,0.0,0.0,0.0,0.0,0.0,0.0,0.0,22123.81865195854,2750.830310033349,313.55860969880047,165.1552276611328,58.28835654258728,9.712585687637329,24421.72026401408,2970.6587840257903,345.93885228493633,182.9597286897547,75.68545558873345,9.712585687637329,26589.997093157675,3145.8672215209285,371.8457424388212,186.198143454159,75.68544104520012,9.712585687637329,28317.451820811104,3443.784620212106,423.65861747124615,202.3898052888758,95.11565330449272,6.475054740905762,30189.99605282148,3740.0708291586707,490.39413924778205,251.32029225873012,113.33949589729309,9.712585687637329,0.0,0.0,0.0,0.0,0.0,0.0,0.0,0.0,0.0,0.0,0.0,0.0,0.0,0.0,0.0,0.0,0.0,0.0,0.0,0.0,0.0,0.0,0.0,0.0,0.0,0.0,0.0,0.0,0.0,0.0
"105,168",2506.8567728273956,0.0,0.0,0.0,0.0,0.0,0.0,0.0,0.0,0.0,0.0,21470.989843723823,661.4059422979168,110.06606197357178,25.89857006072998,58.26932692527771,145.67629551887512,24831.252777643764,810.3118797311596,148.91152000427246,55.0314667224884,100.35099649429321,155.38761043548584,27002.126304500245,894.4807010659985,168.3339502811432,71.2173683643341,110.0615553855896,174.80965566635132,28256.48563466633,988.3612092504314,190.99433660507202,84.16628861427307,129.48480463027954,184.5214307308197,29903.180781084888,1176.1239982614331,213.65322470664978,84.16675233840942,126.24783515930176,184.5208752155304,0.0,0.0,0.0,0.0,0.0,0.0,0.0,0.0,0.0,0.0,0.0,0.0,0.0,0.0,0.0,0.0,0.0,0.0,0.0,0.0,0.0,0.0,0.0,0.0,0.0,0.0,0.0,0.0,0.0,0.0
"106,168",2467.938764310526,0.0,0.0,0.0,0.0,0.0,0.0,0.0,0.0,0.0,0.0,56209.39503265455,4890.370464726056,540.407984495163,177.98147583007812,187.6934950351715,35.597068786621094,59490.684265398515,5344.612952390372,576.0052812099457,181.2182924747467,210.3470060825348,35.597068786621094,61938.20133168743,5682.350614738464,608.3644094467163,184.45486402511597,220.05455946922302,35.597068786621094,63617.25844455233,5960.63174791336,627.7808997631073,184.45486402511597,223.29083895683289,42.06914806365967,67151.76793190638,6333.468402500714,647.1963572502136,187.6907856464386,236.23498106002808,45.30526041984558,0.0,0.0,0.0,0.0,0.0,0.0,0.0,0.0,0.0,0.0,0.0,0.0,0.0,0.0,0.0,0.0,0.0,0.0,0.0,0.0,0.0,0.0,0.0,0.0,0.0,0.0,0.0,0.0,0.0,0.0
"107,168",2504.8487506335723,0.0,0.0,0.0,0.0,0.0,0.0,0.0,0.0,0.0,0.0,132369.449068565,21421.047650178276,1116.5675816339606,116.42933535575867,93.78630638122559,32.342644691467285,135461.43050536176,22087.20887371138,1161.8416654867285,122.89672923088074,87.32006525993347,32.342644691467285,137928.68073722988,22666.06067117897,1192.5599387234333,122.89546751976013,93.78803730010986,32.342644691467285,139926.65402238417,23207.736575025672,1247.5343521183613,129.36331963539124,87.32074570655823,29.107930898666382,144242.73467691365,23863.11298143817,1279.8753815239552,145.533429145813,90.55446004867554,29.107930898666382,0.0,0.0,0.0,0.0,0.0,0.0,0.0,0.0,0.0,0.0,0.0,0.0,0.0,0.0,0.0,0.0,0.0,0.0,0.0,0.0,0.0,0.0,0.0,0.0,0.0,0.0,0.0,0.0,0.0,0.0
"108,168",2503.6145881253365,0.0,0.0,3.2321531772613525,9.698578596115112,12.931164264678955,0.0,0.0,3.2321531772613525,9.698578596115112,12.931164264678955,42715.74359810399,35864.05750598721,6267.282602887995,1258.9748724638248,1054.972207995022,630.3026914596558,48871.53230296959,40291.18712240014,7074.669863860748,1355.9502817331577,1100.225857706631,640.000617980957,52676.22301717085,43336.48389752426,7524.746998848635,1421.8021849473316,1126.0843877511866,646.4650256633759,54163.20076348641,44715.57582919458,7841.510628046709,1457.3579865773518,1129.3168935495264,646.4650893211365,56508.44223438899,46257.23854326641,7970.806047735027,1469.0850552727195,1122.8514516073114,640.0003173351288,0.0,0.0,0.0,0.0,0.0,0.0,0.0,0.0,0.0,0.0,0.0,0.0,0.0,3.2321531772613525,0.0,0.0,0.0,0.0,9.698578596115112,0.0,0.0,0.0,0.0,0.0,9.698578596115112,3.2325856685638428,0.0,0.0,0.0,0.0
"109,168",2502.2275586335268,0.0,6.461217403411865,6.461316347122192,45.228806495666504,80.76839208602905,0.0,6.461217403411865,6.461316347122192,29.07299542427063,80.76839208602905,50179.004208442275,55488.728828531144,10624.023777981363,1639.9392798021727,1169.7892618469164,631.2378338869879,52129.99642332022,58033.47460256838,11134.21267343222,1694.8665332868986,1171.820834506727,634.468268066294,53588.474271049694,59869.69835911545,11507.821679304161,1759.4827561453276,1183.5393160567564,660.3127330836127,55953.20193219745,62921.20262696696,12009.021993039638,1814.4086482599669,1213.8218064691505,676.4653886851141,57270.23023711839,64817.647980189795,12623.50462432375,1824.108706958621,1241.6915004683474,691.173965956183,0.0,0.0,0.0,0.0,0.0,0.0,6.461217403411865,0.0,0.0,0.0,0.0,0.0,6.461316347122192,0.0,0.0,0.0,0.0,0.0,3.2301442623138428,22.61244487762451,0.0,3.2304062843322754,0.0,0.0,25.846901655197144,41.99974083900452,3.2302792072296143,3.230532169342041,6.460938215255737,0.0
"110,168",2500.688154865023,3.228684186935425,41.973517656326294,38.74675178527832,235.70400166511536,616.7191317081451,3.228684186935425,41.973517656326294,38.74675178527832,235.70400166511536,616.7191317081451,52037.39275324673,51207.6565596459,18381.09322105202,5902.461506078757,5469.934395821889,3404.4561507608378,53084.58480607107,52532.39960279091,18915.51917972284,6034.843230197944,5563.566784413655,3436.739424457737,54301.926323806554,54056.12272625156,19554.15389563523,6255.475901464388,5716.947403157926,3489.463899274901,55352.332503675956,55446.6187743776,20056.14331678222,6374.937425474092,5749.23225033891,3473.3217672310625,55666.734616175825,55428.87265802739,20169.053708820717,6379.754121111889,5700.774709588406,3454.4500854950325,3.228684186935425,0.0,0.0,0.0,0.0,0.0,32.28690433502197,9.686613321304321,0.0,0.0,0.0,0.0,25.830748796463013,6.459086894989014,0.0,3.228454113006592,3.228461980819702,0.0,80.7227566242218,122.69416928291321,19.372272729873657,3.228919267654419,9.68588376045227,0.0,261.540509223938,293.82683205604553,35.51949715614319,6.458401203155518,6.458102226257324,12.91578984260559
"111,168",2498.9969228403847,16.1371910572052,6.4524219036102295,12.908676624298096,133.90107064153634,103.65530979867074,16.1371910572052,6.4524219036102295,9.681164741516113,124.21856694127999,100.42782199616525,24757.039977124157,20493.529670203905,7707.13425623015,3766.247595896441,4284.118108433368,2898.6621091384513,25030.475836196598,21428.18705794484,8083.95031009001,3948.908437875673,4502.260706791223,2969.6376537453893,26149.581652018605,22750.498213867115,8519.35541660178,4167.24954662136,4841.367148715375,3191.188114004509,27130.120639104473,23634.9016835942,8959.547198709788,4359.589372218825,5147.874708332735,3304.1100147537154,27682.259981349875,24464.340563948015,9464.024705050975,4506.831597281438,5320.008170800115,3369.17207290799,16.1371910572052,0.0,0.0,0.0,0.0,0.0,0.0,3.2262067794799805,0.0,0.0,3.226215124130249,0.0,0.0,3.2274959087371826,3.2263660430908203,0.0,3.2273027896881104,0.0,53.22025995161019,41.95275640487671,9.68184208869934,12.909014463424683,3.2273106575012207,3.2273833751678467,32.652521731806736,54.865381717681885,9.682390689849854,0.0,3.2275278568267822,0.0
"112,168",2497.1544614484305,0.0,0.0,0.0,0.0,0.0,0.0,0.0,0.0,0.0,0.0,7683.896810588651,6621.4726734226815,2563.6218654361423,1120.1955870319814,1358.6479720340053,1246.885906716889,7812.501457290089,7032.237443189059,2740.2658669331495,1190.7892536724314,1422.7925066564594,1288.8030343261419,7904.051889280245,7388.623757445578,2878.2189226748897,1219.811022454617,1470.8172684202004,1304.9263026920019,8399.850104468476,7751.777408237082,2917.2502219153384,1219.4517109609117,1512.7381945142556,1285.580616494721,9254.791415127585,8545.448772695017,3078.1046898963405,1267.8284623837937,1592.6477760847874,1314.597735187119,0.0,0.0,0.0,0.0,0.0,0.0,0.0,0.0,0.0,0.0,0.0,0.0,0.0,0.0,0.0,0.0,0.0,0.0,0.0,0.0,0.0,0.0,0.0,0.0,0.0,0.0,0.0,0.0,0.0,0.0
"113,168",2495.0275396564853,0.0,0.0,0.0,0.0,0.0,0.0,0.0,0.0,0.0,0.0,3402.55275144577,4814.114092968959,1507.5502016058156,525.5995521077923,583.6409222425199,358.8847726653604,3499.001263737211,5059.353536294489,1570.2972377206763,518.3244599454542,622.2979332746244,351.24021577835083,3731.302874924155,5346.847533181134,1702.3827255632361,563.4263323896072,644.8472866357541,360.90329360961914,3835.988434032365,5707.2049587305855,1778.506318946913,575.1056909794901,631.9450046361661,341.56141686439514,3994.237043196547,6068.011970735064,1833.6476574215235,609.46828715474,668.5867252349854,348.0064916610718,0.0,0.0,0.0,0.0,0.0,0.0,0.0,0.0,0.0,0.0,0.0,0.0,0.0,0.0,0.0,0.0,0.0,0.0,0.0,0.0,0.0,0.0,0.0,0.0,0.0,0.0,0.0,0.0,0.0,0.0
"114,168",2493.009241858422,0.0,0.0,0.0,0.0,0.0,0.0,0.0,0.0,0.0,0.0,20456.176999641866,8650.524052746156,2493.1222969307614,799.6975225794549,648.7119651794434,1075.7233002438265,21414.469747736875,9025.910403162825,2629.5531816660186,845.972677936741,679.2954763477924,1078.936819340201,22255.02624223933,9395.871756287183,2822.7334685503265,900.7063076402627,708.2737268513324,1098.250401283713,23074.096659849205,9646.904066773022,2869.4260218012564,932.8985862638436,743.6886769837024,1088.5884466423709,23943.839914186326,9911.043351993374,2922.53342719826,927.5096115046856,743.6843720978381,1083.7470108452965,0.0,0.0,0.0,0.0,0.0,0.0,0.0,0.0,0.0,0.0,0.0,0.0,0.0,0.0,0.0,0.0,0.0,0.0,0.0,0.0,0.0,0.0,0.0,0.0,0.0,0.0,0.0,0.0,0.0,0.0
"115,168",2490.7172672551446,0.0,0.0,0.0,0.0,0.0,0.0,0.0,0.0,0.0,0.0,104386.86070299338,15818.596098106984,769.128886534186,242.80203855177933,266.94183303889105,362.00811368063387,109540.01874367023,16546.345742882935,807.7184041275698,258.8886109604555,286.23816039141485,368.44285517767366,114128.82188202074,17296.270200974333,859.1759198441225,258.8886109604555,299.10265233095953,378.09201747015413,118718.1837923798,17841.76877518822,872.0362196697909,255.67102611205155,308.75231029566595,381.3093989475101,124701.36614693569,18611.578790934876,912.2341339700363,258.886859775992,308.75685193117926,381.3093989475101,0.0,0.0,0.0,0.0,0.0,0.0,0.0,0.0,0.0,0.0,0.0,0.0,0.0,0.0,0.0,0.0,0.0,0.0,0.0,0.0,0.0,0.0,0.0,0.0,0.0,0.0,0.0,0.0,0.0,0.0
"116,168",2172.674624223578,0.0,0.0,0.0,0.0,0.0,0.0,0.0,0.0,0.0,0.0,27199.547383990946,30341.53910547705,19398.58482141121,10443.195799690135,10504.370159373564,4129.101332916933,27672.545617617816,30793.183657778012,19527.115891166763,10523.52969585026,10559.000060067458,4106.606825842577,28222.824652241732,31117.52897349433,19754.84589066225,10639.221049409753,10687.539495454115,4145.171945585924,28827.272370013074,31325.188972734006,19821.128461739598,10676.594563178454,10742.175138936323,4225.520519747453,29178.806462850764,31573.53057596076,19831.996756285313,10660.161662529963,10726.106374418034,4244.799883618074,0.0,0.0,0.0,0.0,0.0,0.0,0.0,0.0,0.0,0.0,0.0,0.0,0.0,0.0,0.0,0.0,0.0,0.0,0.0,0.0,0.0,0.0,0.0,0.0,0.0,0.0,0.0,0.0,0.0,0.0
"117,168",150.8958275881362,0.0,0.0,0.0,0.0,0.0,0.0,0.0,0.0,0.0,0.0,25.683714628219604,22.473398685455322,12.841875553131104,3.210426092147827,3.210426092147827,0.0,28.894152879714966,22.473398685455322,12.841875553131104,0.0,0.0,0.0,25.68372678756714,22.473398685455322,12.841875553131104,0.0,0.0,0.0,22.473288536071777,22.473398685455322,9.631449460983276,0.0,0.0,0.0,22.473288536071777,22.473398685455322,9.631449460983276,0.0,0.0,0.0,0.0,0.0,0.0,0.0,0.0,0.0,0.0,0.0,0.0,0.0,0.0,0.0,0.0,0.0,0.0,0.0,0.0,0.0,0.0,0.0,0.0,0.0,0.0,0.0,0.0,0.0,0.0,0.0,0.0,0.0
"85,169",543.1682882733619,0.0,0.0,0.0,0.0,0.0,0.0,0.0,0.0,0.0,0.0,6680.976475149042,421.1173221167396,211.80495968425976,37.91113606060252,0.0,0.0,6700.292152553446,424.3370172079872,215.02510943973766,37.91113606060252,0.0,0.0,6706.730950265772,427.55671229923473,208.58521237934337,37.91113606060252,0.0,0.0,6713.168835311777,424.335985809214,205.36550703609691,37.91113606060252,0.0,0.0,6716.380850702173,430.77300372684704,208.58532419765697,37.91113606060252,0.0,0.0,0.0,0.0,0.0,0.0,0.0,0.0,0.0,0.0,0.0,0.0,0.0,0.0,0.0,0.0,0.0,0.0,0.0,0.0,0.0,0.0,0.0,0.0,0.0,0.0,0.0,0.0,0.0,0.0,0.0,0.0
"86,169",2463.631885359388,0.0,0.0,0.0,0.0,0.0,0.0,0.0,0.0,0.0,0.0,20457.936470591787,6230.882035933289,1447.290214176739,498.8839507617202,400.15718400244623,112.52342100423925,20944.363934838537,6230.880310736451,1453.7360051828273,504.25499213910564,391.56243002180963,112.52352328580969,21388.915131175283,6297.453246158712,1469.8495175399032,507.2124351772607,394.78441536192804,125.41471929830664,22330.636911872785,6356.490167183035,1502.067962364122,516.8780743393243,417.3437417722216,128.63733525556677,22694.640437054164,6309.201053820405,1473.0595585860458,513.6543881210625,394.7863072133532,125.41410227102392,0.0,0.0,0.0,0.0,0.0,0.0,0.0,0.0,0.0,0.0,0.0,0.0,0.0,0.0,0.0,0.0,0.0,0.0,0.0,0.0,0.0,0.0,0.0,0.0,0.0,0.0,0.0,0.0,0.0,0.0
"87,169",2497.2767738196835,0.0,0.0,0.0,0.0,0.0,0.0,0.0,0.0,0.0,0.0,9469.300924789204,7000.280637637306,3182.613653603722,1027.1974067127003,552.2561711956473,59.086548491085274,9973.863974166383,7667.611559685539,3500.1394056488484,1095.953172234928,638.2323356123532,65.53512756403754,10363.965820368598,8287.686523339327,3735.4619747021616,1213.068225257537,670.4678924532498,71.98255817469429,10799.771655019125,8991.01473308264,4091.668703261543,1354.9054766823265,746.2219921289707,88.10670201357674,11017.407574246912,9433.244939376793,4365.6783456877165,1458.0571106602165,775.2371078668857,101.00273148592781,0.0,0.0,0.0,0.0,0.0,0.0,0.0,0.0,0.0,0.0,0.0,0.0,0.0,0.0,0.0,0.0,0.0,0.0,0.0,0.0,0.0,0.0,0.0,0.0,0.0,0.0,0.0,0.0,0.0,0.0
"88,169",2499.1195631382298,0.0,0.0,0.0,0.0,0.0,0.0,0.0,0.0,0.0,0.0,48788.34265509025,1263.979413317699,140.2999205860437,61.3161506652832,16.135454177856445,3.226808547973633,52075.66360928872,1538.2600238790699,183.0560200625775,67.76836371421814,22.588906288146973,6.4535181522369385,56415.326520020346,1928.7095644941517,244.36133770288205,80.67603039741516,29.043443202972412,6.4535181522369385,59116.97356343923,2098.105390877817,263.7265427523968,74.22165107727051,32.27012825012207,9.680442333221436,64275.46177406591,2303.733931158103,279.8595774585126,87.12931871414185,32.26914310455322,9.680442333221436,0.0,0.0,0.0,0.0,0.0,0.0,0.0,0.0,0.0,0.0,0.0,0.0,0.0,0.0,0.0,0.0,0.0,0.0,0.0,0.0,0.0,0.0,0.0,0.0,0.0,0.0,0.0,0.0,0.0,0.0
"89,169",2500.8111017190313,0.0,0.0,0.0,0.0,0.0,0.0,0.0,0.0,0.0,0.0,66619.73394416922,2229.6523847514504,310.0521605313993,83.94791579246521,9.686046600341797,0.0,69185.51445965581,2384.635953896653,329.4306254686094,87.1764190196991,9.686046600341797,0.0,78556.16484873997,2885.0701350464537,399.65507357167263,100.09155631065369,6.4573974609375,0.0,86052.13527669439,3197.4538641041404,406.1153842692282,87.17663955688477,3.228710174560547,0.0,98736.77727840647,3913.5314319648,483.6105663065817,87.17663955688477,3.228710174560547,0.0,0.0,0.0,0.0,0.0,0.0,0.0,0.0,0.0,0.0,0.0,0.0,0.0,0.0,0.0,0.0,0.0,0.0,0.0,0.0,0.0,0.0,0.0,0.0,0.0,0.0,0.0,0.0,0.0,0.0,0.0
"90,169",2502.350789157469,0.0,0.0,0.0,0.0,0.0,0.0,0.0,0.0,0.0,0.0,40184.987669484755,542.7410616874695,93.68718552589417,45.22846269607544,29.07635474205017,0.0,40167.36648005317,626.7329070568085,129.22299695014954,71.07297730445862,38.768070220947266,0.0,40942.30804603053,810.8751180171967,209.9879288673401,106.61043334007263,35.53685021400452,0.0,38792.112236813,960.2933378126107,248.752183675766,106.60985326766968,38.76750326156616,0.0,37733.142693061454,1374.6223230072096,277.82797384262085,109.83972406387329,35.53696870803833,0.0,0.0,0.0,0.0,0.0,0.0,0.0,0.0,0.0,0.0,0.0,0.0,0.0,0.0,0.0,0.0,0.0,0.0,0.0,0.0,0.0,0.0,0.0,0.0,0.0,0.0,0.0,0.0,0.0,0.0,0.0
"91,169",2503.7380780371004,0.0,3.2326438426971436,9.699283361434937,3.233116388320923,6.465365171432495,0.0,0.0,9.699283361434937,3.233116388320923,6.465365171432495,93417.62080106644,6647.611587704864,586.7771114115621,48.496177434921265,0.0,0.0,94879.0784703825,6799.585533799377,606.1764861349966,67.89514803886414,3.233217477798462,0.0,97260.22697017614,7830.970276297775,635.2753058676626,71.1283655166626,9.699658155441284,0.0,99309.27055042212,8497.008830966202,670.8407567744161,67.8951895236969,9.699658155441284,0.0,100524.14392283009,9029.054589303334,688.7956437774733,61.42905926704407,9.699658155441284,0.0,0.0,0.0,0.0,0.0,0.0,0.0,0.0,0.0,0.0,0.0,0.0,0.0,6.466232538223267,3.23305082321167,0.0,0.0,0.0,0.0,0.0,3.233116388320923,0.0,0.0,0.0,0.0,3.232869863510132,3.2324953079223633,0.0,0.0,0.0,0.0
"92,169",2504.972474381359,0.0,0.0,0.0,3.2349534034729004,19.40975785255432,0.0,0.0,0.0,3.2349534034729004,16.174773693084717,102513.914733408,6257.943298988717,527.1481325626373,75.44815578180201,3.2338414192199707,0.0,103906.34661321828,6352.559129920661,520.6792967319489,75.44906391816981,3.2338414192199707,0.0,106808.0586362979,6536.895481333078,507.74437403678894,68.98136987405665,9.703574180603027,0.0,111732.67127561849,6650.905445696326,481.8733127117157,52.812661072787115,9.703574180603027,0.0,117629.35604445326,7256.87158036606,502.71522653617114,39.876081845339606,9.703574180603027,0.0,0.0,0.0,0.0,0.0,0.0,0.0,0.0,0.0,0.0,0.0,0.0,0.0,0.0,0.0,0.0,0.0,0.0,0.0,0.0,3.2349534034729004,0.0,0.0,0.0,0.0,12.939794540405273,3.2349791526794434,0.0,0.0,0.0,0.0
"93,169",2506.0535380627402,0.0,0.0,3.235895872116089,0.0,3.235900640487671,0.0,0.0,0.0,0.0,3.235900640487671,65657.69975975541,8121.706966690923,700.5647465229034,76.58555404345194,9.708508014678955,0.0,68683.83774053724,9055.408062488894,755.5778638362884,83.05693380037943,9.708508014678955,0.0,71107.31608117609,9644.10226538041,875.3085476398468,96.0009574095408,9.708508014678955,0.0,74978.82240020343,11114.840828492595,952.9690855979919,112.18005673090616,12.944315910339355,0.0,79459.9712069633,12814.782585037454,1137.4167727470399,131.5953153769175,12.944315910339355,0.0,0.0,0.0,0.0,0.0,0.0,0.0,0.0,0.0,0.0,0.0,0.0,0.0,0.0,0.0,0.0,0.0,0.0,0.0,0.0,0.0,0.0,0.0,0.0,0.0,3.235900640487671,0.0,0.0,0.0,0.0,0.0
"94,169",2506.9808831664805,9.7109215259552,0.0,3.2369751930236816,3.2369751930236816,0.0,9.7109215259552,0.0,3.2369751930236816,3.2369751930236816,0.0,26531.560744921364,13155.189134208827,1381.5657052610436,135.96181273460388,6.474611520767212,0.0,27891.330075738944,13618.782789360308,1423.6489014214162,145.67285990715027,6.474611520767212,0.0,30321.537578277967,14292.216302256491,1459.2585405892019,148.90926432609558,9.71147084236145,0.0,32049.217297210882,15047.986861969443,1543.4212874234893,152.1467752456665,16.1857852935791,0.0,34516.11892453642,16638.351282101983,1679.370232707379,158.62075996398926,16.1857852935791,0.0,6.473938465118408,3.236983060836792,0.0,0.0,0.0,0.0,0.0,0.0,0.0,0.0,0.0,0.0,0.0,3.2369751930236816,0.0,0.0,0.0,0.0,3.2369751930236816,0.0,0.0,0.0,0.0,0.0,0.0,0.0,0.0,0.0,0.0,0.0
"95,169",2507.754178311121,16.187833786010742,0.0,3.2375073432922363,0.0,0.0,12.950272560119629,0.0,3.2375073432922363,0.0,0.0,64373.569951939106,18963.60419836512,1299.0274910038593,108.47783173579796,42.09424328804016,6.476253032684326,66941.56708007888,19801.867171542788,1396.1660560673358,124.66774548549279,51.808419942855835,6.476253032684326,71946.60898511081,21545.74155929416,1564.538493306029,157.04554094333275,55.046716928482056,6.476253032684326,77214.54904582452,23238.649286823646,1741.8159870848935,173.23522724170311,61.522963762283325,6.476253032684326,80124.72244932604,24543.21011541591,1884.2859313235563,192.6635641004525,64.76096200942993,6.476253032684326,3.2375681400299072,9.712704420089722,0.0,0.0,0.0,0.0,0.0,0.0,0.0,0.0,0.0,0.0,3.2375073432922363,0.0,0.0,0.0,0.0,0.0,0.0,0.0,0.0,0.0,0.0,0.0,0.0,0.0,0.0,0.0,0.0,0.0
"96,169",2508.3731469235186,0.0,0.0,0.0,0.0,0.0,0.0,0.0,0.0,0.0,0.0,50998.666843688254,4661.125351409351,576.7220438293383,82.58130086824005,45.34184765815735,0.0,52192.48449069659,4904.730615466249,592.9297966900994,76.1036356823117,45.34184765815735,0.0,55550.55128251712,5274.494118808298,607.5109154916277,82.58101023599212,48.58058547973633,0.0,63801.522799515245,6265.6743992179045,643.1485026696149,85.82066000863617,45.34180688858032,0.0,69549.14901934136,6854.778361432692,719.2523139299132,95.53732742234772,42.10306906700134,0.0,0.0,0.0,0.0,0.0,0.0,0.0,0.0,0.0,0.0,0.0,0.0,0.0,0.0,0.0,0.0,0.0,0.0,0.0,0.0,0.0,0.0,0.0,0.0,0.0,0.0,0.0,0.0,0.0,0.0,0.0
"97,169",2508.837567468374,0.0,0.0,0.0,0.0,0.0,0.0,0.0,0.0,0.0,0.0,24989.27399013089,7758.909529532638,1013.6191336173638,245.29078333050597,84.22386574745178,35.63447427749634,27395.403799566568,8701.89962845503,1138.3283803528432,267.96634595066894,136.0532066822052,51.831857204437256,30555.36673777523,9593.405379134532,1230.6437028623095,327.88840440862316,181.4042193889618,58.31084156036377,34569.569944417235,10806.82333129995,1302.7204617612501,350.5632236396565,204.89266619495316,51.83183765411377,38267.37801038049,11839.612626373064,1490.6033152692457,373.239083329369,221.08948859981462,48.592408418655396,0.0,0.0,0.0,0.0,0.0,0.0,0.0,0.0,0.0,0.0,0.0,0.0,0.0,0.0,0.0,0.0,0.0,0.0,0.0,0.0,0.0,0.0,0.0,0.0,0.0,0.0,0.0,0.0,0.0,0.0
"98,169",2509.147273632987,0.0,0.0,0.0,0.0,0.0,0.0,0.0,0.0,0.0,0.0,14420.573707430036,4461.2310945912905,918.4691241554185,216.3405230774599,93.95242762565613,35.63632535934448,16450.253473969067,7100.031208453459,1618.2622299961015,307.0546708836275,119.87031888961792,42.11575412750244,19016.40342817587,9606.091646311328,1930.896566542457,342.69223721167623,129.58944272994995,42.11575412750244,20520.717823107105,10513.246774474312,2063.7286111438975,336.2130177750307,136.06898140907288,48.59500312805176,21957.46105155571,11126.446852669062,2128.5245327079997,329.7335432305056,145.78860425949097,48.59500312805176,0.0,0.0,0.0,0.0,0.0,0.0,0.0,0.0,0.0,0.0,0.0,0.0,0.0,0.0,0.0,0.0,0.0,0.0,0.0,0.0,0.0,0.0,0.0,0.0,0.0,0.0,0.0,0.0,0.0,0.0
"99,169",2509.3021544648177,0.0,0.0,0.0,0.0,0.0,0.0,0.0,0.0,0.0,0.0,7194.538612487268,8684.70470250541,1225.5234062755808,426.86369291193347,321.5718206358891,118.43137717247009,8130.163480796066,10440.115984022852,1710.7933030212625,475.4632655704723,318.33191313276103,111.9514012336731,8927.373813335567,11549.78256630056,1965.9373377538193,485.18317285425525,331.2919134093266,121.67137360572815,11120.229888240028,12964.12399840355,2147.3759576058856,503.09860916979176,350.7319172812443,141.1113440990448,14401.632941715388,15340.672358629752,2427.6413192889268,554.9382524097666,383.13181342611125,160.55130743980408,0.0,0.0,0.0,0.0,0.0,0.0,0.0,0.0,0.0,0.0,0.0,0.0,0.0,0.0,0.0,0.0,0.0,0.0,0.0,0.0,0.0,0.0,0.0,0.0,0.0,0.0,0.0,0.0,0.0,0.0
"100,169",2509.3021544648304,0.0,0.0,0.0,0.0,0.0,0.0,0.0,0.0,0.0,0.0,17729.69985124457,9809.75321914729,1428.0591213282414,583.1937050819397,714.5848147308125,489.23756569974563,18897.901996497545,10483.320775823031,1478.1955665653827,602.6334450244904,704.8650082980885,502.19754356496475,20383.25013697568,10994.888273903904,1513.8350242680194,596.1535503864288,724.3049773608936,511.91756004445693,21970.47486213142,11521.106453996546,1633.712418944228,622.7971518039703,724.3052374755634,515.1575741206898,23956.18967338169,12271.426186122146,1756.830374390471,632.5169689655304,717.825257245232,498.95788163297317,0.0,0.0,0.0,0.0,0.0,0.0,0.0,0.0,0.0,0.0,0.0,0.0,0.0,0.0,0.0,0.0,0.0,0.0,0.0,0.0,0.0,0.0,0.0,0.0,0.0,0.0,0.0,0.0,0.0,0.0
"101,169",2509.1472736329347,0.0,0.0,0.0,0.0,0.0,0.0,0.0,0.0,0.0,0.0,28617.265927207238,15773.111235929939,1284.0781640305238,241.8786572260015,101.8700200436162,4.6755641815709135,30754.664610890784,16926.10301234021,1361.8315526737886,277.2615441434524,124.54832376218309,4.6755641815709135,32934.17162484655,18550.66827582565,1508.7266571970545,283.74147144485926,137.50812185979356,7.915415417914297,35009.99997242478,20059.266378157747,1663.1678790877845,296.69993010689234,143.98751486516466,7.915415417914297,37716.524226551424,22692.575505592307,2087.581372721055,377.6949006669662,166.66656841016282,7.915415417914297,0.0,0.0,0.0,0.0,0.0,0.0,0.0,0.0,0.0,0.0,0.0,0.0,0.0,0.0,0.0,0.0,0.0,0.0,0.0,0.0,0.0,0.0,0.0,0.0,0.0,0.0,0.0,0.0,0.0,0.0
"102,169",2508.8375674684476,0.0,0.0,0.0,0.0,0.0,0.0,0.0,0.0,0.0,0.0,31783.225769380497,28146.684931906533,3345.000533693912,817.7445457280851,361.17933200667886,29.15379571914673,35681.97124049056,30526.425920191927,3713.4655470511493,890.7995090522018,393.5722756273606,32.39311981201172,39096.772224285094,33146.76254717976,3982.856253258388,929.6710181273666,442.1620623953202,35.632466077804565,42238.74530288753,35146.2193647983,4185.595378882278,944.2526985346102,422.7252824194291,32.39286971092224,45423.21780052746,37512.756503945704,4372.334955935385,907.9090134106431,400.04968785117654,38.87106275558472,0.0,0.0,0.0,0.0,0.0,0.0,0.0,0.0,0.0,0.0,0.0,0.0,0.0,0.0,0.0,0.0,0.0,0.0,0.0,0.0,0.0,0.0,0.0,0.0,0.0,0.0,0.0,0.0,0.0,0.0
"103,169",2508.3731469235477,0.0,0.0,0.0,0.0,0.0,0.0,0.0,0.0,0.0,0.0,67298.62666927507,39381.71269417182,3697.3960375355737,845.0378501256307,349.78530716896057,38.866546630859375,71202.21361376069,42883.89205866794,4525.324443085989,977.113774548325,408.0805947780609,38.866546630859375,74914.5800753584,45729.03518363633,4965.7821009000145,1135.4500114497018,446.9437766075134,38.866546630859375,78245.13009239177,47912.58935334917,5332.562284257366,1251.3293462715897,498.76213788986206,38.866546630859375,82391.52706323136,49714.69000133814,5643.828109039045,1339.481346911075,498.7603087425232,42.10522389411926,0.0,0.0,0.0,0.0,0.0,0.0,0.0,0.0,0.0,0.0,0.0,0.0,0.0,0.0,0.0,0.0,0.0,0.0,0.0,0.0,0.0,0.0,0.0,0.0,0.0,0.0,0.0,0.0,0.0,0.0
"104,169",2507.7541783111315,0.0,0.0,0.0,0.0,0.0,0.0,0.0,0.0,0.0,0.0,53185.93889625306,15818.134921690062,1442.0692219958585,541.481378660015,466.2814598083496,268.7486515045166,55173.70864378799,16542.498103114674,1571.953687504226,581.9516263774797,501.89998626708984,271.9866099357605,56762.730084021896,17082.54151163662,1662.6260925087274,617.9288321831647,518.090817451477,275.2245285511017,58935.796320260735,17853.136118541046,1808.3493312153162,644.5466339541416,531.0443739891052,268.7490689754486,61709.73203164269,18693.798136255788,1913.5857739504645,654.2625391436558,543.997138261795,265.5111470222473,0.0,0.0,0.0,0.0,0.0,0.0,0.0,0.0,0.0,0.0,0.0,0.0,0.0,0.0,0.0,0.0,0.0,0.0,0.0,0.0,0.0,0.0,0.0,0.0,0.0,0.0,0.0,0.0,0.0,0.0
"105,169",2506.9808831664905,0.0,0.0,0.0,0.0,0.0,0.0,0.0,0.0,0.0,0.0,11110.015720441295,626.3268113341986,77.68003392219543,6.473973035812378,19.420627117156982,84.15687656402588,12525.860061453839,668.4019835200965,77.68003392219543,3.2373452186584473,19.420627117156982,80.9200758934021,14402.031905364056,733.1411893573462,71.2064425945282,3.2373452186584473,16.18399953842163,90.63047814369202,15492.497327769037,768.7450108733832,58.259652614593506,3.2373452186584473,16.18399953842163,90.63047814369202,17512.487843460196,1017.9907782283484,80.9182825088501,3.2373452186584473,16.18399953842163,90.63047814369202,0.0,0.0,0.0,0.0,0.0,0.0,0.0,0.0,0.0,0.0,0.0,0.0,0.0,0.0,0.0,0.0,0.0,0.0,0.0,0.0,0.0,0.0,0.0,0.0,0.0,0.0,0.0,0.0,0.0,0.0
"106,169",2480.7264986983805,0.0,0.0,0.0,0.0,0.0,0.0,0.0,0.0,0.0,0.0,7766.726885387945,303.096719862433,3.235208511352539,0.0,0.0,0.0,8621.720119616564,328.98225653311783,0.0,0.0,0.0,0.0,9447.143419823926,328.9841049923616,0.0,0.0,0.0,0.0,10046.699185513517,338.690273882361,0.0,0.0,0.0,0.0,11099.620284769584,403.40218722960526,3.2352182865142822,0.0,0.0,0.0,0.0,0.0,0.0,0.0,0.0,0.0,0.0,0.0,0.0,0.0,0.0,0.0,0.0,0.0,0.0,0.0,0.0,0.0,0.0,0.0,0.0,0.0,0.0,0.0,0.0,0.0,0.0,0.0,0.0,0.0
"107,169",2497.226514571109,0.0,0.0,0.0,0.0,0.0,0.0,0.0,0.0,0.0,0.0,73168.21242903073,26262.786284654285,2302.0485680767138,156.8806959432714,9.703383684158325,0.0,79776.26100492665,28329.56634196768,2538.1582835384447,150.41188490811516,12.93823766708374,0.0,83340.78802129989,29509.306789386974,2672.3804403753843,163.3496056837194,12.93823766708374,0.0,85567.7710374318,30413.336612262916,2714.4328507395353,156.88043272916008,12.93823766708374,0.0,89268.69300277936,32093.681733284746,2792.0565482588377,156.06820112957675,16.17275619506836,0.0,0.0,0.0,0.0,0.0,0.0,0.0,0.0,0.0,0.0,0.0,0.0,0.0,0.0,0.0,0.0,0.0,0.0,0.0,0.0,0.0,0.0,0.0,0.0,0.0,0.0,0.0,0.0,0.0,0.0,0.0
"108,169",2503.738078037085,0.0,0.0,0.0,0.0,0.0,0.0,0.0,0.0,0.0,0.0,96864.05059285725,24965.9270709926,1566.2787178918427,135.76394170499316,83.32293569340425,50.990015142104205,99134.21357726303,25937.45311823452,1672.9532789155548,151.92651885724536,89.78836547627168,47.75804125561434,102088.4447972971,26898.422563058248,1731.1383329793518,164.85465687489977,102.71720182194429,47.75804125561434,102858.61016982772,27028.55594734958,1731.1357275411194,161.62149947858325,99.48458539738374,47.75800263180452,105431.31942944622,27292.159510239424,1682.646834747464,171.31846421933642,96.25187050595002,41.294023149153766,0.0,0.0,0.0,0.0,0.0,0.0,0.0,0.0,0.0,0.0,0.0,0.0,0.0,0.0,0.0,0.0,0.0,0.0,0.0,0.0,0.0,0.0,0.0,0.0,0.0,0.0,0.0,0.0,0.0,0.0
"109,169",2502.3507891574372,0.0,0.0,0.0,0.0,0.0,0.0,0.0,0.0,0.0,0.0,60599.88445658496,46359.099866404256,9090.329217661128,1659.5721216089585,1211.4326554943534,761.9276457206877,62025.92673676714,47732.05820344009,9497.291799193737,1690.4459438043482,1246.9772175957175,758.6979322807463,63586.991667239796,48858.895773654825,9846.227363473294,1754.085728213366,1264.9183541522307,755.467895306793,65062.13626910939,50659.41782612053,10233.777360623491,1792.8586612196527,1277.8426755652708,755.4660358802946,65075.19350920191,50781.78249025065,10207.953072016848,1757.3233275862299,1235.8418480143828,736.0804372207792,0.0,0.0,0.0,0.0,0.0,0.0,0.0,0.0,0.0,0.0,0.0,0.0,0.0,0.0,0.0,0.0,0.0,0.0,0.0,0.0,0.0,0.0,0.0,0.0,0.0,0.0,0.0,0.0,0.0,0.0
"110,169",2500.8111017190995,0.0,3.228384256362915,3.228384256362915,0.0,0.0,0.0,0.0,3.228384256362915,0.0,0.0,60133.80209252881,58518.13518126245,12159.438112539405,2265.2458725153233,1648.0695491968415,841.0792213065952,61042.54242785958,59432.17249638052,12278.26198719249,2334.489489564709,1675.5072834968566,847.5357092006534,62040.562572336195,60345.57645021513,12623.76912209941,2424.289628080293,1726.97666144371,886.2793410404056,62743.67078107104,61298.901658553696,12815.510542525497,2482.4110913790905,1711.8957737978765,909.9498529116313,63025.16200489156,61727.765388688844,12976.080638411466,2488.0479465035837,1753.8633388575383,920.6950110173693,0.0,0.0,0.0,0.0,0.0,0.0,0.0,0.0,0.0,0.0,0.0,0.0,0.0,0.0,0.0,0.0,0.0,3.228384256362915,0.0,0.0,0.0,0.0,0.0,0.0,0.0,0.0,0.0,0.0,0.0,0.0
"111,169",2499.1195631382384,0.0,0.0,0.0,0.0,0.0,0.0,0.0,0.0,0.0,0.0,12433.3961586653,16403.301765888813,6838.627742420458,3498.081479350258,4910.161364795647,2845.0414225877503,12926.11224508192,17301.8043400512,7199.247819948197,3638.4628578868565,5179.585018161699,2967.6350370818495,13179.973491667766,17869.22871590128,7517.349589577842,3777.561607385149,5408.2989113003605,3132.5610184641446,13430.847383486058,18439.594749415155,7849.354072522182,3975.981723863938,5662.15887130008,3261.350798039343,13620.974829048271,19015.60369793948,8205.452087735195,4257.069457257962,6054.214527213339,3439.004435557945,0.0,0.0,0.0,0.0,0.0,0.0,0.0,0.0,0.0,0.0,0.0,0.0,0.0,0.0,0.0,0.0,0.0,0.0,0.0,0.0,0.0,0.0,0.0,0.0,0.0,0.0,0.0,0.0,0.0,0.0
"112,169",2497.276773819704,0.0,0.0,0.0,0.0,0.0,0.0,0.0,0.0,0.0,0.0,3653.4913985897515,5731.98326533542,3404.7805579896067,1563.9023355624256,2066.7842364395365,1503.3822074375903,3865.064894554662,6264.101781704848,3708.3782726035397,1644.5136524817524,2179.654523857902,1522.7401650391375,4098.0550797490505,6715.589015207104,3939.5024342910915,1757.0305073840946,2267.078398547453,1608.6498764094185,4260.9039862399,7020.319799117481,4136.653629534852,1840.8719966991275,2360.5912092545454,1644.1213293608498,4416.789054053437,7538.084086864135,4287.808778359843,1868.8125279968858,2418.6384049275343,1590.457889813068,0.0,0.0,0.0,0.0,0.0,0.0,0.0,0.0,0.0,0.0,0.0,0.0,0.0,0.0,0.0,0.0,0.0,0.0,0.0,0.0,0.0,0.0,0.0,0.0,0.0,0.0,0.0,0.0,0.0,0.0
"113,169",2495.149494724139,0.0,0.0,0.0,0.0,0.0,0.0,0.0,0.0,0.0,0.0,2884.2203777677873,2268.9218348185223,431.74412965774536,183.66543698310852,313.37199126879375,264.2232859134674,3007.904052143471,2278.591343275706,448.2103665090075,196.55423879623413,297.2636581579844,277.1124687194824,3117.4489441441556,2439.7074910322826,461.102361462163,202.99581575393677,319.8230289141337,277.1126797199249,3128.7316635917214,2571.810573048685,486.52540469169617,212.66509175300598,306.9371031443278,251.33967471122742,3286.2597542837557,2758.347974311604,505.85613799095154,210.15550644163991,323.06154810587566,241.6745171546936,0.0,0.0,0.0,0.0,0.0,0.0,0.0,0.0,0.0,0.0,0.0,0.0,0.0,0.0,0.0,0.0,0.0,0.0,0.0,0.0,0.0,0.0,0.0,0.0,0.0,0.0,0.0,0.0,0.0,0.0
"114,169",2493.1308404243,0.0,0.0,0.0,0.0,0.0,0.0,0.0,0.0,0.0,0.0,1845.9690472107309,3028.5830021521624,894.1564071543077,254.30035591125488,249.4602693080902,213.8473111928678,1965.0838731747049,3245.078911825255,916.6875734693864,254.3004400730133,241.4037717884662,223.50213449609046,2084.9859334038756,3364.96994711371,932.7870033151963,254.298565864563,225.30923309980653,226.7200910390592,2254.844383871789,3610.416120026158,992.351749902613,245.4499059490129,225.312061697829,229.93809598099952,2325.6610213878107,3796.9482029110777,1019.7151729845533,245.45193250693526,215.6579839295032,209.01355199720345,0.0,0.0,0.0,0.0,0.0,0.0,0.0,0.0,0.0,0.0,0.0,0.0,0.0,0.0,0.0,0.0,0.0,0.0,0.0,0.0,0.0,0.0,0.0,0.0,0.0,0.0,0.0,0.0,0.0,0.0
"115,169",2490.8384838464585,0.0,0.0,0.0,0.0,0.0,0.0,0.0,0.0,0.0,0.0,56297.68918529211,11267.392643262825,1636.9586658253388,905.4320374741274,1746.5710590082056,2989.993548400729,59364.81043847216,11918.5167283348,1685.209458805533,921.5052849068361,1756.2187442975885,3006.0741536692076,61064.71394734569,12306.053674787634,1727.0223209633546,931.1550048603731,1756.2192163663751,3015.726198680728,64097.68635616209,12999.154363987493,1833.1712264790253,960.1014097943025,1801.24910809573,3073.6249654367857,67093.92429387523,13369.944266714769,1870.1570560090681,972.9709545387941,1814.1177754598505,3076.8418140486174,0.0,0.0,0.0,0.0,0.0,0.0,0.0,0.0,0.0,0.0,0.0,0.0,0.0,0.0,0.0,0.0,0.0,0.0,0.0,0.0,0.0,0.0,0.0,0.0,0.0,0.0,0.0,0.0,0.0,0.0
"116,169",2031.2194406740073,0.0,0.0,0.0,0.0,0.0,0.0,0.0,0.0,0.0,0.0,34403.64335328456,27603.6122839937,11446.728465705759,5277.302541616851,5784.170041000141,2499.1983847571355,34977.2899833464,28114.619650889377,11623.476471572763,5351.219478968078,5883.791467582478,2518.4811103297216,35466.8206358012,28437.594891972632,11763.249444722194,5428.340187910491,5948.059694444431,2537.762072320078,35510.88233611069,28447.253809538077,11724.69657850172,5422.722237622504,5957.704200660481,2537.764870638941,35360.97533972871,28307.50814081267,11651.595733967013,5361.6722398159545,5957.708015357746,2521.700182433222,0.0,0.0,0.0,0.0,0.0,0.0,0.0,0.0,0.0,0.0,0.0,0.0,0.0,0.0,0.0,0.0,0.0,0.0,0.0,0.0,0.0,0.0,0.0,0.0,0.0,0.0,0.0,0.0,0.0,0.0
"86,170",1763.5872487741262,0.0,0.0,0.0,0.0,0.0,0.0,0.0,0.0,0.0,0.0,10508.269201065514,9916.586818878324,3460.769885590497,1033.4216024959787,507.5098077876895,60.40959005075342,11132.818947073058,10550.692921192505,3786.5500200206156,1139.7531426037058,552.6188163383334,60.40959005075342,11480.774176355435,11320.698301822998,4237.603279127794,1277.4875505456735,600.947238407883,60.40880207734949,11932.792893397573,11818.218602711546,4527.587610974031,1409.5967152604871,671.8353240115969,63.63044266420252,12046.57852451287,12215.592377263425,4996.450412193934,1602.9244850168043,768.4926573856203,76.51725702005274,0.0,0.0,0.0,0.0,0.0,0.0,0.0,0.0,0.0,0.0,0.0,0.0,0.0,0.0,0.0,0.0,0.0,0.0,0.0,0.0,0.0,0.0,0.0,0.0,0.0,0.0,0.0,0.0,0.0,0.0
"87,170",2497.3954530170386,0.0,0.0,0.0,0.0,0.0,0.0,0.0,0.0,0.0,0.0,2033.49669119891,1968.612834734075,1066.9090426977943,504.97247522578516,306.1407488626592,25.78576922416687,2215.6349534100177,2055.6504536095786,1083.0255123194527,511.418487961152,312.5875445646398,22.562546968460083,2412.281738907683,2187.812484544866,1138.884518811282,533.9820787261514,319.03418362561393,22.562546968460083,2560.5758160656574,2300.6367636147666,1190.461225459155,550.0995771239785,338.37337053242857,22.562546968460083,2602.4818445747974,2423.1344979230093,1245.7642866284239,566.2163082908181,338.37368238393003,22.562546968460083,0.0,0.0,0.0,0.0,0.0,0.0,0.0,0.0,0.0,0.0,0.0,0.0,0.0,0.0,0.0,0.0,0.0,0.0,0.0,0.0,0.0,0.0,0.0,0.0,0.0,0.0,0.0,0.0,0.0,0.0
"88,170",2499.2385607948486,0.0,0.0,0.0,0.0,0.0,0.0,0.0,0.0,0.0,0.0,11028.196612153335,1219.958074427586,96.0186284719729,9.680271863937378,0.0,0.0,13588.07994377099,1481.4014335641675,104.89240799324185,12.908120155334473,3.2278482913970947,0.0,15789.028963918314,2521.452411119611,140.39732013122708,29.047243356704712,12.911274909973145,0.0,17794.808074143355,2693.947476982603,143.62512884514004,29.047243356704712,19.366995096206665,0.0,20109.80340582997,2958.6084021325205,140.39732036964566,29.047291040420532,19.366995096206665,0.0,0.0,0.0,0.0,0.0,0.0,0.0,0.0,0.0,0.0,0.0,0.0,0.0,0.0,0.0,0.0,0.0,0.0,0.0,0.0,0.0,0.0,0.0,0.0,0.0,0.0,0.0,0.0,0.0,0.0,0.0
"89,170",2500.9303970423966,0.0,0.0,0.0,0.0,0.0,0.0,0.0,0.0,0.0,0.0,67028.12201138852,3431.308886786068,559.3903290552252,64.59194350242615,41.9810004234314,3.22933292388916,69206.42982061984,3599.202866812313,572.3072218221777,77.51003050804138,48.43825173377991,9.687374830245972,73205.07756616929,3953.649732760822,569.894691024107,90.42687773704529,48.44182634353638,12.91673731803894,77159.35285141142,4251.723737215529,647.3952906468335,119.4918692111969,77.50860595703125,12.91673731803894,82893.82772620705,4768.356727098951,789.4830048420849,184.08043456077576,122.71818661689758,16.14610719680786,0.0,0.0,0.0,0.0,0.0,0.0,0.0,0.0,0.0,0.0,0.0,0.0,0.0,0.0,0.0,0.0,0.0,0.0,0.0,0.0,0.0,0.0,0.0,0.0,0.0,0.0,0.0,0.0,0.0,0.0
"90,170",2502.470359892687,0.0,0.0,0.0,0.0,0.0,0.0,0.0,0.0,0.0,0.0,20843.034623445248,680.2202634783353,67.83760190010071,6.4601356983184814,6.460540294647217,0.0,22469.679625866458,689.9141874285306,64.60707473754883,6.4601356983184814,6.460540294647217,0.0,24754.48581853006,1126.0474450560178,177.68009996414185,16.151859760284424,12.921407699584961,0.0,25505.478894570293,1451.5458118981005,184.14144039154053,19.381927728652954,9.69128966331482,0.0,27262.12506136146,1663.9664476179607,213.21484231948853,35.53392577171326,16.15224575996399,0.0,0.0,0.0,0.0,0.0,0.0,0.0,0.0,0.0,0.0,0.0,0.0,0.0,0.0,0.0,0.0,0.0,0.0,0.0,0.0,0.0,0.0,0.0,0.0,0.0,0.0,0.0,0.0,0.0,0.0,0.0
"91,170",2503.8579005829383,0.0,0.0,0.0,0.0,0.0,0.0,0.0,0.0,0.0,0.0,96306.16561498174,6175.728712859808,400.8443169593811,58.193761348724365,0.0,0.0,97688.52978606598,6382.605989757239,397.6129837036133,58.193761348724365,0.0,0.0,102192.50534060235,6880.441182199179,468.7351915836334,58.19377374649048,0.0,0.0,107574.77705451273,7575.492967191397,549.5612268447876,58.19167947769165,0.0,0.0,112226.72318633304,8284.938035592846,627.1495537757874,61.425222635269165,0.0,0.0,0.0,0.0,0.0,0.0,0.0,0.0,0.0,0.0,0.0,0.0,0.0,0.0,0.0,0.0,0.0,0.0,0.0,0.0,0.0,0.0,0.0,0.0,0.0,0.0,0.0,0.0,0.0,0.0,0.0,0.0
"92,170",2505.0925239121007,0.0,0.0,0.0,0.0,0.0,0.0,0.0,0.0,0.0,0.0,12978.657437303955,4693.800123937457,462.52322268486023,29.11019992828369,3.2336878776550293,0.0,13678.29892853475,5336.606414530324,546.6195750236511,32.34419775009155,3.2336878776550293,0.0,16073.278922812144,6779.038593981313,614.5371470451355,35.57886624336243,3.2336878776550293,0.0,22921.81843976507,9351.598833974202,766.5485701560974,61.45411252975464,9.70180082321167,0.0,29024.222044108898,12007.995874763003,992.9603402614594,84.0962917804718,12.935709476470947,0.0,0.0,0.0,0.0,0.0,0.0,0.0,0.0,0.0,0.0,0.0,0.0,0.0,0.0,0.0,0.0,0.0,0.0,0.0,0.0,0.0,0.0,0.0,0.0,0.0,0.0,0.0,0.0,0.0,0.0,0.0
"93,170",2506.173788653185,0.0,0.0,0.0,0.0,0.0,0.0,0.0,0.0,0.0,0.0,15204.06213254648,12436.634180155921,2156.0734630724965,236.2344138622284,6.471774101257324,0.0,15497.427825105891,12653.438667145898,2169.0199094912587,245.9417803287506,9.708091735839844,0.0,16879.862799355564,13472.84499048065,2282.2768272063313,258.88562750816345,9.708091735839844,0.0,17802.656201788024,14135.674705786798,2424.6676486632405,265.35819840431213,9.708922147750854,0.0,19586.96603034992,15322.779979399138,2654.422707905489,323.60512590408325,12.945252895355225,0.0,0.0,0.0,0.0,0.0,0.0,0.0,0.0,0.0,0.0,0.0,0.0,0.0,0.0,0.0,0.0,0.0,0.0,0.0,0.0,0.0,0.0,0.0,0.0,0.0,0.0,0.0,0.0,0.0,0.0,0.0
"94,170",2507.101307920835,0.0,0.0,0.0,0.0,0.0,0.0,0.0,0.0,0.0,0.0,24596.94555604224,11336.931288916456,1754.2460173036538,155.35999202728271,3.2366418838500977,0.0,25083.928657798206,11424.335700470792,1760.7222782041513,152.12349772453308,3.2366418838500977,0.0,27098.482240639478,11886.506311473659,1903.1483617689096,165.07161688804626,3.2366418838500977,0.0,27868.235022189572,12071.01751643162,1929.0409661199533,168.30877113342285,3.2366418838500977,0.0,28338.730130088097,12200.130582796357,1925.8033984567605,181.2575433254242,6.473362445831299,0.0,0.0,0.0,0.0,0.0,0.0,0.0,0.0,0.0,0.0,0.0,0.0,0.0,0.0,0.0,0.0,0.0,0.0,0.0,0.0,0.0,0.0,0.0,0.0,0.0,0.0,0.0,0.0,0.0,0.0,0.0
"95,170",2507.874749495734,0.0,0.0,0.0,0.0,0.0,0.0,0.0,0.0,0.0,0.0,111826.0976431136,10897.957025263355,748.7538981297437,43.70376001339333,0.0,0.0,113198.94778574868,11134.341864321277,774.6593527653638,43.704328403285906,0.0,0.0,116091.16159406549,11699.629438798567,893.3860758800132,43.704328403285906,0.0,0.0,125663.23185329155,13454.59577552571,1052.8567806103651,46.94213186245339,0.0,0.0,131202.77615649838,14432.435057323119,1137.0409355977004,50.18000541668312,0.0,0.0,0.0,0.0,0.0,0.0,0.0,0.0,0.0,0.0,0.0,0.0,0.0,0.0,0.0,0.0,0.0,0.0,0.0,0.0,0.0,0.0,0.0,0.0,0.0,0.0,0.0,0.0,0.0,0.0,0.0,0.0
"96,170",2508.4938361022114,0.0,0.0,0.0,0.0,0.0,0.0,0.0,0.0,0.0,0.0,45719.66279364941,4421.2917170562,277.72222145211464,35.62533354759216,3.2386252880096436,0.0,48100.43060895696,4813.1726274527755,329.54242642533546,38.86385130882263,3.2386252880096436,0.0,52024.96026404137,5479.205143876169,463.39590756378925,48.57988452911377,3.2386252880096436,0.0,57451.25827725822,6700.2186676932315,576.7543288894728,58.29622507095337,6.477490425109863,0.0,61027.739982149644,7639.417992791942,690.1107854076461,64.77392363548279,3.2388651371002197,0.0,0.0,0.0,0.0,0.0,0.0,0.0,0.0,0.0,0.0,0.0,0.0,0.0,0.0,0.0,0.0,0.0,0.0,0.0,0.0,0.0,0.0,0.0,0.0,0.0,0.0,0.0,0.0,0.0,0.0,0.0
"97,170",2508.958345639411,0.0,0.0,0.0,0.0,0.0,0.0,0.0,0.0,0.0,0.0,30844.39901737138,2295.0844310882044,203.26769949875626,22.675548315048218,0.0,0.0,32947.649624192476,2337.1821569564295,219.46322109185013,19.436261415481567,0.0,0.0,38072.00560079368,2696.7400886180358,258.3340633102492,19.436261415481567,0.0,0.0,45048.459220588906,3177.766989490098,286.67400215186325,19.436261415481567,2.4263788718803254,0.0,51092.71439194959,3556.764527103013,357.9386203102037,19.436261415481567,2.4263788718803254,0.0,0.0,0.0,0.0,0.0,0.0,0.0,0.0,0.0,0.0,0.0,0.0,0.0,0.0,0.0,0.0,0.0,0.0,0.0,0.0,0.0,0.0,0.0,0.0,0.0,0.0,0.0,0.0,0.0,0.0,0.0
"98,170",2509.2681113695066,0.0,0.0,0.0,0.0,0.0,0.0,0.0,0.0,0.0,0.0,7349.9859230443535,1090.1509368111106,64.7961745262146,12.959240436553955,0.0,0.0,7430.979297630459,1125.788137405059,84.2348461151123,12.959240436553955,0.0,0.0,7428.542575921264,1134.6948600638148,84.2348461151123,12.959240436553955,0.0,0.0,12029.005149926392,1432.7549963820215,126.35229706764221,12.959240436553955,0.0,0.0,18894.70031503135,2216.788912378573,181.42887091636658,16.198906421661377,0.0,0.0,0.0,0.0,0.0,0.0,0.0,0.0,0.0,0.0,0.0,0.0,0.0,0.0,0.0,0.0,0.0,0.0,0.0,0.0,0.0,0.0,0.0,0.0,0.0,0.0,0.0,0.0,0.0,0.0,0.0,0.0
"99,170",2509.4230220552963,0.0,0.0,0.0,0.0,0.0,0.0,0.0,0.0,0.0,0.0,25515.026708098954,7033.543811944887,914.4770251199311,193.58666573879765,44.54680476656147,0.0,26569.407601090974,7671.188692043342,1060.2763906404084,209.78665529606388,44.54680476656147,0.0,29951.212515088624,8108.584268758811,1096.7292520794213,216.26664077160405,44.54680476656147,0.0,37418.960389272834,10221.826989195393,1365.6433958801567,218.6932869350209,44.54680476656147,0.0,44225.35386840408,12673.010976220114,1577.8551329005,218.69325117223403,44.54680476656147,0.0,0.0,0.0,0.0,0.0,0.0,0.0,0.0,0.0,0.0,0.0,0.0,0.0,0.0,0.0,0.0,0.0,0.0,0.0,0.0,0.0,0.0,0.0,0.0,0.0,0.0,0.0,0.0,0.0,0.0,0.0
"100,170",2509.4230220552777,0.0,0.0,0.0,0.0,0.0,0.0,0.0,0.0,0.0,0.0,6980.386325261172,3022.8434473953994,353.158251285553,38.87974452972412,9.71993088722229,0.0,8466.500409869586,3996.2788309536727,459.2643156519123,38.87974452972412,9.71993088722229,0.0,9299.898041753208,4247.205181841757,511.1040392389484,38.87974452972412,9.71993088722229,0.0,12557.523418103949,5046.669451719172,653.6634767522999,45.359691858291626,9.71993088722229,0.0,22642.96785843793,8185.095773478115,1024.8120193387947,61.559560775756836,9.71993088722229,0.0,0.0,0.0,0.0,0.0,0.0,0.0,0.0,0.0,0.0,0.0,0.0,0.0,0.0,0.0,0.0,0.0,0.0,0.0,0.0,0.0,0.0,0.0,0.0,0.0,0.0,0.0,0.0,0.0,0.0,0.0
"101,170",2509.268111369459,0.0,0.0,0.0,0.0,0.0,0.0,0.0,0.0,0.0,0.0,12664.161159119887,7378.562480635736,881.2106709480286,87.47295045852661,3.239604949951172,0.0,16577.03171883658,9725.193621393279,1172.789500951767,109.33841982168309,6.479389190673828,0.0,18488.72793324508,10689.714365140127,1305.6202418804169,109.3386251000797,6.479389190673828,0.0,23433.657898544796,13356.67108338861,1562.6249333045062,115.81773724836461,9.719199180603027,0.0,28682.353560888067,16594.25413077018,2033.822344972573,135.25616731924168,12.958805561065674,0.0,0.0,0.0,0.0,0.0,0.0,0.0,0.0,0.0,0.0,0.0,0.0,0.0,0.0,0.0,0.0,0.0,0.0,0.0,0.0,0.0,0.0,0.0,0.0,0.0,0.0,0.0,0.0,0.0,0.0,0.0
"102,170",2508.9583456394657,0.0,0.0,0.0,0.0,0.0,0.0,0.0,0.0,0.0,0.0,30044.197572257475,11316.291851830953,674.5874828002031,35.63368773460388,6.478346109390259,0.0,35331.94856445182,13215.688968382632,793.6312852130217,42.11260366439819,6.478346109390259,0.0,37776.36633760135,14390.9115256216,910.2472441420836,45.35187220573425,6.478346109390259,0.0,41906.23907079042,16137.733551984675,999.0563962693308,55.07017230987549,6.478346109390259,0.0,48699.943371869995,18761.571268975502,1296.2652834808125,71.26709914207458,9.717655181884766,0.0,0.0,0.0,0.0,0.0,0.0,0.0,0.0,0.0,0.0,0.0,0.0,0.0,0.0,0.0,0.0,0.0,0.0,0.0,0.0,0.0,0.0,0.0,0.0,0.0,0.0,0.0,0.0,0.0,0.0,0.0
"103,170",2508.493836102218,0.0,0.0,0.0,0.0,0.0,0.0,0.0,0.0,0.0,0.0,55989.29045510386,24220.08238366725,1320.3289547583636,99.58916036661934,12.95565390586853,0.0,61277.91371201067,26643.440203121598,1478.2118779182433,106.06668488558601,16.194565773010254,0.0,65747.41663571807,28771.92455257434,1623.9533568382262,102.82814185198616,19.43343949317932,0.0,69628.65839262382,30452.926790964833,1723.1816389570045,109.30612914141487,25.911222457885742,0.0,74006.56148483798,32388.951790656298,1914.265053750019,128.73757879313303,22.67228937149048,0.0,0.0,0.0,0.0,0.0,0.0,0.0,0.0,0.0,0.0,0.0,0.0,0.0,0.0,0.0,0.0,0.0,0.0,0.0,0.0,0.0,0.0,0.0,0.0,0.0,0.0,0.0,0.0,0.0,0.0,0.0
"104,170",2507.8747494957843,0.0,0.0,0.0,0.0,0.0,0.0,0.0,0.0,0.0,0.0,43263.993069808625,21118.776008733115,2346.8735350272236,592.5036702156067,287.0730233192444,90.6559042930603,45366.04218078688,22643.07665437904,2657.7188316485463,641.0719261169434,280.59800243377686,93.89364504814148,46340.89145332691,23421.293133599152,2877.9033716818867,699.3534920215607,312.97609663009644,90.65578746795654,47237.744119931194,24245.280555769976,3085.491057319267,747.9213356971741,322.68977522850037,80.94278907775879,48442.47374850628,25477.885848881215,3389.85993234597,825.6316990852356,283.8385887145996,67.99213337898254,0.0,0.0,0.0,0.0,0.0,0.0,0.0,0.0,0.0,0.0,0.0,0.0,0.0,0.0,0.0,0.0,0.0,0.0,0.0,0.0,0.0,0.0,0.0,0.0,0.0,0.0,0.0,0.0,0.0,0.0
"105,170",2507.1013079208656,0.0,0.0,0.0,0.0,0.0,0.0,0.0,0.0,0.0,0.0,4970.735296460694,389.5079281919143,74.46040797233582,77.69824051856995,120.8506931809818,135.9701817035675,5144.064770098294,400.2858288428363,67.98554515838623,80.93560075759888,120.85074825567358,139.20753049850464,5439.016789671019,419.7100353381213,64.7481517791748,80.93560075759888,124.08823581022375,139.20753812789917,5536.126482959822,422.94723369093504,64.7481517791748,84.17308855056763,124.0881952790653,132.732759475708,5908.342680212096,422.9463055274066,84.17249870300293,84.17300462722778,127.32550735754126,142.4449017047882,0.0,0.0,0.0,0.0,0.0,0.0,0.0,0.0,0.0,0.0,0.0,0.0,0.0,0.0,0.0,0.0,0.0,0.0,0.0,0.0,0.0,0.0,0.0,0.0,0.0,0.0,0.0,0.0,0.0,0.0
"106,170",2506.170710957858,0.0,0.0,0.0,0.0,0.0,0.0,0.0,0.0,0.0,0.0,10851.385565853121,177.95876169204712,0.0,0.0,0.0,0.0,12046.55999506408,191.62288003809311,3.23520827293396,0.0,0.0,0.0,12036.646952979705,194.8574252689586,3.23520827293396,0.0,0.0,0.0,11986.535011244754,188.3869901264415,6.471088171005249,0.0,0.0,0.0,11575.636900363248,188.38898139841416,6.471088171005249,0.0,0.0,0.0,0.0,0.0,0.0,0.0,0.0,0.0,0.0,0.0,0.0,0.0,0.0,0.0,0.0,0.0,0.0,0.0,0.0,0.0,0.0,0.0,0.0,0.0,0.0,0.0,0.0,0.0,0.0,0.0,0.0,0.0
"107,170",2409.6262232840613,0.0,0.0,0.0,0.0,0.0,0.0,0.0,0.0,0.0,0.0,41101.03562501926,15709.17951410705,2162.591181196886,221.5098947244532,3.233883857727051,0.0,42259.485702437974,15879.840389609804,2162.588927187639,218.27514755305123,0.0,0.0,43333.79224724769,16094.076658834196,2165.8221718451555,211.80706345614266,6.467592000961304,0.0,44070.61876883694,16168.460130799986,2146.420272507387,211.80714833315682,6.467592000961304,0.0,45104.241531239306,16142.57746918248,2075.2767600199754,206.15091627345367,6.467592000961304,0.0,0.0,0.0,0.0,0.0,0.0,0.0,0.0,0.0,0.0,0.0,0.0,0.0,0.0,0.0,0.0,0.0,0.0,0.0,0.0,0.0,0.0,0.0,0.0,0.0,0.0,0.0,0.0,0.0,0.0,0.0
"108,170",2503.85790058292,0.0,0.0,0.0,0.0,0.0,0.0,0.0,0.0,0.0,0.0,99006.8242731356,42293.519325742534,8063.476794242859,1163.9554722309113,139.02331161499023,3.2327327728271484,101503.8975025448,43576.80887914639,8347.948956727982,1176.8816294670105,132.55730032920837,3.2327327728271484,102805.7079341505,44388.209520349315,8558.082567214966,1218.911851644516,139.02347803115845,3.2327327728271484,103047.93757143675,44570.9302887365,8677.692917823792,1231.8457353115082,145.4892818927765,3.2327327728271484,104540.43641629594,45170.58062391281,8752.026206970215,1257.707039117813,142.2557728290558,3.2327327728271484,0.0,0.0,0.0,0.0,0.0,0.0,0.0,0.0,0.0,0.0,0.0,0.0,0.0,0.0,0.0,0.0,0.0,0.0,0.0,0.0,0.0,0.0,0.0,0.0,0.0,0.0,0.0,0.0,0.0,0.0
"109,170",2045.2212070652013,0.0,0.0,0.0,0.0,0.0,0.0,0.0,0.0,0.0,0.0,89393.12556726045,19829.424920243844,1872.2391562835842,581.8580987313214,826.0306519040874,572.3586879234689,92261.82033514885,21052.635289724203,1901.3175495044857,598.0090751507703,820.9542354733336,562.6672502022165,94345.66320452318,21833.106027052454,1988.5380952732235,618.3924782939986,877.7246597776226,594.9732811909097,95659.17160022212,22255.241125419096,2059.601144351211,641.0077374645308,900.3410275945477,607.896122978248,95406.05840101803,22183.223855113985,2036.9869010822445,634.5479155250624,890.6525076398663,598.2067137222665,0.0,0.0,0.0,0.0,0.0,0.0,0.0,0.0,0.0,0.0,0.0,0.0,0.0,0.0,0.0,0.0,0.0,0.0,0.0,0.0,0.0,0.0,0.0,0.0,0.0,0.0,0.0,0.0,0.0,0.0
"110,170",2404.0034136831196,0.0,0.0,0.0,0.0,0.0,0.0,0.0,0.0,0.0,0.0,83994.96666157477,42906.313579760346,4993.151477780997,828.7561860776416,745.3174192989574,484.2437146018533,85580.30147043864,44047.15215578921,5127.952370055517,828.7503510213367,735.8796611178154,481.014287741044,86883.74650221432,44956.10761788967,5312.023694403967,855.1816071211124,766.3119314455519,490.70310118899624,89068.46587879329,46167.593450272325,5531.614790805182,916.5442091165805,775.9994540953169,487.47302726016324,89297.39595178436,46098.23866645215,5550.166795992384,902.8153119704302,782.4566326879988,484.2430541823892,0.0,0.0,0.0,0.0,0.0,0.0,0.0,0.0,0.0,0.0,0.0,0.0,0.0,0.0,0.0,0.0,0.0,0.0,0.0,0.0,0.0,0.0,0.0,0.0,0.0,0.0,0.0,0.0,0.0,0.0
"111,170",2291.4622018400637,0.0,0.0,0.0,0.0,0.0,0.0,0.0,0.0,0.0,0.0,35546.51570389224,18011.90543849889,3487.8613188958634,836.6448906935898,450.98016827807703,330.84171729929307,36991.28414061303,19212.879408153836,3756.772405114828,904.3969265498367,476.79023164019867,346.9724531734691,37822.17468171307,20048.403257923503,3927.629650754555,995.1497082887912,554.2188247989205,376.0074394310222,38577.69418033993,20793.944401043536,4156.696855068207,1066.7932349579007,592.9323894332438,407.4591661144705,39388.54686485552,21810.115613806483,4389.206012218138,1121.6465379135282,667.1364344905405,430.0434139420004,0.0,0.0,0.0,0.0,0.0,0.0,0.0,0.0,0.0,0.0,0.0,0.0,0.0,0.0,0.0,0.0,0.0,0.0,0.0,0.0,0.0,0.0,0.0,0.0,0.0,0.0,0.0,0.0,0.0,0.0
"112,170",1418.6636503529562,0.0,0.0,0.0,0.0,0.0,0.0,0.0,0.0,0.0,0.0,7772.0021104962225,9317.828405236263,1850.2039804664314,362.1975627599978,317.9505420591317,239.07819206854876,8342.315170281541,10321.068566908554,2166.4896128963023,423.46474010336635,337.2958675291024,239.07942898413714,8681.373663186092,11079.111827800787,2335.4084919620964,464.9710542716232,372.76381644267667,233.44211741709242,8983.164632305445,11631.449335042167,2518.4122249874417,490.77191348449855,385.6606622602426,246.33839699053297,9150.630977009792,11847.463215045369,2602.7881367356167,490.77260275261074,385.6595061685525,261.65152604720174,0.0,0.0,0.0,0.0,0.0,0.0,0.0,0.0,0.0,0.0,0.0,0.0,0.0,0.0,0.0,0.0,0.0,0.0,0.0,0.0,0.0,0.0,0.0,0.0,0.0,0.0,0.0,0.0,0.0,0.0
"113,170",1007.0119604761692,0.0,0.0,0.0,0.0,0.0,0.0,0.0,0.0,0.0,0.0,134.28849666445862,106.78940536835614,87.00438904762268,61.22198128700256,79.75321019490559,67.66787028312683,155.7630751245162,122.89884092667523,96.67054772377014,61.22198128700256,89.42217744191487,64.44509935379028,180.0459194650837,132.3948318836736,103.11566758155823,61.22198128700256,99.09072864850361,61.22439455986023,201.11096040127322,135.61520718312732,99.89441990852356,61.22212052345276,95.86838258107502,61.22473073005676,226.87656434096542,125.94882343984118,106.33768439292908,57.999298095703125,86.19951451619465,64.44772601127625,0.0,0.0,0.0,0.0,0.0,0.0,0.0,0.0,0.0,0.0,0.0,0.0,0.0,0.0,0.0,0.0,0.0,0.0,0.0,0.0,0.0,0.0,0.0,0.0,0.0,0.0,0.0,0.0,0.0,0.0
"114,170",1412.0064615991816,0.0,0.0,0.0,0.0,0.0,0.0,0.0,0.0,0.0,0.0,1778.2960463907202,1429.1702695248175,191.34460443795896,52.916336498073505,70.79774212837219,144.78087210748708,1914.5304577032725,1604.9877834871702,208.85495033544652,62.56968303661721,93.32442879676819,144.78076553438223,2045.161955573512,1781.0026345140793,237.82097902578465,72.22351809482949,93.32439637184143,142.99044295385772,2172.106207072501,1955.1840927002477,273.30165473713595,84.28949892941642,99.7630546092987,149.42701407507354,2300.4070719363644,2069.2565337629876,282.9609274078818,90.72365177098443,99.7614860534668,155.8643650634616,0.0,0.0,0.0,0.0,0.0,0.0,0.0,0.0,0.0,0.0,0.0,0.0,0.0,0.0,0.0,0.0,0.0,0.0,0.0,0.0,0.0,0.0,0.0,0.0,0.0,0.0,0.0,0.0,0.0,0.0
"115,170",2203.491619334435,0.0,0.0,0.0,0.0,0.0,0.0,0.0,0.0,0.0,0.0,31896.486379826303,19178.06216237779,2638.9382492215027,647.0555003222298,798.2167892007267,855.4698048647713,33376.57607564925,20027.723622376314,2795.0800412832523,663.1352124747109,836.8089975861942,852.2511571463417,34947.99809364244,20706.20615449887,2910.913707416198,711.3803847369027,891.4859275369083,850.8111246669994,35920.86035360074,21252.195987475152,3004.1698078323816,772.4863918360542,920.4371494798099,857.2448659980998,36335.71375670713,21231.455916957293,3035.68258357609,790.3428573187659,914.0014915017521,866.8971873367534,0.0,0.0,0.0,0.0,0.0,0.0,0.0,0.0,0.0,0.0,0.0,0.0,0.0,0.0,0.0,0.0,0.0,0.0,0.0,0.0,0.0,0.0,0.0,0.0,0.0,0.0,0.0,0.0,0.0,0.0
"116,170",1993.8664292688204,0.0,0.0,0.0,0.0,0.0,0.0,0.0,0.0,0.0,0.0,29948.661299007075,20627.82962415078,8235.21502346525,3448.3480054939496,3328.4589916565837,1195.5338609714133,30629.783179484155,21122.014935089555,8453.740385956859,3554.3975729549634,3415.2255128720226,1246.9523253936393,31020.547862656913,21368.753699658893,8572.64345592985,3564.0367467010724,3447.3599363663616,1256.5945342082603,31603.36637153251,21404.82869613217,8611.224367566203,3540.7363205432894,3453.7864226201,1243.737418939553,31367.47624286857,20866.724775391933,8393.50143960317,3452.1851974964143,3363.800923714918,1224.454559614144,0.0,0.0,0.0,0.0,0.0,0.0,0.0,0.0,0.0,0.0,0.0,0.0,0.0,0.0,0.0,0.0,0.0,0.0,0.0,0.0,0.0,0.0,0.0,0.0,0.0,0.0,0.0,0.0,0.0,0.0
"117,170",69.42488960110359,0.0,0.0,0.0,0.0,0.0,0.0,0.0,0.0,0.0,0.0,2386.2376514649864,51.32515908503065,0.0,0.0,0.0,3.211165428161621,2386.2376514649864,51.32515908503065,0.0,0.0,0.0,3.211165428161621,2386.2376514649864,51.32515908503065,0.0,0.0,0.0,3.211165428161621,2379.8152121282096,41.692135107750985,0.0,0.0,0.0,3.211165428161621,2366.9709366536613,38.48104215883741,0.0,0.0,0.0,3.211165428161621,0.0,0.0,0.0,0.0,0.0,0.0,0.0,0.0,0.0,0.0,0.0,0.0,0.0,0.0,0.0,0.0,0.0,0.0,0.0,0.0,0.0,0.0,0.0,0.0,0.0,0.0,0.0,0.0,0.0,0.0
"86,171",635.9785769468381,0.0,0.0,0.0,0.0,0.0,0.0,0.0,0.0,0.0,0.0,6060.631407136542,1475.9622652109933,751.6379938770743,240.23265524938995,326.58121848106384,109.57664012908936,6307.774212004156,1644.9259296753828,828.9850876976462,262.79077335432464,323.3580424785614,109.57664012908936,6507.091150865367,1712.6045380928938,855.5366469841377,262.7901339156955,336.24808382987976,119.2453556060791,6655.226809745675,1799.6189636090223,954.3011259901757,300.3874454124301,381.36536717414856,128.91336512565613,6721.350817650438,1890.2351720753838,998.4177026552312,339.375689496246,440.4887581647611,116.02126288414001,0.0,0.0,0.0,0.0,0.0,0.0,0.0,0.0,0.0,0.0,0.0,0.0,0.0,0.0,0.0,0.0,0.0,0.0,0.0,0.0,0.0,0.0,0.0,0.0,0.0,0.0,0.0,0.0,0.0,0.0
"87,171",2497.5104688192473,0.0,0.0,0.0,0.0,0.0,0.0,0.0,0.0,0.0,0.0,21.755351564930933,37.878069613961614,32.74200619061788,26.847498823614682,11.793036082211664,16.117713689804077,18.531152985142725,37.87703773835126,48.0523237321891,26.847498823614682,11.793036082211664,16.117713689804077,34.64917042021658,47.547043536691106,54.24705893198649,33.29540555617389,18.24056539816015,16.117713689804077,44.319936535405176,57.217772696999944,57.4707041422526,44.030252554837396,21.46499142927282,16.117713689804077,53.99032523398306,65.5373670353609,76.00527189572652,44.030252554837396,22.52673724118401,16.117713689804077,0.0,0.0,0.0,0.0,0.0,0.0,0.0,0.0,0.0,0.0,0.0,0.0,0.0,0.0,0.0,0.0,0.0,0.0,0.0,0.0,0.0,0.0,0.0,0.0,0.0,0.0,0.0,0.0,0.0,0.0
"88,171",2499.353885480367,0.0,0.0,0.0,0.0,0.0,0.0,0.0,0.0,0.0,0.0,82.51012693012463,20.082411269580618,0.0,0.0,0.0,0.0,94.7382575904622,29.76611278477837,0.0,0.0,0.0,0.0,149.26205860025743,36.21991155568291,0.0,0.0,0.0,0.0,199.12132341160498,49.13128850880791,9.683488845825195,0.0,0.0,0.0,396.40819021673764,133.05104134503534,32.2768828868866,6.455719709396362,0.0,0.0,0.0,0.0,0.0,0.0,0.0,0.0,0.0,0.0,0.0,0.0,0.0,0.0,0.0,0.0,0.0,0.0,0.0,0.0,0.0,0.0,0.0,0.0,0.0,0.0,0.0,0.0,0.0,0.0,0.0,0.0
"89,171",2501.04601040778,0.0,0.0,0.0,0.0,0.0,0.0,0.0,0.0,0.0,0.0,3301.944457429998,138.1134631830103,19.368017196655273,9.686696290969849,12.91814112663269,3.2295024394989014,3596.516083058189,144.57166983660528,16.140050888061523,9.686662197113037,12.918089389801025,3.2295024394989014,5240.66244281881,241.44189669665167,19.368064165115356,9.687907218933105,16.147620916366577,9.688239574432373,6970.379693205216,409.3684351640589,48.427051305770874,9.687907218933105,16.147620916366577,9.688239574432373,8562.179726634306,506.2540242868311,54.883007287979126,6.457255840301514,19.37684202194214,12.917326211929321,0.0,0.0,0.0,0.0,0.0,0.0,0.0,0.0,0.0,0.0,0.0,0.0,0.0,0.0,0.0,0.0,0.0,0.0,0.0,0.0,0.0,0.0,0.0,0.0,0.0,0.0,0.0,0.0,0.0,0.0
"90,171",2502.586240324828,0.0,0.0,0.0,0.0,0.0,0.0,0.0,0.0,0.0,0.0,13344.704567059349,1502.4843821525574,274.62795996665955,51.690266370773315,119.52787208557129,6.461428880691528,14271.133959905776,1867.5891523361206,342.47913551330566,71.07370233535767,129.2201271057129,6.461428880691528,16224.120151414125,2151.9432895183563,384.47900581359863,71.07370233535767,129.2201271057129,6.461428880691528,18447.849492320827,2594.6409616470337,507.2760155200958,96.91971111297607,135.68044924736023,6.461428880691528,20761.20084381571,2691.568446159363,539.5852994918823,100.15161204338074,145.3713502883911,9.691724300384521,0.0,0.0,0.0,0.0,0.0,0.0,0.0,0.0,0.0,0.0,0.0,0.0,0.0,0.0,0.0,0.0,0.0,0.0,0.0,0.0,0.0,0.0,0.0,0.0,0.0,0.0,0.0,0.0,0.0,0.0
"91,171",2503.974025171874,0.0,0.0,0.0,0.0,0.0,0.0,0.0,0.0,0.0,0.0,30048.78310403637,3117.0698979695635,475.20356345176697,42.02556276321411,0.0,0.0,30284.721248004953,3275.450344642003,491.36297082901,51.7244508266449,0.0,0.0,32767.912161874774,3766.7907052834826,517.2220778465271,51.7244508266449,0.0,0.0,37036.707968649214,4416.608398278555,539.8551235198975,51.7244508266449,0.0,0.0,42895.70003718956,5775.212784351087,665.9289627075195,64.65651750564575,0.0,0.0,0.0,0.0,0.0,0.0,0.0,0.0,0.0,0.0,0.0,0.0,0.0,0.0,0.0,0.0,0.0,0.0,0.0,0.0,0.0,0.0,0.0,0.0,0.0,0.0,0.0,0.0,0.0,0.0,0.0,0.0
"92,171",2505.208868567581,0.0,0.0,0.0,0.0,0.0,0.0,0.0,0.0,0.0,0.0,7526.467679663265,2461.0763438271542,214.5483401438769,25.878612279891968,3.235034465789795,0.0,7616.246306897145,2513.647218312469,224.25291568251217,25.878612279891968,3.235034465789795,0.0,7747.518552565107,2608.525148061677,240.4259267470416,25.878612279891968,3.235034465789795,0.0,10297.930703878403,3534.0090018618343,299.71630895558525,35.58293867111206,3.235034465789795,0.0,12205.83517796292,4562.548679243349,344.99796498242546,35.58293867111206,3.235034465789795,0.0,0.0,0.0,0.0,0.0,0.0,0.0,0.0,0.0,0.0,0.0,0.0,0.0,0.0,0.0,0.0,0.0,0.0,0.0,0.0,0.0,0.0,0.0,0.0,0.0,0.0,0.0,0.0,0.0,0.0,0.0
"93,171",2506.29032822548,0.0,0.0,0.0,0.0,0.0,0.0,0.0,0.0,0.0,0.0,10288.714958932353,6844.371929883957,1166.9749581813812,126.19014525413513,3.2354753017425537,0.0,11644.406255271388,7976.789851427078,1215.5089259147644,139.1322820186615,3.2354753017425537,0.0,13102.605849769068,8965.806612968445,1309.340507030487,165.01811909675598,3.2354753017425537,0.0,13610.570091750575,9212.77206325531,1376.2052907943726,171.48958277702332,3.2354753017425537,0.0,14328.963314082575,9196.596354722977,1427.972767829895,177.96153473854065,3.2354753017425537,0.0,0.0,0.0,0.0,0.0,0.0,0.0,0.0,0.0,0.0,0.0,0.0,0.0,0.0,0.0,0.0,0.0,0.0,0.0,0.0,0.0,0.0,0.0,0.0,0.0,0.0,0.0,0.0,0.0,0.0,0.0
"94,171",2507.218016325198,0.0,0.0,0.0,0.0,0.0,0.0,0.0,0.0,0.0,0.0,47682.03495041063,8762.553772348516,812.14873474065,100.35289764404297,6.474563837051392,0.0,49499.09663186542,9121.525492499855,860.7044538778417,106.82763481140137,6.474563837051392,0.0,52783.72339538033,10041.209435600393,957.8164188188665,113.30215239524841,6.474563837051392,0.0,56318.38015755766,11102.60181824179,1098.6221701014274,129.4879596233368,6.474563837051392,0.0,60655.74770883298,12455.628335394576,1266.9477912295097,152.14714169502258,6.474563837051392,0.0,0.0,0.0,0.0,0.0,0.0,0.0,0.0,0.0,0.0,0.0,0.0,0.0,0.0,0.0,0.0,0.0,0.0,0.0,0.0,0.0,0.0,0.0,0.0,0.0,0.0,0.0,0.0,0.0,0.0,0.0
"95,171",2507.991599840012,0.0,0.0,0.0,0.0,0.0,0.0,0.0,0.0,0.0,0.0,104047.46793803234,6777.468978631263,675.9977310377009,45.329745292663574,0.0,0.0,106504.87845886641,7191.193158204883,711.6148672777064,48.56776571273804,0.0,0.0,115488.86768923087,8116.096047521105,779.613092251385,55.043860912323,0.0,0.0,127252.36188538121,9874.669027841792,918.0371961228988,55.04417824745178,0.0,0.0,131749.38781256208,10434.010658404406,979.5577892892501,51.80621933937073,3.2378101348876953,0.0,0.0,0.0,0.0,0.0,0.0,0.0,0.0,0.0,0.0,0.0,0.0,0.0,0.0,0.0,0.0,0.0,0.0,0.0,0.0,0.0,0.0,0.0,0.0,0.0,0.0,0.0,0.0,0.0,0.0,0.0
"96,171",2508.6108008171036,0.0,0.0,0.0,0.0,0.0,0.0,0.0,0.0,0.0,0.0,84143.01121931354,9963.64717578514,880.3661214660196,58.297141790390015,9.716480255126953,0.0,86769.61204011484,10550.092409347086,948.3777291129618,68.01371908187866,9.716480255126953,0.0,92551.25501276276,12191.286793971529,1081.1643964599161,87.4456799030304,12.955067873001099,0.0,98743.5479361534,14153.112678220226,1327.30496376262,103.63898801803589,16.193655490875244,0.0,103641.04076838397,15267.844941446829,1479.5259816001444,119.83248710632324,16.19364023208618,0.0,0.0,0.0,0.0,0.0,0.0,0.0,0.0,0.0,0.0,0.0,0.0,0.0,0.0,0.0,0.0,0.0,0.0,0.0,0.0,0.0,0.0,0.0,0.0,0.0,0.0,0.0,0.0,0.0,0.0,0.0
"97,171",2509.0753966112384,0.0,0.0,0.0,0.0,0.0,0.0,0.0,0.0,0.0,0.0,16041.54455334719,2652.9324250857035,356.1587386243483,35.63424563407898,0.0,0.0,16971.90464854801,2847.2902155558268,362.6375134103438,42.11330842971802,0.0,0.0,18615.352228476015,3221.9968052742524,360.2103975922454,45.35243105888367,0.0,0.0,20744.27777258087,3676.9546303122647,421.7598942429412,48.59173512458801,0.0,0.0,25320.30871504054,4686.812221537384,586.1545535807516,48.59173512458801,0.0,0.0,0.0,0.0,0.0,0.0,0.0,0.0,0.0,0.0,0.0,0.0,0.0,0.0,0.0,0.0,0.0,0.0,0.0,0.0,0.0,0.0,0.0,0.0,0.0,0.0,0.0,0.0,0.0,0.0,0.0,0.0
"98,171",2509.3852200743477,0.0,0.0,0.0,0.0,0.0,0.0,0.0,0.0,0.0,0.0,6003.901171100841,3273.296457683339,397.0301956204807,29.156947135925293,0.0,0.0,6272.795858038173,3384.2597209369433,406.7503408460056,29.156947135925293,0.0,0.0,6592.471338063596,3570.8037033473743,400.27252188009373,25.917284965515137,0.0,0.0,7073.972267946543,3967.8290125790763,413.2308734921848,29.15689468383789,0.0,0.0,9088.468375070424,4717.16660248532,562.2556361226475,35.636301040649414,0.0,0.0,0.0,0.0,0.0,0.0,0.0,0.0,0.0,0.0,0.0,0.0,0.0,0.0,0.0,0.0,0.0,0.0,0.0,0.0,0.0,0.0,0.0,0.0,0.0,0.0,0.0,0.0,0.0,0.0,0.0,0.0
"99,171",2509.540159695353,0.0,0.0,0.0,0.0,0.0,0.0,0.0,0.0,0.0,0.0,14398.898659929575,3477.465062674354,588.8629629574571,35.6396906375885,0.0,0.0,14801.725166305841,3657.3673688720255,621.2629392109666,35.6396906375885,0.0,0.0,14924.84592793876,3710.9989816497355,640.7028808556352,38.87966799736023,0.0,0.0,15145.16964004928,3803.4224508940006,660.1430246792588,38.87966799736023,0.0,0.0,16439.707348221425,4402.2622508105105,737.9028418026719,38.87966799736023,0.0,0.0,0.0,0.0,0.0,0.0,0.0,0.0,0.0,0.0,0.0,0.0,0.0,0.0,0.0,0.0,0.0,0.0,0.0,0.0,0.0,0.0,0.0,0.0,0.0,0.0,0.0,0.0,0.0,0.0,0.0,0.0
"100,171",2509.5401596953293,0.0,0.0,0.0,0.0,0.0,0.0,0.0,0.0,0.0,0.0,606.9823880195618,225.35033477053923,6.479990243911743,0.0,0.0,0.0,819.7545008659363,258.47443688617034,6.479990243911743,0.0,0.0,0.0,829.4746046066284,256.6830018828897,6.479990243911743,0.0,0.0,0.0,1117.830647468567,380.52502644763274,9.719990253448486,0.0,0.0,0.0,2436.830162118463,868.6909180949716,71.27879500389099,3.2399027347564697,0.0,0.0,0.0,0.0,0.0,0.0,0.0,0.0,0.0,0.0,0.0,0.0,0.0,0.0,0.0,0.0,0.0,0.0,0.0,0.0,0.0,0.0,0.0,0.0,0.0,0.0,0.0,0.0,0.0,0.0,0.0,0.0
"101,171",2509.385220074396,0.0,0.0,0.0,0.0,0.0,0.0,0.0,0.0,0.0,0.0,1885.5352261066437,757.7352357144449,77.75395655632019,3.2396836280822754,0.0,0.0,2335.8583478927612,887.3252938027475,97.19212198257446,3.2396836280822754,0.0,0.0,2460.0366311690386,910.0045302147959,103.6717758178711,3.2396836280822754,0.0,0.0,3361.68133856549,1162.7071209187602,155.50816822052002,3.2396836280822754,0.0,0.0,5713.686730679343,1713.4652135605907,220.30287432670593,6.4794371128082275,0.0,0.0,0.0,0.0,0.0,0.0,0.0,0.0,0.0,0.0,0.0,0.0,0.0,0.0,0.0,0.0,0.0,0.0,0.0,0.0,0.0,0.0,0.0,0.0,0.0,0.0,0.0,0.0,0.0,0.0,0.0,0.0
"102,171",2509.0753966112125,0.0,0.0,0.0,0.0,0.0,0.0,0.0,0.0,0.0,0.0,8481.481194095984,1588.316858729194,233.58192871692134,12.956952095031738,0.0,0.0,10658.872379235658,1828.3761357737524,272.4527568686242,12.956952095031738,0.0,0.0,12378.216266790088,2035.691781945322,324.2810106146569,32.392561197280884,0.0,0.0,16517.32522239872,2472.997397847269,476.5280499327416,45.34988617897034,0.0,0.0,19074.201743747675,2929.7384900523166,521.8782629835839,42.1106116771698,0.0,0.0,0.0,0.0,0.0,0.0,0.0,0.0,0.0,0.0,0.0,0.0,0.0,0.0,0.0,0.0,0.0,0.0,0.0,0.0,0.0,0.0,0.0,0.0,0.0,0.0,0.0,0.0,0.0,0.0,0.0,0.0
"103,171",2508.6108008171054,0.0,0.0,0.0,0.0,0.0,0.0,0.0,0.0,0.0,0.0,55505.518144222326,8801.023035151351,1025.5387801422794,3.239056348800659,0.0,0.0,63122.51470655645,9604.713609254126,1119.4659735455234,6.477467060089111,0.0,0.0,64991.347189651744,9960.960875785117,1151.8543903126438,6.477467060089111,0.0,0.0,67355.24261736401,10304.264714038138,1180.1896169007994,6.477467060089111,0.0,0.0,71950.10985487206,10798.699518108368,1235.245285731671,6.477467060089111,0.0,0.0,0.0,0.0,0.0,0.0,0.0,0.0,0.0,0.0,0.0,0.0,0.0,0.0,0.0,0.0,0.0,0.0,0.0,0.0,0.0,0.0,0.0,0.0,0.0,0.0,0.0,0.0,0.0,0.0,0.0,0.0
"104,171",2507.9915998400975,0.0,0.0,0.0,0.0,0.0,0.0,0.0,0.0,0.0,0.0,33109.87656922153,19872.764098914464,2848.1342269962906,731.7203245162964,427.37320280075073,22.6635525226593,34915.10168283593,21039.233076827666,3020.5473274184205,764.0966284275055,433.8485355377197,22.6635525226593,38656.25298757832,22579.440051334044,3269.859103818033,802.948029756546,459.74984192848206,22.6635525226593,41464.79983635228,23717.320279309326,3458.7269300414064,867.7009737491608,459.7497227191925,22.6635525226593,45656.9961953135,25606.123508069097,3732.318009278353,906.5532855987549,450.0367262363434,9.712977170944214,0.0,0.0,0.0,0.0,0.0,0.0,0.0,0.0,0.0,0.0,0.0,0.0,0.0,0.0,0.0,0.0,0.0,0.0,0.0,0.0,0.0,0.0,0.0,0.0,0.0,0.0,0.0,0.0,0.0,0.0
"105,171",2507.218016325191,0.0,0.0,0.0,0.0,0.0,0.0,0.0,0.0,0.0,0.0,16408.110448224874,4922.490836956922,846.0241279153263,148.91868090629578,48.560901403427124,0.0,17592.491766914667,5262.411026099149,914.0082423238193,152.15606570243835,58.27301812171936,0.0,18357.258565987795,5528.941063934214,994.9418725518619,158.6307408809662,61.510385274887085,0.0,19042.41536044607,5879.64230371363,1074.8101313114166,161.86818742752075,71.22254586219788,0.0,19854.89557658177,6381.439478405784,1188.118769645691,174.81770634651184,84.17199873924255,0.0,0.0,0.0,0.0,0.0,0.0,0.0,0.0,0.0,0.0,0.0,0.0,0.0,0.0,0.0,0.0,0.0,0.0,0.0,0.0,0.0,0.0,0.0,0.0,0.0,0.0,0.0,0.0,0.0,0.0,0.0
"106,171",2506.290328225365,0.0,0.0,0.0,0.0,0.0,0.0,0.0,0.0,0.0,0.0,16870.362120850878,359.1724691390991,25.88618755340576,0.0,3.2358055114746094,0.0,17699.354718635594,349.46495366096497,25.88618755340576,0.0,3.2358055114746094,0.0,18450.0485315968,365.64012813568115,25.885776042938232,0.0,3.2358055114746094,0.0,18896.62386628132,401.23017406463623,25.885776042938232,0.0,3.2358055114746094,0.0,18486.679728656658,339.74758863449097,25.885776042938232,0.0,3.2358055114746094,0.0,0.0,0.0,0.0,0.0,0.0,0.0,0.0,0.0,0.0,0.0,0.0,0.0,0.0,0.0,0.0,0.0,0.0,0.0,0.0,0.0,0.0,0.0,0.0,0.0,0.0,0.0,0.0,0.0,0.0,0.0
"107,171",2043.8226122362487,0.0,0.0,0.0,0.0,0.0,0.0,0.0,0.0,0.0,0.0,10719.07150930704,265.5551187318914,9.436694215325748,0.0,0.0,0.0,12472.762376964794,304.3568550867193,15.904053281335269,0.0,0.0,0.0,12733.564626870435,310.82358854237725,16.169450283050537,0.0,0.0,0.0,13505.890931969996,335.85809838912064,16.169450283050537,0.0,0.0,0.0,14213.838034053875,335.85827052733475,19.40405297279358,0.0,0.0,0.0,0.0,0.0,0.0,0.0,0.0,0.0,0.0,0.0,0.0,0.0,0.0,0.0,0.0,0.0,0.0,0.0,0.0,0.0,0.0,0.0,0.0,0.0,0.0,0.0,0.0,0.0,0.0,0.0,0.0,0.0
"108,171",925.4057942314074,0.0,0.0,0.0,0.0,0.0,0.0,0.0,0.0,0.0,0.0,29433.943545508853,13257.433558020874,1820.0833158493042,181.03626990318298,9.698734045028687,0.0,31413.34261049009,13910.606431456174,1832.7464014081393,171.33712887763977,9.698734045028687,0.0,32360.157709013245,14342.559673168145,1939.4239774732027,168.10355257987976,9.698734045028687,0.0,33191.57077711236,14858.719101265366,2055.812655308667,206.89662718772888,9.698734045028687,0.0,34152.0844889566,15537.656699255402,2240.097470143262,206.89597344398499,9.698734045028687,0.0,0.0,0.0,0.0,0.0,0.0,0.0,0.0,0.0,0.0,0.0,0.0,0.0,0.0,0.0,0.0,0.0,0.0,0.0,0.0,0.0,0.0,0.0,0.0,0.0,0.0,0.0,0.0,0.0,0.0,0.0
"110,171",711.5682063207928,0.0,0.0,0.0,0.0,0.0,0.0,0.0,0.0,0.0,0.0,23273.371569866293,8940.968391958872,858.6056251628726,78.13562507535897,16.140588998794556,0.0,23948.81785042613,9477.357876065198,932.8565218551486,84.59199590589486,19.36886429786682,0.0,24344.330092407676,9830.840818166733,1042.6183076007692,100.01164647738139,19.36886429786682,0.0,24818.429816915475,10148.72359251602,1116.971021453072,106.4680101553599,22.59717059135437,0.0,24385.311883701062,10098.12161359974,1153.4926162065242,100.0109870115916,25.82523512840271,0.0,0.0,0.0,0.0,0.0,0.0,0.0,0.0,0.0,0.0,0.0,0.0,0.0,0.0,0.0,0.0,0.0,0.0,0.0,0.0,0.0,0.0,0.0,0.0,0.0,0.0,0.0,0.0,0.0,0.0,0.0
"111,171",540.8184032607047,0.0,0.0,0.0,0.0,0.0,0.0,0.0,0.0,0.0,0.0,15771.89684921807,4862.9967777944075,740.3602231119194,138.17679276653362,84.93758084353279,19.36307120323181,16010.04346185946,5007.157005485833,759.7238607976951,147.85867061801983,94.61923434313606,22.590267181396484,16063.62098072183,5074.9436852305535,791.9976678464927,144.63093652912212,81.17936505990869,22.590267181396484,16050.330372780445,5081.38356048827,832.8250359207976,151.085082914315,84.40640678125268,22.590267181396484,16018.060195509595,5072.578283867181,816.6896687657226,138.17743292041854,74.72501339631921,25.816988945007324,0.0,0.0,0.0,0.0,0.0,0.0,0.0,0.0,0.0,0.0,0.0,0.0,0.0,0.0,0.0,0.0,0.0,0.0,0.0,0.0,0.0,0.0,0.0,0.0,0.0,0.0,0.0,0.0,0.0,0.0
"116,171",239.1720468648001,0.0,0.0,0.0,0.0,0.0,0.0,0.0,0.0,0.0,0.0,1858.9850148416037,2152.83463995036,834.4543464258605,372.47046972069086,309.3370725267074,168.11792858628667,1957.0717408357887,2257.254119365356,868.7919564050787,388.5377125814849,322.1907474153182,161.69186790971196,1989.2102970777778,2314.3815501942354,910.5649905008429,391.75069642814935,328.61841145683735,164.90541037110722,1988.5845018723435,2307.9521831288057,920.2039646906012,394.96551657471,331.83186093498676,174.54471047906316,1959.1154505916675,2292.430006980896,905.4230701418485,387.128188162224,328.61804929901575,171.33196099786198,0.0,0.0,0.0,0.0,0.0,0.0,0.0,0.0,0.0,0.0,0.0,0.0,0.0,0.0,0.0,0.0,0.0,0.0,0.0,0.0,0.0,0.0,0.0,0.0,0.0,0.0,0.0,0.0,0.0,0.0
"87,172",1917.2435153643612,0.0,0.0,0.0,0.0,0.0,0.0,0.0,0.0,0.0,0.0,161.57940349017872,232.90557935378132,114.44956109009537,9.671790838241577,3.22451114654541,0.0,187.36651930248036,280.1822806451835,121.70540494264341,9.671790838241577,3.22451114654541,0.0,206.70807227527393,338.2071956251182,130.56732378940956,12.895554065704346,6.449848413467407,0.0,242.16622790729298,382.16279162612614,156.35896931629554,19.342641353607178,9.674046754837036,0.0,290.5194555226494,442.59929048126816,178.6578636421877,19.342641353607178,9.674046754837036,0.0,0.0,0.0,0.0,0.0,0.0,0.0,0.0,0.0,0.0,0.0,0.0,0.0,0.0,0.0,0.0,0.0,0.0,0.0,0.0,0.0,0.0,0.0,0.0,0.0,0.0,0.0,0.0,0.0,0.0,0.0
"88,172",2499.4655077922775,0.0,0.0,0.0,0.0,0.0,0.0,0.0,0.0,0.0,0.0,16.133298873901367,0.0,0.0,0.0,0.0,0.0,9.67976713180542,3.226675033569336,0.0,0.0,0.0,0.0,6.453575611114502,0.0,0.0,0.0,0.0,0.0,9.679733514785767,0.0,0.0,0.0,0.0,0.0,6.452542304992676,0.0,0.0,0.0,0.0,0.0,0.0,0.0,0.0,0.0,0.0,0.0,0.0,0.0,0.0,0.0,0.0,0.0,0.0,0.0,0.0,0.0,0.0,0.0,0.0,0.0,0.0,0.0,0.0,0.0,0.0,0.0,0.0,0.0,0.0,0.0
"89,172",2501.1579123182255,0.0,0.0,0.0,0.0,0.0,0.0,0.0,0.0,0.0,0.0,22.601871967315674,0.0,6.4565558433532715,0.0,0.0,0.0,22.601871967315674,0.0,6.4565558433532715,0.0,0.0,0.0,19.373018980026245,0.0,6.4565558433532715,0.0,0.0,0.0,19.373018980026245,0.0,6.4565558433532715,0.0,0.0,0.0,12.915358781814575,3.229750394821167,6.4565558433532715,0.0,0.0,0.0,0.0,0.0,0.0,0.0,0.0,0.0,0.0,0.0,0.0,0.0,0.0,0.0,0.0,0.0,0.0,0.0,0.0,0.0,0.0,0.0,0.0,0.0,0.0,0.0,0.0,0.0,0.0,0.0,0.0,0.0
"90,172",2502.698400873072,0.0,0.0,0.0,0.0,0.0,0.0,0.0,0.0,0.0,0.0,2800.1907487729018,2283.78704383981,450.0369846951728,77.55065536499023,19.38711714744568,0.0,3150.1699801061663,2743.727629649405,533.3323392858692,93.70705795288086,25.849815845489502,0.0,3298.105634017084,2982.1456904149522,601.195250748653,103.40175294876099,25.849815845489502,0.0,3340.1552181673983,3123.6213292673524,756.3030016412922,132.48318457603455,25.849815845489502,0.0,4931.036709185208,3346.9385512856875,824.1666386118122,148.64012694358826,29.08138108253479,0.0,0.0,0.0,0.0,0.0,0.0,0.0,0.0,0.0,0.0,0.0,0.0,0.0,0.0,0.0,0.0,0.0,0.0,0.0,0.0,0.0,0.0,0.0,0.0,0.0,0.0,0.0,0.0,0.0,0.0,0.0
"91,172",2504.086422148559,0.0,0.0,0.0,0.0,0.0,0.0,0.0,0.0,0.0,0.0,9529.883008617513,3056.233679123486,380.5105694630567,43.810326985751885,3.2322306632995605,0.0,10670.617023093093,3599.8149489701964,504.05809321403507,69.6675810140722,6.464493036270142,0.0,12120.40814111747,4182.420631458245,576.9668346208684,98.75928943577935,6.464493036270142,0.0,15404.645158389036,6026.251661544687,1000.4886463445775,166.6511561197393,19.39544916152954,0.0,17921.81291229211,7593.446099644081,1323.940258251452,213.6932286935694,22.62860631942749,0.0,0.0,0.0,0.0,0.0,0.0,0.0,0.0,0.0,0.0,0.0,0.0,0.0,0.0,0.0,0.0,0.0,0.0,0.0,0.0,0.0,0.0,0.0,0.0,0.0,0.0,0.0,0.0,0.0,0.0,0.0
"92,172",2505.3214786273015,0.0,0.0,0.0,0.0,0.0,0.0,0.0,0.0,0.0,0.0,6296.0236418892355,2688.2544530765686,447.4297773669748,69.35890607646867,0.0,0.0,6380.8983757374335,2726.2531169461267,466.83627651438997,66.12491397670671,0.0,0.0,6565.910957647772,2845.9272743271845,503.8522110275194,72.59354214481279,0.0,0.0,7347.998532475677,3264.388514690773,575.004787235634,75.8282888393776,0.0,0.0,8107.33027046989,3540.352804653317,624.9488808800193,86.96515058068668,0.0,0.0,0.0,0.0,0.0,0.0,0.0,0.0,0.0,0.0,0.0,0.0,0.0,0.0,0.0,0.0,0.0,0.0,0.0,0.0,0.0,0.0,0.0,0.0,0.0,0.0,0.0,0.0,0.0,0.0,0.0,0.0
"93,172",2506.4031270030396,0.0,0.0,0.0,0.0,0.0,0.0,0.0,0.0,0.0,0.0,3501.63688471551,1044.4218863290898,222.18865092595416,16.177659511566162,0.0,0.0,3763.0259753227233,1154.4505921644322,215.71861155827838,16.177659511566162,0.0,0.0,4420.677536909253,1364.442007859548,244.84138305981952,16.177659511566162,0.0,0.0,4394.492905517653,1357.984981139501,257.789338906606,19.413737297058105,0.0,0.0,5615.641626390756,1653.2120026831535,290.1516207059224,19.41455388069153,0.0,0.0,0.0,0.0,0.0,0.0,0.0,0.0,0.0,0.0,0.0,0.0,0.0,0.0,0.0,0.0,0.0,0.0,0.0,0.0,0.0,0.0,0.0,0.0,0.0,0.0,0.0,0.0,0.0,0.0,0.0,0.0
"94,172",2507.330978555496,0.0,0.0,0.0,0.0,0.0,0.0,0.0,0.0,0.0,0.0,23666.618662743476,6179.175798627442,1068.1564865785485,129.4782919883728,3.236785888671875,0.0,24787.668744090024,6450.720922375661,1144.2169249431759,135.9516623020172,6.474216938018799,0.0,26919.388638251436,6939.873465010699,1293.1198814289241,165.0842912197113,9.711651802062988,0.0,31594.550071501268,8185.749634776396,1341.6889010560278,178.03269052505493,9.711651802062988,0.0,36984.18006245763,9971.77155298532,1409.6672745835547,194.21802687644958,9.711651802062988,0.0,0.0,0.0,0.0,0.0,0.0,0.0,0.0,0.0,0.0,0.0,0.0,0.0,0.0,0.0,0.0,0.0,0.0,0.0,0.0,0.0,0.0,0.0,0.0,0.0,0.0,0.0,0.0,0.0,0.0,0.0
"95,172",2508.1046994808057,0.0,0.0,0.0,0.0,0.0,0.0,0.0,0.0,0.0,0.0,38500.973269914175,4217.595541691313,197.5106589794159,25.90141248703003,0.0,0.0,41471.95490969209,4551.460318131541,223.41427206993103,25.90141248703003,0.0,0.0,50833.75193262567,5687.166602769553,270.9040036201477,29.139036893844604,0.0,0.0,65871.0773513476,6846.722224551555,346.19063697702745,29.139036893844604,0.0,0.0,73024.80333426794,7583.081607369815,375.3317118728862,25.90150475502014,0.0,0.0,0.0,0.0,0.0,0.0,0.0,0.0,0.0,0.0,0.0,0.0,0.0,0.0,0.0,0.0,0.0,0.0,0.0,0.0,0.0,0.0,0.0,0.0,0.0,0.0,0.0,0.0,0.0,0.0,0.0,0.0
"96,172",2508.7240111741303,0.0,0.0,0.0,0.0,0.0,0.0,0.0,0.0,0.0,0.0,47321.86543833322,11749.49322585966,1337.4094536893508,145.74655985832214,9.716651201248169,0.0,49170.608454038585,12305.921452689638,1379.5167732827804,152.22410368919373,9.716651201248169,0.0,53867.81705007178,13365.79170143464,1487.45772654309,158.70142006874084,9.716651201248169,0.0,59576.30671828214,15131.648791064466,1668.8292737652275,165.17835927009583,9.716651201248169,0.0,63801.45869714606,16683.10572291823,1914.9851098705742,200.80634832382202,12.955494165420532,0.0,0.0,0.0,0.0,0.0,0.0,0.0,0.0,0.0,0.0,0.0,0.0,0.0,0.0,0.0,0.0,0.0,0.0,0.0,0.0,0.0,0.0,0.0,0.0,0.0,0.0,0.0,0.0,0.0,0.0,0.0
"97,172",2509.1886904663825,0.0,0.0,0.0,0.0,0.0,0.0,0.0,0.0,0.0,0.0,13959.638819013859,5163.127077933854,1010.8188039433722,117.32596377578437,3.2392518520355225,0.0,14419.995828536914,5329.7800153741655,1071.4785028466993,133.52274064269722,3.2392518520355225,0.0,15193.840102701563,5517.863785458546,1146.619631618612,136.76208476272285,3.2392518520355225,0.0,17711.057212629505,6178.669041173597,1344.9403934647055,143.24030021873176,3.2392518520355225,0.0,20853.288981936956,7326.37025384716,1587.9761739104401,175.63349227157295,3.2392518520355225,0.0,0.0,0.0,0.0,0.0,0.0,0.0,0.0,0.0,0.0,0.0,0.0,0.0,0.0,0.0,0.0,0.0,0.0,0.0,0.0,0.0,0.0,0.0,0.0,0.0,0.0,0.0,0.0,0.0,0.0,0.0
"98,172",2509.498569814919,0.0,0.0,0.0,0.0,0.0,0.0,0.0,0.0,0.0,0.0,4844.844411381553,1788.5387920127196,353.1343264579773,64.06935985228594,0.0,0.0,4983.765834704567,1761.8058601800133,345.93031985899984,51.11077053687151,0.0,0.0,6293.613512873181,2047.4974923217999,389.8380117220037,54.35057885787066,0.0,0.0,6770.665381864473,2222.4414897049173,424.7502561148475,54.35057885787066,0.0,0.0,7847.885030422023,2576.3836378939013,509.70609949055836,60.829992605658134,0.0,0.0,0.0,0.0,0.0,0.0,0.0,0.0,0.0,0.0,0.0,0.0,0.0,0.0,0.0,0.0,0.0,0.0,0.0,0.0,0.0,0.0,0.0,0.0,0.0,0.0,0.0,0.0,0.0,0.0,0.0,0.0
"99,172",2509.653537444666,0.0,0.0,0.0,0.0,0.0,0.0,0.0,0.0,0.0,0.0,6962.505549138201,1530.0745088493122,250.29052901641995,6.479925632476807,0.0,0.0,7409.620606129778,1662.0997097492218,263.25037908928067,9.71989393234253,0.0,0.0,7801.656531041277,1762.539127588272,272.9703211821762,12.959856271743774,0.0,0.0,8141.854563658846,1977.1914184701209,311.8500599898544,16.199836492538452,0.0,0.0,8900.022223767113,2231.5362727894503,383.1299874819961,25.919782876968384,0.0,0.0,0.0,0.0,0.0,0.0,0.0,0.0,0.0,0.0,0.0,0.0,0.0,0.0,0.0,0.0,0.0,0.0,0.0,0.0,0.0,0.0,0.0,0.0,0.0,0.0,0.0,0.0,0.0,0.0,0.0,0.0
"100,172",2509.6535374446894,0.0,0.0,0.0,0.0,0.0,0.0,0.0,0.0,0.0,0.0,38.87918138504028,3.2399184703826904,0.0,0.0,0.0,0.0,42.11926078796387,3.2399184703826904,0.0,0.0,0.0,0.0,38.879343032836914,3.2399184703826904,0.0,0.0,0.0,0.0,38.87942337989807,3.2399184703826904,0.0,0.0,0.0,0.0,45.35934066772461,3.2399184703826904,0.0,0.0,0.0,0.0,0.0,0.0,0.0,0.0,0.0,0.0,0.0,0.0,0.0,0.0,0.0,0.0,0.0,0.0,0.0,0.0,0.0,0.0,0.0,0.0,0.0,0.0,0.0,0.0,0.0,0.0,0.0,0.0,0.0,0.0
"101,172",2509.49856981492,0.0,0.0,0.0,0.0,0.0,0.0,0.0,0.0,0.0,0.0,106.91015410423279,29.157171964645386,3.239628791809082,3.2396275997161865,0.0,0.0,110.15001630783081,29.157171964645386,3.239628791809082,3.2396275997161865,0.0,0.0,113.3896312713623,29.157171964645386,3.239628791809082,3.2396275997161865,0.0,0.0,103.6698489189148,29.157171964645386,3.239628791809082,3.2396275997161865,0.0,0.0,119.86839866638184,29.157171964645386,3.239628791809082,3.2396275997161865,0.0,0.0,0.0,0.0,0.0,0.0,0.0,0.0,0.0,0.0,0.0,0.0,0.0,0.0,0.0,0.0,0.0,0.0,0.0,0.0,0.0,0.0,0.0,0.0,0.0,0.0,0.0,0.0,0.0,0.0,0.0,0.0
"102,172",2509.1886904664,0.0,0.0,0.0,0.0,0.0,0.0,0.0,0.0,0.0,0.0,195.0237980337704,29.153077840805054,12.95746636390686,0.0,0.0,0.0,263.7573849818286,32.392425775527954,12.95746636390686,0.0,0.0,0.0,403.0433780810412,38.87057900428772,16.196638345718384,0.0,0.0,0.0,2902.1121215988605,129.9224381054149,35.63138771057129,0.0,0.0,0.0,4260.024889169019,321.74362290045786,61.9002680385814,0.0,0.0,0.0,0.0,0.0,0.0,0.0,0.0,0.0,0.0,0.0,0.0,0.0,0.0,0.0,0.0,0.0,0.0,0.0,0.0,0.0,0.0,0.0,0.0,0.0,0.0,0.0,0.0,0.0,0.0,0.0,0.0,0.0
"103,172",2508.7240111741357,0.0,0.0,0.0,0.0,0.0,0.0,0.0,0.0,0.0,0.0,16820.060893170037,2524.555924025704,322.69293557522343,0.0,0.0,0.0,19406.851327683875,2766.6261366619783,377.7503455769782,3.2387161254882812,0.0,0.0,21274.241561811108,2993.3346620812135,400.4212919366126,3.2387161254882812,0.0,0.0,24153.51810087597,3258.200721874424,465.6546585859037,3.2387161254882812,0.0,0.0,30535.780839175808,3904.8689379168495,564.0736957671595,3.2387161254882812,0.0,0.0,0.0,0.0,0.0,0.0,0.0,0.0,0.0,0.0,0.0,0.0,0.0,0.0,0.0,0.0,0.0,0.0,0.0,0.0,0.0,0.0,0.0,0.0,0.0,0.0,0.0,0.0,0.0,0.0,0.0,0.0
"104,172",2508.104699480772,0.0,0.0,0.0,0.0,0.0,0.0,0.0,0.0,0.0,0.0,45667.582197941985,11108.530277426104,954.4110930639154,167.27583503723145,29.138249158859253,0.0,46886.947728739535,10978.200082014122,943.8864404033211,167.27574610710144,29.138249158859253,0.0,47663.88516036856,11059.151440094032,947.1241761516121,154.32539916038513,29.138249158859253,0.0,49437.65965581688,11129.39824283544,970.1450475786246,160.8004355430603,29.138249158859253,0.0,55129.06722246058,12011.520369620417,1033.2913467005187,157.56292629241943,29.138249158859253,0.0,0.0,0.0,0.0,0.0,0.0,0.0,0.0,0.0,0.0,0.0,0.0,0.0,0.0,0.0,0.0,0.0,0.0,0.0,0.0,0.0,0.0,0.0,0.0,0.0,0.0,0.0,0.0,0.0,0.0,0.0
"105,172",2507.330978555548,0.0,0.0,0.0,0.0,0.0,0.0,0.0,0.0,0.0,0.0,17346.74017046386,9654.211024485383,2691.0571690989477,888.0174351944643,459.6904664039612,22.66063666343689,18892.746122277014,11212.868174440722,3357.9005199862463,1130.8004671349245,611.8372962474823,35.60890316963196,21052.64614178433,14187.756178154665,4861.549609318901,1697.3081334843355,930.6960185920491,42.08336400985718,24717.260337929627,17991.689158488254,6311.810872212578,2291.3323975301255,1345.0619362746968,61.505799531936646,27744.785762333402,20447.579994096945,7179.374640599419,2640.9498551583756,1568.4268735801472,67.98014044761658,0.0,0.0,0.0,0.0,0.0,0.0,0.0,0.0,0.0,0.0,0.0,0.0,0.0,0.0,0.0,0.0,0.0,0.0,0.0,0.0,0.0,0.0,0.0,0.0,0.0,0.0,0.0,0.0,0.0,0.0
"106,172",2506.403127002999,0.0,0.0,0.0,0.0,0.0,0.0,0.0,0.0,0.0,0.0,4339.305283793281,249.17593622207642,6.472401142120361,0.0,0.0,0.0,4773.85449236047,249.17575573921204,6.472401142120361,0.0,0.0,0.0,5408.064927160038,262.11795020103455,9.708676815032959,0.0,0.0,0.0,5804.637381146001,280.08754959386937,9.708676815032959,0.0,0.0,0.0,6050.173308805391,283.3231824902927,12.944992065429688,0.0,0.0,0.0,0.0,0.0,0.0,0.0,0.0,0.0,0.0,0.0,0.0,0.0,0.0,0.0,0.0,0.0,0.0,0.0,0.0,0.0,0.0,0.0,0.0,0.0,0.0,0.0,0.0,0.0,0.0,0.0,0.0,0.0
"107,172",682.3404882027141,0.0,0.0,0.0,0.0,0.0,0.0,0.0,0.0,0.0,0.0,353.7880758930655,7.370296424977919,3.2348430156707764,0.0,0.0,0.0,368.3373552537432,7.370296424977919,3.2348430156707764,0.0,0.0,0.0,374.80697309737116,4.1354689065147845,0.0,0.0,0.0,0.0,380.8671797107248,4.1354689065147845,0.0,0.0,0.0,0.0,406.8343128241745,7.370316928975722,0.0,0.0,0.0,0.0,0.0,0.0,0.0,0.0,0.0,0.0,0.0,0.0,0.0,0.0,0.0,0.0,0.0,0.0,0.0,0.0,0.0,0.0,0.0,0.0,0.0,0.0,0.0,0.0,0.0,0.0,0.0,0.0,0.0,0.0
"108,172",133.84368572155435,0.0,0.0,0.0,0.0,0.0,0.0,0.0,0.0,0.0,0.0,27.211104878257302,3.2332847118377686,0.0,0.0,0.0,0.0,26.627860556396783,0.0,0.0,0.0,0.0,0.0,23.394342194351495,3.2333202362060547,0.0,0.0,0.0,0.0,26.62784315184051,3.2333202362060547,0.0,0.0,0.0,0.0,30.964315491096645,3.2333202362060547,0.0,0.0,0.0,0.0,0.0,0.0,0.0,0.0,0.0,0.0,0.0,0.0,0.0,0.0,0.0,0.0,0.0,0.0,0.0,0.0,0.0,0.0,0.0,0.0,0.0,0.0,0.0,0.0,0.0,0.0,0.0,0.0,0.0,0.0
"86,173",342.53312492115595,0.0,0.0,0.0,0.0,0.0,0.0,0.0,0.0,0.0,0.0,0.0,0.0,0.0,0.0,0.0,0.0,0.0,0.0,0.0,0.0,0.0,0.0,0.0,0.0,0.0,0.0,0.0,0.0,0.0,0.0,0.0,0.0,0.0,0.0,0.0,0.0,0.0,0.0,0.0,0.0,0.0,0.0,0.0,0.0,0.0,0.0,0.0,0.0,0.0,0.0,0.0,0.0,0.0,0.0,0.0,0.0,0.0,0.0,0.0,0.0,0.0,0.0,0.0,0.0,0.0,0.0,0.0,0.0,0.0,0.0
"87,173",2472.245641524047,0.0,0.0,0.0,0.0,0.0,0.0,0.0,0.0,0.0,0.0,164.4128077030182,228.89146971702576,29.018614053726196,0.0,0.0,0.0,164.4128077030182,232.11634373664856,29.018614053726196,0.0,0.0,0.0,157.96605968475342,193.4334306716919,29.018614053726196,0.0,0.0,0.0,83.82689023017883,116.06849956512451,29.018614053726196,0.0,0.0,0.0,106.39297914505005,128.96394848823547,22.57016134262085,0.0,0.0,0.0,0.0,0.0,0.0,0.0,0.0,0.0,0.0,0.0,0.0,0.0,0.0,0.0,0.0,0.0,0.0,0.0,0.0,0.0,0.0,0.0,0.0,0.0,0.0,0.0,0.0,0.0,0.0,0.0,0.0,0.0
"88,173",2499.573399263944,0.0,0.0,0.0,0.0,0.0,0.0,0.0,0.0,0.0,0.0,428.32756692287967,568.730796921487,202.47886286062354,67.77229857444763,32.275038957595825,12.91032338142395,458.5749060873892,587.2683614282048,212.15937886518591,70.99882388114929,32.275038957595825,12.91032338142395,552.1634626154806,683.2642268620286,254.11447224897498,83.90873908996582,51.63999581336975,29.047904014587402,758.704690433016,973.7065385182698,360.6105915097629,109.72850179672241,83.91219973564148,41.95824337005615,932.9776999716664,1106.0207625230153,430.4047006018022,135.54481172561646,112.96001744270325,58.096879959106445,0.0,0.0,0.0,0.0,0.0,0.0,0.0,0.0,0.0,0.0,0.0,0.0,0.0,0.0,0.0,0.0,0.0,0.0,0.0,0.0,0.0,0.0,0.0,0.0,0.0,0.0,0.0,0.0,0.0,0.0
"89,173",2501.266074215998,0.0,0.0,0.0,0.0,0.0,0.0,0.0,0.0,0.0,0.0,909.0039457900851,1800.853926808226,684.644629240036,222.8286554813385,161.45844054222107,12.916373491287231,967.1314191444247,1900.966212899077,739.5461523532867,226.05641913414001,184.06341791152954,9.687309980392456,1071.6708070109871,2034.57089954264,797.673903465271,271.2669982910156,200.20898461341858,12.916440725326538,1567.3767361827925,2474.9864567214368,939.7721416950226,297.10304403305054,229.27258586883545,12.916440725326538,2560.1109616195454,3720.842162922317,1217.5131242275238,375.81144251075443,271.25385212898254,12.916440725326538,0.0,0.0,0.0,0.0,0.0,0.0,0.0,0.0,0.0,0.0,0.0,0.0,0.0,0.0,0.0,0.0,0.0,0.0,0.0,0.0,0.0,0.0,0.0,0.0,0.0,0.0,0.0,0.0,0.0,0.0
"90,173",2502.8068128980112,0.0,0.0,0.0,0.0,0.0,0.0,0.0,0.0,0.0,0.0,5148.738291215896,2798.545468199487,382.15341521618416,71.08496880531311,12.921514987945557,0.0,6092.737335054548,3467.0392685843444,462.93099953053047,106.62612104415894,19.38364315032959,0.0,7426.240366431777,4536.254309357848,595.4169006478553,145.39903950691223,29.076478481292725,0.0,9634.599618958491,6467.051619942982,1036.0916181302537,193.86728763580322,45.23169422149658,0.0,14234.922096980787,9550.374114549862,1607.9960985875598,326.3395736217499,58.153037548065186,0.0,0.0,0.0,0.0,0.0,0.0,0.0,0.0,0.0,0.0,0.0,0.0,0.0,0.0,0.0,0.0,0.0,0.0,0.0,0.0,0.0,0.0,0.0,0.0,0.0,0.0,0.0,0.0,0.0,0.0,0.0
"91,173",2504.195062801597,0.0,0.0,0.0,0.0,0.0,0.0,0.0,0.0,0.0,0.0,5763.41520617616,4425.562660085454,752.2411300042097,122.831134557724,9.696893453598022,0.0,6634.503340067585,5172.225115098206,823.354300627989,126.06352424621582,9.696893453598022,0.0,7637.671942687503,5772.210593300239,873.0476885711446,148.69306087493896,12.930174589157104,0.0,9784.353636547165,7095.8667015889105,1053.2530369786655,174.5545494556427,16.16322422027588,0.0,12905.407819165435,9173.851036012875,1371.643297546985,203.64561438560486,29.092746019363403,0.0,0.0,0.0,0.0,0.0,0.0,0.0,0.0,0.0,0.0,0.0,0.0,0.0,0.0,0.0,0.0,0.0,0.0,0.0,0.0,0.0,0.0,0.0,0.0,0.0,0.0,0.0,0.0,0.0,0.0,0.0
"92,173",2505.4303253169187,0.0,0.0,0.0,0.0,0.0,0.0,0.0,0.0,0.0,0.0,203.78911709785461,148.79272437095642,25.875463008880615,6.469166040420532,0.0,0.0,219.96269011497498,161.73024582862854,25.875463008880615,6.469166040420532,0.0,0.0,265.2473478317261,171.4339554309845,29.110965251922607,6.469166040420532,0.0,0.0,584.5974598164652,246.2174539753035,38.81557536125183,16.174059867858887,0.0,0.0,1235.9396949422126,773.429283876045,109.9714081287384,32.34716272354126,3.233997344970703,0.0,0.0,0.0,0.0,0.0,0.0,0.0,0.0,0.0,0.0,0.0,0.0,0.0,0.0,0.0,0.0,0.0,0.0,0.0,0.0,0.0,0.0,0.0,0.0,0.0,0.0,0.0,0.0,0.0,0.0,0.0
"93,173",2506.5121561572005,0.0,0.0,0.0,0.0,0.0,0.0,0.0,0.0,0.0,0.0,1755.1474786711674,1060.4153111055784,217.17141296255824,22.651055812835693,3.2362778186798096,0.0,1836.039279313181,1221.8641662494808,246.2980013071322,25.88650155067444,3.2362778186798096,0.0,1843.6978920786987,1283.3407947914272,270.15562233644374,29.123310089111328,3.2362778186798096,0.0,2036.1591915775748,1376.8067235666163,308.9809742899502,29.123310089111328,3.2362778186798096,0.0,4964.348133318097,2385.056471745173,536.6886188320085,71.18879079818726,3.2362778186798096,0.0,0.0,0.0,0.0,0.0,0.0,0.0,0.0,0.0,0.0,0.0,0.0,0.0,0.0,0.0,0.0,0.0,0.0,0.0,0.0,0.0,0.0,0.0,0.0,0.0,0.0,0.0,0.0,0.0,0.0,0.0
"94,173",2507.4401657372155,0.0,0.0,0.0,0.0,0.0,0.0,0.0,0.0,0.0,0.0,10625.436675589692,4279.842215383754,902.7223544616326,229.82204151153564,55.02761173248291,0.0,10582.04649084409,4420.062750337638,920.5160408216365,226.585125207901,58.264071226119995,0.0,10821.552609380085,4475.075459955253,926.9906003671534,246.00577664375305,58.264071226119995,0.0,11491.967105983284,4664.021885334277,977.165302326165,258.95293164253235,55.02775740623474,0.0,12960.051704855527,5013.625172898348,1012.7702954310997,258.95357513427734,51.79088640213013,0.0,0.0,0.0,0.0,0.0,0.0,0.0,0.0,0.0,0.0,0.0,0.0,0.0,0.0,0.0,0.0,0.0,0.0,0.0,0.0,0.0,0.0,0.0,0.0,0.0,0.0,0.0,0.0,0.0,0.0,0.0
"95,173",2508.2140195054135,0.0,0.0,0.0,0.0,0.0,0.0,0.0,0.0,0.0,0.0,16527.526268970265,3641.189629272386,378.83595085144043,29.141350030899048,0.0,0.0,16713.94073194616,3661.9489097632613,382.0759460926056,32.3789496421814,0.0,0.0,17959.977299248,4029.471070063348,417.69623589515686,32.3789496421814,0.0,0.0,24914.77470979971,5185.7213172080465,485.69586181640625,35.61776852607727,0.0,0.0,33294.23223821416,6658.836457290836,582.8342053890228,38.85593032836914,0.0,0.0,0.0,0.0,0.0,0.0,0.0,0.0,0.0,0.0,0.0,0.0,0.0,0.0,0.0,0.0,0.0,0.0,0.0,0.0,0.0,0.0,0.0,0.0,0.0,0.0,0.0,0.0,0.0,0.0,0.0,0.0
"96,173",2508.8334382307294,0.0,0.0,0.0,0.0,0.0,0.0,0.0,0.0,0.0,0.0,41179.48074713501,7743.065842521891,1256.4107151620528,97.16886734962463,3.2390034198760986,0.0,45731.59979769949,8465.536658834943,1349.9692672402252,103.64685201644897,6.477673768997192,0.0,50758.04090951753,8963.485081014443,1432.3766517807455,103.64685201644897,6.477673768997192,0.0,56471.02777102135,9767.789865080513,1513.3492331673117,113.36376357078552,6.478015899658203,0.0,63297.687306535954,10982.641846161261,1667.0115849205092,129.55899238586426,6.478015899658203,0.0,0.0,0.0,0.0,0.0,0.0,0.0,0.0,0.0,0.0,0.0,0.0,0.0,0.0,0.0,0.0,0.0,0.0,0.0,0.0,0.0,0.0,0.0,0.0,0.0,0.0,0.0,0.0,0.0,0.0,0.0
"97,173",2509.2981982400906,0.0,0.0,0.0,0.0,0.0,0.0,0.0,0.0,0.0,0.0,20445.346944734163,7007.8296758810675,1579.2595770826526,259.1286035715365,9.717840909957886,0.0,22528.238087579317,7505.229771077399,1668.68723988907,275.32523857939475,9.717840909957886,0.0,24671.937804128607,7901.2100368602605,1761.17731831027,278.56466280806296,6.4786951541900635,0.0,27370.75457262058,8356.494128845252,1887.5124563927743,294.7608863054537,12.957799911499023,0.0,30071.253691503112,8857.92351848004,2009.1557962370853,346.5888127027773,16.196902990341187,0.0,0.0,0.0,0.0,0.0,0.0,0.0,0.0,0.0,0.0,0.0,0.0,0.0,0.0,0.0,0.0,0.0,0.0,0.0,0.0,0.0,0.0,0.0,0.0,0.0,0.0,0.0,0.0,0.0,0.0,0.0
"98,173",2509.6081316113905,0.0,0.0,0.0,0.0,0.0,0.0,0.0,0.0,0.0,0.0,1543.3551823485132,259.18180871009827,97.19339370727539,6.479590654373169,0.0,0.0,1455.8807253229852,230.0237901210785,90.7141969203949,6.4795215129852295,0.0,0.0,1429.9641310560937,249.463529586792,84.23477363586426,9.719295501708984,0.0,0.0,1706.5591353762384,289.548461970161,103.6736249923706,12.959146976470947,0.0,0.0,1823.1928305018182,328.42569619066575,119.87268614768982,12.959146976470947,0.0,0.0,0.0,0.0,0.0,0.0,0.0,0.0,0.0,0.0,0.0,0.0,0.0,0.0,0.0,0.0,0.0,0.0,0.0,0.0,0.0,0.0,0.0,0.0,0.0,0.0,0.0,0.0,0.0,0.0,0.0,0.0
"99,173",2509.7631263161334,0.0,0.0,0.0,0.0,0.0,0.0,0.0,0.0,0.0,0.0,6306.438347032024,1195.551781654358,197.63893103599548,9.719916343688965,0.0,0.0,5885.2424692415725,1090.2463895629435,194.3989565372467,9.719916343688965,0.0,0.0,5768.603243281795,1048.1267494510203,178.1990566253662,9.719916343688965,0.0,0.0,5865.801669766856,1012.4868408988505,168.4790802001953,9.719916343688965,0.0,0.0,6157.397822310878,1057.8462714503794,184.67889857292175,9.719916343688965,0.0,0.0,0.0,0.0,0.0,0.0,0.0,0.0,0.0,0.0,0.0,0.0,0.0,0.0,0.0,0.0,0.0,0.0,0.0,0.0,0.0,0.0,0.0,0.0,0.0,0.0,0.0,0.0,0.0,0.0,0.0,0.0
"100,173",2509.7631263161597,0.0,0.0,0.0,0.0,0.0,0.0,0.0,0.0,0.0,0.0,106.91795182228088,22.679508447647095,0.0,0.0,0.0,0.0,106.91793441772461,22.679508447647095,0.0,0.0,0.0,0.0,80.99809551239014,25.919428825378418,0.0,0.0,0.0,0.0,64.79854893684387,29.159427404403687,0.0,0.0,0.0,0.0,55.078741788864136,25.919492483139038,0.0,0.0,0.0,0.0,0.0,0.0,0.0,0.0,0.0,0.0,0.0,0.0,0.0,0.0,0.0,0.0,0.0,0.0,0.0,0.0,0.0,0.0,0.0,0.0,0.0,0.0,0.0,0.0,0.0,0.0,0.0,0.0,0.0,0.0
"101,173",2509.608131611422,0.0,0.0,0.0,0.0,0.0,0.0,0.0,0.0,0.0,0.0,491.2991674647612,69.10230285139644,0.0,0.0,0.0,0.0,678.0916685609257,83.1275883955114,0.0,0.0,0.0,0.0,697.5290834454929,70.16813075963188,0.0,0.0,0.0,0.0,592.7937830812791,52.902685703950766,0.0,0.0,0.0,0.0,638.1501618749955,56.1424177310046,0.0,0.0,0.0,0.0,0.0,0.0,0.0,0.0,0.0,0.0,0.0,0.0,0.0,0.0,0.0,0.0,0.0,0.0,0.0,0.0,0.0,0.0,0.0,0.0,0.0,0.0,0.0,0.0,0.0,0.0,0.0,0.0,0.0,0.0
"102,173",2509.2981982401016,0.0,0.0,0.0,0.0,0.0,0.0,0.0,0.0,0.0,0.0,10626.356168270111,682.4440808296204,110.1414692401886,0.0,0.0,0.0,18164.502281525558,934.0318624973297,119.85992217063904,0.0,0.0,0.0,20138.00630027173,1040.1066821603213,139.2967004776001,0.0,0.0,0.0,21334.6674736425,1132.9532806676975,152.25378823280334,0.0,0.0,0.0,23744.734396531534,1288.4436855119818,187.88727045059204,0.0,0.0,0.0,0.0,0.0,0.0,0.0,0.0,0.0,0.0,0.0,0.0,0.0,0.0,0.0,0.0,0.0,0.0,0.0,0.0,0.0,0.0,0.0,0.0,0.0,0.0,0.0,0.0,0.0,0.0,0.0,0.0,0.0
"103,173",2508.8334382307003,0.0,0.0,0.0,0.0,0.0,0.0,0.0,0.0,0.0,0.0,29019.259731277773,3217.875624643588,228.31454973594816,12.954948902130127,0.0,0.0,34910.38931924129,3489.9164800054887,280.13508038894804,12.954948902130127,0.0,0.0,42427.310934815694,3628.4707106431324,286.61234193222197,12.954948902130127,0.0,0.0,47954.74457772106,3863.835080630172,299.56806593315275,12.954948902130127,0.0,0.0,57589.88745620766,4581.07014762841,408.06451377307667,12.954948902130127,0.0,0.0,0.0,0.0,0.0,0.0,0.0,0.0,0.0,0.0,0.0,0.0,0.0,0.0,0.0,0.0,0.0,0.0,0.0,0.0,0.0,0.0,0.0,0.0,0.0,0.0,0.0,0.0,0.0,0.0,0.0,0.0
"104,173",2508.214019505396,0.0,0.0,0.0,0.0,0.0,0.0,0.0,0.0,0.0,0.0,30019.032246849587,6244.0744609589665,783.5316886901855,185.62318317095438,43.16686669985453,0.0,29894.781383376965,6451.265162205228,818.0632880528767,195.33568159739175,46.404400984446205,0.0,31367.197285858794,7042.306389144824,847.3288591889773,210.44445323944092,52.879480044047035,0.0,32035.23701098293,7149.1268699683405,847.3283918885622,213.68219375610352,52.879480044047035,0.0,35471.24154620544,7596.457263988606,847.3267723111544,210.44468474388123,49.64196006457011,0.0,0.0,0.0,0.0,0.0,0.0,0.0,0.0,0.0,0.0,0.0,0.0,0.0,0.0,0.0,0.0,0.0,0.0,0.0,0.0,0.0,0.0,0.0,0.0,0.0,0.0,0.0,0.0,0.0,0.0,0.0
"105,173",2507.4401657372136,0.0,0.0,0.0,0.0,0.0,0.0,0.0,0.0,0.0,0.0,44131.12790363068,19611.025106299163,6554.918439397626,2464.7088974186017,1638.000875333711,313.973703622818,45745.11233553512,20590.278184923474,7064.231461410897,2668.65633279763,1686.5581937827315,310.7368953227997,46060.96499204168,21000.63918696946,7232.006531235752,2731.2281977560006,1735.5199025939494,317.2106132507324,46854.05430803205,21592.200303173067,7536.303754088459,2925.86498207111,1800.2611025641947,323.68426990509033,47475.7371986146,21947.41501960474,7597.813086983738,2987.3722431089363,1819.6844350169688,323.68426990509033,0.0,0.0,0.0,0.0,0.0,0.0,0.0,0.0,0.0,0.0,0.0,0.0,0.0,0.0,0.0,0.0,0.0,0.0,0.0,0.0,0.0,0.0,0.0,0.0,0.0,0.0,0.0,0.0,0.0,0.0
"106,173",2506.5121561571905,0.0,0.0,0.0,0.0,0.0,0.0,0.0,0.0,0.0,0.0,3005.901078003528,455.1991697030909,55.017592430114746,0.0,0.0,0.0,3481.3893162166373,487.5631797986872,55.017592430114746,0.0,0.0,0.0,4048.947774325166,522.8187233476078,51.78123378753662,0.0,0.0,0.0,4735.043514775296,535.7684425382054,55.01752710342407,6.4726479053497314,0.0,0.0,5916.436982805588,584.3133186368382,58.253443241119385,6.4726479053497314,0.0,0.0,0.0,0.0,0.0,0.0,0.0,0.0,0.0,0.0,0.0,0.0,0.0,0.0,0.0,0.0,0.0,0.0,0.0,0.0,0.0,0.0,0.0,0.0,0.0,0.0,0.0,0.0,0.0,0.0,0.0,0.0
"107,173",608.8394403348642,0.0,0.0,0.0,0.0,0.0,0.0,0.0,0.0,0.0,0.0,600.9318574522056,33.552966103834265,3.2347700595855713,0.0,0.0,0.0,611.5754320780436,43.257240042966956,3.2347700595855713,0.0,0.0,0.0,611.5763657251994,45.28692150115967,3.2347700595855713,0.0,0.0,0.0,593.7786634314293,45.286988973617554,3.2347700595855713,0.0,0.0,0.0,694.0599511015648,42.05212068557739,3.2347700595855713,0.0,0.0,0.0,0.0,0.0,0.0,0.0,0.0,0.0,0.0,0.0,0.0,0.0,0.0,0.0,0.0,0.0,0.0,0.0,0.0,0.0,0.0,0.0,0.0,0.0,0.0,0.0,0.0,0.0,0.0,0.0,0.0,0.0
"86,174",266.66828559873045,0.0,0.0,0.0,0.0,0.0,0.0,0.0,0.0,0.0,0.0,0.0,0.0,0.0,0.0,0.0,0.0,0.0,0.0,0.0,0.0,0.0,0.0,0.0,0.0,0.0,0.0,0.0,0.0,0.0,0.0,0.0,0.0,0.0,0.0,0.0,0.0,0.0,0.0,0.0,0.0,0.0,0.0,0.0,0.0,0.0,0.0,0.0,0.0,0.0,0.0,0.0,0.0,0.0,0.0,0.0,0.0,0.0,0.0,0.0,0.0,0.0,0.0,0.0,0.0,0.0,0.0,0.0,0.0,0.0,0.0
"87,174",2496.0627827224953,0.0,0.0,0.0,0.0,0.0,0.0,0.0,0.0,0.0,0.0,0.0,0.0,0.0,0.0,0.0,0.0,0.0,0.0,0.0,0.0,0.0,0.0,0.0,0.0,0.0,0.0,0.0,0.0,0.0,0.0,0.0,0.0,0.0,0.0,0.0,0.0,0.0,0.0,0.0,0.0,0.0,0.0,0.0,0.0,0.0,0.0,0.0,0.0,0.0,0.0,0.0,0.0,0.0,0.0,0.0,0.0,0.0,0.0,0.0,0.0,0.0,0.0,0.0,0.0,0.0,0.0,0.0,0.0,0.0,0.0
"88,174",2499.6775323724173,0.0,0.0,0.0,0.0,0.0,0.0,0.0,0.0,0.0,0.0,4181.719342899321,4733.717201861213,1297.1896581004646,423.92960431622527,217.685506512137,19.365015506744385,4507.538015618044,5058.709008101856,1377.8785545180824,469.8358451020484,237.45581062167298,19.365015506744385,4929.278741070803,5575.56713051796,1539.9738826415116,508.5660146367316,272.95860560267585,19.364999294281006,6025.505423562666,6477.550416035747,1701.348812784868,589.2536698472265,340.7370303425135,19.365079879760742,6955.403431499705,7150.2979140543475,1826.647866375306,653.0838742499258,366.55734117358344,19.365079879760742,0.0,0.0,0.0,0.0,0.0,0.0,0.0,0.0,0.0,0.0,0.0,0.0,0.0,0.0,0.0,0.0,0.0,0.0,0.0,0.0,0.0,0.0,0.0,0.0,0.0,0.0,0.0,0.0,0.0,0.0
"89,174",2501.3704684897602,0.0,0.0,0.0,0.0,0.0,0.0,0.0,0.0,0.0,0.0,15712.962234580284,21010.20734505186,6978.506583126853,1857.9310141497967,987.01785753942,90.40810632705688,16946.295900605706,22485.688066450755,7646.503865572985,2073.944877316905,1158.146858441596,122.69208455085754,18762.955617578355,24721.350084560057,8496.198456810034,2352.4372152665082,1394.2584820401435,148.52351713180542,21864.0059117766,28345.31851724737,9700.639653490103,2769.7767107860714,1613.8247805249457,164.6699652671814,24627.30879704812,30884.760842869327,10726.01067626149,3143.8404971721125,1856.4091398921666,180.8157114982605,0.0,0.0,0.0,0.0,0.0,0.0,0.0,0.0,0.0,0.0,0.0,0.0,0.0,0.0,0.0,0.0,0.0,0.0,0.0,0.0,0.0,0.0,0.0,0.0,0.0,0.0,0.0,0.0,0.0,0.0
"90,174",2502.911448709993,0.0,0.0,0.0,0.0,0.0,0.0,0.0,0.0,0.0,0.0,11983.755803186754,6634.945310506633,875.9544196886175,291.1687043582692,181.72549158732096,9.69216012954712,15878.376782951169,8935.519721891365,1373.859491923276,413.92858394735003,230.18173557917277,9.69216012954712,21464.455852921805,12725.023410173491,2175.0331851977926,743.4467054282918,378.7879193464915,9.69216012954712,27259.83066419807,16176.532848173028,3120.770910772623,1098.8038414394155,563.3391129138423,9.69216012954712,31295.478770271937,18605.887702986773,3877.930005289527,1379.8658934509053,676.4098986747218,19.38425636291504,0.0,0.0,0.0,0.0,0.0,0.0,0.0,0.0,0.0,0.0,0.0,0.0,0.0,0.0,0.0,0.0,0.0,0.0,0.0,0.0,0.0,0.0,0.0,0.0,0.0,0.0,0.0,0.0,0.0,0.0
"91,174",2504.2999193717874,0.0,0.0,0.0,0.0,0.0,0.0,0.0,0.0,0.0,0.0,16259.529105862452,10858.655902247338,1161.7704740561692,227.08404497258803,191.11205805797204,19.392463445663452,18104.600124787346,12213.770439389173,1223.2229407824723,201.23053244702956,165.25706256885155,19.39354181289673,21726.77923674957,14633.250729044748,1534.569124509774,243.66566134808113,162.02512086886986,22.62550377845764,24553.12158115705,16548.890786968495,1755.2208767404743,281.0147012869517,155.55827774066552,29.089382648468018,29292.765908677902,19475.143610684077,2074.5940635185616,329.50867597262067,155.55703510303124,29.089382648468018,0.0,0.0,0.0,0.0,0.0,0.0,0.0,0.0,0.0,0.0,0.0,0.0,0.0,0.0,0.0,0.0,0.0,0.0,0.0,0.0,0.0,0.0,0.0,0.0,0.0,0.0,0.0,0.0,0.0,0.0
"92,174",2505.5353808163923,0.0,0.0,0.0,0.0,0.0,0.0,0.0,0.0,0.0,0.0,13102.295381465614,9202.149461696661,1246.4892298576879,154.15764368562137,6.4690773487091064,0.0,16309.358329198874,11426.876358664269,1545.2781810760498,228.5505911210004,19.40656089782715,0.0,19625.305642559946,13873.365351449744,1844.2764349713045,315.87748945741095,29.108417987823486,0.0,23782.80379063101,16850.789690126156,2358.9529305626365,382.4098310358384,48.51416230201721,0.0,30937.576116159853,21843.652191905418,3000.8164664866877,472.9679884798387,77.62162256240845,0.0,0.0,0.0,0.0,0.0,0.0,0.0,0.0,0.0,0.0,0.0,0.0,0.0,0.0,0.0,0.0,0.0,0.0,0.0,0.0,0.0,0.0,0.0,0.0,0.0,0.0,0.0,0.0,0.0,0.0,0.0
"93,174",2506.617387815518,0.0,0.0,0.0,0.0,0.0,0.0,0.0,0.0,0.0,0.0,12290.985551771462,10302.414696362439,1419.2926760514579,208.1640293598175,35.58822298049927,0.0,13795.230862776438,11284.616344390195,1590.7956176598868,237.28933310508728,38.82547903060913,0.0,15886.969755906684,12598.06683764738,1913.1661310008928,279.3559284210205,48.533153772354126,0.0,19488.38175736035,15042.320601050991,2292.163204535316,350.5442099571228,48.53415513038635,0.0,24389.58594062282,18783.400771868462,2915.8544828527115,450.85586762428284,51.770962953567505,0.0,0.0,0.0,0.0,0.0,0.0,0.0,0.0,0.0,0.0,0.0,0.0,0.0,0.0,0.0,0.0,0.0,0.0,0.0,0.0,0.0,0.0,0.0,0.0,0.0,0.0,0.0,0.0,0.0,0.0,0.0
"94,174",2507.5455499532845,0.0,0.0,0.0,0.0,0.0,0.0,0.0,0.0,0.0,0.0,10224.782366474936,4342.046851764006,750.9557328224182,93.8702712059021,6.473122835159302,0.0,10243.839174667059,4384.118569503111,738.0075707435608,97.10673928260803,6.473122835159302,0.0,11801.53983257331,4944.11326397447,767.1415677070618,110.05411982536316,6.473122835159302,0.0,12944.511196542253,5308.667448071872,809.2200613021851,106.81754231452942,6.473122835159302,0.0,13359.624140247643,5623.282585550757,903.0796535015106,132.7110493183136,12.946135759353638,0.0,0.0,0.0,0.0,0.0,0.0,0.0,0.0,0.0,0.0,0.0,0.0,0.0,0.0,0.0,0.0,0.0,0.0,0.0,0.0,0.0,0.0,0.0,0.0,0.0,0.0,0.0,0.0,0.0,0.0,0.0
"95,174",2508.3195319603815,0.0,0.0,0.0,0.0,0.0,0.0,0.0,0.0,0.0,0.0,4071.0871342677697,792.722761965733,139.21619629859924,29.138549089431763,6.476341724395752,0.0,5733.068328584409,978.9317822708804,148.93125557899475,29.138549089431763,6.476341724395752,0.0,5821.781769715104,1053.416066910239,148.93305683135986,22.663371562957764,6.476341724395752,0.0,7264.706783951966,1365.5205126874587,174.84073877334595,22.663371562957764,6.476341724395752,0.0,9678.935566933014,1553.326714145436,200.74473786354065,22.663371562957764,6.476341724395752,0.0,0.0,0.0,0.0,0.0,0.0,0.0,0.0,0.0,0.0,0.0,0.0,0.0,0.0,0.0,0.0,0.0,0.0,0.0,0.0,0.0,0.0,0.0,0.0,0.0,0.0,0.0,0.0,0.0,0.0,0.0
"96,174",2508.939054004233,0.0,0.0,0.0,0.0,0.0,0.0,0.0,0.0,0.0,0.0,12509.876692996304,4615.095826645458,486.0492965296203,71.25569939613342,0.0,0.0,14584.934823862712,5559.870464036045,586.455681474536,74.49499678611755,0.0,0.0,16214.744523983376,6205.604526222453,712.7701012209351,93.92830991744995,0.0,0.0,18823.872566309165,6805.3775128804,819.6540114000732,93.92823433876038,0.0,0.0,22434.166828321013,8046.268159873814,1030.1830345705444,136.03440380096436,3.238701581954956,0.0,0.0,0.0,0.0,0.0,0.0,0.0,0.0,0.0,0.0,0.0,0.0,0.0,0.0,0.0,0.0,0.0,0.0,0.0,0.0,0.0,0.0,0.0,0.0,0.0,0.0,0.0,0.0,0.0,0.0,0.0
"97,174",2509.4038919280356,0.0,0.0,0.0,0.0,0.0,0.0,0.0,0.0,0.0,0.0,13226.03054461853,3592.1231041496876,726.3143893064237,119.85440802574158,3.2395036220550537,0.0,13924.695015375286,3647.5368514687407,726.3140228570676,116.615549325943,3.2395036220550537,0.0,14812.085211192858,3787.6294284521364,765.1866370023465,123.09415459632874,3.2395036220550537,0.0,16239.784332259494,4034.888597837149,849.004763505038,136.05139422416687,6.4788689613342285,0.0,18214.749921163857,4585.317834372613,994.7792610140407,155.4873275756836,6.4788689613342285,0.0,0.0,0.0,0.0,0.0,0.0,0.0,0.0,0.0,0.0,0.0,0.0,0.0,0.0,0.0,0.0,0.0,0.0,0.0,0.0,0.0,0.0,0.0,0.0,0.0,0.0,0.0,0.0,0.0,0.0,0.0
"98,174",2509.713877445321,0.0,0.0,0.0,0.0,0.0,0.0,0.0,0.0,0.0,0.0,7760.9368561997135,2141.1058742644736,380.1112963956945,22.67763090133667,0.0,0.0,9160.11412030108,2411.7939821392883,412.5088360113256,55.07549500465393,0.0,0.0,9787.1674010389,2508.171342897415,444.905895690357,55.07549500465393,0.0,0.0,11804.590383678325,2896.440502985786,535.6186742586249,68.034672498703,0.0,0.0,14657.689768185335,3503.3396604902605,655.4899730486029,90.71292662620544,0.0,0.0,0.0,0.0,0.0,0.0,0.0,0.0,0.0,0.0,0.0,0.0,0.0,0.0,0.0,0.0,0.0,0.0,0.0,0.0,0.0,0.0,0.0,0.0,0.0,0.0,0.0,0.0,0.0,0.0,0.0,0.0
"99,174",2509.8688982840245,0.0,0.0,0.0,0.0,0.0,0.0,0.0,0.0,0.0,0.0,2467.628210537106,706.7134163043079,139.7243435644636,16.199639320373535,0.0,0.0,2778.666568510205,768.2725448271808,159.16411640877817,19.439568519592285,0.0,0.0,2986.432204006232,846.0316631457385,165.64396383996103,19.439568519592285,0.0,0.0,4366.653507707633,1056.6286477706012,201.28352787728403,22.679513454437256,0.0,0.0,6414.731257700452,1401.2839726476109,246.64289930100534,42.11916780471802,0.0,0.0,0.0,0.0,0.0,0.0,0.0,0.0,0.0,0.0,0.0,0.0,0.0,0.0,0.0,0.0,0.0,0.0,0.0,0.0,0.0,0.0,0.0,0.0,0.0,0.0,0.0,0.0,0.0,0.0,0.0,0.0
"100,174",2509.86889828407,0.0,0.0,0.0,0.0,0.0,0.0,0.0,0.0,0.0,0.0,3.2399303913116455,0.0,0.0,0.0,0.0,0.0,3.2399303913116455,0.0,0.0,0.0,0.0,0.0,12.95992660522461,16.19999933242798,0.0,0.0,0.0,0.0,311.0398051738739,97.19995260238647,3.239999771118164,0.0,0.0,0.0,771.1195333003998,158.7599277496338,12.959999084472656,3.239999771118164,0.0,0.0,0.0,0.0,0.0,0.0,0.0,0.0,0.0,0.0,0.0,0.0,0.0,0.0,0.0,0.0,0.0,0.0,0.0,0.0,0.0,0.0,0.0,0.0,0.0,0.0,0.0,0.0,0.0,0.0,0.0,0.0
"101,174",2509.713877445311,0.0,0.0,0.0,0.0,0.0,0.0,0.0,0.0,0.0,0.0,51.8338782787323,6.479442596435547,0.0,0.0,0.0,0.0,51.833882570266724,6.479442596435547,0.0,0.0,0.0,0.0,51.833876609802246,3.2398264408111572,0.0,0.0,0.0,0.0,25.91693663597107,6.4796693325042725,0.0,0.0,0.0,0.0,16.19808530807495,6.4796693325042725,0.0,0.0,0.0,0.0,0.0,0.0,0.0,0.0,0.0,0.0,0.0,0.0,0.0,0.0,0.0,0.0,0.0,0.0,0.0,0.0,0.0,0.0,0.0,0.0,0.0,0.0,0.0,0.0,0.0,0.0,0.0,0.0,0.0,0.0
"102,174",2509.403891928037,0.0,0.0,0.0,0.0,0.0,0.0,0.0,0.0,0.0,0.0,21685.236101857354,1383.163906097412,317.45124316215515,0.0,0.0,0.0,21919.251806071225,1412.7208615443287,327.1684715747833,3.2392780780792236,0.0,0.0,22540.666102731928,1523.6548358692844,327.168475151062,3.2392780780792236,0.0,0.0,23152.771411169277,1584.7946758859298,336.88659167289734,3.2392780780792236,0.0,0.0,24720.524413375293,1604.232162772908,336.88659167289734,3.2392780780792236,0.0,0.0,0.0,0.0,0.0,0.0,0.0,0.0,0.0,0.0,0.0,0.0,0.0,0.0,0.0,0.0,0.0,0.0,0.0,0.0,0.0,0.0,0.0,0.0,0.0,0.0,0.0,0.0,0.0,0.0,0.0,0.0
"103,174",2508.9390540042577,0.0,0.0,0.0,0.0,0.0,0.0,0.0,0.0,0.0,0.0,46585.179730203105,6135.216080106475,744.9459249963948,29.147449493408203,0.0,0.0,47323.63274982209,6183.794711507537,748.184002160091,29.147449493408203,0.0,0.0,47520.833429402,6248.567737258651,767.6159992208668,29.147449493408203,0.0,0.0,48818.561397191595,6323.065415895686,787.0494601717182,32.38621139526367,0.0,0.0,55991.149945043115,6941.68947724174,851.8275094022938,32.38621139526367,0.0,0.0,0.0,0.0,0.0,0.0,0.0,0.0,0.0,0.0,0.0,0.0,0.0,0.0,0.0,0.0,0.0,0.0,0.0,0.0,0.0,0.0,0.0,0.0,0.0,0.0,0.0,0.0,0.0,0.0,0.0,0.0
"104,174",2508.3195319604015,0.0,0.0,0.0,0.0,0.0,0.0,0.0,0.0,0.0,0.0,36584.24164267896,13125.510712418834,1373.165791537715,203.9764545758565,42.09093880653381,3.2380282878875732,40971.50238294601,16901.374816496234,2786.9154018822837,825.5947483380635,278.4333653450012,11.871524413426716,42441.65383967324,17598.734213849613,2969.176682795731,879.5582847595215,294.6213402748108,11.871524413426716,54412.22824307329,19496.408665585055,3318.869366969315,944.3146977424622,314.0472116470337,11.871524413426716,61147.751821252416,23425.114930659653,3899.245017323775,1116.3228362120835,359.3776059150696,11.871524413426716,0.0,0.0,0.0,0.0,0.0,0.0,0.0,0.0,0.0,0.0,0.0,0.0,0.0,0.0,0.0,0.0,0.0,0.0,0.0,0.0,0.0,0.0,0.0,0.0,0.0,0.0,0.0,0.0,0.0,0.0
"105,174",2507.5455499532623,0.0,0.0,0.0,0.0,0.0,0.0,0.0,0.0,0.0,0.0,32390.212217630124,12196.38489510873,2340.335991940779,619.0187583755044,154.16740299954134,0.0,39396.53337435535,14721.43209642803,2606.797780606326,677.258300966375,205.930861119663,1.066470022762523,40899.33309771781,15375.315031901528,2743.8308481861563,717.1717421840219,236.28649769951315,1.066470022762523,43871.792337126826,17401.58135020873,3368.638241260192,1042.128026976305,488.8029759996077,7.541295643413768,45600.439556823985,18017.438588201298,3549.9280624081107,1106.873420490938,521.1752925984999,7.541295643413768,0.0,0.0,0.0,0.0,0.0,0.0,0.0,0.0,0.0,0.0,0.0,0.0,0.0,0.0,0.0,0.0,0.0,0.0,0.0,0.0,0.0,0.0,0.0,0.0,0.0,0.0,0.0,0.0,0.0,0.0
"106,174",2506.61738781555,0.0,0.0,0.0,0.0,0.0,0.0,0.0,0.0,0.0,0.0,27768.596601346893,453.34493950675517,32.35478734970093,6.470345497131348,16.175853490829468,3.2351627349853516,28407.069794450086,463.052848852382,32.353835344314575,6.470345497131348,16.175853490829468,3.2351627349853516,28830.42846679968,451.90003024830537,32.353835344314575,6.470345497131348,16.175853490829468,3.2351627349853516,29914.50102810953,468.0777746368857,25.88263702392578,6.470345497131348,16.175853490829468,3.2351627349853516,31275.869464806943,477.78456198467927,22.64719843864441,6.470345497131348,16.175853490829468,3.2351627349853516,0.0,0.0,0.0,0.0,0.0,0.0,0.0,0.0,0.0,0.0,0.0,0.0,0.0,0.0,0.0,0.0,0.0,0.0,0.0,0.0,0.0,0.0,0.0,0.0,0.0,0.0,0.0,0.0,0.0,0.0
"107,174",505.75735700540736,0.0,0.0,0.0,0.0,0.0,0.0,0.0,0.0,0.0,0.0,7747.701911060483,385.86046341260266,92.94678592681885,3.2347958087921143,0.0,0.0,7761.87294380244,382.6255038102467,92.94678592681885,3.2347958087921143,0.0,0.0,7721.063925387813,372.34968420290477,89.71169376373291,3.2347958087921143,0.0,0.0,7736.075453455307,378.4140720161737,89.71169376373291,3.2347958087921143,0.0,0.0,7765.575277041453,381.6489920410455,89.71169376373291,3.2347958087921143,0.0,0.0,0.0,0.0,0.0,0.0,0.0,0.0,0.0,0.0,0.0,0.0,0.0,0.0,0.0,0.0,0.0,0.0,0.0,0.0,0.0,0.0,0.0,0.0,0.0,0.0,0.0,0.0,0.0,0.0,0.0,0.0
"83,175",537.851825305282,0.0,0.0,0.0,0.0,0.0,0.0,0.0,0.0,0.0,0.0,1304.4085608790904,2418.5265619679994,1305.0658143155715,830.7415869413637,1035.858214784136,1020.4959134101867,1409.2472909254188,2646.68686246124,1472.5737339786456,901.4386255918764,1164.3960284476186,1054.6347074200125,1518.4457589532813,2897.5268680133076,1642.081622349047,984.9900961099886,1321.1515415434744,1231.3780378986808,1598.378914121553,3077.2546253662485,1720.5133440129896,1055.6852429090761,1436.735175260843,1514.7878754316594,1713.7278914891035,3392.1767495136637,1887.7128790602965,1158.5165977655672,1635.1254772363925,1614.2006205755124,0.0,0.0,0.0,0.0,0.0,0.0,0.0,0.0,0.0,0.0,0.0,0.0,0.0,0.0,0.0,0.0,0.0,0.0,0.0,0.0,0.0,0.0,0.0,0.0,0.0,0.0,0.0,0.0,0.0,0.0
"84,175",1253.5699647426916,0.0,0.0,0.0,0.0,0.0,0.0,0.0,0.0,0.0,0.0,348.0892982267866,498.6451803730983,331.86438515046063,113.31709323957855,80.43602252006531,6.434945106506348,357.7413761400709,543.685001521017,396.6117402908849,135.48473566092696,93.30286145210266,16.087217807769775,364.17545054192635,574.2430282948064,419.13234633183947,131.91416549682617,101.7176922489615,16.087217807769775,364.17443082566353,525.9868348953771,396.6102055904912,138.34921765327454,95.28287612690644,16.087217807769775,383.47691414589974,525.9864343521642,393.39729040837756,135.13125705718994,101.71702586903291,16.087217807769775,0.0,0.0,0.0,0.0,0.0,0.0,0.0,0.0,0.0,0.0,0.0,0.0,0.0,0.0,0.0,0.0,0.0,0.0,0.0,0.0,0.0,0.0,0.0,0.0,0.0,0.0,0.0,0.0,0.0,0.0
"85,175",1285.1219973331583,0.0,0.0,0.0,0.0,0.0,0.0,0.0,0.0,0.0,0.0,1168.3847132187263,1168.5781168470196,456.27073587342807,160.20006812974518,70.7993392944336,12.87323522567749,1214.2438942114513,1252.2417189607434,504.53550566598483,166.9878915020064,83.66957020759583,3.217670202255249,1133.77763282458,1204.3627773864596,469.13322223588534,170.5587124824524,74.01359868049622,6.435425758361816,1091.1294905232448,1178.623213444504,456.25776113435336,164.12228441238403,61.14105033874512,6.435425758361816,1140.589476073957,1250.6117940594168,440.1678656475217,167.3396806716919,74.01186943054199,6.435425758361816,0.0,0.0,0.0,0.0,0.0,0.0,0.0,0.0,0.0,0.0,0.0,0.0,0.0,0.0,0.0,0.0,0.0,0.0,0.0,0.0,0.0,0.0,0.0,0.0,0.0,0.0,0.0,0.0,0.0,0.0
"86,175",1789.2343921256245,0.0,0.0,0.0,0.0,0.0,0.0,0.0,0.0,0.0,0.0,0.0,0.0,3.222837448120117,6.445665597915649,3.222837448120117,0.0,0.0,0.0,3.222837448120117,6.445665597915649,3.222837448120117,0.0,0.0,0.0,3.222837448120117,3.222837448120117,3.222837448120117,0.0,0.0,0.0,3.222837448120117,3.222837448120117,3.222837448120117,0.0,0.0,0.0,3.222837448120117,3.222837448120117,3.222837448120117,0.0,0.0,0.0,0.0,0.0,0.0,0.0,0.0,0.0,0.0,0.0,0.0,0.0,0.0,0.0,0.0,0.0,0.0,0.0,0.0,0.0,0.0,0.0,0.0,0.0,0.0,0.0,0.0,0.0,0.0,0.0
"87,175",2497.9333261580655,0.0,0.0,0.0,0.0,0.0,0.0,0.0,0.0,0.0,0.0,0.0,0.0,0.0,0.0,0.0,0.0,0.0,0.0,0.0,0.0,0.0,0.0,0.0,0.0,0.0,0.0,0.0,0.0,0.0,0.0,0.0,0.0,0.0,0.0,0.0,0.0,0.0,0.0,0.0,0.0,0.0,0.0,0.0,0.0,0.0,0.0,0.0,0.0,0.0,0.0,0.0,0.0,0.0,0.0,0.0,0.0,0.0,0.0,0.0,0.0,0.0,0.0,0.0,0.0,0.0,0.0,0.0,0.0,0.0,0.0
"88,175",2499.777880546348,0.0,0.0,0.0,0.0,0.0,0.0,0.0,0.0,0.0,0.0,1431.2904327841366,1352.0158599965712,363.6634096959058,160.97870165133008,190.43377327919006,29.047734260559082,1899.3112088175383,1732.1613560957067,431.4447402813855,196.4822769763423,225.53344616702958,48.41386818885803,2063.919082734164,2000.0446914476506,495.9960009911481,241.66819316172132,248.1276396255867,64.55221819877625,2238.202756020602,2179.9773800896664,573.4564821579877,283.62533122324476,264.2663734894173,71.00730562210083,2477.0341716738308,2441.395832352545,673.5034212925855,335.2648707034541,283.6322501640694,80.69032740592957,0.0,0.0,0.0,0.0,0.0,0.0,0.0,0.0,0.0,0.0,0.0,0.0,0.0,0.0,0.0,0.0,0.0,0.0,0.0,0.0,0.0,0.0,0.0,0.0,0.0,0.0,0.0,0.0,0.0,0.0
"89,175",2501.4710684835095,0.0,0.0,0.0,0.0,0.0,0.0,0.0,0.0,0.0,0.0,9849.08868446911,17306.928969168195,6645.186672098496,1751.4173789678837,784.2864220965142,54.894413471221924,10833.211807157479,19298.907333334755,7523.9425870839295,1999.6550713978563,874.7042303908105,71.04118037223816,12926.519254675099,22645.185614016475,8932.695238280765,2382.3073141948853,1113.254142293743,100.09962034225464,14995.14970349985,26070.097747427808,10392.693521638945,2862.250343355478,1378.0428302381551,154.983500957489,16589.537255528394,28819.373321219988,11790.979244848324,3366.018226894678,1590.764008333169,193.72997212409973,0.0,0.0,0.0,0.0,0.0,0.0,0.0,0.0,0.0,0.0,0.0,0.0,0.0,0.0,0.0,0.0,0.0,0.0,0.0,0.0,0.0,0.0,0.0,0.0,0.0,0.0,0.0,0.0,0.0,0.0
"90,175",2503.0122815770937,0.0,0.0,0.0,0.0,0.0,0.0,0.0,0.0,0.0,0.0,10672.287865939796,13489.967551265978,3374.165740282395,1094.8130973900065,635.6335331757864,41.99922251701355,12381.479897561729,15547.55916480457,4046.453625303156,1346.7984041298137,803.630089934667,74.31344604492188,14938.241476082336,18086.651738699744,4620.795091781429,1572.9393509948954,978.0881375630697,113.08496141433716,17332.208752893934,20690.0721532644,5382.773503983254,1892.7604328716502,1139.2151046631384,142.16357326507568,19728.850005043256,22806.30208843362,6076.145267029369,2151.208122404884,1355.6763542530584,161.54809856414795,0.0,0.0,0.0,0.0,0.0,0.0,0.0,0.0,0.0,0.0,0.0,0.0,0.0,0.0,0.0,0.0,0.0,0.0,0.0,0.0,0.0,0.0,0.0,0.0,0.0,0.0,0.0,0.0,0.0,0.0
"91,175",2504.400965059919,0.0,0.0,0.0,0.0,0.0,0.0,0.0,0.0,0.0,0.0,8608.327197782666,8274.750344350292,1447.6366700808207,422.64969392664295,293.74024830799476,42.019322633743286,10394.561874241923,10487.651633142958,2030.6246193736208,616.6142551506267,406.88201747875587,129.2940273284912,12437.595028208749,12651.08958870383,2590.6261745882966,816.6243574488398,487.69613324146644,145.45570039749146,14379.03579423287,14689.018294933732,3141.9927147958792,984.7325024473902,591.1448582265891,161.6186671257019,17394.183214153032,17929.09847681195,3940.1038907939314,1275.668539987826,710.7496930215873,164.85185718536377,0.0,0.0,0.0,0.0,0.0,0.0,0.0,0.0,0.0,0.0,0.0,0.0,0.0,0.0,0.0,0.0,0.0,0.0,0.0,0.0,0.0,0.0,0.0,0.0,0.0,0.0,0.0,0.0,0.0,0.0
"92,175",2505.6366182678094,0.0,0.0,0.0,0.0,0.0,0.0,0.0,0.0,0.0,0.0,12827.8433630401,16243.689991833184,3769.9731331469966,627.4585478305817,236.10524892807007,25.871994018554688,15704.376924307206,20025.369380779826,4912.971517992955,815.0445003509521,297.55104207992554,38.807499408721924,18153.12401846998,23423.524362327542,5992.1398584094695,989.695475101471,378.40775418281555,42.04205632209778,20517.74838911973,26576.037063261105,6993.611691790936,1196.2715015158933,452.79292726516724,42.04205632209778,23197.18995708204,30403.743073410147,8057.219965415842,1465.7738539779887,530.4145872592926,45.276562452316284,0.0,0.0,0.0,0.0,0.0,0.0,0.0,0.0,0.0,0.0,0.0,0.0,0.0,0.0,0.0,0.0,0.0,0.0,0.0,0.0,0.0,0.0,0.0,0.0,0.0,0.0,0.0,0.0,0.0,0.0
"93,175",2506.718795069518,0.0,0.0,0.0,0.0,0.0,0.0,0.0,0.0,0.0,0.0,10155.718230362498,9562.83145442009,1913.8580526426726,423.88338446617126,178.31923555486344,16.177151203155518,11897.939732365514,11430.134823196073,2313.9930598651663,453.00318717956543,197.73235010259293,38.825960636138916,13799.563988393895,13208.92923318545,2667.7447043970515,498.2995047569275,220.3818123256459,45.29711985588074,16014.708984576955,15369.140886690102,3138.66809498095,598.6101970672607,262.4428291236653,51.76926136016846,20764.310551674225,19953.903073538047,4102.5165217493095,746.3776923020681,327.1569609557881,61.47609066963196,0.0,0.0,0.0,0.0,0.0,0.0,0.0,0.0,0.0,0.0,0.0,0.0,0.0,0.0,0.0,0.0,0.0,0.0,0.0,0.0,0.0,0.0,0.0,0.0,0.0,0.0,0.0,0.0,0.0,0.0
"94,175",2507.647104252164,0.0,0.0,0.0,0.0,0.0,0.0,0.0,0.0,0.0,0.0,2563.1720130602516,1212.3887129568586,393.7654752665875,132.70222687721252,112.92922807581284,19.422162771224976,2627.5660187945646,1247.997029616786,387.29201149286007,132.70222687721252,112.92922807581284,19.422162771224976,3041.93728277543,1351.5777295374403,384.05529236139034,139.17613434791565,116.16646552927354,19.422162771224976,4271.9059648065,2608.2467174707676,558.4347657100827,216.8586049079895,174.42784715540267,22.658968687057495,5362.03209643364,3669.9289337139503,697.6142379181058,236.2793869972229,200.32263661272384,22.658968687057495,0.0,0.0,0.0,0.0,0.0,0.0,0.0,0.0,0.0,0.0,0.0,0.0,0.0,0.0,0.0,0.0,0.0,0.0,0.0,0.0,0.0,0.0,0.0,0.0,0.0,0.0,0.0,0.0,0.0,0.0
"95,175",2508.4212098588814,0.0,0.0,0.0,0.0,0.0,0.0,0.0,0.0,0.0,0.0,5373.4981967654885,2548.72406521498,531.5201544808406,133.5584988930646,124.249032238418,34.398360803080536,5580.8590092238255,2810.219197685578,602.7646632241268,140.44164939861673,108.46459248954174,34.398360803080536,6147.93687527507,3319.5495451796282,664.2905643033047,150.15644618015665,114.9412353366029,34.398360803080536,6769.6594569000545,3589.3892527028615,729.4607903200038,169.58627840023416,118.17895248824475,34.398360803080536,9290.463685914581,4979.383537813262,909.5825465492175,179.30117746334452,140.84721187049269,37.6360162043104,0.0,0.0,0.0,0.0,0.0,0.0,0.0,0.0,0.0,0.0,0.0,0.0,0.0,0.0,0.0,0.0,0.0,0.0,0.0,0.0,0.0,0.0,0.0,0.0,0.0,0.0,0.0,0.0,0.0,0.0
"96,175",2509.040831479874,0.0,0.0,0.0,0.0,0.0,0.0,0.0,0.0,0.0,0.0,11732.456549388287,10446.09944778517,2574.7275430576474,843.5138716454599,550.1975939937666,110.12143468856812,13124.002084837708,11797.068905986522,2904.2662157731897,966.9916769635443,589.0623446174696,136.02972054481506,15021.48891482727,13283.913730937358,3292.9079205709345,1022.4574291313395,656.2645665383807,129.55204725265503,15680.997666587082,13958.06751304701,3627.5194926533045,1096.9480995739207,711.3222271180621,142.50597310066223,17985.52389897085,16027.975842542271,4119.198835299997,1290.8604443260267,830.342855053322,165.17822647094727,0.0,0.0,0.0,0.0,0.0,0.0,0.0,0.0,0.0,0.0,0.0,0.0,0.0,0.0,0.0,0.0,0.0,0.0,0.0,0.0,0.0,0.0,0.0,0.0,0.0,0.0,0.0,0.0,0.0,0.0
"97,175",2509.5057444945473,0.0,0.0,0.0,0.0,0.0,0.0,0.0,0.0,0.0,0.0,23283.030246642054,17780.349842478245,5054.261043334474,1989.9366984114927,1030.5143590029547,29.153221368789673,24513.143034734912,18641.085320133323,5287.485471272936,2107.2717906447015,1150.363538270838,45.34898376464844,25655.264614217424,19551.676329455655,5591.171666900784,2194.731286189135,1170.4212014020657,51.82729625701904,28113.805218562895,21040.95325989536,5871.137726535049,2344.0548207011875,1251.4026183427547,61.54550361633301,31969.599170830672,22705.21072064755,6347.6370548070645,2574.7737089110356,1348.5847966016506,87.46068906784058,0.0,0.0,0.0,0.0,0.0,0.0,0.0,0.0,0.0,0.0,0.0,0.0,0.0,0.0,0.0,0.0,0.0,0.0,0.0,0.0,0.0,0.0,0.0,0.0,0.0,0.0,0.0,0.0,0.0,0.0
"98,175",2509.8157802670507,0.0,0.0,0.0,0.0,0.0,0.0,0.0,0.0,0.0,0.0,13976.308356419731,9768.544821658788,1432.6368519483829,340.1768841743469,106.9136164188385,3.239856719970703,15177.545785873075,10327.887663792628,1481.6368973058813,352.4116352333742,113.39347338676453,3.239856719970703,16553.326215863694,10865.685162056194,1601.5080725950354,391.2891054882723,131.38320615431843,3.239856719970703,18964.63497433943,11972.040887422187,1859.0622820218405,467.5059967947941,156.8949776612076,3.239856719970703,22294.030275165333,13731.586291909685,2235.9445418479395,573.6936880794226,195.77228626830905,6.479732513427734,0.0,0.0,0.0,0.0,0.0,0.0,0.0,0.0,0.0,0.0,0.0,0.0,0.0,0.0,0.0,0.0,0.0,0.0,0.0,0.0,0.0,0.0,0.0,0.0,0.0,0.0,0.0,0.0,0.0,0.0
"99,175",2509.9708262918393,0.0,0.0,0.0,0.0,0.0,0.0,0.0,0.0,0.0,0.0,8781.461185462802,2455.464684043211,326.827712986516,61.558812856674194,32.39918065071106,0.0,9808.525732524722,2776.2187497952405,372.1869773602953,80.9983561038971,35.63909864425659,0.0,11045.77803826519,3132.6118228772107,420.7860619760027,97.19787573814392,48.598774433135986,0.0,14650.621073946299,3981.071218816907,492.06496474509146,119.87735724449158,58.318549156188965,0.0,18346.982029159397,4935.635918764039,679.9815659261217,152.27666759490967,61.55848574638367,0.0,0.0,0.0,0.0,0.0,0.0,0.0,0.0,0.0,0.0,0.0,0.0,0.0,0.0,0.0,0.0,0.0,0.0,0.0,0.0,0.0,0.0,0.0,0.0,0.0,0.0,0.0,0.0,0.0,0.0,0.0
"100,175",2509.970826291906,0.0,0.0,0.0,0.0,0.0,0.0,0.0,0.0,0.0,0.0,2075.1836235513874,442.25012623282043,100.03255840189317,3.2399680614471436,0.0,0.0,2062.223726986904,439.0101476809558,100.03255840189317,3.2399680614471436,0.0,0.0,2075.1835124483296,435.7701333663043,100.03255840189317,3.2399680614471436,0.0,0.0,2094.6233773222157,442.25013386221497,100.03253694422105,3.2399680614471436,0.0,0.0,2107.5832872381397,448.32350194407445,103.2725083435283,3.2399680614471436,0.0,0.0,0.0,0.0,0.0,0.0,0.0,0.0,0.0,0.0,0.0,0.0,0.0,0.0,0.0,0.0,0.0,0.0,0.0,0.0,0.0,0.0,0.0,0.0,0.0,0.0,0.0,0.0,0.0,0.0,0.0,0.0
"101,175",2509.8157802670166,0.0,0.0,0.0,0.0,0.0,0.0,0.0,0.0,0.0,0.0,64.79464864730835,19.43849015235901,0.0,0.0,0.0,0.0,61.554736852645874,12.958987712860107,0.0,0.0,0.0,0.0,61.554736852645874,9.719212055206299,0.0,0.0,0.0,0.0,64.7944540977478,9.719212055206299,0.0,0.0,0.0,0.0,119.8713002204895,16.198601961135864,0.0,0.0,0.0,0.0,0.0,0.0,0.0,0.0,0.0,0.0,0.0,0.0,0.0,0.0,0.0,0.0,0.0,0.0,0.0,0.0,0.0,0.0,0.0,0.0,0.0,0.0,0.0,0.0,0.0,0.0,0.0,0.0,0.0,0.0
"102,175",2509.505744494515,0.0,0.0,0.0,0.0,0.0,0.0,0.0,0.0,0.0,0.0,36446.23299637683,5264.116939342723,240.01010465528452,9.717810869216919,0.0,0.0,36536.51882246335,5292.863896535424,249.72797441389048,9.717810869216919,0.0,0.0,37737.41521140267,5563.734789694056,252.96696638967478,9.717810869216919,0.0,0.0,40292.72001001227,6197.0015980561575,272.7072722565894,9.717810869216919,0.0,0.0,42833.78622703926,6439.541193779777,291.7359443870246,9.717810869216919,0.0,0.0,0.0,0.0,0.0,0.0,0.0,0.0,0.0,0.0,0.0,0.0,0.0,0.0,0.0,0.0,0.0,0.0,0.0,0.0,0.0,0.0,0.0,0.0,0.0,0.0,0.0,0.0,0.0,0.0,0.0,0.0
"103,175",2509.0408314799174,0.0,0.0,0.0,0.0,0.0,0.0,0.0,0.0,0.0,0.0,42984.257483560905,14799.727544698528,872.5798843636233,84.2048544883728,9.716100692749023,0.0,43650.3536755431,15061.261844137602,892.0123208298403,97.15934228897095,9.716100692749023,0.0,47508.663268284705,16407.511328147437,940.5964432491976,97.15934228897095,9.716100692749023,0.0,55017.221964149845,19802.09836459347,1198.973403487486,106.87599086761475,9.716100692749023,0.0,57440.50579680742,21522.322859645355,1490.4659374096814,136.02553272247314,9.716100692749023,0.0,0.0,0.0,0.0,0.0,0.0,0.0,0.0,0.0,0.0,0.0,0.0,0.0,0.0,0.0,0.0,0.0,0.0,0.0,0.0,0.0,0.0,0.0,0.0,0.0,0.0,0.0,0.0,0.0,0.0,0.0
"104,175",2508.4212098588814,0.0,0.0,0.0,0.0,0.0,0.0,0.0,0.0,0.0,0.0,43665.203968069596,11419.307349028306,1266.4351379871368,249.33511447906494,129.52693009376526,48.57356929779053,47325.35337357801,12318.626370605769,1353.8593068122864,275.23852467536926,136.0032217502594,48.57356929779053,53352.768147530274,13685.946324998258,1538.4317235946655,304.38139295578003,142.47969818115234,51.811851501464844,61029.98736748508,15690.658573977154,1807.1926884651184,378.8590576648712,171.62358593940735,68.00303173065186,70392.21781899789,18507.303670159505,2411.901051095888,582.4534465752396,242.8633852005005,77.71778964996338,0.0,0.0,0.0,0.0,0.0,0.0,0.0,0.0,0.0,0.0,0.0,0.0,0.0,0.0,0.0,0.0,0.0,0.0,0.0,0.0,0.0,0.0,0.0,0.0,0.0,0.0,0.0,0.0,0.0,0.0
"105,175",2507.6471042521525,0.0,0.0,0.0,0.0,0.0,0.0,0.0,0.0,0.0,0.0,12048.251607148786,501.7703676223755,32.372838735580444,3.23746919631958,0.0,0.0,12334.501304403007,495.2964472770691,32.37277317047119,3.23746919631958,0.0,0.0,12721.094113948298,531.9736669428208,32.37277317047119,3.23746919631958,0.0,0.0,13915.169922178868,590.24765495132,42.08503723144531,3.23746919631958,0.0,0.0,15912.622635365467,761.8279226190904,48.56018280982971,3.23746919631958,0.0,0.0,0.0,0.0,0.0,0.0,0.0,0.0,0.0,0.0,0.0,0.0,0.0,0.0,0.0,0.0,0.0,0.0,0.0,0.0,0.0,0.0,0.0,0.0,0.0,0.0,0.0,0.0,0.0,0.0,0.0,0.0
"106,175",2506.718795069492,0.0,0.0,0.0,0.0,0.0,0.0,0.0,0.0,0.0,0.0,18881.85079066707,284.72316431999207,19.413691997528076,25.88541841506958,22.649248123168945,0.0,19125.33533173075,275.0174791812897,19.413691997528076,25.88541841506958,22.649248123168945,0.0,19350.79665175793,278.25337505340576,16.178287744522095,25.88541841506958,22.649248123168945,0.0,19925.12577088674,307.3753659725189,22.649227142333984,25.88541841506958,22.649248123168945,3.2354140281677246,20393.265555978287,304.14026284217834,29.12001132965088,25.88541841506958,22.649248123168945,3.2354140281677246,0.0,0.0,0.0,0.0,0.0,0.0,0.0,0.0,0.0,0.0,0.0,0.0,0.0,0.0,0.0,0.0,0.0,0.0,0.0,0.0,0.0,0.0,0.0,0.0,0.0,0.0,0.0,0.0,0.0,0.0
"107,175",821.3338426670339,0.0,2.8286400561239207,3.234628438949585,0.0,0.0,0.0,0.0,0.0,0.0,0.0,5209.696662877585,135.3845437003117,6.470108509063721,0.0,0.0,0.0,5165.020810394659,106.26968793401531,6.470108509063721,0.0,0.0,0.0,5030.264706890253,103.03523759374431,6.470108509063721,0.0,0.0,0.0,4951.196265494587,87.26685002270867,6.470108509063721,0.0,0.0,0.0,4847.856201932943,64.62257101956536,6.470108509063721,0.0,0.0,0.0,0.0,0.0,0.0,0.0,0.0,0.0,0.0,0.0,0.0,0.0,0.0,0.0,0.0,0.0,0.0,0.0,0.0,0.0,0.0,0.0,0.0,0.0,0.0,0.0,0.0,0.0,0.0,0.0,0.0,0.0
"83,176",1029.7965715197263,0.0,0.0,0.0,0.0,0.0,0.0,0.0,0.0,0.0,0.0,2655.124784067565,3340.9133255322777,689.3658430155585,254.30854988472134,234.7526120513093,237.79679672016817,3073.9573022945256,3757.6315325970745,830.7789852198432,303.5767259354685,257.24977916175243,241.0125118900748,3248.967481658038,3877.332735334658,875.0262002355912,306.7877092118357,241.1792172759187,227.09539829422445,3405.6234654043237,4074.5613884869745,901.7892209614024,319.64010832262977,286.17146438056346,296.7406204279731,4646.723309055029,5365.924469492482,1267.8420200207654,516.5066679346795,460.52866377737007,406.00443654621347,0.0,0.0,0.0,0.0,0.0,0.0,0.0,0.0,0.0,0.0,0.0,0.0,0.0,0.0,0.0,0.0,0.0,0.0,0.0,0.0,0.0,0.0,0.0,0.0,0.0,0.0,0.0,0.0,0.0,0.0
"84,176",2491.584541381175,0.0,0.0,0.0,0.0,0.0,0.0,0.0,0.0,0.0,0.0,10557.40753109876,6852.196535929512,1392.4110560417175,394.33381594770094,273.3320255279541,212.18355703353882,11273.428479826684,7425.643161082735,1498.5225887298584,444.70810339404085,270.11650013923645,225.04102206230164,10960.407418962553,7264.8410749678515,1418.1332771778107,418.9823696370218,241.17800068855286,161.81619954109192,10156.395145650939,6653.791224503984,1243.4026184876761,383.60656044436433,215.4569718837738,124.30998921394348,9788.617198781407,6666.585439229479,1249.8169084390006,377.17146608782747,215.4541118144989,127.52521991729736,0.0,0.0,0.0,0.0,0.0,0.0,0.0,0.0,0.0,0.0,0.0,0.0,0.0,0.0,0.0,0.0,0.0,0.0,0.0,0.0,0.0,0.0,0.0,0.0,0.0,0.0,0.0,0.0,0.0,0.0
"85,176",2493.879259119492,0.0,0.0,0.0,0.0,0.0,0.0,0.0,0.0,0.0,0.0,2499.152719973583,1175.4925253007927,280.0620539188385,115.89504957199097,41.85257363319397,3.2179672718048096,2634.3728091707417,1146.5189876173058,254.30628871917725,103.01551985740662,35.413570165634155,0.0,2598.971485375423,1117.1530766487122,225.3363447189331,93.3577070236206,28.974321365356445,0.0,2514.471598148346,994.8282597064972,177.05092000961304,57.94366717338562,22.535809755325317,0.0,2559.5429224967957,1033.46262216568,173.8333067893982,64.3828854560852,22.535809755325317,0.0,0.0,0.0,0.0,0.0,0.0,0.0,0.0,0.0,0.0,0.0,0.0,0.0,0.0,0.0,0.0,0.0,0.0,0.0,0.0,0.0,0.0,0.0,0.0,0.0,0.0,0.0,0.0,0.0,0.0,0.0
"86,176",2495.900117079121,0.0,0.0,0.0,0.0,0.0,0.0,0.0,0.0,0.0,0.0,228.7104058265686,202.9375936985016,99.86105585098267,38.655606746673584,12.885202407836914,3.2213940620422363,235.15316796302795,225.48698019981384,96.63923168182373,38.65494918823242,16.10603666305542,3.2213940620422363,222.26970028877258,212.60120034217834,90.19634652137756,38.65494918823242,16.10603666305542,3.2213940620422363,219.04767847061157,206.15826654434204,83.75347113609314,35.43351626396179,16.10603666305542,3.2213940620422363,225.48942613601685,206.15821743011475,83.75359964370728,38.654449224472046,25.7687566280365,22.546390056610107,0.0,0.0,0.0,0.0,0.0,0.0,0.0,0.0,0.0,0.0,0.0,0.0,0.0,0.0,0.0,0.0,0.0,0.0,0.0,0.0,0.0,0.0,0.0,0.0,0.0,0.0,0.0,0.0,0.0,0.0
"87,176",2498.0296042860073,0.0,0.0,0.0,0.0,0.0,0.0,0.0,0.0,0.0,0.0,24.004723594702927,17.555027053870408,38.702237129211426,6.448982238769531,0.0,38.6959433555603,40.127135561026776,33.896541451472864,51.6027135848999,16.12455725669861,22.574851274490356,32.24728608131409,86.07841181287579,92.74959908840702,95.54305762683644,50.38831910806544,80.62767601013184,58.04740357398987,146.14356011315888,195.95782481548832,150.3711366120507,89.09042391496547,164.4765362739563,87.07235383987427,348.11566426987736,385.0302481361464,250.35906428729785,112.46389519747567,228.98441433906555,109.64739990234375,0.0,0.0,0.0,0.0,0.0,0.0,0.0,0.0,0.0,0.0,0.0,0.0,0.0,0.0,0.0,0.0,0.0,0.0,0.0,0.0,0.0,0.0,0.0,0.0,0.0,0.0,0.0,0.0,0.0,0.0
"88,176",2499.8744181734887,0.0,0.0,0.0,0.0,0.0,0.0,0.0,0.0,0.0,0.0,3948.3906009982616,4794.466366554709,1652.703192873562,663.6142889499664,309.25477600658644,41.95657253265381,3868.433687038983,4702.750056701549,1604.3207942682154,644.2569502830505,296.3511960562538,54.86398100852966,4519.3318728951845,5235.622958029018,1807.602893038357,736.122431418475,383.79142536275526,104.72158726804398,5276.416109733021,5978.555903151457,2078.6687287526975,878.8273332764121,496.40754481483907,130.54366144292496,6199.527703310462,6716.283550450382,2400.8611275588764,1057.0296919233658,602.912068568959,145.95840494211984,0.0,0.0,0.0,0.0,0.0,0.0,0.0,0.0,0.0,0.0,0.0,0.0,0.0,0.0,0.0,0.0,0.0,0.0,0.0,0.0,0.0,0.0,0.0,0.0,0.0,0.0,0.0,0.0,0.0,0.0
"89,176",2501.5678485031603,0.0,0.0,0.0,0.0,0.0,0.0,0.0,0.0,0.0,0.0,5696.331731769151,7157.304935055154,3121.200990014918,1124.3820764962366,716.121839837467,196.95715999603271,6049.668173703961,7589.992306785958,3253.5918446120095,1159.9009675923517,743.9649344808915,177.57643699645996,6834.845920042899,8621.615105017496,3754.077451652639,1371.8841335792167,865.9361238704008,208.41806522257187,7981.095853398827,9820.052621248657,4345.371841831768,1675.0829386542825,1110.4520840813132,297.6069857709548,8810.627880590102,10823.881095900255,4737.369032733581,1881.025249301686,1275.1228046585532,462.99551857219024,0.0,0.0,0.0,0.0,0.0,0.0,0.0,0.0,0.0,0.0,0.0,0.0,0.0,0.0,0.0,0.0,0.0,0.0,0.0,0.0,0.0,0.0,0.0,0.0,0.0,0.0,0.0,0.0,0.0,0.0
"90,176",2503.1092857320514,0.0,0.0,0.0,0.0,0.0,0.0,0.0,0.0,0.0,0.0,1936.9428938014837,1815.3855936957336,561.4296688640819,150.40676395191866,103.38836336135864,38.77685523033142,2563.338301155614,2094.0458365842405,661.5934247577892,207.3441503468682,180.9367070198059,58.16715598106384,3096.475816938924,2342.8463572427336,722.9793512428508,223.49903540050283,193.86146020889282,67.86136102676392,3698.559646285749,2786.23888108964,819.8804759586559,235.1937488051022,226.16067457199097,71.09258031845093,4619.436305780037,3511.1574317352433,1049.293534001182,330.89735028883985,293.9985957145691,74.32302165031433,0.0,0.0,0.0,0.0,0.0,0.0,0.0,0.0,0.0,0.0,0.0,0.0,0.0,0.0,0.0,0.0,0.0,0.0,0.0,0.0,0.0,0.0,0.0,0.0,0.0,0.0,0.0,0.0,0.0,0.0
"91,176",2504.498174034537,0.0,0.0,0.0,0.0,0.0,0.0,0.0,0.0,0.0,0.0,2967.4531281574104,3375.3068496283363,1113.2512577842263,392.63024647937107,347.72441303870255,116.37562322616577,4071.8295777087123,5040.960467780805,1601.4268833468943,637.1240175247192,512.6180859818178,193.9509983062744,4923.266006631477,5902.493932651072,1911.3732086153593,759.9808378696441,533.4630725383759,193.9515597820282,5761.395906036974,6940.266927752775,2254.062011572894,844.0408559322357,594.8932538032532,190.72432899475098,7416.653023044735,9199.38356956033,3378.052439768174,1321.0701949961046,866.4663822650909,268.3106071949005,0.0,0.0,0.0,0.0,0.0,0.0,0.0,0.0,0.0,0.0,0.0,0.0,0.0,0.0,0.0,0.0,0.0,0.0,0.0,0.0,0.0,0.0,0.0,0.0,0.0,0.0,0.0,0.0,0.0,0.0
"92,176",2505.7340117830204,0.0,0.0,0.0,0.0,0.0,0.0,0.0,0.0,0.0,0.0,960.6803138256073,1242.1015350818634,346.08015179634094,152.01391744613647,150.20754752626607,19.404882669448853,1171.987196150948,1384.4039964255164,383.79144331988164,159.547928796095,163.14356575479695,16.17092800140381,1243.1560260688557,1487.9245702799628,409.6722063737757,169.255053506178,161.7099130153656,9.7023286819458,1476.0459651386036,1711.1033622797797,513.1748907285578,195.1285109379712,161.7111840248108,9.7023286819458,2475.5454186832203,2841.0601486598744,731.3267802855547,292.49368805885314,177.88492679595947,38.815691232681274,0.0,0.0,0.0,0.0,0.0,0.0,0.0,0.0,0.0,0.0,0.0,0.0,0.0,0.0,0.0,0.0,0.0,0.0,0.0,0.0,0.0,0.0,0.0,0.0,0.0,0.0,0.0,0.0,0.0,0.0
"93,176",2506.8163519820478,0.0,0.0,0.0,0.0,0.0,0.0,0.0,0.0,0.0,0.0,1546.6401946544647,1459.6359831940895,271.7909288406372,74.42030906677246,21.431914307089414,6.470905303955078,1830.3107424577079,1825.2806145798927,318.16956535975135,89.51884349187215,21.431914307089414,6.470905303955078,2827.802195707957,2750.7667469632393,515.560278336207,115.405166943868,22.64961290359497,9.706379652023315,3290.938059435639,3087.291576827741,589.9840428034464,128.3476293881734,25.885082483291626,9.706379652023315,3943.7219790271683,3721.1765618314935,693.5171968142191,165.01499891281128,61.478957176208496,16.177001476287842,0.0,0.0,0.0,0.0,0.0,0.0,0.0,0.0,0.0,0.0,0.0,0.0,0.0,0.0,0.0,0.0,0.0,0.0,0.0,0.0,0.0,0.0,0.0,0.0,0.0,0.0,0.0,0.0,0.0,0.0
"94,176",2507.7448026557936,0.0,0.0,0.0,0.0,0.0,0.0,0.0,0.0,0.0,0.0,4381.298852259505,5130.822744481704,1691.3944454856946,505.00166416168213,281.6397280693054,97.12052178382874,5019.791856177648,6241.577066114838,2103.3002799894293,650.6673781871796,375.50517201423645,100.35733556747437,6480.504343552683,7784.458783878064,2692.2575223445892,856.633509088965,433.7758779525757,103.59476613998413,7610.598476963417,9019.004600913851,3210.6098001994337,1047.6305989517884,495.28335070610046,110.06991267204285,9381.07933233205,10537.112292192496,3695.3194231379266,1208.2639446174398,582.6851978302002,119.78185820579529,0.0,0.0,0.0,0.0,0.0,0.0,0.0,0.0,0.0,0.0,0.0,0.0,0.0,0.0,0.0,0.0,0.0,0.0,0.0,0.0,0.0,0.0,0.0,0.0,0.0,0.0,0.0,0.0,0.0,0.0
"95,176",2508.5190271885735,0.0,0.0,0.0,0.0,0.0,0.0,0.0,0.0,0.0,0.0,17024.153997218375,10557.279115807778,1439.5741080368266,382.37558425080533,389.52457151880446,91.88650386099721,21288.113982174444,14244.7578259038,2148.6838091934433,556.8239311760548,450.6403875818439,101.59973852400685,25084.18464538069,16638.719177853825,2571.848369821848,643.0308134256625,517.4185860876944,117.78962795500661,28147.558562684524,19027.10229860287,2917.897682493808,714.263841122272,583.2578854486054,121.02778331999684,34352.5994609786,22747.076708362612,3553.614614306244,850.2597915827059,695.5058692221548,146.931348249959,0.0,0.0,0.0,0.0,0.0,0.0,0.0,0.0,0.0,0.0,0.0,0.0,0.0,0.0,0.0,0.0,0.0,0.0,0.0,0.0,0.0,0.0,0.0,0.0,0.0,0.0,0.0,0.0,0.0,0.0
"96,176",2509.138744618265,0.0,0.0,0.0,0.0,0.0,0.0,0.0,0.0,0.0,0.0,90505.67948947327,52199.892176025045,8572.020507722742,2556.8052040408643,2031.2473940821258,372.44805693626404,97369.53499849078,55534.75104419857,9138.608639838649,2721.5748197490097,2108.975193497714,404.83602929115295,101518.3018374976,57626.12058410925,9598.497363927318,2866.9048706512826,2245.810582107656,424.2675976753235,104190.38775318838,59287.73770648825,9976.604857745824,2970.539132974662,2321.035239571216,443.6991891860962,107067.5828049529,60883.86385855956,10359.742190979976,3103.7352059719615,2452.502031625486,479.32545471191406,0.0,0.0,0.0,0.0,0.0,0.0,0.0,0.0,0.0,0.0,0.0,0.0,0.0,0.0,0.0,0.0,0.0,0.0,0.0,0.0,0.0,0.0,0.0,0.0,0.0,0.0,0.0,0.0,0.0,0.0
"97,176",2509.6037298802034,0.0,0.0,0.0,0.0,0.0,0.0,0.0,0.0,0.0,0.0,53718.25589828959,42168.51506745861,8475.134211348552,2734.490280056,2670.6215680206524,382.2545816898346,61278.013747310644,48036.43699355031,10083.345187497605,3490.732174870547,3349.117504268534,521.5506992340088,65666.97188420856,52179.94911446197,11418.812963303397,4179.667541520736,4126.675805298487,618.7331748008728,70177.32984817635,55670.02760219386,12495.83758753795,4646.549767891567,4588.847034139259,690.0000100135803,75699.62570999278,59547.14305963515,13564.994270967969,5105.825305932177,5048.848473233803,764.5077252388,0.0,0.0,0.0,0.0,0.0,0.0,0.0,0.0,0.0,0.0,0.0,0.0,0.0,0.0,0.0,0.0,0.0,0.0,0.0,0.0,0.0,0.0,0.0,0.0,0.0,0.0,0.0,0.0,0.0,0.0
"98,176",2509.913814003744,0.0,0.0,0.0,0.0,0.0,0.0,0.0,0.0,0.0,0.0,12046.980807329626,10818.084345324834,3086.369408752404,1290.4695026678198,1248.3469650549048,288.3325626850128,13574.264321414163,12201.307045605603,3643.5308135958276,1609.7492803405312,1661.5782848666695,346.64656138420105,14573.158118257335,13307.666716157688,4116.527079245623,1941.2669414155623,2031.6278373549965,421.16051626205444,15955.098695995293,14663.255694440766,4575.034975208021,2204.4977533050615,2300.2065934555203,511.87449383735657,20392.37878180579,18440.887422632703,5774.81238879503,2805.3743931873173,2985.816433573704,721.2412082475774,0.0,0.0,0.0,0.0,0.0,0.0,0.0,0.0,0.0,0.0,0.0,0.0,0.0,0.0,0.0,0.0,0.0,0.0,0.0,0.0,0.0,0.0,0.0,0.0,0.0,0.0,0.0,0.0,0.0,0.0
"99,176",2510.0688842601926,0.0,0.0,0.0,0.0,0.0,0.0,0.0,0.0,0.0,0.0,6689.267256666632,4652.687159159605,1309.4074229997748,457.7139127647175,163.86682186687693,16.199848651885986,7308.101221014472,4949.545855682037,1400.1268701357,483.63367895238537,167.10672841633067,19.439749717712402,7515.4587370648105,5072.664617698333,1422.8066277307623,516.0332813655629,180.06643066967234,35.639437437057495,8484.209168594023,5754.7600732794,1607.4853780073279,600.272637644936,248.10597000683055,51.83903789520264,9484.936922513738,6848.074848230212,2013.624036208321,784.9501450454487,374.4637702521156,61.558748960494995,0.0,0.0,0.0,0.0,0.0,0.0,0.0,0.0,0.0,0.0,0.0,0.0,0.0,0.0,0.0,0.0,0.0,0.0,0.0,0.0,0.0,0.0,0.0,0.0,0.0,0.0,0.0,0.0,0.0,0.0
"100,176",2510.0688842602235,0.0,0.0,0.0,0.0,0.0,0.0,0.0,0.0,0.0,0.0,12748.570286339402,3177.931134411868,485.67841838107387,59.04399490356445,21.612688779830933,3.239999532699585,12878.172222202897,3301.051288315829,537.5184118579416,84.9639196395874,41.052642583847046,3.239999532699585,12761.764765636595,3262.1727675886714,553.7184555362253,94.68389010429382,50.77263116836548,3.239999532699585,13090.454273415548,3701.7453789767096,696.2779991458444,169.20366501808167,135.01240181922913,9.719979763031006,14597.427813244802,4596.120946470897,861.1742431949167,201.6035659313202,144.7323703765869,9.719979763031006,0.0,0.0,0.0,0.0,0.0,0.0,0.0,0.0,0.0,0.0,0.0,0.0,0.0,0.0,0.0,0.0,0.0,0.0,0.0,0.0,0.0,0.0,0.0,0.0,0.0,0.0,0.0,0.0,0.0,0.0
"101,176",2509.9138140037676,0.0,0.0,0.0,0.0,0.0,0.0,0.0,0.0,0.0,0.0,3925.067528986464,1028.1086989991804,140.75070322728624,12.959519147872925,0.0,0.0,3873.229445719252,992.4702777021071,114.83163799024096,12.959519147872925,0.0,0.0,3797.276899707084,979.5108381860396,105.11198009229174,12.959519147872925,0.0,0.0,3737.523898839951,948.9163711304758,105.1120067951726,12.959519147872925,0.0,0.0,3863.879352331162,1062.3122077221965,134.27092016911973,12.959519147872925,0.0,0.0,0.0,0.0,0.0,0.0,0.0,0.0,0.0,0.0,0.0,0.0,0.0,0.0,0.0,0.0,0.0,0.0,0.0,0.0,0.0,0.0,0.0,0.0,0.0,0.0,0.0,0.0,0.0,0.0,0.0,0.0
"102,176",2509.6037298801193,0.0,0.0,0.0,0.0,0.0,0.0,0.0,0.0,0.0,0.0,45495.87360019964,12176.073963229797,995.9286714030247,246.183012008667,93.93834900856018,0.0,48463.80776158969,12889.06783321044,1015.3642642928105,249.4222629070282,90.69911813735962,0.0,49227.31420869266,13297.360905871672,992.6889510584813,246.1830198764801,90.69911813735962,0.0,49662.450009889224,13368.122044727848,976.5303913742889,242.9437849521637,87.45985174179077,0.0,52663.05901477383,14153.851507074693,1100.0284168795042,317.4471642971039,100.4170389175415,0.0,0.0,0.0,0.0,0.0,0.0,0.0,0.0,0.0,0.0,0.0,0.0,0.0,0.0,0.0,0.0,0.0,0.0,0.0,0.0,0.0,0.0,0.0,0.0,0.0,0.0,0.0,0.0,0.0,0.0,0.0
"103,176",2509.1387446183144,0.0,0.0,0.0,0.0,0.0,0.0,0.0,0.0,0.0,0.0,62188.36868279588,30702.659063526233,2317.1911230704363,184.6207308769226,38.86744785308838,0.0,64196.86418459087,31473.95804850448,2375.490029635149,191.0987513065338,38.86744785308838,0.0,66560.02480673509,32317.91696343422,2449.982855381685,204.05411863327026,45.34535574913025,0.0,71259.1855093133,33670.64474389974,2553.9834165797515,210.53189826011658,48.584309577941895,0.0,78532.93234360078,35822.29830457744,2745.0799353347106,213.77124571800232,51.82326126098633,0.0,0.0,0.0,0.0,0.0,0.0,0.0,0.0,0.0,0.0,0.0,0.0,0.0,0.0,0.0,0.0,0.0,0.0,0.0,0.0,0.0,0.0,0.0,0.0,0.0,0.0,0.0,0.0,0.0,0.0,0.0
"104,176",2508.5190271885513,0.0,0.0,0.0,0.0,0.0,0.0,0.0,0.0,0.0,0.0,23313.39904903524,5461.863812347487,474.9111172358195,132.75918459892273,38.85539412498474,3.2376224994659424,26132.75195310069,6167.735635896757,538.5894215901692,139.23519277572632,58.282585859298706,3.2376224994659424,30906.98649540602,7405.026873214571,728.5461495717366,168.37721157073975,90.66123032569885,3.2376224994659424,38824.89150492631,9679.088964612814,1074.9959203402202,265.5138041973114,129.51287531852722,11.870979070663452,45738.5619235525,11767.931003470514,1338.2060087138532,297.89261507987976,152.17801427841187,11.870979070663452,0.0,0.0,0.0,0.0,0.0,0.0,0.0,0.0,0.0,0.0,0.0,0.0,0.0,0.0,0.0,0.0,0.0,0.0,0.0,0.0,0.0,0.0,0.0,0.0,0.0,0.0,0.0,0.0,0.0,0.0
"105,176",2507.7448026557845,0.0,38.84253692626953,139.18568062782288,6.473777770996094,35.60553216934204,0.0,0.0,3.236860752105713,0.0,0.0,27792.393677832093,4884.110048712001,1310.7293976559358,719.384067066978,738.3886898938347,401.3639078140259,29486.74144851927,5588.578032389809,1541.6253766200123,834.114211323682,880.8165556374718,468.1201552166658,32706.447234450134,6672.601218369427,1876.914716125937,995.9652454881107,1071.7989221993614,555.5181862129884,37502.95046135865,9065.23662426612,2663.0886868897605,1363.7674733470467,1468.7294027160196,776.327141829098,38595.587187081685,9923.878078895457,2978.144565010071,1574.1707996200112,1685.607294256547,926.6587808749255,0.0,0.0,0.0,0.0,0.0,0.0,0.0,0.0,0.0,0.0,0.0,0.0,3.236860752105713,0.0,0.0,0.0,0.0,0.0,0.0,0.0,0.0,0.0,0.0,0.0,0.0,0.0,0.0,0.0,0.0,0.0
"106,176",2506.816351982047,0.0,0.0,0.0,0.0,0.0,0.0,0.0,0.0,0.0,0.0,18973.47397122009,979.9180993220385,103.54219508171082,6.4717512130737305,29.849086074268115,94.57278254452874,19210.160972888796,1100.8822956814486,129.43308115005493,24.44294380019693,62.212422875797046,130.17344501439263,20599.246871728523,1347.5376037176918,165.75535085622002,30.915673006282134,71.92129066411186,156.06243708554436,21703.39784732052,1807.0442646559547,253.12532141629387,47.09692214797525,130.17256548825432,314.9773633536171,22566.853265306996,2026.588562558679,266.0684252065771,63.278542507396025,194.89746787968804,404.14605354701774,0.0,0.0,0.0,0.0,0.0,0.0,0.0,0.0,0.0,0.0,0.0,0.0,0.0,0.0,0.0,0.0,0.0,0.0,0.0,0.0,0.0,0.0,0.0,0.0,0.0,0.0,0.0,0.0,0.0,0.0
"107,176",1375.8404888697619,0.0,10.109379696378522,3.234543561935425,3.234543561935425,3.2345330715179443,0.0,0.0,0.0,3.234543561935425,0.0,10037.682779712304,846.6100667785196,203.9308027538599,79.09982162269891,177.17807981547188,83.3765339570887,10563.814598974528,891.8962913821725,220.10420101016177,82.3341236666137,167.47514984186958,80.14195320185493,11004.944142454744,975.2788172749912,245.25936355497325,85.56860881599725,164.24097058352302,83.37704512652229,11143.218369555005,1075.5538319138918,247.04824484843834,92.03751974853814,177.1807834821589,89.84646508272957,11044.285030133116,1107.1811612353604,240.5792840864144,89.13281431385114,177.18046090182136,93.0810632425196,0.0,0.0,0.0,0.0,0.0,0.0,0.0,0.0,0.0,0.0,0.0,0.0,0.0,0.0,0.0,0.0,0.0,0.0,0.0,3.234543561935425,0.0,0.0,0.0,0.0,0.0,0.0,0.0,0.0,0.0,0.0
"83,177",1396.4788609964662,0.0,0.0,0.0,0.0,0.0,0.0,0.0,0.0,0.0,0.0,80.34037566184998,96.41449165344238,32.138235092163086,12.854968547821045,38.55979037284851,144.60300469398499,73.91332578659058,89.98716282844543,32.138235092163086,12.854968547821045,38.55979037284851,144.60151052474976,106.05401182174683,102.02408506356034,48.207645654678345,25.71026062965393,38.55979037284851,160.6641891002655,274.362370930466,281.1742993149103,125.33751392364502,61.061994314193726,86.76582622528076,192.78740334510803,396.86345920843235,436.63618396310244,190.81201562694474,96.41565942764282,132.9577789400138,212.06837630271912,0.0,0.0,0.0,0.0,0.0,0.0,0.0,0.0,0.0,0.0,0.0,0.0,0.0,0.0,0.0,0.0,0.0,0.0,0.0,0.0,0.0,0.0,0.0,0.0,0.0,0.0,0.0,0.0,0.0,0.0
"84,177",2491.676159426628,0.0,0.0,0.0,0.0,0.0,0.0,0.0,0.0,0.0,0.0,1121.1143840705647,661.1010326226552,228.35194373130798,104.11116662212447,51.45037841796875,102.8740906715393,1133.9806136047139,651.4485393842061,225.13449931144714,104.11116662212447,51.45037841796875,102.8740906715393,1105.7385468267926,622.4989925702413,205.83597445487976,84.81191244312362,41.80248498916626,86.80079293251038,1082.8666557901047,609.6314398129781,192.9736988544464,81.59696378894881,41.80248498916626,86.80079293251038,1210.471234293545,638.2360013915043,192.97406339645386,81.59714570232467,38.58511543273926,77.15687346458435,0.0,0.0,0.0,0.0,0.0,0.0,0.0,0.0,0.0,0.0,0.0,0.0,0.0,0.0,0.0,0.0,0.0,0.0,0.0,0.0,0.0,0.0,0.0,0.0,0.0,0.0,0.0,0.0,0.0,0.0
"85,177",2493.9711684597714,0.0,0.0,0.0,0.0,0.0,0.0,0.0,0.0,0.0,0.0,1544.0634838562387,712.8349980036418,103.0080783367157,57.94086217880249,22.531920671463013,0.0,2081.65918173603,1015.4360898653666,138.41937685012817,64.37915134429932,22.531920671463013,0.0,2521.907671033635,1157.0776225248974,144.85938930511475,64.38067150115967,19.313104391098022,0.0,2580.2241531157024,1179.6282659689587,154.5118088722229,70.81731677055359,25.751030445098877,0.0,3469.8212984262723,1582.3420644806881,202.7914617061615,77.25453186035156,25.751030445098877,0.0,0.0,0.0,0.0,0.0,0.0,0.0,0.0,0.0,0.0,0.0,0.0,0.0,0.0,0.0,0.0,0.0,0.0,0.0,0.0,0.0,0.0,0.0,0.0,0.0,0.0,0.0,0.0,0.0,0.0,0.0
"86,177",2495.9922981304185,0.0,0.0,0.0,0.0,0.0,0.0,0.0,0.0,0.0,0.0,447.8566255569458,190.09985828399658,41.88679027557373,22.554286241531372,9.665930986404419,16.109668016433716,473.63250374794006,193.32151699066162,41.88679027557373,22.554286241531372,9.665930986404419,16.109668016433716,483.298597574234,183.6549060344696,32.22026610374451,19.332102060317993,9.665930986404419,19.331603527069092,592.8392899036407,309.30463886260986,51.55056047439575,22.553701639175415,22.55323052406311,32.218682289123535,654.0486977100372,454.2800552845001,67.65948629379272,28.997255086898804,25.77517557144165,32.218682289123535,0.0,0.0,0.0,0.0,0.0,0.0,0.0,0.0,0.0,0.0,0.0,0.0,0.0,0.0,0.0,0.0,0.0,0.0,0.0,0.0,0.0,0.0,0.0,0.0,0.0,0.0,0.0,0.0,0.0,0.0
"87,177",2498.12205737465,0.0,0.0,0.0,0.0,0.0,0.0,0.0,0.0,0.0,0.0,2015.6978900825277,1744.486194967756,814.1937654747683,302.81391372961156,183.8381860256195,67.72555255889893,2245.059615770976,1868.246357087528,846.4484267964083,306.03953185361974,174.16205978393555,41.9265341758728,2803.256146565606,2425.386772037955,1070.1886199156443,371.74536448927483,219.31562900543213,48.37739396095276,3175.36237133157,2767.2609747662264,1202.4241841475168,452.3754106185015,258.0175111293793,54.82740926742554,4235.508430647383,3826.3309255945915,1621.6918647925058,641.8365948396571,348.3233485221863,93.52601194381714,0.0,0.0,0.0,0.0,0.0,0.0,0.0,0.0,0.0,0.0,0.0,0.0,0.0,0.0,0.0,0.0,0.0,0.0,0.0,0.0,0.0,0.0,0.0,0.0,0.0,0.0,0.0,0.0,0.0,0.0
"88,177",2499.967120608269,0.0,0.0,0.0,0.0,0.0,0.0,0.0,0.0,0.0,0.0,5229.371688890457,3977.6129603208283,1308.4956540135777,513.3316977557014,285.1435916190054,119.37805485725403,5613.819419287701,4393.815154057858,1385.920355465833,539.1396878298591,307.72916696118375,129.05683040618896,6508.09470563309,5038.293883132,1660.1937350301182,696.4230969204622,375.8605924540875,151.64159989356995,6870.691826675453,5386.774028109569,1805.4003244904911,754.4972756161409,369.40531644166686,167.77969217300415,7605.588622675691,6017.128468312469,2029.2128062210832,902.9154393925386,414.57905349076964,200.04737544059753,0.0,0.0,0.0,0.0,0.0,0.0,0.0,0.0,0.0,0.0,0.0,0.0,0.0,0.0,0.0,0.0,0.0,0.0,0.0,0.0,0.0,0.0,0.0,0.0,0.0,0.0,0.0,0.0,0.0,0.0
"89,177",2501.6607838245054,0.0,0.0,0.0,0.0,0.0,0.0,0.0,0.0,0.0,0.0,3173.9093352906843,3385.489904384987,974.7468090431362,374.9462016330046,297.0355820655823,64.56791257858276,3493.976852360893,3668.075638479345,1045.7888775245815,413.69870431282936,330.52570415945615,67.79613661766052,4135.778451484793,4416.457491830751,1285.9568882409264,489.17368414822744,408.0208621165332,80.71315717697144,4577.773173220017,5011.057852906806,1556.4106686489254,550.5300441068762,435.05781852965265,98.06000694106606,5888.379889417161,6529.170481426576,2138.898003316393,844.3743802603552,625.5841902471057,143.26534446548013,0.0,0.0,0.0,0.0,0.0,0.0,0.0,0.0,0.0,0.0,0.0,0.0,0.0,0.0,0.0,0.0,0.0,0.0,0.0,0.0,0.0,0.0,0.0,0.0,0.0,0.0,0.0,0.0,0.0,0.0
"90,177",2503.202436380571,0.0,0.0,0.0,0.0,0.0,0.0,0.0,0.0,0.0,0.0,10627.523817297992,6901.51297957009,1476.5014132013507,408.83491195790907,151.8365194797516,12.924502849578857,10954.219067589442,7275.446275769028,1579.8908103456683,442.3485377807243,190.6089813709259,25.850301027297974,12868.581228164598,8724.514714297125,1883.586661671657,532.8083230037315,219.68586921691895,29.08187770843506,15210.084617509096,10817.60013945991,2339.198885535259,611.5547564254088,255.2268192768097,32.31347417831421,17850.351859008566,12813.770747854194,2872.225727175731,735.510874896891,290.76147294044495,32.31347417831421,0.0,0.0,0.0,0.0,0.0,0.0,0.0,0.0,0.0,0.0,0.0,0.0,0.0,0.0,0.0,0.0,0.0,0.0,0.0,0.0,0.0,0.0,0.0,0.0,0.0,0.0,0.0,0.0,0.0,0.0
"91,177",2504.5915214388756,0.0,0.0,0.0,0.0,0.0,0.0,0.0,0.0,0.0,0.0,10890.092897229102,6608.146314312429,1569.6254308691211,526.9160934420192,383.066703377518,184.26432728767395,11337.010353223952,7044.728373794928,1719.941115293316,612.1723703160005,460.64861446455416,271.5505428314209,11660.636738175039,7359.109369585559,1886.43410468195,663.9066602005678,480.0472682102054,290.9465539455414,12658.231780661792,8561.424945629344,2337.6114942999448,861.136522175284,727.388033732246,368.54883217811584,13145.691218919383,9217.284684294344,2652.347866014406,1000.1497463001924,867.9963078087451,423.5019373893738,0.0,0.0,0.0,0.0,0.0,0.0,0.0,0.0,0.0,0.0,0.0,0.0,0.0,0.0,0.0,0.0,0.0,0.0,0.0,0.0,0.0,0.0,0.0,0.0,0.0,0.0,0.0,0.0,0.0,0.0
"92,177",2505.827536451054,0.0,0.0,0.0,0.0,0.0,0.0,0.0,0.0,0.0,0.0,6008.25658176927,7504.251975184797,2643.4850344386755,633.7387262624852,384.8853724002838,45.2839572429657,7137.009289250655,8931.97846829938,3144.790073129243,843.970208529865,527.1996881961823,113.20457172393799,8611.50530335763,10668.844123483172,3681.6915557113352,992.7484637540929,614.5262379646301,126.14153552055359,9805.29950190245,12400.831201241064,4577.438593405368,1261.206283454334,882.9932017326355,174.66173005104065,13791.13043407085,17011.906133036522,6652.801614515454,2154.924200248718,1900.6936208949369,423.7190794944763,0.0,0.0,0.0,0.0,0.0,0.0,0.0,0.0,0.0,0.0,0.0,0.0,0.0,0.0,0.0,0.0,0.0,0.0,0.0,0.0,0.0,0.0,0.0,0.0,0.0,0.0,0.0,0.0,0.0,0.0
"93,177",2506.910033595271,0.0,0.0,0.0,0.0,0.0,0.0,0.0,0.0,0.0,0.0,7196.264362840092,8604.482298493855,2540.9225213284585,622.7287257718106,358.24179102766743,51.77962779998779,7461.588323621189,9019.348537278644,2686.8771106607774,668.0280693577786,371.18520857680073,55.01555013656616,7713.987551001942,9349.404441428653,2775.859572773354,677.7336710499783,379.6864658748402,55.01505947113037,9468.635687061384,11453.33258701119,3361.131260988759,871.879817347433,515.5926388656392,92.22176177174437,13625.334820982987,15790.02956120921,4444.473269499985,1388.4672887530983,1179.9200000519847,205.46159011990414,0.0,0.0,0.0,0.0,0.0,0.0,0.0,0.0,0.0,0.0,0.0,0.0,0.0,0.0,0.0,0.0,0.0,0.0,0.0,0.0,0.0,0.0,0.0,0.0,0.0,0.0,0.0,0.0,0.0,0.0
"94,177",2507.838620166268,0.0,0.0,0.0,0.0,0.0,0.0,0.0,0.0,0.0,0.0,15294.79210337938,17750.69272607354,3972.120919172437,674.7405989572114,238.47265230066637,25.893863439559937,16953.902773242837,19619.84353576922,4590.49771602107,862.4852757855957,358.23974023706774,35.60559439659119,19121.917146396634,22506.580916233626,5313.88398644036,1002.8874502210057,410.0314999664531,38.842100381851196,20343.432463695488,24042.83786432416,5555.406048994439,1040.1225723762138,432.6923006618724,42.07858085632324,23376.63262300585,28001.06954268661,6715.892022969675,1316.4696179006614,555.6947494590984,51.789613008499146,0.0,0.0,0.0,0.0,0.0,0.0,0.0,0.0,0.0,0.0,0.0,0.0,0.0,0.0,0.0,0.0,0.0,0.0,0.0,0.0,0.0,0.0,0.0,0.0,0.0,0.0,0.0,0.0,0.0,0.0
"95,177",2508.6129589188868,0.0,0.0,0.0,0.0,0.0,0.0,0.0,0.0,0.0,0.0,34405.68368104392,29047.341643739208,4359.718671318129,554.0239486843932,229.8861949443817,9.713308095932007,43616.97149953282,36578.5301434414,5771.7506899945865,753.686796282787,349.68058681488037,22.66412377357483,51153.87576757973,42359.57836681627,6873.969695342755,913.5484414437238,386.5019174837599,25.901403665542603,55407.20789063866,45932.775528734805,7427.653610480999,984.7804594376508,383.26385557885266,32.3766725063324,61351.378241209895,50945.45293899891,8593.029655078812,1140.1920881607953,444.77937114472485,35.61428928375244,0.0,0.0,0.0,0.0,0.0,0.0,0.0,0.0,0.0,0.0,0.0,0.0,0.0,0.0,0.0,0.0,0.0,0.0,0.0,0.0,0.0,0.0,0.0,0.0,0.0,0.0,0.0,0.0,0.0,0.0
"96,177",2509.232768362834,0.0,0.0,0.0,0.0,0.0,0.0,0.0,0.0,0.0,0.0,42945.47216680472,25227.509230139673,2758.33686355516,620.0432300960317,177.7182533535303,6.4779253005981445,48919.68074050043,29121.96710734274,3280.013545766531,705.3163790366228,193.9126941952051,6.4779253005981445,53808.47601694032,32014.770430733173,3600.6358730942593,744.1792957446154,200.38977763980043,6.4779253005981445,57205.43179655263,34212.89544075049,3805.866590604595,792.7609917780932,197.15043137400758,6.4779253005981445,64147.51860074997,38210.85668944751,4363.473187429765,851.056540217119,206.86775133937013,6.4779253005981445,0.0,0.0,0.0,0.0,0.0,0.0,0.0,0.0,0.0,0.0,0.0,0.0,0.0,0.0,0.0,0.0,0.0,0.0,0.0,0.0,0.0,0.0,0.0,0.0,0.0,0.0,0.0,0.0,0.0,0.0
"97,177",2509.6978230088207,0.0,0.0,0.0,0.0,0.0,0.0,0.0,0.0,0.0,0.0,44048.612031156874,25424.88646153188,3100.0283352945366,660.119424348719,444.52778045990885,45.35246229171753,55685.32639883547,31705.19618116267,3954.0978853870843,886.8804223593543,591.0282867880428,64.78952193260193,62644.322145738784,35365.314904978695,4558.25968784164,1075.4929987711064,681.7344194384182,84.22666764259338,68773.30336288191,38714.0122593085,5005.283665893592,1192.1120347303502,765.9600144358242,87.46595048904419,81040.95244532941,45636.54035885849,5989.030693196316,1441.544192008411,889.0569976301754,100.42370510101318,0.0,0.0,0.0,0.0,0.0,0.0,0.0,0.0,0.0,0.0,0.0,0.0,0.0,0.0,0.0,0.0,0.0,0.0,0.0,0.0,0.0,0.0,0.0,0.0,0.0,0.0,0.0,0.0,0.0,0.0
"98,177",2510.007953566706,0.0,0.0,0.0,0.0,0.0,0.0,0.0,0.0,0.0,0.0,30743.299358497883,16446.613261904437,2239.871164234012,634.2488899165509,475.4901816358754,106.91136169433594,35566.225223231784,19406.16281315766,2887.8017791776097,912.8655247622845,821.4168091063407,288.33698558807373,38292.029609680176,21437.108848424054,3372.136031764161,1156.7373627008176,1117.8495453769087,388.77027130126953,41566.770949197286,23545.22768093745,3865.3659242517806,1467.7541433156705,1535.7681915947035,524.8414862155914,46399.80494104647,27512.026989080394,4996.184379318648,2030.6257665278865,2269.1160675226474,756.0739341249653,0.0,0.0,0.0,0.0,0.0,0.0,0.0,0.0,0.0,0.0,0.0,0.0,0.0,0.0,0.0,0.0,0.0,0.0,0.0,0.0,0.0,0.0,0.0,0.0,0.0,0.0,0.0,0.0,0.0,0.0
"99,177",2510.163047093767,0.0,0.0,0.0,0.0,0.0,0.0,0.0,0.0,0.0,0.0,1204.1842902127435,920.8933978922228,328.48265207515044,157.1067391096377,164.41189464868285,45.35895895957947,1719.3347413960626,1135.9368669472487,347.9223409961252,179.78622991430993,200.0511465960858,55.07870149612427,1784.1333027306725,1207.2157997570785,347.92234695658965,218.66561633932824,238.93044719041563,74.51842641830444,2089.893406788508,1503.2579906080282,419.20124090419097,234.86523157942528,294.009524195802,87.4782075881958,3693.608531068353,2633.557589077482,787.0061746298098,386.4193397222781,456.00720176042296,187.91620874404907,0.0,0.0,0.0,0.0,0.0,0.0,0.0,0.0,0.0,0.0,0.0,0.0,0.0,0.0,0.0,0.0,0.0,0.0,0.0,0.0,0.0,0.0,0.0,0.0,0.0,0.0,0.0,0.0,0.0,0.0
"100,177",2510.1630470937357,0.0,0.0,0.0,0.0,0.0,0.0,0.0,0.0,0.0,0.0,14032.692249957252,6789.982629130867,891.7116079330444,278.6366972923279,281.8767566680908,80.99983954429626,16702.41138476484,8340.471359266954,1043.9896500110626,288.3566813468933,278.6367566585541,84.23983764648438,18012.561933166842,9315.699552788454,1231.907490491867,330.47602581977844,304.55636525154114,84.23983764648438,18730.384147475746,9890.621212790995,1335.5863270759583,353.1557824611664,323.9960901737213,87.47977209091187,25411.215149949578,13606.04511994474,1896.8253252506256,519.1185526847839,437.39518451690674,97.19970035552979,0.0,0.0,0.0,0.0,0.0,0.0,0.0,0.0,0.0,0.0,0.0,0.0,0.0,0.0,0.0,0.0,0.0,0.0,0.0,0.0,0.0,0.0,0.0,0.0,0.0,0.0,0.0,0.0,0.0,0.0
"101,177",2510.0079535666914,0.0,0.0,0.0,0.0,0.0,0.0,0.0,0.0,0.0,0.0,461.42477379593197,224.21353594929565,45.358564376831055,0.0,0.0,0.0,454.944980247348,219.1694598758922,45.358564376831055,0.0,0.0,0.0,464.6641701296264,222.40935164339402,45.358564376831055,0.0,0.0,0.0,469.3397896243076,227.45342318684447,45.358564376831055,0.0,0.0,0.0,524.4180042696934,263.0922693458258,58.318135499954224,0.0,0.0,0.0,0.0,0.0,0.0,0.0,0.0,0.0,0.0,0.0,0.0,0.0,0.0,0.0,0.0,0.0,0.0,0.0,0.0,0.0,0.0,0.0,0.0,0.0,0.0,0.0,0.0,0.0,0.0,0.0,0.0,0.0
"102,177",2509.6978230088703,0.0,0.0,0.0,0.0,0.0,0.0,0.0,0.0,0.0,0.0,12619.197233956467,3937.5507809956866,168.43771409988403,6.47833776473999,0.0,0.0,12317.99311341211,3808.3361944338853,168.43764352798462,6.47833776473999,0.0,0.0,12347.139751090257,3769.4646042964036,161.9590504169464,6.47833776473999,0.0,0.0,12207.16475925913,3697.844097572214,178.15463209152222,6.47833776473999,0.0,0.0,17284.516429264404,4734.427235561258,223.5044538974762,19.435489654541016,0.0,0.0,0.0,0.0,0.0,0.0,0.0,0.0,0.0,0.0,0.0,0.0,0.0,0.0,0.0,0.0,0.0,0.0,0.0,0.0,0.0,0.0,0.0,0.0,0.0,0.0,0.0,0.0,0.0,0.0,0.0,0.0
"103,177",2509.232768362821,0.0,0.0,0.0,0.0,0.0,0.0,0.0,0.0,0.0,0.0,38735.95028057566,15245.776970935334,921.0417015739515,61.5378155708313,9.716430902481079,0.0,39665.07902942919,15653.52139200603,959.907972831352,64.77677083015442,9.716430902481079,0.0,40489.54221807741,15909.396971840015,985.818275231941,68.01561498641968,9.716430902481079,0.0,44427.56626387671,17318.62743649763,1053.8332610317304,74.49338150024414,9.716430902481079,0.0,48522.28863450406,19190.280594685497,1235.210578698738,84.2100989818573,9.716430902481079,0.0,0.0,0.0,0.0,0.0,0.0,0.0,0.0,0.0,0.0,0.0,0.0,0.0,0.0,0.0,0.0,0.0,0.0,0.0,0.0,0.0,0.0,0.0,0.0,0.0,0.0,0.0,0.0,0.0,0.0,0.0
"104,177",2508.6129589189013,0.0,0.0,0.0,0.0,0.0,0.0,0.0,0.0,0.0,0.0,18096.335572242737,2808.2886328697205,437.1110305786133,113.32716369628906,87.41923689842224,19.425750732421875,17923.60357284546,2807.2010464668274,398.2549936771393,126.27765274047852,103.60757946968079,38.8513822555542,18260.112656995363,2889.749692359625,419.83812284469604,142.46562838554382,103.60757946968079,38.8513822555542,19503.858987247244,3252.7670821152483,536.3986415863037,152.17861413955688,110.08303999900818,38.8513822555542,20730.38044699501,3482.3142108627394,588.3291800442864,135.9909565448761,93.89521932601929,12.950523853302002,0.0,0.0,0.0,0.0,0.0,0.0,0.0,0.0,0.0,0.0,0.0,0.0,0.0,0.0,0.0,0.0,0.0,0.0,0.0,0.0,0.0,0.0,0.0,0.0,0.0,0.0,0.0,0.0,0.0,0.0
"105,177",2507.8386201662993,0.0,0.0,0.0,0.0,0.0,0.0,0.0,0.0,0.0,0.0,17980.38628753774,9504.71850232143,2429.9003000979333,941.5695755771562,994.2845568395128,368.60726689170383,19305.216746299408,9941.796007299425,2620.680168472552,988.6846688139673,1023.4167165494432,382.75923056508975,20806.48775080513,11262.421136768193,3019.0368239664567,1136.1324899598665,1228.75796529452,415.1236235609241,24602.13970846475,13673.25267182425,3819.9699073249217,1538.3212550443761,1602.1872672529782,571.9127628260967,27311.82783358424,15770.460883672566,4381.005063056011,1753.3776021704955,1867.5929014177884,678.7224463874218,0.0,0.0,0.0,0.0,0.0,0.0,0.0,0.0,0.0,0.0,0.0,0.0,0.0,0.0,0.0,0.0,0.0,0.0,0.0,0.0,0.0,0.0,0.0,0.0,0.0,0.0,0.0,0.0,0.0,0.0
"106,177",2506.910033595214,0.0,0.0,0.0,0.0,0.0,0.0,0.0,0.0,0.0,0.0,54258.67423858735,16112.796346162348,1631.2672031804625,619.1177686971777,743.1922044417437,577.9828280346067,57246.506869940655,17246.3100686466,1739.8554795555037,662.6350094711079,769.0847105643328,616.8181489841611,62030.78292417059,19118.585818152336,2021.3959179691237,783.818655684415,887.3764977006351,700.9595712558896,66786.37117278996,21184.319072128746,2292.846805405149,887.7200557512397,1062.1300649194156,803.0731550478467,70424.8654184117,22493.344886990155,2511.2724915382905,963.9410392452689,1172.1576349286472,896.9228950762281,0.0,0.0,0.0,0.0,0.0,0.0,0.0,0.0,0.0,0.0,0.0,0.0,0.0,0.0,0.0,0.0,0.0,0.0,0.0,0.0,0.0,0.0,0.0,0.0,0.0,0.0,0.0,0.0,0.0,0.0
"107,177",2344.0312186265833,0.0,0.0,0.0,0.0,0.0,0.0,0.0,0.0,0.0,0.0,24991.358727016635,2278.875127295887,321.4323261345134,49.72475278143789,54.988062381744385,32.34525990486145,26425.174753612628,2424.4204950136295,321.4325738514171,49.72475278143789,51.753345012664795,32.34525990486145,28033.389481250913,2702.584413985645,363.4749126995311,46.4910234189501,51.753345012664795,32.34525990486145,30257.382981569626,3044.740209770203,398.3288288396948,46.4910234189501,51.753345012664795,32.34525990486145,30839.380480823325,3169.270556568632,385.3895716947668,40.020915625142116,48.51827836036682,32.34525990486145,0.0,0.0,0.0,0.0,0.0,0.0,0.0,0.0,0.0,0.0,0.0,0.0,0.0,0.0,0.0,0.0,0.0,0.0,0.0,0.0,0.0,0.0,0.0,0.0,0.0,0.0,0.0,0.0,0.0,0.0
"108,177",117.75347254094065,0.0,0.0,0.0,0.0,0.0,0.0,0.0,0.0,0.0,0.0,94.17578249819138,9.700172185897827,3.233330488204956,0.0,0.0,0.0,94.17584091074326,6.466818332672119,3.233330488204956,0.0,0.0,0.0,94.17584091074326,6.466818332672119,3.233330488204956,0.0,0.0,0.0,94.17584091074326,9.700265645980835,3.233330488204956,0.0,0.0,0.0,90.9423645103679,12.933584451675415,3.233330488204956,0.0,0.0,0.0,0.0,0.0,0.0,0.0,0.0,0.0,0.0,0.0,0.0,0.0,0.0,0.0,0.0,0.0,0.0,0.0,0.0,0.0,0.0,0.0,0.0,0.0,0.0,0.0,0.0,0.0,0.0,0.0,0.0,0.0
"83,178",1382.625668240829,0.0,0.0,0.0,0.0,0.0,0.0,0.0,0.0,0.0,0.0,19.287163257598877,31.010799940894632,10.702509700550753,0.0,0.0,0.0,6.429069519042969,5.332362769631779,0.0,0.0,0.0,0.0,3.214529037475586,2.1178222880643958,0.0,0.0,0.0,0.0,0.0,0.0,0.0,0.0,0.0,0.0,0.0,0.0,0.0,0.0,0.0,0.0,0.0,0.0,0.0,0.0,0.0,0.0,0.0,0.0,0.0,0.0,0.0,0.0,0.0,0.0,0.0,0.0,0.0,0.0,0.0,0.0,0.0,0.0,0.0,0.0,0.0,0.0,0.0,0.0,0.0,0.0
"84,178",2491.7639629488167,0.0,0.0,0.0,0.0,0.0,0.0,0.0,0.0,0.0,0.0,257.1912086009979,139.31367087364197,15.00550389289856,19.2975013256073,9.64502239227295,0.0,234.6887435913086,103.95096254348755,12.864924430847168,19.2975013256073,9.64502239227295,0.0,141.44940829277039,42.86297655105591,12.864924430847168,12.864835500717163,6.430436372756958,0.0,70.72746181488037,19.28926706314087,9.647781372070312,12.864835500717163,6.430436372756958,0.0,25.7193021774292,16.072906732559204,9.647781372070312,12.864835500717163,6.430436372756958,0.0,0.0,0.0,0.0,0.0,0.0,0.0,0.0,0.0,0.0,0.0,0.0,0.0,0.0,0.0,0.0,0.0,0.0,0.0,0.0,0.0,0.0,0.0,0.0,0.0,0.0,0.0,0.0,0.0,0.0,0.0
"85,178",2494.0592514136697,0.0,0.0,0.0,0.0,0.0,0.0,0.0,0.0,0.0,0.0,4742.88208860603,2276.524225837109,991.3929624557495,325.1017851829529,193.13417625427246,86.91270351409912,4710.692026083142,2266.8650862039303,984.9546484947205,312.2256531715393,189.9143831729889,70.8178277015686,4633.435976926953,2179.1391825675964,933.4491176605225,302.5673418045044,148.06602883338928,57.94191265106201,4472.492519800336,2037.5006785392761,865.8503215312958,267.159264087677,119.09521889686584,41.84699535369873,4099.11105221954,1847.584713935852,795.035603761673,254.2835669517517,96.56404328346252,35.40897059440613,0.0,0.0,0.0,0.0,0.0,0.0,0.0,0.0,0.0,0.0,0.0,0.0,0.0,0.0,0.0,0.0,0.0,0.0,0.0,0.0,0.0,0.0,0.0,0.0,0.0,0.0,0.0,0.0,0.0,0.0
"86,178",2496.080641698431,0.0,0.0,0.0,0.0,0.0,0.0,0.0,0.0,0.0,0.0,16.11053776741028,54.77473187446594,12.886327981948853,3.22196364402771,0.0,0.0,12.888372659683228,38.66414666175842,9.664182186126709,3.22196364402771,0.0,0.0,6.444224834442139,0.0,0.0,3.22196364402771,0.0,0.0,3.2221076488494873,0.0,0.0,3.22196364402771,0.0,0.0,0.0,0.0,0.0,3.22196364402771,0.0,0.0,0.0,0.0,0.0,0.0,0.0,0.0,0.0,0.0,0.0,0.0,0.0,0.0,0.0,0.0,0.0,0.0,0.0,0.0,0.0,0.0,0.0,0.0,0.0,0.0,0.0,0.0,0.0,0.0,0.0,0.0
"87,178",2498.2106618354073,0.0,0.0,0.0,0.0,0.0,0.0,0.0,0.0,0.0,0.0,3.2249596118927,3.2249419689178467,6.447713136672974,0.0,0.0,3.224472761154175,3.2249596118927,0.0,6.447713136672974,0.0,0.0,0.0,6.44989275932312,0.0,9.67262887954712,0.0,0.0,0.0,6.44989275932312,3.2249596118927,9.67262887954712,0.0,0.0,0.0,6.44989275932312,6.449901580810547,12.897003412246704,0.0,0.0,0.0,0.0,0.0,0.0,0.0,0.0,0.0,0.0,0.0,0.0,0.0,0.0,0.0,0.0,0.0,0.0,0.0,0.0,0.0,0.0,0.0,0.0,0.0,0.0,0.0,0.0,0.0,0.0,0.0,0.0,0.0
"88,178",2500.0559641783084,0.0,0.0,0.0,0.0,0.0,0.0,0.0,0.0,0.0,0.0,700.9717360169279,735.7183569010566,207.3430738841786,132.31367874145508,106.4967954158783,9.680986881256104,755.8239803940642,741.3616788714539,204.1163516437306,135.54137587547302,109.72471570968628,16.13582444190979,852.6214442879545,874.4652735597947,226.70806125753066,148.45035934448242,109.72471570968628,16.13582444190979,1055.098025675381,966.4374647963281,236.3868127261891,116.1785876750946,103.27014422416687,9.681936264038086,1380.2110660300536,1282.6669998991724,362.2411494647755,151.6732518672943,112.95009422302246,25.818725109100342,0.0,0.0,0.0,0.0,0.0,0.0,0.0,0.0,0.0,0.0,0.0,0.0,0.0,0.0,0.0,0.0,0.0,0.0,0.0,0.0,0.0,0.0,0.0,0.0,0.0,0.0,0.0,0.0,0.0,0.0
"89,178",2501.7498506997817,0.0,0.0,0.0,0.0,0.0,0.0,0.0,0.0,0.0,0.0,699.2141193988276,647.5433469164605,174.40113258361816,38.755130767822266,22.607200384140015,6.457631826400757,721.8215617778254,675.0013735294342,177.63069868087769,41.98508143424988,29.0663321018219,6.457631826400757,1015.7159640433741,904.294184923172,261.5949046611786,61.36268901824951,64.58403491973877,22.602595567703247,1215.938793146844,1110.9683589935303,322.9433870315552,100.11103463172913,113.0123291015625,25.830894708633423,1790.717327665815,1724.465090933033,513.459203004837,184.03420841834125,138.84370851516724,38.745338439941406,0.0,0.0,0.0,0.0,0.0,0.0,0.0,0.0,0.0,0.0,0.0,0.0,0.0,0.0,0.0,0.0,0.0,0.0,0.0,0.0,0.0,0.0,0.0,0.0,0.0,0.0,0.0,0.0,0.0,0.0
"90,178",2503.2917097075365,0.0,0.0,0.0,0.0,0.0,0.0,0.0,0.0,0.0,0.0,1898.347412623611,1195.5035445306817,250.3997637823516,80.773517370224,12.922845602035522,0.0,2082.535012997833,1327.9816405389824,289.1740226343566,103.39018249511719,16.154428958892822,0.0,2315.1720364000284,1512.1522828083412,336.83545472014185,126.00894379615784,23.427984419990988,0.0,2428.2378313167424,1614.7171511341544,359.4477408109927,148.62543153762817,26.658071223427267,0.0,2558.364997844135,1760.1819822863035,381.3367191744786,161.54765844345093,29.88987678640029,3.2318055629730225,0.0,0.0,0.0,0.0,0.0,0.0,0.0,0.0,0.0,0.0,0.0,0.0,0.0,0.0,0.0,0.0,0.0,0.0,0.0,0.0,0.0,0.0,0.0,0.0,0.0,0.0,0.0,0.0,0.0,0.0
"91,178",2504.6809833982456,0.0,0.0,0.0,0.0,0.0,0.0,0.0,0.0,0.0,0.0,3505.7383689132394,3907.079923552158,1234.2622248724394,401.24078984260564,90.68762185339834,16.163684606552124,4133.06783429875,4626.359970840754,1468.6405413805269,465.8999413967133,113.31709506277944,45.25609469413757,4611.538107078215,5154.914949686387,1686.8530015085255,527.3230943202973,148.8763911939135,48.48871731758118,5673.572205829621,6113.368203446445,2011.8909208942862,656.6346911907196,179.5804260450251,38.7909574508667,8401.269893487295,8651.655344989253,2867.606484908684,881.4826784610749,255.54274503576988,42.02287936210632,0.0,0.0,0.0,0.0,0.0,0.0,0.0,0.0,0.0,0.0,0.0,0.0,0.0,0.0,0.0,0.0,0.0,0.0,0.0,0.0,0.0,0.0,0.0,0.0,0.0,0.0,0.0,0.0,0.0,0.0
"92,178",2505.9171683448913,0.0,0.0,0.0,0.0,0.0,0.0,0.0,0.0,0.0,0.0,7642.927210884468,10772.544806817936,3302.9514582699426,870.2072306090711,497.11824098474835,45.27992224693298,8691.23644215266,12140.190202928992,3917.2345023342205,1070.7510953360913,668.5473615253673,90.55887508392334,10295.586296860376,14068.262984961155,4749.584254350849,1285.2974892747168,778.5174781406627,113.20030570030212,11801.884609307495,16225.422476656298,5488.762304922178,1563.4742210995917,988.765427979301,168.1871039867401,13150.407180934795,17851.424077927833,6238.917496692433,1795.3634433091856,1218.4147698009715,219.93878841400146,0.0,0.0,0.0,0.0,0.0,0.0,0.0,0.0,0.0,0.0,0.0,0.0,0.0,0.0,0.0,0.0,0.0,0.0,0.0,0.0,0.0,0.0,0.0,0.0,0.0,0.0,0.0,0.0,0.0,0.0
"93,178",2506.9998159370343,0.0,0.0,0.0,0.0,0.0,0.0,0.0,0.0,0.0,0.0,3148.78453037692,4779.273419567183,1751.9372606810402,653.7440978096981,490.3402777372622,61.47123408317566,3609.2676172013375,5396.119029174132,2005.3680052495472,750.8043988751431,561.5194144903445,71.17649722099304,4192.431471077602,6229.745494017882,2318.1130687377035,824.1377330826779,626.223314112308,97.05898809432983,5036.773944902419,7507.110144133661,2786.1394255516575,960.0230680512448,726.5229705034518,131.02468139798032,6090.488467630686,8798.047342216267,3232.0839900531023,1144.44750605097,847.0463786742266,147.20118696362363,0.0,0.0,0.0,0.0,0.0,0.0,0.0,0.0,0.0,0.0,0.0,0.0,0.0,0.0,0.0,0.0,0.0,0.0,0.0,0.0,0.0,0.0,0.0,0.0,0.0,0.0,0.0,0.0,0.0,0.0
"94,178",2507.928532773502,0.0,0.0,0.0,0.0,0.0,0.0,0.0,0.0,0.0,0.0,21778.16585531889,20646.449259873934,3664.897789253908,736.9348702402675,192.43368976723914,3.2369303703308105,23828.66120592192,22715.967192641427,4102.449888378031,875.7656793678508,218.32726257455116,3.2369303703308105,26349.850883828894,24940.73944230828,4597.02243420283,946.9792680824504,231.2758306802488,3.2369303703308105,29457.627716899384,27403.837674348495,5059.12760406569,1022.7027198978499,237.75139110696082,3.2369303703308105,33258.37518540083,30762.574468992272,5728.032848118802,1148.9488262840346,260.4098049939847,3.2369303703308105,0.0,0.0,0.0,0.0,0.0,0.0,0.0,0.0,0.0,0.0,0.0,0.0,0.0,0.0,0.0,0.0,0.0,0.0,0.0,0.0,0.0,0.0,0.0,0.0,0.0,0.0,0.0,0.0,0.0,0.0
"95,178",2508.702981008233,0.0,0.0,0.0,0.0,0.0,0.0,0.0,0.0,0.0,0.0,31309.37127174396,27178.714023763056,4990.270759058933,1191.8919701464035,734.9969563484192,100.37318873405457,34970.58756150732,29821.3523827291,5506.166328402127,1350.9057469143586,836.1868961530573,116.56213784217834,38028.75830876968,32303.352200943813,5931.033031134512,1562.1832060598858,878.2823239045985,126.27584481239319,40102.504665821674,34212.12203358762,6321.749049652324,1695.292988506018,897.7112343984492,145.70581936836243,44011.11335557676,37731.559705289204,7309.6648025288305,2006.9455310419494,1049.8935716825372,168.37147760391235,0.0,0.0,0.0,0.0,0.0,0.0,0.0,0.0,0.0,0.0,0.0,0.0,0.0,0.0,0.0,0.0,0.0,0.0,0.0,0.0,0.0,0.0,0.0,0.0,0.0,0.0,0.0,0.0,0.0,0.0
"96,178",2494.8841918274443,0.0,0.0,0.0,0.0,0.0,0.0,0.0,0.0,0.0,0.0,5432.661898152033,5155.904696090548,575.8881723123438,113.35168504714966,63.14702690161911,6.477599143981934,6530.593279047573,6137.161268731659,695.7112950521357,132.78284072875977,66.38565719641892,6.477599143981934,7397.395315014148,6920.6220299655315,757.2465435701258,145.73699283599854,76.10129201926438,6.477599143981934,8475.555650122025,7936.963917126375,972.0529156825121,187.84040570259094,89.05629623450486,6.477599143981934,12025.476623046165,10998.733757068596,1627.8779009921877,340.0596249103546,157.0702949813768,22.67210817337036,0.0,0.0,0.0,0.0,0.0,0.0,0.0,0.0,0.0,0.0,0.0,0.0,0.0,0.0,0.0,0.0,0.0,0.0,0.0,0.0,0.0,0.0,0.0,0.0,0.0,0.0,0.0,0.0,0.0,0.0
"97,178",2351.8557507224864,0.0,0.0,0.0,0.0,0.0,0.0,0.0,0.0,0.0,0.0,9839.408412768793,7722.127379114487,1965.693377432169,859.5726042186513,934.4286979170406,200.8507673740387,12811.26398166488,10191.093003319758,2917.011229291617,1265.9575258619645,1736.0367159310508,589.5930590629578,15306.698983044718,12347.46400257466,3755.1395588968317,1725.9632810480452,2314.111819783379,803.4002158641815,19516.865028770295,15351.449912560221,4701.040830535515,2189.2047983534194,2897.9495544097,1047.09031383851,23439.381182939862,18864.532567265454,6102.464716418584,2925.2902277104995,3862.97527995951,1419.6351713404936,0.0,0.0,0.0,0.0,0.0,0.0,0.0,0.0,0.0,0.0,0.0,0.0,0.0,0.0,0.0,0.0,0.0,0.0,0.0,0.0,0.0,0.0,0.0,0.0,0.0,0.0,0.0,0.0,0.0,0.0
"98,178",2178.092635900293,0.0,0.0,0.0,0.0,0.0,0.0,0.0,0.0,0.0,0.0,10468.77638931929,7660.962184954625,3258.9610074894094,1716.7184707950144,1488.7830250506308,379.0392699241638,13110.120676093944,10367.176162640255,4699.922544865514,2612.6809252598705,2459.2532808098135,715.9677834510803,14650.755097071331,11754.251011067747,5552.868639203614,3066.3979867486396,3097.6491333952135,920.0706896781921,16390.066583484764,13697.476056346706,6748.286859975141,3766.2885756053174,4170.580014495289,1274.9677485307056,19526.041165146173,16956.062916073144,8863.167797262528,5126.025422376745,6137.519012267917,1867.8432182153065,0.0,0.0,0.0,0.0,0.0,0.0,0.0,0.0,0.0,0.0,0.0,0.0,0.0,0.0,0.0,0.0,0.0,0.0,0.0,0.0,0.0,0.0,0.0,0.0,0.0,0.0,0.0,0.0,0.0,0.0
"99,178",2004.1742879145936,0.0,0.0,0.0,0.0,0.0,0.0,0.0,0.0,0.0,0.0,184.67556524276733,395.27101969718933,165.23620676994324,71.27835869789124,100.43768119812012,32.399149894714355,268.9135103225708,476.2691218852997,194.39543318748474,103.67747354507446,129.59687662124634,48.5987274646759,532.9096010339026,753.0216864426931,295.2394321637995,160.36969657598758,174.95573043823242,87.47783756256104,1064.2628431927924,1203.3732713540394,379.4775620180018,207.2152056983873,247.04742932039147,110.15740990638733,2264.116066278196,2282.6715396460368,664.0975058228362,305.22608120862174,417.6074739362679,194.3952374458313,0.0,0.0,0.0,0.0,0.0,0.0,0.0,0.0,0.0,0.0,0.0,0.0,0.0,0.0,0.0,0.0,0.0,0.0,0.0,0.0,0.0,0.0,0.0,0.0,0.0,0.0,0.0,0.0,0.0,0.0
"100,178",1830.1104600929023,0.0,0.0,0.0,0.0,0.0,0.0,0.0,0.0,0.0,0.0,508.6710979938507,204.1164906024933,9.719825029373169,0.0,0.0,0.0,602.6294965744019,220.31631422042847,19.4396812915802,0.0,0.0,0.0,638.2689671516418,226.79621171951294,19.4396812915802,0.0,6.479965686798096,0.0,2174.0028047561646,502.1916699409485,74.51864671707153,22.67961359024048,38.87931847572327,16.19974398612976,4000.2664058208466,1132.9143197536469,249.47572994232178,80.99865794181824,68.03874254226685,25.91963481903076,0.0,0.0,0.0,0.0,0.0,0.0,0.0,0.0,0.0,0.0,0.0,0.0,0.0,0.0,0.0,0.0,0.0,0.0,0.0,0.0,0.0,0.0,0.0,0.0,0.0,0.0,0.0,0.0,0.0,0.0
"101,178",1655.9119806767562,0.0,0.0,0.0,0.0,0.0,0.0,0.0,0.0,0.0,0.0,0.0,0.0,0.0,0.0,0.0,0.0,0.0,0.0,0.0,0.0,0.0,0.0,0.0,0.0,0.0,0.0,0.0,0.0,0.0,0.0,0.0,0.0,0.0,0.0,0.0,0.0,0.0,0.0,0.0,0.0,0.0,0.0,0.0,0.0,0.0,0.0,0.0,0.0,0.0,0.0,0.0,0.0,0.0,0.0,0.0,0.0,0.0,0.0,0.0,0.0,0.0,0.0,0.0,0.0,0.0,0.0,0.0,0.0,0.0,0.0
"102,178",1481.590753025954,0.0,0.0,0.0,0.0,0.0,0.0,0.0,0.0,0.0,0.0,0.0,0.0,0.0,0.0,0.0,0.0,0.0,0.0,0.0,0.0,0.0,0.0,0.0,0.0,0.0,0.0,0.0,0.0,0.0,0.0,0.0,0.0,0.0,0.0,0.0,0.0,0.0,0.0,0.0,0.0,0.0,0.0,0.0,0.0,0.0,0.0,0.0,0.0,0.0,0.0,0.0,0.0,0.0,0.0,0.0,0.0,0.0,0.0,0.0,0.0,0.0,0.0,0.0,0.0,0.0,0.0,0.0,0.0,0.0,0.0
"103,178",1307.159754629205,0.0,0.0,0.0,0.0,0.0,0.0,0.0,0.0,0.0,0.0,2853.7256023743575,261.70241727174493,19.432510375976562,3.23876690864563,0.0,0.0,2863.4412102559036,261.70241727174493,19.432510375976562,3.23876690864563,0.0,0.0,2879.634074197096,261.70241727174493,19.432510375976562,3.23876690864563,0.0,0.0,2882.872619614882,264.9409626895306,19.432510375976562,3.23876690864563,0.0,0.0,2921.7351453164047,274.6565705710766,19.432510375976562,3.23876690864563,0.0,0.0,0.0,0.0,0.0,0.0,0.0,0.0,0.0,0.0,0.0,0.0,0.0,0.0,0.0,0.0,0.0,0.0,0.0,0.0,0.0,0.0,0.0,0.0,0.0,0.0,0.0,0.0,0.0,0.0,0.0,0.0
"104,178",1132.6330349210236,0.0,0.0,0.0,0.0,0.0,0.0,0.0,0.0,0.0,0.0,3647.399737140244,1665.1521980257596,463.03182792663574,200.59194358283398,278.47109961509705,123.04496145248413,3766.9679454953066,1759.0568162890042,469.50865960121155,197.35398658210156,304.37504839897156,148.9493284225464,4035.626216470494,1950.733812862284,523.7418242361032,220.0196595996034,343.23091435432434,152.18727707862854,4274.682966960646,2106.968301561767,576.7563279815749,254.5833703695559,365.89660692214966,184.56699419021606,4538.910899934582,2219.411090215047,638.2800918766097,283.8017772094876,396.65160814360075,213.70997548103333,0.0,0.0,0.0,0.0,0.0,0.0,0.0,0.0,0.0,0.0,0.0,0.0,0.0,0.0,0.0,0.0,0.0,0.0,0.0,0.0,0.0,0.0,0.0,0.0,0.0,0.0,0.0,0.0,0.0,0.0
"105,178",958.0257119055625,0.0,0.0,0.0,0.0,0.0,0.0,0.0,0.0,0.0,0.0,998.7611398173315,1001.4630813785627,604.9374178428276,300.5146685927522,387.71187841097515,245.65796693166098,1034.768309544582,1045.214245817708,632.4417017637514,303.7517107813966,376.555367676417,216.52829440434772,1119.3269313101675,1213.5194404340257,712.1368336574704,345.82718480521555,419.0114586372001,213.29209860165912,1305.1259231062495,1416.2101040241764,807.6102224836163,418.49085311983146,522.583307983361,255.36890180905658,1344.7780471212723,1473.1618830821092,870.0584978954465,454.0944753179363,552.0561210651024,269.77529287338257,0.0,0.0,0.0,0.0,0.0,0.0,0.0,0.0,0.0,0.0,0.0,0.0,0.0,0.0,0.0,0.0,0.0,0.0,0.0,0.0,0.0,0.0,0.0,0.0,0.0,0.0,0.0,0.0,0.0,0.0
"106,178",783.3539675925492,0.0,0.0,0.0,0.0,0.0,0.0,0.0,0.0,0.0,0.0,13641.308331739201,3178.652051792893,301.659233824412,110.35168618407904,126.83001429239908,95.74997048004,14233.437264312483,3415.5383053050323,311.365576283137,121.56920596010545,128.28885267575583,92.51565651519626,15532.872823746064,3898.4621258408415,340.48660661379495,131.2765619362102,139.77252155939738,108.69527797324984,17599.914948318517,4537.067346512103,403.1436897324581,155.69100334691066,146.2440231482188,123.28872448509813,19094.085740810282,4994.057382608862,475.9423862625571,168.6338546519186,149.162259721756,134.76058161959926,0.0,0.0,0.0,0.0,0.0,0.0,0.0,0.0,0.0,0.0,0.0,0.0,0.0,0.0,0.0,0.0,0.0,0.0,0.0,0.0,0.0,0.0,0.0,0.0,0.0,0.0,0.0,0.0,0.0,0.0
"107,178",608.6350422499111,0.0,0.0,0.0,0.0,0.0,0.0,0.0,0.0,0.0,0.0,7641.493461017047,579.0620514018863,67.91826391220093,6.469765901565552,12.939485788345337,0.0,7876.501300998761,619.7071887493133,80.85381960868835,6.469765901565552,6.469714641571045,1.2051447887046665,7833.982663241553,658.5175203323364,84.08869743347168,6.469765901565552,12.939460039138794,4.440099384270463,7966.860091139287,716.7463118076324,100.2622697353363,9.704674482345581,19.408260822296143,7.674048568688187,7988.106645124097,749.9532581226499,100.26244783401489,6.469765901565552,19.408260822296143,7.674048568688187,0.0,0.0,0.0,0.0,0.0,0.0,0.0,0.0,0.0,0.0,0.0,0.0,0.0,0.0,0.0,0.0,0.0,0.0,0.0,0.0,0.0,0.0,0.0,0.0,0.0,0.0,0.0,0.0,0.0,0.0
"108,178",121.30924495577977,0.0,0.0,0.0,0.0,0.0,0.0,0.0,0.0,0.0,0.0,40.75135162110422,3.233307123184204,0.0,0.0,0.0,0.0,45.062405532949114,3.233307123184204,0.0,0.0,0.0,0.0,41.82906932269826,3.233307123184204,0.0,0.0,0.0,0.0,41.82906932269826,3.233307123184204,0.0,0.0,0.0,0.0,36.64331428209941,0.0,0.0,0.0,0.0,0.0,0.0,0.0,0.0,0.0,0.0,0.0,0.0,0.0,0.0,0.0,0.0,0.0,0.0,0.0,0.0,0.0,0.0,0.0,0.0,0.0,0.0,0.0,0.0,0.0,0.0,0.0,0.0,0.0,0.0,0.0
"83,179",1495.4018832306094,0.0,0.0,0.0,0.0,0.0,0.0,0.0,0.0,0.0,0.0,142.46865961972406,169.24328490145066,102.84132528305054,54.63689184188843,3.21399188041687,0.0,87.83394978467156,143.5314342582927,77.13114786148071,54.63689184188843,3.21399188041687,0.0,94.26156495038201,149.95611496813157,73.91650867462158,54.63689184188843,3.21399188041687,0.0,93.20185589790344,121.02998824961045,73.91650867462158,44.99514675140381,3.21399188041687,0.0,32.137603521347046,9.641938209533691,25.70992922782898,16.069451332092285,0.0,0.0,0.0,0.0,0.0,0.0,0.0,0.0,0.0,0.0,0.0,0.0,0.0,0.0,0.0,0.0,0.0,0.0,0.0,0.0,0.0,0.0,0.0,0.0,0.0,0.0,0.0,0.0,0.0,0.0,0.0,0.0
"84,179",2491.847929472524,0.0,0.0,0.0,0.0,0.0,0.0,0.0,0.0,0.0,0.0,92.16342123349507,62.158347288767494,22.50873041152954,9.645021915435791,0.0,0.0,88.94846232732137,62.158347288767494,16.078351259231567,9.645021915435791,0.0,0.0,85.73375209172566,58.94376174608866,16.078351259231567,9.645021915435791,0.0,0.0,83.59071779251099,46.07748977343241,9.646559000015259,6.42980432510376,0.0,0.0,35.371638774871826,19.288902282714844,9.646559000015259,0.0,0.0,0.0,0.0,0.0,0.0,0.0,0.0,0.0,0.0,0.0,0.0,0.0,0.0,0.0,0.0,0.0,0.0,0.0,0.0,0.0,0.0,0.0,0.0,0.0,0.0,0.0,0.0,0.0,0.0,0.0,0.0,0.0
"85,179",2494.143485396024,0.0,0.0,0.0,0.0,0.0,0.0,0.0,0.0,0.0,0.0,1600.8873770405264,876.5130605295592,218.8952796459198,54.72027015686035,16.093473434448242,0.0,1691.0125417877646,950.5480038717681,231.7723696231842,64.37851095199585,16.093473434448242,0.0,1620.2044456173392,893.4239557640225,222.1203052997589,70.82027792930603,16.093669891357422,0.0,1449.6196527649374,719.6212192432553,199.59138751029968,67.60276341438293,16.093669891357422,0.0,1356.2850752045126,706.7631693737179,189.93654799461365,67.60981702804565,16.093669891357422,0.0,0.0,0.0,0.0,0.0,0.0,0.0,0.0,0.0,0.0,0.0,0.0,0.0,0.0,0.0,0.0,0.0,0.0,0.0,0.0,0.0,0.0,0.0,0.0,0.0,0.0,0.0,0.0,0.0,0.0,0.0
"86,179",2496.165125266392,0.0,0.0,0.0,0.0,0.0,0.0,0.0,0.0,0.0,0.0,399.83567623157126,436.33025399282866,215.83858919143677,51.54378890991211,19.326255083084106,0.0,432.05543688792807,465.3284849269717,231.94847655296326,51.54535102844238,19.326255083084106,0.0,454.61419419307333,455.6725968463748,238.3977551460266,67.66094017028809,22.550950527191162,0.0,438.50892476100546,446.01042667463713,222.29289889335632,67.6628623008728,25.771525382995605,0.0,554.4724953557931,526.540320072922,251.27819967269897,74.10259008407593,25.771565198898315,0.0,0.0,0.0,0.0,0.0,0.0,0.0,0.0,0.0,0.0,0.0,0.0,0.0,0.0,0.0,0.0,0.0,0.0,0.0,0.0,0.0,0.0,0.0,0.0,0.0,0.0,0.0,0.0,0.0,0.0,0.0
"87,179",2498.295395056466,0.0,0.0,0.0,0.0,0.0,0.0,0.0,0.0,0.0,0.0,12.897525787353516,25.791123628616333,22.563300609588623,3.223613977432251,0.0,0.0,9.674289464950562,19.34010100364685,22.563300609588623,3.223613977432251,0.0,0.0,9.674289464950562,19.34010100364685,19.3400456905365,3.223613977432251,0.0,0.0,3.2233011722564697,19.34010100364685,19.3400456905365,3.223613977432251,0.0,0.0,3.2233011722564697,19.34010100364685,16.11680006980896,3.223613977432251,0.0,0.0,0.0,0.0,0.0,0.0,0.0,0.0,0.0,0.0,0.0,0.0,0.0,0.0,0.0,0.0,0.0,0.0,0.0,0.0,0.0,0.0,0.0,0.0,0.0,0.0,0.0,0.0,0.0,0.0,0.0,0.0
"88,179",2500.1409261913614,0.0,0.0,0.0,0.0,0.0,0.0,0.0,0.0,0.0,0.0,234.74930637771007,212.96139258777396,66.96185465700486,29.0438449382782,3.227341651916504,0.0,260.5636269419801,229.9059827000487,86.32214065439561,25.817588567733765,3.227341651916504,0.0,383.18266528540966,312.9957974546096,115.36383458025315,29.04449152946472,6.454236268997192,0.0,742.1648570341222,621.1479868066077,189.5796863640056,54.85876655578613,12.908271074295044,0.0,1204.3873014225678,1121.3004924428228,418.684306343864,116.16799235343933,32.27035307884216,51.63217258453369,0.0,0.0,0.0,0.0,0.0,0.0,0.0,0.0,0.0,0.0,0.0,0.0,0.0,0.0,0.0,0.0,0.0,0.0,0.0,0.0,0.0,0.0,0.0,0.0,0.0,0.0,0.0,0.0,0.0,0.0
"89,179",2501.8350263646494,0.0,0.0,0.0,0.0,0.0,0.0,0.0,0.0,0.0,0.0,16.14774799346924,38.75865340232849,12.919555187225342,9.689814329147339,3.229943037033081,0.0,22.608779191970825,41.98807168006897,22.609304666519165,3.229943037033081,0.0,0.0,29.06841206550598,41.988157749176025,25.839240312576294,3.229943037033081,0.0,0.0,45.20850086212158,64.58844637870789,41.981356143951416,3.229943037033081,6.4561767578125,6.4561614990234375,93.62781929969788,174.34434866905212,103.31860446929932,9.687841653823853,19.368138074874878,6.4561614990234375,0.0,0.0,0.0,0.0,0.0,0.0,0.0,0.0,0.0,0.0,0.0,0.0,0.0,0.0,0.0,0.0,0.0,0.0,0.0,0.0,0.0,0.0,0.0,0.0,0.0,0.0,0.0,0.0,0.0,0.0
"90,179",2503.3770828841098,0.0,0.0,0.0,0.0,0.0,0.0,0.0,0.0,0.0,0.0,12.922736167907715,19.38408637046814,12.922842979431152,0.0,3.2306079864501953,0.0,12.922736167907715,19.38408637046814,25.844187259674072,0.0,3.2306079864501953,0.0,214.87497585895014,159.93939457874671,65.4178006069333,3.2310001850128174,5.65099817163804,0.0,1827.3181862503875,655.1388353095335,130.04541725083894,29.082540035247803,12.113913115333109,0.0,2135.9079099402707,815.898502549938,136.50918740197724,42.00752091407776,12.113913115333109,0.0,0.0,0.0,0.0,0.0,0.0,0.0,0.0,0.0,0.0,0.0,0.0,0.0,0.0,0.0,0.0,0.0,0.0,0.0,0.0,0.0,0.0,0.0,0.0,0.0,0.0,0.0,0.0,0.0,0.0,0.0
"91,179",2504.7665370267123,0.0,0.0,0.0,0.0,0.0,0.0,0.0,0.0,0.0,0.0,12.929432392120361,29.091251134872437,19.394198417663574,3.2323172092437744,3.2329037189483643,3.2329037189483643,77.57712697982788,138.99240493774414,67.87998652458191,6.464709758758545,16.164280891418457,25.865773677825928,475.16529965400696,504.25380849838257,190.7097442150116,25.858625888824463,22.628990650177002,25.865773677825928,491.32804107666016,526.8812155723572,193.94214940071106,25.858625888824463,22.628990650177002,25.866370677947998,669.1156651973724,688.5047705173492,258.59172081947327,42.02056932449341,29.09390091896057,35.565497159957886,0.0,0.0,0.0,0.0,0.0,0.0,0.0,0.0,0.0,0.0,0.0,0.0,0.0,0.0,0.0,0.0,0.0,0.0,0.0,0.0,0.0,0.0,0.0,0.0,0.0,0.0,0.0,0.0,0.0,0.0
"92,179",2506.002884528611,0.0,0.0,0.0,0.0,0.0,0.0,0.0,0.0,0.0,0.0,613.4099899965174,686.729839554955,281.3786898061341,32.345624923706055,12.127044786191455,6.469918727874756,664.0602479570052,796.1493027724472,342.02401047033425,54.98704171180725,18.5958672654395,6.469918727874756,864.6065562360427,1081.5925904582527,445.5289254693424,103.50529932975769,38.00428234455632,6.469918727874756,983.4716988731833,1276.463366621616,542.8216821259143,129.38252711296082,57.41316472408818,6.469918727874756,1513.104106645958,2082.07244886791,781.3651210195878,222.37287193840626,115.63670431492375,9.704860210418701,0.0,0.0,0.0,0.0,0.0,0.0,0.0,0.0,0.0,0.0,0.0,0.0,0.0,0.0,0.0,0.0,0.0,0.0,0.0,0.0,0.0,0.0,0.0,0.0,0.0,0.0,0.0,0.0,0.0,0.0
"93,179",1547.990892330537,0.0,0.0,0.0,0.0,0.0,0.0,0.0,0.0,0.0,0.0,217.81091557858036,315.9562803137536,134.25357661247253,40.43351228003408,29.1164653301239,9.70544171333313,283.5932341706519,386.05234130504084,156.89957437515258,56.61063296561147,32.351574420928955,9.70544171333313,308.66303932339537,411.9356141913171,184.39285669326782,66.3161795831194,38.821932315826416,9.70544171333313,334.5451511111914,434.58169182422114,196.25538239479064,59.844750235127464,38.822320222854614,9.70544171333313,353.9559379783331,462.62119682910395,215.66601858139038,76.02081758742239,47.71592164413602,9.70544171333313,0.0,0.0,0.0,0.0,0.0,0.0,0.0,0.0,0.0,0.0,0.0,0.0,0.0,0.0,0.0,0.0,0.0,0.0,0.0,0.0,0.0,0.0,0.0,0.0,0.0,0.0,0.0,0.0,0.0,0.0
"94,179",364.21402878222455,0.0,0.0,0.0,0.0,0.0,0.0,0.0,0.0,0.0,0.0,1278.639268844268,712.3102042151432,228.6954292110368,67.9806215763092,25.89720129966736,0.0,1275.4016663719626,722.0214878989201,231.93229997672285,67.9806215763092,29.134479999542236,0.0,1296.432754380095,764.1037384940129,243.2563980925317,77.69219136238098,32.37163329124451,0.0,1341.1794190846235,896.17560784583,281.28921946824767,103.58895611763,38.03314654593375,0.0,1995.0882168255598,1461.0363268917683,397.01450510773,113.30037999153137,47.744214699315094,0.0,0.0,0.0,0.0,0.0,0.0,0.0,0.0,0.0,0.0,0.0,0.0,0.0,0.0,0.0,0.0,0.0,0.0,0.0,0.0,0.0,0.0,0.0,0.0,0.0,0.0,0.0,0.0,0.0,0.0,0.0
"95,179",190.18385956273198,0.0,0.0,0.0,0.0,0.0,0.0,0.0,0.0,0.0,0.0,95.79780975603589,78.51646634457158,25.901134967803955,6.500503107145721,9.712666511535645,0.0,121.6990570189906,123.84471460697698,38.852132081985474,9.738237901762421,12.137795857822194,3.237553119659424,170.62066530807348,163.77671198564417,58.27823543548584,18.638879342172658,15.375352553760305,3.237553119659424,212.48103191712326,221.10095307686748,99.17354154493295,28.351747555826222,15.375352553760305,3.237553119659424,308.999562069014,327.5739470622119,139.40864401985618,43.72707948965185,34.80065291348625,6.475106239318848,0.0,0.0,0.0,0.0,0.0,0.0,0.0,0.0,0.0,0.0,0.0,0.0,0.0,0.0,0.0,0.0,0.0,0.0,0.0,0.0,0.0,0.0,0.0,0.0,0.0,0.0,0.0,0.0,0.0,0.0
"96,179",30.57128513822719,0.0,0.0,0.0,0.0,0.0,0.0,0.0,0.0,0.0,0.0,0.0,0.0,0.0,0.0,0.0,0.0,0.0,0.0,0.0,0.0,0.0,0.0,0.0,2.425915813446045,0.0,0.0,0.0,3.2384259700775146,0.0,2.425915813446045,0.0,0.0,0.0,3.2384259700775146,0.0,2.425915813446045,0.0,0.0,0.0,3.2384259700775146,0.0,0.0,0.0,0.0,0.0,0.0,0.0,0.0,0.0,0.0,0.0,0.0,0.0,0.0,0.0,0.0,0.0,0.0,0.0,0.0,0.0,0.0,0.0,0.0,0.0,0.0,0.0,0.0,0.0,0.0
"83,180",485.9883928449386,0.0,0.0,0.0,0.0,0.0,0.0,0.0,0.0,0.0,0.0,81.93441765729119,40.16082008212221,44.98663377761841,20.99560151100159,0.0,0.0,75.50770609799554,40.16035707324159,41.77325463294983,17.78180584907532,0.0,0.0,69.08094828549554,36.94708259432924,35.34661269187927,17.781574106216432,0.0,0.0,62.654329471027154,36.94708259432924,38.560107707977295,20.995103693008424,0.0,0.0,36.94783060971429,33.7340749058069,22.493595600128174,17.781968450546266,0.0,0.0,0.0,0.0,0.0,0.0,0.0,0.0,0.0,0.0,0.0,0.0,0.0,0.0,0.0,0.0,0.0,0.0,0.0,0.0,0.0,0.0,0.0,0.0,0.0,0.0,0.0,0.0,0.0,0.0,0.0,0.0
"84,180",968.6171535595834,0.0,0.0,0.0,0.0,0.0,0.0,0.0,0.0,0.0,0.0,0.0,0.0,0.0,0.0,0.0,0.0,3.214901924133301,0.0,0.0,0.0,0.0,0.0,3.214901924133301,0.0,0.0,0.0,0.0,0.0,0.0,0.0,0.0,0.0,0.0,0.0,0.0,0.0,0.0,0.0,0.0,0.0,0.0,0.0,0.0,0.0,0.0,0.0,0.0,0.0,0.0,0.0,0.0,0.0,0.0,0.0,0.0,0.0,0.0,0.0,0.0,0.0,0.0,0.0,0.0,0.0,0.0,0.0,0.0,0.0,0.0,0.0
"85,180",1006.7513021604503,0.0,0.0,0.0,0.0,0.0,0.0,0.0,0.0,0.0,0.0,0.0,3.2182817459106445,0.0,3.218292236328125,0.0,0.0,0.0,3.2182817459106445,0.0,3.218292236328125,0.0,0.0,0.0,3.2182817459106445,0.0,3.218292236328125,0.0,0.0,0.0,3.2182817459106445,0.0,3.218292236328125,0.0,0.0,0.0,3.2182817459106445,0.0,3.218292236328125,0.0,0.0,0.0,0.0,0.0,0.0,0.0,0.0,0.0,0.0,0.0,0.0,0.0,0.0,0.0,0.0,0.0,0.0,0.0,0.0,0.0,0.0,0.0,0.0,0.0,0.0,0.0,0.0,0.0,0.0,0.0,0.0
"86,180",1044.8581117247,0.0,0.0,0.0,0.0,0.0,0.0,0.0,0.0,0.0,0.0,0.0,0.0,0.0,0.0,0.0,0.0,0.0,0.0,0.0,0.0,0.0,0.0,0.0,0.0,0.0,0.0,0.0,0.0,0.0,0.0,0.0,0.0,0.0,0.0,0.0,0.0,0.0,0.0,0.0,0.0,0.0,0.0,0.0,0.0,0.0,0.0,0.0,0.0,0.0,0.0,0.0,0.0,0.0,0.0,0.0,0.0,0.0,0.0,0.0,0.0,0.0,0.0,0.0,0.0,0.0,0.0,0.0,0.0,0.0,0.0
"87,180",1083.0582945964268,0.0,0.0,0.0,0.0,0.0,0.0,0.0,0.0,0.0,0.0,16.127878427505493,9.676727056503296,0.0,0.0,0.0,0.0,16.127878427505493,9.676727056503296,0.0,0.0,0.0,0.0,16.127878427505493,9.676727056503296,0.0,0.0,0.0,0.0,16.127878427505493,9.676727056503296,0.0,0.0,0.0,0.0,12.902294158935547,6.45114278793335,0.0,0.0,0.0,0.0,0.0,0.0,0.0,0.0,0.0,0.0,0.0,0.0,0.0,0.0,0.0,0.0,0.0,0.0,0.0,0.0,0.0,0.0,0.0,0.0,0.0,0.0,0.0,0.0,0.0,0.0,0.0,0.0,0.0,0.0
"88,180",1121.201094226605,0.0,0.0,0.0,0.0,0.0,0.0,0.0,0.0,0.0,0.0,60.090115870681466,63.72479548173792,24.06288159127329,3.225806951522827,0.0,3.2276620864868164,50.40832528039521,63.72518076616175,24.06288159127329,6.453484773635864,0.0,3.2276620864868164,50.40832528039521,66.95095338540918,24.06288159127329,6.453484773635864,0.0,3.2276620864868164,50.40832528039521,57.2735074968899,22.974862276339064,6.453484773635864,0.0,3.2276620864868164,50.40832528039521,50.821927926119635,20.153840370739207,3.225806951522827,0.0,3.2276620864868164,0.0,0.0,0.0,0.0,0.0,0.0,0.0,0.0,0.0,0.0,0.0,0.0,0.0,0.0,0.0,0.0,0.0,0.0,0.0,0.0,0.0,0.0,0.0,0.0,0.0,0.0,0.0,0.0,0.0,0.0
"89,180",1159.3181116692951,0.0,0.0,0.0,0.0,0.0,0.0,0.0,0.0,0.0,0.0,77.51647758483887,41.98807334899902,22.608906984329224,6.45969820022583,16.149288415908813,0.0,74.28666472434998,41.98807334899902,22.608906984329224,6.45969820022583,16.149288415908813,0.0,74.28666472434998,32.29852628707886,22.608906984329224,6.45969820022583,12.919403314590454,0.0,71.05683732032776,29.068684577941895,16.149237871170044,6.45969820022583,12.919403314590454,0.0,67.82696652412415,29.068684577941895,16.149237871170044,6.45969820022583,12.919403314590454,0.0,0.0,0.0,0.0,0.0,0.0,0.0,0.0,0.0,0.0,0.0,0.0,0.0,0.0,0.0,0.0,0.0,0.0,0.0,0.0,0.0,0.0,0.0,0.0,0.0,0.0,0.0,0.0,0.0,0.0,0.0
"90,180",2120.0361230198896,0.0,0.0,0.0,0.0,0.0,0.0,0.0,0.0,0.0,0.0,0.0,0.0,0.0,0.0,0.0,0.0,0.0,0.0,0.0,0.0,0.0,0.0,0.0,0.0,0.0,0.0,0.0,0.0,0.0,0.0,0.0,0.0,0.0,0.0,0.0,0.0,0.0,0.0,0.0,0.0,0.0,0.0,0.0,0.0,0.0,0.0,0.0,0.0,0.0,0.0,0.0,0.0,0.0,0.0,0.0,0.0,0.0,0.0,0.0,0.0,0.0,0.0,0.0,0.0,0.0,0.0,0.0,0.0,0.0,0.0
"91,180",2504.8481604335657,0.0,0.0,0.0,0.0,0.0,0.0,0.0,0.0,0.0,0.0,0.0,0.0,0.0,0.0,0.0,0.0,0.0,0.0,0.0,0.0,0.0,0.0,0.0,0.0,0.0,0.0,0.0,0.0,0.0,0.0,0.0,0.0,0.0,0.0,0.0,0.0,0.0,0.0,0.0,0.0,0.0,0.0,0.0,0.0,0.0,0.0,0.0,0.0,0.0,0.0,0.0,0.0,0.0,0.0,0.0,0.0,0.0,0.0,0.0,0.0,0.0,0.0,0.0,0.0,0.0,0.0,0.0,0.0,0.0,0.0
"92,180",1049.7516403018801,0.0,0.0,0.0,0.0,0.0,0.0,0.0,0.0,0.0,0.0,28.019200535381543,6.456246326483932,3.234476089477539,0.0,0.0,0.0,28.019200535381543,9.690582464255538,0.0,0.0,0.0,0.0,31.253312798107373,16.159025142707076,0.0,0.0,0.0,0.0,25.875223398208618,12.924554536856856,0.0,0.0,0.0,0.0,35.577783823013306,12.924554536856856,0.0,0.0,0.0,0.0,0.0,0.0,0.0,0.0,0.0,0.0,0.0,0.0,0.0,0.0,0.0,0.0,0.0,0.0,0.0,0.0,0.0,0.0,0.0,0.0,0.0,0.0,0.0,0.0,0.0,0.0,0.0,0.0,0.0,0.0
"93,180",38.426010330380656,0.0,0.0,0.0,0.0,0.0,0.0,0.0,0.0,0.0,0.0,0.0,0.0,0.0,0.0,0.0,0.0,0.0,0.0,0.0,0.0,0.0,0.0,0.0,0.0,0.0,0.0,0.0,0.0,0.0,0.0,0.0,0.0,0.0,0.0,0.0,0.0,0.0,0.0,0.0,0.0,0.0,0.0,0.0,0.0,0.0,0.0,0.0,0.0,0.0,0.0,0.0,0.0,0.0,0.0,0.0,0.0,0.0,0.0,0.0,0.0,0.0,0.0,0.0,0.0,0.0,0.0,0.0,0.0,0.0,0.0
"90,181",1413.4628182382892,0.0,0.0,0.0,0.0,0.0,0.0,0.0,0.0,0.0,0.0,0.0,0.0,0.0,0.0,0.0,0.0,0.0,0.0,0.0,0.0,0.0,0.0,0.0,0.0,0.0,0.0,0.0,0.0,0.0,0.0,0.0,0.0,0.0,0.0,0.0,0.0,0.0,0.0,0.0,0.0,0.0,0.0,0.0,0.0,0.0,0.0,0.0,0.0,0.0,0.0,0.0,0.0,0.0,0.0,0.0,0.0,0.0,0.0,0.0,0.0,0.0,0.0,0.0,0.0,0.0,0.0,0.0,0.0,0.0,0.0
"91,181",2355.2721720611157,0.0,0.0,0.0,0.0,0.0,0.0,0.0,0.0,0.0,0.0,0.0,0.0,0.0,0.0,0.0,0.0,0.0,0.0,0.0,0.0,0.0,0.0,0.0,0.0,0.0,0.0,0.0,0.0,0.0,0.0,0.0,0.0,0.0,0.0,0.0,0.0,0.0,0.0,0.0,0.0,0.0,0.0,0.0,0.0,0.0,0.0,0.0,0.0,0.0,0.0,0.0,0.0,0.0,0.0,0.0,0.0,0.0,0.0,0.0,0.0,0.0,0.0,0.0,0.0,0.0,0.0,0.0,0.0,0.0,0.0
"90,182",1335.670079571559,0.0,0.0,0.0,0.0,0.0,0.0,0.0,0.0,0.0,0.0,0.0,0.0,0.0,0.0,0.0,0.0,0.0,0.0,0.0,0.0,0.0,0.0,0.0,0.0,0.0,0.0,0.0,0.0,0.0,0.0,0.0,0.0,0.0,0.0,0.0,0.0,0.0,0.0,0.0,0.0,0.0,0.0,0.0,0.0,0.0,0.0,0.0,0.0,0.0,0.0,0.0,0.0,0.0,0.0,0.0,0.0,0.0,0.0,0.0,0.0,0.0,0.0,0.0,0.0,0.0,0.0,0.0,0.0,0.0,0.0
"91,182",1443.6437056253822,0.0,0.0,0.0,0.0,0.0,0.0,0.0,0.0,0.0,0.0,0.0,0.0,0.0,0.0,0.0,0.0,0.0,0.0,0.0,0.0,0.0,0.0,0.0,0.0,0.0,0.0,0.0,0.0,0.0,0.0,0.0,0.0,0.0,0.0,0.0,0.0,0.0,0.0,0.0,0.0,0.0,0.0,0.0,0.0,0.0,0.0,0.0,0.0,0.0,0.0,0.0,0.0,0.0,0.0,0.0,0.0,0.0,0.0,0.0,0.0,0.0,0.0,0.0,0.0,0.0,0.0,0.0,0.0,0.0,0.0
"90,183",466.18965947798665,0.0,0.0,0.0,0.0,0.0,0.0,0.0,0.0,0.0,0.0,0.0,0.0,0.0,0.0,0.0,0.0,0.0,0.0,0.0,0.0,0.0,0.0,0.0,0.0,0.0,0.0,0.0,0.0,0.0,0.0,0.0,0.0,0.0,0.0,0.0,0.0,0.0,0.0,0.0,0.0,0.0,0.0,0.0,0.0,0.0,0.0,0.0,0.0,0.0,0.0,0.0,0.0,0.0,0.0,0.0,0.0,0.0,0.0,0.0,0.0,0.0,0.0,0.0,0.0,0.0,0.0,0.0,0.0,0.0,0.0
"91,183",223.46257487753942,0.0,0.0,0.0,0.0,0.0,0.0,0.0,0.0,0.0,0.0,0.0,0.0,0.0,0.0,0.0,0.0,0.0,0.0,0.0,0.0,0.0,0.0,0.0,0.0,0.0,0.0,0.0,0.0,0.0,0.0,0.0,0.0,0.0,0.0,0.0,0.0,0.0,0.0,0.0,0.0,0.0,0.0,0.0,0.0,0.0,0.0,0.0,0.0,0.0,0.0,0.0,0.0,0.0,0.0,0.0,0.0,0.0,0.0,0.0,0.0,0.0,0.0,0.0,0.0,0.0,0.0,0.0,0.0,0.0,0.0
