cnpj_clean,emissor,cidade,uf,rota,rota_tag,cohort,X,Y,neea_first,neea_t2_2026,delta_neea,vol_pct_first,vol_pct_t2_2026,delta_vol_pct,cane_area_total_ha,mean_first_key_year,first_entry_year,last_entry_year,n_entry_years,schema,buffer_km,frontier_source_method,frontier_year_window,frontier_area_definition,cane_area_total_ha_approx_from_origin,outcome
00297598000122,DESTILARIA DE ÁLCOOL LIBRA LTDA. - SÃO JOSÉ DO RIO CLARO - MT,SÃO JOSÉ DO RIO CLARO,MT,Etanol combustível de primeira geração – cana-de-açúcar e milho em usina integrada,cana_milho_integrada,2022,4726601.98423902,8470976.23214683,47.19,39.17,-8.019999999999996,67.56,66.16,-1.4000000000000057,91902.91324273191,2005.834348706489,1989,2015,27,pre_renovabio_1985_2015,150,approx_from_previous_land_use_grid,1987-2015,persistent new sugarcane entries weighted by grid-cell overlap,91902.91324273191,delta_neea
00372496000124,Central Energética Vale do Sapucaí Ltda. - Patrocínio Paulista - SP,Patrocínio Paulista,SP,Etanol combustível de primeira geração – cana-de-açúcar,cana_pura,2022,5683831.09458151,7690204.52935748,55.7,55.51,-0.1900000000000048,94.63,90.31,-4.319999999999993,2445167.341376323,2001.455290225439,1987,2015,29,pre_renovabio_1985_2015,150,approx_from_previous_land_use_grid,1987-2015,persistent new sugarcane entries weighted by grid-cell overlap,2445167.341376323,delta_neea
00595322000120,DENUSA DESTILARIA NOVA UNIÃO S/A - Jandaia - GO,Jandaia,GO,Etanol combustível de primeira geração – cana-de-açúcar,cana_pura,2022,5409973.4560416,8087852.68291427,64.3,68.08,3.780000000000001,87.16,85.61,-1.5499999999999972,719662.5457482979,2009.1774460768913,1987,2015,29,pre_renovabio_1985_2015,150,approx_from_previous_land_use_grid,1987-2015,persistent new sugarcane entries weighted by grid-cell overlap,719662.5457482979,delta_neea
01105558000102,WD AGROINDUSTRIAL LTDA - João Pinheiro - MG,João Pinheiro,MG,Etanol combustível de primeira geração – cana-de-açúcar,cana_pura,2022,5846982.93235041,7966338.47292695,68.5,68.5,0.0,92.11,92.11,0.0,62686.339765785495,2011.2134582258634,1987,2015,29,pre_renovabio_1985_2015,150,approx_from_previous_land_use_grid,1987-2015,persistent new sugarcane entries weighted by grid-cell overlap,62686.339765785495,delta_neea
02043917000107,USINA RIO VERDE LTDA. - EM RECUPERAÇÃO JUDICIAL - Rio Verde - GO,Rio Verde,GO,Etanol combustível de primeira geração – cana-de-açúcar e milho em usina integrada,cana_milho_integrada,2022,5310460.5809602,8057054.40652174,45.99,54.17,8.18,87.08,83.3,-3.780000000000001,678882.4441519864,2010.4492784811387,1987,2015,29,pre_renovabio_1985_2015,150,approx_from_previous_land_use_grid,1987-2015,persistent new sugarcane entries weighted by grid-cell overlap,678882.4441519864,delta_neea
02414858000470,Vale Verde Empreendimentos Agrícolas Ltda. Em Recuperação Judicial - Itapaci - GO,Itapaci,GO,Etanol combustível de primeira geração – cana-de-açúcar,cana_pura,2022,5479817.78534701,8338262.39698919,62.3,60.63,-1.6699999999999946,98.44,78.35,-20.090000000000003,213971.035105947,2006.5684080763192,1987,2015,29,pre_renovabio_1985_2015,150,approx_from_previous_land_use_grid,1987-2015,persistent new sugarcane entries weighted by grid-cell overlap,213971.035105947,delta_neea
02460988000105,USINA GOIANÉSIA S/A - EM RECUPERAÇÃO JUDICIAL - Goianésia - GO,Goianésia,GO,Etanol combustível de primeira geração – cana-de-açúcar,cana_pura,2023,5526539.61558435,8311157.15201518,62.1,63.03,0.9299999999999996,97.98,99.91,1.9299999999999928,221413.6718702728,2006.440666357843,1987,2015,29,pre_renovabio_1985_2015,150,approx_from_previous_land_use_grid,1987-2015,persistent new sugarcane entries weighted by grid-cell overlap,221413.6718702728,delta_neea
02635522000195,JALLES MACHADO S.A. - Matriz - Goianésia - GO,Goianésia,GO,Etanol combustível de primeira geração – cana-de-açúcar,cana_pura,2022,5538381.62495406,8311260.58537639,70.1,67.67,-2.4299999999999926,100.0,95.23,-4.769999999999996,212675.61804967374,2006.5331421783308,1987,2015,29,pre_renovabio_1985_2015,150,approx_from_previous_land_use_grid,1987-2015,persistent new sugarcane entries weighted by grid-cell overlap,212675.61804967374,delta_neea
02635522004930,JALLES MACHADO S.A. - Unidade Otavio Lage - Goianésia - GO,Goianésia,GO,Etanol combustível de primeira geração – cana-de-açúcar,cana_pura,2022,5504657.33191542,8326472.95099455,61.7,68.98,7.280000000000001,100.0,82.41,-17.590000000000003,217984.06823981134,2006.5023274589287,1987,2015,29,pre_renovabio_1985_2015,150,approx_from_previous_land_use_grid,1987-2015,persistent new sugarcane entries weighted by grid-cell overlap,217984.06823981134,delta_neea
02678100000105,LASA LAGO AZUL S.A. - Ipameri - GO,Ipameri,GO,Etanol combustível de primeira geração – cana-de-açúcar,cana_pura,2022,5670837.07069855,8080207.95905736,51.23,50.63,-0.5999999999999943,100.0,100.0,0.0,33662.5999858918,2011.2991748020597,1987,2015,29,pre_renovabio_1985_2015,150,approx_from_previous_land_use_grid,1987-2015,persistent new sugarcane entries weighted by grid-cell overlap,33662.5999858918,delta_neea
02773950000184,GOIASA GOIATUBA ÁLCOOL LTDA. - GOIATUBA - GO,GOIATUBA,GO,Etanol combustível de primeira geração – cana-de-açúcar,cana_pura,2022,5458178.81561681,7995713.47454414,62.8,63.9,1.1000000000000014,96.72,97.23,0.5100000000000051,1126323.739605179,2009.4062043604604,1987,2015,29,pre_renovabio_1985_2015,150,approx_from_previous_land_use_grid,1987-2015,persistent new sugarcane entries weighted by grid-cell overlap,1126323.739605179,delta_neea
02783009000141,ANICUNS S.A. ÁLCOOL E DERIVADOS - Anicuns - GO,Anicuns,GO,Etanol combustível de primeira geração – cana-de-açúcar,cana_pura,2022,5432875.6795387,8180131.2482969,60.8,57.15,-3.649999999999999,100.0,79.22,-20.78,283546.7184001589,2007.4046628991518,1987,2015,29,pre_renovabio_1985_2015,150,approx_from_previous_land_use_grid,1987-2015,persistent new sugarcane entries weighted by grid-cell overlap,283546.7184001589,delta_neea
02859452000230,Vale do Verdão Sociedade Anônima Açúcar e Álcool - Turvelândia - GO,Turvelândia,GO,Etanol combustível de primeira geração – cana-de-açúcar,cana_pura,2022,5390070.82022688,8008629.18311183,60.1,65.38,5.279999999999994,91.35,96.81,5.460000000000008,1151043.5701870464,2009.9057676502982,1987,2015,29,pre_renovabio_1985_2015,150,approx_from_previous_land_use_grid,1987-2015,persistent new sugarcane entries weighted by grid-cell overlap,1151043.5701870464,delta_neea
02896264000109,CENTROALCOOL S/A (EM RECUPERACAO JUDICIAL) - INHUMAS - GO,INHUMAS,GO,Etanol combustível de primeira geração – cana-de-açúcar,cana_pura,2022,5482540.94731307,8186858.98042968,64.14,61.35,-2.789999999999999,95.72,90.88,-4.840000000000003,267438.902171405,2006.6400330283943,1987,2015,29,pre_renovabio_1985_2015,150,approx_from_previous_land_use_grid,1987-2015,persistent new sugarcane entries weighted by grid-cell overlap,267438.902171405,delta_neea
03345641000338,COOPERATIVA AGROINDUSTRIAL NOVA PRODUTIVA - Astorga - PR,Astorga,PR,Etanol combustível de primeira geração – cana-de-açúcar,cana_pura,2022,5241507.72865172,7442842.79367438,46.22,51.42,5.200000000000003,90.01,91.16,1.1499999999999917,2268084.8587875757,2004.2472128116476,1987,2015,29,pre_renovabio_1985_2015,150,approx_from_previous_land_use_grid,1987-2015,persistent new sugarcane entries weighted by grid-cell overlap,2268084.8587875757,delta_neea
03347747000109,COOPERATIVA AGROINDUSTRIAL DE RUBIATABA – Rubiataba - GO,Rubiataba,GO,Etanol combustível de primeira geração – cana-de-açúcar,cana_pura,2022,5455886.18579172,8317126.04943407,64.0,64.87,0.8700000000000045,85.94,93.33,7.390000000000001,242543.10491655327,2006.2864907181386,1987,2015,29,pre_renovabio_1985_2015,150,approx_from_previous_land_use_grid,1987-2015,persistent new sugarcane entries weighted by grid-cell overlap,242543.10491655327,delta_neea
03445208000455,UMOE BIOENERGY S.A. - Sandovalina - SP,Sandovalina,SP,Etanol combustível de primeira geração – cana-de-açúcar,cana_pura,2022,5223359.88634961,7502626.33872067,48.8,63.74,14.940000000000005,97.06,94.4,-2.6599999999999966,2461795.444970362,2004.251364231148,1987,2015,29,pre_renovabio_1985_2015,150,approx_from_previous_land_use_grid,1987-2015,persistent new sugarcane entries weighted by grid-cell overlap,2461795.444970362,delta_neea
03937452000435,CRV industrial Ltda. - Capinópolis - MG,Capinópolis,MG,Etanol combustível de primeira geração – cana-de-açúcar,cana_pura,2022,5454944.6800123,7925846.62700244,61.55,61.99,0.4400000000000048,99.24,94.37,-4.86999999999999,1518324.238280066,2009.1339401290727,1987,2015,29,pre_renovabio_1985_2015,150,approx_from_previous_land_use_grid,1987-2015,persistent new sugarcane entries weighted by grid-cell overlap,1518324.238280066,delta_neea
04165520000105,AGROPECUÁRIA NOVO MILÊNIO LTDA. - Lambari D'Oeste - MT,Lambari D'Oeste,MT,Etanol combustível de primeira geração – cana-de-açúcar,cana_pura,2022,4576007.98289422,8293081.4394439,59.24,56.53,-2.710000000000001,90.14,77.97,-12.170000000000002,123457.10254767645,2006.018032013292,1988,2015,28,pre_renovabio_1985_2015,150,approx_from_previous_land_use_grid,1987-2015,persistent new sugarcane entries weighted by grid-cell overlap,123457.10254767645,delta_neea
04165520000296,AGROPECUÁRIA NOVO MILÊNIO LTDA. - Mirassol D'oeste - MT,Mirassol D'oeste,MT,Etanol combustível de primeira geração – cana-de-açúcar,cana_pura,2022,4557407.19929998,8257542.15927619,64.29,50.22,-14.070000000000007,91.13,66.56,-24.569999999999997,71051.22851951646,2006.5003978322372,1988,2015,28,pre_renovabio_1985_2015,150,approx_from_previous_land_use_grid,1987-2015,persistent new sugarcane entries weighted by grid-cell overlap,71051.22851951646,delta_neea
04171382000177,CENTRAL ENERGETICA MORENO DE MONTE APRAZÍVEL AÇÚCAR E ÁLCOOL LTDA EM RECUPERAÇÃO JUDICIAL - Monte Aprazível - SP,Monte Aprazível,SP,Etanol combustível de primeira geração – cana-de-açúcar,cana_pura,2022,5440882.40687005,7689999.2280727,59.2,58.74,-0.4600000000000008,91.32,95.63,4.310000000000002,3971127.0320112277,2004.3316243145493,1987,2015,29,pre_renovabio_1985_2015,150,approx_from_previous_land_use_grid,1987-2015,persistent new sugarcane entries weighted by grid-cell overlap,3971127.0320112277,delta_neea
04248044000277,Onda Verde Agrocomercial S. A. - Onda Verde - SP,Onda Verde,SP,Etanol combustível de primeira geração – cana-de-açúcar,cana_pura,2023,5500144.19989923,7713489.50674341,53.66,52.04,-1.6199999999999974,90.47,92.11,1.6400000000000006,4008191.6194937835,2003.8415990188698,1987,2015,29,pre_renovabio_1985_2015,150,approx_from_previous_land_use_grid,1987-2015,persistent new sugarcane entries weighted by grid-cell overlap,4008191.6194937835,delta_neea
04969941000199,Usina Bela Vista S.A. - Pontal - SP,Pontal,SP,Etanol combustível de primeira geração – cana-de-açúcar,cana_pura,2022,5615412.58213949,7671897.6575594,65.2,64.97,-0.2300000000000039,98.11,99.4,1.2900000000000065,3473287.4488723576,2001.97238670445,1987,2015,29,pre_renovabio_1985_2015,150,approx_from_previous_land_use_grid,1987-2015,persistent new sugarcane entries weighted by grid-cell overlap,3473287.4488723576,delta_neea
05242560000176,USINA VERTENTE LTDA. - Guaraci - SP,Guaraci,SP,Etanol combustível de primeira geração – cana-de-açúcar,cana_pura,2022,5521576.11089507,7734603.6637713,64.1,67.04,2.940000000000012,98.94,93.04,-5.899999999999992,3948889.120374077,2003.871684682049,1987,2015,29,pre_renovabio_1985_2015,150,approx_from_previous_land_use_grid,1987-2015,persistent new sugarcane entries weighted by grid-cell overlap,3948889.120374077,delta_neea
05553456000100,Usina Ouroeste Açúcar e Álcool Ltda. - Ouroeste - SP,Ouroeste,SP,Etanol combustível de primeira geração – cana-de-açúcar,cana_pura,2022,5373059.22220696,7789234.84327185,55.3,64.72,9.420000000000002,97.83,98.04,0.2100000000000079,2655167.648059508,2006.7540748107922,1987,2015,29,pre_renovabio_1985_2015,150,approx_from_previous_land_use_grid,1987-2015,persistent new sugarcane entries weighted by grid-cell overlap,2655167.648059508,delta_neea
05620523000235,Usina Eldorado em Recuperacao Judicial - Rio Brilhante/MS,Rio Brilhante,MS,Etanol combustível de primeira geração – cana-de-açúcar,cana_pura,2022,4998667.05441077,7581265.61271929,58.8,65.44,6.640000000000001,99.67,87.31,-12.36,772318.9064563389,2009.7649362798325,1987,2015,29,pre_renovabio_1985_2015,150,approx_from_previous_land_use_grid,1987-2015,persistent new sugarcane entries weighted by grid-cell overlap,772318.9064563389,delta_neea
05643160000172,ENERGÉTICA SERRANÓPOLIS LTDA. - Serranópolis​ - GO,Serranópolis​,GO,Etanol combustível de primeira geração – cana-de-açúcar,cana_pura,2022,5200073.40995457,7965283.74478764,63.3,63.36,0.0600000000000022,68.0,70.25,2.25,413248.6376990079,2012.0999366861795,1987,2015,29,pre_renovabio_1985_2015,150,approx_from_previous_land_use_grid,1987-2015,persistent new sugarcane entries weighted by grid-cell overlap,413248.6376990079,delta_neea
05928246000141,COPLASA - ACUCAR E ALCOOL LTDA EM RECUPERACAO JUDICIAL - Planalto - SP,Planalto,SP,Etanol combustível de primeira geração – cana-de-açúcar,cana_pura,2022,5426788.99141756,7672471.74730586,58.6,58.56,-0.0399999999999991,92.53,96.84,4.310000000000002,3915854.9877267983,2004.302798389317,1987,2015,29,pre_renovabio_1985_2015,150,approx_from_previous_land_use_grid,1987-2015,persistent new sugarcane entries weighted by grid-cell overlap,3915854.9877267983,delta_neea
05938884000143,VALE DO PARANÁ S.A. AÇÚCAR E ÁLCOOL – Suzanápolis/SP,Suzanápolis,SP,Etanol combustível de primeira geração – cana-de-açúcar,cana_pura,2022,5309810.66592045,7741669.95860548,66.4,62.51,-3.890000000000008,100.0,99.15,-0.8499999999999943,2329509.5822852044,2005.5627864406968,1987,2015,29,pre_renovabio_1985_2015,150,approx_from_previous_land_use_grid,1987-2015,persistent new sugarcane entries weighted by grid-cell overlap,2329509.5822852044,delta_neea
05980986000127,AGROINDUSTRIAL SANTA JULIANA LTDA. - SANTA JULIANA - MG,SANTA JULIANA,MG,Etanol combustível de primeira geração – cana-de-açúcar,cana_pura,2022,5689655.69486325,7824882.09653371,52.8,66.59,13.790000000000006,97.69,94.6,-3.0900000000000034,1551806.8242064796,2004.1285546315592,1987,2015,29,pre_renovabio_1985_2015,150,approx_from_previous_land_use_grid,1987-2015,persistent new sugarcane entries weighted by grid-cell overlap,1551806.8242064796,delta_neea
06044698000808,Sada Bio-Energia e Agricultura Ltda. - Jaíba - MG,Jaíba,MG,Etanol combustível de primeira geração – cana-de-açúcar,cana_pura,2022,6086551.59796969,8293728.10478262,61.05,59.24,-1.8099999999999952,95.61,98.66,3.049999999999997,8829.174133693947,2010.1462575173098,1990,2015,18,pre_renovabio_1985_2015,150,approx_from_previous_land_use_grid,1987-2015,persistent new sugarcane entries weighted by grid-cell overlap,8829.174133693947,delta_neea
06059962000100,USINA ITAPAGIPE ACUCAR E ALCOOL LTDA. - Itapagipe - MG,Itapagipe,MG,Etanol combustível de primeira geração – cana-de-açúcar,cana_pura,2022,5451352.76360256,7794240.56472791,51.2,61.57,10.369999999999996,98.52,80.33,-18.19,3188907.414710473,2006.3054714018513,1987,2015,29,pre_renovabio_1985_2015,150,approx_from_previous_land_use_grid,1987-2015,persistent new sugarcane entries weighted by grid-cell overlap,3188907.414710473,delta_neea
06252818003799,Abengoa Bioenergia Agroindustrial Ltda. - Em Recuperação Judicial - Unidade São João - São João da Boa Vista - SP,São João da Boa Vista,SP,Etanol combustível de primeira geração – cana-de-açúcar,cana_pura,2022,5730700.17016266,7557336.91796437,63.0,60.1,-2.8999999999999986,100.0,93.2,-6.799999999999997,1162863.1968304384,1998.9872244396925,1987,2015,29,pre_renovabio_1985_2015,150,approx_from_previous_land_use_grid,1987-2015,persistent new sugarcane entries weighted by grid-cell overlap,1162863.1968304384,delta_neea
06315338002324,COFCO INTERNATIONAL BRASIL S.A. - Unidade Sebastianópolis - Sebastianópolis do Sul - SP,Sebastianópolis do Sul,SP,Etanol combustível de primeira geração – cana-de-açúcar,cana_pura,2022,5422166.47710356,7717572.31613689,60.7,62.78,2.0799999999999983,75.39,94.1,18.709999999999997,3724731.173061543,2004.7044495063744,1987,2015,29,pre_renovabio_1985_2015,150,approx_from_previous_land_use_grid,1987-2015,persistent new sugarcane entries weighted by grid-cell overlap,3724731.173061543,delta_neea
06315338002405,COFCO INTERNATIONAL BRASIL S.A. - Unidade Meridiano - Meridiano - SP,Meridiano,SP,Etanol combustível de primeira geração – cana-de-açúcar,cana_pura,2022,5395909.59594227,7732321.44576074,60.2,62.78,2.5799999999999983,87.9,,,3450441.101299924,2005.1047142527948,1987,2015,29,pre_renovabio_1985_2015,150,approx_from_previous_land_use_grid,1987-2015,persistent new sugarcane entries weighted by grid-cell overlap,3450441.101299924,delta_neea
06315338015060,COFCO INTERNATIONAL BRASIL S.A. - Unidade Potirendaba - Potirendaba - SP,Potirendaba,SP,Etanol combustível de primeira geração – cana-de-açúcar,cana_pura,2022,5485225.81406155,7658752.52785581,67.4,64.42,-2.980000000000004,83.51,90.73,7.219999999999999,3990903.572192499,2003.5817647281642,1987,2015,29,pre_renovabio_1985_2015,150,approx_from_previous_land_use_grid,1987-2015,persistent new sugarcane entries weighted by grid-cell overlap,3990903.572192499,delta_neea
06315338015140,COFCO INTERNATIONAL BRASIL S.A. - Unidade Catanduva - Catanduva- SP,Catanduva,SP,Etanol combustível de primeira geração – cana-de-açúcar,cana_pura,2022,5521680.83072561,7657596.1707727,63.48,61.51,-1.9699999999999989,86.22,92.61,6.390000000000001,4026341.0350861885,2002.9496803781715,1987,2015,29,pre_renovabio_1985_2015,150,approx_from_previous_land_use_grid,1987-2015,persistent new sugarcane entries weighted by grid-cell overlap,4026341.0350861885,delta_neea
07130855000186,CENTRAL ENERGÉTICA MORRINHOS S.A. - Morrinhos-GO,Morrinhos,GO,Etanol combustível de primeira geração – cana-de-açúcar,cana_pura,2022,5504739.83919693,8010461.16768676,63.3,63.3,0.0,92.87,92.87,0.0,916037.2694880061,2009.0046958413498,1987,2015,29,pre_renovabio_1985_2015,150,approx_from_previous_land_use_grid,1987-2015,persistent new sugarcane entries weighted by grid-cell overlap,916037.2694880061,delta_neea
07280328000158,Ipiranga Agroindustrial S. A. - Unidade Iacanga - Iacanga - SP,Iacanga,SP,Etanol combustível de primeira geração – cana-de-açúcar,cana_pura,2022,5515658.18969742,7580350.79504414,59.42,64.7,5.280000000000001,91.02,92.91,1.8900000000000008,3044980.516037089,2001.954176909455,1987,2015,29,pre_renovabio_1985_2015,150,approx_from_previous_land_use_grid,1987-2015,persistent new sugarcane entries weighted by grid-cell overlap,3044980.516037089,delta_neea
07280328001715,IPIRANGA AGROINDUSTRIAL S.A. - Mococa - Mococa -SP,Mococa,SP,Etanol combustível de primeira geração – cana-de-açúcar,cana_pura,2022,5709618.00659163,7622736.31428334,63.9,67.18,3.280000000000008,89.08,93.65,4.570000000000007,1687828.6161713027,1999.5970644797508,1987,2015,29,pre_renovabio_1985_2015,150,approx_from_previous_land_use_grid,1987-2015,persistent new sugarcane entries weighted by grid-cell overlap,1687828.6161713027,delta_neea
07280328001804,IPIRANGA AGROINDUSTRIAL S.A. - DESCALVADO - Descalvado - SP,Descalvado,SP,Etanol combustível de primeira geração – cana-de-açúcar,cana_pura,2022,5645857.24932531,7571700.07898056,62.3,64.62,2.3200000000000074,95.53,97.91,2.3799999999999955,2198098.7388197235,1999.247585016545,1987,2015,29,pre_renovabio_1985_2015,150,approx_from_previous_land_use_grid,1987-2015,persistent new sugarcane entries weighted by grid-cell overlap,2198098.7388197235,delta_neea
07298800000180,CONQUISTA DO PONTAL S. A. - EM RECUPERACAO JUDICIAL - Mirante do Paranapanema/SP,Mirante do Paranapanema,SP,Etanol combustível de primeira geração – cana-de-açúcar,cana_pura,2022,5194336.60478394,7520927.01396112,59.4,60.66,1.259999999999998,99.19,97.38,-1.8100000000000025,2264873.933315141,2004.7082598606585,1987,2015,29,pre_renovabio_1985_2015,150,approx_from_previous_land_use_grid,1987-2015,persistent new sugarcane entries weighted by grid-cell overlap,2264873.933315141,delta_neea
07300906000170,USINA NOVA GÁLIA LTDA. - Paraúna - GO,Paraúna,GO,Etanol combustível de primeira geração – cana-de-açúcar,cana_pura,2022,5372760.88105837,8079751.79798872,48.92,51.2,2.280000000000001,93.19,78.08,-15.11,743395.4337167465,2009.6475584942393,1987,2015,29,pre_renovabio_1985_2015,150,approx_from_previous_land_use_grid,1987-2015,persistent new sugarcane entries weighted by grid-cell overlap,743395.4337167465,delta_neea
07398533000112,USINA GUARIROBA LTDA. - Pontes Gestal - SP,Pontes Gestal,SP,Etanol combustível de primeira geração – cana-de-açúcar,cana_pura,2022,5443277.70642288,7769467.69587937,56.0,67.33,11.329999999999998,99.29,71.7,-27.590000000000003,3328274.2443761686,2005.612852855432,1987,2015,29,pre_renovabio_1985_2015,150,approx_from_previous_land_use_grid,1987-2015,persistent new sugarcane entries weighted by grid-cell overlap,3328274.2443761686,delta_neea
07455944000100,Usina Frutal Açúcar e Álcool Ltda. - Frutal - MG,Frutal,MG,Etanol combustível de primeira geração – cana-de-açúcar,cana_pura,2022,5541792.10574911,7769934.94690167,50.7,63.47,12.769999999999996,97.3,91.62,-5.679999999999993,3694833.7972787092,2004.2912921035384,1987,2015,29,pre_renovabio_1985_2015,150,approx_from_previous_land_use_grid,1987-2015,persistent new sugarcane entries weighted by grid-cell overlap,3694833.7972787092,delta_neea
07458537000149,Atena - Tecnologias em Energia Natural Ltda. - Martinópolis-SP,Martinópolis,SP,Etanol combustível de primeira geração – cana-de-açúcar,cana_pura,2022,5306541.87663521,7546389.39865535,55.9,62.45,6.550000000000004,86.79,88.54,1.75,3092088.063668491,2003.336883713217,1987,2015,29,pre_renovabio_1985_2015,150,approx_from_previous_land_use_grid,1987-2015,persistent new sugarcane entries weighted by grid-cell overlap,3092088.063668491,delta_neea
07459492000127,DESTILARIA VALE DO PARACATU - AGROENERGIA S.A. - Paracatu - MG,Paracatu,MG,Etanol combustível de primeira geração – cana-de-açúcar,cana_pura,2022,5788436.96878321,8099528.94234388,58.2,58.2,0.0,95.42,95.42,0.0,68070.2379817343,2011.829112855607,1987,2015,29,pre_renovabio_1985_2015,150,approx_from_previous_land_use_grid,1987-2015,persistent new sugarcane entries weighted by grid-cell overlap,68070.2379817343,delta_neea
07670089000142,USIMAT DESTILARIA DE ÁLCOOL LTDA. - Campos de Julio - MT,Campos de Julio,MT,Etanol combustível de primeira geração – cana-de-açúcar e milho em usina integrada,cana_milho_integrada,2022,4435217.90773278,8416022.37972843,63.47,63.55,0.0799999999999983,35.08,68.91,33.83,8531.10349317341,2011.1585121945814,1988,2015,26,pre_renovabio_1985_2015,150,approx_from_previous_land_use_grid,1987-2015,persistent new sugarcane entries weighted by grid-cell overlap,8531.10349317341,delta_neea
07674341000191,USINA UBERABA S/A - Uberaba - MG,Uberaba,MG,Etanol combustível de primeira geração – cana-de-açúcar,cana_pura,2022,5649070.45002857,7843049.67257957,55.1,58.66,3.559999999999995,100.0,96.24,-3.760000000000005,1765312.6395834158,2004.6921857247817,1987,2015,29,pre_renovabio_1985_2015,150,approx_from_previous_land_use_grid,1987-2015,persistent new sugarcane entries weighted by grid-cell overlap,1765312.6395834158,delta_neea
07863768000138,CENTRAL ENERGÉTICA VICENTINA LTDA. - Vicentina - MS,Vicentina,MS,Etanol combustível de primeira geração – cana-de-açúcar,cana_pura,2022,4957691.64645764,7512525.16902396,46.22,46.22,0.0,94.44,94.44,0.0,808053.9295259304,2009.8310679126091,1987,2015,29,pre_renovabio_1985_2015,150,approx_from_previous_land_use_grid,1987-2015,persistent new sugarcane entries weighted by grid-cell overlap,808053.9295259304,delta_neea
07895728000682,IACO Agrícola S. A. - Paraíso das Águas - MS,Paraíso das Águas,MS,Etanol combustível de primeira geração – cana-de-açúcar,cana_pura,2022,5115681.32211249,7920403.46115419,60.0,65.6,5.599999999999994,80.6,84.03,3.430000000000007,216893.39781346745,2012.3036072512473,1987,2015,29,pre_renovabio_1985_2015,150,approx_from_previous_land_use_grid,1987-2015,persistent new sugarcane entries weighted by grid-cell overlap,216893.39781346745,delta_neea
07903169000109,ADECOAGRO Vale do Ivinhema S.A. - Usina Angélica - Angélica - MS,Angélica,MS,Etanol combustível de primeira geração – cana-de-açúcar,cana_pura,2022,5016136.4819986,7561787.55321358,66.4,65.6,-0.8000000000000114,98.99,92.97,-6.019999999999996,897724.144416281,2009.4290460307336,1987,2015,29,pre_renovabio_1985_2015,150,approx_from_previous_land_use_grid,1987-2015,persistent new sugarcane entries weighted by grid-cell overlap,897724.144416281,delta_neea
07903169001768,ADECOAGRO Vale do Ivinhema S.A. - Unidade Ivinhema - Ivinhema/MS,Ivinhema,MS,Etanol combustível de primeira geração – cana-de-açúcar,cana_pura,2022,5011100.93780706,7522311.17438878,68.1,66.21,-1.8900000000000008,95.74,93.67,-2.069999999999993,1002822.0576651152,2009.2880957667203,1987,2015,29,pre_renovabio_1985_2015,150,approx_from_previous_land_use_grid,1987-2015,persistent new sugarcane entries weighted by grid-cell overlap,1002822.0576651152,delta_neea
07912062000119,USINA LAGUNA - ÁLCOOL E AÇÚCAR LTDA - Batayporã-MS,Batayporã,MS,Etanol combustível de primeira geração – cana-de-açúcar,cana_pura,2022,5071846.17405905,7515313.57003671,60.0,61.77,1.7700000000000031,100.0,95.87,-4.129999999999996,1479807.7080573875,2007.924586061065,1987,2015,29,pre_renovabio_1985_2015,150,approx_from_previous_land_use_grid,1987-2015,persistent new sugarcane entries weighted by grid-cell overlap,1479807.7080573875,delta_neea
07930999000206,Bambuí Bioenergia S.A. - Bambuí - MG,Bambuí,MG,Etanol combustível de primeira geração – cana-de-açúcar,cana_pura,2022,5832071.41350924,7758293.75850072,65.4,62.05,-3.3500000000000085,98.05,99.19,1.1400000000000006,355680.29108777246,2005.2686869124032,1987,2015,29,pre_renovabio_1985_2015,150,approx_from_previous_land_use_grid,1987-2015,persistent new sugarcane entries weighted by grid-cell overlap,355680.29108777246,delta_neea
07969961000239,PARAPUÃ AGROINDUSTRIAL S/A - EM RECUPERAÇÃO JUDICIAL - Parapuã - SP,Parapuã,SP,Etanol combustível de primeira geração – cana-de-açúcar,cana_pura,2022,5323843.36083459,7572181.42258664,48.64,57.72,9.079999999999998,92.46,96.34,3.8800000000000097,3323984.41163794,2003.3875589526024,1987,2015,29,pre_renovabio_1985_2015,150,approx_from_previous_land_use_grid,1987-2015,persistent new sugarcane entries weighted by grid-cell overlap,3323984.41163794,delta_neea
07981751000185,SANTA VITÓRIA AÇÚCAR E ÁLCOOL LTDA. - SANTA VITÓRIA - MG,SANTA VITÓRIA,MG,Etanol combustível de primeira geração – cana-de-açúcar,cana_pura,2022,5397129.40015537,7918670.58547895,55.27,61.81,6.539999999999999,98.47,98.28,-0.1899999999999977,1493494.9019454564,2009.3618688929048,1987,2015,29,pre_renovabio_1985_2015,150,approx_from_previous_land_use_grid,1987-2015,persistent new sugarcane entries weighted by grid-cell overlap,1493494.9019454564,delta_neea
07987748000179,URUAÇU AÇÚCAR E ÁLCOOL LTDA. - Uruaçu - GO,Uruaçu,GO,Etanol combustível de primeira geração – cana-de-açúcar,cana_pura,2022,5532037.66692583,8399876.78943888,56.4,56.4,0.0,84.47,84.47,0.0,167371.1442793222,2007.0426608975963,1987,2015,29,pre_renovabio_1985_2015,150,approx_from_previous_land_use_grid,1987-2015,persistent new sugarcane entries weighted by grid-cell overlap,167371.1442793222,delta_neea
07996345000196,CAÇU COMÉRCIO E INDUSTRIA DE AÇÚCAR E ÁLCOOL LTDA - Vicentinópolis - GO,Vicentinópolis,GO,Etanol combustível de primeira geração – cana-de-açúcar e milho em usina integrada,cana_milho_integrada,2022,5425765.14468346,8038809.61979433,56.27,60.15,3.879999999999996,89.93,94.14,4.209999999999994,1052144.9110312206,2009.2897106972453,1987,2015,29,pre_renovabio_1985_2015,150,approx_from_previous_land_use_grid,1987-2015,persistent new sugarcane entries weighted by grid-cell overlap,1052144.9110312206,delta_neea
08048772000105,FLORESTA S/A ACUCAR E ALCOOL - Santo Antônio da Barra - GO,Santo Antônio da Barra,GO,Etanol combustível de primeira geração – cana-de-açúcar,cana_pura,2022,5348555.52657413,8048353.87392258,59.8,59.99,0.1900000000000048,98.71,96.67,-2.039999999999992,866238.2518432629,2010.271816732031,1987,2015,29,pre_renovabio_1985_2015,150,approx_from_previous_land_use_grid,1987-2015,persistent new sugarcane entries weighted by grid-cell overlap,866238.2518432629,delta_neea
08056257000177,USINA CERRADÃO LTDA. - Frutal - MG,Frutal,MG,Etanol combustível de primeira geração – cana-de-açúcar,cana_pura,2022,5507129.7226862,7788708.55944956,60.1,60.1,0.0,95.61,95.61,0.0,3528188.3227232746,2005.063124725322,1987,2015,29,pre_renovabio_1985_2015,150,approx_from_previous_land_use_grid,1987-2015,persistent new sugarcane entries weighted by grid-cell overlap,3528188.3227232746,delta_neea
08057019000186,VALE DO PONTAL AÇÚCAR E ETANOL LTDA. - LIMEIRA DO OESTE - MG,LIMEIRA DO OESTE,MG,Etanol combustível de primeira geração – cana-de-açúcar,cana_pura,2022,5344677.00512068,7860168.22083297,53.7,58.23,4.529999999999994,90.36,88.38,-1.980000000000004,1500693.3421741899,2009.0842285130825,1987,2015,29,pre_renovabio_1985_2015,150,approx_from_previous_land_use_grid,1987-2015,persistent new sugarcane entries weighted by grid-cell overlap,1500693.3421741899,delta_neea
08070508000330,RAIZEN ENERGIA S.A - FILIAL BARRA - Barra Bonita - SP,Barra Bonita,SP,Etanol combustível de primeira geração – cana-de-açúcar,cana_pura,2022,5561625.3919581,7502851.09951197,59.4,62.58,3.18,89.25,95.38,6.129999999999996,1850471.439042148,2000.453855261676,1987,2015,29,pre_renovabio_1985_2015,150,approx_from_previous_land_use_grid,1987-2015,persistent new sugarcane entries weighted by grid-cell overlap,1850471.439042148,delta_neea
08070508006532,RAIZEN ENERGIA S.A. - FILIAL BONFIM - Guariba - SP,Guariba,SP,Etanol combustível de primeira geração – cana-de-açúcar,cana_pura,2022,5591729.01060182,7619856.26285454,60.3,61.64,1.3400000000000034,92.73,,,3261585.9768335083,2001.0955928296273,1987,2015,29,pre_renovabio_1985_2015,150,approx_from_previous_land_use_grid,1987-2015,persistent new sugarcane entries weighted by grid-cell overlap,3261585.9768335083,delta_neea
08070508006613,RAIZEN ENERGIA S.A – FILIAL DESTIVALE - Araçatuba/SP,Araçatuba,SP,Etanol combustível de primeira geração – cana-de-açúcar,cana_pura,2022,5367418.97154142,7665824.90561979,55.5,59.24,3.740000000000002,92.34,88.6,-3.740000000000009,3528311.3995685354,2004.5778034075704,1987,2015,29,pre_renovabio_1985_2015,150,approx_from_previous_land_use_grid,1987-2015,persistent new sugarcane entries weighted by grid-cell overlap,3528311.3995685354,delta_neea
08070508006702,RAIZEN ENERGIA S.A – FILIAL UNIVALEM - Valparaiso/SP,Valparaiso,SP,Etanol combustível de primeira geração – cana-de-açúcar,cana_pura,2022,5316484.56504606,7637408.62190444,59.0,64.6,5.599999999999994,95.93,67.63,-28.30000000000001,3140548.2199294264,2004.1150913854106,1987,2015,29,pre_renovabio_1985_2015,150,approx_from_previous_land_use_grid,1987-2015,persistent new sugarcane entries weighted by grid-cell overlap,3140548.2199294264,delta_neea
08070508006885,RAIZEN ENERGIA S.A – FILIAL GASA - Andradina - SP,Andradina,SP,Etanol combustível de primeira geração – cana-de-açúcar,cana_pura,2022,5285169.94113746,7699771.90832298,61.1,64.74,3.6399999999999935,96.17,77.25,-18.92,2196547.792967723,2004.6704765098984,1987,2015,29,pre_renovabio_1985_2015,150,approx_from_previous_land_use_grid,1987-2015,persistent new sugarcane entries weighted by grid-cell overlap,2196547.792967723,delta_neea
08070508006966,RAÍZEN ENERGIA S.A - FILIAL IPAUSSU - Ipaussu - SP,Ipaussu,SP,Etanol combustível de primeira geração – cana-de-açúcar,cana_pura,2022,5451669.76237652,7437370.02362722,61.7,63.5,1.7999999999999972,84.36,78.83,-5.530000000000001,1501005.105334528,2001.8813934290754,1987,2015,29,pre_renovabio_1985_2015,150,approx_from_previous_land_use_grid,1987-2015,persistent new sugarcane entries weighted by grid-cell overlap,1501005.105334528,delta_neea
08070508008314,RAÍZEN ENERGIA S.A. – FILIAL BENALCOOL - Bento de Abreu/SP,Bento de Abreu,SP,Etanol combustível de primeira geração – cana-de-açúcar,cana_pura,2022,5334173.58643383,7648361.26451074,56.8,59.28,2.480000000000004,94.29,90.98,-3.3100000000000023,3265535.363300653,2004.3227916924025,1987,2015,29,pre_renovabio_1985_2015,150,approx_from_previous_land_use_grid,1987-2015,persistent new sugarcane entries weighted by grid-cell overlap,3265535.363300653,delta_neea
08070508009477,RAIZEN ENERGIA S.A - Filial Santa Helena - Rio das Pedras - SP,Rio das Pedras,SP,Etanol combustível de primeira geração – cana-de-açúcar,cana_pura,2022,5646628.07414061,7454292.69209063,55.4,55.4,0.0,86.85,86.85,0.0,1142859.5145418027,1998.7061373688894,1987,2015,29,pre_renovabio_1985_2015,150,approx_from_previous_land_use_grid,1987-2015,persistent new sugarcane entries weighted by grid-cell overlap,1142859.5145418027,delta_neea
08070508009558,RAIZEN ENERGIA S.A - FILIAL DIAMANTE - Jaú​ - SP,Jaú​,SP,Etanol combustível de primeira geração – cana-de-açúcar,cana_pura,2022,5546571.45248883,7515692.49886498,53.7,56.43,2.729999999999997,96.75,94.59,-2.1599999999999966,2010652.1430951306,2000.7245275263158,1987,2015,29,pre_renovabio_1985_2015,150,approx_from_previous_land_use_grid,1987-2015,persistent new sugarcane entries weighted by grid-cell overlap,2010652.1430951306,delta_neea
08070508009710,RAÍZEN ENERGIA S.A. – FILIAL MUNDIAL - Mirandópolis/SP,Mirandópolis,SP,Etanol combustível de primeira geração – cana-de-açúcar,cana_pura,2022,5288970.0827283,7652807.89013659,60.4,62.24,1.8400000000000036,90.53,79.68,-10.849999999999994,2687403.00750589,2004.2170832163636,1987,2015,29,pre_renovabio_1985_2015,150,approx_from_previous_land_use_grid,1987-2015,persistent new sugarcane entries weighted by grid-cell overlap,2687403.00750589,delta_neea
08070508012265,RAIZEN ENERGIA S.A - Filial Rafard - Rafard - SP,Rafard,SP,Etanol combustível de primeira geração – cana-de-açúcar,cana_pura,2022,5662959.43435787,7439874.71607815,60.5,58.76,-1.740000000000002,91.34,74.0,-17.340000000000003,965047.1215141404,1998.4977367876495,1987,2015,29,pre_renovabio_1985_2015,150,approx_from_previous_land_use_grid,1987-2015,persistent new sugarcane entries weighted by grid-cell overlap,965047.1215141404,delta_neea
08070508012427,RAIZEN ENERGIA S.A -Filial Igarapava - Igarapava - SP,Igarapava,SP,Etanol combustível de primeira geração – cana-de-açúcar,cana_pura,2022,5649443.33226948,7776607.8684645,55.6,57.71,2.1099999999999994,95.96,94.23,-1.7299999999999898,2598737.182436873,2003.3398064467156,1987,2015,29,pre_renovabio_1985_2015,150,approx_from_previous_land_use_grid,1987-2015,persistent new sugarcane entries weighted by grid-cell overlap,2598737.182436873,delta_neea
08070508012508,RAIZEN ENERGIA S.A - FILIAL SERRA - Ibaté - SP,Ibaté,SP,Etanol combustível de primeira geração – cana-de-açúcar,cana_pura,2022,5619330.79134112,7552745.61755515,62.8,64.23,1.4300000000000068,95.55,92.79,-2.759999999999991,2192090.4099291535,1999.30500328821,1987,2015,29,pre_renovabio_1985_2015,150,approx_from_previous_land_use_grid,1987-2015,persistent new sugarcane entries weighted by grid-cell overlap,2192090.4099291535,delta_neea
08070508015795,RAIZEN ENERGIA S.A. - Filial Santa Cândida - Bocaina - SP,Bocaina,SP,Etanol combustível de primeira geração – cana-de-açúcar,cana_pura,2022,5569515.61230622,7544190.86669368,50.0,65.01,15.010000000000003,93.74,97.02,3.280000000000001,2246109.850012479,2000.29104570231,1987,2015,29,pre_renovabio_1985_2015,150,approx_from_previous_land_use_grid,1987-2015,persistent new sugarcane entries weighted by grid-cell overlap,2246109.850012479,delta_neea
08070508015876,RAÍZEN ENERGIA S.A. - Unidade Paraíso - Brotas/SP,Brotas,SP,Etanol combustível de primeira geração – cana-de-açúcar,cana_pura,2023,5606895.14907524,7515420.32638828,66.38,58.18,-8.199999999999996,95.35,95.99,0.6400000000000006,1814766.2622624857,1999.56178862495,1987,2015,29,pre_renovabio_1985_2015,150,approx_from_previous_land_use_grid,1987-2015,persistent new sugarcane entries weighted by grid-cell overlap,1814766.2622624857,delta_neea
08070508016414,RAÍZEN ENERGIA S.A.- filial Araraquara - Araraquara - SP,Araraquara,SP,Etanol combustível de primeira geração – cana-de-açúcar,cana_pura,2023,5600776.63963633,7570486.10648195,64.55,63.14,-1.4099999999999966,97.89,92.53,-5.359999999999999,2504996.96332346,1999.8177258047494,1987,2015,29,pre_renovabio_1985_2015,150,approx_from_previous_land_use_grid,1987-2015,persistent new sugarcane entries weighted by grid-cell overlap,2504996.96332346,delta_neea
08070508016767,RAÍZEN ENERGIA S.A. - FILIAL JATAÍ - Jataí - GO,Jataí,GO,Etanol combustível de primeira geração – cana-de-açúcar,cana_pura,2023,5251822.50629531,8040545.41416629,58.16,62.76,4.600000000000001,95.27,71.81,-23.459999999999997,493075.4624042256,2010.8972351867326,1987,2015,29,pre_renovabio_1985_2015,150,approx_from_previous_land_use_grid,1987-2015,persistent new sugarcane entries weighted by grid-cell overlap,493075.4624042256,delta_neea
08070566001173,BRENCO - COMPANHIA BRASILEIRA DE ENERGIA RENOVÁVEL - EM RECUPERAÇÃO JUDICIAL - Usina Água Emendada - Perolândia - GO,Perolândia,GO,Etanol combustível de primeira geração – cana-de-açúcar,cana_pura,2022,5184865.44292399,8059566.8018377,58.4,60.91,2.509999999999998,97.96,92.58,-5.379999999999996,288669.59490845655,2012.1601238456967,1987,2015,29,pre_renovabio_1985_2015,150,approx_from_previous_land_use_grid,1987-2015,persistent new sugarcane entries weighted by grid-cell overlap,288669.59490845655,delta_neea
08070566001254,BRENCO - COMPANHIA BRASILEIRA DE ENERGIA RENOVÁVEL - EM RECUPERAÇÃO JUDICIAL (Usina Morro Vermelho) - Mineiros-GO,Mineiros,GO,Etanol combustível de primeira geração – cana-de-açúcar,cana_pura,2022,5101602.13096546,8039652.13373141,54.7,63.38,8.68,100.0,93.69,-6.310000000000002,227436.02708940377,2012.3753723430189,1987,2015,29,pre_renovabio_1985_2015,150,approx_from_previous_land_use_grid,1987-2015,persistent new sugarcane entries weighted by grid-cell overlap,227436.02708940377,delta_neea
08070566001688,BRENCO - Companhia Brasileira de Energia Renovável - Em Recuperação Judicial – Usina Costa Costa - Costa Rica - MS,Costa Rica,MS,Etanol combustível de primeira geração – cana-de-açúcar,cana_pura,2022,5087844.23129958,7957345.60249722,62.3,62.34,0.0400000000000062,97.3,93.3,-4.0,223081.12525487773,2012.3765589137124,1987,2015,29,pre_renovabio_1985_2015,150,approx_from_previous_land_use_grid,1987-2015,persistent new sugarcane entries weighted by grid-cell overlap,223081.12525487773,delta_neea
08070566001769,BRENCO - COMPANHIA BRASILEIRA DE ENERGIA RENOVÁVEL - EM RECUPERAÇÃO JUDICIAL - Usina Alto Taquari Alto Taquari - MT,Alto Taquari,MT,Etanol combustível de primeira geração – cana-de-açúcar,cana_pura,2022,5072420.43125302,8038016.58791523,59.9,65.62,5.720000000000006,100.0,99.24,-0.7600000000000051,207627.13869963822,2012.414412671487,1987,2015,29,pre_renovabio_1985_2015,150,approx_from_previous_land_use_grid,1987-2015,persistent new sugarcane entries weighted by grid-cell overlap,207627.13869963822,delta_neea
08110543000173,DA MATA S.A. - AÇÚCAR E ÁLCOOL - Valparaíso/SP,Valparaíso,SP,Etanol combustível de primeira geração – cana-de-açúcar,cana_pura,2022,5327944.83619462,7667998.52699712,63.5,64.97,1.4699999999999989,97.88,58.06,-39.81999999999999,3061982.5953298854,2004.5431163370788,1987,2015,29,pre_renovabio_1985_2015,150,approx_from_previous_land_use_grid,1987-2015,persistent new sugarcane entries weighted by grid-cell overlap,3061982.5953298854,delta_neea
08164344000148,BP BIOENERGIA ITUIUTABA LTDA - Ituiutaba - MG,Ituiutaba,MG,Etanol combustível de primeira geração – cana-de-açúcar,cana_pura,2022,5455406.60076464,7890697.43292394,62.0,69.47,7.469999999999999,100.0,92.91,-7.090000000000003,1959584.4574159028,2008.621437115835,1987,2015,29,pre_renovabio_1985_2015,150,approx_from_previous_land_use_grid,1987-2015,persistent new sugarcane entries weighted by grid-cell overlap,1959584.4574159028,delta_neea
08195806000194,BP BIOENERGIA TROPICAL - Edéia - GO,Edéia,GO,Etanol combustível de primeira geração – cana-de-açúcar,cana_pura,2022,5412152.61339106,8039594.33635904,64.2,65.29,1.0900000000000034,96.43,85.28,-11.150000000000006,1055620.496341613,2009.4833261780311,1987,2015,29,pre_renovabio_1985_2015,150,approx_from_previous_land_use_grid,1987-2015,persistent new sugarcane entries weighted by grid-cell overlap,1055620.496341613,delta_neea
08322396000103,CERRADINHO BIOENERGIA S.A. - Chapadão do Céu/GO,Chapadão do Céu,GO,Etanol combustível de primeira geração – cana-de-açúcar,cana_pura,2022,5146922.17573628,7956460.94242351,63.8,68.21,4.409999999999997,95.62,98.74,3.1199999999999903,271370.33169754624,2012.323271322479,1987,2015,29,pre_renovabio_1985_2015,150,approx_from_previous_land_use_grid,1987-2015,persistent new sugarcane entries weighted by grid-cell overlap,271370.33169754624,delta_neea
08355201000113,BIOENERGÉTICA AROEIRA S.A. - Tupaciguara – MG,Tupaciguara,MG,Etanol combustível de primeira geração – cana-de-açúcar,cana_pura,2022,5568092.54534775,7917204.86392269,63.99,70.47,6.479999999999997,100.0,98.83,-1.1700000000000017,1266283.4054621924,2007.5829966262615,1987,2015,29,pre_renovabio_1985_2015,150,approx_from_previous_land_use_grid,1987-2015,persistent new sugarcane entries weighted by grid-cell overlap,1266283.4054621924,delta_neea
08391345000397,Figueira Indústria e Comércio S/A - FILIAL ALCOAZUL - Araçatuba - SP,Araçatuba,SP,Etanol combustível de primeira geração – cana-de-açúcar,cana_pura,2022,5359085.56390883,7664537.07713374,49.7,62.81,13.11,93.9,98.78,4.879999999999996,3450074.1035889736,2004.5986947165347,1987,2015,29,pre_renovabio_1985_2015,150,approx_from_previous_land_use_grid,1987-2015,persistent new sugarcane entries weighted by grid-cell overlap,3450074.1035889736,delta_neea
08493354000127,VALE DO TIJUCO AÇÚCAR E ÁLCOOL S.A. - Uberaba - MG,Uberaba,MG,Etanol combustível de primeira geração – cana-de-açúcar,cana_pura,2022,5604973.56489957,7849247.86141656,59.82,61.76,1.9399999999999975,96.93,76.04,-20.89,2164703.88041478,2005.085644153405,1987,2015,29,pre_renovabio_1985_2015,150,approx_from_previous_land_use_grid,1987-2015,persistent new sugarcane entries weighted by grid-cell overlap,2164703.88041478,delta_neea
08517600000133,BP BIOENERGIA ITUMBIARA S.A. - Itumbiara - GO,Itumbiara,GO,Etanol combustível de primeira geração – cana-de-açúcar,cana_pura,2022,5489836.646157,7945217.27143254,60.9,66.03,5.130000000000003,89.91,93.93,4.02000000000001,1213411.9806506531,2009.342087553159,1987,2015,29,pre_renovabio_1985_2015,150,approx_from_previous_land_use_grid,1987-2015,persistent new sugarcane entries weighted by grid-cell overlap,1213411.9806506531,delta_neea
08598391000108,RIO CLARO AGROINDUSTRIAL S.A - EM RECUPERAÇÃO JUDICIAL - Caçu/GO,Caçu,GO,Etanol combustível de primeira geração – cana-de-açúcar,cana_pura,2022,5315298.48499779,7918441.7148411,58.7,61.59,2.890000000000001,95.44,94.04,-1.3999999999999917,1063085.8566229225,2010.127898323711,1987,2015,29,pre_renovabio_1985_2015,150,approx_from_previous_land_use_grid,1987-2015,persistent new sugarcane entries weighted by grid-cell overlap,1063085.8566229225,delta_neea
08657268000102,Usina Rio Pardo S.A. - Em Recuperação Judicial - Cerqueira Cesar - SP,Cerqueira Cesar,SP,Etanol combustível de primeira geração – cana-de-açúcar,cana_pura,2022,5512577.89193865,7455872.71081185,46.6,53.55,6.949999999999996,39.33,59.49,20.160000000000004,1592151.3733087813,2001.2198449669072,1987,2015,29,pre_renovabio_1985_2015,150,approx_from_previous_land_use_grid,1987-2015,persistent new sugarcane entries weighted by grid-cell overlap,1592151.3733087813,delta_neea
08704527000109,Usina Panorama S. A. - Itumbiara - GO,Itumbiara,GO,Etanol combustível de primeira geração – cana-de-açúcar,cana_pura,2022,5437051.31620813,7966538.97482847,62.3,64.42,2.1200000000000045,88.94,92.12,3.180000000000007,1274175.2091636225,2009.5689220584293,1987,2015,29,pre_renovabio_1985_2015,150,approx_from_previous_land_use_grid,1987-2015,persistent new sugarcane entries weighted by grid-cell overlap,1274175.2091636225,delta_neea
08793343000162,BIOENERGÉTICA VALE DO PARACATU S/A - João Pinheiro - MG,João Pinheiro,MG,Etanol combustível de primeira geração – cana-de-açúcar,cana_pura,2022,5831869.17150148,8096440.97448512,70.7,66.1,-4.6000000000000085,100.0,59.74,-40.26,69299.63005414643,2011.7284465306489,1987,2015,29,pre_renovabio_1985_2015,150,approx_from_previous_land_use_grid,1987-2015,persistent new sugarcane entries weighted by grid-cell overlap,69299.63005414643,delta_neea
08830263000130,Fátima do Sul Agro-Energética S. A. - Álcool e Açúcar - Fátima do Sul - MS,Fátima do Sul,MS,Etanol combustível de primeira geração – cana-de-açúcar,cana_pura,2022,4937402.30573602,7529808.29225759,62.6,63.28,0.6799999999999997,93.16,86.3,-6.859999999999999,755997.8868345419,2010.0566764027803,1987,2015,29,pre_renovabio_1985_2015,150,approx_from_previous_land_use_grid,1987-2015,persistent new sugarcane entries weighted by grid-cell overlap,755997.8868345419,delta_neea
08906558000142,Agro Energia Santa Luzia em Recuperacao Judicial - Nova Alvorada do Sul/MS,Nova Alvorada do Sul,MS,Etanol combustível de primeira geração – cana-de-açúcar,cana_pura,2022,4973772.34946458,7611162.82584707,60.1,62.83,2.729999999999997,99.43,89.47,-9.960000000000008,698271.1277740254,2010.0144026435373,1987,2015,29,pre_renovabio_1985_2015,150,approx_from_previous_land_use_grid,1987-2015,persistent new sugarcane entries weighted by grid-cell overlap,698271.1277740254,delta_neea
09022388000104,CAMBUI ACUCAR E ALCOOL LTDA. - Santa Helena de Goiás - GO,Santa Helena de Goiás,GO,Etanol combustível de primeira geração – cana-de-açúcar,cana_pura,2022,5356517.62657771,8014249.48283873,59.2,59.08,-0.1200000000000045,93.4,94.79,1.3900000000000006,1051039.3528386,2010.2885686069092,1987,2015,29,pre_renovabio_1985_2015,150,approx_from_previous_land_use_grid,1987-2015,persistent new sugarcane entries weighted by grid-cell overlap,1051039.3528386,delta_neea
09075242000119,EBER BIOENERGIA E AGRICULTURA LTDA. - Montes Claros de Goiás - GO,Montes Claros de Goiás,GO,Etanol combustível de primeira geração – cana-de-açúcar,cana_pura,2022,4775547.97112293,8273949.70009723,51.43,46.29,-5.140000000000001,100.0,100.0,0.0,64619.951888873176,2005.4966691348452,1989,2015,27,pre_renovabio_1985_2015,150,approx_from_previous_land_use_grid,1987-2015,persistent new sugarcane entries weighted by grid-cell overlap,64619.951888873176,delta_neea
09538989000166,RAÍZEN CAARAPO AÇÚCAR E ÁLCOOL LTDA. - FILIAL CAARAPÓ - Caarapó - MS,Caarapó,MS,Etanol combustível de primeira geração – cana-de-açúcar,cana_pura,2022,4928433.7195605,7498055.71637994,50.6,62.44,11.839999999999996,77.51,72.74,-4.77000000000001,699577.3351652913,2010.2045553352332,1987,2015,29,pre_renovabio_1985_2015,150,approx_from_previous_land_use_grid,1987-2015,persistent new sugarcane entries weighted by grid-cell overlap,699577.3351652913,delta_neea
09538989000409,RAÍZEN CAARAPÓ AÇÚCAR E ÁLCOOL LTDA. - Filial Paraguaçu - Paraguaçu Paulista - SP,Paraguaçu Paulista,SP,Etanol combustível de primeira geração – cana-de-açúcar,cana_pura,2023,5330307.2751111,7509869.51745985,52.31,52.8,0.4899999999999949,90.78,93.67,2.890000000000001,2685862.8037299914,2002.8924251084686,1987,2015,29,pre_renovabio_1985_2015,150,approx_from_previous_land_use_grid,1987-2015,persistent new sugarcane entries weighted by grid-cell overlap,2685862.8037299914,delta_neea
09538989000670,RAÍZEN CAARAPÓ AÇÚCAR E ÁLCOOL LTDA. - filial Maracaí - Maracaí - SP,Maracaí,SP,Etanol combustível de primeira geração – cana-de-açúcar,cana_pura,2023,5343998.32966224,7498367.91828655,53.88,53.26,-0.6200000000000045,77.08,86.84,9.760000000000003,2534214.528348419,2002.7571299007757,1987,2015,29,pre_renovabio_1985_2015,150,approx_from_previous_land_use_grid,1987-2015,persistent new sugarcane entries weighted by grid-cell overlap,2534214.528348419,delta_neea
09538989000751,RAÍZEN CAARAPÓ AÇÚCAR E ÁLCOOL LTDA. - filial Tarumã - Tarumã - SP,Tarumã,SP,Etanol combustível de primeira geração – cana-de-açúcar,cana_pura,2023,5354100.78860249,7474917.45257299,49.96,49.03,-0.9299999999999996,72.81,76.44,3.629999999999996,2263274.451782961,2002.7932791988198,1987,2015,29,pre_renovabio_1985_2015,150,approx_from_previous_land_use_grid,1987-2015,persistent new sugarcane entries weighted by grid-cell overlap,2263274.451782961,delta_neea
10249419000216,SJC BIOENERGIA LTDA - USF. - Quirinópolis-GO,Quirinópolis,GO,Etanol combustível de primeira geração – cana-de-açúcar e milho em usina integrada,cana_milho_integrada,2022,5395238.45475603,7957099.15615166,58.2,70.05,11.849999999999994,57.0,44.4,-12.6,1342541.2609958427,2009.6592220543446,1987,2015,29,pre_renovabio_1985_2015,150,approx_from_previous_land_use_grid,1987-2015,persistent new sugarcane entries weighted by grid-cell overlap,1342541.2609958427,delta_neea
10249419000305,SJC BIOENERGIA LTDA - URD. - Cachoeira Dourada - GO,Cachoeira Dourada,GO,Etanol combustível de primeira geração – cana-de-açúcar,cana_pura,2022,5459071.58818042,7947872.72078123,58.4,61.13,2.730000000000004,98.7,89.8,-8.900000000000006,1281255.7481232288,2009.4715930163118,1987,2015,29,pre_renovabio_1985_2015,150,approx_from_previous_land_use_grid,1987-2015,persistent new sugarcane entries weighted by grid-cell overlap,1281255.7481232288,delta_neea
10452413000160,Destilaria Veredas Indústria de Açúcar e Álcool Ltda. - João Pinheiro - MG,João Pinheiro,MG,Etanol combustível de primeira geração – cana-de-açúcar,cana_pura,2022,5866154.33206323,8019987.29737984,56.4,58.36,1.9600000000000009,100.0,97.47,-2.530000000000001,70421.21046612102,2011.6425665085992,1987,2015,29,pre_renovabio_1985_2015,150,approx_from_previous_land_use_grid,1987-2015,persistent new sugarcane entries weighted by grid-cell overlap,70421.21046612102,delta_neea
10921675000127,DESTILARIA BURITI LTDA. - Sorriso - MT,Sorriso,MT,Etanol combustível de primeira geração – cana-de-açúcar,cana_pura,2023,4825594.96841672,8620088.33291891,28.74,39.03,10.290000000000004,100.0,100.0,0.0,133.57188833399738,2000.7978669900392,1989,2015,24,pre_renovabio_1985_2015,150,approx_from_previous_land_use_grid,1987-2015,persistent new sugarcane entries weighted by grid-cell overlap,133.57188833399738,delta_neea
11092881000134,Bom Sucesso Agroindustria S.A. - Goiatuba - GO,Goiatuba,GO,Etanol combustível de primeira geração – cana-de-açúcar,cana_pura,2022,5439044.89446956,8009256.73986314,46.7,55.38,8.68,79.42,91.59,12.170000000000002,1130597.2423323032,2009.4013193453595,1987,2015,29,pre_renovabio_1985_2015,150,approx_from_previous_land_use_grid,1987-2015,persistent new sugarcane entries weighted by grid-cell overlap,1130597.2423323032,delta_neea
12229415001001,S/A USINA CORURIPE AÇÚCAR E ÁLCOOL - Filial Iturama - Iturama - MG,Iturama,MG,Etanol combustível de primeira geração – cana-de-açúcar,cana_pura,2022,5383799.07899261,7815756.76594269,55.4,59.72,4.32,98.07,95.91,-2.1599999999999966,2386757.1832798366,2007.5579118430455,1987,2015,29,pre_renovabio_1985_2015,150,approx_from_previous_land_use_grid,1987-2015,persistent new sugarcane entries weighted by grid-cell overlap,2386757.1832798366,delta_neea
12229415001435,S/A USINA CORURIPE AÇÚCAR E ÁLCOOL - Filial Campo Florido - Campo Florido - MG,Campo Florido,MG,Etanol combustível de primeira geração – cana-de-açúcar,cana_pura,2022,5551825.00544841,7799416.13504996,51.7,55.95,4.25,95.62,93.93,-1.6899999999999975,3346974.355755051,2004.6581000685574,1987,2015,29,pre_renovabio_1985_2015,150,approx_from_previous_land_use_grid,1987-2015,persistent new sugarcane entries weighted by grid-cell overlap,3346974.355755051,delta_neea
12229415001605,S/A USINA CORURIPE AÇÚCAR E ÁLCOOL - Filial Limeira do Oeste - Limeira do Oeste - MG,Limeira do Oeste,MG,Etanol combustível de primeira geração – cana-de-açúcar,cana_pura,2022,5350615.57572406,7837088.93073151,49.7,58.07,8.369999999999997,99.31,96.79,-2.519999999999996,1778687.4240407478,2008.3697544789256,1987,2015,29,pre_renovabio_1985_2015,150,approx_from_previous_land_use_grid,1987-2015,persistent new sugarcane entries weighted by grid-cell overlap,1778687.4240407478,delta_neea
12282034001762,USINA CAETE S.A. - Unidade Paulicéia - Paulicéia - SP,Paulicéia,SP,Etanol combustível de primeira geração – cana-de-açúcar,cana_pura,2022,5231035.18562973,7644359.25066858,67.0,56.38,-10.619999999999996,97.05,97.31,0.2600000000000051,2047932.951543055,2004.402289250105,1987,2015,29,pre_renovabio_1985_2015,150,approx_from_previous_land_use_grid,1987-2015,persistent new sugarcane entries weighted by grid-cell overlap,2047932.951543055,delta_neea
13537735000281,DELTA SUCROENERGIA S.A. – Usina Volta Grande - Conceição das Alagoas - MG,Conceição das Alagoas,MG,Etanol combustível de primeira geração – cana-de-açúcar,cana_pura,2022,5600022.11581419,7779379.0716028,60.12,62.77,2.6500000000000057,98.77,96.23,-2.539999999999992,3105374.2089563743,2003.6987611433974,1987,2015,29,pre_renovabio_1985_2015,150,approx_from_previous_land_use_grid,1987-2015,persistent new sugarcane entries weighted by grid-cell overlap,3105374.2089563743,delta_neea
13537735000362,DELTA Sucroenergia S/A - Delta - MG,Delta,MG,Etanol combustível de primeira geração – cana-de-açúcar,cana_pura,2022,5651875.78550578,7778319.54503458,61.85,63.58,1.7299999999999969,97.87,96.93,-0.9399999999999976,2553657.751862664,2003.3457682589776,1987,2015,29,pre_renovabio_1985_2015,150,approx_from_previous_land_use_grid,1987-2015,persistent new sugarcane entries weighted by grid-cell overlap,2553657.751862664,delta_neea
15009178000170,USINAS ITAMARATI S/A - Nova Olimpía - MT,Nova Olimpía,MT,Etanol combustível de primeira geração – cana-de-açúcar,cana_pura,2022,4655846.67665979,8364321.86756508,57.06,57.86,0.7999999999999972,77.6,91.31,13.710000000000008,143644.85432661368,2006.3034787482661,1989,2015,27,pre_renovabio_1985_2015,150,approx_from_previous_land_use_grid,1987-2015,persistent new sugarcane entries weighted by grid-cell overlap,143644.85432661368,delta_neea
15043391000107,Cooperativa Agrícola de Produtores de Cana de Campo Novo do Parecis Ltda. - Campo Novo do Parecis - MT,Campo Novo do Parecis,MT,Etanol combustível de primeira geração – cana-de-açúcar,cana_pura,2022,4584313.44232683,8471992.38803468,48.55,52.29,3.740000000000002,93.76,83.18,-10.579999999999998,99199.32750023263,2006.4308145098903,1989,2015,27,pre_renovabio_1985_2015,150,approx_from_previous_land_use_grid,1987-2015,persistent new sugarcane entries weighted by grid-cell overlap,99199.32750023263,delta_neea
15444904000183,ALCOOLVALE S/A - ALCOOL E AÇÚCAR - Aparecida do Taboado -MS,Aparecida do Taboado,MS,Etanol combustível de primeira geração – cana-de-açúcar,cana_pura,2022,5282458.27441009,7775739.04857417,67.1,63.74,-3.3599999999999923,85.28,99.25,13.97,1639232.0995926964,2006.2556697704297,1987,2015,29,pre_renovabio_1985_2015,150,approx_from_previous_land_use_grid,1987-2015,persistent new sugarcane entries weighted by grid-cell overlap,1639232.0995926964,delta_neea
15527906000721,Biosev S.A. – USINA Passa Tempo - Rio Brilhante-MS,Rio Brilhante,MS,Etanol combustível de primeira geração – cana-de-açúcar,cana_pura,2022,4926225.23993506,7619574.82541739,65.3,48.64,-16.659999999999997,98.81,86.65,-12.159999999999997,623241.8792345369,2010.195580692897,1987,2015,29,pre_renovabio_1985_2015,150,approx_from_previous_land_use_grid,1987-2015,persistent new sugarcane entries weighted by grid-cell overlap,623241.8792345369,delta_neea
15527906002937,BIOSEV S.A. - Usina Lagoa da Prata - Lagoa da Prata-MG,Lagoa da Prata,MG,Etanol combustível de primeira geração – cana-de-açúcar,cana_pura,2022,5882006.09793013,7756939.1207431,64.0,54.22,-9.78,97.38,83.86,-13.519999999999996,167858.04157764692,2006.1028396304046,1987,2015,29,pre_renovabio_1985_2015,150,approx_from_previous_land_use_grid,1987-2015,persistent new sugarcane entries weighted by grid-cell overlap,167858.04157764692,delta_neea
15527906003585,BIOSEV S.A. - Usina Rio Brilhante - Rio Brilhante - MS,Rio Brilhante,MS,Etanol combustível de primeira geração – cana-de-açúcar,cana_pura,2022,4947527.29422604,7595724.73198237,62.4,50.15,-12.25,98.46,92.3,-6.159999999999997,719066.1753888899,2010.129498581808,1987,2015,29,pre_renovabio_1985_2015,150,approx_from_previous_land_use_grid,1987-2015,persistent new sugarcane entries weighted by grid-cell overlap,719066.1753888899,delta_neea
15527906003666,BIOSEV S.A. - Usina Leme - Leme - SP,Leme,SP,Etanol combustível de primeira geração – cana-de-açúcar,cana_pura,2022,5695115.90535615,7532924.94260428,60.6,52.9,-7.700000000000003,98.59,97.75,-0.8400000000000034,1359588.1164355364,1998.629617061384,1987,2015,29,pre_renovabio_1985_2015,150,approx_from_previous_land_use_grid,1987-2015,persistent new sugarcane entries weighted by grid-cell overlap,1359588.1164355364,delta_neea
16617789000164,AGROPÉU – AGRO INDUSTRIAL DE POMPÉU S/A - Pompéu - MG,Pompéu,MG,Etanol combustível de primeira geração – cana-de-açúcar,cana_pura,2022,5947272.85296162,7845800.93953152,66.1,68.21,2.1099999999999994,89.95,88.95,-1.0,84750.28606431691,2010.029152883484,1987,2015,29,pre_renovabio_1985_2015,150,approx_from_previous_land_use_grid,1987-2015,persistent new sugarcane entries weighted by grid-cell overlap,84750.28606431691,delta_neea
19537471000161,USA - Usina Santo Ângelo Ltda. - Pirajuba - MG,Pirajuba,MG,Etanol combustível de primeira geração – cana-de-açúcar,cana_pura,2022,5568683.13700541,7782902.4380549,58.5,60.08,1.5799999999999983,97.66,91.29,-6.36999999999999,3405713.3138499497,2004.1470099704857,1987,2015,29,pre_renovabio_1985_2015,150,approx_from_previous_land_use_grid,1987-2015,persistent new sugarcane entries weighted by grid-cell overlap,3405713.3138499497,delta_neea
19818301000155,ARAPORÃ BIOENERGIA S/A - ARAPORÃ - MG,ARAPORÃ,MG,Etanol combustível de primeira geração – cana-de-açúcar,cana_pura,2022,5508229.05438586,7952896.97771936,66.0,64.18,-1.8199999999999927,95.49,89.33,-6.159999999999997,1088110.7198177623,2009.3294027065147,1987,2015,29,pre_renovabio_1985_2015,150,approx_from_previous_land_use_grid,1987-2015,persistent new sugarcane entries weighted by grid-cell overlap,1088110.7198177623,delta_neea
21783238000100,Destilaria Rio do Cachimbo Ltda. - João Pinheiro-MG,João Pinheiro,MG,Etanol combustível de primeira geração – cana-de-açúcar,cana_pura,2022,5861190.51579064,8007523.80949601,57.0,60.91,3.9099999999999966,100.0,82.85,-17.150000000000006,70480.17082114788,2011.638319843684,1987,2015,29,pre_renovabio_1985_2015,150,approx_from_previous_land_use_grid,1987-2015,persistent new sugarcane entries weighted by grid-cell overlap,70480.17082114788,delta_neea
22587687000146,Usina Monte Alegre Ltda. - Monte Belo - MG,Monte Belo,MG,Etanol combustível de primeira geração – cana-de-açúcar,cana_pura,2022,5803122.45244692,7614729.31010418,70.0,63.97,-6.030000000000001,90.77,91.16,0.3900000000000005,652850.856001543,2000.6851088520154,1987,2015,29,pre_renovabio_1985_2015,150,approx_from_previous_land_use_grid,1987-2015,persistent new sugarcane entries weighted by grid-cell overlap,652850.856001543,delta_neea
23796998000188,COMPANHIA AGRÍCOLA PONTENOVENSE - Urucânia - MG,Urucânia,MG,Etanol combustível de primeira geração – cana-de-açúcar,cana_pura,2023,6176904.75728049,7710078.72683329,54.37,59.45,5.080000000000005,88.54,90.31,1.769999999999996,824.6230846867833,2007.2716038742324,1988,2015,21,pre_renovabio_1985_2015,150,approx_from_previous_land_use_grid,1987-2015,persistent new sugarcane entries weighted by grid-cell overlap,824.6230846867833,delta_neea
23858708000183,Rio Amambai Agroenergia S/A - Naviraí - MS,Naviraí,MS,Etanol combustível de primeira geração – cana-de-açúcar,cana_pura,2022,4979537.05465003,7440917.38714525,52.51,53.52,1.0100000000000051,91.9,84.63,-7.27000000000001,785629.5494328061,2009.3216186262619,1987,2015,29,pre_renovabio_1985_2015,150,approx_from_previous_land_use_grid,1987-2015,persistent new sugarcane entries weighted by grid-cell overlap,785629.5494328061,delta_neea
28144326000101,CANÁPOLIS AÇÚCAR E ETANOL S.A. - Canápolis - MG,Canápolis,MG,Etanol combustível de primeira geração – cana-de-açúcar,cana_pura,2023,5498545.32904852,7905364.96998199,55.91,57.16,1.25,89.92,89.74,-0.1800000000000068,1713485.158999286,2008.3052956792064,1987,2015,29,pre_renovabio_1985_2015,150,approx_from_previous_land_use_grid,1987-2015,persistent new sugarcane entries weighted by grid-cell overlap,1713485.158999286,delta_neea
33664228000135,Usina Barralcool S/A - Barra do Bugres - MT,Barra do Bugres,MT,Etanol combustível de primeira geração – cana-de-açúcar,cana_pura,2022,4654208.22608558,8334876.74500645,51.1,52.46,1.3599999999999994,97.61,92.82,-4.790000000000006,134181.57696050257,2006.0540181956321,1989,2015,27,pre_renovabio_1985_2015,150,approx_from_previous_land_use_grid,1987-2015,persistent new sugarcane entries weighted by grid-cell overlap,134181.57696050257,delta_neea
35637796000172,LINS AGROINDUSTRIAL S.A. Lins - SP,Lins,SP,Etanol combustível de primeira geração – cana-de-açúcar,cana_pura,2022,5460882.37165077,7603690.88753587,65.0,63.69,-1.3100000000000025,98.02,96.65,-1.3699999999999903,3577242.0197649384,2002.9130357329198,1987,2015,29,pre_renovabio_1985_2015,150,approx_from_previous_land_use_grid,1987-2015,persistent new sugarcane entries weighted by grid-cell overlap,3577242.0197649384,delta_neea
37216363000250,ENERGÉTICA SANTA HELENA S/A - EM RECUPERAÇÃO JUDICIAL - Nova Andradina - MS,Nova Andradina,MS,Etanol combustível de primeira geração – cana-de-açúcar,cana_pura,2022,5059371.56284531,7566399.51702832,54.4,60.81,6.410000000000004,94.34,99.59,5.25,1092846.1951099308,2008.6360293984112,1987,2015,29,pre_renovabio_1985_2015,150,approx_from_previous_land_use_grid,1987-2015,persistent new sugarcane entries weighted by grid-cell overlap,1092846.1951099308,delta_neea
38278706000192,UPI São Luis - Pirassununga - SP,Pirassununga,SP,Etanol combustível de primeira geração – cana-de-açúcar,cana_pura,2022,5691312.69666642,7563611.99846526,65.1,61.37,-3.729999999999997,100.0,95.14,-4.859999999999999,1589000.2962787042,1998.7905568300396,1987,2015,29,pre_renovabio_1985_2015,150,approx_from_previous_land_use_grid,1987-2015,persistent new sugarcane entries weighted by grid-cell overlap,1589000.2962787042,delta_neea
43533819000399,USINA ITAJOBI LTDA. - AÇÚCAR E ÁLCOOL - Marapoama - SP,Marapoama,SP,Etanol combustível de primeira geração – cana-de-açúcar,cana_pura,2022,5504860.13091127,7647582.4416601,63.04,61.64,-1.3999999999999986,64.33,87.28,22.950000000000003,3890095.3668469186,2003.086283000127,1987,2015,29,pre_renovabio_1985_2015,150,approx_from_previous_land_use_grid,1987-2015,persistent new sugarcane entries weighted by grid-cell overlap,3890095.3668469186,delta_neea
43545284000104,ALCOESTE BIOENERGIA FERNANDÓPOLIS S/A - Fernandópolis - SP,Fernandópolis,SP,Etanol combustível de primeira geração – cana-de-açúcar,cana_pura,2022,5382428.10764186,7753536.53539676,60.6,59.32,-1.2800000000000011,97.55,98.61,1.0600000000000025,3134391.2756159524,2005.5849781132608,1987,2015,29,pre_renovabio_1985_2015,150,approx_from_previous_land_use_grid,1987-2015,persistent new sugarcane entries weighted by grid-cell overlap,3134391.2756159524,delta_neea
43619832001760,BRANCO PERES AGRO S/A - Adamantina-SP,Adamantina,SP,Etanol combustível de primeira geração – cana-de-açúcar,cana_pura,2022,5307925.95063722,7619657.94129087,55.3,59.61,4.310000000000002,97.47,99.0,1.5300000000000011,3175512.4193571345,2003.9055312903265,1987,2015,29,pre_renovabio_1985_2015,150,approx_from_previous_land_use_grid,1987-2015,persistent new sugarcane entries weighted by grid-cell overlap,3175512.4193571345,delta_neea
43932102000581,RENUKA DO BRASIL S.A. - EM RECUPERAÇÃO JUDICIAL - Promissão - SP,Promissão,SP,Etanol combustível de primeira geração – cana-de-açúcar,cana_pura,2022,5430563.41020967,7600918.58442243,50.6,49.94,-0.6600000000000037,87.67,85.29,-2.3799999999999955,3614850.8456643475,2003.133959213871,1987,2015,29,pre_renovabio_1985_2015,150,approx_from_previous_land_use_grid,1987-2015,persistent new sugarcane entries weighted by grid-cell overlap,3614850.8456643475,delta_neea
44207249000148,USINA SANTA LÚCIA S.A. - Araras - SP,Araras,SP,Etanol combustível de primeira geração – cana-de-açúcar,cana_pura,2022,5678798.29682681,7514155.29728828,48.72,49.36,0.6400000000000006,85.28,97.0,11.72,1349172.6751849886,1998.6539744932863,1987,2015,29,pre_renovabio_1985_2015,150,approx_from_previous_land_use_grid,1987-2015,persistent new sugarcane entries weighted by grid-cell overlap,1349172.6751849886,delta_neea
44209336003583,USJ AÇÚCAR E ÁLCOOL S.A.- Araras - SP,Araras,SP,Etanol combustível de primeira geração – cana-de-açúcar,cana_pura,2022,5683432.51600593,7504007.27659347,63.0,62.29,-0.7100000000000009,95.79,91.61,-4.180000000000007,1256508.2914729104,1998.6215787805197,1987,2015,29,pre_renovabio_1985_2015,150,approx_from_previous_land_use_grid,1987-2015,persistent new sugarcane entries weighted by grid-cell overlap,1256508.2914729104,delta_neea
44330975000153,Usina Colombo S.A. Açúcar e Alcool - Unidade Ariranha - Ariranha - SP,Ariranha,SP,Etanol combustível de primeira geração – cana-de-açúcar,cana_pura,2022,5535960.51483213,7644363.40072255,67.8,67.8,0.0,95.19,95.19,0.0,3878591.085915701,2002.536487802734,1987,2015,29,pre_renovabio_1985_2015,150,approx_from_previous_land_use_grid,1987-2015,persistent new sugarcane entries weighted by grid-cell overlap,3878591.085915701,delta_neea
44330975002288,USINA COLOMBO S/A. - AÇUCAR E ÁLCOOL - Unidade Palestina - Palestina - SP,Palestina,SP,Etanol combustível de primeira geração – cana-de-açúcar,cana_pura,2022,5458429.37318275,7758079.54540743,67.3,67.3,0.0,98.37,98.37,0.0,3547599.413657442,2005.0921106553117,1987,2015,29,pre_renovabio_1985_2015,150,approx_from_previous_land_use_grid,1987-2015,persistent new sugarcane entries weighted by grid-cell overlap,3547599.413657442,delta_neea
44330975002520,Usina Colombo S.A. Açúcar e Álcool – Unidade Santa Albertina - Santa Albertina - SP,Santa Albertina,SP,Etanol combustível de primeira geração – cana-de-açúcar,cana_pura,2022,5347374.69593228,7779771.82465078,69.2,69.2,0.0,95.13,95.13,0.0,2459491.593050914,2006.3999920573247,1987,2015,29,pre_renovabio_1985_2015,150,approx_from_previous_land_use_grid,1987-2015,persistent new sugarcane entries weighted by grid-cell overlap,2459491.593050914,delta_neea
44346583000182,Usina Açucareira Guaíra Ltda. - Guaíra - SP,Guaíra,SP,Etanol combustível de primeira geração – cana-de-açúcar,cana_pura,2022,5603715.23003702,7730571.00786188,53.66,67.94,14.28,99.43,99.62,0.1899999999999977,3490761.4913653415,2003.0935435963922,1987,2015,29,pre_renovabio_1985_2015,150,approx_from_previous_land_use_grid,1987-2015,persistent new sugarcane entries weighted by grid-cell overlap,3490761.4913653415,delta_neea
44373108000103,COCAL Comércio Indústria Canaã Açúcar e Alcool Ltda. - Unidade Paraguaçu Paulista Paraguaçu Paulista-SP,Paraguaçu Paulista,SP,Etanol combustível de primeira geração – cana-de-açúcar,cana_pura,2022,5330307.2751111,7509869.51745985,65.0,67.86,2.8599999999999994,96.84,99.0,2.1599999999999966,2685862.8037299914,2002.8924251084686,1987,2015,29,pre_renovabio_1985_2015,150,approx_from_previous_land_use_grid,1987-2015,persistent new sugarcane entries weighted by grid-cell overlap,2685862.8037299914,delta_neea
44691236000197,DELLA COLETTA BIOENERGIA S/A - Bariri - SP,Bariri,SP,Etanol combustível de primeira geração – cana-de-açúcar,cana_pura,2022,5545323.30509419,7550248.53242205,59.5,61.07,1.5700000000000005,90.16,88.54,-1.6199999999999903,2404374.4501127345,2000.8766103179262,1987,2015,29,pre_renovabio_1985_2015,150,approx_from_previous_land_use_grid,1987-2015,persistent new sugarcane entries weighted by grid-cell overlap,2404374.4501127345,delta_neea
44836856000177,Agroindustrial Vista Alegre S. A. Em Recuperação Judicial - Itapetininga - SP,Itapetininga,SP,Etanol combustível de primeira geração – cana-de-açúcar,cana_pura,2022,5603690.47264389,7380267.80742244,53.4,57.82,4.420000000000002,93.9,93.26,-0.6400000000000006,726096.6626524623,1999.1015217050947,1987,2015,29,pre_renovabio_1985_2015,150,approx_from_previous_land_use_grid,1987-2015,persistent new sugarcane entries weighted by grid-cell overlap,726096.6626524623,delta_neea
44845915000173,Destilaria Generalco S/A – em recuperação judicial​ - General Salgado - SP,General Salgado,SP,Etanol combustível de primeira geração – cana-de-açúcar,cana_pura,2023,5376664.43655424,7719933.84368087,57.32,61.91,4.589999999999996,95.48,96.47,0.9899999999999948,3357962.703120126,2005.0426394496144,1987,2015,29,pre_renovabio_1985_2015,150,approx_from_previous_land_use_grid,1987-2015,persistent new sugarcane entries weighted by grid-cell overlap,3357962.703120126,delta_neea
44870939000182,Pitangueiras Açúcar e Álcool Ltda. - Pitangueiras - SP,Pitangueiras,SP,Etanol combustível de primeira geração – cana-de-açúcar,cana_pura,2022,5596166.39886262,7660790.73792399,61.5,60.44,-1.0600000000000025,97.0,95.44,-1.5600000000000025,3657210.5655805413,2002.0044908315604,1987,2015,29,pre_renovabio_1985_2015,150,approx_from_previous_land_use_grid,1987-2015,persistent new sugarcane entries weighted by grid-cell overlap,3657210.5655805413,delta_neea
45281813000135,Usina Santa Fé S.A. - Nova Europa - SP,Nova Europa,SP,Etanol combustível de primeira geração – cana-de-açúcar,cana_pura,2022,5556939.58752334,7576579.64969499,55.9,59.47,3.5700000000000003,98.34,97.01,-1.3299999999999983,2749094.674363729,2000.9156613924986,1987,2015,29,pre_renovabio_1985_2015,150,approx_from_previous_land_use_grid,1987-2015,persistent new sugarcane entries weighted by grid-cell overlap,2749094.674363729,delta_neea
45353547000109,"USINA SANTA RITA S.A. AÇÚCAR E ÁLCOOL, EM RECUPERAÇÃO JUDICIAL - SANTA RITA DO PASSA QUATRO - SP",SANTA RITA DO PASSA QUATRO,SP,Etanol combustível de primeira geração – cana-de-açúcar,cana_pura,2022,5657705.1296763,7583579.8459617,53.52,55.38,1.8599999999999997,62.59,58.9,-3.690000000000005,2182565.8906335854,1999.3156502686556,1987,2015,29,pre_renovabio_1985_2015,150,approx_from_previous_land_use_grid,1987-2015,persistent new sugarcane entries weighted by grid-cell overlap,2182565.8906335854,delta_neea
45483450000110,CLEALCO AÇÚCAR E ÁLCOOL S/A - EM RECUPERAÇÃO JUDICIAL - Clementina - SP,Clementina,SP,Etanol combustível de primeira geração – cana-de-açúcar,cana_pura,2022,5369363.39529016,7608602.38041061,55.46,51.12,-4.340000000000003,97.7,79.53,-18.17,3636150.42784819,2003.7811762377305,1987,2015,29,pre_renovabio_1985_2015,150,approx_from_previous_land_use_grid,1987-2015,persistent new sugarcane entries weighted by grid-cell overlap,3636150.42784819,delta_neea
45483450002164,Clealco Açúcar e Álcool S/A - em Recuperação Judicial - Queiroz - SP,Queiroz,SP,Etanol combustível de primeira geração – cana-de-açúcar,cana_pura,2022,5390674.85593007,7582859.67530875,62.36,53.02,-9.339999999999996,93.9,86.89,-7.010000000000005,3513709.7700619786,2003.2164971715176,1987,2015,29,pre_renovabio_1985_2015,150,approx_from_previous_land_use_grid,1987-2015,persistent new sugarcane entries weighted by grid-cell overlap,3513709.7700619786,delta_neea
45765914000181,CENTRAL ENERGÉTICA MORENO AÇÚCAR E ÁLCOOL LTDA EM RECUPERAÇÃO JUDICIAL - Luiz Antônio - SP,Luís Antônio,SP,Etanol combustível de primeira geração – cana-de-açúcar,cana_pura,2022,5645462.82453837,7610495.04934604,57.9,58.58,0.6799999999999997,95.59,98.0,2.4099999999999966,2565945.2595870625,1999.8753474703437,1987,2015,29,pre_renovabio_1985_2015,150,approx_from_previous_land_use_grid,1987-2015,persistent new sugarcane entries weighted by grid-cell overlap,2565945.2595870625,delta_neea
45902707000121,Diana Bioenergia Avanhandava S/A - Avanhandava-SP,Avanhandava,SP,Etanol combustível de primeira geração – cana-de-açúcar,cana_pura,2022,5425627.11498278,7626815.59557634,60.0,60.47,0.4699999999999988,90.7,97.04,6.340000000000003,3753394.8967607203,2003.6463659143699,1987,2015,29,pre_renovabio_1985_2015,150,approx_from_previous_land_use_grid,1987-2015,persistent new sugarcane entries weighted by grid-cell overlap,3753394.8967607203,delta_neea
45968162000156,SALTO BOTELHO AGROENERGIA S.A. – Lucélia - SP,Lucélia,SP,Etanol combustível de primeira geração – cana-de-açúcar,cana_pura,2023,5314855.65428215,7610939.52175401,54.25,53.48,-0.7700000000000031,76.37,85.75,9.379999999999995,3294798.860022259,2003.8263901318203,1987,2015,29,pre_renovabio_1985_2015,150,approx_from_previous_land_use_grid,1987-2015,persistent new sugarcane entries weighted by grid-cell overlap,3294798.860022259,delta_neea
47063128000168,USINA SÃO DOMINGOS AÇÚCAR E ETANOL S/A - Catanduva - SP,Catanduva,SP,Etanol combustível de primeira geração – cana-de-açúcar,cana_pura,2022,5517368.203587,7657801.06786345,64.1,60.65,-3.449999999999996,93.94,95.73,1.7900000000000065,4019917.545348677,2003.0180892363276,1987,2015,29,pre_renovabio_1985_2015,150,approx_from_previous_land_use_grid,1987-2015,persistent new sugarcane entries weighted by grid-cell overlap,4019917.545348677,delta_neea
47080619001199,TEREOS AÇÚCAR E ENERGIA BRASIL S.A. - Unidade Cruz Alta - Olímpia - SP,Olímpia,SP,Etanol combustível de primeira geração – cana-de-açúcar,cana_pura,2022,5509494.07154641,7703220.73996033,60.0,63.93,3.93,95.24,92.28,-2.9599999999999937,4070445.368003692,2003.6467473893688,1987,2015,29,pre_renovabio_1985_2015,150,approx_from_previous_land_use_grid,1987-2015,persistent new sugarcane entries weighted by grid-cell overlap,4070445.368003692,delta_neea
47080619003051,TEREOS ACUCAR E ENERGIA BRASIL S.A. - Unidade Tanabi - Tanabi - SP,Tanabi,SP,Etanol combustível de primeira geração – cana-de-açúcar,cana_pura,2022,5465162.19200102,7727366.90580903,64.8,65.84,1.0400000000000065,95.0,96.1,1.0999999999999943,3878976.1056774626,2004.4620021126987,1987,2015,29,pre_renovabio_1985_2015,150,approx_from_previous_land_use_grid,1987-2015,persistent new sugarcane entries weighted by grid-cell overlap,3878976.1056774626,delta_neea
47080619003302,TEREOS AÇÚCAR E ENERGIA BRASIL S.A. - Unidade Mandú - Guaíra - SP,Guaíra,SP,Etanol combustível de primeira geração – cana-de-açúcar,cana_pura,2022,5583172.62415267,7724294.71940503,61.9,62.07,0.1700000000000017,98.44,96.3,-2.140000000000001,3751500.8488065787,2003.178722122989,1987,2015,29,pre_renovabio_1985_2015,150,approx_from_previous_land_use_grid,1987-2015,persistent new sugarcane entries weighted by grid-cell overlap,3751500.8488065787,delta_neea
47080619006158,TEREOS AÇÚCAR E ENERGIA BRASIL S.A. - UNIDADE ANDRADE - Pitangueiras - SP,Pitangueiras,SP,Etanol combustível de primeira geração – cana-de-açúcar,cana_pura,2022,5593928.21704737,7665735.780493,61.7,63.22,1.519999999999996,95.68,87.74,-7.940000000000012,3705717.7259347863,2002.1400198347346,1987,2015,29,pre_renovabio_1985_2015,150,approx_from_previous_land_use_grid,1987-2015,persistent new sugarcane entries weighted by grid-cell overlap,3705717.7259347863,delta_neea
47080619006239,TEREOS AÇÚCAR E ENERGIA BRASIL S.A. - Unidade São José - Colina - SP,Colina,SP,Etanol combustível de primeira geração – cana-de-açúcar,cana_pura,2022,5569368.69742976,7704546.1168507,61.2,65.16,3.9599999999999937,98.25,93.73,-4.519999999999996,3987313.838459682,2003.0489032052537,1987,2015,29,pre_renovabio_1985_2015,150,approx_from_previous_land_use_grid,1987-2015,persistent new sugarcane entries weighted by grid-cell overlap,3987313.838459682,delta_neea
47254396000167,J PILON SA AÇÚCAR E ÁLCOOL - Cerquilho - SP,Cerquilho,SP,Etanol combustível de primeira geração – cana-de-açúcar,cana_pura,2022,5636301.19852914,7423905.86840809,49.8,49.44,-0.3599999999999994,86.54,89.78,3.239999999999995,960119.0556750898,1998.5594096261439,1987,2015,29,pre_renovabio_1985_2015,150,approx_from_previous_land_use_grid,1987-2015,persistent new sugarcane entries weighted by grid-cell overlap,960119.0556750898,delta_neea
47524632000118,USINA SANTA ISABEL S/A - UNIDADE NOVO HORIZONTE - Novo Horizonte - SP,Novo Horizonte,SP,Etanol combustível de primeira geração – cana-de-açúcar,cana_pura,2022,5496435.62234828,7613043.54136429,67.5,66.92,-0.5799999999999983,98.77,96.11,-2.6599999999999966,3510714.951443048,2002.6936397661477,1987,2015,29,pre_renovabio_1985_2015,150,approx_from_previous_land_use_grid,1987-2015,persistent new sugarcane entries weighted by grid-cell overlap,3510714.951443048,delta_neea
47524632000894,USINA SANTA ISABEL S/A - UNIDADE MENDONÇA - Mendonça - SP,Mendonça,SP,Etanol combustível de primeira geração – cana-de-açúcar,cana_pura,2022,5455702.14108104,7653667.26903664,69.0,67.21,-1.7900000000000065,96.89,95.71,-1.1800000000000068,3971292.74205526,2003.8473715969558,1987,2015,29,pre_renovabio_1985_2015,150,approx_from_previous_land_use_grid,1987-2015,persistent new sugarcane entries weighted by grid-cell overlap,3971292.74205526,delta_neea
47902283000120,Sonora Estância S.A - Sonora - MS,Sonora,MS,Etanol combustível de primeira geração – cana-de-açúcar,cana_pura,2022,4919768.99292888,8054550.5566479,64.7,69.53,4.829999999999998,98.96,99.68,0.7200000000000131,21531.186498816907,2012.4333191048388,1987,2015,29,pre_renovabio_1985_2015,150,approx_from_previous_land_use_grid,1987-2015,persistent new sugarcane entries weighted by grid-cell overlap,21531.186498816907,delta_neea
48295562001108,USINA ALTO ALEGRE S/A - ACUCAR E ALCOOL - Presidente Prudente - SP,Presidente Prudente,SP,Etanol combustível de primeira geração – cana-de-açúcar,cana_pura,2022,5283264.01821824,7578474.155203,59.0,62.48,3.479999999999997,90.68,90.73,0.0499999999999971,3137720.2443024283,2003.6659522341342,1987,2015,29,pre_renovabio_1985_2015,150,approx_from_previous_land_use_grid,1987-2015,persistent new sugarcane entries weighted by grid-cell overlap,3137720.2443024283,delta_neea
48295562001450,USINA ALTO ALEGRE S/A AÇÚCAR E ÁLCOOL - Colorado - PR,Colorado,PR,Etanol combustível de primeira geração – cana-de-açúcar,cana_pura,2022,5210409.50388839,7461546.41330971,61.1,65.08,3.979999999999997,98.14,95.01,-3.1299999999999955,2223907.149556162,2004.6866272281056,1987,2015,29,pre_renovabio_1985_2015,150,approx_from_previous_land_use_grid,1987-2015,persistent new sugarcane entries weighted by grid-cell overlap,2223907.149556162,delta_neea
48295562001884,USINA ALTO ALEGRE S/A - ACUCAR E ALCOOL - Santo Inácio - PR,Santo Inácio,PR,Etanol combustível de primeira geração – cana-de-açúcar,cana_pura,2022,5225835.15506161,7492389.11037589,65.1,67.28,2.180000000000007,97.02,94.35,-2.6700000000000017,2449155.7586617814,2004.269057194502,1987,2015,29,pre_renovabio_1985_2015,150,approx_from_previous_land_use_grid,1987-2015,persistent new sugarcane entries weighted by grid-cell overlap,2449155.7586617814,delta_neea
48295562001965,USINA ALTO ALEGRE S/A - ACUCAR E ALCOOL - Florestópolis - PR,Florestópolis,PR,Etanol combustível de primeira geração – cana-de-açúcar,cana_pura,2022,5265765.11720501,7466901.54571138,62.6,66.67,4.07,93.6,96.18,2.5800000000000125,2468724.1018238813,2003.7720766687694,1987,2015,29,pre_renovabio_1985_2015,150,approx_from_previous_land_use_grid,1987-2015,persistent new sugarcane entries weighted by grid-cell overlap,2468724.1018238813,delta_neea
48708267046156,Nardini Agroindustrial Ltda. - Vista Alegre do Alto/SP,Vista Alegre do Alto,SP,Etanol combustível de primeira geração – cana-de-açúcar,cana_pura,2022,5555394.58545559,7647146.73236478,63.5,61.91,-1.5900000000000034,94.23,97.1,2.8699999999999903,3872606.267357883,2002.2905893995676,1987,2015,29,pre_renovabio_1985_2015,150,approx_from_previous_land_use_grid,1987-2015,persistent new sugarcane entries weighted by grid-cell overlap,3872606.267357883,delta_neea
49049638000106,INDÚSTRIA E COMÉRCIO DE BEBIDAS SEIS LAGOAS LTDA. - Brotas - SP,Brotas,SP,Etanol combustível de primeira geração – cana-de-açúcar,cana_pura,2022,5590165.35110969,7522329.45488203,39.28,39.28,0.0,95.61,95.61,0.0,1954301.2787937298,1999.885724661998,1987,2015,29,pre_renovabio_1985_2015,150,approx_from_previous_land_use_grid,1987-2015,persistent new sugarcane entries weighted by grid-cell overlap,1954301.2787937298,delta_neea
49213747000117,BIOSEV BIOENERGIA S.A. - Usina Vale do Rosário - Morro Agudo-SP,Morro Agudo,SP,Etanol combustível de primeira geração – cana-de-açúcar,cana_pura,2022,5603690.00942673,7690368.28528379,57.3,56.63,-0.6699999999999946,97.63,96.5,-1.1299999999999957,3659093.5872298134,2002.5073184581279,1987,2015,29,pre_renovabio_1985_2015,150,approx_from_previous_land_use_grid,1987-2015,persistent new sugarcane entries weighted by grid-cell overlap,3659093.5872298134,delta_neea
49213747011585,BIOSEV BIOENERGIA S.A. - Usina MB - Morro Agudo-SP,Morro Agudo,SP,Etanol combustível de primeira geração – cana-de-açúcar,cana_pura,2022,5603690.00942673,7690368.28528379,53.8,49.67,-4.129999999999996,98.73,98.21,-0.5200000000000102,3659093.5872298134,2002.5073184581279,1987,2015,29,pre_renovabio_1985_2015,150,approx_from_previous_land_use_grid,1987-2015,persistent new sugarcane entries weighted by grid-cell overlap,3659093.5872298134,delta_neea
49213747011828,BIOSEV BIOENERGIA S.A. - Usina Santa Elisa - Sertãozinho - SP,Sertãozinho,SP,Etanol combustível de primeira geração – cana-de-açúcar,cana_pura,2022,5615281.36045109,7653041.04163243,54.6,51.9,-2.700000000000003,98.86,97.67,-1.1899999999999975,3368782.793534827,2001.5030712955092,1987,2015,29,pre_renovabio_1985_2015,150,approx_from_previous_land_use_grid,1987-2015,persistent new sugarcane entries weighted by grid-cell overlap,3368782.793534827,delta_neea
49213747012980,BIOSEV BIOENERGIA S.A. - Usina Continental - Colômbia-SP,Colômbia,SP,Etanol combustível de primeira geração – cana-de-açúcar,cana_pura,2022,5561854.80646371,7752670.3605914,53.9,55.2,1.3000000000000045,100.0,98.78,-1.2199999999999989,3738506.162782788,2003.7927678799276,1987,2015,29,pre_renovabio_1985_2015,150,approx_from_previous_land_use_grid,1987-2015,persistent new sugarcane entries weighted by grid-cell overlap,3738506.162782788,delta_neea
49605157000210,LONDRA AÇÚCAR E ÁLCOOL LTDA.​ - Itaí -SP,Itaí,SP,Etanol combustível de primeira geração – cana-de-açúcar,cana_pura,2022,5516624.21610669,7387741.1310015,61.7,67.21,5.509999999999991,100.0,100.0,0.0,880171.631388728,2000.584301781546,1987,2015,29,pre_renovabio_1985_2015,150,approx_from_previous_land_use_grid,1987-2015,persistent new sugarcane entries weighted by grid-cell overlap,880171.631388728,delta_neea
49972326000170,Bunge Açúcar e Bioenergia S.A. - Usina Moema - Orindiuva - SP,Orindiuva,SP,Etanol combustível de primeira geração – cana-de-açúcar,cana_pura,2022,5485088.29434952,7754877.64768698,56.2,63.49,7.289999999999999,96.97,95.91,-1.0600000000000025,3706606.3213183307,2004.6028388418044,1987,2015,29,pre_renovabio_1985_2015,150,approx_from_previous_land_use_grid,1987-2015,persistent new sugarcane entries weighted by grid-cell overlap,3706606.3213183307,delta_neea
49972326003861,BUNGE ACUCAR E BIOENERGIA S.A. - Ponta Porã - MS,Ponta Porã,MS,Etanol combustível de primeira geração – cana-de-açúcar,cana_pura,2022,4886354.279116,7532810.49108476,60.8,68.77,7.969999999999999,95.93,93.21,-2.720000000000013,585903.3692290743,2010.2161092306942,1987,2015,29,pre_renovabio_1985_2015,150,approx_from_previous_land_use_grid,1987-2015,persistent new sugarcane entries weighted by grid-cell overlap,585903.3692290743,delta_neea
49976251000103,MALOSSO BIOENERGIA S.A. - Itápolis - SP,Itápolis,SP,Etanol combustível de primeira geração – cana-de-açúcar,cana_pura,2022,5535383.51598067,7598591.50424386,59.55,53.27,-6.279999999999994,93.24,95.09,1.8500000000000083,3205741.427376833,2001.760887978064,1987,2015,29,pre_renovabio_1985_2015,150,approx_from_previous_land_use_grid,1987-2015,persistent new sugarcane entries weighted by grid-cell overlap,3205741.427376833,delta_neea
50227255000160,DESTILARIA ÁGUA BONITA LTDA. - Tarumã - SP,Tarumã,SP,Etanol combustível de primeira geração – cana-de-açúcar,cana_pura,2022,5349061.14213217,7479533.32955514,50.8,52.71,1.910000000000004,67.98,66.34,-1.6400000000000006,2331830.019437958,2002.7916295948573,1987,2015,29,pre_renovabio_1985_2015,150,approx_from_previous_land_use_grid,1987-2015,persistent new sugarcane entries weighted by grid-cell overlap,2331830.019437958,delta_neea
50376938000189,USINA SANTA ADÉLIA S.A. - JABOTICABAL - Jaboticabal - SP,Jaboticabal,SP,Etanol combustível de primeira geração – cana-de-açúcar,cana_pura,2022,5590917.70040942,7628804.8133987,65.01,65.16,0.1499999999999914,90.19,98.51,8.320000000000007,3380586.871524277,2001.3517846660602,1987,2015,29,pre_renovabio_1985_2015,150,approx_from_previous_land_use_grid,1987-2015,persistent new sugarcane entries weighted by grid-cell overlap,3380586.871524277,delta_neea
50376938000936,Usina Santa Adelia S. A. - Unidade Pereira Barreto - Pereira Barreto - SP,Pereira Barreto,SP,Etanol combustível de primeira geração – cana-de-açúcar,cana_pura,2022,5287223.2377826,7726234.20084834,61.1,62.07,0.9699999999999988,95.97,98.53,2.5600000000000023,2102520.3691599783,2005.1392051890418,1987,2015,29,pre_renovabio_1985_2015,150,approx_from_previous_land_use_grid,1987-2015,persistent new sugarcane entries weighted by grid-cell overlap,2102520.3691599783,delta_neea
51466860000156,SÃO MARTINHO S.A (Unidade São Martinho) - Pradópolis - SP,Pradópolis,SP,Etanol combustível de primeira geração – cana-de-açúcar,cana_pura,2022,5609001.64500966,7630455.82840102,60.6,63.28,2.68,98.5,96.39,-2.1099999999999994,3233024.620197789,2001.0698851311497,1987,2015,29,pre_renovabio_1985_2015,150,approx_from_previous_land_use_grid,1987-2015,persistent new sugarcane entries weighted by grid-cell overlap,3233024.620197789,delta_neea
51466860002957,SÃO MARTINHO S.A. - USINA IRACEMA - Iracemápolis - SP,Iracemápolis,SP,Etanol combustível de primeira geração – cana-de-açúcar ,cana_pura,2022,5665248.28530554,7487017.71529497,58.22,59.57,1.3500000000000014,95.4,92.96,-2.440000000000012,1258955.7594129383,1998.6977368660516,1987,2015,29,pre_renovabio_1985_2015,150,approx_from_previous_land_use_grid,1987-2015,persistent new sugarcane entries weighted by grid-cell overlap,1258955.7594129383,delta_neea
51466860005034,SÃO MARTINHO S.A (Unidade Santa Cruz) - Américo Brasiliense-SP,Américo Brasiliense,SP,Etanol combustível de primeira geração – cana-de-açúcar,cana_pura,2022,5612905.36226079,7581553.7989518,62.5,64.58,2.0799999999999983,85.85,90.29,4.440000000000012,2589223.885364872,1999.7918793972517,1987,2015,29,pre_renovabio_1985_2015,150,approx_from_previous_land_use_grid,1987-2015,persistent new sugarcane entries weighted by grid-cell overlap,2589223.885364872,delta_neea
51466860006278,SÃO MARTINHO S.A (Usina Boa Vista) - Quirinópolis/GO,Quirinópolis,GO,Etanol combustível de primeira geração – cana-de-açúcar,cana_pura,2022,5376520.66146883,7944455.4369707,62.7,62.7,0.0,96.19,96.19,0.0,1340502.4633509303,2009.7359529027794,1987,2015,29,pre_renovabio_1985_2015,150,approx_from_previous_land_use_grid,1987-2015,persistent new sugarcane entries weighted by grid-cell overlap,1340502.4633509303,delta_neea
51843514000140,TIETÊ AGROINDUSTRIAL S.A. - PARAÍSO - SP,PARAÍSO,SP,Etanol combustível de primeira geração – cana-de-açúcar,cana_pura,2022,5548660.68469603,7662946.39321125,61.1,65.58,4.479999999999997,98.03,95.58,-2.450000000000003,4069057.8282723194,2002.6538315473917,1987,2015,29,pre_renovabio_1985_2015,150,approx_from_previous_land_use_grid,1987-2015,persistent new sugarcane entries weighted by grid-cell overlap,4069057.8282723194,delta_neea
51843514009600,TIETÊ AGROINDUSTRIAL S.A. - Unidade Ubarana - Ubarana - SP,Ubarana,SP,Etanol combustível de primeira geração – cana-de-açúcar,cana_pura,2022,5442063.71458744,7647628.5712649,59.2,61.82,2.619999999999997,98.26,96.18,-2.0799999999999983,3887153.423072911,2003.8606650595862,1987,2015,29,pre_renovabio_1985_2015,150,approx_from_previous_land_use_grid,1987-2015,persistent new sugarcane entries weighted by grid-cell overlap,3887153.423072911,delta_neea
51990778000126,Açúcar e Alcool Oswaldo Ribeiro Mendonça Ltda - Guaíra-SP,Guaíra,SP,Etanol combustível de primeira geração – cana-de-açúcar,cana_pura,2022,5603715.23003702,7730571.00786188,64.3,64.3,0.0,97.54,97.54,0.0,3490761.4913653415,2003.0935435963922,1987,2015,29,pre_renovabio_1985_2015,150,approx_from_previous_land_use_grid,1987-2015,persistent new sugarcane entries weighted by grid-cell overlap,3490761.4913653415,delta_neea
53009825000133,Usina Alta Mogiana S/A Açúcar e Álcool - São Joaquim da Barra - SP,São Joaquim da Barra,SP,Etanol combustível de primeira geração – cana-de-açúcar,cana_pura,2022,5638988.90398604,7722104.34950551,62.9,64.65,1.750000000000007,99.36,100.0,0.6400000000000006,3123246.367827533,2002.6373106282938,1987,2015,29,pre_renovabio_1985_2015,150,approx_from_previous_land_use_grid,1987-2015,persistent new sugarcane entries weighted by grid-cell overlap,3123246.367827533,delta_neea
53172300000114,USINA SÃO JOSÉ DA ESTIVA S.A. AÇÚCAR E ÁLCOOL - Novo Horizonte - SP,Novo Horizonte,SP,Etanol combustível de primeira geração – cana-de-açúcar,cana_pura,2022,5498236.06647977,7615531.14246577,63.0,63.11,0.1099999999999994,96.18,96.98,0.7999999999999972,3530336.0444071176,2002.7061469731505,1987,2015,29,pre_renovabio_1985_2015,150,approx_from_previous_land_use_grid,1987-2015,persistent new sugarcane entries weighted by grid-cell overlap,3530336.0444071176,delta_neea
53408860000125,Usina São Luiz S/A - Ourinhos - SP,Ourinhos,SP,Etanol combustível de primeira geração – cana-de-açúcar,cana_pura,2022,5434145.34247822,7456211.45718872,59.7,63.46,3.759999999999998,96.33,95.05,-1.2800000000000011,1807158.8278137308,2002.2000050064723,1987,2015,29,pre_renovabio_1985_2015,150,approx_from_previous_land_use_grid,1987-2015,persistent new sugarcane entries weighted by grid-cell overlap,1807158.8278137308,delta_neea
53811006000105,Viralcool Açúcar e Álcool Ltda. - Pitangueiras - SP,Pitangueiras,SP,Etanol combustível de primeira geração – cana-de-açúcar,cana_pura,2022,5597642.87620166,7673060.58481972,67.1,66.12,-0.9799999999999898,96.91,97.44,0.5300000000000011,3693114.623599722,2002.2399972557532,1987,2015,29,pre_renovabio_1985_2015,150,approx_from_previous_land_use_grid,1987-2015,persistent new sugarcane entries weighted by grid-cell overlap,3693114.623599722,delta_neea
53811006000296,VIRALCOOL ACUCAR E ALCOOL LTDA - Castilho - SP,Castilho,SP,Etanol combustível de primeira geração – cana-de-açúcar,cana_pura,2022,5250469.97424121,7665558.87736064,64.8,63.25,-1.5499999999999972,96.92,86.73,-10.189999999999998,2000638.36505023,2004.255396841292,1987,2015,29,pre_renovabio_1985_2015,150,approx_from_previous_land_use_grid,1987-2015,persistent new sugarcane entries weighted by grid-cell overlap,2000638.36505023,delta_neea
54470679000101,USINA BATATAIS S/A AÇÚCAR E ÁLCOOL - Batatais - SP,Batatais,SP,Etanol combustível de primeira geração – cana-de-açúcar,cana_pura,2022,5669415.53486182,7691324.17737747,67.3,62.76,-4.539999999999999,98.28,95.0,-3.280000000000001,2694107.0555724152,2001.654387633988,1987,2015,29,pre_renovabio_1985_2015,150,approx_from_previous_land_use_grid,1987-2015,persistent new sugarcane entries weighted by grid-cell overlap,2694107.0555724152,delta_neea
54844360000107,Baldin Bioenergia S. A. - Pirassununga - SP,Pirassununga,SP,Etanol combustível de primeira geração – cana-de-açúcar,cana_pura,2022,5676699.37391274,7550570.79151787,60.0,56.9,-3.1000000000000014,96.38,97.27,0.8900000000000006,1643952.278535138,1998.7284786223206,1987,2015,29,pre_renovabio_1985_2015,150,approx_from_previous_land_use_grid,1987-2015,persistent new sugarcane entries weighted by grid-cell overlap,1643952.278535138,delta_neea
54846951000105,Ferrari Agroindústria S.A. - Pirassununga - SP,Pirassununga,SP,Etanol combustível de primeira geração – cana-de-açúcar,cana_pura,2022,5686171.87576836,7568741.50613581,68.2,63.04,-5.160000000000004,91.32,,,1687123.5550820527,1998.8858840523076,1987,2015,29,pre_renovabio_1985_2015,150,approx_from_previous_land_use_grid,1987-2015,persistent new sugarcane entries weighted by grid-cell overlap,1687123.5550820527,delta_neea
55090971000161,CAFEÁLCOOL AGROINDUSTRIAL LTDA. (EM RECUPERAÇÃO JUDICIAL) - Cafelândia - SP,Cafelândia,SP,Etanol combustível de primeira geração – cana-de-açúcar,cana_pura,2022,5464230.63938766,7591862.81354918,57.85,65.54,7.690000000000005,96.67,97.36,0.6899999999999977,3459985.742649295,2002.6757790400195,1987,2015,29,pre_renovabio_1985_2015,150,approx_from_previous_land_use_grid,1987-2015,persistent new sugarcane entries weighted by grid-cell overlap,3459985.742649295,delta_neea
55109474000168,"Usina Carolo S/A – Açúcar e Álcool, em Recuperação Judicial - Pontal - SP",Pontal,SP,Etanol combustível de primeira geração – cana-de-açúcar,cana_pura,2022,5621016.86284423,7664946.45696951,49.0,49.0,0.0,86.7,86.7,0.0,3361720.893939179,2001.7023342681412,1987,2015,29,pre_renovabio_1985_2015,150,approx_from_previous_land_use_grid,1987-2015,persistent new sugarcane entries weighted by grid-cell overlap,3361720.893939179,delta_neea
55109565000101,"USINA BAZAN S.A. - Pontal, SP",Pontal,SP,Etanol combustível de primeira geração – cana-de-açúcar,cana_pura,2022,5624440.83906075,7664109.77536027,66.2,65.38,-0.8200000000000074,98.36,99.11,0.75,3307913.94617437,2001.6169632763704,1987,2015,29,pre_renovabio_1985_2015,150,approx_from_previous_land_use_grid,1987-2015,persistent new sugarcane entries weighted by grid-cell overlap,3307913.94617437,delta_neea
56723257000207,Usina Açucareira Furlan S/A - Avaré - SP,Avaré,SP,Etanol combustível de primeira geração – cana-de-açúcar,cana_pura,2022,5520568.16009102,7454650.32696257,63.8,63.8,0.0,83.89,83.89,0.0,1546669.8616567212,2001.0491259987382,1987,2015,29,pre_renovabio_1985_2015,150,approx_from_previous_land_use_grid,1987-2015,persistent new sugarcane entries weighted by grid-cell overlap,1546669.8616567212,delta_neea
60329174000124,USINA AÇUCAREIRA SÃO MANOEL S.A. - São Manuel - SP,São Manuel,SP,Etanol combustível de primeira geração – cana-de-açúcar,cana_pura,2022,5561008.15581125,7481688.13209503,61.5,57.11,-4.390000000000001,99.55,97.91,-1.6400000000000006,1692378.8684069128,2000.4203353888033,1987,2015,29,pre_renovabio_1985_2015,150,approx_from_previous_land_use_grid,1987-2015,persistent new sugarcane entries weighted by grid-cell overlap,1692378.8684069128,delta_neea
60855574000335,AÇUCAREIRA QUATÁ S.A. - UNIDADE SÃO JOSÉ - Macatuba - SP,Macatuba,SP,Etanol combustível de primeira geração – cana-de-açúcar,cana_pura,2022,5536875.99803442,7502034.30102471,66.76,66.82,0.059999999999988,98.35,97.45,-0.8999999999999915,1944334.3848827383,2000.8301097158171,1987,2015,29,pre_renovabio_1985_2015,150,approx_from_previous_land_use_grid,1987-2015,persistent new sugarcane entries weighted by grid-cell overlap,1944334.3848827383,delta_neea
60855574000416,AÇUCAREIRA QUATÁ S.A. (UNIDADE BARRA GRANDE) - Lençóis Paulista/SP,Lençóis Paulista,SP,Etanol combustível de primeira geração – cana-de-açúcar,cana_pura,2022,5539454.9453959,7486641.36942521,63.55,64.15,0.6000000000000085,97.57,96.79,-0.7799999999999869,1804042.824373669,2000.759502881246,1987,2015,29,pre_renovabio_1985_2015,150,approx_from_previous_land_use_grid,1987-2015,persistent new sugarcane entries weighted by grid-cell overlap,1804042.824373669,delta_neea
60855574001307,AÇUCAREIRA QUATÁ S.A. - UNIDADE QUATÁ - Quatá - SP,Quatá,SP,Etanol combustível de primeira geração – cana-de-açúcar,cana_pura,2022,5344980.73150459,7534505.8062032,59.0,59.14,0.1400000000000005,99.04,98.06,-0.980000000000004,2955737.597436109,2002.8799120465596,1987,2015,29,pre_renovabio_1985_2015,150,approx_from_previous_land_use_grid,1987-2015,persistent new sugarcane entries weighted by grid-cell overlap,2955737.597436109,delta_neea
61082962000393,Companhia Melhoramentos Norte do Paraná - Jussara - PR,Jussara,PR,Etanol combustível de primeira geração – cana-de-açúcar,cana_pura,2022,5160448.96807688,7391390.71804424,59.2,60.66,1.4599999999999935,92.47,97.29,4.820000000000007,1522747.9988561266,2005.5394904434381,1987,2015,29,pre_renovabio_1985_2015,150,approx_from_previous_land_use_grid,1987-2015,persistent new sugarcane entries weighted by grid-cell overlap,1522747.9988561266,delta_neea
61082962000474,Companhia Melhoramentos Norte do Paraná - Nova Londrina - PR,Nova Londrina,PR,Etanol combustível de primeira geração – cana-de-açúcar,cana_pura,2022,5104176.59551458,7480760.64086504,58.9,57.13,-1.769999999999996,87.25,94.49,7.239999999999995,1836427.2176734488,2006.9139064709375,1987,2015,29,pre_renovabio_1985_2015,150,approx_from_previous_land_use_grid,1987-2015,persistent new sugarcane entries weighted by grid-cell overlap,1836427.2176734488,delta_neea
61231478000206,COMPANHIA AGRÍCOLA USINA JACAREZINHO - Jacarezinho - PR,Jacarezinho,PR,Etanol combustível de primeira geração – cana-de-açúcar,cana_pura,2022,5415837.92603449,7439425.89388854,53.3,56.9,3.6000000000000014,91.24,95.99,4.75,1653320.2460187646,2002.2118419585956,1987,2015,29,pre_renovabio_1985_2015,150,approx_from_previous_land_use_grid,1987-2015,persistent new sugarcane entries weighted by grid-cell overlap,1653320.2460187646,delta_neea
68316801000102,GLENCANE BIOENERGIA S/A – RIO VERMELHO - Junqueirópolis-SP,Junqueirópolis,SP,Etanol combustível de primeira geração – cana-de-açúcar,cana_pura,2022,5332370.8349774,7622346.56937083,58.3,63.84,5.540000000000006,98.2,,,3374754.9706184166,2003.9995665773247,1987,2015,29,pre_renovabio_1985_2015,150,approx_from_previous_land_use_grid,1987-2015,persistent new sugarcane entries weighted by grid-cell overlap,3374754.9706184166,delta_neea
68316801002571,GLENCANE BIOENERGIA S.A. – UNIDADE NOVA UNIALCO - Guararapes-SP,Guararapes,SP,Etanol combustível de primeira geração – cana-de-açúcar,cana_pura,2022,5332370.8349774,7622346.56937083,57.5,58.1,0.6000000000000014,95.31,92.72,-2.5900000000000034,3374754.9706184166,2003.9995665773247,1987,2015,29,pre_renovabio_1985_2015,150,approx_from_previous_land_use_grid,1987-2015,persistent new sugarcane entries weighted by grid-cell overlap,3374754.9706184166,delta_neea
71304687000105,"PEDRA AGROINDUSTRIAL S.A. - Usina Pedra - Serrana, SP",Serrana,SP,Etanol combustível de primeira geração – cana-de-açúcar,cana_pura,2022,5664095.30861299,7640681.38578166,65.5,64.38,-1.1200000000000043,96.35,96.11,-0.2399999999999948,2520930.1921297433,2000.366943680779,1987,2015,29,pre_renovabio_1985_2015,150,approx_from_previous_land_use_grid,1987-2015,persistent new sugarcane entries weighted by grid-cell overlap,2520930.1921297433,delta_neea
71304687001845,PEDRA AGROINDUSTRIAL S/A - Usina Buriti - Buritizal - SP,Buritizal,SP,Etanol combustível de primeira geração – cana-de-açúcar,cana_pura,2022,5662965.83265875,7750677.62997629,62.6,64.3,1.6999999999999955,96.93,96.51,-0.4200000000000017,2644835.041976937,2002.8749458909308,1987,2015,29,pre_renovabio_1985_2015,150,approx_from_previous_land_use_grid,1987-2015,persistent new sugarcane entries weighted by grid-cell overlap,2644835.041976937,delta_neea
71304687002817,PEDRA AGROINDUSTRIAL S/A - Usina Ipê - Nova Independência - SP,Nova Independência,SP,Etanol combustível de primeira geração – cana-de-açúcar,cana_pura,2022,5262921.43224265,7656397.59589737,62.8,61.32,-1.4799999999999969,98.1,98.03,-0.0699999999999931,2275215.0672816527,2004.2472911945943,1987,2015,29,pre_renovabio_1985_2015,150,approx_from_previous_land_use_grid,1987-2015,persistent new sugarcane entries weighted by grid-cell overlap,2275215.0672816527,delta_neea
71321566000163,IRMÃOS TONIELLO LTDA. - Sertãozinho - SP,Sertãozinho,SP,Etanol combustível de primeira geração – cana-de-açúcar,cana_pura,2022,5619841.65755165,7655842.36510929,59.3,59.3,0.0,98.27,98.27,0.0,3324246.2275335933,2001.4873001060894,1987,2015,29,pre_renovabio_1985_2015,150,approx_from_previous_land_use_grid,1987-2015,persistent new sugarcane entries weighted by grid-cell overlap,3324246.2275335933,delta_neea
71324784000151,USINA SANTO ANTONIO S/A - Sertãozinho - SP,Sertãozinho,SP,Etanol combustível de primeira geração – cana-de-açúcar,cana_pura,2022,5627258.92573786,7651381.0344227,58.11,57.46,-0.6499999999999986,92.22,88.49,-3.730000000000004,3182949.716021396,2001.2317058180897,1987,2015,29,pre_renovabio_1985_2015,150,approx_from_previous_land_use_grid,1987-2015,persistent new sugarcane entries weighted by grid-cell overlap,3182949.716021396,delta_neea
71324792000440,USINA SÃO FRANCISCO S.A. - Barrinha - SP,Barrinha,SP,Etanol combustível de primeira geração – cana-de-açúcar,cana_pura,2022,5610674.78848055,7646256.90949264,71.6,67.25,-4.349999999999994,93.56,98.1,4.539999999999992,3371098.1413977477,2001.4284558907364,1987,2015,29,pre_renovabio_1985_2015,150,approx_from_previous_land_use_grid,1987-2015,persistent new sugarcane entries weighted by grid-cell overlap,3371098.1413977477,delta_neea
75084871000130,COOPERVAL COOPERATIVA AGROINDUSTRIAL VALE DO IVAÍ LTDA. - Jandaia do Sul - PR,Jandaia do Sul,PR,Etanol combustível de primeira geração – cana-de-açúcar e milho em usina integrada,cana_milho_integrada,2022,5235867.18568587,7377432.8082731,65.23,68.1,2.8699999999999903,52.15,36.82,-15.329999999999998,1456573.441029405,2004.508129386197,1987,2015,29,pre_renovabio_1985_2015,150,approx_from_previous_land_use_grid,1987-2015,persistent new sugarcane entries weighted by grid-cell overlap,1456573.441029405,delta_neea
75177857000180,RENUKA VALE DO IVAÍ S A EM RECUPERAÇÃO JUDICIAL - São Pedro do Ivaí - PR,São Pedro do Ivaí,PR,Etanol combustível de primeira geração – cana-de-açúcar,cana_pura,2023,5215053.49056965,7359057.94944632,41.34,41.34,0.0,97.73,97.73,0.0,1240909.5121231633,2004.7482464387585,1987,2015,29,pre_renovabio_1985_2015,150,approx_from_previous_land_use_grid,1987-2015,persistent new sugarcane entries weighted by grid-cell overlap,1240909.5121231633,delta_neea
75444430000100,Dacalda Açúcar e Álcool LTDA. - Jacarezinho - PR,Jacarezinho,PR,Etanol combustível de primeira geração – cana-de-açúcar,cana_pura,2022,5399015.37389715,7432488.87076784,48.71,50.1,1.3900000000000006,87.28,83.92,-3.3599999999999994,1622045.4529467642,2002.2885188613889,1987,2015,29,pre_renovabio_1985_2015,150,approx_from_previous_land_use_grid,1987-2015,persistent new sugarcane entries weighted by grid-cell overlap,1622045.4529467642,delta_neea
75619056000128,AÇÚCAR E ÁLCOOL BANDEIRANTES S.A. - Bandeirantes - PR,Bandeirantes,PR,Etanol combustível de primeira geração – cana-de-açúcar,cana_pura,2023,5374048.51602455,7439981.01554885,61.7,58.92,-2.780000000000001,88.68,87.4,-1.2800000000000011,1817758.871702126,2002.6392644429936,1987,2015,29,pre_renovabio_1985_2015,150,approx_from_previous_land_use_grid,1987-2015,persistent new sugarcane entries weighted by grid-cell overlap,1817758.871702126,delta_neea
75717355000286,USINA DE AÇÚCAR SANTA TEREZINHA LTDA. (EM RECUPERAÇÃO JUDICIAL) - PARANACITY - PR,PARANACITY,PR,Etanol combustível de primeira geração – cana-de-açúcar,cana_pura,2022,5186813.83569937,7467837.27341482,65.51,64.1,-1.4100000000000108,86.03,92.15,6.1200000000000045,2138611.570295909,2005.0622858858846,1987,2015,29,pre_renovabio_1985_2015,150,approx_from_previous_land_use_grid,1987-2015,persistent new sugarcane entries weighted by grid-cell overlap,2138611.570295909,delta_neea
75717355000367,USINA DE AÇÚCAR SANTA TEREZINHA LTDA. (EM RECUPERAÇÃO JUDICIAL) - TAPEJARA - PR,TAPEJARA,PR,Etanol combustível de primeira geração – cana-de-açúcar,cana_pura,2022,5113780.43855401,7372417.87236108,60.13,62.35,2.219999999999999,95.6,95.42,-0.1799999999999926,1174717.2366258735,2005.8757242159304,1987,2015,29,pre_renovabio_1985_2015,150,approx_from_previous_land_use_grid,1987-2015,persistent new sugarcane entries weighted by grid-cell overlap,1174717.2366258735,delta_neea
75717355000448,USINA DE AÇÚCAR SANTA TEREZINHA LTDA. (EM RECUPERAÇÃO JUDICIAL) - IVATE - PR,IVATE,PR,Etanol combustível de primeira geração – cana-de-açúcar,cana_pura,2022,5057961.10312403,7412785.52940747,61.08,62.87,1.7899999999999991,97.57,98.09,0.5200000000000102,1172580.6984130982,2007.4059662681257,1987,2015,29,pre_renovabio_1985_2015,150,approx_from_previous_land_use_grid,1987-2015,persistent new sugarcane entries weighted by grid-cell overlap,1172580.6984130982,delta_neea
75717355000529,USINA DE AÇÚCAR SANTA TEREZINHA LTDA. (EM RECUPERAÇÃO JUDICIAL) - UNIDADE IGUATEMI - MARINGA - PR,Maringá,PR,Etanol combustível de primeira geração – cana-de-açúcar,cana_pura,2022,5195210.98662877,7409885.19091676,66.54,61.72,-4.820000000000007,94.15,95.43,1.2800000000000011,1810206.6236702844,2005.3048648745587,1987,2015,29,pre_renovabio_1985_2015,150,approx_from_previous_land_use_grid,1987-2015,persistent new sugarcane entries weighted by grid-cell overlap,1810206.6236702844,delta_neea
75717355000871,USINA DE AÇÚCAR SANTA TEREZINHA LTDA. (EM RECUPERAÇÃO JUDICIAL) - TERRA RICA - PR,TERRA RICA,PR,Etanol combustível de primeira geração – cana-de-açúcar,cana_pura,2022,5132605.71724781,7478170.17536868,65.23,62.72,-2.510000000000005,94.73,98.48,3.75,1983788.6623704578,2006.223989551656,1987,2015,29,pre_renovabio_1985_2015,150,approx_from_previous_land_use_grid,1987-2015,persistent new sugarcane entries weighted by grid-cell overlap,1983788.6623704578,delta_neea
75717355001096,USINA DE AÇÚCAR SANTA TEREZINHA LTDA. (EM RECUPERAÇÃO JUDICIAL) - Rondon - PR,Rondon,PR,Etanol combustível de primeira geração – cana-de-açúcar,cana_pura,2022,5131926.49527168,7413854.02684931,57.79,60.51,2.719999999999999,92.32,93.55,1.230000000000004,1620190.5415425876,2005.9760039950213,1987,2015,29,pre_renovabio_1985_2015,150,approx_from_previous_land_use_grid,1987-2015,persistent new sugarcane entries weighted by grid-cell overlap,1620190.5415425876,delta_neea
75717355001177,USINA DE AÇÚCAR SANTA TEREZINHA LTDA. (EM RECUPERAÇÃO JUDICIAL) - CIDADE GAÚCHA - PR,CIDADE GAÚCHA,PR,Etanol combustível de primeira geração – cana-de-açúcar,cana_pura,2022,5111959.63047695,7413554.45031234,63.63,62.69,-0.9400000000000048,95.26,95.48,0.2199999999999988,1545597.896655373,2006.288636701763,1987,2015,29,pre_renovabio_1985_2015,150,approx_from_previous_land_use_grid,1987-2015,persistent new sugarcane entries weighted by grid-cell overlap,1545597.896655373,delta_neea
78340270000210,COOPERATIVA AGRÍCOLA REGIONAL DE PRODUTORES DE CANA LTD - SÃO CARLOS DO IVAÍ - PR,SÃO CARLOS DO IVAÍ,PR,Etanol combustível de primeira geração – cana-de-açúcar,cana_pura,2022,5154570.31664767,7424810.15133095,52.48,56.41,3.93,16.01,85.45,69.44,1776811.3374922485,2005.6904764659712,1987,2015,29,pre_renovabio_1985_2015,150,approx_from_previous_land_use_grid,1987-2015,persistent new sugarcane entries weighted by grid-cell overlap,1776811.3374922485,delta_neea
00297598000122,DESTILARIA DE ÁLCOOL LIBRA LTDA. - SÃO JOSÉ DO RIO CLARO - MT,SÃO JOSÉ DO RIO CLARO,MT,Etanol combustível de primeira geração – cana-de-açúcar e milho em usina integrada,cana_milho_integrada,2022,4726601.98423902,8470976.23214683,47.19,39.17,-8.019999999999996,67.56,66.16,-1.4000000000000057,91902.91324273191,2005.834348706489,1989,2015,27,pre_renovabio_1985_2015,150,approx_from_previous_land_use_grid,1987-2015,persistent new sugarcane entries weighted by grid-cell overlap,91902.91324273191,delta_vol_pct
00372496000124,Central Energética Vale do Sapucaí Ltda. - Patrocínio Paulista - SP,Patrocínio Paulista,SP,Etanol combustível de primeira geração – cana-de-açúcar,cana_pura,2022,5683831.09458151,7690204.52935748,55.7,55.51,-0.1900000000000048,94.63,90.31,-4.319999999999993,2445167.341376323,2001.455290225439,1987,2015,29,pre_renovabio_1985_2015,150,approx_from_previous_land_use_grid,1987-2015,persistent new sugarcane entries weighted by grid-cell overlap,2445167.341376323,delta_vol_pct
00595322000120,DENUSA DESTILARIA NOVA UNIÃO S/A - Jandaia - GO,Jandaia,GO,Etanol combustível de primeira geração – cana-de-açúcar,cana_pura,2022,5409973.4560416,8087852.68291427,64.3,68.08,3.780000000000001,87.16,85.61,-1.5499999999999972,719662.5457482979,2009.1774460768913,1987,2015,29,pre_renovabio_1985_2015,150,approx_from_previous_land_use_grid,1987-2015,persistent new sugarcane entries weighted by grid-cell overlap,719662.5457482979,delta_vol_pct
01105558000102,WD AGROINDUSTRIAL LTDA - João Pinheiro - MG,João Pinheiro,MG,Etanol combustível de primeira geração – cana-de-açúcar,cana_pura,2022,5846982.93235041,7966338.47292695,68.5,68.5,0.0,92.11,92.11,0.0,62686.339765785495,2011.2134582258634,1987,2015,29,pre_renovabio_1985_2015,150,approx_from_previous_land_use_grid,1987-2015,persistent new sugarcane entries weighted by grid-cell overlap,62686.339765785495,delta_vol_pct
02043917000107,USINA RIO VERDE LTDA. - EM RECUPERAÇÃO JUDICIAL - Rio Verde - GO,Rio Verde,GO,Etanol combustível de primeira geração – cana-de-açúcar e milho em usina integrada,cana_milho_integrada,2022,5310460.5809602,8057054.40652174,45.99,54.17,8.18,87.08,83.3,-3.780000000000001,678882.4441519864,2010.4492784811387,1987,2015,29,pre_renovabio_1985_2015,150,approx_from_previous_land_use_grid,1987-2015,persistent new sugarcane entries weighted by grid-cell overlap,678882.4441519864,delta_vol_pct
02414858000470,Vale Verde Empreendimentos Agrícolas Ltda. Em Recuperação Judicial - Itapaci - GO,Itapaci,GO,Etanol combustível de primeira geração – cana-de-açúcar,cana_pura,2022,5479817.78534701,8338262.39698919,62.3,60.63,-1.6699999999999946,98.44,78.35,-20.090000000000003,213971.035105947,2006.5684080763192,1987,2015,29,pre_renovabio_1985_2015,150,approx_from_previous_land_use_grid,1987-2015,persistent new sugarcane entries weighted by grid-cell overlap,213971.035105947,delta_vol_pct
02460988000105,USINA GOIANÉSIA S/A - EM RECUPERAÇÃO JUDICIAL - Goianésia - GO,Goianésia,GO,Etanol combustível de primeira geração – cana-de-açúcar,cana_pura,2023,5526539.61558435,8311157.15201518,62.1,63.03,0.9299999999999996,97.98,99.91,1.9299999999999928,221413.6718702728,2006.440666357843,1987,2015,29,pre_renovabio_1985_2015,150,approx_from_previous_land_use_grid,1987-2015,persistent new sugarcane entries weighted by grid-cell overlap,221413.6718702728,delta_vol_pct
02635522000195,JALLES MACHADO S.A. - Matriz - Goianésia - GO,Goianésia,GO,Etanol combustível de primeira geração – cana-de-açúcar,cana_pura,2022,5538381.62495406,8311260.58537639,70.1,67.67,-2.4299999999999926,100.0,95.23,-4.769999999999996,212675.61804967374,2006.5331421783308,1987,2015,29,pre_renovabio_1985_2015,150,approx_from_previous_land_use_grid,1987-2015,persistent new sugarcane entries weighted by grid-cell overlap,212675.61804967374,delta_vol_pct
02635522004930,JALLES MACHADO S.A. - Unidade Otavio Lage - Goianésia - GO,Goianésia,GO,Etanol combustível de primeira geração – cana-de-açúcar,cana_pura,2022,5504657.33191542,8326472.95099455,61.7,68.98,7.280000000000001,100.0,82.41,-17.590000000000003,217984.06823981134,2006.5023274589287,1987,2015,29,pre_renovabio_1985_2015,150,approx_from_previous_land_use_grid,1987-2015,persistent new sugarcane entries weighted by grid-cell overlap,217984.06823981134,delta_vol_pct
02678100000105,LASA LAGO AZUL S.A. - Ipameri - GO,Ipameri,GO,Etanol combustível de primeira geração – cana-de-açúcar,cana_pura,2022,5670837.07069855,8080207.95905736,51.23,50.63,-0.5999999999999943,100.0,100.0,0.0,33662.5999858918,2011.2991748020597,1987,2015,29,pre_renovabio_1985_2015,150,approx_from_previous_land_use_grid,1987-2015,persistent new sugarcane entries weighted by grid-cell overlap,33662.5999858918,delta_vol_pct
02773950000184,GOIASA GOIATUBA ÁLCOOL LTDA. - GOIATUBA - GO,GOIATUBA,GO,Etanol combustível de primeira geração – cana-de-açúcar,cana_pura,2022,5458178.81561681,7995713.47454414,62.8,63.9,1.1000000000000014,96.72,97.23,0.5100000000000051,1126323.739605179,2009.4062043604604,1987,2015,29,pre_renovabio_1985_2015,150,approx_from_previous_land_use_grid,1987-2015,persistent new sugarcane entries weighted by grid-cell overlap,1126323.739605179,delta_vol_pct
02783009000141,ANICUNS S.A. ÁLCOOL E DERIVADOS - Anicuns - GO,Anicuns,GO,Etanol combustível de primeira geração – cana-de-açúcar,cana_pura,2022,5432875.6795387,8180131.2482969,60.8,57.15,-3.649999999999999,100.0,79.22,-20.78,283546.7184001589,2007.4046628991518,1987,2015,29,pre_renovabio_1985_2015,150,approx_from_previous_land_use_grid,1987-2015,persistent new sugarcane entries weighted by grid-cell overlap,283546.7184001589,delta_vol_pct
02859452000230,Vale do Verdão Sociedade Anônima Açúcar e Álcool - Turvelândia - GO,Turvelândia,GO,Etanol combustível de primeira geração – cana-de-açúcar,cana_pura,2022,5390070.82022688,8008629.18311183,60.1,65.38,5.279999999999994,91.35,96.81,5.460000000000008,1151043.5701870464,2009.9057676502982,1987,2015,29,pre_renovabio_1985_2015,150,approx_from_previous_land_use_grid,1987-2015,persistent new sugarcane entries weighted by grid-cell overlap,1151043.5701870464,delta_vol_pct
02896264000109,CENTROALCOOL S/A (EM RECUPERACAO JUDICIAL) - INHUMAS - GO,INHUMAS,GO,Etanol combustível de primeira geração – cana-de-açúcar,cana_pura,2022,5482540.94731307,8186858.98042968,64.14,61.35,-2.789999999999999,95.72,90.88,-4.840000000000003,267438.902171405,2006.6400330283943,1987,2015,29,pre_renovabio_1985_2015,150,approx_from_previous_land_use_grid,1987-2015,persistent new sugarcane entries weighted by grid-cell overlap,267438.902171405,delta_vol_pct
03345641000338,COOPERATIVA AGROINDUSTRIAL NOVA PRODUTIVA - Astorga - PR,Astorga,PR,Etanol combustível de primeira geração – cana-de-açúcar,cana_pura,2022,5241507.72865172,7442842.79367438,46.22,51.42,5.200000000000003,90.01,91.16,1.1499999999999917,2268084.8587875757,2004.2472128116476,1987,2015,29,pre_renovabio_1985_2015,150,approx_from_previous_land_use_grid,1987-2015,persistent new sugarcane entries weighted by grid-cell overlap,2268084.8587875757,delta_vol_pct
03347747000109,COOPERATIVA AGROINDUSTRIAL DE RUBIATABA – Rubiataba - GO,Rubiataba,GO,Etanol combustível de primeira geração – cana-de-açúcar,cana_pura,2022,5455886.18579172,8317126.04943407,64.0,64.87,0.8700000000000045,85.94,93.33,7.390000000000001,242543.10491655327,2006.2864907181386,1987,2015,29,pre_renovabio_1985_2015,150,approx_from_previous_land_use_grid,1987-2015,persistent new sugarcane entries weighted by grid-cell overlap,242543.10491655327,delta_vol_pct
03445208000455,UMOE BIOENERGY S.A. - Sandovalina - SP,Sandovalina,SP,Etanol combustível de primeira geração – cana-de-açúcar,cana_pura,2022,5223359.88634961,7502626.33872067,48.8,63.74,14.940000000000005,97.06,94.4,-2.6599999999999966,2461795.444970362,2004.251364231148,1987,2015,29,pre_renovabio_1985_2015,150,approx_from_previous_land_use_grid,1987-2015,persistent new sugarcane entries weighted by grid-cell overlap,2461795.444970362,delta_vol_pct
03937452000435,CRV industrial Ltda. - Capinópolis - MG,Capinópolis,MG,Etanol combustível de primeira geração – cana-de-açúcar,cana_pura,2022,5454944.6800123,7925846.62700244,61.55,61.99,0.4400000000000048,99.24,94.37,-4.86999999999999,1518324.238280066,2009.1339401290727,1987,2015,29,pre_renovabio_1985_2015,150,approx_from_previous_land_use_grid,1987-2015,persistent new sugarcane entries weighted by grid-cell overlap,1518324.238280066,delta_vol_pct
04165520000105,AGROPECUÁRIA NOVO MILÊNIO LTDA. - Lambari D'Oeste - MT,Lambari D'Oeste,MT,Etanol combustível de primeira geração – cana-de-açúcar,cana_pura,2022,4576007.98289422,8293081.4394439,59.24,56.53,-2.710000000000001,90.14,77.97,-12.170000000000002,123457.10254767645,2006.018032013292,1988,2015,28,pre_renovabio_1985_2015,150,approx_from_previous_land_use_grid,1987-2015,persistent new sugarcane entries weighted by grid-cell overlap,123457.10254767645,delta_vol_pct
04165520000296,AGROPECUÁRIA NOVO MILÊNIO LTDA. - Mirassol D'oeste - MT,Mirassol D'oeste,MT,Etanol combustível de primeira geração – cana-de-açúcar,cana_pura,2022,4557407.19929998,8257542.15927619,64.29,50.22,-14.070000000000007,91.13,66.56,-24.569999999999997,71051.22851951646,2006.5003978322372,1988,2015,28,pre_renovabio_1985_2015,150,approx_from_previous_land_use_grid,1987-2015,persistent new sugarcane entries weighted by grid-cell overlap,71051.22851951646,delta_vol_pct
04171382000177,CENTRAL ENERGETICA MORENO DE MONTE APRAZÍVEL AÇÚCAR E ÁLCOOL LTDA EM RECUPERAÇÃO JUDICIAL - Monte Aprazível - SP,Monte Aprazível,SP,Etanol combustível de primeira geração – cana-de-açúcar,cana_pura,2022,5440882.40687005,7689999.2280727,59.2,58.74,-0.4600000000000008,91.32,95.63,4.310000000000002,3971127.0320112277,2004.3316243145493,1987,2015,29,pre_renovabio_1985_2015,150,approx_from_previous_land_use_grid,1987-2015,persistent new sugarcane entries weighted by grid-cell overlap,3971127.0320112277,delta_vol_pct
04248044000277,Onda Verde Agrocomercial S. A. - Onda Verde - SP,Onda Verde,SP,Etanol combustível de primeira geração – cana-de-açúcar,cana_pura,2023,5500144.19989923,7713489.50674341,53.66,52.04,-1.6199999999999974,90.47,92.11,1.6400000000000006,4008191.6194937835,2003.8415990188698,1987,2015,29,pre_renovabio_1985_2015,150,approx_from_previous_land_use_grid,1987-2015,persistent new sugarcane entries weighted by grid-cell overlap,4008191.6194937835,delta_vol_pct
04969941000199,Usina Bela Vista S.A. - Pontal - SP,Pontal,SP,Etanol combustível de primeira geração – cana-de-açúcar,cana_pura,2022,5615412.58213949,7671897.6575594,65.2,64.97,-0.2300000000000039,98.11,99.4,1.2900000000000065,3473287.4488723576,2001.97238670445,1987,2015,29,pre_renovabio_1985_2015,150,approx_from_previous_land_use_grid,1987-2015,persistent new sugarcane entries weighted by grid-cell overlap,3473287.4488723576,delta_vol_pct
05242560000176,USINA VERTENTE LTDA. - Guaraci - SP,Guaraci,SP,Etanol combustível de primeira geração – cana-de-açúcar,cana_pura,2022,5521576.11089507,7734603.6637713,64.1,67.04,2.940000000000012,98.94,93.04,-5.899999999999992,3948889.120374077,2003.871684682049,1987,2015,29,pre_renovabio_1985_2015,150,approx_from_previous_land_use_grid,1987-2015,persistent new sugarcane entries weighted by grid-cell overlap,3948889.120374077,delta_vol_pct
05553456000100,Usina Ouroeste Açúcar e Álcool Ltda. - Ouroeste - SP,Ouroeste,SP,Etanol combustível de primeira geração – cana-de-açúcar,cana_pura,2022,5373059.22220696,7789234.84327185,55.3,64.72,9.420000000000002,97.83,98.04,0.2100000000000079,2655167.648059508,2006.7540748107922,1987,2015,29,pre_renovabio_1985_2015,150,approx_from_previous_land_use_grid,1987-2015,persistent new sugarcane entries weighted by grid-cell overlap,2655167.648059508,delta_vol_pct
05620523000235,Usina Eldorado em Recuperacao Judicial - Rio Brilhante/MS,Rio Brilhante,MS,Etanol combustível de primeira geração – cana-de-açúcar,cana_pura,2022,4998667.05441077,7581265.61271929,58.8,65.44,6.640000000000001,99.67,87.31,-12.36,772318.9064563389,2009.7649362798325,1987,2015,29,pre_renovabio_1985_2015,150,approx_from_previous_land_use_grid,1987-2015,persistent new sugarcane entries weighted by grid-cell overlap,772318.9064563389,delta_vol_pct
05643160000172,ENERGÉTICA SERRANÓPOLIS LTDA. - Serranópolis​ - GO,Serranópolis​,GO,Etanol combustível de primeira geração – cana-de-açúcar,cana_pura,2022,5200073.40995457,7965283.74478764,63.3,63.36,0.0600000000000022,68.0,70.25,2.25,413248.6376990079,2012.0999366861795,1987,2015,29,pre_renovabio_1985_2015,150,approx_from_previous_land_use_grid,1987-2015,persistent new sugarcane entries weighted by grid-cell overlap,413248.6376990079,delta_vol_pct
05928246000141,COPLASA - ACUCAR E ALCOOL LTDA EM RECUPERACAO JUDICIAL - Planalto - SP,Planalto,SP,Etanol combustível de primeira geração – cana-de-açúcar,cana_pura,2022,5426788.99141756,7672471.74730586,58.6,58.56,-0.0399999999999991,92.53,96.84,4.310000000000002,3915854.9877267983,2004.302798389317,1987,2015,29,pre_renovabio_1985_2015,150,approx_from_previous_land_use_grid,1987-2015,persistent new sugarcane entries weighted by grid-cell overlap,3915854.9877267983,delta_vol_pct
05938884000143,VALE DO PARANÁ S.A. AÇÚCAR E ÁLCOOL – Suzanápolis/SP,Suzanápolis,SP,Etanol combustível de primeira geração – cana-de-açúcar,cana_pura,2022,5309810.66592045,7741669.95860548,66.4,62.51,-3.890000000000008,100.0,99.15,-0.8499999999999943,2329509.5822852044,2005.5627864406968,1987,2015,29,pre_renovabio_1985_2015,150,approx_from_previous_land_use_grid,1987-2015,persistent new sugarcane entries weighted by grid-cell overlap,2329509.5822852044,delta_vol_pct
05980986000127,AGROINDUSTRIAL SANTA JULIANA LTDA. - SANTA JULIANA - MG,SANTA JULIANA,MG,Etanol combustível de primeira geração – cana-de-açúcar,cana_pura,2022,5689655.69486325,7824882.09653371,52.8,66.59,13.790000000000006,97.69,94.6,-3.0900000000000034,1551806.8242064796,2004.1285546315592,1987,2015,29,pre_renovabio_1985_2015,150,approx_from_previous_land_use_grid,1987-2015,persistent new sugarcane entries weighted by grid-cell overlap,1551806.8242064796,delta_vol_pct
06044698000808,Sada Bio-Energia e Agricultura Ltda. - Jaíba - MG,Jaíba,MG,Etanol combustível de primeira geração – cana-de-açúcar,cana_pura,2022,6086551.59796969,8293728.10478262,61.05,59.24,-1.8099999999999952,95.61,98.66,3.049999999999997,8829.174133693947,2010.1462575173098,1990,2015,18,pre_renovabio_1985_2015,150,approx_from_previous_land_use_grid,1987-2015,persistent new sugarcane entries weighted by grid-cell overlap,8829.174133693947,delta_vol_pct
06059962000100,USINA ITAPAGIPE ACUCAR E ALCOOL LTDA. - Itapagipe - MG,Itapagipe,MG,Etanol combustível de primeira geração – cana-de-açúcar,cana_pura,2022,5451352.76360256,7794240.56472791,51.2,61.57,10.369999999999996,98.52,80.33,-18.19,3188907.414710473,2006.3054714018513,1987,2015,29,pre_renovabio_1985_2015,150,approx_from_previous_land_use_grid,1987-2015,persistent new sugarcane entries weighted by grid-cell overlap,3188907.414710473,delta_vol_pct
06252818003799,Abengoa Bioenergia Agroindustrial Ltda. - Em Recuperação Judicial - Unidade São João - São João da Boa Vista - SP,São João da Boa Vista,SP,Etanol combustível de primeira geração – cana-de-açúcar,cana_pura,2022,5730700.17016266,7557336.91796437,63.0,60.1,-2.8999999999999986,100.0,93.2,-6.799999999999997,1162863.1968304384,1998.9872244396925,1987,2015,29,pre_renovabio_1985_2015,150,approx_from_previous_land_use_grid,1987-2015,persistent new sugarcane entries weighted by grid-cell overlap,1162863.1968304384,delta_vol_pct
06315338002324,COFCO INTERNATIONAL BRASIL S.A. - Unidade Sebastianópolis - Sebastianópolis do Sul - SP,Sebastianópolis do Sul,SP,Etanol combustível de primeira geração – cana-de-açúcar,cana_pura,2022,5422166.47710356,7717572.31613689,60.7,62.78,2.0799999999999983,75.39,94.1,18.709999999999997,3724731.173061543,2004.7044495063744,1987,2015,29,pre_renovabio_1985_2015,150,approx_from_previous_land_use_grid,1987-2015,persistent new sugarcane entries weighted by grid-cell overlap,3724731.173061543,delta_vol_pct
06315338002405,COFCO INTERNATIONAL BRASIL S.A. - Unidade Meridiano - Meridiano - SP,Meridiano,SP,Etanol combustível de primeira geração – cana-de-açúcar,cana_pura,2022,5395909.59594227,7732321.44576074,60.2,62.78,2.5799999999999983,87.9,,,3450441.101299924,2005.1047142527948,1987,2015,29,pre_renovabio_1985_2015,150,approx_from_previous_land_use_grid,1987-2015,persistent new sugarcane entries weighted by grid-cell overlap,3450441.101299924,delta_vol_pct
06315338015060,COFCO INTERNATIONAL BRASIL S.A. - Unidade Potirendaba - Potirendaba - SP,Potirendaba,SP,Etanol combustível de primeira geração – cana-de-açúcar,cana_pura,2022,5485225.81406155,7658752.52785581,67.4,64.42,-2.980000000000004,83.51,90.73,7.219999999999999,3990903.572192499,2003.5817647281642,1987,2015,29,pre_renovabio_1985_2015,150,approx_from_previous_land_use_grid,1987-2015,persistent new sugarcane entries weighted by grid-cell overlap,3990903.572192499,delta_vol_pct
06315338015140,COFCO INTERNATIONAL BRASIL S.A. - Unidade Catanduva - Catanduva- SP,Catanduva,SP,Etanol combustível de primeira geração – cana-de-açúcar,cana_pura,2022,5521680.83072561,7657596.1707727,63.48,61.51,-1.9699999999999989,86.22,92.61,6.390000000000001,4026341.0350861885,2002.9496803781715,1987,2015,29,pre_renovabio_1985_2015,150,approx_from_previous_land_use_grid,1987-2015,persistent new sugarcane entries weighted by grid-cell overlap,4026341.0350861885,delta_vol_pct
07130855000186,CENTRAL ENERGÉTICA MORRINHOS S.A. - Morrinhos-GO,Morrinhos,GO,Etanol combustível de primeira geração – cana-de-açúcar,cana_pura,2022,5504739.83919693,8010461.16768676,63.3,63.3,0.0,92.87,92.87,0.0,916037.2694880061,2009.0046958413498,1987,2015,29,pre_renovabio_1985_2015,150,approx_from_previous_land_use_grid,1987-2015,persistent new sugarcane entries weighted by grid-cell overlap,916037.2694880061,delta_vol_pct
07280328000158,Ipiranga Agroindustrial S. A. - Unidade Iacanga - Iacanga - SP,Iacanga,SP,Etanol combustível de primeira geração – cana-de-açúcar,cana_pura,2022,5515658.18969742,7580350.79504414,59.42,64.7,5.280000000000001,91.02,92.91,1.8900000000000008,3044980.516037089,2001.954176909455,1987,2015,29,pre_renovabio_1985_2015,150,approx_from_previous_land_use_grid,1987-2015,persistent new sugarcane entries weighted by grid-cell overlap,3044980.516037089,delta_vol_pct
07280328001715,IPIRANGA AGROINDUSTRIAL S.A. - Mococa - Mococa -SP,Mococa,SP,Etanol combustível de primeira geração – cana-de-açúcar,cana_pura,2022,5709618.00659163,7622736.31428334,63.9,67.18,3.280000000000008,89.08,93.65,4.570000000000007,1687828.6161713027,1999.5970644797508,1987,2015,29,pre_renovabio_1985_2015,150,approx_from_previous_land_use_grid,1987-2015,persistent new sugarcane entries weighted by grid-cell overlap,1687828.6161713027,delta_vol_pct
07280328001804,IPIRANGA AGROINDUSTRIAL S.A. - DESCALVADO - Descalvado - SP,Descalvado,SP,Etanol combustível de primeira geração – cana-de-açúcar,cana_pura,2022,5645857.24932531,7571700.07898056,62.3,64.62,2.3200000000000074,95.53,97.91,2.3799999999999955,2198098.7388197235,1999.247585016545,1987,2015,29,pre_renovabio_1985_2015,150,approx_from_previous_land_use_grid,1987-2015,persistent new sugarcane entries weighted by grid-cell overlap,2198098.7388197235,delta_vol_pct
07298800000180,CONQUISTA DO PONTAL S. A. - EM RECUPERACAO JUDICIAL - Mirante do Paranapanema/SP,Mirante do Paranapanema,SP,Etanol combustível de primeira geração – cana-de-açúcar,cana_pura,2022,5194336.60478394,7520927.01396112,59.4,60.66,1.259999999999998,99.19,97.38,-1.8100000000000025,2264873.933315141,2004.7082598606585,1987,2015,29,pre_renovabio_1985_2015,150,approx_from_previous_land_use_grid,1987-2015,persistent new sugarcane entries weighted by grid-cell overlap,2264873.933315141,delta_vol_pct
07300906000170,USINA NOVA GÁLIA LTDA. - Paraúna - GO,Paraúna,GO,Etanol combustível de primeira geração – cana-de-açúcar,cana_pura,2022,5372760.88105837,8079751.79798872,48.92,51.2,2.280000000000001,93.19,78.08,-15.11,743395.4337167465,2009.6475584942393,1987,2015,29,pre_renovabio_1985_2015,150,approx_from_previous_land_use_grid,1987-2015,persistent new sugarcane entries weighted by grid-cell overlap,743395.4337167465,delta_vol_pct
07398533000112,USINA GUARIROBA LTDA. - Pontes Gestal - SP,Pontes Gestal,SP,Etanol combustível de primeira geração – cana-de-açúcar,cana_pura,2022,5443277.70642288,7769467.69587937,56.0,67.33,11.329999999999998,99.29,71.7,-27.590000000000003,3328274.2443761686,2005.612852855432,1987,2015,29,pre_renovabio_1985_2015,150,approx_from_previous_land_use_grid,1987-2015,persistent new sugarcane entries weighted by grid-cell overlap,3328274.2443761686,delta_vol_pct
07455944000100,Usina Frutal Açúcar e Álcool Ltda. - Frutal - MG,Frutal,MG,Etanol combustível de primeira geração – cana-de-açúcar,cana_pura,2022,5541792.10574911,7769934.94690167,50.7,63.47,12.769999999999996,97.3,91.62,-5.679999999999993,3694833.7972787092,2004.2912921035384,1987,2015,29,pre_renovabio_1985_2015,150,approx_from_previous_land_use_grid,1987-2015,persistent new sugarcane entries weighted by grid-cell overlap,3694833.7972787092,delta_vol_pct
07458537000149,Atena - Tecnologias em Energia Natural Ltda. - Martinópolis-SP,Martinópolis,SP,Etanol combustível de primeira geração – cana-de-açúcar,cana_pura,2022,5306541.87663521,7546389.39865535,55.9,62.45,6.550000000000004,86.79,88.54,1.75,3092088.063668491,2003.336883713217,1987,2015,29,pre_renovabio_1985_2015,150,approx_from_previous_land_use_grid,1987-2015,persistent new sugarcane entries weighted by grid-cell overlap,3092088.063668491,delta_vol_pct
07459492000127,DESTILARIA VALE DO PARACATU - AGROENERGIA S.A. - Paracatu - MG,Paracatu,MG,Etanol combustível de primeira geração – cana-de-açúcar,cana_pura,2022,5788436.96878321,8099528.94234388,58.2,58.2,0.0,95.42,95.42,0.0,68070.2379817343,2011.829112855607,1987,2015,29,pre_renovabio_1985_2015,150,approx_from_previous_land_use_grid,1987-2015,persistent new sugarcane entries weighted by grid-cell overlap,68070.2379817343,delta_vol_pct
07670089000142,USIMAT DESTILARIA DE ÁLCOOL LTDA. - Campos de Julio - MT,Campos de Julio,MT,Etanol combustível de primeira geração – cana-de-açúcar e milho em usina integrada,cana_milho_integrada,2022,4435217.90773278,8416022.37972843,63.47,63.55,0.0799999999999983,35.08,68.91,33.83,8531.10349317341,2011.1585121945814,1988,2015,26,pre_renovabio_1985_2015,150,approx_from_previous_land_use_grid,1987-2015,persistent new sugarcane entries weighted by grid-cell overlap,8531.10349317341,delta_vol_pct
07674341000191,USINA UBERABA S/A - Uberaba - MG,Uberaba,MG,Etanol combustível de primeira geração – cana-de-açúcar,cana_pura,2022,5649070.45002857,7843049.67257957,55.1,58.66,3.559999999999995,100.0,96.24,-3.760000000000005,1765312.6395834158,2004.6921857247817,1987,2015,29,pre_renovabio_1985_2015,150,approx_from_previous_land_use_grid,1987-2015,persistent new sugarcane entries weighted by grid-cell overlap,1765312.6395834158,delta_vol_pct
07863768000138,CENTRAL ENERGÉTICA VICENTINA LTDA. - Vicentina - MS,Vicentina,MS,Etanol combustível de primeira geração – cana-de-açúcar,cana_pura,2022,4957691.64645764,7512525.16902396,46.22,46.22,0.0,94.44,94.44,0.0,808053.9295259304,2009.8310679126091,1987,2015,29,pre_renovabio_1985_2015,150,approx_from_previous_land_use_grid,1987-2015,persistent new sugarcane entries weighted by grid-cell overlap,808053.9295259304,delta_vol_pct
07895728000682,IACO Agrícola S. A. - Paraíso das Águas - MS,Paraíso das Águas,MS,Etanol combustível de primeira geração – cana-de-açúcar,cana_pura,2022,5115681.32211249,7920403.46115419,60.0,65.6,5.599999999999994,80.6,84.03,3.430000000000007,216893.39781346745,2012.3036072512473,1987,2015,29,pre_renovabio_1985_2015,150,approx_from_previous_land_use_grid,1987-2015,persistent new sugarcane entries weighted by grid-cell overlap,216893.39781346745,delta_vol_pct
07903169000109,ADECOAGRO Vale do Ivinhema S.A. - Usina Angélica - Angélica - MS,Angélica,MS,Etanol combustível de primeira geração – cana-de-açúcar,cana_pura,2022,5016136.4819986,7561787.55321358,66.4,65.6,-0.8000000000000114,98.99,92.97,-6.019999999999996,897724.144416281,2009.4290460307336,1987,2015,29,pre_renovabio_1985_2015,150,approx_from_previous_land_use_grid,1987-2015,persistent new sugarcane entries weighted by grid-cell overlap,897724.144416281,delta_vol_pct
07903169001768,ADECOAGRO Vale do Ivinhema S.A. - Unidade Ivinhema - Ivinhema/MS,Ivinhema,MS,Etanol combustível de primeira geração – cana-de-açúcar,cana_pura,2022,5011100.93780706,7522311.17438878,68.1,66.21,-1.8900000000000008,95.74,93.67,-2.069999999999993,1002822.0576651152,2009.2880957667203,1987,2015,29,pre_renovabio_1985_2015,150,approx_from_previous_land_use_grid,1987-2015,persistent new sugarcane entries weighted by grid-cell overlap,1002822.0576651152,delta_vol_pct
07912062000119,USINA LAGUNA - ÁLCOOL E AÇÚCAR LTDA - Batayporã-MS,Batayporã,MS,Etanol combustível de primeira geração – cana-de-açúcar,cana_pura,2022,5071846.17405905,7515313.57003671,60.0,61.77,1.7700000000000031,100.0,95.87,-4.129999999999996,1479807.7080573875,2007.924586061065,1987,2015,29,pre_renovabio_1985_2015,150,approx_from_previous_land_use_grid,1987-2015,persistent new sugarcane entries weighted by grid-cell overlap,1479807.7080573875,delta_vol_pct
07930999000206,Bambuí Bioenergia S.A. - Bambuí - MG,Bambuí,MG,Etanol combustível de primeira geração – cana-de-açúcar,cana_pura,2022,5832071.41350924,7758293.75850072,65.4,62.05,-3.3500000000000085,98.05,99.19,1.1400000000000006,355680.29108777246,2005.2686869124032,1987,2015,29,pre_renovabio_1985_2015,150,approx_from_previous_land_use_grid,1987-2015,persistent new sugarcane entries weighted by grid-cell overlap,355680.29108777246,delta_vol_pct
07969961000239,PARAPUÃ AGROINDUSTRIAL S/A - EM RECUPERAÇÃO JUDICIAL - Parapuã - SP,Parapuã,SP,Etanol combustível de primeira geração – cana-de-açúcar,cana_pura,2022,5323843.36083459,7572181.42258664,48.64,57.72,9.079999999999998,92.46,96.34,3.8800000000000097,3323984.41163794,2003.3875589526024,1987,2015,29,pre_renovabio_1985_2015,150,approx_from_previous_land_use_grid,1987-2015,persistent new sugarcane entries weighted by grid-cell overlap,3323984.41163794,delta_vol_pct
07981751000185,SANTA VITÓRIA AÇÚCAR E ÁLCOOL LTDA. - SANTA VITÓRIA - MG,SANTA VITÓRIA,MG,Etanol combustível de primeira geração – cana-de-açúcar,cana_pura,2022,5397129.40015537,7918670.58547895,55.27,61.81,6.539999999999999,98.47,98.28,-0.1899999999999977,1493494.9019454564,2009.3618688929048,1987,2015,29,pre_renovabio_1985_2015,150,approx_from_previous_land_use_grid,1987-2015,persistent new sugarcane entries weighted by grid-cell overlap,1493494.9019454564,delta_vol_pct
07987748000179,URUAÇU AÇÚCAR E ÁLCOOL LTDA. - Uruaçu - GO,Uruaçu,GO,Etanol combustível de primeira geração – cana-de-açúcar,cana_pura,2022,5532037.66692583,8399876.78943888,56.4,56.4,0.0,84.47,84.47,0.0,167371.1442793222,2007.0426608975963,1987,2015,29,pre_renovabio_1985_2015,150,approx_from_previous_land_use_grid,1987-2015,persistent new sugarcane entries weighted by grid-cell overlap,167371.1442793222,delta_vol_pct
07996345000196,CAÇU COMÉRCIO E INDUSTRIA DE AÇÚCAR E ÁLCOOL LTDA - Vicentinópolis - GO,Vicentinópolis,GO,Etanol combustível de primeira geração – cana-de-açúcar e milho em usina integrada,cana_milho_integrada,2022,5425765.14468346,8038809.61979433,56.27,60.15,3.879999999999996,89.93,94.14,4.209999999999994,1052144.9110312206,2009.2897106972453,1987,2015,29,pre_renovabio_1985_2015,150,approx_from_previous_land_use_grid,1987-2015,persistent new sugarcane entries weighted by grid-cell overlap,1052144.9110312206,delta_vol_pct
08048772000105,FLORESTA S/A ACUCAR E ALCOOL - Santo Antônio da Barra - GO,Santo Antônio da Barra,GO,Etanol combustível de primeira geração – cana-de-açúcar,cana_pura,2022,5348555.52657413,8048353.87392258,59.8,59.99,0.1900000000000048,98.71,96.67,-2.039999999999992,866238.2518432629,2010.271816732031,1987,2015,29,pre_renovabio_1985_2015,150,approx_from_previous_land_use_grid,1987-2015,persistent new sugarcane entries weighted by grid-cell overlap,866238.2518432629,delta_vol_pct
08056257000177,USINA CERRADÃO LTDA. - Frutal - MG,Frutal,MG,Etanol combustível de primeira geração – cana-de-açúcar,cana_pura,2022,5507129.7226862,7788708.55944956,60.1,60.1,0.0,95.61,95.61,0.0,3528188.3227232746,2005.063124725322,1987,2015,29,pre_renovabio_1985_2015,150,approx_from_previous_land_use_grid,1987-2015,persistent new sugarcane entries weighted by grid-cell overlap,3528188.3227232746,delta_vol_pct
08057019000186,VALE DO PONTAL AÇÚCAR E ETANOL LTDA. - LIMEIRA DO OESTE - MG,LIMEIRA DO OESTE,MG,Etanol combustível de primeira geração – cana-de-açúcar,cana_pura,2022,5344677.00512068,7860168.22083297,53.7,58.23,4.529999999999994,90.36,88.38,-1.980000000000004,1500693.3421741899,2009.0842285130825,1987,2015,29,pre_renovabio_1985_2015,150,approx_from_previous_land_use_grid,1987-2015,persistent new sugarcane entries weighted by grid-cell overlap,1500693.3421741899,delta_vol_pct
08070508000330,RAIZEN ENERGIA S.A - FILIAL BARRA - Barra Bonita - SP,Barra Bonita,SP,Etanol combustível de primeira geração – cana-de-açúcar,cana_pura,2022,5561625.3919581,7502851.09951197,59.4,62.58,3.18,89.25,95.38,6.129999999999996,1850471.439042148,2000.453855261676,1987,2015,29,pre_renovabio_1985_2015,150,approx_from_previous_land_use_grid,1987-2015,persistent new sugarcane entries weighted by grid-cell overlap,1850471.439042148,delta_vol_pct
08070508006532,RAIZEN ENERGIA S.A. - FILIAL BONFIM - Guariba - SP,Guariba,SP,Etanol combustível de primeira geração – cana-de-açúcar,cana_pura,2022,5591729.01060182,7619856.26285454,60.3,61.64,1.3400000000000034,92.73,,,3261585.9768335083,2001.0955928296273,1987,2015,29,pre_renovabio_1985_2015,150,approx_from_previous_land_use_grid,1987-2015,persistent new sugarcane entries weighted by grid-cell overlap,3261585.9768335083,delta_vol_pct
08070508006613,RAIZEN ENERGIA S.A – FILIAL DESTIVALE - Araçatuba/SP,Araçatuba,SP,Etanol combustível de primeira geração – cana-de-açúcar,cana_pura,2022,5367418.97154142,7665824.90561979,55.5,59.24,3.740000000000002,92.34,88.6,-3.740000000000009,3528311.3995685354,2004.5778034075704,1987,2015,29,pre_renovabio_1985_2015,150,approx_from_previous_land_use_grid,1987-2015,persistent new sugarcane entries weighted by grid-cell overlap,3528311.3995685354,delta_vol_pct
08070508006702,RAIZEN ENERGIA S.A – FILIAL UNIVALEM - Valparaiso/SP,Valparaiso,SP,Etanol combustível de primeira geração – cana-de-açúcar,cana_pura,2022,5316484.56504606,7637408.62190444,59.0,64.6,5.599999999999994,95.93,67.63,-28.30000000000001,3140548.2199294264,2004.1150913854106,1987,2015,29,pre_renovabio_1985_2015,150,approx_from_previous_land_use_grid,1987-2015,persistent new sugarcane entries weighted by grid-cell overlap,3140548.2199294264,delta_vol_pct
08070508006885,RAIZEN ENERGIA S.A – FILIAL GASA - Andradina - SP,Andradina,SP,Etanol combustível de primeira geração – cana-de-açúcar,cana_pura,2022,5285169.94113746,7699771.90832298,61.1,64.74,3.6399999999999935,96.17,77.25,-18.92,2196547.792967723,2004.6704765098984,1987,2015,29,pre_renovabio_1985_2015,150,approx_from_previous_land_use_grid,1987-2015,persistent new sugarcane entries weighted by grid-cell overlap,2196547.792967723,delta_vol_pct
08070508006966,RAÍZEN ENERGIA S.A - FILIAL IPAUSSU - Ipaussu - SP,Ipaussu,SP,Etanol combustível de primeira geração – cana-de-açúcar,cana_pura,2022,5451669.76237652,7437370.02362722,61.7,63.5,1.7999999999999972,84.36,78.83,-5.530000000000001,1501005.105334528,2001.8813934290754,1987,2015,29,pre_renovabio_1985_2015,150,approx_from_previous_land_use_grid,1987-2015,persistent new sugarcane entries weighted by grid-cell overlap,1501005.105334528,delta_vol_pct
08070508008314,RAÍZEN ENERGIA S.A. – FILIAL BENALCOOL - Bento de Abreu/SP,Bento de Abreu,SP,Etanol combustível de primeira geração – cana-de-açúcar,cana_pura,2022,5334173.58643383,7648361.26451074,56.8,59.28,2.480000000000004,94.29,90.98,-3.3100000000000023,3265535.363300653,2004.3227916924025,1987,2015,29,pre_renovabio_1985_2015,150,approx_from_previous_land_use_grid,1987-2015,persistent new sugarcane entries weighted by grid-cell overlap,3265535.363300653,delta_vol_pct
08070508009477,RAIZEN ENERGIA S.A - Filial Santa Helena - Rio das Pedras - SP,Rio das Pedras,SP,Etanol combustível de primeira geração – cana-de-açúcar,cana_pura,2022,5646628.07414061,7454292.69209063,55.4,55.4,0.0,86.85,86.85,0.0,1142859.5145418027,1998.7061373688894,1987,2015,29,pre_renovabio_1985_2015,150,approx_from_previous_land_use_grid,1987-2015,persistent new sugarcane entries weighted by grid-cell overlap,1142859.5145418027,delta_vol_pct
08070508009558,RAIZEN ENERGIA S.A - FILIAL DIAMANTE - Jaú​ - SP,Jaú​,SP,Etanol combustível de primeira geração – cana-de-açúcar,cana_pura,2022,5546571.45248883,7515692.49886498,53.7,56.43,2.729999999999997,96.75,94.59,-2.1599999999999966,2010652.1430951306,2000.7245275263158,1987,2015,29,pre_renovabio_1985_2015,150,approx_from_previous_land_use_grid,1987-2015,persistent new sugarcane entries weighted by grid-cell overlap,2010652.1430951306,delta_vol_pct
08070508009710,RAÍZEN ENERGIA S.A. – FILIAL MUNDIAL - Mirandópolis/SP,Mirandópolis,SP,Etanol combustível de primeira geração – cana-de-açúcar,cana_pura,2022,5288970.0827283,7652807.89013659,60.4,62.24,1.8400000000000036,90.53,79.68,-10.849999999999994,2687403.00750589,2004.2170832163636,1987,2015,29,pre_renovabio_1985_2015,150,approx_from_previous_land_use_grid,1987-2015,persistent new sugarcane entries weighted by grid-cell overlap,2687403.00750589,delta_vol_pct
08070508012265,RAIZEN ENERGIA S.A - Filial Rafard - Rafard - SP,Rafard,SP,Etanol combustível de primeira geração – cana-de-açúcar,cana_pura,2022,5662959.43435787,7439874.71607815,60.5,58.76,-1.740000000000002,91.34,74.0,-17.340000000000003,965047.1215141404,1998.4977367876495,1987,2015,29,pre_renovabio_1985_2015,150,approx_from_previous_land_use_grid,1987-2015,persistent new sugarcane entries weighted by grid-cell overlap,965047.1215141404,delta_vol_pct
08070508012427,RAIZEN ENERGIA S.A -Filial Igarapava - Igarapava - SP,Igarapava,SP,Etanol combustível de primeira geração – cana-de-açúcar,cana_pura,2022,5649443.33226948,7776607.8684645,55.6,57.71,2.1099999999999994,95.96,94.23,-1.7299999999999898,2598737.182436873,2003.3398064467156,1987,2015,29,pre_renovabio_1985_2015,150,approx_from_previous_land_use_grid,1987-2015,persistent new sugarcane entries weighted by grid-cell overlap,2598737.182436873,delta_vol_pct
08070508012508,RAIZEN ENERGIA S.A - FILIAL SERRA - Ibaté - SP,Ibaté,SP,Etanol combustível de primeira geração – cana-de-açúcar,cana_pura,2022,5619330.79134112,7552745.61755515,62.8,64.23,1.4300000000000068,95.55,92.79,-2.759999999999991,2192090.4099291535,1999.30500328821,1987,2015,29,pre_renovabio_1985_2015,150,approx_from_previous_land_use_grid,1987-2015,persistent new sugarcane entries weighted by grid-cell overlap,2192090.4099291535,delta_vol_pct
08070508015795,RAIZEN ENERGIA S.A. - Filial Santa Cândida - Bocaina - SP,Bocaina,SP,Etanol combustível de primeira geração – cana-de-açúcar,cana_pura,2022,5569515.61230622,7544190.86669368,50.0,65.01,15.010000000000003,93.74,97.02,3.280000000000001,2246109.850012479,2000.29104570231,1987,2015,29,pre_renovabio_1985_2015,150,approx_from_previous_land_use_grid,1987-2015,persistent new sugarcane entries weighted by grid-cell overlap,2246109.850012479,delta_vol_pct
08070508015876,RAÍZEN ENERGIA S.A. - Unidade Paraíso - Brotas/SP,Brotas,SP,Etanol combustível de primeira geração – cana-de-açúcar,cana_pura,2023,5606895.14907524,7515420.32638828,66.38,58.18,-8.199999999999996,95.35,95.99,0.6400000000000006,1814766.2622624857,1999.56178862495,1987,2015,29,pre_renovabio_1985_2015,150,approx_from_previous_land_use_grid,1987-2015,persistent new sugarcane entries weighted by grid-cell overlap,1814766.2622624857,delta_vol_pct
08070508016414,RAÍZEN ENERGIA S.A.- filial Araraquara - Araraquara - SP,Araraquara,SP,Etanol combustível de primeira geração – cana-de-açúcar,cana_pura,2023,5600776.63963633,7570486.10648195,64.55,63.14,-1.4099999999999966,97.89,92.53,-5.359999999999999,2504996.96332346,1999.8177258047494,1987,2015,29,pre_renovabio_1985_2015,150,approx_from_previous_land_use_grid,1987-2015,persistent new sugarcane entries weighted by grid-cell overlap,2504996.96332346,delta_vol_pct
08070508016767,RAÍZEN ENERGIA S.A. - FILIAL JATAÍ - Jataí - GO,Jataí,GO,Etanol combustível de primeira geração – cana-de-açúcar,cana_pura,2023,5251822.50629531,8040545.41416629,58.16,62.76,4.600000000000001,95.27,71.81,-23.459999999999997,493075.4624042256,2010.8972351867326,1987,2015,29,pre_renovabio_1985_2015,150,approx_from_previous_land_use_grid,1987-2015,persistent new sugarcane entries weighted by grid-cell overlap,493075.4624042256,delta_vol_pct
08070566001173,BRENCO - COMPANHIA BRASILEIRA DE ENERGIA RENOVÁVEL - EM RECUPERAÇÃO JUDICIAL - Usina Água Emendada - Perolândia - GO,Perolândia,GO,Etanol combustível de primeira geração – cana-de-açúcar,cana_pura,2022,5184865.44292399,8059566.8018377,58.4,60.91,2.509999999999998,97.96,92.58,-5.379999999999996,288669.59490845655,2012.1601238456967,1987,2015,29,pre_renovabio_1985_2015,150,approx_from_previous_land_use_grid,1987-2015,persistent new sugarcane entries weighted by grid-cell overlap,288669.59490845655,delta_vol_pct
08070566001254,BRENCO - COMPANHIA BRASILEIRA DE ENERGIA RENOVÁVEL - EM RECUPERAÇÃO JUDICIAL (Usina Morro Vermelho) - Mineiros-GO,Mineiros,GO,Etanol combustível de primeira geração – cana-de-açúcar,cana_pura,2022,5101602.13096546,8039652.13373141,54.7,63.38,8.68,100.0,93.69,-6.310000000000002,227436.02708940377,2012.3753723430189,1987,2015,29,pre_renovabio_1985_2015,150,approx_from_previous_land_use_grid,1987-2015,persistent new sugarcane entries weighted by grid-cell overlap,227436.02708940377,delta_vol_pct
08070566001688,BRENCO - Companhia Brasileira de Energia Renovável - Em Recuperação Judicial – Usina Costa Costa - Costa Rica - MS,Costa Rica,MS,Etanol combustível de primeira geração – cana-de-açúcar,cana_pura,2022,5087844.23129958,7957345.60249722,62.3,62.34,0.0400000000000062,97.3,93.3,-4.0,223081.12525487773,2012.3765589137124,1987,2015,29,pre_renovabio_1985_2015,150,approx_from_previous_land_use_grid,1987-2015,persistent new sugarcane entries weighted by grid-cell overlap,223081.12525487773,delta_vol_pct
08070566001769,BRENCO - COMPANHIA BRASILEIRA DE ENERGIA RENOVÁVEL - EM RECUPERAÇÃO JUDICIAL - Usina Alto Taquari Alto Taquari - MT,Alto Taquari,MT,Etanol combustível de primeira geração – cana-de-açúcar,cana_pura,2022,5072420.43125302,8038016.58791523,59.9,65.62,5.720000000000006,100.0,99.24,-0.7600000000000051,207627.13869963822,2012.414412671487,1987,2015,29,pre_renovabio_1985_2015,150,approx_from_previous_land_use_grid,1987-2015,persistent new sugarcane entries weighted by grid-cell overlap,207627.13869963822,delta_vol_pct
08110543000173,DA MATA S.A. - AÇÚCAR E ÁLCOOL - Valparaíso/SP,Valparaíso,SP,Etanol combustível de primeira geração – cana-de-açúcar,cana_pura,2022,5327944.83619462,7667998.52699712,63.5,64.97,1.4699999999999989,97.88,58.06,-39.81999999999999,3061982.5953298854,2004.5431163370788,1987,2015,29,pre_renovabio_1985_2015,150,approx_from_previous_land_use_grid,1987-2015,persistent new sugarcane entries weighted by grid-cell overlap,3061982.5953298854,delta_vol_pct
08164344000148,BP BIOENERGIA ITUIUTABA LTDA - Ituiutaba - MG,Ituiutaba,MG,Etanol combustível de primeira geração – cana-de-açúcar,cana_pura,2022,5455406.60076464,7890697.43292394,62.0,69.47,7.469999999999999,100.0,92.91,-7.090000000000003,1959584.4574159028,2008.621437115835,1987,2015,29,pre_renovabio_1985_2015,150,approx_from_previous_land_use_grid,1987-2015,persistent new sugarcane entries weighted by grid-cell overlap,1959584.4574159028,delta_vol_pct
08195806000194,BP BIOENERGIA TROPICAL - Edéia - GO,Edéia,GO,Etanol combustível de primeira geração – cana-de-açúcar,cana_pura,2022,5412152.61339106,8039594.33635904,64.2,65.29,1.0900000000000034,96.43,85.28,-11.150000000000006,1055620.496341613,2009.4833261780311,1987,2015,29,pre_renovabio_1985_2015,150,approx_from_previous_land_use_grid,1987-2015,persistent new sugarcane entries weighted by grid-cell overlap,1055620.496341613,delta_vol_pct
08322396000103,CERRADINHO BIOENERGIA S.A. - Chapadão do Céu/GO,Chapadão do Céu,GO,Etanol combustível de primeira geração – cana-de-açúcar,cana_pura,2022,5146922.17573628,7956460.94242351,63.8,68.21,4.409999999999997,95.62,98.74,3.1199999999999903,271370.33169754624,2012.323271322479,1987,2015,29,pre_renovabio_1985_2015,150,approx_from_previous_land_use_grid,1987-2015,persistent new sugarcane entries weighted by grid-cell overlap,271370.33169754624,delta_vol_pct
08355201000113,BIOENERGÉTICA AROEIRA S.A. - Tupaciguara – MG,Tupaciguara,MG,Etanol combustível de primeira geração – cana-de-açúcar,cana_pura,2022,5568092.54534775,7917204.86392269,63.99,70.47,6.479999999999997,100.0,98.83,-1.1700000000000017,1266283.4054621924,2007.5829966262615,1987,2015,29,pre_renovabio_1985_2015,150,approx_from_previous_land_use_grid,1987-2015,persistent new sugarcane entries weighted by grid-cell overlap,1266283.4054621924,delta_vol_pct
08391345000397,Figueira Indústria e Comércio S/A - FILIAL ALCOAZUL - Araçatuba - SP,Araçatuba,SP,Etanol combustível de primeira geração – cana-de-açúcar,cana_pura,2022,5359085.56390883,7664537.07713374,49.7,62.81,13.11,93.9,98.78,4.879999999999996,3450074.1035889736,2004.5986947165347,1987,2015,29,pre_renovabio_1985_2015,150,approx_from_previous_land_use_grid,1987-2015,persistent new sugarcane entries weighted by grid-cell overlap,3450074.1035889736,delta_vol_pct
08493354000127,VALE DO TIJUCO AÇÚCAR E ÁLCOOL S.A. - Uberaba - MG,Uberaba,MG,Etanol combustível de primeira geração – cana-de-açúcar,cana_pura,2022,5604973.56489957,7849247.86141656,59.82,61.76,1.9399999999999975,96.93,76.04,-20.89,2164703.88041478,2005.085644153405,1987,2015,29,pre_renovabio_1985_2015,150,approx_from_previous_land_use_grid,1987-2015,persistent new sugarcane entries weighted by grid-cell overlap,2164703.88041478,delta_vol_pct
08517600000133,BP BIOENERGIA ITUMBIARA S.A. - Itumbiara - GO,Itumbiara,GO,Etanol combustível de primeira geração – cana-de-açúcar,cana_pura,2022,5489836.646157,7945217.27143254,60.9,66.03,5.130000000000003,89.91,93.93,4.02000000000001,1213411.9806506531,2009.342087553159,1987,2015,29,pre_renovabio_1985_2015,150,approx_from_previous_land_use_grid,1987-2015,persistent new sugarcane entries weighted by grid-cell overlap,1213411.9806506531,delta_vol_pct
08598391000108,RIO CLARO AGROINDUSTRIAL S.A - EM RECUPERAÇÃO JUDICIAL - Caçu/GO,Caçu,GO,Etanol combustível de primeira geração – cana-de-açúcar,cana_pura,2022,5315298.48499779,7918441.7148411,58.7,61.59,2.890000000000001,95.44,94.04,-1.3999999999999917,1063085.8566229225,2010.127898323711,1987,2015,29,pre_renovabio_1985_2015,150,approx_from_previous_land_use_grid,1987-2015,persistent new sugarcane entries weighted by grid-cell overlap,1063085.8566229225,delta_vol_pct
08657268000102,Usina Rio Pardo S.A. - Em Recuperação Judicial - Cerqueira Cesar - SP,Cerqueira Cesar,SP,Etanol combustível de primeira geração – cana-de-açúcar,cana_pura,2022,5512577.89193865,7455872.71081185,46.6,53.55,6.949999999999996,39.33,59.49,20.160000000000004,1592151.3733087813,2001.2198449669072,1987,2015,29,pre_renovabio_1985_2015,150,approx_from_previous_land_use_grid,1987-2015,persistent new sugarcane entries weighted by grid-cell overlap,1592151.3733087813,delta_vol_pct
08704527000109,Usina Panorama S. A. - Itumbiara - GO,Itumbiara,GO,Etanol combustível de primeira geração – cana-de-açúcar,cana_pura,2022,5437051.31620813,7966538.97482847,62.3,64.42,2.1200000000000045,88.94,92.12,3.180000000000007,1274175.2091636225,2009.5689220584293,1987,2015,29,pre_renovabio_1985_2015,150,approx_from_previous_land_use_grid,1987-2015,persistent new sugarcane entries weighted by grid-cell overlap,1274175.2091636225,delta_vol_pct
08793343000162,BIOENERGÉTICA VALE DO PARACATU S/A - João Pinheiro - MG,João Pinheiro,MG,Etanol combustível de primeira geração – cana-de-açúcar,cana_pura,2022,5831869.17150148,8096440.97448512,70.7,66.1,-4.6000000000000085,100.0,59.74,-40.26,69299.63005414643,2011.7284465306489,1987,2015,29,pre_renovabio_1985_2015,150,approx_from_previous_land_use_grid,1987-2015,persistent new sugarcane entries weighted by grid-cell overlap,69299.63005414643,delta_vol_pct
08830263000130,Fátima do Sul Agro-Energética S. A. - Álcool e Açúcar - Fátima do Sul - MS,Fátima do Sul,MS,Etanol combustível de primeira geração – cana-de-açúcar,cana_pura,2022,4937402.30573602,7529808.29225759,62.6,63.28,0.6799999999999997,93.16,86.3,-6.859999999999999,755997.8868345419,2010.0566764027803,1987,2015,29,pre_renovabio_1985_2015,150,approx_from_previous_land_use_grid,1987-2015,persistent new sugarcane entries weighted by grid-cell overlap,755997.8868345419,delta_vol_pct
08906558000142,Agro Energia Santa Luzia em Recuperacao Judicial - Nova Alvorada do Sul/MS,Nova Alvorada do Sul,MS,Etanol combustível de primeira geração – cana-de-açúcar,cana_pura,2022,4973772.34946458,7611162.82584707,60.1,62.83,2.729999999999997,99.43,89.47,-9.960000000000008,698271.1277740254,2010.0144026435373,1987,2015,29,pre_renovabio_1985_2015,150,approx_from_previous_land_use_grid,1987-2015,persistent new sugarcane entries weighted by grid-cell overlap,698271.1277740254,delta_vol_pct
09022388000104,CAMBUI ACUCAR E ALCOOL LTDA. - Santa Helena de Goiás - GO,Santa Helena de Goiás,GO,Etanol combustível de primeira geração – cana-de-açúcar,cana_pura,2022,5356517.62657771,8014249.48283873,59.2,59.08,-0.1200000000000045,93.4,94.79,1.3900000000000006,1051039.3528386,2010.2885686069092,1987,2015,29,pre_renovabio_1985_2015,150,approx_from_previous_land_use_grid,1987-2015,persistent new sugarcane entries weighted by grid-cell overlap,1051039.3528386,delta_vol_pct
09075242000119,EBER BIOENERGIA E AGRICULTURA LTDA. - Montes Claros de Goiás - GO,Montes Claros de Goiás,GO,Etanol combustível de primeira geração – cana-de-açúcar,cana_pura,2022,4775547.97112293,8273949.70009723,51.43,46.29,-5.140000000000001,100.0,100.0,0.0,64619.951888873176,2005.4966691348452,1989,2015,27,pre_renovabio_1985_2015,150,approx_from_previous_land_use_grid,1987-2015,persistent new sugarcane entries weighted by grid-cell overlap,64619.951888873176,delta_vol_pct
09538989000166,RAÍZEN CAARAPO AÇÚCAR E ÁLCOOL LTDA. - FILIAL CAARAPÓ - Caarapó - MS,Caarapó,MS,Etanol combustível de primeira geração – cana-de-açúcar,cana_pura,2022,4928433.7195605,7498055.71637994,50.6,62.44,11.839999999999996,77.51,72.74,-4.77000000000001,699577.3351652913,2010.2045553352332,1987,2015,29,pre_renovabio_1985_2015,150,approx_from_previous_land_use_grid,1987-2015,persistent new sugarcane entries weighted by grid-cell overlap,699577.3351652913,delta_vol_pct
09538989000409,RAÍZEN CAARAPÓ AÇÚCAR E ÁLCOOL LTDA. - Filial Paraguaçu - Paraguaçu Paulista - SP,Paraguaçu Paulista,SP,Etanol combustível de primeira geração – cana-de-açúcar,cana_pura,2023,5330307.2751111,7509869.51745985,52.31,52.8,0.4899999999999949,90.78,93.67,2.890000000000001,2685862.8037299914,2002.8924251084686,1987,2015,29,pre_renovabio_1985_2015,150,approx_from_previous_land_use_grid,1987-2015,persistent new sugarcane entries weighted by grid-cell overlap,2685862.8037299914,delta_vol_pct
09538989000670,RAÍZEN CAARAPÓ AÇÚCAR E ÁLCOOL LTDA. - filial Maracaí - Maracaí - SP,Maracaí,SP,Etanol combustível de primeira geração – cana-de-açúcar,cana_pura,2023,5343998.32966224,7498367.91828655,53.88,53.26,-0.6200000000000045,77.08,86.84,9.760000000000003,2534214.528348419,2002.7571299007757,1987,2015,29,pre_renovabio_1985_2015,150,approx_from_previous_land_use_grid,1987-2015,persistent new sugarcane entries weighted by grid-cell overlap,2534214.528348419,delta_vol_pct
09538989000751,RAÍZEN CAARAPÓ AÇÚCAR E ÁLCOOL LTDA. - filial Tarumã - Tarumã - SP,Tarumã,SP,Etanol combustível de primeira geração – cana-de-açúcar,cana_pura,2023,5354100.78860249,7474917.45257299,49.96,49.03,-0.9299999999999996,72.81,76.44,3.629999999999996,2263274.451782961,2002.7932791988198,1987,2015,29,pre_renovabio_1985_2015,150,approx_from_previous_land_use_grid,1987-2015,persistent new sugarcane entries weighted by grid-cell overlap,2263274.451782961,delta_vol_pct
10249419000216,SJC BIOENERGIA LTDA - USF. - Quirinópolis-GO,Quirinópolis,GO,Etanol combustível de primeira geração – cana-de-açúcar e milho em usina integrada,cana_milho_integrada,2022,5395238.45475603,7957099.15615166,58.2,70.05,11.849999999999994,57.0,44.4,-12.6,1342541.2609958427,2009.6592220543446,1987,2015,29,pre_renovabio_1985_2015,150,approx_from_previous_land_use_grid,1987-2015,persistent new sugarcane entries weighted by grid-cell overlap,1342541.2609958427,delta_vol_pct
10249419000305,SJC BIOENERGIA LTDA - URD. - Cachoeira Dourada - GO,Cachoeira Dourada,GO,Etanol combustível de primeira geração – cana-de-açúcar,cana_pura,2022,5459071.58818042,7947872.72078123,58.4,61.13,2.730000000000004,98.7,89.8,-8.900000000000006,1281255.7481232288,2009.4715930163118,1987,2015,29,pre_renovabio_1985_2015,150,approx_from_previous_land_use_grid,1987-2015,persistent new sugarcane entries weighted by grid-cell overlap,1281255.7481232288,delta_vol_pct
10452413000160,Destilaria Veredas Indústria de Açúcar e Álcool Ltda. - João Pinheiro - MG,João Pinheiro,MG,Etanol combustível de primeira geração – cana-de-açúcar,cana_pura,2022,5866154.33206323,8019987.29737984,56.4,58.36,1.9600000000000009,100.0,97.47,-2.530000000000001,70421.21046612102,2011.6425665085992,1987,2015,29,pre_renovabio_1985_2015,150,approx_from_previous_land_use_grid,1987-2015,persistent new sugarcane entries weighted by grid-cell overlap,70421.21046612102,delta_vol_pct
10921675000127,DESTILARIA BURITI LTDA. - Sorriso - MT,Sorriso,MT,Etanol combustível de primeira geração – cana-de-açúcar,cana_pura,2023,4825594.96841672,8620088.33291891,28.74,39.03,10.290000000000004,100.0,100.0,0.0,133.57188833399738,2000.7978669900392,1989,2015,24,pre_renovabio_1985_2015,150,approx_from_previous_land_use_grid,1987-2015,persistent new sugarcane entries weighted by grid-cell overlap,133.57188833399738,delta_vol_pct
11092881000134,Bom Sucesso Agroindustria S.A. - Goiatuba - GO,Goiatuba,GO,Etanol combustível de primeira geração – cana-de-açúcar,cana_pura,2022,5439044.89446956,8009256.73986314,46.7,55.38,8.68,79.42,91.59,12.170000000000002,1130597.2423323032,2009.4013193453595,1987,2015,29,pre_renovabio_1985_2015,150,approx_from_previous_land_use_grid,1987-2015,persistent new sugarcane entries weighted by grid-cell overlap,1130597.2423323032,delta_vol_pct
12229415001001,S/A USINA CORURIPE AÇÚCAR E ÁLCOOL - Filial Iturama - Iturama - MG,Iturama,MG,Etanol combustível de primeira geração – cana-de-açúcar,cana_pura,2022,5383799.07899261,7815756.76594269,55.4,59.72,4.32,98.07,95.91,-2.1599999999999966,2386757.1832798366,2007.5579118430455,1987,2015,29,pre_renovabio_1985_2015,150,approx_from_previous_land_use_grid,1987-2015,persistent new sugarcane entries weighted by grid-cell overlap,2386757.1832798366,delta_vol_pct
12229415001435,S/A USINA CORURIPE AÇÚCAR E ÁLCOOL - Filial Campo Florido - Campo Florido - MG,Campo Florido,MG,Etanol combustível de primeira geração – cana-de-açúcar,cana_pura,2022,5551825.00544841,7799416.13504996,51.7,55.95,4.25,95.62,93.93,-1.6899999999999975,3346974.355755051,2004.6581000685574,1987,2015,29,pre_renovabio_1985_2015,150,approx_from_previous_land_use_grid,1987-2015,persistent new sugarcane entries weighted by grid-cell overlap,3346974.355755051,delta_vol_pct
12229415001605,S/A USINA CORURIPE AÇÚCAR E ÁLCOOL - Filial Limeira do Oeste - Limeira do Oeste - MG,Limeira do Oeste,MG,Etanol combustível de primeira geração – cana-de-açúcar,cana_pura,2022,5350615.57572406,7837088.93073151,49.7,58.07,8.369999999999997,99.31,96.79,-2.519999999999996,1778687.4240407478,2008.3697544789256,1987,2015,29,pre_renovabio_1985_2015,150,approx_from_previous_land_use_grid,1987-2015,persistent new sugarcane entries weighted by grid-cell overlap,1778687.4240407478,delta_vol_pct
12282034001762,USINA CAETE S.A. - Unidade Paulicéia - Paulicéia - SP,Paulicéia,SP,Etanol combustível de primeira geração – cana-de-açúcar,cana_pura,2022,5231035.18562973,7644359.25066858,67.0,56.38,-10.619999999999996,97.05,97.31,0.2600000000000051,2047932.951543055,2004.402289250105,1987,2015,29,pre_renovabio_1985_2015,150,approx_from_previous_land_use_grid,1987-2015,persistent new sugarcane entries weighted by grid-cell overlap,2047932.951543055,delta_vol_pct
13537735000281,DELTA SUCROENERGIA S.A. – Usina Volta Grande - Conceição das Alagoas - MG,Conceição das Alagoas,MG,Etanol combustível de primeira geração – cana-de-açúcar,cana_pura,2022,5600022.11581419,7779379.0716028,60.12,62.77,2.6500000000000057,98.77,96.23,-2.539999999999992,3105374.2089563743,2003.6987611433974,1987,2015,29,pre_renovabio_1985_2015,150,approx_from_previous_land_use_grid,1987-2015,persistent new sugarcane entries weighted by grid-cell overlap,3105374.2089563743,delta_vol_pct
13537735000362,DELTA Sucroenergia S/A - Delta - MG,Delta,MG,Etanol combustível de primeira geração – cana-de-açúcar,cana_pura,2022,5651875.78550578,7778319.54503458,61.85,63.58,1.7299999999999969,97.87,96.93,-0.9399999999999976,2553657.751862664,2003.3457682589776,1987,2015,29,pre_renovabio_1985_2015,150,approx_from_previous_land_use_grid,1987-2015,persistent new sugarcane entries weighted by grid-cell overlap,2553657.751862664,delta_vol_pct
15009178000170,USINAS ITAMARATI S/A - Nova Olimpía - MT,Nova Olimpía,MT,Etanol combustível de primeira geração – cana-de-açúcar,cana_pura,2022,4655846.67665979,8364321.86756508,57.06,57.86,0.7999999999999972,77.6,91.31,13.710000000000008,143644.85432661368,2006.3034787482661,1989,2015,27,pre_renovabio_1985_2015,150,approx_from_previous_land_use_grid,1987-2015,persistent new sugarcane entries weighted by grid-cell overlap,143644.85432661368,delta_vol_pct
15043391000107,Cooperativa Agrícola de Produtores de Cana de Campo Novo do Parecis Ltda. - Campo Novo do Parecis - MT,Campo Novo do Parecis,MT,Etanol combustível de primeira geração – cana-de-açúcar,cana_pura,2022,4584313.44232683,8471992.38803468,48.55,52.29,3.740000000000002,93.76,83.18,-10.579999999999998,99199.32750023263,2006.4308145098903,1989,2015,27,pre_renovabio_1985_2015,150,approx_from_previous_land_use_grid,1987-2015,persistent new sugarcane entries weighted by grid-cell overlap,99199.32750023263,delta_vol_pct
15444904000183,ALCOOLVALE S/A - ALCOOL E AÇÚCAR - Aparecida do Taboado -MS,Aparecida do Taboado,MS,Etanol combustível de primeira geração – cana-de-açúcar,cana_pura,2022,5282458.27441009,7775739.04857417,67.1,63.74,-3.3599999999999923,85.28,99.25,13.97,1639232.0995926964,2006.2556697704297,1987,2015,29,pre_renovabio_1985_2015,150,approx_from_previous_land_use_grid,1987-2015,persistent new sugarcane entries weighted by grid-cell overlap,1639232.0995926964,delta_vol_pct
15527906000721,Biosev S.A. – USINA Passa Tempo - Rio Brilhante-MS,Rio Brilhante,MS,Etanol combustível de primeira geração – cana-de-açúcar,cana_pura,2022,4926225.23993506,7619574.82541739,65.3,48.64,-16.659999999999997,98.81,86.65,-12.159999999999997,623241.8792345369,2010.195580692897,1987,2015,29,pre_renovabio_1985_2015,150,approx_from_previous_land_use_grid,1987-2015,persistent new sugarcane entries weighted by grid-cell overlap,623241.8792345369,delta_vol_pct
15527906002937,BIOSEV S.A. - Usina Lagoa da Prata - Lagoa da Prata-MG,Lagoa da Prata,MG,Etanol combustível de primeira geração – cana-de-açúcar,cana_pura,2022,5882006.09793013,7756939.1207431,64.0,54.22,-9.78,97.38,83.86,-13.519999999999996,167858.04157764692,2006.1028396304046,1987,2015,29,pre_renovabio_1985_2015,150,approx_from_previous_land_use_grid,1987-2015,persistent new sugarcane entries weighted by grid-cell overlap,167858.04157764692,delta_vol_pct
15527906003585,BIOSEV S.A. - Usina Rio Brilhante - Rio Brilhante - MS,Rio Brilhante,MS,Etanol combustível de primeira geração – cana-de-açúcar,cana_pura,2022,4947527.29422604,7595724.73198237,62.4,50.15,-12.25,98.46,92.3,-6.159999999999997,719066.1753888899,2010.129498581808,1987,2015,29,pre_renovabio_1985_2015,150,approx_from_previous_land_use_grid,1987-2015,persistent new sugarcane entries weighted by grid-cell overlap,719066.1753888899,delta_vol_pct
15527906003666,BIOSEV S.A. - Usina Leme - Leme - SP,Leme,SP,Etanol combustível de primeira geração – cana-de-açúcar,cana_pura,2022,5695115.90535615,7532924.94260428,60.6,52.9,-7.700000000000003,98.59,97.75,-0.8400000000000034,1359588.1164355364,1998.629617061384,1987,2015,29,pre_renovabio_1985_2015,150,approx_from_previous_land_use_grid,1987-2015,persistent new sugarcane entries weighted by grid-cell overlap,1359588.1164355364,delta_vol_pct
16617789000164,AGROPÉU – AGRO INDUSTRIAL DE POMPÉU S/A - Pompéu - MG,Pompéu,MG,Etanol combustível de primeira geração – cana-de-açúcar,cana_pura,2022,5947272.85296162,7845800.93953152,66.1,68.21,2.1099999999999994,89.95,88.95,-1.0,84750.28606431691,2010.029152883484,1987,2015,29,pre_renovabio_1985_2015,150,approx_from_previous_land_use_grid,1987-2015,persistent new sugarcane entries weighted by grid-cell overlap,84750.28606431691,delta_vol_pct
19537471000161,USA - Usina Santo Ângelo Ltda. - Pirajuba - MG,Pirajuba,MG,Etanol combustível de primeira geração – cana-de-açúcar,cana_pura,2022,5568683.13700541,7782902.4380549,58.5,60.08,1.5799999999999983,97.66,91.29,-6.36999999999999,3405713.3138499497,2004.1470099704857,1987,2015,29,pre_renovabio_1985_2015,150,approx_from_previous_land_use_grid,1987-2015,persistent new sugarcane entries weighted by grid-cell overlap,3405713.3138499497,delta_vol_pct
19818301000155,ARAPORÃ BIOENERGIA S/A - ARAPORÃ - MG,ARAPORÃ,MG,Etanol combustível de primeira geração – cana-de-açúcar,cana_pura,2022,5508229.05438586,7952896.97771936,66.0,64.18,-1.8199999999999927,95.49,89.33,-6.159999999999997,1088110.7198177623,2009.3294027065147,1987,2015,29,pre_renovabio_1985_2015,150,approx_from_previous_land_use_grid,1987-2015,persistent new sugarcane entries weighted by grid-cell overlap,1088110.7198177623,delta_vol_pct
21783238000100,Destilaria Rio do Cachimbo Ltda. - João Pinheiro-MG,João Pinheiro,MG,Etanol combustível de primeira geração – cana-de-açúcar,cana_pura,2022,5861190.51579064,8007523.80949601,57.0,60.91,3.9099999999999966,100.0,82.85,-17.150000000000006,70480.17082114788,2011.638319843684,1987,2015,29,pre_renovabio_1985_2015,150,approx_from_previous_land_use_grid,1987-2015,persistent new sugarcane entries weighted by grid-cell overlap,70480.17082114788,delta_vol_pct
22587687000146,Usina Monte Alegre Ltda. - Monte Belo - MG,Monte Belo,MG,Etanol combustível de primeira geração – cana-de-açúcar,cana_pura,2022,5803122.45244692,7614729.31010418,70.0,63.97,-6.030000000000001,90.77,91.16,0.3900000000000005,652850.856001543,2000.6851088520154,1987,2015,29,pre_renovabio_1985_2015,150,approx_from_previous_land_use_grid,1987-2015,persistent new sugarcane entries weighted by grid-cell overlap,652850.856001543,delta_vol_pct
23796998000188,COMPANHIA AGRÍCOLA PONTENOVENSE - Urucânia - MG,Urucânia,MG,Etanol combustível de primeira geração – cana-de-açúcar,cana_pura,2023,6176904.75728049,7710078.72683329,54.37,59.45,5.080000000000005,88.54,90.31,1.769999999999996,824.6230846867833,2007.2716038742324,1988,2015,21,pre_renovabio_1985_2015,150,approx_from_previous_land_use_grid,1987-2015,persistent new sugarcane entries weighted by grid-cell overlap,824.6230846867833,delta_vol_pct
23858708000183,Rio Amambai Agroenergia S/A - Naviraí - MS,Naviraí,MS,Etanol combustível de primeira geração – cana-de-açúcar,cana_pura,2022,4979537.05465003,7440917.38714525,52.51,53.52,1.0100000000000051,91.9,84.63,-7.27000000000001,785629.5494328061,2009.3216186262619,1987,2015,29,pre_renovabio_1985_2015,150,approx_from_previous_land_use_grid,1987-2015,persistent new sugarcane entries weighted by grid-cell overlap,785629.5494328061,delta_vol_pct
28144326000101,CANÁPOLIS AÇÚCAR E ETANOL S.A. - Canápolis - MG,Canápolis,MG,Etanol combustível de primeira geração – cana-de-açúcar,cana_pura,2023,5498545.32904852,7905364.96998199,55.91,57.16,1.25,89.92,89.74,-0.1800000000000068,1713485.158999286,2008.3052956792064,1987,2015,29,pre_renovabio_1985_2015,150,approx_from_previous_land_use_grid,1987-2015,persistent new sugarcane entries weighted by grid-cell overlap,1713485.158999286,delta_vol_pct
33664228000135,Usina Barralcool S/A - Barra do Bugres - MT,Barra do Bugres,MT,Etanol combustível de primeira geração – cana-de-açúcar,cana_pura,2022,4654208.22608558,8334876.74500645,51.1,52.46,1.3599999999999994,97.61,92.82,-4.790000000000006,134181.57696050257,2006.0540181956321,1989,2015,27,pre_renovabio_1985_2015,150,approx_from_previous_land_use_grid,1987-2015,persistent new sugarcane entries weighted by grid-cell overlap,134181.57696050257,delta_vol_pct
35637796000172,LINS AGROINDUSTRIAL S.A. Lins - SP,Lins,SP,Etanol combustível de primeira geração – cana-de-açúcar,cana_pura,2022,5460882.37165077,7603690.88753587,65.0,63.69,-1.3100000000000025,98.02,96.65,-1.3699999999999903,3577242.0197649384,2002.9130357329198,1987,2015,29,pre_renovabio_1985_2015,150,approx_from_previous_land_use_grid,1987-2015,persistent new sugarcane entries weighted by grid-cell overlap,3577242.0197649384,delta_vol_pct
37216363000250,ENERGÉTICA SANTA HELENA S/A - EM RECUPERAÇÃO JUDICIAL - Nova Andradina - MS,Nova Andradina,MS,Etanol combustível de primeira geração – cana-de-açúcar,cana_pura,2022,5059371.56284531,7566399.51702832,54.4,60.81,6.410000000000004,94.34,99.59,5.25,1092846.1951099308,2008.6360293984112,1987,2015,29,pre_renovabio_1985_2015,150,approx_from_previous_land_use_grid,1987-2015,persistent new sugarcane entries weighted by grid-cell overlap,1092846.1951099308,delta_vol_pct
38278706000192,UPI São Luis - Pirassununga - SP,Pirassununga,SP,Etanol combustível de primeira geração – cana-de-açúcar,cana_pura,2022,5691312.69666642,7563611.99846526,65.1,61.37,-3.729999999999997,100.0,95.14,-4.859999999999999,1589000.2962787042,1998.7905568300396,1987,2015,29,pre_renovabio_1985_2015,150,approx_from_previous_land_use_grid,1987-2015,persistent new sugarcane entries weighted by grid-cell overlap,1589000.2962787042,delta_vol_pct
43533819000399,USINA ITAJOBI LTDA. - AÇÚCAR E ÁLCOOL - Marapoama - SP,Marapoama,SP,Etanol combustível de primeira geração – cana-de-açúcar,cana_pura,2022,5504860.13091127,7647582.4416601,63.04,61.64,-1.3999999999999986,64.33,87.28,22.950000000000003,3890095.3668469186,2003.086283000127,1987,2015,29,pre_renovabio_1985_2015,150,approx_from_previous_land_use_grid,1987-2015,persistent new sugarcane entries weighted by grid-cell overlap,3890095.3668469186,delta_vol_pct
43545284000104,ALCOESTE BIOENERGIA FERNANDÓPOLIS S/A - Fernandópolis - SP,Fernandópolis,SP,Etanol combustível de primeira geração – cana-de-açúcar,cana_pura,2022,5382428.10764186,7753536.53539676,60.6,59.32,-1.2800000000000011,97.55,98.61,1.0600000000000025,3134391.2756159524,2005.5849781132608,1987,2015,29,pre_renovabio_1985_2015,150,approx_from_previous_land_use_grid,1987-2015,persistent new sugarcane entries weighted by grid-cell overlap,3134391.2756159524,delta_vol_pct
43619832001760,BRANCO PERES AGRO S/A - Adamantina-SP,Adamantina,SP,Etanol combustível de primeira geração – cana-de-açúcar,cana_pura,2022,5307925.95063722,7619657.94129087,55.3,59.61,4.310000000000002,97.47,99.0,1.5300000000000011,3175512.4193571345,2003.9055312903265,1987,2015,29,pre_renovabio_1985_2015,150,approx_from_previous_land_use_grid,1987-2015,persistent new sugarcane entries weighted by grid-cell overlap,3175512.4193571345,delta_vol_pct
43932102000581,RENUKA DO BRASIL S.A. - EM RECUPERAÇÃO JUDICIAL - Promissão - SP,Promissão,SP,Etanol combustível de primeira geração – cana-de-açúcar,cana_pura,2022,5430563.41020967,7600918.58442243,50.6,49.94,-0.6600000000000037,87.67,85.29,-2.3799999999999955,3614850.8456643475,2003.133959213871,1987,2015,29,pre_renovabio_1985_2015,150,approx_from_previous_land_use_grid,1987-2015,persistent new sugarcane entries weighted by grid-cell overlap,3614850.8456643475,delta_vol_pct
44207249000148,USINA SANTA LÚCIA S.A. - Araras - SP,Araras,SP,Etanol combustível de primeira geração – cana-de-açúcar,cana_pura,2022,5678798.29682681,7514155.29728828,48.72,49.36,0.6400000000000006,85.28,97.0,11.72,1349172.6751849886,1998.6539744932863,1987,2015,29,pre_renovabio_1985_2015,150,approx_from_previous_land_use_grid,1987-2015,persistent new sugarcane entries weighted by grid-cell overlap,1349172.6751849886,delta_vol_pct
44209336003583,USJ AÇÚCAR E ÁLCOOL S.A.- Araras - SP,Araras,SP,Etanol combustível de primeira geração – cana-de-açúcar,cana_pura,2022,5683432.51600593,7504007.27659347,63.0,62.29,-0.7100000000000009,95.79,91.61,-4.180000000000007,1256508.2914729104,1998.6215787805197,1987,2015,29,pre_renovabio_1985_2015,150,approx_from_previous_land_use_grid,1987-2015,persistent new sugarcane entries weighted by grid-cell overlap,1256508.2914729104,delta_vol_pct
44330975000153,Usina Colombo S.A. Açúcar e Alcool - Unidade Ariranha - Ariranha - SP,Ariranha,SP,Etanol combustível de primeira geração – cana-de-açúcar,cana_pura,2022,5535960.51483213,7644363.40072255,67.8,67.8,0.0,95.19,95.19,0.0,3878591.085915701,2002.536487802734,1987,2015,29,pre_renovabio_1985_2015,150,approx_from_previous_land_use_grid,1987-2015,persistent new sugarcane entries weighted by grid-cell overlap,3878591.085915701,delta_vol_pct
44330975002288,USINA COLOMBO S/A. - AÇUCAR E ÁLCOOL - Unidade Palestina - Palestina - SP,Palestina,SP,Etanol combustível de primeira geração – cana-de-açúcar,cana_pura,2022,5458429.37318275,7758079.54540743,67.3,67.3,0.0,98.37,98.37,0.0,3547599.413657442,2005.0921106553117,1987,2015,29,pre_renovabio_1985_2015,150,approx_from_previous_land_use_grid,1987-2015,persistent new sugarcane entries weighted by grid-cell overlap,3547599.413657442,delta_vol_pct
44330975002520,Usina Colombo S.A. Açúcar e Álcool – Unidade Santa Albertina - Santa Albertina - SP,Santa Albertina,SP,Etanol combustível de primeira geração – cana-de-açúcar,cana_pura,2022,5347374.69593228,7779771.82465078,69.2,69.2,0.0,95.13,95.13,0.0,2459491.593050914,2006.3999920573247,1987,2015,29,pre_renovabio_1985_2015,150,approx_from_previous_land_use_grid,1987-2015,persistent new sugarcane entries weighted by grid-cell overlap,2459491.593050914,delta_vol_pct
44346583000182,Usina Açucareira Guaíra Ltda. - Guaíra - SP,Guaíra,SP,Etanol combustível de primeira geração – cana-de-açúcar,cana_pura,2022,5603715.23003702,7730571.00786188,53.66,67.94,14.28,99.43,99.62,0.1899999999999977,3490761.4913653415,2003.0935435963922,1987,2015,29,pre_renovabio_1985_2015,150,approx_from_previous_land_use_grid,1987-2015,persistent new sugarcane entries weighted by grid-cell overlap,3490761.4913653415,delta_vol_pct
44373108000103,COCAL Comércio Indústria Canaã Açúcar e Alcool Ltda. - Unidade Paraguaçu Paulista Paraguaçu Paulista-SP,Paraguaçu Paulista,SP,Etanol combustível de primeira geração – cana-de-açúcar,cana_pura,2022,5330307.2751111,7509869.51745985,65.0,67.86,2.8599999999999994,96.84,99.0,2.1599999999999966,2685862.8037299914,2002.8924251084686,1987,2015,29,pre_renovabio_1985_2015,150,approx_from_previous_land_use_grid,1987-2015,persistent new sugarcane entries weighted by grid-cell overlap,2685862.8037299914,delta_vol_pct
44691236000197,DELLA COLETTA BIOENERGIA S/A - Bariri - SP,Bariri,SP,Etanol combustível de primeira geração – cana-de-açúcar,cana_pura,2022,5545323.30509419,7550248.53242205,59.5,61.07,1.5700000000000005,90.16,88.54,-1.6199999999999903,2404374.4501127345,2000.8766103179262,1987,2015,29,pre_renovabio_1985_2015,150,approx_from_previous_land_use_grid,1987-2015,persistent new sugarcane entries weighted by grid-cell overlap,2404374.4501127345,delta_vol_pct
44836856000177,Agroindustrial Vista Alegre S. A. Em Recuperação Judicial - Itapetininga - SP,Itapetininga,SP,Etanol combustível de primeira geração – cana-de-açúcar,cana_pura,2022,5603690.47264389,7380267.80742244,53.4,57.82,4.420000000000002,93.9,93.26,-0.6400000000000006,726096.6626524623,1999.1015217050947,1987,2015,29,pre_renovabio_1985_2015,150,approx_from_previous_land_use_grid,1987-2015,persistent new sugarcane entries weighted by grid-cell overlap,726096.6626524623,delta_vol_pct
44845915000173,Destilaria Generalco S/A – em recuperação judicial​ - General Salgado - SP,General Salgado,SP,Etanol combustível de primeira geração – cana-de-açúcar,cana_pura,2023,5376664.43655424,7719933.84368087,57.32,61.91,4.589999999999996,95.48,96.47,0.9899999999999948,3357962.703120126,2005.0426394496144,1987,2015,29,pre_renovabio_1985_2015,150,approx_from_previous_land_use_grid,1987-2015,persistent new sugarcane entries weighted by grid-cell overlap,3357962.703120126,delta_vol_pct
44870939000182,Pitangueiras Açúcar e Álcool Ltda. - Pitangueiras - SP,Pitangueiras,SP,Etanol combustível de primeira geração – cana-de-açúcar,cana_pura,2022,5596166.39886262,7660790.73792399,61.5,60.44,-1.0600000000000025,97.0,95.44,-1.5600000000000025,3657210.5655805413,2002.0044908315604,1987,2015,29,pre_renovabio_1985_2015,150,approx_from_previous_land_use_grid,1987-2015,persistent new sugarcane entries weighted by grid-cell overlap,3657210.5655805413,delta_vol_pct
45281813000135,Usina Santa Fé S.A. - Nova Europa - SP,Nova Europa,SP,Etanol combustível de primeira geração – cana-de-açúcar,cana_pura,2022,5556939.58752334,7576579.64969499,55.9,59.47,3.5700000000000003,98.34,97.01,-1.3299999999999983,2749094.674363729,2000.9156613924986,1987,2015,29,pre_renovabio_1985_2015,150,approx_from_previous_land_use_grid,1987-2015,persistent new sugarcane entries weighted by grid-cell overlap,2749094.674363729,delta_vol_pct
45353547000109,"USINA SANTA RITA S.A. AÇÚCAR E ÁLCOOL, EM RECUPERAÇÃO JUDICIAL - SANTA RITA DO PASSA QUATRO - SP",SANTA RITA DO PASSA QUATRO,SP,Etanol combustível de primeira geração – cana-de-açúcar,cana_pura,2022,5657705.1296763,7583579.8459617,53.52,55.38,1.8599999999999997,62.59,58.9,-3.690000000000005,2182565.8906335854,1999.3156502686556,1987,2015,29,pre_renovabio_1985_2015,150,approx_from_previous_land_use_grid,1987-2015,persistent new sugarcane entries weighted by grid-cell overlap,2182565.8906335854,delta_vol_pct
45483450000110,CLEALCO AÇÚCAR E ÁLCOOL S/A - EM RECUPERAÇÃO JUDICIAL - Clementina - SP,Clementina,SP,Etanol combustível de primeira geração – cana-de-açúcar,cana_pura,2022,5369363.39529016,7608602.38041061,55.46,51.12,-4.340000000000003,97.7,79.53,-18.17,3636150.42784819,2003.7811762377305,1987,2015,29,pre_renovabio_1985_2015,150,approx_from_previous_land_use_grid,1987-2015,persistent new sugarcane entries weighted by grid-cell overlap,3636150.42784819,delta_vol_pct
45483450002164,Clealco Açúcar e Álcool S/A - em Recuperação Judicial - Queiroz - SP,Queiroz,SP,Etanol combustível de primeira geração – cana-de-açúcar,cana_pura,2022,5390674.85593007,7582859.67530875,62.36,53.02,-9.339999999999996,93.9,86.89,-7.010000000000005,3513709.7700619786,2003.2164971715176,1987,2015,29,pre_renovabio_1985_2015,150,approx_from_previous_land_use_grid,1987-2015,persistent new sugarcane entries weighted by grid-cell overlap,3513709.7700619786,delta_vol_pct
45765914000181,CENTRAL ENERGÉTICA MORENO AÇÚCAR E ÁLCOOL LTDA EM RECUPERAÇÃO JUDICIAL - Luiz Antônio - SP,Luís Antônio,SP,Etanol combustível de primeira geração – cana-de-açúcar,cana_pura,2022,5645462.82453837,7610495.04934604,57.9,58.58,0.6799999999999997,95.59,98.0,2.4099999999999966,2565945.2595870625,1999.8753474703437,1987,2015,29,pre_renovabio_1985_2015,150,approx_from_previous_land_use_grid,1987-2015,persistent new sugarcane entries weighted by grid-cell overlap,2565945.2595870625,delta_vol_pct
45902707000121,Diana Bioenergia Avanhandava S/A - Avanhandava-SP,Avanhandava,SP,Etanol combustível de primeira geração – cana-de-açúcar,cana_pura,2022,5425627.11498278,7626815.59557634,60.0,60.47,0.4699999999999988,90.7,97.04,6.340000000000003,3753394.8967607203,2003.6463659143699,1987,2015,29,pre_renovabio_1985_2015,150,approx_from_previous_land_use_grid,1987-2015,persistent new sugarcane entries weighted by grid-cell overlap,3753394.8967607203,delta_vol_pct
45968162000156,SALTO BOTELHO AGROENERGIA S.A. – Lucélia - SP,Lucélia,SP,Etanol combustível de primeira geração – cana-de-açúcar,cana_pura,2023,5314855.65428215,7610939.52175401,54.25,53.48,-0.7700000000000031,76.37,85.75,9.379999999999995,3294798.860022259,2003.8263901318203,1987,2015,29,pre_renovabio_1985_2015,150,approx_from_previous_land_use_grid,1987-2015,persistent new sugarcane entries weighted by grid-cell overlap,3294798.860022259,delta_vol_pct
47063128000168,USINA SÃO DOMINGOS AÇÚCAR E ETANOL S/A - Catanduva - SP,Catanduva,SP,Etanol combustível de primeira geração – cana-de-açúcar,cana_pura,2022,5517368.203587,7657801.06786345,64.1,60.65,-3.449999999999996,93.94,95.73,1.7900000000000065,4019917.545348677,2003.0180892363276,1987,2015,29,pre_renovabio_1985_2015,150,approx_from_previous_land_use_grid,1987-2015,persistent new sugarcane entries weighted by grid-cell overlap,4019917.545348677,delta_vol_pct
47080619001199,TEREOS AÇÚCAR E ENERGIA BRASIL S.A. - Unidade Cruz Alta - Olímpia - SP,Olímpia,SP,Etanol combustível de primeira geração – cana-de-açúcar,cana_pura,2022,5509494.07154641,7703220.73996033,60.0,63.93,3.93,95.24,92.28,-2.9599999999999937,4070445.368003692,2003.6467473893688,1987,2015,29,pre_renovabio_1985_2015,150,approx_from_previous_land_use_grid,1987-2015,persistent new sugarcane entries weighted by grid-cell overlap,4070445.368003692,delta_vol_pct
47080619003051,TEREOS ACUCAR E ENERGIA BRASIL S.A. - Unidade Tanabi - Tanabi - SP,Tanabi,SP,Etanol combustível de primeira geração – cana-de-açúcar,cana_pura,2022,5465162.19200102,7727366.90580903,64.8,65.84,1.0400000000000065,95.0,96.1,1.0999999999999943,3878976.1056774626,2004.4620021126987,1987,2015,29,pre_renovabio_1985_2015,150,approx_from_previous_land_use_grid,1987-2015,persistent new sugarcane entries weighted by grid-cell overlap,3878976.1056774626,delta_vol_pct
47080619003302,TEREOS AÇÚCAR E ENERGIA BRASIL S.A. - Unidade Mandú - Guaíra - SP,Guaíra,SP,Etanol combustível de primeira geração – cana-de-açúcar,cana_pura,2022,5583172.62415267,7724294.71940503,61.9,62.07,0.1700000000000017,98.44,96.3,-2.140000000000001,3751500.8488065787,2003.178722122989,1987,2015,29,pre_renovabio_1985_2015,150,approx_from_previous_land_use_grid,1987-2015,persistent new sugarcane entries weighted by grid-cell overlap,3751500.8488065787,delta_vol_pct
47080619006158,TEREOS AÇÚCAR E ENERGIA BRASIL S.A. - UNIDADE ANDRADE - Pitangueiras - SP,Pitangueiras,SP,Etanol combustível de primeira geração – cana-de-açúcar,cana_pura,2022,5593928.21704737,7665735.780493,61.7,63.22,1.519999999999996,95.68,87.74,-7.940000000000012,3705717.7259347863,2002.1400198347346,1987,2015,29,pre_renovabio_1985_2015,150,approx_from_previous_land_use_grid,1987-2015,persistent new sugarcane entries weighted by grid-cell overlap,3705717.7259347863,delta_vol_pct
47080619006239,TEREOS AÇÚCAR E ENERGIA BRASIL S.A. - Unidade São José - Colina - SP,Colina,SP,Etanol combustível de primeira geração – cana-de-açúcar,cana_pura,2022,5569368.69742976,7704546.1168507,61.2,65.16,3.9599999999999937,98.25,93.73,-4.519999999999996,3987313.838459682,2003.0489032052537,1987,2015,29,pre_renovabio_1985_2015,150,approx_from_previous_land_use_grid,1987-2015,persistent new sugarcane entries weighted by grid-cell overlap,3987313.838459682,delta_vol_pct
47254396000167,J PILON SA AÇÚCAR E ÁLCOOL - Cerquilho - SP,Cerquilho,SP,Etanol combustível de primeira geração – cana-de-açúcar,cana_pura,2022,5636301.19852914,7423905.86840809,49.8,49.44,-0.3599999999999994,86.54,89.78,3.239999999999995,960119.0556750898,1998.5594096261439,1987,2015,29,pre_renovabio_1985_2015,150,approx_from_previous_land_use_grid,1987-2015,persistent new sugarcane entries weighted by grid-cell overlap,960119.0556750898,delta_vol_pct
47524632000118,USINA SANTA ISABEL S/A - UNIDADE NOVO HORIZONTE - Novo Horizonte - SP,Novo Horizonte,SP,Etanol combustível de primeira geração – cana-de-açúcar,cana_pura,2022,5496435.62234828,7613043.54136429,67.5,66.92,-0.5799999999999983,98.77,96.11,-2.6599999999999966,3510714.951443048,2002.6936397661477,1987,2015,29,pre_renovabio_1985_2015,150,approx_from_previous_land_use_grid,1987-2015,persistent new sugarcane entries weighted by grid-cell overlap,3510714.951443048,delta_vol_pct
47524632000894,USINA SANTA ISABEL S/A - UNIDADE MENDONÇA - Mendonça - SP,Mendonça,SP,Etanol combustível de primeira geração – cana-de-açúcar,cana_pura,2022,5455702.14108104,7653667.26903664,69.0,67.21,-1.7900000000000065,96.89,95.71,-1.1800000000000068,3971292.74205526,2003.8473715969558,1987,2015,29,pre_renovabio_1985_2015,150,approx_from_previous_land_use_grid,1987-2015,persistent new sugarcane entries weighted by grid-cell overlap,3971292.74205526,delta_vol_pct
47902283000120,Sonora Estância S.A - Sonora - MS,Sonora,MS,Etanol combustível de primeira geração – cana-de-açúcar,cana_pura,2022,4919768.99292888,8054550.5566479,64.7,69.53,4.829999999999998,98.96,99.68,0.7200000000000131,21531.186498816907,2012.4333191048388,1987,2015,29,pre_renovabio_1985_2015,150,approx_from_previous_land_use_grid,1987-2015,persistent new sugarcane entries weighted by grid-cell overlap,21531.186498816907,delta_vol_pct
48295562001108,USINA ALTO ALEGRE S/A - ACUCAR E ALCOOL - Presidente Prudente - SP,Presidente Prudente,SP,Etanol combustível de primeira geração – cana-de-açúcar,cana_pura,2022,5283264.01821824,7578474.155203,59.0,62.48,3.479999999999997,90.68,90.73,0.0499999999999971,3137720.2443024283,2003.6659522341342,1987,2015,29,pre_renovabio_1985_2015,150,approx_from_previous_land_use_grid,1987-2015,persistent new sugarcane entries weighted by grid-cell overlap,3137720.2443024283,delta_vol_pct
48295562001450,USINA ALTO ALEGRE S/A AÇÚCAR E ÁLCOOL - Colorado - PR,Colorado,PR,Etanol combustível de primeira geração – cana-de-açúcar,cana_pura,2022,5210409.50388839,7461546.41330971,61.1,65.08,3.979999999999997,98.14,95.01,-3.1299999999999955,2223907.149556162,2004.6866272281056,1987,2015,29,pre_renovabio_1985_2015,150,approx_from_previous_land_use_grid,1987-2015,persistent new sugarcane entries weighted by grid-cell overlap,2223907.149556162,delta_vol_pct
48295562001884,USINA ALTO ALEGRE S/A - ACUCAR E ALCOOL - Santo Inácio - PR,Santo Inácio,PR,Etanol combustível de primeira geração – cana-de-açúcar,cana_pura,2022,5225835.15506161,7492389.11037589,65.1,67.28,2.180000000000007,97.02,94.35,-2.6700000000000017,2449155.7586617814,2004.269057194502,1987,2015,29,pre_renovabio_1985_2015,150,approx_from_previous_land_use_grid,1987-2015,persistent new sugarcane entries weighted by grid-cell overlap,2449155.7586617814,delta_vol_pct
48295562001965,USINA ALTO ALEGRE S/A - ACUCAR E ALCOOL - Florestópolis - PR,Florestópolis,PR,Etanol combustível de primeira geração – cana-de-açúcar,cana_pura,2022,5265765.11720501,7466901.54571138,62.6,66.67,4.07,93.6,96.18,2.5800000000000125,2468724.1018238813,2003.7720766687694,1987,2015,29,pre_renovabio_1985_2015,150,approx_from_previous_land_use_grid,1987-2015,persistent new sugarcane entries weighted by grid-cell overlap,2468724.1018238813,delta_vol_pct
48708267046156,Nardini Agroindustrial Ltda. - Vista Alegre do Alto/SP,Vista Alegre do Alto,SP,Etanol combustível de primeira geração – cana-de-açúcar,cana_pura,2022,5555394.58545559,7647146.73236478,63.5,61.91,-1.5900000000000034,94.23,97.1,2.8699999999999903,3872606.267357883,2002.2905893995676,1987,2015,29,pre_renovabio_1985_2015,150,approx_from_previous_land_use_grid,1987-2015,persistent new sugarcane entries weighted by grid-cell overlap,3872606.267357883,delta_vol_pct
49049638000106,INDÚSTRIA E COMÉRCIO DE BEBIDAS SEIS LAGOAS LTDA. - Brotas - SP,Brotas,SP,Etanol combustível de primeira geração – cana-de-açúcar,cana_pura,2022,5590165.35110969,7522329.45488203,39.28,39.28,0.0,95.61,95.61,0.0,1954301.2787937298,1999.885724661998,1987,2015,29,pre_renovabio_1985_2015,150,approx_from_previous_land_use_grid,1987-2015,persistent new sugarcane entries weighted by grid-cell overlap,1954301.2787937298,delta_vol_pct
49213747000117,BIOSEV BIOENERGIA S.A. - Usina Vale do Rosário - Morro Agudo-SP,Morro Agudo,SP,Etanol combustível de primeira geração – cana-de-açúcar,cana_pura,2022,5603690.00942673,7690368.28528379,57.3,56.63,-0.6699999999999946,97.63,96.5,-1.1299999999999957,3659093.5872298134,2002.5073184581279,1987,2015,29,pre_renovabio_1985_2015,150,approx_from_previous_land_use_grid,1987-2015,persistent new sugarcane entries weighted by grid-cell overlap,3659093.5872298134,delta_vol_pct
49213747011585,BIOSEV BIOENERGIA S.A. - Usina MB - Morro Agudo-SP,Morro Agudo,SP,Etanol combustível de primeira geração – cana-de-açúcar,cana_pura,2022,5603690.00942673,7690368.28528379,53.8,49.67,-4.129999999999996,98.73,98.21,-0.5200000000000102,3659093.5872298134,2002.5073184581279,1987,2015,29,pre_renovabio_1985_2015,150,approx_from_previous_land_use_grid,1987-2015,persistent new sugarcane entries weighted by grid-cell overlap,3659093.5872298134,delta_vol_pct
49213747011828,BIOSEV BIOENERGIA S.A. - Usina Santa Elisa - Sertãozinho - SP,Sertãozinho,SP,Etanol combustível de primeira geração – cana-de-açúcar,cana_pura,2022,5615281.36045109,7653041.04163243,54.6,51.9,-2.700000000000003,98.86,97.67,-1.1899999999999975,3368782.793534827,2001.5030712955092,1987,2015,29,pre_renovabio_1985_2015,150,approx_from_previous_land_use_grid,1987-2015,persistent new sugarcane entries weighted by grid-cell overlap,3368782.793534827,delta_vol_pct
49213747012980,BIOSEV BIOENERGIA S.A. - Usina Continental - Colômbia-SP,Colômbia,SP,Etanol combustível de primeira geração – cana-de-açúcar,cana_pura,2022,5561854.80646371,7752670.3605914,53.9,55.2,1.3000000000000045,100.0,98.78,-1.2199999999999989,3738506.162782788,2003.7927678799276,1987,2015,29,pre_renovabio_1985_2015,150,approx_from_previous_land_use_grid,1987-2015,persistent new sugarcane entries weighted by grid-cell overlap,3738506.162782788,delta_vol_pct
49605157000210,LONDRA AÇÚCAR E ÁLCOOL LTDA.​ - Itaí -SP,Itaí,SP,Etanol combustível de primeira geração – cana-de-açúcar,cana_pura,2022,5516624.21610669,7387741.1310015,61.7,67.21,5.509999999999991,100.0,100.0,0.0,880171.631388728,2000.584301781546,1987,2015,29,pre_renovabio_1985_2015,150,approx_from_previous_land_use_grid,1987-2015,persistent new sugarcane entries weighted by grid-cell overlap,880171.631388728,delta_vol_pct
49972326000170,Bunge Açúcar e Bioenergia S.A. - Usina Moema - Orindiuva - SP,Orindiuva,SP,Etanol combustível de primeira geração – cana-de-açúcar,cana_pura,2022,5485088.29434952,7754877.64768698,56.2,63.49,7.289999999999999,96.97,95.91,-1.0600000000000025,3706606.3213183307,2004.6028388418044,1987,2015,29,pre_renovabio_1985_2015,150,approx_from_previous_land_use_grid,1987-2015,persistent new sugarcane entries weighted by grid-cell overlap,3706606.3213183307,delta_vol_pct
49972326003861,BUNGE ACUCAR E BIOENERGIA S.A. - Ponta Porã - MS,Ponta Porã,MS,Etanol combustível de primeira geração – cana-de-açúcar,cana_pura,2022,4886354.279116,7532810.49108476,60.8,68.77,7.969999999999999,95.93,93.21,-2.720000000000013,585903.3692290743,2010.2161092306942,1987,2015,29,pre_renovabio_1985_2015,150,approx_from_previous_land_use_grid,1987-2015,persistent new sugarcane entries weighted by grid-cell overlap,585903.3692290743,delta_vol_pct
49976251000103,MALOSSO BIOENERGIA S.A. - Itápolis - SP,Itápolis,SP,Etanol combustível de primeira geração – cana-de-açúcar,cana_pura,2022,5535383.51598067,7598591.50424386,59.55,53.27,-6.279999999999994,93.24,95.09,1.8500000000000083,3205741.427376833,2001.760887978064,1987,2015,29,pre_renovabio_1985_2015,150,approx_from_previous_land_use_grid,1987-2015,persistent new sugarcane entries weighted by grid-cell overlap,3205741.427376833,delta_vol_pct
50227255000160,DESTILARIA ÁGUA BONITA LTDA. - Tarumã - SP,Tarumã,SP,Etanol combustível de primeira geração – cana-de-açúcar,cana_pura,2022,5349061.14213217,7479533.32955514,50.8,52.71,1.910000000000004,67.98,66.34,-1.6400000000000006,2331830.019437958,2002.7916295948573,1987,2015,29,pre_renovabio_1985_2015,150,approx_from_previous_land_use_grid,1987-2015,persistent new sugarcane entries weighted by grid-cell overlap,2331830.019437958,delta_vol_pct
50376938000189,USINA SANTA ADÉLIA S.A. - JABOTICABAL - Jaboticabal - SP,Jaboticabal,SP,Etanol combustível de primeira geração – cana-de-açúcar,cana_pura,2022,5590917.70040942,7628804.8133987,65.01,65.16,0.1499999999999914,90.19,98.51,8.320000000000007,3380586.871524277,2001.3517846660602,1987,2015,29,pre_renovabio_1985_2015,150,approx_from_previous_land_use_grid,1987-2015,persistent new sugarcane entries weighted by grid-cell overlap,3380586.871524277,delta_vol_pct
50376938000936,Usina Santa Adelia S. A. - Unidade Pereira Barreto - Pereira Barreto - SP,Pereira Barreto,SP,Etanol combustível de primeira geração – cana-de-açúcar,cana_pura,2022,5287223.2377826,7726234.20084834,61.1,62.07,0.9699999999999988,95.97,98.53,2.5600000000000023,2102520.3691599783,2005.1392051890418,1987,2015,29,pre_renovabio_1985_2015,150,approx_from_previous_land_use_grid,1987-2015,persistent new sugarcane entries weighted by grid-cell overlap,2102520.3691599783,delta_vol_pct
51466860000156,SÃO MARTINHO S.A (Unidade São Martinho) - Pradópolis - SP,Pradópolis,SP,Etanol combustível de primeira geração – cana-de-açúcar,cana_pura,2022,5609001.64500966,7630455.82840102,60.6,63.28,2.68,98.5,96.39,-2.1099999999999994,3233024.620197789,2001.0698851311497,1987,2015,29,pre_renovabio_1985_2015,150,approx_from_previous_land_use_grid,1987-2015,persistent new sugarcane entries weighted by grid-cell overlap,3233024.620197789,delta_vol_pct
51466860002957,SÃO MARTINHO S.A. - USINA IRACEMA - Iracemápolis - SP,Iracemápolis,SP,Etanol combustível de primeira geração – cana-de-açúcar ,cana_pura,2022,5665248.28530554,7487017.71529497,58.22,59.57,1.3500000000000014,95.4,92.96,-2.440000000000012,1258955.7594129383,1998.6977368660516,1987,2015,29,pre_renovabio_1985_2015,150,approx_from_previous_land_use_grid,1987-2015,persistent new sugarcane entries weighted by grid-cell overlap,1258955.7594129383,delta_vol_pct
51466860005034,SÃO MARTINHO S.A (Unidade Santa Cruz) - Américo Brasiliense-SP,Américo Brasiliense,SP,Etanol combustível de primeira geração – cana-de-açúcar,cana_pura,2022,5612905.36226079,7581553.7989518,62.5,64.58,2.0799999999999983,85.85,90.29,4.440000000000012,2589223.885364872,1999.7918793972517,1987,2015,29,pre_renovabio_1985_2015,150,approx_from_previous_land_use_grid,1987-2015,persistent new sugarcane entries weighted by grid-cell overlap,2589223.885364872,delta_vol_pct
51466860006278,SÃO MARTINHO S.A (Usina Boa Vista) - Quirinópolis/GO,Quirinópolis,GO,Etanol combustível de primeira geração – cana-de-açúcar,cana_pura,2022,5376520.66146883,7944455.4369707,62.7,62.7,0.0,96.19,96.19,0.0,1340502.4633509303,2009.7359529027794,1987,2015,29,pre_renovabio_1985_2015,150,approx_from_previous_land_use_grid,1987-2015,persistent new sugarcane entries weighted by grid-cell overlap,1340502.4633509303,delta_vol_pct
51843514000140,TIETÊ AGROINDUSTRIAL S.A. - PARAÍSO - SP,PARAÍSO,SP,Etanol combustível de primeira geração – cana-de-açúcar,cana_pura,2022,5548660.68469603,7662946.39321125,61.1,65.58,4.479999999999997,98.03,95.58,-2.450000000000003,4069057.8282723194,2002.6538315473917,1987,2015,29,pre_renovabio_1985_2015,150,approx_from_previous_land_use_grid,1987-2015,persistent new sugarcane entries weighted by grid-cell overlap,4069057.8282723194,delta_vol_pct
51843514009600,TIETÊ AGROINDUSTRIAL S.A. - Unidade Ubarana - Ubarana - SP,Ubarana,SP,Etanol combustível de primeira geração – cana-de-açúcar,cana_pura,2022,5442063.71458744,7647628.5712649,59.2,61.82,2.619999999999997,98.26,96.18,-2.0799999999999983,3887153.423072911,2003.8606650595862,1987,2015,29,pre_renovabio_1985_2015,150,approx_from_previous_land_use_grid,1987-2015,persistent new sugarcane entries weighted by grid-cell overlap,3887153.423072911,delta_vol_pct
51990778000126,Açúcar e Alcool Oswaldo Ribeiro Mendonça Ltda - Guaíra-SP,Guaíra,SP,Etanol combustível de primeira geração – cana-de-açúcar,cana_pura,2022,5603715.23003702,7730571.00786188,64.3,64.3,0.0,97.54,97.54,0.0,3490761.4913653415,2003.0935435963922,1987,2015,29,pre_renovabio_1985_2015,150,approx_from_previous_land_use_grid,1987-2015,persistent new sugarcane entries weighted by grid-cell overlap,3490761.4913653415,delta_vol_pct
53009825000133,Usina Alta Mogiana S/A Açúcar e Álcool - São Joaquim da Barra - SP,São Joaquim da Barra,SP,Etanol combustível de primeira geração – cana-de-açúcar,cana_pura,2022,5638988.90398604,7722104.34950551,62.9,64.65,1.750000000000007,99.36,100.0,0.6400000000000006,3123246.367827533,2002.6373106282938,1987,2015,29,pre_renovabio_1985_2015,150,approx_from_previous_land_use_grid,1987-2015,persistent new sugarcane entries weighted by grid-cell overlap,3123246.367827533,delta_vol_pct
53172300000114,USINA SÃO JOSÉ DA ESTIVA S.A. AÇÚCAR E ÁLCOOL - Novo Horizonte - SP,Novo Horizonte,SP,Etanol combustível de primeira geração – cana-de-açúcar,cana_pura,2022,5498236.06647977,7615531.14246577,63.0,63.11,0.1099999999999994,96.18,96.98,0.7999999999999972,3530336.0444071176,2002.7061469731505,1987,2015,29,pre_renovabio_1985_2015,150,approx_from_previous_land_use_grid,1987-2015,persistent new sugarcane entries weighted by grid-cell overlap,3530336.0444071176,delta_vol_pct
53408860000125,Usina São Luiz S/A - Ourinhos - SP,Ourinhos,SP,Etanol combustível de primeira geração – cana-de-açúcar,cana_pura,2022,5434145.34247822,7456211.45718872,59.7,63.46,3.759999999999998,96.33,95.05,-1.2800000000000011,1807158.8278137308,2002.2000050064723,1987,2015,29,pre_renovabio_1985_2015,150,approx_from_previous_land_use_grid,1987-2015,persistent new sugarcane entries weighted by grid-cell overlap,1807158.8278137308,delta_vol_pct
53811006000105,Viralcool Açúcar e Álcool Ltda. - Pitangueiras - SP,Pitangueiras,SP,Etanol combustível de primeira geração – cana-de-açúcar,cana_pura,2022,5597642.87620166,7673060.58481972,67.1,66.12,-0.9799999999999898,96.91,97.44,0.5300000000000011,3693114.623599722,2002.2399972557532,1987,2015,29,pre_renovabio_1985_2015,150,approx_from_previous_land_use_grid,1987-2015,persistent new sugarcane entries weighted by grid-cell overlap,3693114.623599722,delta_vol_pct
53811006000296,VIRALCOOL ACUCAR E ALCOOL LTDA - Castilho - SP,Castilho,SP,Etanol combustível de primeira geração – cana-de-açúcar,cana_pura,2022,5250469.97424121,7665558.87736064,64.8,63.25,-1.5499999999999972,96.92,86.73,-10.189999999999998,2000638.36505023,2004.255396841292,1987,2015,29,pre_renovabio_1985_2015,150,approx_from_previous_land_use_grid,1987-2015,persistent new sugarcane entries weighted by grid-cell overlap,2000638.36505023,delta_vol_pct
54470679000101,USINA BATATAIS S/A AÇÚCAR E ÁLCOOL - Batatais - SP,Batatais,SP,Etanol combustível de primeira geração – cana-de-açúcar,cana_pura,2022,5669415.53486182,7691324.17737747,67.3,62.76,-4.539999999999999,98.28,95.0,-3.280000000000001,2694107.0555724152,2001.654387633988,1987,2015,29,pre_renovabio_1985_2015,150,approx_from_previous_land_use_grid,1987-2015,persistent new sugarcane entries weighted by grid-cell overlap,2694107.0555724152,delta_vol_pct
54844360000107,Baldin Bioenergia S. A. - Pirassununga - SP,Pirassununga,SP,Etanol combustível de primeira geração – cana-de-açúcar,cana_pura,2022,5676699.37391274,7550570.79151787,60.0,56.9,-3.1000000000000014,96.38,97.27,0.8900000000000006,1643952.278535138,1998.7284786223206,1987,2015,29,pre_renovabio_1985_2015,150,approx_from_previous_land_use_grid,1987-2015,persistent new sugarcane entries weighted by grid-cell overlap,1643952.278535138,delta_vol_pct
54846951000105,Ferrari Agroindústria S.A. - Pirassununga - SP,Pirassununga,SP,Etanol combustível de primeira geração – cana-de-açúcar,cana_pura,2022,5686171.87576836,7568741.50613581,68.2,63.04,-5.160000000000004,91.32,,,1687123.5550820527,1998.8858840523076,1987,2015,29,pre_renovabio_1985_2015,150,approx_from_previous_land_use_grid,1987-2015,persistent new sugarcane entries weighted by grid-cell overlap,1687123.5550820527,delta_vol_pct
55090971000161,CAFEÁLCOOL AGROINDUSTRIAL LTDA. (EM RECUPERAÇÃO JUDICIAL) - Cafelândia - SP,Cafelândia,SP,Etanol combustível de primeira geração – cana-de-açúcar,cana_pura,2022,5464230.63938766,7591862.81354918,57.85,65.54,7.690000000000005,96.67,97.36,0.6899999999999977,3459985.742649295,2002.6757790400195,1987,2015,29,pre_renovabio_1985_2015,150,approx_from_previous_land_use_grid,1987-2015,persistent new sugarcane entries weighted by grid-cell overlap,3459985.742649295,delta_vol_pct
55109474000168,"Usina Carolo S/A – Açúcar e Álcool, em Recuperação Judicial - Pontal - SP",Pontal,SP,Etanol combustível de primeira geração – cana-de-açúcar,cana_pura,2022,5621016.86284423,7664946.45696951,49.0,49.0,0.0,86.7,86.7,0.0,3361720.893939179,2001.7023342681412,1987,2015,29,pre_renovabio_1985_2015,150,approx_from_previous_land_use_grid,1987-2015,persistent new sugarcane entries weighted by grid-cell overlap,3361720.893939179,delta_vol_pct
55109565000101,"USINA BAZAN S.A. - Pontal, SP",Pontal,SP,Etanol combustível de primeira geração – cana-de-açúcar,cana_pura,2022,5624440.83906075,7664109.77536027,66.2,65.38,-0.8200000000000074,98.36,99.11,0.75,3307913.94617437,2001.6169632763704,1987,2015,29,pre_renovabio_1985_2015,150,approx_from_previous_land_use_grid,1987-2015,persistent new sugarcane entries weighted by grid-cell overlap,3307913.94617437,delta_vol_pct
56723257000207,Usina Açucareira Furlan S/A - Avaré - SP,Avaré,SP,Etanol combustível de primeira geração – cana-de-açúcar,cana_pura,2022,5520568.16009102,7454650.32696257,63.8,63.8,0.0,83.89,83.89,0.0,1546669.8616567212,2001.0491259987382,1987,2015,29,pre_renovabio_1985_2015,150,approx_from_previous_land_use_grid,1987-2015,persistent new sugarcane entries weighted by grid-cell overlap,1546669.8616567212,delta_vol_pct
60329174000124,USINA AÇUCAREIRA SÃO MANOEL S.A. - São Manuel - SP,São Manuel,SP,Etanol combustível de primeira geração – cana-de-açúcar,cana_pura,2022,5561008.15581125,7481688.13209503,61.5,57.11,-4.390000000000001,99.55,97.91,-1.6400000000000006,1692378.8684069128,2000.4203353888033,1987,2015,29,pre_renovabio_1985_2015,150,approx_from_previous_land_use_grid,1987-2015,persistent new sugarcane entries weighted by grid-cell overlap,1692378.8684069128,delta_vol_pct
60855574000335,AÇUCAREIRA QUATÁ S.A. - UNIDADE SÃO JOSÉ - Macatuba - SP,Macatuba,SP,Etanol combustível de primeira geração – cana-de-açúcar,cana_pura,2022,5536875.99803442,7502034.30102471,66.76,66.82,0.059999999999988,98.35,97.45,-0.8999999999999915,1944334.3848827383,2000.8301097158171,1987,2015,29,pre_renovabio_1985_2015,150,approx_from_previous_land_use_grid,1987-2015,persistent new sugarcane entries weighted by grid-cell overlap,1944334.3848827383,delta_vol_pct
60855574000416,AÇUCAREIRA QUATÁ S.A. (UNIDADE BARRA GRANDE) - Lençóis Paulista/SP,Lençóis Paulista,SP,Etanol combustível de primeira geração – cana-de-açúcar,cana_pura,2022,5539454.9453959,7486641.36942521,63.55,64.15,0.6000000000000085,97.57,96.79,-0.7799999999999869,1804042.824373669,2000.759502881246,1987,2015,29,pre_renovabio_1985_2015,150,approx_from_previous_land_use_grid,1987-2015,persistent new sugarcane entries weighted by grid-cell overlap,1804042.824373669,delta_vol_pct
60855574001307,AÇUCAREIRA QUATÁ S.A. - UNIDADE QUATÁ - Quatá - SP,Quatá,SP,Etanol combustível de primeira geração – cana-de-açúcar,cana_pura,2022,5344980.73150459,7534505.8062032,59.0,59.14,0.1400000000000005,99.04,98.06,-0.980000000000004,2955737.597436109,2002.8799120465596,1987,2015,29,pre_renovabio_1985_2015,150,approx_from_previous_land_use_grid,1987-2015,persistent new sugarcane entries weighted by grid-cell overlap,2955737.597436109,delta_vol_pct
61082962000393,Companhia Melhoramentos Norte do Paraná - Jussara - PR,Jussara,PR,Etanol combustível de primeira geração – cana-de-açúcar,cana_pura,2022,5160448.96807688,7391390.71804424,59.2,60.66,1.4599999999999935,92.47,97.29,4.820000000000007,1522747.9988561266,2005.5394904434381,1987,2015,29,pre_renovabio_1985_2015,150,approx_from_previous_land_use_grid,1987-2015,persistent new sugarcane entries weighted by grid-cell overlap,1522747.9988561266,delta_vol_pct
61082962000474,Companhia Melhoramentos Norte do Paraná - Nova Londrina - PR,Nova Londrina,PR,Etanol combustível de primeira geração – cana-de-açúcar,cana_pura,2022,5104176.59551458,7480760.64086504,58.9,57.13,-1.769999999999996,87.25,94.49,7.239999999999995,1836427.2176734488,2006.9139064709375,1987,2015,29,pre_renovabio_1985_2015,150,approx_from_previous_land_use_grid,1987-2015,persistent new sugarcane entries weighted by grid-cell overlap,1836427.2176734488,delta_vol_pct
61231478000206,COMPANHIA AGRÍCOLA USINA JACAREZINHO - Jacarezinho - PR,Jacarezinho,PR,Etanol combustível de primeira geração – cana-de-açúcar,cana_pura,2022,5415837.92603449,7439425.89388854,53.3,56.9,3.6000000000000014,91.24,95.99,4.75,1653320.2460187646,2002.2118419585956,1987,2015,29,pre_renovabio_1985_2015,150,approx_from_previous_land_use_grid,1987-2015,persistent new sugarcane entries weighted by grid-cell overlap,1653320.2460187646,delta_vol_pct
68316801000102,GLENCANE BIOENERGIA S/A – RIO VERMELHO - Junqueirópolis-SP,Junqueirópolis,SP,Etanol combustível de primeira geração – cana-de-açúcar,cana_pura,2022,5332370.8349774,7622346.56937083,58.3,63.84,5.540000000000006,98.2,,,3374754.9706184166,2003.9995665773247,1987,2015,29,pre_renovabio_1985_2015,150,approx_from_previous_land_use_grid,1987-2015,persistent new sugarcane entries weighted by grid-cell overlap,3374754.9706184166,delta_vol_pct
68316801002571,GLENCANE BIOENERGIA S.A. – UNIDADE NOVA UNIALCO - Guararapes-SP,Guararapes,SP,Etanol combustível de primeira geração – cana-de-açúcar,cana_pura,2022,5332370.8349774,7622346.56937083,57.5,58.1,0.6000000000000014,95.31,92.72,-2.5900000000000034,3374754.9706184166,2003.9995665773247,1987,2015,29,pre_renovabio_1985_2015,150,approx_from_previous_land_use_grid,1987-2015,persistent new sugarcane entries weighted by grid-cell overlap,3374754.9706184166,delta_vol_pct
71304687000105,"PEDRA AGROINDUSTRIAL S.A. - Usina Pedra - Serrana, SP",Serrana,SP,Etanol combustível de primeira geração – cana-de-açúcar,cana_pura,2022,5664095.30861299,7640681.38578166,65.5,64.38,-1.1200000000000043,96.35,96.11,-0.2399999999999948,2520930.1921297433,2000.366943680779,1987,2015,29,pre_renovabio_1985_2015,150,approx_from_previous_land_use_grid,1987-2015,persistent new sugarcane entries weighted by grid-cell overlap,2520930.1921297433,delta_vol_pct
71304687001845,PEDRA AGROINDUSTRIAL S/A - Usina Buriti - Buritizal - SP,Buritizal,SP,Etanol combustível de primeira geração – cana-de-açúcar,cana_pura,2022,5662965.83265875,7750677.62997629,62.6,64.3,1.6999999999999955,96.93,96.51,-0.4200000000000017,2644835.041976937,2002.8749458909308,1987,2015,29,pre_renovabio_1985_2015,150,approx_from_previous_land_use_grid,1987-2015,persistent new sugarcane entries weighted by grid-cell overlap,2644835.041976937,delta_vol_pct
71304687002817,PEDRA AGROINDUSTRIAL S/A - Usina Ipê - Nova Independência - SP,Nova Independência,SP,Etanol combustível de primeira geração – cana-de-açúcar,cana_pura,2022,5262921.43224265,7656397.59589737,62.8,61.32,-1.4799999999999969,98.1,98.03,-0.0699999999999931,2275215.0672816527,2004.2472911945943,1987,2015,29,pre_renovabio_1985_2015,150,approx_from_previous_land_use_grid,1987-2015,persistent new sugarcane entries weighted by grid-cell overlap,2275215.0672816527,delta_vol_pct
71321566000163,IRMÃOS TONIELLO LTDA. - Sertãozinho - SP,Sertãozinho,SP,Etanol combustível de primeira geração – cana-de-açúcar,cana_pura,2022,5619841.65755165,7655842.36510929,59.3,59.3,0.0,98.27,98.27,0.0,3324246.2275335933,2001.4873001060894,1987,2015,29,pre_renovabio_1985_2015,150,approx_from_previous_land_use_grid,1987-2015,persistent new sugarcane entries weighted by grid-cell overlap,3324246.2275335933,delta_vol_pct
71324784000151,USINA SANTO ANTONIO S/A - Sertãozinho - SP,Sertãozinho,SP,Etanol combustível de primeira geração – cana-de-açúcar,cana_pura,2022,5627258.92573786,7651381.0344227,58.11,57.46,-0.6499999999999986,92.22,88.49,-3.730000000000004,3182949.716021396,2001.2317058180897,1987,2015,29,pre_renovabio_1985_2015,150,approx_from_previous_land_use_grid,1987-2015,persistent new sugarcane entries weighted by grid-cell overlap,3182949.716021396,delta_vol_pct
71324792000440,USINA SÃO FRANCISCO S.A. - Barrinha - SP,Barrinha,SP,Etanol combustível de primeira geração – cana-de-açúcar,cana_pura,2022,5610674.78848055,7646256.90949264,71.6,67.25,-4.349999999999994,93.56,98.1,4.539999999999992,3371098.1413977477,2001.4284558907364,1987,2015,29,pre_renovabio_1985_2015,150,approx_from_previous_land_use_grid,1987-2015,persistent new sugarcane entries weighted by grid-cell overlap,3371098.1413977477,delta_vol_pct
75084871000130,COOPERVAL COOPERATIVA AGROINDUSTRIAL VALE DO IVAÍ LTDA. - Jandaia do Sul - PR,Jandaia do Sul,PR,Etanol combustível de primeira geração – cana-de-açúcar e milho em usina integrada,cana_milho_integrada,2022,5235867.18568587,7377432.8082731,65.23,68.1,2.8699999999999903,52.15,36.82,-15.329999999999998,1456573.441029405,2004.508129386197,1987,2015,29,pre_renovabio_1985_2015,150,approx_from_previous_land_use_grid,1987-2015,persistent new sugarcane entries weighted by grid-cell overlap,1456573.441029405,delta_vol_pct
75177857000180,RENUKA VALE DO IVAÍ S A EM RECUPERAÇÃO JUDICIAL - São Pedro do Ivaí - PR,São Pedro do Ivaí,PR,Etanol combustível de primeira geração – cana-de-açúcar,cana_pura,2023,5215053.49056965,7359057.94944632,41.34,41.34,0.0,97.73,97.73,0.0,1240909.5121231633,2004.7482464387585,1987,2015,29,pre_renovabio_1985_2015,150,approx_from_previous_land_use_grid,1987-2015,persistent new sugarcane entries weighted by grid-cell overlap,1240909.5121231633,delta_vol_pct
75444430000100,Dacalda Açúcar e Álcool LTDA. - Jacarezinho - PR,Jacarezinho,PR,Etanol combustível de primeira geração – cana-de-açúcar,cana_pura,2022,5399015.37389715,7432488.87076784,48.71,50.1,1.3900000000000006,87.28,83.92,-3.3599999999999994,1622045.4529467642,2002.2885188613889,1987,2015,29,pre_renovabio_1985_2015,150,approx_from_previous_land_use_grid,1987-2015,persistent new sugarcane entries weighted by grid-cell overlap,1622045.4529467642,delta_vol_pct
75619056000128,AÇÚCAR E ÁLCOOL BANDEIRANTES S.A. - Bandeirantes - PR,Bandeirantes,PR,Etanol combustível de primeira geração – cana-de-açúcar,cana_pura,2023,5374048.51602455,7439981.01554885,61.7,58.92,-2.780000000000001,88.68,87.4,-1.2800000000000011,1817758.871702126,2002.6392644429936,1987,2015,29,pre_renovabio_1985_2015,150,approx_from_previous_land_use_grid,1987-2015,persistent new sugarcane entries weighted by grid-cell overlap,1817758.871702126,delta_vol_pct
75717355000286,USINA DE AÇÚCAR SANTA TEREZINHA LTDA. (EM RECUPERAÇÃO JUDICIAL) - PARANACITY - PR,PARANACITY,PR,Etanol combustível de primeira geração – cana-de-açúcar,cana_pura,2022,5186813.83569937,7467837.27341482,65.51,64.1,-1.4100000000000108,86.03,92.15,6.1200000000000045,2138611.570295909,2005.0622858858846,1987,2015,29,pre_renovabio_1985_2015,150,approx_from_previous_land_use_grid,1987-2015,persistent new sugarcane entries weighted by grid-cell overlap,2138611.570295909,delta_vol_pct
75717355000367,USINA DE AÇÚCAR SANTA TEREZINHA LTDA. (EM RECUPERAÇÃO JUDICIAL) - TAPEJARA - PR,TAPEJARA,PR,Etanol combustível de primeira geração – cana-de-açúcar,cana_pura,2022,5113780.43855401,7372417.87236108,60.13,62.35,2.219999999999999,95.6,95.42,-0.1799999999999926,1174717.2366258735,2005.8757242159304,1987,2015,29,pre_renovabio_1985_2015,150,approx_from_previous_land_use_grid,1987-2015,persistent new sugarcane entries weighted by grid-cell overlap,1174717.2366258735,delta_vol_pct
75717355000448,USINA DE AÇÚCAR SANTA TEREZINHA LTDA. (EM RECUPERAÇÃO JUDICIAL) - IVATE - PR,IVATE,PR,Etanol combustível de primeira geração – cana-de-açúcar,cana_pura,2022,5057961.10312403,7412785.52940747,61.08,62.87,1.7899999999999991,97.57,98.09,0.5200000000000102,1172580.6984130982,2007.4059662681257,1987,2015,29,pre_renovabio_1985_2015,150,approx_from_previous_land_use_grid,1987-2015,persistent new sugarcane entries weighted by grid-cell overlap,1172580.6984130982,delta_vol_pct
75717355000529,USINA DE AÇÚCAR SANTA TEREZINHA LTDA. (EM RECUPERAÇÃO JUDICIAL) - UNIDADE IGUATEMI - MARINGA - PR,Maringá,PR,Etanol combustível de primeira geração – cana-de-açúcar,cana_pura,2022,5195210.98662877,7409885.19091676,66.54,61.72,-4.820000000000007,94.15,95.43,1.2800000000000011,1810206.6236702844,2005.3048648745587,1987,2015,29,pre_renovabio_1985_2015,150,approx_from_previous_land_use_grid,1987-2015,persistent new sugarcane entries weighted by grid-cell overlap,1810206.6236702844,delta_vol_pct
75717355000871,USINA DE AÇÚCAR SANTA TEREZINHA LTDA. (EM RECUPERAÇÃO JUDICIAL) - TERRA RICA - PR,TERRA RICA,PR,Etanol combustível de primeira geração – cana-de-açúcar,cana_pura,2022,5132605.71724781,7478170.17536868,65.23,62.72,-2.510000000000005,94.73,98.48,3.75,1983788.6623704578,2006.223989551656,1987,2015,29,pre_renovabio_1985_2015,150,approx_from_previous_land_use_grid,1987-2015,persistent new sugarcane entries weighted by grid-cell overlap,1983788.6623704578,delta_vol_pct
75717355001096,USINA DE AÇÚCAR SANTA TEREZINHA LTDA. (EM RECUPERAÇÃO JUDICIAL) - Rondon - PR,Rondon,PR,Etanol combustível de primeira geração – cana-de-açúcar,cana_pura,2022,5131926.49527168,7413854.02684931,57.79,60.51,2.719999999999999,92.32,93.55,1.230000000000004,1620190.5415425876,2005.9760039950213,1987,2015,29,pre_renovabio_1985_2015,150,approx_from_previous_land_use_grid,1987-2015,persistent new sugarcane entries weighted by grid-cell overlap,1620190.5415425876,delta_vol_pct
75717355001177,USINA DE AÇÚCAR SANTA TEREZINHA LTDA. (EM RECUPERAÇÃO JUDICIAL) - CIDADE GAÚCHA - PR,CIDADE GAÚCHA,PR,Etanol combustível de primeira geração – cana-de-açúcar,cana_pura,2022,5111959.63047695,7413554.45031234,63.63,62.69,-0.9400000000000048,95.26,95.48,0.2199999999999988,1545597.896655373,2006.288636701763,1987,2015,29,pre_renovabio_1985_2015,150,approx_from_previous_land_use_grid,1987-2015,persistent new sugarcane entries weighted by grid-cell overlap,1545597.896655373,delta_vol_pct
78340270000210,COOPERATIVA AGRÍCOLA REGIONAL DE PRODUTORES DE CANA LTD - SÃO CARLOS DO IVAÍ - PR,SÃO CARLOS DO IVAÍ,PR,Etanol combustível de primeira geração – cana-de-açúcar,cana_pura,2022,5154570.31664767,7424810.15133095,52.48,56.41,3.93,16.01,85.45,69.44,1776811.3374922485,2005.6904764659712,1987,2015,29,pre_renovabio_1985_2015,150,approx_from_previous_land_use_grid,1987-2015,persistent new sugarcane entries weighted by grid-cell overlap,1776811.3374922485,delta_vol_pct
