cnpj_clean,emissor,cidade,uf,rota,rota_tag,cohort,X,Y,neea_first,neea_t2_2026,delta_neea,vol_pct_first,vol_pct_t2_2026,delta_vol_pct,cane_area_total_ha,mean_first_key_year,first_entry_year,last_entry_year,n_entry_years,schema,buffer_km,frontier_source_method,frontier_year_window,frontier_area_definition,cane_area_total_ha_approx_from_origin,outcome
00297598000122,DESTILARIA DE ÁLCOOL LIBRA LTDA. - SÃO JOSÉ DO RIO CLARO - MT,SÃO JOSÉ DO RIO CLARO,MT,Etanol combustível de primeira geração – cana-de-açúcar e milho em usina integrada,cana_milho_integrada,2022,4726601.98423902,8470976.23214683,47.19,39.17,-8.019999999999996,67.56,66.16,-1.4000000000000057,20853.64763289018,2005.0797089202267,1989.0,2015.0,27.0,pre_renovabio_1985_2015,100,approx_from_previous_land_use_grid,1987-2015,persistent new sugarcane entries weighted by grid-cell overlap,20853.64763289018,delta_neea
00372496000124,Central Energética Vale do Sapucaí Ltda. - Patrocínio Paulista - SP,Patrocínio Paulista,SP,Etanol combustível de primeira geração – cana-de-açúcar,cana_pura,2022,5683831.09458151,7690204.52935748,55.7,55.51,-0.1900000000000048,94.63,90.31,-4.319999999999993,1087138.8896783276,1999.7632864432578,1987.0,2015.0,29.0,pre_renovabio_1985_2015,100,approx_from_previous_land_use_grid,1987-2015,persistent new sugarcane entries weighted by grid-cell overlap,1087138.8896783276,delta_neea
00595322000120,DENUSA DESTILARIA NOVA UNIÃO S/A - Jandaia - GO,Jandaia,GO,Etanol combustível de primeira geração – cana-de-açúcar,cana_pura,2022,5409973.4560416,8087852.68291427,64.3,68.08,3.780000000000001,87.16,85.61,-1.5499999999999972,319039.5846450298,2008.8774805445642,1987.0,2015.0,29.0,pre_renovabio_1985_2015,100,approx_from_previous_land_use_grid,1987-2015,persistent new sugarcane entries weighted by grid-cell overlap,319039.5846450298,delta_neea
01105558000102,WD AGROINDUSTRIAL LTDA - João Pinheiro - MG,João Pinheiro,MG,Etanol combustível de primeira geração – cana-de-açúcar,cana_pura,2022,5846982.93235041,7966338.47292695,68.5,68.5,0.0,92.11,92.11,0.0,41354.826033407124,2011.0042180642088,1987.0,2015.0,29.0,pre_renovabio_1985_2015,100,approx_from_previous_land_use_grid,1987-2015,persistent new sugarcane entries weighted by grid-cell overlap,41354.826033407124,delta_neea
02043917000107,USINA RIO VERDE LTDA. - EM RECUPERAÇÃO JUDICIAL - Rio Verde - GO,Rio Verde,GO,Etanol combustível de primeira geração – cana-de-açúcar e milho em usina integrada,cana_milho_integrada,2022,5310460.5809602,8057054.40652174,45.99,54.17,8.18,87.08,83.3,-3.780000000000001,282050.8170521879,2010.1248681213024,1987.0,2015.0,29.0,pre_renovabio_1985_2015,100,approx_from_previous_land_use_grid,1987-2015,persistent new sugarcane entries weighted by grid-cell overlap,282050.8170521879,delta_neea
02414858000470,Vale Verde Empreendimentos Agrícolas Ltda. Em Recuperação Judicial - Itapaci - GO,Itapaci,GO,Etanol combustível de primeira geração – cana-de-açúcar,cana_pura,2022,5479817.78534701,8338262.39698919,62.3,60.63,-1.6699999999999946,98.44,78.35,-20.090000000000003,161256.60356487427,2006.9847246555596,1987.0,2015.0,29.0,pre_renovabio_1985_2015,100,approx_from_previous_land_use_grid,1987-2015,persistent new sugarcane entries weighted by grid-cell overlap,161256.60356487427,delta_neea
02460988000105,USINA GOIANÉSIA S/A - EM RECUPERAÇÃO JUDICIAL - Goianésia - GO,Goianésia,GO,Etanol combustível de primeira geração – cana-de-açúcar,cana_pura,2023,5526539.61558435,8311157.15201518,62.1,63.03,0.9299999999999996,97.98,99.91,1.9299999999999928,170535.17343643622,2006.9700901444135,1987.0,2015.0,29.0,pre_renovabio_1985_2015,100,approx_from_previous_land_use_grid,1987-2015,persistent new sugarcane entries weighted by grid-cell overlap,170535.17343643622,delta_neea
02635522000195,JALLES MACHADO S.A. - Matriz - Goianésia - GO,Goianésia,GO,Etanol combustível de primeira geração – cana-de-açúcar,cana_pura,2022,5538381.62495406,8311260.58537639,70.1,67.67,-2.4299999999999926,100.0,95.23,-4.769999999999996,166077.28820609546,2006.990155250097,1987.0,2015.0,29.0,pre_renovabio_1985_2015,100,approx_from_previous_land_use_grid,1987-2015,persistent new sugarcane entries weighted by grid-cell overlap,166077.28820609546,delta_neea
02635522004930,JALLES MACHADO S.A. - Unidade Otavio Lage - Goianésia - GO,Goianésia,GO,Etanol combustível de primeira geração – cana-de-açúcar,cana_pura,2022,5504657.33191542,8326472.95099455,61.7,68.98,7.280000000000001,100.0,82.41,-17.590000000000003,173724.18730937695,2007.015905107714,1987.0,2015.0,29.0,pre_renovabio_1985_2015,100,approx_from_previous_land_use_grid,1987-2015,persistent new sugarcane entries weighted by grid-cell overlap,173724.18730937695,delta_neea
02678100000105,LASA LAGO AZUL S.A. - Ipameri - GO,Ipameri,GO,Etanol combustível de primeira geração – cana-de-açúcar,cana_pura,2022,5670837.07069855,8080207.95905736,51.23,50.63,-0.5999999999999943,100.0,100.0,0.0,11921.743968692088,2012.136750212105,1988.0,2015.0,27.0,pre_renovabio_1985_2015,100,approx_from_previous_land_use_grid,1987-2015,persistent new sugarcane entries weighted by grid-cell overlap,11921.743968692088,delta_neea
02773950000184,GOIASA GOIATUBA ÁLCOOL LTDA. - GOIATUBA - GO,GOIATUBA,GO,Etanol combustível de primeira geração – cana-de-açúcar,cana_pura,2022,5458178.81561681,7995713.47454414,62.8,63.9,1.1000000000000014,96.72,97.23,0.5100000000000051,728424.5252490395,2008.9522996278647,1987.0,2015.0,29.0,pre_renovabio_1985_2015,100,approx_from_previous_land_use_grid,1987-2015,persistent new sugarcane entries weighted by grid-cell overlap,728424.5252490395,delta_neea
02783009000141,ANICUNS S.A. ÁLCOOL E DERIVADOS - Anicuns - GO,Anicuns,GO,Etanol combustível de primeira geração – cana-de-açúcar,cana_pura,2022,5432875.6795387,8180131.2482969,60.8,57.15,-3.649999999999999,100.0,79.22,-20.78,125610.32998654325,2005.436349911205,1987.0,2015.0,29.0,pre_renovabio_1985_2015,100,approx_from_previous_land_use_grid,1987-2015,persistent new sugarcane entries weighted by grid-cell overlap,125610.32998654325,delta_neea
02859452000230,Vale do Verdão Sociedade Anônima Açúcar e Álcool - Turvelândia - GO,Turvelândia,GO,Etanol combustível de primeira geração – cana-de-açúcar,cana_pura,2022,5390070.82022688,8008629.18311183,60.1,65.38,5.279999999999994,91.35,96.81,5.460000000000008,699012.2723814344,2010.0467874957633,1987.0,2015.0,29.0,pre_renovabio_1985_2015,100,approx_from_previous_land_use_grid,1987-2015,persistent new sugarcane entries weighted by grid-cell overlap,699012.2723814344,delta_neea
02896264000109,CENTROALCOOL S/A (EM RECUPERACAO JUDICIAL) - INHUMAS - GO,INHUMAS,GO,Etanol combustível de primeira geração – cana-de-açúcar,cana_pura,2022,5482540.94731307,8186858.98042968,64.14,61.35,-2.789999999999999,95.72,90.88,-4.840000000000003,120342.18980384004,2004.978251496146,1987.0,2015.0,29.0,pre_renovabio_1985_2015,100,approx_from_previous_land_use_grid,1987-2015,persistent new sugarcane entries weighted by grid-cell overlap,120342.18980384004,delta_neea
03345641000338,COOPERATIVA AGROINDUSTRIAL NOVA PRODUTIVA - Astorga - PR,Astorga,PR,Etanol combustível de primeira geração – cana-de-açúcar,cana_pura,2022,5241507.72865172,7442842.79367438,46.22,51.42,5.200000000000003,90.01,91.16,1.1499999999999917,1163087.6311471523,2004.129351024963,1987.0,2015.0,29.0,pre_renovabio_1985_2015,100,approx_from_previous_land_use_grid,1987-2015,persistent new sugarcane entries weighted by grid-cell overlap,1163087.6311471523,delta_neea
03347747000109,COOPERATIVA AGROINDUSTRIAL DE RUBIATABA – Rubiataba - GO,Rubiataba,GO,Etanol combustível de primeira geração – cana-de-açúcar,cana_pura,2022,5455886.18579172,8317126.04943407,64.0,64.87,0.8700000000000045,85.94,93.33,7.390000000000001,158534.92674789374,2006.589393867088,1987.0,2015.0,29.0,pre_renovabio_1985_2015,100,approx_from_previous_land_use_grid,1987-2015,persistent new sugarcane entries weighted by grid-cell overlap,158534.92674789374,delta_neea
03445208000455,UMOE BIOENERGY S.A. - Sandovalina - SP,Sandovalina,SP,Etanol combustível de primeira geração – cana-de-açúcar,cana_pura,2022,5223359.88634961,7502626.33872067,48.8,63.74,14.940000000000005,97.06,94.4,-2.6599999999999966,1330399.913785381,2004.71638394643,1987.0,2015.0,29.0,pre_renovabio_1985_2015,100,approx_from_previous_land_use_grid,1987-2015,persistent new sugarcane entries weighted by grid-cell overlap,1330399.913785381,delta_neea
03937452000435,CRV industrial Ltda. - Capinópolis - MG,Capinópolis,MG,Etanol combustível de primeira geração – cana-de-açúcar,cana_pura,2022,5454944.6800123,7925846.62700244,61.55,61.99,0.4400000000000048,99.24,94.37,-4.86999999999999,772709.5120711494,2009.2530912584682,1987.0,2015.0,29.0,pre_renovabio_1985_2015,100,approx_from_previous_land_use_grid,1987-2015,persistent new sugarcane entries weighted by grid-cell overlap,772709.5120711494,delta_neea
04165520000105,AGROPECUÁRIA NOVO MILÊNIO LTDA. - Lambari D'Oeste - MT,Lambari D'Oeste,MT,Etanol combustível de primeira geração – cana-de-açúcar,cana_pura,2022,4576007.98289422,8293081.4394439,59.24,56.53,-2.710000000000001,90.14,77.97,-12.170000000000002,51211.7945524787,2006.7762663656194,1989.0,2015.0,27.0,pre_renovabio_1985_2015,100,approx_from_previous_land_use_grid,1987-2015,persistent new sugarcane entries weighted by grid-cell overlap,51211.7945524787,delta_neea
04165520000296,AGROPECUÁRIA NOVO MILÊNIO LTDA. - Mirassol D'oeste - MT,Mirassol D'oeste,MT,Etanol combustível de primeira geração – cana-de-açúcar,cana_pura,2022,4557407.19929998,8257542.15927619,64.29,50.22,-14.070000000000007,91.13,66.56,-24.569999999999997,22120.11556665795,2008.0017325648123,1989.0,2015.0,24.0,pre_renovabio_1985_2015,100,approx_from_previous_land_use_grid,1987-2015,persistent new sugarcane entries weighted by grid-cell overlap,22120.11556665795,delta_neea
04171382000177,CENTRAL ENERGETICA MORENO DE MONTE APRAZÍVEL AÇÚCAR E ÁLCOOL LTDA EM RECUPERAÇÃO JUDICIAL - Monte Aprazível - SP,Monte Aprazível,SP,Etanol combustível de primeira geração – cana-de-açúcar,cana_pura,2022,5440882.40687005,7689999.2280727,59.2,58.74,-0.4600000000000008,91.32,95.63,4.310000000000002,2005969.3865152935,2004.7042129334884,1987.0,2015.0,29.0,pre_renovabio_1985_2015,100,approx_from_previous_land_use_grid,1987-2015,persistent new sugarcane entries weighted by grid-cell overlap,2005969.3865152935,delta_neea
04248044000277,Onda Verde Agrocomercial S. A. - Onda Verde - SP,Onda Verde,SP,Etanol combustível de primeira geração – cana-de-açúcar,cana_pura,2023,5500144.19989923,7713489.50674341,53.66,52.04,-1.6199999999999974,90.47,92.11,1.6400000000000006,2423255.7375375135,2004.4723119051223,1987.0,2015.0,29.0,pre_renovabio_1985_2015,100,approx_from_previous_land_use_grid,1987-2015,persistent new sugarcane entries weighted by grid-cell overlap,2423255.7375375135,delta_neea
04969941000199,Usina Bela Vista S.A. - Pontal - SP,Pontal,SP,Etanol combustível de primeira geração – cana-de-açúcar,cana_pura,2022,5615412.58213949,7671897.6575594,65.2,64.97,-0.2300000000000039,98.11,99.4,1.2900000000000065,1657872.232898314,2000.2079256515271,1987.0,2015.0,29.0,pre_renovabio_1985_2015,100,approx_from_previous_land_use_grid,1987-2015,persistent new sugarcane entries weighted by grid-cell overlap,1657872.232898314,delta_neea
05242560000176,USINA VERTENTE LTDA. - Guaraci - SP,Guaraci,SP,Etanol combustível de primeira geração – cana-de-açúcar,cana_pura,2022,5521576.11089507,7734603.6637713,64.1,67.04,2.940000000000012,98.94,93.04,-5.899999999999992,2311713.0697599496,2004.2558914064418,1987.0,2015.0,29.0,pre_renovabio_1985_2015,100,approx_from_previous_land_use_grid,1987-2015,persistent new sugarcane entries weighted by grid-cell overlap,2311713.0697599496,delta_neea
05553456000100,Usina Ouroeste Açúcar e Álcool Ltda. - Ouroeste - SP,Ouroeste,SP,Etanol combustível de primeira geração – cana-de-açúcar,cana_pura,2022,5373059.22220696,7789234.84327185,55.3,64.72,9.420000000000002,97.83,98.04,0.2100000000000079,974006.9161943407,2007.6888708692227,1987.0,2015.0,29.0,pre_renovabio_1985_2015,100,approx_from_previous_land_use_grid,1987-2015,persistent new sugarcane entries weighted by grid-cell overlap,974006.9161943407,delta_neea
05620523000235,Usina Eldorado em Recuperacao Judicial - Rio Brilhante/MS,Rio Brilhante,MS,Etanol combustível de primeira geração – cana-de-açúcar,cana_pura,2022,4998667.05441077,7581265.61271929,58.8,65.44,6.640000000000001,99.67,87.31,-12.36,526531.0183934111,2010.189548227208,1987.0,2015.0,29.0,pre_renovabio_1985_2015,100,approx_from_previous_land_use_grid,1987-2015,persistent new sugarcane entries weighted by grid-cell overlap,526531.0183934111,delta_neea
05643160000172,ENERGÉTICA SERRANÓPOLIS LTDA. - Serranópolis​ - GO,Serranópolis​,GO,Etanol combustível de primeira geração – cana-de-açúcar,cana_pura,2022,5200073.40995457,7965283.74478764,63.3,63.36,0.0600000000000022,68.0,70.25,2.25,162991.2734053498,2012.1092129878907,1987.0,2015.0,29.0,pre_renovabio_1985_2015,100,approx_from_previous_land_use_grid,1987-2015,persistent new sugarcane entries weighted by grid-cell overlap,162991.2734053498,delta_neea
05928246000141,COPLASA - ACUCAR E ALCOOL LTDA EM RECUPERACAO JUDICIAL - Planalto - SP,Planalto,SP,Etanol combustível de primeira geração – cana-de-açúcar,cana_pura,2022,5426788.99141756,7672471.74730586,58.6,58.56,-0.0399999999999991,92.53,96.84,4.310000000000002,1906325.8895968674,2004.4954355502473,1987.0,2015.0,29.0,pre_renovabio_1985_2015,100,approx_from_previous_land_use_grid,1987-2015,persistent new sugarcane entries weighted by grid-cell overlap,1906325.8895968674,delta_neea
05938884000143,VALE DO PARANÁ S.A. AÇÚCAR E ÁLCOOL – Suzanápolis/SP,Suzanápolis,SP,Etanol combustível de primeira geração – cana-de-açúcar,cana_pura,2022,5309810.66592045,7741669.95860548,66.4,62.51,-3.890000000000008,100.0,99.15,-0.8499999999999943,1122990.8689472694,2005.5556445410853,1987.0,2015.0,29.0,pre_renovabio_1985_2015,100,approx_from_previous_land_use_grid,1987-2015,persistent new sugarcane entries weighted by grid-cell overlap,1122990.8689472694,delta_neea
05980986000127,AGROINDUSTRIAL SANTA JULIANA LTDA. - SANTA JULIANA - MG,SANTA JULIANA,MG,Etanol combustível de primeira geração – cana-de-açúcar,cana_pura,2022,5689655.69486325,7824882.09653371,52.8,66.59,13.790000000000006,97.69,94.6,-3.0900000000000034,709682.65160748,2005.4639958576497,1987.0,2015.0,29.0,pre_renovabio_1985_2015,100,approx_from_previous_land_use_grid,1987-2015,persistent new sugarcane entries weighted by grid-cell overlap,709682.65160748,delta_neea
06044698000808,Sada Bio-Energia e Agricultura Ltda. - Jaíba - MG,Jaíba,MG,Etanol combustível de primeira geração – cana-de-açúcar,cana_pura,2022,6086551.59796969,8293728.10478262,61.05,59.24,-1.8099999999999952,95.61,98.66,3.049999999999997,8811.937488496407,2010.138430785451,1990.0,2015.0,18.0,pre_renovabio_1985_2015,100,approx_from_previous_land_use_grid,1987-2015,persistent new sugarcane entries weighted by grid-cell overlap,8811.937488496407,delta_neea
06059962000100,USINA ITAPAGIPE ACUCAR E ALCOOL LTDA. - Itapagipe - MG,Itapagipe,MG,Etanol combustível de primeira geração – cana-de-açúcar,cana_pura,2022,5451352.76360256,7794240.56472791,51.2,61.57,10.369999999999996,98.52,80.33,-18.19,1323870.5100993617,2007.0637584205497,1987.0,2015.0,29.0,pre_renovabio_1985_2015,100,approx_from_previous_land_use_grid,1987-2015,persistent new sugarcane entries weighted by grid-cell overlap,1323870.5100993617,delta_neea
06252818003799,Abengoa Bioenergia Agroindustrial Ltda. - Em Recuperação Judicial - Unidade São João - São João da Boa Vista - SP,São João da Boa Vista,SP,Etanol combustível de primeira geração – cana-de-açúcar,cana_pura,2022,5730700.17016266,7557336.91796437,63.0,60.1,-2.8999999999999986,100.0,93.2,-6.799999999999997,562394.5390662834,1999.6685987191886,1987.0,2015.0,29.0,pre_renovabio_1985_2015,100,approx_from_previous_land_use_grid,1987-2015,persistent new sugarcane entries weighted by grid-cell overlap,562394.5390662834,delta_neea
06315338002324,COFCO INTERNATIONAL BRASIL S.A. - Unidade Sebastianópolis - Sebastianópolis do Sul - SP,Sebastianópolis do Sul,SP,Etanol combustível de primeira geração – cana-de-açúcar,cana_pura,2022,5422166.47710356,7717572.31613689,60.7,62.78,2.0799999999999983,75.39,94.1,18.709999999999997,1909959.7586531537,2005.4866282985463,1987.0,2015.0,29.0,pre_renovabio_1985_2015,100,approx_from_previous_land_use_grid,1987-2015,persistent new sugarcane entries weighted by grid-cell overlap,1909959.7586531537,delta_neea
06315338002405,COFCO INTERNATIONAL BRASIL S.A. - Unidade Meridiano - Meridiano - SP,Meridiano,SP,Etanol combustível de primeira geração – cana-de-açúcar,cana_pura,2022,5395909.59594227,7732321.44576074,60.2,62.78,2.5799999999999983,87.9,,,1685453.6066848806,2005.919033248358,1987.0,2015.0,29.0,pre_renovabio_1985_2015,100,approx_from_previous_land_use_grid,1987-2015,persistent new sugarcane entries weighted by grid-cell overlap,1685453.6066848806,delta_neea
06315338015060,COFCO INTERNATIONAL BRASIL S.A. - Unidade Potirendaba - Potirendaba - SP,Potirendaba,SP,Etanol combustível de primeira geração – cana-de-açúcar,cana_pura,2022,5485225.81406155,7658752.52785581,67.4,64.42,-2.980000000000004,83.51,90.73,7.219999999999999,2077592.2477780774,2003.7194331583535,1987.0,2015.0,29.0,pre_renovabio_1985_2015,100,approx_from_previous_land_use_grid,1987-2015,persistent new sugarcane entries weighted by grid-cell overlap,2077592.2477780774,delta_neea
06315338015140,COFCO INTERNATIONAL BRASIL S.A. - Unidade Catanduva - Catanduva- SP,Catanduva,SP,Etanol combustível de primeira geração – cana-de-açúcar,cana_pura,2022,5521680.83072561,7657596.1707727,63.48,61.51,-1.9699999999999989,86.22,92.61,6.390000000000001,2041313.5166577436,2002.8956704236984,1987.0,2015.0,29.0,pre_renovabio_1985_2015,100,approx_from_previous_land_use_grid,1987-2015,persistent new sugarcane entries weighted by grid-cell overlap,2041313.5166577436,delta_neea
07130855000186,CENTRAL ENERGÉTICA MORRINHOS S.A. - Morrinhos-GO,Morrinhos,GO,Etanol combustível de primeira geração – cana-de-açúcar,cana_pura,2022,5504739.83919693,8010461.16768676,63.3,63.3,0.0,92.87,92.87,0.0,413772.6644069943,2008.3010482652123,1987.0,2015.0,29.0,pre_renovabio_1985_2015,100,approx_from_previous_land_use_grid,1987-2015,persistent new sugarcane entries weighted by grid-cell overlap,413772.6644069943,delta_neea
07280328000158,Ipiranga Agroindustrial S. A. - Unidade Iacanga - Iacanga - SP,Iacanga,SP,Etanol combustível de primeira geração – cana-de-açúcar,cana_pura,2022,5515658.18969742,7580350.79504414,59.42,64.7,5.280000000000001,91.02,92.91,1.8900000000000008,1219230.2994584844,2001.4409403296195,1987.0,2015.0,29.0,pre_renovabio_1985_2015,100,approx_from_previous_land_use_grid,1987-2015,persistent new sugarcane entries weighted by grid-cell overlap,1219230.2994584844,delta_neea
07280328001715,IPIRANGA AGROINDUSTRIAL S.A. - Mococa - Mococa -SP,Mococa,SP,Etanol combustível de primeira geração – cana-de-açúcar,cana_pura,2022,5709618.00659163,7622736.31428334,63.9,67.18,3.280000000000008,89.08,93.65,4.570000000000007,743849.237074442,1999.6696591264708,1987.0,2015.0,29.0,pre_renovabio_1985_2015,100,approx_from_previous_land_use_grid,1987-2015,persistent new sugarcane entries weighted by grid-cell overlap,743849.237074442,delta_neea
07280328001804,IPIRANGA AGROINDUSTRIAL S.A. - DESCALVADO - Descalvado - SP,Descalvado,SP,Etanol combustível de primeira geração – cana-de-açúcar,cana_pura,2022,5645857.24932531,7571700.07898056,62.3,64.62,2.3200000000000074,95.53,97.91,2.3799999999999955,929862.9322268169,1998.7814144369981,1987.0,2015.0,29.0,pre_renovabio_1985_2015,100,approx_from_previous_land_use_grid,1987-2015,persistent new sugarcane entries weighted by grid-cell overlap,929862.9322268169,delta_neea
07298800000180,CONQUISTA DO PONTAL S. A. - EM RECUPERACAO JUDICIAL - Mirante do Paranapanema/SP,Mirante do Paranapanema,SP,Etanol combustível de primeira geração – cana-de-açúcar,cana_pura,2022,5194336.60478394,7520927.01396112,59.4,60.66,1.259999999999998,99.19,97.38,-1.8100000000000025,1175690.6991739967,2005.4635032823458,1987.0,2015.0,29.0,pre_renovabio_1985_2015,100,approx_from_previous_land_use_grid,1987-2015,persistent new sugarcane entries weighted by grid-cell overlap,1175690.6991739967,delta_neea
07300906000170,USINA NOVA GÁLIA LTDA. - Paraúna - GO,Paraúna,GO,Etanol combustível de primeira geração – cana-de-açúcar,cana_pura,2022,5372760.88105837,8079751.79798872,48.92,51.2,2.280000000000001,93.19,78.08,-15.11,343873.7671106206,2009.5262056254442,1987.0,2015.0,29.0,pre_renovabio_1985_2015,100,approx_from_previous_land_use_grid,1987-2015,persistent new sugarcane entries weighted by grid-cell overlap,343873.7671106206,delta_neea
07398533000112,USINA GUARIROBA LTDA. - Pontes Gestal - SP,Pontes Gestal,SP,Etanol combustível de primeira geração – cana-de-açúcar,cana_pura,2022,5443277.70642288,7769467.69587937,56.0,67.33,11.329999999999998,99.29,71.7,-27.590000000000003,1590792.902276813,2006.5827803183606,1987.0,2015.0,29.0,pre_renovabio_1985_2015,100,approx_from_previous_land_use_grid,1987-2015,persistent new sugarcane entries weighted by grid-cell overlap,1590792.902276813,delta_neea
07455944000100,Usina Frutal Açúcar e Álcool Ltda. - Frutal - MG,Frutal,MG,Etanol combustível de primeira geração – cana-de-açúcar,cana_pura,2022,5541792.10574911,7769934.94690167,50.7,63.47,12.769999999999996,97.3,91.62,-5.679999999999993,1996038.9161454008,2004.4055282157824,1987.0,2015.0,29.0,pre_renovabio_1985_2015,100,approx_from_previous_land_use_grid,1987-2015,persistent new sugarcane entries weighted by grid-cell overlap,1996038.9161454008,delta_neea
07458537000149,Atena - Tecnologias em Energia Natural Ltda. - Martinópolis-SP,Martinópolis,SP,Etanol combustível de primeira geração – cana-de-açúcar,cana_pura,2022,5306541.87663521,7546389.39865535,55.9,62.45,6.550000000000004,86.79,88.54,1.75,1555731.8812753563,2002.8797324871455,1987.0,2015.0,29.0,pre_renovabio_1985_2015,100,approx_from_previous_land_use_grid,1987-2015,persistent new sugarcane entries weighted by grid-cell overlap,1555731.8812753563,delta_neea
07459492000127,DESTILARIA VALE DO PARACATU - AGROENERGIA S.A. - Paracatu - MG,Paracatu,MG,Etanol combustível de primeira geração – cana-de-açúcar,cana_pura,2022,5788436.96878321,8099528.94234388,58.2,58.2,0.0,95.42,95.42,0.0,37043.019753657085,2012.3853594197076,1987.0,2015.0,29.0,pre_renovabio_1985_2015,100,approx_from_previous_land_use_grid,1987-2015,persistent new sugarcane entries weighted by grid-cell overlap,37043.019753657085,delta_neea
07670089000142,USIMAT DESTILARIA DE ÁLCOOL LTDA. - Campos de Julio - MT,Campos de Julio,MT,Etanol combustível de primeira geração – cana-de-açúcar e milho em usina integrada,cana_milho_integrada,2022,4435217.90773278,8416022.37972843,63.47,63.55,0.0799999999999983,35.08,68.91,33.83,1541.053584370975,2011.0844178287364,1988.0,2015.0,21.0,pre_renovabio_1985_2015,100,approx_from_previous_land_use_grid,1987-2015,persistent new sugarcane entries weighted by grid-cell overlap,1541.053584370975,delta_neea
07674341000191,USINA UBERABA S/A - Uberaba - MG,Uberaba,MG,Etanol combustível de primeira geração – cana-de-açúcar,cana_pura,2022,5649070.45002857,7843049.67257957,55.1,58.66,3.559999999999995,100.0,96.24,-3.760000000000005,852867.8926296564,2006.218595618092,1987.0,2015.0,29.0,pre_renovabio_1985_2015,100,approx_from_previous_land_use_grid,1987-2015,persistent new sugarcane entries weighted by grid-cell overlap,852867.8926296564,delta_neea
07863768000138,CENTRAL ENERGÉTICA VICENTINA LTDA. - Vicentina - MS,Vicentina,MS,Etanol combustível de primeira geração – cana-de-açúcar,cana_pura,2022,4957691.64645764,7512525.16902396,46.22,46.22,0.0,94.44,94.44,0.0,447103.6824000941,2010.8711490561675,1987.0,2015.0,29.0,pre_renovabio_1985_2015,100,approx_from_previous_land_use_grid,1987-2015,persistent new sugarcane entries weighted by grid-cell overlap,447103.6824000941,delta_neea
07895728000682,IACO Agrícola S. A. - Paraíso das Águas - MS,Paraíso das Águas,MS,Etanol combustível de primeira geração – cana-de-açúcar,cana_pura,2022,5115681.32211249,7920403.46115419,60.0,65.6,5.599999999999994,80.6,84.03,3.430000000000007,153707.2655152725,2012.3897153417054,1987.0,2015.0,29.0,pre_renovabio_1985_2015,100,approx_from_previous_land_use_grid,1987-2015,persistent new sugarcane entries weighted by grid-cell overlap,153707.2655152725,delta_neea
07903169000109,ADECOAGRO Vale do Ivinhema S.A. - Usina Angélica - Angélica - MS,Angélica,MS,Etanol combustível de primeira geração – cana-de-açúcar,cana_pura,2022,5016136.4819986,7561787.55321358,66.4,65.6,-0.8000000000000114,98.99,92.97,-6.019999999999996,526637.185395523,2010.1975659810998,1987.0,2015.0,29.0,pre_renovabio_1985_2015,100,approx_from_previous_land_use_grid,1987-2015,persistent new sugarcane entries weighted by grid-cell overlap,526637.185395523,delta_neea
07903169001768,ADECOAGRO Vale do Ivinhema S.A. - Unidade Ivinhema - Ivinhema/MS,Ivinhema,MS,Etanol combustível de primeira geração – cana-de-açúcar,cana_pura,2022,5011100.93780706,7522311.17438878,68.1,66.21,-1.8900000000000008,95.74,93.67,-2.069999999999993,532465.4689515604,2010.1416168991793,1987.0,2015.0,29.0,pre_renovabio_1985_2015,100,approx_from_previous_land_use_grid,1987-2015,persistent new sugarcane entries weighted by grid-cell overlap,532465.4689515604,delta_neea
07912062000119,USINA LAGUNA - ÁLCOOL E AÇÚCAR LTDA - Batayporã-MS,Batayporã,MS,Etanol combustível de primeira geração – cana-de-açúcar,cana_pura,2022,5071846.17405905,7515313.57003671,60.0,61.77,1.7700000000000031,100.0,95.87,-4.129999999999996,648737.7539769611,2009.0241953651118,1987.0,2015.0,29.0,pre_renovabio_1985_2015,100,approx_from_previous_land_use_grid,1987-2015,persistent new sugarcane entries weighted by grid-cell overlap,648737.7539769611,delta_neea
07930999000206,Bambuí Bioenergia S.A. - Bambuí - MG,Bambuí,MG,Etanol combustível de primeira geração – cana-de-açúcar,cana_pura,2022,5832071.41350924,7758293.75850072,65.4,62.05,-3.3500000000000085,98.05,99.19,1.1400000000000006,120046.0211469484,2006.5863251313783,1987.0,2015.0,29.0,pre_renovabio_1985_2015,100,approx_from_previous_land_use_grid,1987-2015,persistent new sugarcane entries weighted by grid-cell overlap,120046.0211469484,delta_neea
07969961000239,PARAPUÃ AGROINDUSTRIAL S/A - EM RECUPERAÇÃO JUDICIAL - Parapuã - SP,Parapuã,SP,Etanol combustível de primeira geração – cana-de-açúcar,cana_pura,2022,5323843.36083459,7572181.42258664,48.64,57.72,9.079999999999998,92.46,96.34,3.8800000000000097,1552202.7542377315,2002.823902358117,1987.0,2015.0,29.0,pre_renovabio_1985_2015,100,approx_from_previous_land_use_grid,1987-2015,persistent new sugarcane entries weighted by grid-cell overlap,1552202.7542377315,delta_neea
07981751000185,SANTA VITÓRIA AÇÚCAR E ÁLCOOL LTDA. - SANTA VITÓRIA - MG,SANTA VITÓRIA,MG,Etanol combustível de primeira geração – cana-de-açúcar,cana_pura,2022,5397129.40015537,7918670.58547895,55.27,61.81,6.539999999999999,98.47,98.28,-0.1899999999999977,862909.4673709817,2010.1071939262386,1987.0,2015.0,29.0,pre_renovabio_1985_2015,100,approx_from_previous_land_use_grid,1987-2015,persistent new sugarcane entries weighted by grid-cell overlap,862909.4673709817,delta_neea
07987748000179,URUAÇU AÇÚCAR E ÁLCOOL LTDA. - Uruaçu - GO,Uruaçu,GO,Etanol combustível de primeira geração – cana-de-açúcar,cana_pura,2022,5532037.66692583,8399876.78943888,56.4,56.4,0.0,84.47,84.47,0.0,111889.7391811504,2006.897328406044,1987.0,2015.0,29.0,pre_renovabio_1985_2015,100,approx_from_previous_land_use_grid,1987-2015,persistent new sugarcane entries weighted by grid-cell overlap,111889.7391811504,delta_neea
07996345000196,CAÇU COMÉRCIO E INDUSTRIA DE AÇÚCAR E ÁLCOOL LTDA - Vicentinópolis - GO,Vicentinópolis,GO,Etanol combustível de primeira geração – cana-de-açúcar e milho em usina integrada,cana_milho_integrada,2022,5425765.14468346,8038809.61979433,56.27,60.15,3.879999999999996,89.93,94.14,4.209999999999994,535158.248721026,2009.586718408524,1987.0,2015.0,29.0,pre_renovabio_1985_2015,100,approx_from_previous_land_use_grid,1987-2015,persistent new sugarcane entries weighted by grid-cell overlap,535158.248721026,delta_neea
08048772000105,FLORESTA S/A ACUCAR E ALCOOL - Santo Antônio da Barra - GO,Santo Antônio da Barra,GO,Etanol combustível de primeira geração – cana-de-açúcar,cana_pura,2022,5348555.52657413,8048353.87392258,59.8,59.99,0.1900000000000048,98.71,96.67,-2.039999999999992,451309.01604608353,2010.063754097838,1987.0,2015.0,29.0,pre_renovabio_1985_2015,100,approx_from_previous_land_use_grid,1987-2015,persistent new sugarcane entries weighted by grid-cell overlap,451309.01604608353,delta_neea
08056257000177,USINA CERRADÃO LTDA. - Frutal - MG,Frutal,MG,Etanol combustível de primeira geração – cana-de-açúcar,cana_pura,2022,5507129.7226862,7788708.55944956,60.1,60.1,0.0,95.61,95.61,0.0,1693626.571214397,2005.9672386863956,1987.0,2015.0,29.0,pre_renovabio_1985_2015,100,approx_from_previous_land_use_grid,1987-2015,persistent new sugarcane entries weighted by grid-cell overlap,1693626.571214397,delta_neea
08057019000186,VALE DO PONTAL AÇÚCAR E ETANOL LTDA. - LIMEIRA DO OESTE - MG,LIMEIRA DO OESTE,MG,Etanol combustível de primeira geração – cana-de-açúcar,cana_pura,2022,5344677.00512068,7860168.22083297,53.7,58.23,4.529999999999994,90.36,88.38,-1.980000000000004,595242.0331872043,2010.2570627136083,1987.0,2015.0,29.0,pre_renovabio_1985_2015,100,approx_from_previous_land_use_grid,1987-2015,persistent new sugarcane entries weighted by grid-cell overlap,595242.0331872043,delta_neea
08070508000330,RAIZEN ENERGIA S.A - FILIAL BARRA - Barra Bonita - SP,Barra Bonita,SP,Etanol combustível de primeira geração – cana-de-açúcar,cana_pura,2022,5561625.3919581,7502851.09951197,59.4,62.58,3.18,89.25,95.38,6.129999999999996,829037.7758107769,2000.0450834403862,1987.0,2015.0,29.0,pre_renovabio_1985_2015,100,approx_from_previous_land_use_grid,1987-2015,persistent new sugarcane entries weighted by grid-cell overlap,829037.7758107769,delta_neea
08070508006532,RAIZEN ENERGIA S.A. - FILIAL BONFIM - Guariba - SP,Guariba,SP,Etanol combustível de primeira geração – cana-de-açúcar,cana_pura,2022,5591729.01060182,7619856.26285454,60.3,61.64,1.3400000000000034,92.73,,,1378172.6519521524,1999.780361475211,1987.0,2015.0,29.0,pre_renovabio_1985_2015,100,approx_from_previous_land_use_grid,1987-2015,persistent new sugarcane entries weighted by grid-cell overlap,1378172.6519521524,delta_neea
08070508006613,RAIZEN ENERGIA S.A – FILIAL DESTIVALE - Araçatuba/SP,Araçatuba,SP,Etanol combustível de primeira geração – cana-de-açúcar,cana_pura,2022,5367418.97154142,7665824.90561979,55.5,59.24,3.740000000000002,92.34,88.6,-3.740000000000009,1797550.143076095,2004.1704410846592,1987.0,2015.0,29.0,pre_renovabio_1985_2015,100,approx_from_previous_land_use_grid,1987-2015,persistent new sugarcane entries weighted by grid-cell overlap,1797550.143076095,delta_neea
08070508006702,RAIZEN ENERGIA S.A – FILIAL UNIVALEM - Valparaiso/SP,Valparaiso,SP,Etanol combustível de primeira geração – cana-de-açúcar,cana_pura,2022,5316484.56504606,7637408.62190444,59.0,64.6,5.599999999999994,95.93,67.63,-28.30000000000001,1543042.7724479064,2003.5707394008107,1987.0,2015.0,29.0,pre_renovabio_1985_2015,100,approx_from_previous_land_use_grid,1987-2015,persistent new sugarcane entries weighted by grid-cell overlap,1543042.7724479064,delta_neea
08070508006885,RAIZEN ENERGIA S.A – FILIAL GASA - Andradina - SP,Andradina,SP,Etanol combustível de primeira geração – cana-de-açúcar,cana_pura,2022,5285169.94113746,7699771.90832298,61.1,64.74,3.6399999999999935,96.17,77.25,-18.92,1204759.7464608648,2004.5351895150316,1987.0,2015.0,29.0,pre_renovabio_1985_2015,100,approx_from_previous_land_use_grid,1987-2015,persistent new sugarcane entries weighted by grid-cell overlap,1204759.7464608648,delta_neea
08070508006966,RAÍZEN ENERGIA S.A - FILIAL IPAUSSU - Ipaussu - SP,Ipaussu,SP,Etanol combustível de primeira geração – cana-de-açúcar,cana_pura,2022,5451669.76237652,7437370.02362722,61.7,63.5,1.7999999999999972,84.36,78.83,-5.530000000000001,720923.2543736966,2001.8217829630998,1987.0,2015.0,29.0,pre_renovabio_1985_2015,100,approx_from_previous_land_use_grid,1987-2015,persistent new sugarcane entries weighted by grid-cell overlap,720923.2543736966,delta_neea
08070508008314,RAÍZEN ENERGIA S.A. – FILIAL BENALCOOL - Bento de Abreu/SP,Bento de Abreu,SP,Etanol combustível de primeira geração – cana-de-açúcar,cana_pura,2022,5334173.58643383,7648361.26451074,56.8,59.28,2.480000000000004,94.29,90.98,-3.3100000000000023,1650865.2922471887,2003.8024729226786,1987.0,2015.0,29.0,pre_renovabio_1985_2015,100,approx_from_previous_land_use_grid,1987-2015,persistent new sugarcane entries weighted by grid-cell overlap,1650865.2922471887,delta_neea
08070508009477,RAIZEN ENERGIA S.A - Filial Santa Helena - Rio das Pedras - SP,Rio das Pedras,SP,Etanol combustível de primeira geração – cana-de-açúcar,cana_pura,2022,5646628.07414061,7454292.69209063,55.4,55.4,0.0,86.85,86.85,0.0,586834.0972979767,1997.8567997159114,1987.0,2015.0,29.0,pre_renovabio_1985_2015,100,approx_from_previous_land_use_grid,1987-2015,persistent new sugarcane entries weighted by grid-cell overlap,586834.0972979767,delta_neea
08070508009558,RAIZEN ENERGIA S.A - FILIAL DIAMANTE - Jaú​ - SP,Jaú​,SP,Etanol combustível de primeira geração – cana-de-açúcar,cana_pura,2022,5546571.45248883,7515692.49886498,53.7,56.43,2.729999999999997,96.75,94.59,-2.1599999999999966,880831.3137271586,2000.6250980801165,1987.0,2015.0,29.0,pre_renovabio_1985_2015,100,approx_from_previous_land_use_grid,1987-2015,persistent new sugarcane entries weighted by grid-cell overlap,880831.3137271586,delta_neea
08070508009710,RAÍZEN ENERGIA S.A. – FILIAL MUNDIAL - Mirandópolis/SP,Mirandópolis,SP,Etanol combustível de primeira geração – cana-de-açúcar,cana_pura,2022,5288970.0827283,7652807.89013659,60.4,62.24,1.8400000000000036,90.53,79.68,-10.849999999999994,1383641.0114008638,2003.8722094006305,1987.0,2015.0,29.0,pre_renovabio_1985_2015,100,approx_from_previous_land_use_grid,1987-2015,persistent new sugarcane entries weighted by grid-cell overlap,1383641.0114008638,delta_neea
08070508012265,RAIZEN ENERGIA S.A - Filial Rafard - Rafard - SP,Rafard,SP,Etanol combustível de primeira geração – cana-de-açúcar,cana_pura,2022,5662959.43435787,7439874.71607815,60.5,58.76,-1.740000000000002,91.34,74.0,-17.340000000000003,494862.8234975467,1997.7166235694963,1987.0,2015.0,29.0,pre_renovabio_1985_2015,100,approx_from_previous_land_use_grid,1987-2015,persistent new sugarcane entries weighted by grid-cell overlap,494862.8234975467,delta_neea
08070508012427,RAIZEN ENERGIA S.A -Filial Igarapava - Igarapava - SP,Igarapava,SP,Etanol combustível de primeira geração – cana-de-açúcar,cana_pura,2022,5649443.33226948,7776607.8684645,55.6,57.71,2.1099999999999994,95.96,94.23,-1.7299999999999898,1455719.8959614981,2003.4526821219706,1987.0,2015.0,29.0,pre_renovabio_1985_2015,100,approx_from_previous_land_use_grid,1987-2015,persistent new sugarcane entries weighted by grid-cell overlap,1455719.8959614981,delta_neea
08070508012508,RAIZEN ENERGIA S.A - FILIAL SERRA - Ibaté - SP,Ibaté,SP,Etanol combustível de primeira geração – cana-de-açúcar,cana_pura,2022,5619330.79134112,7552745.61755515,62.8,64.23,1.4300000000000068,95.55,92.79,-2.759999999999991,925372.5423269866,1999.0013008529304,1987.0,2015.0,29.0,pre_renovabio_1985_2015,100,approx_from_previous_land_use_grid,1987-2015,persistent new sugarcane entries weighted by grid-cell overlap,925372.5423269866,delta_neea
08070508015795,RAIZEN ENERGIA S.A. - Filial Santa Cândida - Bocaina - SP,Bocaina,SP,Etanol combustível de primeira geração – cana-de-açúcar,cana_pura,2022,5569515.61230622,7544190.86669368,50.0,65.01,15.010000000000003,93.74,97.02,3.280000000000001,986116.8419858522,1999.9126831105395,1987.0,2015.0,29.0,pre_renovabio_1985_2015,100,approx_from_previous_land_use_grid,1987-2015,persistent new sugarcane entries weighted by grid-cell overlap,986116.8419858522,delta_neea
08070508015876,RAÍZEN ENERGIA S.A. - Unidade Paraíso - Brotas/SP,Brotas,SP,Etanol combustível de primeira geração – cana-de-açúcar,cana_pura,2023,5606895.14907524,7515420.32638828,66.38,58.18,-8.199999999999996,95.35,95.99,0.6400000000000006,882323.6475900635,1998.7622056313453,1987.0,2015.0,29.0,pre_renovabio_1985_2015,100,approx_from_previous_land_use_grid,1987-2015,persistent new sugarcane entries weighted by grid-cell overlap,882323.6475900635,delta_neea
08070508016414,RAÍZEN ENERGIA S.A.- filial Araraquara - Araraquara - SP,Araraquara,SP,Etanol combustível de primeira geração – cana-de-açúcar,cana_pura,2023,5600776.63963633,7570486.10648195,64.55,63.14,-1.4099999999999966,97.89,92.53,-5.359999999999999,1053248.6161143382,1999.522411007724,1987.0,2015.0,29.0,pre_renovabio_1985_2015,100,approx_from_previous_land_use_grid,1987-2015,persistent new sugarcane entries weighted by grid-cell overlap,1053248.6161143382,delta_neea
08070508016767,RAÍZEN ENERGIA S.A. - FILIAL JATAÍ - Jataí - GO,Jataí,GO,Etanol combustível de primeira geração – cana-de-açúcar,cana_pura,2023,5251822.50629531,8040545.41416629,58.16,62.76,4.600000000000001,95.27,71.81,-23.459999999999997,134249.12318326652,2011.5879024308556,1987.0,2015.0,29.0,pre_renovabio_1985_2015,100,approx_from_previous_land_use_grid,1987-2015,persistent new sugarcane entries weighted by grid-cell overlap,134249.12318326652,delta_neea
08070566001173,BRENCO - COMPANHIA BRASILEIRA DE ENERGIA RENOVÁVEL - EM RECUPERAÇÃO JUDICIAL - Usina Água Emendada - Perolândia - GO,Perolândia,GO,Etanol combustível de primeira geração – cana-de-açúcar,cana_pura,2022,5184865.44292399,8059566.8018377,58.4,60.91,2.509999999999998,97.96,92.58,-5.379999999999996,126621.99904745785,2012.2501586909527,1987.0,2015.0,29.0,pre_renovabio_1985_2015,100,approx_from_previous_land_use_grid,1987-2015,persistent new sugarcane entries weighted by grid-cell overlap,126621.99904745785,delta_neea
08070566001254,BRENCO - COMPANHIA BRASILEIRA DE ENERGIA RENOVÁVEL - EM RECUPERAÇÃO JUDICIAL (Usina Morro Vermelho) - Mineiros-GO,Mineiros,GO,Etanol combustível de primeira geração – cana-de-açúcar,cana_pura,2022,5101602.13096546,8039652.13373141,54.7,63.38,8.68,100.0,93.69,-6.310000000000002,148739.87737464954,2012.519441012229,1987.0,2015.0,29.0,pre_renovabio_1985_2015,100,approx_from_previous_land_use_grid,1987-2015,persistent new sugarcane entries weighted by grid-cell overlap,148739.87737464954,delta_neea
08070566001688,BRENCO - Companhia Brasileira de Energia Renovável - Em Recuperação Judicial – Usina Costa Costa - Costa Rica - MS,Costa Rica,MS,Etanol combustível de primeira geração – cana-de-açúcar,cana_pura,2022,5087844.23129958,7957345.60249722,62.3,62.34,0.0400000000000062,97.3,93.3,-4.0,177429.34920463647,2012.4153638541313,1987.0,2015.0,29.0,pre_renovabio_1985_2015,100,approx_from_previous_land_use_grid,1987-2015,persistent new sugarcane entries weighted by grid-cell overlap,177429.34920463647,delta_neea
08070566001769,BRENCO - COMPANHIA BRASILEIRA DE ENERGIA RENOVÁVEL - EM RECUPERAÇÃO JUDICIAL - Usina Alto Taquari Alto Taquari - MT,Alto Taquari,MT,Etanol combustível de primeira geração – cana-de-açúcar,cana_pura,2022,5072420.43125302,8038016.58791523,59.9,65.62,5.720000000000006,100.0,99.24,-0.7600000000000051,129587.3707014205,2012.5477003088045,1987.0,2015.0,29.0,pre_renovabio_1985_2015,100,approx_from_previous_land_use_grid,1987-2015,persistent new sugarcane entries weighted by grid-cell overlap,129587.3707014205,delta_neea
08110543000173,DA MATA S.A. - AÇÚCAR E ÁLCOOL - Valparaíso/SP,Valparaíso,SP,Etanol combustível de primeira geração – cana-de-açúcar,cana_pura,2022,5327944.83619462,7667998.52699712,63.5,64.97,1.4699999999999989,97.88,58.06,-39.81999999999999,1626314.478028718,2004.1173747364749,1987.0,2015.0,29.0,pre_renovabio_1985_2015,100,approx_from_previous_land_use_grid,1987-2015,persistent new sugarcane entries weighted by grid-cell overlap,1626314.478028718,delta_neea
08164344000148,BP BIOENERGIA ITUIUTABA LTDA - Ituiutaba - MG,Ituiutaba,MG,Etanol combustível de primeira geração – cana-de-açúcar,cana_pura,2022,5455406.60076464,7890697.43292394,62.0,69.47,7.469999999999999,100.0,92.91,-7.090000000000003,707608.5063346524,2008.9235497748493,1987.0,2015.0,29.0,pre_renovabio_1985_2015,100,approx_from_previous_land_use_grid,1987-2015,persistent new sugarcane entries weighted by grid-cell overlap,707608.5063346524,delta_neea
08195806000194,BP BIOENERGIA TROPICAL - Edéia - GO,Edéia,GO,Etanol combustível de primeira geração – cana-de-açúcar,cana_pura,2022,5412152.61339106,8039594.33635904,64.2,65.29,1.0900000000000034,96.43,85.28,-11.150000000000006,532807.1718738136,2009.6806625601916,1987.0,2015.0,29.0,pre_renovabio_1985_2015,100,approx_from_previous_land_use_grid,1987-2015,persistent new sugarcane entries weighted by grid-cell overlap,532807.1718738136,delta_neea
08322396000103,CERRADINHO BIOENERGIA S.A. - Chapadão do Céu/GO,Chapadão do Céu,GO,Etanol combustível de primeira geração – cana-de-açúcar,cana_pura,2022,5146922.17573628,7956460.94242351,63.8,68.21,4.409999999999997,95.62,98.74,3.1199999999999903,183736.8405806897,2012.3495611320282,1987.0,2015.0,29.0,pre_renovabio_1985_2015,100,approx_from_previous_land_use_grid,1987-2015,persistent new sugarcane entries weighted by grid-cell overlap,183736.8405806897,delta_neea
08355201000113,BIOENERGÉTICA AROEIRA S.A. - Tupaciguara – MG,Tupaciguara,MG,Etanol combustível de primeira geração – cana-de-açúcar,cana_pura,2022,5568092.54534775,7917204.86392269,63.99,70.47,6.479999999999997,100.0,98.83,-1.1700000000000017,432284.2529459939,2008.2521631462862,1987.0,2015.0,29.0,pre_renovabio_1985_2015,100,approx_from_previous_land_use_grid,1987-2015,persistent new sugarcane entries weighted by grid-cell overlap,432284.2529459939,delta_neea
08391345000397,Figueira Indústria e Comércio S/A - FILIAL ALCOAZUL - Araçatuba - SP,Araçatuba,SP,Etanol combustível de primeira geração – cana-de-açúcar,cana_pura,2022,5359085.56390883,7664537.07713374,49.7,62.81,13.11,93.9,98.78,4.879999999999996,1783383.5115184574,2004.1352691676868,1987.0,2015.0,29.0,pre_renovabio_1985_2015,100,approx_from_previous_land_use_grid,1987-2015,persistent new sugarcane entries weighted by grid-cell overlap,1783383.5115184574,delta_neea
08493354000127,VALE DO TIJUCO AÇÚCAR E ÁLCOOL S.A. - Uberaba - MG,Uberaba,MG,Etanol combustível de primeira geração – cana-de-açúcar,cana_pura,2022,5604973.56489957,7849247.86141656,59.82,61.76,1.9399999999999975,96.93,76.04,-20.89,959319.9219960159,2006.493504807952,1987.0,2015.0,29.0,pre_renovabio_1985_2015,100,approx_from_previous_land_use_grid,1987-2015,persistent new sugarcane entries weighted by grid-cell overlap,959319.9219960159,delta_neea
08517600000133,BP BIOENERGIA ITUMBIARA S.A. - Itumbiara - GO,Itumbiara,GO,Etanol combustível de primeira geração – cana-de-açúcar,cana_pura,2022,5489836.646157,7945217.27143254,60.9,66.03,5.130000000000003,89.91,93.93,4.02000000000001,612452.3597783133,2008.7218922250602,1987.0,2015.0,29.0,pre_renovabio_1985_2015,100,approx_from_previous_land_use_grid,1987-2015,persistent new sugarcane entries weighted by grid-cell overlap,612452.3597783133,delta_neea
08598391000108,RIO CLARO AGROINDUSTRIAL S.A - EM RECUPERAÇÃO JUDICIAL - Caçu/GO,Caçu,GO,Etanol combustível de primeira geração – cana-de-açúcar,cana_pura,2022,5315298.48499779,7918441.7148411,58.7,61.59,2.890000000000001,95.44,94.04,-1.3999999999999917,536096.3160013396,2011.0042925079135,1987.0,2015.0,29.0,pre_renovabio_1985_2015,100,approx_from_previous_land_use_grid,1987-2015,persistent new sugarcane entries weighted by grid-cell overlap,536096.3160013396,delta_neea
08657268000102,Usina Rio Pardo S.A. - Em Recuperação Judicial - Cerqueira Cesar - SP,Cerqueira Cesar,SP,Etanol combustível de primeira geração – cana-de-açúcar,cana_pura,2022,5512577.89193865,7455872.71081185,46.6,53.55,6.949999999999996,39.33,59.49,20.160000000000004,653696.5477185913,2000.7736027793007,1987.0,2015.0,29.0,pre_renovabio_1985_2015,100,approx_from_previous_land_use_grid,1987-2015,persistent new sugarcane entries weighted by grid-cell overlap,653696.5477185913,delta_neea
08704527000109,Usina Panorama S. A. - Itumbiara - GO,Itumbiara,GO,Etanol combustível de primeira geração – cana-de-açúcar,cana_pura,2022,5437051.31620813,7966538.97482847,62.3,64.42,2.1200000000000045,88.94,92.12,3.180000000000007,868335.5923857511,2009.3762657211203,1987.0,2015.0,29.0,pre_renovabio_1985_2015,100,approx_from_previous_land_use_grid,1987-2015,persistent new sugarcane entries weighted by grid-cell overlap,868335.5923857511,delta_neea
08793343000162,BIOENERGÉTICA VALE DO PARACATU S/A - João Pinheiro - MG,João Pinheiro,MG,Etanol combustível de primeira geração – cana-de-açúcar,cana_pura,2022,5831869.17150148,8096440.97448512,70.7,66.1,-4.6000000000000085,100.0,59.74,-40.26,44664.314360443575,2012.0292070328371,1987.0,2015.0,29.0,pre_renovabio_1985_2015,100,approx_from_previous_land_use_grid,1987-2015,persistent new sugarcane entries weighted by grid-cell overlap,44664.314360443575,delta_neea
08830263000130,Fátima do Sul Agro-Energética S. A. - Álcool e Açúcar - Fátima do Sul - MS,Fátima do Sul,MS,Etanol combustível de primeira geração – cana-de-açúcar,cana_pura,2022,4937402.30573602,7529808.29225759,62.6,63.28,0.6799999999999997,93.16,86.3,-6.859999999999999,435468.14675752434,2010.7063322262115,1987.0,2015.0,29.0,pre_renovabio_1985_2015,100,approx_from_previous_land_use_grid,1987-2015,persistent new sugarcane entries weighted by grid-cell overlap,435468.14675752434,delta_neea
08906558000142,Agro Energia Santa Luzia em Recuperacao Judicial - Nova Alvorada do Sul/MS,Nova Alvorada do Sul,MS,Etanol combustível de primeira geração – cana-de-açúcar,cana_pura,2022,4973772.34946458,7611162.82584707,60.1,62.83,2.729999999999997,99.43,89.47,-9.960000000000008,434114.804528293,2010.0472838443316,1987.0,2015.0,29.0,pre_renovabio_1985_2015,100,approx_from_previous_land_use_grid,1987-2015,persistent new sugarcane entries weighted by grid-cell overlap,434114.804528293,delta_neea
09022388000104,CAMBUI ACUCAR E ALCOOL LTDA. - Santa Helena de Goiás - GO,Santa Helena de Goiás,GO,Etanol combustível de primeira geração – cana-de-açúcar,cana_pura,2022,5356517.62657771,8014249.48283873,59.2,59.08,-0.1200000000000045,93.4,94.79,1.3900000000000006,616844.2105508514,2010.3637891095993,1987.0,2015.0,29.0,pre_renovabio_1985_2015,100,approx_from_previous_land_use_grid,1987-2015,persistent new sugarcane entries weighted by grid-cell overlap,616844.2105508514,delta_neea
09075242000119,EBER BIOENERGIA E AGRICULTURA LTDA. - Montes Claros de Goiás - GO,Montes Claros de Goiás,GO,Etanol combustível de primeira geração – cana-de-açúcar,cana_pura,2022,4775547.97112293,8273949.70009723,51.43,46.29,-5.140000000000001,100.0,100.0,0.0,3893.110478947671,2005.9138058586473,1989.0,2015.0,27.0,pre_renovabio_1985_2015,100,approx_from_previous_land_use_grid,1987-2015,persistent new sugarcane entries weighted by grid-cell overlap,3893.110478947671,delta_neea
09538989000166,RAÍZEN CAARAPO AÇÚCAR E ÁLCOOL LTDA. - FILIAL CAARAPÓ - Caarapó - MS,Caarapó,MS,Etanol combustível de primeira geração – cana-de-açúcar,cana_pura,2022,4928433.7195605,7498055.71637994,50.6,62.44,11.839999999999996,77.51,72.74,-4.77000000000001,295165.8887814583,2010.85200870805,1987.0,2015.0,29.0,pre_renovabio_1985_2015,100,approx_from_previous_land_use_grid,1987-2015,persistent new sugarcane entries weighted by grid-cell overlap,295165.8887814583,delta_neea
09538989000409,RAÍZEN CAARAPÓ AÇÚCAR E ÁLCOOL LTDA. - Filial Paraguaçu - Paraguaçu Paulista - SP,Paraguaçu Paulista,SP,Etanol combustível de primeira geração – cana-de-açúcar,cana_pura,2023,5330307.2751111,7509869.51745985,52.31,52.8,0.4899999999999949,90.78,93.67,2.890000000000001,1429966.1193607564,2002.7359800132788,1987.0,2015.0,29.0,pre_renovabio_1985_2015,100,approx_from_previous_land_use_grid,1987-2015,persistent new sugarcane entries weighted by grid-cell overlap,1429966.1193607564,delta_neea
09538989000670,RAÍZEN CAARAPÓ AÇÚCAR E ÁLCOOL LTDA. - filial Maracaí - Maracaí - SP,Maracaí,SP,Etanol combustível de primeira geração – cana-de-açúcar,cana_pura,2023,5343998.32966224,7498367.91828655,53.88,53.26,-0.6200000000000045,77.08,86.84,9.760000000000003,1356426.371878382,2002.5703152280507,1987.0,2015.0,29.0,pre_renovabio_1985_2015,100,approx_from_previous_land_use_grid,1987-2015,persistent new sugarcane entries weighted by grid-cell overlap,1356426.371878382,delta_neea
09538989000751,RAÍZEN CAARAPÓ AÇÚCAR E ÁLCOOL LTDA. - filial Tarumã - Tarumã - SP,Tarumã,SP,Etanol combustível de primeira geração – cana-de-açúcar,cana_pura,2023,5354100.78860249,7474917.45257299,49.96,49.03,-0.9299999999999996,72.81,76.44,3.629999999999996,1244180.958945088,2002.1442225040628,1987.0,2015.0,29.0,pre_renovabio_1985_2015,100,approx_from_previous_land_use_grid,1987-2015,persistent new sugarcane entries weighted by grid-cell overlap,1244180.958945088,delta_neea
10249419000216,SJC BIOENERGIA LTDA - USF. - Quirinópolis-GO,Quirinópolis,GO,Etanol combustível de primeira geração – cana-de-açúcar e milho em usina integrada,cana_milho_integrada,2022,5395238.45475603,7957099.15615166,58.2,70.05,11.849999999999994,57.0,44.4,-12.6,860864.6952407667,2010.0175619705956,1987.0,2015.0,29.0,pre_renovabio_1985_2015,100,approx_from_previous_land_use_grid,1987-2015,persistent new sugarcane entries weighted by grid-cell overlap,860864.6952407667,delta_neea
10249419000305,SJC BIOENERGIA LTDA - URD. - Cachoeira Dourada - GO,Cachoeira Dourada,GO,Etanol combustível de primeira geração – cana-de-açúcar,cana_pura,2022,5459071.58818042,7947872.72078123,58.4,61.13,2.730000000000004,98.7,89.8,-8.900000000000006,795897.4962739861,2009.1741209377756,1987.0,2015.0,29.0,pre_renovabio_1985_2015,100,approx_from_previous_land_use_grid,1987-2015,persistent new sugarcane entries weighted by grid-cell overlap,795897.4962739861,delta_neea
10452413000160,Destilaria Veredas Indústria de Açúcar e Álcool Ltda. - João Pinheiro - MG,João Pinheiro,MG,Etanol combustível de primeira geração – cana-de-açúcar,cana_pura,2022,5866154.33206323,8019987.29737984,56.4,58.36,1.9600000000000009,100.0,97.47,-2.530000000000001,49589.49010000367,2011.4518372548957,1987.0,2015.0,29.0,pre_renovabio_1985_2015,100,approx_from_previous_land_use_grid,1987-2015,persistent new sugarcane entries weighted by grid-cell overlap,49589.49010000367,delta_neea
10921675000127,DESTILARIA BURITI LTDA. - Sorriso - MT,Sorriso,MT,Etanol combustível de primeira geração – cana-de-açúcar,cana_pura,2023,4825594.96841672,8620088.33291891,28.74,39.03,10.290000000000004,100.0,100.0,0.0,0.0,,,,,pre_renovabio_1985_2015,100,approx_from_previous_land_use_grid,1987-2015,persistent new sugarcane entries weighted by grid-cell overlap,0.0,delta_neea
11092881000134,Bom Sucesso Agroindustria S.A. - Goiatuba - GO,Goiatuba,GO,Etanol combustível de primeira geração – cana-de-açúcar,cana_pura,2022,5439044.89446956,8009256.73986314,46.7,55.38,8.68,79.42,91.59,12.170000000000002,711675.5547068687,2009.3315087132692,1987.0,2015.0,29.0,pre_renovabio_1985_2015,100,approx_from_previous_land_use_grid,1987-2015,persistent new sugarcane entries weighted by grid-cell overlap,711675.5547068687,delta_neea
12229415001001,S/A USINA CORURIPE AÇÚCAR E ÁLCOOL - Filial Iturama - Iturama - MG,Iturama,MG,Etanol combustível de primeira geração – cana-de-açúcar,cana_pura,2022,5383799.07899261,7815756.76594269,55.4,59.72,4.32,98.07,95.91,-2.1599999999999966,841131.0912773955,2008.5324810970606,1987.0,2015.0,29.0,pre_renovabio_1985_2015,100,approx_from_previous_land_use_grid,1987-2015,persistent new sugarcane entries weighted by grid-cell overlap,841131.0912773955,delta_neea
12229415001435,S/A USINA CORURIPE AÇÚCAR E ÁLCOOL - Filial Campo Florido - Campo Florido - MG,Campo Florido,MG,Etanol combustível de primeira geração – cana-de-açúcar,cana_pura,2022,5551825.00544841,7799416.13504996,51.7,55.95,4.25,95.62,93.93,-1.6899999999999975,1667465.8178284771,2005.0145079109243,1987.0,2015.0,29.0,pre_renovabio_1985_2015,100,approx_from_previous_land_use_grid,1987-2015,persistent new sugarcane entries weighted by grid-cell overlap,1667465.8178284771,delta_neea
12229415001605,S/A USINA CORURIPE AÇÚCAR E ÁLCOOL - Filial Limeira do Oeste - Limeira do Oeste - MG,Limeira do Oeste,MG,Etanol combustível de primeira geração – cana-de-açúcar,cana_pura,2022,5350615.57572406,7837088.93073151,49.7,58.07,8.369999999999997,99.31,96.79,-2.519999999999996,631179.1416142718,2009.6951021530376,1987.0,2015.0,29.0,pre_renovabio_1985_2015,100,approx_from_previous_land_use_grid,1987-2015,persistent new sugarcane entries weighted by grid-cell overlap,631179.1416142718,delta_neea
12282034001762,USINA CAETE S.A. - Unidade Paulicéia - Paulicéia - SP,Paulicéia,SP,Etanol combustível de primeira geração – cana-de-açúcar,cana_pura,2022,5231035.18562973,7644359.25066858,67.0,56.38,-10.619999999999996,97.05,97.31,0.2600000000000051,934293.385459379,2004.0702894939154,1987.0,2015.0,29.0,pre_renovabio_1985_2015,100,approx_from_previous_land_use_grid,1987-2015,persistent new sugarcane entries weighted by grid-cell overlap,934293.385459379,delta_neea
13537735000281,DELTA SUCROENERGIA S.A. – Usina Volta Grande - Conceição das Alagoas - MG,Conceição das Alagoas,MG,Etanol combustível de primeira geração – cana-de-açúcar,cana_pura,2022,5600022.11581419,7779379.0716028,60.12,62.77,2.6500000000000057,98.77,96.23,-2.539999999999992,1859628.770662851,2003.9480762695046,1987.0,2015.0,29.0,pre_renovabio_1985_2015,100,approx_from_previous_land_use_grid,1987-2015,persistent new sugarcane entries weighted by grid-cell overlap,1859628.770662851,delta_neea
13537735000362,DELTA Sucroenergia S/A - Delta - MG,Delta,MG,Etanol combustível de primeira geração – cana-de-açúcar,cana_pura,2022,5651875.78550578,7778319.54503458,61.85,63.58,1.7299999999999969,97.87,96.93,-0.9399999999999976,1416407.8887032936,2003.5067884807481,1987.0,2015.0,29.0,pre_renovabio_1985_2015,100,approx_from_previous_land_use_grid,1987-2015,persistent new sugarcane entries weighted by grid-cell overlap,1416407.8887032936,delta_neea
15009178000170,USINAS ITAMARATI S/A - Nova Olimpía - MT,Nova Olimpía,MT,Etanol combustível de primeira geração – cana-de-açúcar,cana_pura,2022,4655846.67665979,8364321.86756508,57.06,57.86,0.7999999999999972,77.6,91.31,13.710000000000008,121386.02129617418,2005.6304234071993,1989.0,2015.0,27.0,pre_renovabio_1985_2015,100,approx_from_previous_land_use_grid,1987-2015,persistent new sugarcane entries weighted by grid-cell overlap,121386.02129617418,delta_neea
15043391000107,Cooperativa Agrícola de Produtores de Cana de Campo Novo do Parecis Ltda. - Campo Novo do Parecis - MT,Campo Novo do Parecis,MT,Etanol combustível de primeira geração – cana-de-açúcar,cana_pura,2022,4584313.44232683,8471992.38803468,48.55,52.29,3.740000000000002,93.76,83.18,-10.579999999999998,22606.76209520361,2009.4333125696844,1989.0,2015.0,27.0,pre_renovabio_1985_2015,100,approx_from_previous_land_use_grid,1987-2015,persistent new sugarcane entries weighted by grid-cell overlap,22606.76209520361,delta_neea
15444904000183,ALCOOLVALE S/A - ALCOOL E AÇÚCAR - Aparecida do Taboado -MS,Aparecida do Taboado,MS,Etanol combustível de primeira geração – cana-de-açúcar,cana_pura,2022,5282458.27441009,7775739.04857417,67.1,63.74,-3.3599999999999923,85.28,99.25,13.97,676298.4906056868,2006.6628578918276,1987.0,2015.0,29.0,pre_renovabio_1985_2015,100,approx_from_previous_land_use_grid,1987-2015,persistent new sugarcane entries weighted by grid-cell overlap,676298.4906056868,delta_neea
15527906000721,Biosev S.A. – USINA Passa Tempo - Rio Brilhante-MS,Rio Brilhante,MS,Etanol combustível de primeira geração – cana-de-açúcar,cana_pura,2022,4926225.23993506,7619574.82541739,65.3,48.64,-16.659999999999997,98.81,86.65,-12.159999999999997,340726.7531772668,2009.4620168368215,1987.0,2015.0,29.0,pre_renovabio_1985_2015,100,approx_from_previous_land_use_grid,1987-2015,persistent new sugarcane entries weighted by grid-cell overlap,340726.7531772668,delta_neea
15527906002937,BIOSEV S.A. - Usina Lagoa da Prata - Lagoa da Prata-MG,Lagoa da Prata,MG,Etanol combustível de primeira geração – cana-de-açúcar,cana_pura,2022,5882006.09793013,7756939.1207431,64.0,54.22,-9.78,97.38,83.86,-13.519999999999996,79546.68765726844,2009.4611796105878,1987.0,2015.0,29.0,pre_renovabio_1985_2015,100,approx_from_previous_land_use_grid,1987-2015,persistent new sugarcane entries weighted by grid-cell overlap,79546.68765726844,delta_neea
15527906003585,BIOSEV S.A. - Usina Rio Brilhante - Rio Brilhante - MS,Rio Brilhante,MS,Etanol combustível de primeira geração – cana-de-açúcar,cana_pura,2022,4947527.29422604,7595724.73198237,62.4,50.15,-12.25,98.46,92.3,-6.159999999999997,453467.5266313555,2010.0866640566778,1987.0,2015.0,29.0,pre_renovabio_1985_2015,100,approx_from_previous_land_use_grid,1987-2015,persistent new sugarcane entries weighted by grid-cell overlap,453467.5266313555,delta_neea
15527906003666,BIOSEV S.A. - Usina Leme - Leme - SP,Leme,SP,Etanol combustível de primeira geração – cana-de-açúcar,cana_pura,2022,5695115.90535615,7532924.94260428,60.6,52.9,-7.700000000000003,98.59,97.75,-0.8400000000000034,693085.2813985182,1998.7438788414916,1987.0,2015.0,29.0,pre_renovabio_1985_2015,100,approx_from_previous_land_use_grid,1987-2015,persistent new sugarcane entries weighted by grid-cell overlap,693085.2813985182,delta_neea
16617789000164,AGROPÉU – AGRO INDUSTRIAL DE POMPÉU S/A - Pompéu - MG,Pompéu,MG,Etanol combustível de primeira geração – cana-de-açúcar,cana_pura,2022,5947272.85296162,7845800.93953152,66.1,68.21,2.1099999999999994,89.95,88.95,-1.0,41305.01991347606,2009.7407071146984,1987.0,2015.0,29.0,pre_renovabio_1985_2015,100,approx_from_previous_land_use_grid,1987-2015,persistent new sugarcane entries weighted by grid-cell overlap,41305.01991347606,delta_neea
19537471000161,USA - Usina Santo Ângelo Ltda. - Pirajuba - MG,Pirajuba,MG,Etanol combustível de primeira geração – cana-de-açúcar,cana_pura,2022,5568683.13700541,7782902.4380549,58.5,60.08,1.5799999999999983,97.66,91.29,-6.36999999999999,1862081.6943518643,2004.2391211943311,1987.0,2015.0,29.0,pre_renovabio_1985_2015,100,approx_from_previous_land_use_grid,1987-2015,persistent new sugarcane entries weighted by grid-cell overlap,1862081.6943518643,delta_neea
19818301000155,ARAPORÃ BIOENERGIA S/A - ARAPORÃ - MG,ARAPORÃ,MG,Etanol combustível de primeira geração – cana-de-açúcar,cana_pura,2022,5508229.05438586,7952896.97771936,66.0,64.18,-1.8199999999999927,95.49,89.33,-6.159999999999997,534691.6188356315,2008.4347623359708,1987.0,2015.0,29.0,pre_renovabio_1985_2015,100,approx_from_previous_land_use_grid,1987-2015,persistent new sugarcane entries weighted by grid-cell overlap,534691.6188356315,delta_neea
21783238000100,Destilaria Rio do Cachimbo Ltda. - João Pinheiro-MG,João Pinheiro,MG,Etanol combustível de primeira geração – cana-de-açúcar,cana_pura,2022,5861190.51579064,8007523.80949601,57.0,60.91,3.9099999999999966,100.0,82.85,-17.150000000000006,46904.602527360505,2011.3374615687553,1987.0,2015.0,29.0,pre_renovabio_1985_2015,100,approx_from_previous_land_use_grid,1987-2015,persistent new sugarcane entries weighted by grid-cell overlap,46904.602527360505,delta_neea
22587687000146,Usina Monte Alegre Ltda. - Monte Belo - MG,Monte Belo,MG,Etanol combustível de primeira geração – cana-de-açúcar,cana_pura,2022,5803122.45244692,7614729.31010418,70.0,63.97,-6.030000000000001,90.77,91.16,0.3900000000000005,253397.73613573107,2001.708586671004,1987.0,2015.0,29.0,pre_renovabio_1985_2015,100,approx_from_previous_land_use_grid,1987-2015,persistent new sugarcane entries weighted by grid-cell overlap,253397.73613573107,delta_neea
23796998000188,COMPANHIA AGRÍCOLA PONTENOVENSE - Urucânia - MG,Urucânia,MG,Etanol combustível de primeira geração – cana-de-açúcar,cana_pura,2023,6176904.75728049,7710078.72683329,54.37,59.45,5.080000000000005,88.54,90.31,1.769999999999996,815.2103993064053,2007.4234585240868,1988.0,2015.0,20.0,pre_renovabio_1985_2015,100,approx_from_previous_land_use_grid,1987-2015,persistent new sugarcane entries weighted by grid-cell overlap,815.2103993064053,delta_neea
23858708000183,Rio Amambai Agroenergia S/A - Naviraí - MS,Naviraí,MS,Etanol combustível de primeira geração – cana-de-açúcar,cana_pura,2022,4979537.05465003,7440917.38714525,52.51,53.52,1.0100000000000051,91.9,84.63,-7.27000000000001,249093.85124105605,2010.1323731066122,1987.0,2015.0,29.0,pre_renovabio_1985_2015,100,approx_from_previous_land_use_grid,1987-2015,persistent new sugarcane entries weighted by grid-cell overlap,249093.85124105605,delta_neea
28144326000101,CANÁPOLIS AÇÚCAR E ETANOL S.A. - Canápolis - MG,Canápolis,MG,Etanol combustível de primeira geração – cana-de-açúcar,cana_pura,2023,5498545.32904852,7905364.96998199,55.91,57.16,1.25,89.92,89.74,-0.1800000000000068,572859.4688405236,2008.5893399642111,1987.0,2015.0,29.0,pre_renovabio_1985_2015,100,approx_from_previous_land_use_grid,1987-2015,persistent new sugarcane entries weighted by grid-cell overlap,572859.4688405236,delta_neea
33664228000135,Usina Barralcool S/A - Barra do Bugres - MT,Barra do Bugres,MT,Etanol combustível de primeira geração – cana-de-açúcar,cana_pura,2022,4654208.22608558,8334876.74500645,51.1,52.46,1.3599999999999994,97.61,92.82,-4.790000000000006,123128.0422814632,2005.7550688015947,1989.0,2015.0,27.0,pre_renovabio_1985_2015,100,approx_from_previous_land_use_grid,1987-2015,persistent new sugarcane entries weighted by grid-cell overlap,123128.0422814632,delta_neea
35637796000172,LINS AGROINDUSTRIAL S.A. Lins - SP,Lins,SP,Etanol combustível de primeira geração – cana-de-açúcar,cana_pura,2022,5460882.37165077,7603690.88753587,65.0,63.69,-1.3100000000000025,98.02,96.65,-1.3699999999999903,1483123.443569316,2003.3382200263293,1987.0,2015.0,29.0,pre_renovabio_1985_2015,100,approx_from_previous_land_use_grid,1987-2015,persistent new sugarcane entries weighted by grid-cell overlap,1483123.443569316,delta_neea
37216363000250,ENERGÉTICA SANTA HELENA S/A - EM RECUPERAÇÃO JUDICIAL - Nova Andradina - MS,Nova Andradina,MS,Etanol combustível de primeira geração – cana-de-açúcar,cana_pura,2022,5059371.56284531,7566399.51702832,54.4,60.81,6.410000000000004,94.34,99.59,5.25,480735.8102886695,2009.8254532212895,1987.0,2015.0,29.0,pre_renovabio_1985_2015,100,approx_from_previous_land_use_grid,1987-2015,persistent new sugarcane entries weighted by grid-cell overlap,480735.8102886695,delta_neea
38278706000192,UPI São Luis - Pirassununga - SP,Pirassununga,SP,Etanol combustível de primeira geração – cana-de-açúcar,cana_pura,2022,5691312.69666642,7563611.99846526,65.1,61.37,-3.729999999999997,100.0,95.14,-4.859999999999999,741803.3906054792,1999.1856454104325,1987.0,2015.0,29.0,pre_renovabio_1985_2015,100,approx_from_previous_land_use_grid,1987-2015,persistent new sugarcane entries weighted by grid-cell overlap,741803.3906054792,delta_neea
43533819000399,USINA ITAJOBI LTDA. - AÇÚCAR E ÁLCOOL - Marapoama - SP,Marapoama,SP,Etanol combustível de primeira geração – cana-de-açúcar,cana_pura,2022,5504860.13091127,7647582.4416601,63.04,61.64,-1.3999999999999986,64.33,87.28,22.950000000000003,2007085.6013607674,2003.2197048831283,1987.0,2015.0,29.0,pre_renovabio_1985_2015,100,approx_from_previous_land_use_grid,1987-2015,persistent new sugarcane entries weighted by grid-cell overlap,2007085.6013607674,delta_neea
43545284000104,ALCOESTE BIOENERGIA FERNANDÓPOLIS S/A - Fernandópolis - SP,Fernandópolis,SP,Etanol combustível de primeira geração – cana-de-açúcar,cana_pura,2022,5382428.10764186,7753536.53539676,60.6,59.32,-1.2800000000000011,97.55,98.61,1.0600000000000025,1420890.4705341503,2006.3846313207764,1987.0,2015.0,29.0,pre_renovabio_1985_2015,100,approx_from_previous_land_use_grid,1987-2015,persistent new sugarcane entries weighted by grid-cell overlap,1420890.4705341503,delta_neea
43619832001760,BRANCO PERES AGRO S/A - Adamantina-SP,Adamantina,SP,Etanol combustível de primeira geração – cana-de-açúcar,cana_pura,2022,5307925.95063722,7619657.94129087,55.3,59.61,4.310000000000002,97.47,99.0,1.5300000000000011,1536549.3830041222,2003.3670140825352,1987.0,2015.0,29.0,pre_renovabio_1985_2015,100,approx_from_previous_land_use_grid,1987-2015,persistent new sugarcane entries weighted by grid-cell overlap,1536549.3830041222,delta_neea
43932102000581,RENUKA DO BRASIL S.A. - EM RECUPERAÇÃO JUDICIAL - Promissão - SP,Promissão,SP,Etanol combustível de primeira geração – cana-de-açúcar,cana_pura,2022,5430563.41020967,7600918.58442243,50.6,49.94,-0.6600000000000037,87.67,85.29,-2.3799999999999955,1483353.0347290772,2003.4254903916967,1987.0,2015.0,29.0,pre_renovabio_1985_2015,100,approx_from_previous_land_use_grid,1987-2015,persistent new sugarcane entries weighted by grid-cell overlap,1483353.0347290772,delta_neea
44207249000148,USINA SANTA LÚCIA S.A. - Araras - SP,Araras,SP,Etanol combustível de primeira geração – cana-de-açúcar,cana_pura,2022,5678798.29682681,7514155.29728828,48.72,49.36,0.6400000000000006,85.28,97.0,11.72,737476.1280904479,1998.308977514827,1987.0,2015.0,29.0,pre_renovabio_1985_2015,100,approx_from_previous_land_use_grid,1987-2015,persistent new sugarcane entries weighted by grid-cell overlap,737476.1280904479,delta_neea
44209336003583,USJ AÇÚCAR E ÁLCOOL S.A.- Araras - SP,Araras,SP,Etanol combustível de primeira geração – cana-de-açúcar,cana_pura,2022,5683432.51600593,7504007.27659347,63.0,62.29,-0.7100000000000009,95.79,91.61,-4.180000000000007,694140.5742259558,1998.2394728040736,1987.0,2015.0,29.0,pre_renovabio_1985_2015,100,approx_from_previous_land_use_grid,1987-2015,persistent new sugarcane entries weighted by grid-cell overlap,694140.5742259558,delta_neea
44330975000153,Usina Colombo S.A. Açúcar e Alcool - Unidade Ariranha - Ariranha - SP,Ariranha,SP,Etanol combustível de primeira geração – cana-de-açúcar,cana_pura,2022,5535960.51483213,7644363.40072255,67.8,67.8,0.0,95.19,95.19,0.0,1849215.4569284837,2002.2100418858022,1987.0,2015.0,29.0,pre_renovabio_1985_2015,100,approx_from_previous_land_use_grid,1987-2015,persistent new sugarcane entries weighted by grid-cell overlap,1849215.4569284837,delta_neea
44330975002288,USINA COLOMBO S/A. - AÇUCAR E ÁLCOOL - Unidade Palestina - Palestina - SP,Palestina,SP,Etanol combustível de primeira geração – cana-de-açúcar,cana_pura,2022,5458429.37318275,7758079.54540743,67.3,67.3,0.0,98.37,98.37,0.0,1807218.846708228,2006.175810101019,1987.0,2015.0,29.0,pre_renovabio_1985_2015,100,approx_from_previous_land_use_grid,1987-2015,persistent new sugarcane entries weighted by grid-cell overlap,1807218.846708228,delta_neea
44330975002520,Usina Colombo S.A. Açúcar e Álcool – Unidade Santa Albertina - Santa Albertina - SP,Santa Albertina,SP,Etanol combustível de primeira geração – cana-de-açúcar,cana_pura,2022,5347374.69593228,7779771.82465078,69.2,69.2,0.0,95.13,95.13,0.0,984328.8003114306,2007.3580835437274,1987.0,2015.0,29.0,pre_renovabio_1985_2015,100,approx_from_previous_land_use_grid,1987-2015,persistent new sugarcane entries weighted by grid-cell overlap,984328.8003114306,delta_neea
44346583000182,Usina Açucareira Guaíra Ltda. - Guaíra - SP,Guaíra,SP,Etanol combustível de primeira geração – cana-de-açúcar,cana_pura,2022,5603715.23003702,7730571.00786188,53.66,67.94,14.28,99.43,99.62,0.1899999999999977,2072818.4708462048,2002.205857077209,1987.0,2015.0,29.0,pre_renovabio_1985_2015,100,approx_from_previous_land_use_grid,1987-2015,persistent new sugarcane entries weighted by grid-cell overlap,2072818.4708462048,delta_neea
44373108000103,COCAL Comércio Indústria Canaã Açúcar e Alcool Ltda. - Unidade Paraguaçu Paulista Paraguaçu Paulista-SP,Paraguaçu Paulista,SP,Etanol combustível de primeira geração – cana-de-açúcar,cana_pura,2022,5330307.2751111,7509869.51745985,65.0,67.86,2.8599999999999994,96.84,99.0,2.1599999999999966,1429966.1193607564,2002.7359800132788,1987.0,2015.0,29.0,pre_renovabio_1985_2015,100,approx_from_previous_land_use_grid,1987-2015,persistent new sugarcane entries weighted by grid-cell overlap,1429966.1193607564,delta_neea
44691236000197,DELLA COLETTA BIOENERGIA S/A - Bariri - SP,Bariri,SP,Etanol combustível de primeira geração – cana-de-açúcar,cana_pura,2022,5545323.30509419,7550248.53242205,59.5,61.07,1.5700000000000005,90.16,88.54,-1.6199999999999903,1025760.8904007642,2000.5497883821079,1987.0,2015.0,29.0,pre_renovabio_1985_2015,100,approx_from_previous_land_use_grid,1987-2015,persistent new sugarcane entries weighted by grid-cell overlap,1025760.8904007642,delta_neea
44836856000177,Agroindustrial Vista Alegre S. A. Em Recuperação Judicial - Itapetininga - SP,Itapetininga,SP,Etanol combustível de primeira geração – cana-de-açúcar,cana_pura,2022,5603690.47264389,7380267.80742244,53.4,57.82,4.420000000000002,93.9,93.26,-0.6400000000000006,287037.36368745664,1999.1244638746641,1987.0,2015.0,29.0,pre_renovabio_1985_2015,100,approx_from_previous_land_use_grid,1987-2015,persistent new sugarcane entries weighted by grid-cell overlap,287037.36368745664,delta_neea
44845915000173,Destilaria Generalco S/A – em recuperação judicial​ - General Salgado - SP,General Salgado,SP,Etanol combustível de primeira geração – cana-de-açúcar,cana_pura,2023,5376664.43655424,7719933.84368087,57.32,61.91,4.589999999999996,95.48,96.47,0.9899999999999948,1698972.2385013162,2005.5630310528556,1987.0,2015.0,29.0,pre_renovabio_1985_2015,100,approx_from_previous_land_use_grid,1987-2015,persistent new sugarcane entries weighted by grid-cell overlap,1698972.2385013162,delta_neea
44870939000182,Pitangueiras Açúcar e Álcool Ltda. - Pitangueiras - SP,Pitangueiras,SP,Etanol combustível de primeira geração – cana-de-açúcar,cana_pura,2022,5596166.39886262,7660790.73792399,61.5,60.44,-1.0600000000000025,97.0,95.44,-1.5600000000000025,1685927.1095240521,2000.2281792806773,1987.0,2015.0,29.0,pre_renovabio_1985_2015,100,approx_from_previous_land_use_grid,1987-2015,persistent new sugarcane entries weighted by grid-cell overlap,1685927.1095240521,delta_neea
45281813000135,Usina Santa Fé S.A. - Nova Europa - SP,Nova Europa,SP,Etanol combustível de primeira geração – cana-de-açúcar,cana_pura,2022,5556939.58752334,7576579.64969499,55.9,59.47,3.5700000000000003,98.34,97.01,-1.3299999999999983,1154064.5012239665,2000.4394214952745,1987.0,2015.0,29.0,pre_renovabio_1985_2015,100,approx_from_previous_land_use_grid,1987-2015,persistent new sugarcane entries weighted by grid-cell overlap,1154064.5012239665,delta_neea
45353547000109,"USINA SANTA RITA S.A. AÇÚCAR E ÁLCOOL, EM RECUPERAÇÃO JUDICIAL - SANTA RITA DO PASSA QUATRO - SP",SANTA RITA DO PASSA QUATRO,SP,Etanol combustível de primeira geração – cana-de-açúcar,cana_pura,2022,5657705.1296763,7583579.8459617,53.52,55.38,1.8599999999999997,62.59,58.9,-3.690000000000005,928341.7668806781,1998.9610326839884,1987.0,2015.0,29.0,pre_renovabio_1985_2015,100,approx_from_previous_land_use_grid,1987-2015,persistent new sugarcane entries weighted by grid-cell overlap,928341.7668806781,delta_neea
45483450000110,CLEALCO AÇÚCAR E ÁLCOOL S/A - EM RECUPERAÇÃO JUDICIAL - Clementina - SP,Clementina,SP,Etanol combustível de primeira geração – cana-de-açúcar,cana_pura,2022,5369363.39529016,7608602.38041061,55.46,51.12,-4.340000000000003,97.7,79.53,-18.17,1635437.5315387684,2002.8855319497318,1987.0,2015.0,29.0,pre_renovabio_1985_2015,100,approx_from_previous_land_use_grid,1987-2015,persistent new sugarcane entries weighted by grid-cell overlap,1635437.5315387684,delta_neea
45483450002164,Clealco Açúcar e Álcool S/A - em Recuperação Judicial - Queiroz - SP,Queiroz,SP,Etanol combustível de primeira geração – cana-de-açúcar,cana_pura,2022,5390674.85593007,7582859.67530875,62.36,53.02,-9.339999999999996,93.9,86.89,-7.010000000000005,1493243.764195958,2002.6695380563933,1987.0,2015.0,29.0,pre_renovabio_1985_2015,100,approx_from_previous_land_use_grid,1987-2015,persistent new sugarcane entries weighted by grid-cell overlap,1493243.764195958,delta_neea
45765914000181,CENTRAL ENERGÉTICA MORENO AÇÚCAR E ÁLCOOL LTDA EM RECUPERAÇÃO JUDICIAL - Luiz Antônio - SP,Luís Antônio,SP,Etanol combustível de primeira geração – cana-de-açúcar,cana_pura,2022,5645462.82453837,7610495.04934604,57.9,58.58,0.6799999999999997,95.59,98.0,2.4099999999999966,1088868.0645834766,1999.1415192753673,1987.0,2015.0,29.0,pre_renovabio_1985_2015,100,approx_from_previous_land_use_grid,1987-2015,persistent new sugarcane entries weighted by grid-cell overlap,1088868.0645834766,delta_neea
45902707000121,Diana Bioenergia Avanhandava S/A - Avanhandava-SP,Avanhandava,SP,Etanol combustível de primeira geração – cana-de-açúcar,cana_pura,2022,5425627.11498278,7626815.59557634,60.0,60.47,0.4699999999999988,90.7,97.04,6.340000000000003,1669537.958263579,2003.770838320713,1987.0,2015.0,29.0,pre_renovabio_1985_2015,100,approx_from_previous_land_use_grid,1987-2015,persistent new sugarcane entries weighted by grid-cell overlap,1669537.958263579,delta_neea
45968162000156,SALTO BOTELHO AGROENERGIA S.A. – Lucélia - SP,Lucélia,SP,Etanol combustível de primeira geração – cana-de-açúcar,cana_pura,2023,5314855.65428215,7610939.52175401,54.25,53.48,-0.7700000000000031,76.37,85.75,9.379999999999995,1584492.9816363784,2003.174796491091,1987.0,2015.0,29.0,pre_renovabio_1985_2015,100,approx_from_previous_land_use_grid,1987-2015,persistent new sugarcane entries weighted by grid-cell overlap,1584492.9816363784,delta_neea
47063128000168,USINA SÃO DOMINGOS AÇÚCAR E ETANOL S/A - Catanduva - SP,Catanduva,SP,Etanol combustível de primeira geração – cana-de-açúcar,cana_pura,2022,5517368.203587,7657801.06786345,64.1,60.65,-3.449999999999996,93.94,95.73,1.7900000000000065,2061448.6173427016,2003.0290288684776,1987.0,2015.0,29.0,pre_renovabio_1985_2015,100,approx_from_previous_land_use_grid,1987-2015,persistent new sugarcane entries weighted by grid-cell overlap,2061448.6173427016,delta_neea
47080619001199,TEREOS AÇÚCAR E ENERGIA BRASIL S.A. - Unidade Cruz Alta - Olímpia - SP,Olímpia,SP,Etanol combustível de primeira geração – cana-de-açúcar,cana_pura,2022,5509494.07154641,7703220.73996033,60.0,63.93,3.93,95.24,92.28,-2.9599999999999937,2431893.3247697004,2004.0170322960828,1987.0,2015.0,29.0,pre_renovabio_1985_2015,100,approx_from_previous_land_use_grid,1987-2015,persistent new sugarcane entries weighted by grid-cell overlap,2431893.3247697004,delta_neea
47080619003051,TEREOS ACUCAR E ENERGIA BRASIL S.A. - Unidade Tanabi - Tanabi - SP,Tanabi,SP,Etanol combustível de primeira geração – cana-de-açúcar,cana_pura,2022,5465162.19200102,7727366.90580903,64.8,65.84,1.0400000000000065,95.0,96.1,1.0999999999999943,2104349.673912653,2005.3996201512398,1987.0,2015.0,29.0,pre_renovabio_1985_2015,100,approx_from_previous_land_use_grid,1987-2015,persistent new sugarcane entries weighted by grid-cell overlap,2104349.673912653,delta_neea
47080619003302,TEREOS AÇÚCAR E ENERGIA BRASIL S.A. - Unidade Mandú - Guaíra - SP,Guaíra,SP,Etanol combustível de primeira geração – cana-de-açúcar,cana_pura,2022,5583172.62415267,7724294.71940503,61.9,62.07,0.1700000000000017,98.44,96.3,-2.140000000000001,2146265.3695393414,2002.3960491720654,1987.0,2015.0,29.0,pre_renovabio_1985_2015,100,approx_from_previous_land_use_grid,1987-2015,persistent new sugarcane entries weighted by grid-cell overlap,2146265.3695393414,delta_neea
47080619006158,TEREOS AÇÚCAR E ENERGIA BRASIL S.A. - UNIDADE ANDRADE - Pitangueiras - SP,Pitangueiras,SP,Etanol combustível de primeira geração – cana-de-açúcar,cana_pura,2022,5593928.21704737,7665735.780493,61.7,63.22,1.519999999999996,95.68,87.74,-7.940000000000012,1739805.2575219262,2000.426263736625,1987.0,2015.0,29.0,pre_renovabio_1985_2015,100,approx_from_previous_land_use_grid,1987-2015,persistent new sugarcane entries weighted by grid-cell overlap,1739805.2575219262,delta_neea
47080619006239,TEREOS AÇÚCAR E ENERGIA BRASIL S.A. - Unidade São José - Colina - SP,Colina,SP,Etanol combustível de primeira geração – cana-de-açúcar,cana_pura,2022,5569368.69742976,7704546.1168507,61.2,65.16,3.9599999999999937,98.25,93.73,-4.519999999999996,2170750.125041235,2002.258260562197,1987.0,2015.0,29.0,pre_renovabio_1985_2015,100,approx_from_previous_land_use_grid,1987-2015,persistent new sugarcane entries weighted by grid-cell overlap,2170750.125041235,delta_neea
47254396000167,J PILON SA AÇÚCAR E ÁLCOOL - Cerquilho - SP,Cerquilho,SP,Etanol combustível de primeira geração – cana-de-açúcar,cana_pura,2022,5636301.19852914,7423905.86840809,49.8,49.44,-0.3599999999999994,86.54,89.78,3.239999999999995,458112.31631540594,1997.8712326902955,1987.0,2015.0,29.0,pre_renovabio_1985_2015,100,approx_from_previous_land_use_grid,1987-2015,persistent new sugarcane entries weighted by grid-cell overlap,458112.31631540594,delta_neea
47524632000118,USINA SANTA ISABEL S/A - UNIDADE NOVO HORIZONTE - Novo Horizonte - SP,Novo Horizonte,SP,Etanol combustível de primeira geração – cana-de-açúcar,cana_pura,2022,5496435.62234828,7613043.54136429,67.5,66.92,-0.5799999999999983,98.77,96.11,-2.6599999999999966,1572841.7861067986,2002.6609049204405,1987.0,2015.0,29.0,pre_renovabio_1985_2015,100,approx_from_previous_land_use_grid,1987-2015,persistent new sugarcane entries weighted by grid-cell overlap,1572841.7861067986,delta_neea
47524632000894,USINA SANTA ISABEL S/A - UNIDADE MENDONÇA - Mendonça - SP,Mendonça,SP,Etanol combustível de primeira geração – cana-de-açúcar,cana_pura,2022,5455702.14108104,7653667.26903664,69.0,67.21,-1.7900000000000065,96.89,95.71,-1.1800000000000068,1905170.6633317238,2004.0525192897542,1987.0,2015.0,29.0,pre_renovabio_1985_2015,100,approx_from_previous_land_use_grid,1987-2015,persistent new sugarcane entries weighted by grid-cell overlap,1905170.6633317238,delta_neea
47902283000120,Sonora Estância S.A - Sonora - MS,Sonora,MS,Etanol combustível de primeira geração – cana-de-açúcar,cana_pura,2022,4919768.99292888,8054550.5566479,64.7,69.53,4.829999999999998,98.96,99.68,0.7200000000000131,7511.3787686766045,2012.34075505687,1990.0,2015.0,18.0,pre_renovabio_1985_2015,100,approx_from_previous_land_use_grid,1987-2015,persistent new sugarcane entries weighted by grid-cell overlap,7511.3787686766045,delta_neea
48295562001108,USINA ALTO ALEGRE S/A - ACUCAR E ALCOOL - Presidente Prudente - SP,Presidente Prudente,SP,Etanol combustível de primeira geração – cana-de-açúcar,cana_pura,2022,5283264.01821824,7578474.155203,59.0,62.48,3.479999999999997,90.68,90.73,0.0499999999999971,1482758.263577317,2003.4615918696234,1987.0,2015.0,29.0,pre_renovabio_1985_2015,100,approx_from_previous_land_use_grid,1987-2015,persistent new sugarcane entries weighted by grid-cell overlap,1482758.263577317,delta_neea
48295562001450,USINA ALTO ALEGRE S/A AÇÚCAR E ÁLCOOL - Colorado - PR,Colorado,PR,Etanol combustível de primeira geração – cana-de-açúcar,cana_pura,2022,5210409.50388839,7461546.41330971,61.1,65.08,3.979999999999997,98.14,95.01,-3.1299999999999955,1303422.0613829668,2004.9866965913584,1987.0,2015.0,29.0,pre_renovabio_1985_2015,100,approx_from_previous_land_use_grid,1987-2015,persistent new sugarcane entries weighted by grid-cell overlap,1303422.0613829668,delta_neea
48295562001884,USINA ALTO ALEGRE S/A - ACUCAR E ALCOOL - Santo Inácio - PR,Santo Inácio,PR,Etanol combustível de primeira geração – cana-de-açúcar,cana_pura,2022,5225835.15506161,7492389.11037589,65.1,67.28,2.180000000000007,97.02,94.35,-2.6700000000000017,1347985.850375088,2004.655902738876,1987.0,2015.0,29.0,pre_renovabio_1985_2015,100,approx_from_previous_land_use_grid,1987-2015,persistent new sugarcane entries weighted by grid-cell overlap,1347985.850375088,delta_neea
48295562001965,USINA ALTO ALEGRE S/A - ACUCAR E ALCOOL - Florestópolis - PR,Florestópolis,PR,Etanol combustível de primeira geração – cana-de-açúcar,cana_pura,2022,5265765.11720501,7466901.54571138,62.6,66.67,4.07,93.6,96.18,2.5800000000000125,1320924.9700455691,2003.6599246496628,1987.0,2015.0,29.0,pre_renovabio_1985_2015,100,approx_from_previous_land_use_grid,1987-2015,persistent new sugarcane entries weighted by grid-cell overlap,1320924.9700455691,delta_neea
48708267046156,Nardini Agroindustrial Ltda. - Vista Alegre do Alto/SP,Vista Alegre do Alto,SP,Etanol combustível de primeira geração – cana-de-açúcar,cana_pura,2022,5555394.58545559,7647146.73236478,63.5,61.91,-1.5900000000000034,94.23,97.1,2.8699999999999903,1779754.716664816,2001.4889157642467,1987.0,2015.0,29.0,pre_renovabio_1985_2015,100,approx_from_previous_land_use_grid,1987-2015,persistent new sugarcane entries weighted by grid-cell overlap,1779754.716664816,delta_neea
49049638000106,INDÚSTRIA E COMÉRCIO DE BEBIDAS SEIS LAGOAS LTDA. - Brotas - SP,Brotas,SP,Etanol combustível de primeira geração – cana-de-açúcar,cana_pura,2022,5590165.35110969,7522329.45488203,39.28,39.28,0.0,95.61,95.61,0.0,905996.900626607,1999.2193415897725,1987.0,2015.0,29.0,pre_renovabio_1985_2015,100,approx_from_previous_land_use_grid,1987-2015,persistent new sugarcane entries weighted by grid-cell overlap,905996.900626607,delta_neea
49213747000117,BIOSEV BIOENERGIA S.A. - Usina Vale do Rosário - Morro Agudo-SP,Morro Agudo,SP,Etanol combustível de primeira geração – cana-de-açúcar,cana_pura,2022,5603690.00942673,7690368.28528379,57.3,56.63,-0.6699999999999946,97.63,96.5,-1.1299999999999957,1868367.3679797277,2000.9044038920497,1987.0,2015.0,29.0,pre_renovabio_1985_2015,100,approx_from_previous_land_use_grid,1987-2015,persistent new sugarcane entries weighted by grid-cell overlap,1868367.3679797277,delta_neea
49213747011585,BIOSEV BIOENERGIA S.A. - Usina MB - Morro Agudo-SP,Morro Agudo,SP,Etanol combustível de primeira geração – cana-de-açúcar,cana_pura,2022,5603690.00942673,7690368.28528379,53.8,49.67,-4.129999999999996,98.73,98.21,-0.5200000000000102,1868367.3679797277,2000.9044038920497,1987.0,2015.0,29.0,pre_renovabio_1985_2015,100,approx_from_previous_land_use_grid,1987-2015,persistent new sugarcane entries weighted by grid-cell overlap,1868367.3679797277,delta_neea
49213747011828,BIOSEV BIOENERGIA S.A. - Usina Santa Elisa - Sertãozinho - SP,Sertãozinho,SP,Etanol combustível de primeira geração – cana-de-açúcar,cana_pura,2022,5615281.36045109,7653041.04163243,54.6,51.9,-2.700000000000003,98.86,97.67,-1.1899999999999975,1532087.485274879,1999.7553093503263,1987.0,2015.0,29.0,pre_renovabio_1985_2015,100,approx_from_previous_land_use_grid,1987-2015,persistent new sugarcane entries weighted by grid-cell overlap,1532087.485274879,delta_neea
49213747012980,BIOSEV BIOENERGIA S.A. - Usina Continental - Colômbia-SP,Colômbia,SP,Etanol combustível de primeira geração – cana-de-açúcar,cana_pura,2022,5561854.80646371,7752670.3605914,53.9,55.2,1.3000000000000045,100.0,98.78,-1.2199999999999989,2157360.568226622,2003.4898837383541,1987.0,2015.0,29.0,pre_renovabio_1985_2015,100,approx_from_previous_land_use_grid,1987-2015,persistent new sugarcane entries weighted by grid-cell overlap,2157360.568226622,delta_neea
49605157000210,LONDRA AÇÚCAR E ÁLCOOL LTDA.​ - Itaí -SP,Itaí,SP,Etanol combustível de primeira geração – cana-de-açúcar,cana_pura,2022,5516624.21610669,7387741.1310015,61.7,67.21,5.509999999999991,100.0,100.0,0.0,342073.6998491813,2002.3206862995337,1987.0,2015.0,29.0,pre_renovabio_1985_2015,100,approx_from_previous_land_use_grid,1987-2015,persistent new sugarcane entries weighted by grid-cell overlap,342073.6998491813,delta_neea
49972326000170,Bunge Açúcar e Bioenergia S.A. - Usina Moema - Orindiuva - SP,Orindiuva,SP,Etanol combustível de primeira geração – cana-de-açúcar,cana_pura,2022,5485088.29434952,7754877.64768698,56.2,63.49,7.289999999999999,96.97,95.91,-1.0600000000000025,1994051.341424045,2005.6421001911099,1987.0,2015.0,29.0,pre_renovabio_1985_2015,100,approx_from_previous_land_use_grid,1987-2015,persistent new sugarcane entries weighted by grid-cell overlap,1994051.341424045,delta_neea
49972326003861,BUNGE ACUCAR E BIOENERGIA S.A. - Ponta Porã - MS,Ponta Porã,MS,Etanol combustível de primeira geração – cana-de-açúcar,cana_pura,2022,4886354.279116,7532810.49108476,60.8,68.77,7.969999999999999,95.93,93.21,-2.720000000000013,261007.86504221498,2010.2591119722188,1987.0,2015.0,29.0,pre_renovabio_1985_2015,100,approx_from_previous_land_use_grid,1987-2015,persistent new sugarcane entries weighted by grid-cell overlap,261007.86504221498,delta_neea
49976251000103,MALOSSO BIOENERGIA S.A. - Itápolis - SP,Itápolis,SP,Etanol combustível de primeira geração – cana-de-açúcar,cana_pura,2022,5535383.51598067,7598591.50424386,59.55,53.27,-6.279999999999994,93.24,95.09,1.8500000000000083,1356911.4935007398,2001.1734801539208,1987.0,2015.0,29.0,pre_renovabio_1985_2015,100,approx_from_previous_land_use_grid,1987-2015,persistent new sugarcane entries weighted by grid-cell overlap,1356911.4935007398,delta_neea
50227255000160,DESTILARIA ÁGUA BONITA LTDA. - Tarumã - SP,Tarumã,SP,Etanol combustível de primeira geração – cana-de-açúcar,cana_pura,2022,5349061.14213217,7479533.32955514,50.8,52.71,1.910000000000004,67.98,66.34,-1.6400000000000006,1276757.8178207325,2002.2573145453025,1987.0,2015.0,29.0,pre_renovabio_1985_2015,100,approx_from_previous_land_use_grid,1987-2015,persistent new sugarcane entries weighted by grid-cell overlap,1276757.8178207325,delta_neea
50376938000189,USINA SANTA ADÉLIA S.A. - JABOTICABAL - Jaboticabal - SP,Jaboticabal,SP,Etanol combustível de primeira geração – cana-de-açúcar,cana_pura,2022,5590917.70040942,7628804.8133987,65.01,65.16,0.1499999999999914,90.19,98.51,8.320000000000007,1450564.5406158478,1999.9042720513498,1987.0,2015.0,29.0,pre_renovabio_1985_2015,100,approx_from_previous_land_use_grid,1987-2015,persistent new sugarcane entries weighted by grid-cell overlap,1450564.5406158478,delta_neea
50376938000936,Usina Santa Adelia S. A. - Unidade Pereira Barreto - Pereira Barreto - SP,Pereira Barreto,SP,Etanol combustível de primeira geração – cana-de-açúcar,cana_pura,2022,5287223.2377826,7726234.20084834,61.1,62.07,0.9699999999999988,95.97,98.53,2.5600000000000023,1069496.2277674414,2005.1530101308135,1987.0,2015.0,29.0,pre_renovabio_1985_2015,100,approx_from_previous_land_use_grid,1987-2015,persistent new sugarcane entries weighted by grid-cell overlap,1069496.2277674414,delta_neea
51466860000156,SÃO MARTINHO S.A (Unidade São Martinho) - Pradópolis - SP,Pradópolis,SP,Etanol combustível de primeira geração – cana-de-açúcar,cana_pura,2022,5609001.64500966,7630455.82840102,60.6,63.28,2.68,98.5,96.39,-2.1099999999999994,1398415.4681159754,1999.5829423557354,1987.0,2015.0,29.0,pre_renovabio_1985_2015,100,approx_from_previous_land_use_grid,1987-2015,persistent new sugarcane entries weighted by grid-cell overlap,1398415.4681159754,delta_neea
51466860002957,SÃO MARTINHO S.A. - USINA IRACEMA - Iracemápolis - SP,Iracemápolis,SP,Etanol combustível de primeira geração – cana-de-açúcar ,cana_pura,2022,5665248.28530554,7487017.71529497,58.22,59.57,1.3500000000000014,95.4,92.96,-2.440000000000012,708248.6726209816,1997.9689493624862,1987.0,2015.0,29.0,pre_renovabio_1985_2015,100,approx_from_previous_land_use_grid,1987-2015,persistent new sugarcane entries weighted by grid-cell overlap,708248.6726209816,delta_neea
51466860005034,SÃO MARTINHO S.A (Unidade Santa Cruz) - Américo Brasiliense-SP,Américo Brasiliense,SP,Etanol combustível de primeira geração – cana-de-açúcar,cana_pura,2022,5612905.36226079,7581553.7989518,62.5,64.58,2.0799999999999983,85.85,90.29,4.440000000000012,1076474.3216146596,1999.3478383183162,1987.0,2015.0,29.0,pre_renovabio_1985_2015,100,approx_from_previous_land_use_grid,1987-2015,persistent new sugarcane entries weighted by grid-cell overlap,1076474.3216146596,delta_neea
51466860006278,SÃO MARTINHO S.A (Usina Boa Vista) - Quirinópolis/GO,Quirinópolis,GO,Etanol combustível de primeira geração – cana-de-açúcar,cana_pura,2022,5376520.66146883,7944455.4369707,62.7,62.7,0.0,96.19,96.19,0.0,799643.4921665229,2010.344128919451,1987.0,2015.0,29.0,pre_renovabio_1985_2015,100,approx_from_previous_land_use_grid,1987-2015,persistent new sugarcane entries weighted by grid-cell overlap,799643.4921665229,delta_neea
51843514000140,TIETÊ AGROINDUSTRIAL S.A. - PARAÍSO - SP,PARAÍSO,SP,Etanol combustível de primeira geração – cana-de-açúcar,cana_pura,2022,5548660.68469603,7662946.39321125,61.1,65.58,4.479999999999997,98.03,95.58,-2.450000000000003,1948149.891468094,2001.9950157637124,1987.0,2015.0,29.0,pre_renovabio_1985_2015,100,approx_from_previous_land_use_grid,1987-2015,persistent new sugarcane entries weighted by grid-cell overlap,1948149.891468094,delta_neea
51843514009600,TIETÊ AGROINDUSTRIAL S.A. - Unidade Ubarana - Ubarana - SP,Ubarana,SP,Etanol combustível de primeira geração – cana-de-açúcar,cana_pura,2022,5442063.71458744,7647628.5712649,59.2,61.82,2.619999999999997,98.26,96.18,-2.0799999999999983,1825354.1246113374,2004.0811464814117,1987.0,2015.0,29.0,pre_renovabio_1985_2015,100,approx_from_previous_land_use_grid,1987-2015,persistent new sugarcane entries weighted by grid-cell overlap,1825354.1246113374,delta_neea
51990778000126,Açúcar e Alcool Oswaldo Ribeiro Mendonça Ltda - Guaíra-SP,Guaíra,SP,Etanol combustível de primeira geração – cana-de-açúcar,cana_pura,2022,5603715.23003702,7730571.00786188,64.3,64.3,0.0,97.54,97.54,0.0,2072818.4708462048,2002.205857077209,1987.0,2015.0,29.0,pre_renovabio_1985_2015,100,approx_from_previous_land_use_grid,1987-2015,persistent new sugarcane entries weighted by grid-cell overlap,2072818.4708462048,delta_neea
53009825000133,Usina Alta Mogiana S/A Açúcar e Álcool - São Joaquim da Barra - SP,São Joaquim da Barra,SP,Etanol combustível de primeira geração – cana-de-açúcar,cana_pura,2022,5638988.90398604,7722104.34950551,62.9,64.65,1.750000000000007,99.36,100.0,0.6400000000000006,1706443.9579635856,2001.4394613978802,1987.0,2015.0,29.0,pre_renovabio_1985_2015,100,approx_from_previous_land_use_grid,1987-2015,persistent new sugarcane entries weighted by grid-cell overlap,1706443.9579635856,delta_neea
53172300000114,USINA SÃO JOSÉ DA ESTIVA S.A. AÇÚCAR E ÁLCOOL - Novo Horizonte - SP,Novo Horizonte,SP,Etanol combustível de primeira geração – cana-de-açúcar,cana_pura,2022,5498236.06647977,7615531.14246577,63.0,63.11,0.1099999999999994,96.18,96.98,0.7999999999999972,1606626.784012152,2002.6758057644872,1987.0,2015.0,29.0,pre_renovabio_1985_2015,100,approx_from_previous_land_use_grid,1987-2015,persistent new sugarcane entries weighted by grid-cell overlap,1606626.784012152,delta_neea
53408860000125,Usina São Luiz S/A - Ourinhos - SP,Ourinhos,SP,Etanol combustível de primeira geração – cana-de-açúcar,cana_pura,2022,5434145.34247822,7456211.45718872,59.7,63.46,3.759999999999998,96.33,95.05,-1.2800000000000011,856799.9603469225,2001.8965501449054,1987.0,2015.0,29.0,pre_renovabio_1985_2015,100,approx_from_previous_land_use_grid,1987-2015,persistent new sugarcane entries weighted by grid-cell overlap,856799.9603469225,delta_neea
53811006000105,Viralcool Açúcar e Álcool Ltda. - Pitangueiras - SP,Pitangueiras,SP,Etanol combustível de primeira geração – cana-de-açúcar,cana_pura,2022,5597642.87620166,7673060.58481972,67.1,66.12,-0.9799999999999898,96.91,97.44,0.5300000000000011,1776147.5139374414,2000.5152627506484,1987.0,2015.0,29.0,pre_renovabio_1985_2015,100,approx_from_previous_land_use_grid,1987-2015,persistent new sugarcane entries weighted by grid-cell overlap,1776147.5139374414,delta_neea
53811006000296,VIRALCOOL ACUCAR E ALCOOL LTDA - Castilho - SP,Castilho,SP,Etanol combustível de primeira geração – cana-de-açúcar,cana_pura,2022,5250469.97424121,7665558.87736064,64.8,63.25,-1.5499999999999972,96.92,86.73,-10.189999999999998,1109614.7994322397,2004.0913898568554,1987.0,2015.0,29.0,pre_renovabio_1985_2015,100,approx_from_previous_land_use_grid,1987-2015,persistent new sugarcane entries weighted by grid-cell overlap,1109614.7994322397,delta_neea
54470679000101,USINA BATATAIS S/A AÇÚCAR E ÁLCOOL - Batatais - SP,Batatais,SP,Etanol combustível de primeira geração – cana-de-açúcar,cana_pura,2022,5669415.53486182,7691324.17737747,67.3,62.76,-4.539999999999999,98.28,95.0,-3.280000000000001,1252133.1573033857,2000.0182341481677,1987.0,2015.0,29.0,pre_renovabio_1985_2015,100,approx_from_previous_land_use_grid,1987-2015,persistent new sugarcane entries weighted by grid-cell overlap,1252133.1573033857,delta_neea
54844360000107,Baldin Bioenergia S. A. - Pirassununga - SP,Pirassununga,SP,Etanol combustível de primeira geração – cana-de-açúcar,cana_pura,2022,5676699.37391274,7550570.79151787,60.0,56.9,-3.1000000000000014,96.38,97.27,0.8900000000000006,794353.7801193803,1998.7737508259672,1987.0,2015.0,29.0,pre_renovabio_1985_2015,100,approx_from_previous_land_use_grid,1987-2015,persistent new sugarcane entries weighted by grid-cell overlap,794353.7801193803,delta_neea
54846951000105,Ferrari Agroindústria S.A. - Pirassununga - SP,Pirassununga,SP,Etanol combustível de primeira geração – cana-de-açúcar,cana_pura,2022,5686171.87576836,7568741.50613581,68.2,63.04,-5.160000000000004,91.32,,,771583.0389474042,1999.185320946008,1987.0,2015.0,29.0,pre_renovabio_1985_2015,100,approx_from_previous_land_use_grid,1987-2015,persistent new sugarcane entries weighted by grid-cell overlap,771583.0389474042,delta_neea
55090971000161,CAFEÁLCOOL AGROINDUSTRIAL LTDA. (EM RECUPERAÇÃO JUDICIAL) - Cafelândia - SP,Cafelândia,SP,Etanol combustível de primeira geração – cana-de-açúcar,cana_pura,2022,5464230.63938766,7591862.81354918,57.85,65.54,7.690000000000005,96.67,97.36,0.6899999999999977,1374545.92538447,2003.129613101545,1987.0,2015.0,29.0,pre_renovabio_1985_2015,100,approx_from_previous_land_use_grid,1987-2015,persistent new sugarcane entries weighted by grid-cell overlap,1374545.92538447,delta_neea
55109474000168,"Usina Carolo S/A – Açúcar e Álcool, em Recuperação Judicial - Pontal - SP",Pontal,SP,Etanol combustível de primeira geração – cana-de-açúcar,cana_pura,2022,5621016.86284423,7664946.45696951,49.0,49.0,0.0,86.7,86.7,0.0,1576209.3571191586,1999.966753631481,1987.0,2015.0,29.0,pre_renovabio_1985_2015,100,approx_from_previous_land_use_grid,1987-2015,persistent new sugarcane entries weighted by grid-cell overlap,1576209.3571191586,delta_neea
55109565000101,"USINA BAZAN S.A. - Pontal, SP",Pontal,SP,Etanol combustível de primeira geração – cana-de-açúcar,cana_pura,2022,5624440.83906075,7664109.77536027,66.2,65.38,-0.8200000000000074,98.36,99.11,0.75,1548130.7932166448,1999.9140513108066,1987.0,2015.0,29.0,pre_renovabio_1985_2015,100,approx_from_previous_land_use_grid,1987-2015,persistent new sugarcane entries weighted by grid-cell overlap,1548130.7932166448,delta_neea
56723257000207,Usina Açucareira Furlan S/A - Avaré - SP,Avaré,SP,Etanol combustível de primeira geração – cana-de-açúcar,cana_pura,2022,5520568.16009102,7454650.32696257,63.8,63.8,0.0,83.89,83.89,0.0,649132.6669234562,2000.6078429131294,1987.0,2015.0,29.0,pre_renovabio_1985_2015,100,approx_from_previous_land_use_grid,1987-2015,persistent new sugarcane entries weighted by grid-cell overlap,649132.6669234562,delta_neea
60329174000124,USINA AÇUCAREIRA SÃO MANOEL S.A. - São Manuel - SP,São Manuel,SP,Etanol combustível de primeira geração – cana-de-açúcar,cana_pura,2022,5561008.15581125,7481688.13209503,61.5,57.11,-4.390000000000001,99.55,97.91,-1.6400000000000006,746008.5870853548,1999.8237903692843,1987.0,2015.0,29.0,pre_renovabio_1985_2015,100,approx_from_previous_land_use_grid,1987-2015,persistent new sugarcane entries weighted by grid-cell overlap,746008.5870853548,delta_neea
60855574000335,AÇUCAREIRA QUATÁ S.A. - UNIDADE SÃO JOSÉ - Macatuba - SP,Macatuba,SP,Etanol combustível de primeira geração – cana-de-açúcar,cana_pura,2022,5536875.99803442,7502034.30102471,66.76,66.82,0.059999999999988,98.35,97.45,-0.8999999999999915,826027.9071282182,2000.9552091621913,1987.0,2015.0,29.0,pre_renovabio_1985_2015,100,approx_from_previous_land_use_grid,1987-2015,persistent new sugarcane entries weighted by grid-cell overlap,826027.9071282182,delta_neea
60855574000416,AÇUCAREIRA QUATÁ S.A. (UNIDADE BARRA GRANDE) - Lençóis Paulista/SP,Lençóis Paulista,SP,Etanol combustível de primeira geração – cana-de-açúcar,cana_pura,2022,5539454.9453959,7486641.36942521,63.55,64.15,0.6000000000000085,97.57,96.79,-0.7799999999999869,766725.3782547633,2000.6691789554593,1987.0,2015.0,29.0,pre_renovabio_1985_2015,100,approx_from_previous_land_use_grid,1987-2015,persistent new sugarcane entries weighted by grid-cell overlap,766725.3782547633,delta_neea
60855574001307,AÇUCAREIRA QUATÁ S.A. - UNIDADE QUATÁ - Quatá - SP,Quatá,SP,Etanol combustível de primeira geração – cana-de-açúcar,cana_pura,2022,5344980.73150459,7534505.8062032,59.0,59.14,0.1400000000000005,99.04,98.06,-0.980000000000004,1487347.0239761518,2002.5483774877264,1987.0,2015.0,29.0,pre_renovabio_1985_2015,100,approx_from_previous_land_use_grid,1987-2015,persistent new sugarcane entries weighted by grid-cell overlap,1487347.0239761518,delta_neea
61082962000393,Companhia Melhoramentos Norte do Paraná - Jussara - PR,Jussara,PR,Etanol combustível de primeira geração – cana-de-açúcar,cana_pura,2022,5160448.96807688,7391390.71804424,59.2,60.66,1.4599999999999935,92.47,97.29,4.820000000000007,896335.1207186952,2005.3516084011187,1987.0,2015.0,29.0,pre_renovabio_1985_2015,100,approx_from_previous_land_use_grid,1987-2015,persistent new sugarcane entries weighted by grid-cell overlap,896335.1207186952,delta_neea
61082962000474,Companhia Melhoramentos Norte do Paraná - Nova Londrina - PR,Nova Londrina,PR,Etanol combustível de primeira geração – cana-de-açúcar,cana_pura,2022,5104176.59551458,7480760.64086504,58.9,57.13,-1.769999999999996,87.25,94.49,7.239999999999995,847319.7641212485,2007.4082849838303,1987.0,2015.0,29.0,pre_renovabio_1985_2015,100,approx_from_previous_land_use_grid,1987-2015,persistent new sugarcane entries weighted by grid-cell overlap,847319.7641212485,delta_neea
61231478000206,COMPANHIA AGRÍCOLA USINA JACAREZINHO - Jacarezinho - PR,Jacarezinho,PR,Etanol combustível de primeira geração – cana-de-açúcar,cana_pura,2022,5415837.92603449,7439425.89388854,53.3,56.9,3.6000000000000014,91.24,95.99,4.75,809892.5123925908,2002.0232180757696,1987.0,2015.0,29.0,pre_renovabio_1985_2015,100,approx_from_previous_land_use_grid,1987-2015,persistent new sugarcane entries weighted by grid-cell overlap,809892.5123925908,delta_neea
68316801000102,GLENCANE BIOENERGIA S/A – RIO VERMELHO - Junqueirópolis-SP,Junqueirópolis,SP,Etanol combustível de primeira geração – cana-de-açúcar,cana_pura,2022,5332370.8349774,7622346.56937083,58.3,63.84,5.540000000000006,98.2,,,1635852.4002301174,2003.1919832778392,1987.0,2015.0,29.0,pre_renovabio_1985_2015,100,approx_from_previous_land_use_grid,1987-2015,persistent new sugarcane entries weighted by grid-cell overlap,1635852.4002301174,delta_neea
68316801002571,GLENCANE BIOENERGIA S.A. – UNIDADE NOVA UNIALCO - Guararapes-SP,Guararapes,SP,Etanol combustível de primeira geração – cana-de-açúcar,cana_pura,2022,5332370.8349774,7622346.56937083,57.5,58.1,0.6000000000000014,95.31,92.72,-2.5900000000000034,1635852.4002301174,2003.1919832778392,1987.0,2015.0,29.0,pre_renovabio_1985_2015,100,approx_from_previous_land_use_grid,1987-2015,persistent new sugarcane entries weighted by grid-cell overlap,1635852.4002301174,delta_neea
71304687000105,"PEDRA AGROINDUSTRIAL S.A. - Usina Pedra - Serrana, SP",Serrana,SP,Etanol combustível de primeira geração – cana-de-açúcar,cana_pura,2022,5664095.30861299,7640681.38578166,65.5,64.38,-1.1200000000000043,96.35,96.11,-0.2399999999999948,1134690.6709177603,1999.3901348734728,1987.0,2015.0,29.0,pre_renovabio_1985_2015,100,approx_from_previous_land_use_grid,1987-2015,persistent new sugarcane entries weighted by grid-cell overlap,1134690.6709177603,delta_neea
71304687001845,PEDRA AGROINDUSTRIAL S/A - Usina Buriti - Buritizal - SP,Buritizal,SP,Etanol combustível de primeira geração – cana-de-açúcar,cana_pura,2022,5662965.83265875,7750677.62997629,62.6,64.3,1.6999999999999955,96.93,96.51,-0.4200000000000017,1419249.5768722335,2002.3385455003593,1987.0,2015.0,29.0,pre_renovabio_1985_2015,100,approx_from_previous_land_use_grid,1987-2015,persistent new sugarcane entries weighted by grid-cell overlap,1419249.5768722335,delta_neea
71304687002817,PEDRA AGROINDUSTRIAL S/A - Usina Ipê - Nova Independência - SP,Nova Independência,SP,Etanol combustível de primeira geração – cana-de-açúcar,cana_pura,2022,5262921.43224265,7656397.59589737,62.8,61.32,-1.4799999999999969,98.1,98.03,-0.0699999999999931,1214077.5446680717,2003.8873583179543,1987.0,2015.0,29.0,pre_renovabio_1985_2015,100,approx_from_previous_land_use_grid,1987-2015,persistent new sugarcane entries weighted by grid-cell overlap,1214077.5446680717,delta_neea
71321566000163,IRMÃOS TONIELLO LTDA. - Sertãozinho - SP,Sertãozinho,SP,Etanol combustível de primeira geração – cana-de-açúcar,cana_pura,2022,5619841.65755165,7655842.36510929,59.3,59.3,0.0,98.27,98.27,0.0,1526402.251484184,1999.7708841725666,1987.0,2015.0,29.0,pre_renovabio_1985_2015,100,approx_from_previous_land_use_grid,1987-2015,persistent new sugarcane entries weighted by grid-cell overlap,1526402.251484184,delta_neea
71324784000151,USINA SANTO ANTONIO S/A - Sertãozinho - SP,Sertãozinho,SP,Etanol combustível de primeira geração – cana-de-açúcar,cana_pura,2022,5627258.92573786,7651381.0344227,58.11,57.46,-0.6499999999999986,92.22,88.49,-3.730000000000004,1453783.5723112095,1999.6255644667788,1987.0,2015.0,29.0,pre_renovabio_1985_2015,100,approx_from_previous_land_use_grid,1987-2015,persistent new sugarcane entries weighted by grid-cell overlap,1453783.5723112095,delta_neea
71324792000440,USINA SÃO FRANCISCO S.A. - Barrinha - SP,Barrinha,SP,Etanol combustível de primeira geração – cana-de-açúcar,cana_pura,2022,5610674.78848055,7646256.90949264,71.6,67.25,-4.349999999999994,93.56,98.1,4.539999999999992,1504958.835873626,1999.7153094131932,1987.0,2015.0,29.0,pre_renovabio_1985_2015,100,approx_from_previous_land_use_grid,1987-2015,persistent new sugarcane entries weighted by grid-cell overlap,1504958.835873626,delta_neea
75084871000130,COOPERVAL COOPERATIVA AGROINDUSTRIAL VALE DO IVAÍ LTDA. - Jandaia do Sul - PR,Jandaia do Sul,PR,Etanol combustível de primeira geração – cana-de-açúcar e milho em usina integrada,cana_milho_integrada,2022,5235867.18568587,7377432.8082731,65.23,68.1,2.8699999999999903,52.15,36.82,-15.329999999999998,576258.8466411877,2003.497439418657,1987.0,2015.0,29.0,pre_renovabio_1985_2015,100,approx_from_previous_land_use_grid,1987-2015,persistent new sugarcane entries weighted by grid-cell overlap,576258.8466411877,delta_neea
75177857000180,RENUKA VALE DO IVAÍ S A EM RECUPERAÇÃO JUDICIAL - São Pedro do Ivaí - PR,São Pedro do Ivaí,PR,Etanol combustível de primeira geração – cana-de-açúcar,cana_pura,2023,5215053.49056965,7359057.94944632,41.34,41.34,0.0,97.73,97.73,0.0,500247.3441434019,2003.9417980983803,1987.0,2015.0,29.0,pre_renovabio_1985_2015,100,approx_from_previous_land_use_grid,1987-2015,persistent new sugarcane entries weighted by grid-cell overlap,500247.3441434019,delta_neea
75444430000100,Dacalda Açúcar e Álcool LTDA. - Jacarezinho - PR,Jacarezinho,PR,Etanol combustível de primeira geração – cana-de-açúcar,cana_pura,2022,5399015.37389715,7432488.87076784,48.71,50.1,1.3900000000000006,87.28,83.92,-3.3599999999999994,806703.5621544049,2001.9390742053743,1987.0,2015.0,29.0,pre_renovabio_1985_2015,100,approx_from_previous_land_use_grid,1987-2015,persistent new sugarcane entries weighted by grid-cell overlap,806703.5621544049,delta_neea
75619056000128,AÇÚCAR E ÁLCOOL BANDEIRANTES S.A. - Bandeirantes - PR,Bandeirantes,PR,Etanol combustível de primeira geração – cana-de-açúcar,cana_pura,2023,5374048.51602455,7439981.01554885,61.7,58.92,-2.780000000000001,88.68,87.4,-1.2800000000000011,936020.9325424032,2001.703529289205,1987.0,2015.0,29.0,pre_renovabio_1985_2015,100,approx_from_previous_land_use_grid,1987-2015,persistent new sugarcane entries weighted by grid-cell overlap,936020.9325424032,delta_neea
75717355000286,USINA DE AÇÚCAR SANTA TEREZINHA LTDA. (EM RECUPERAÇÃO JUDICIAL) - PARANACITY - PR,PARANACITY,PR,Etanol combustível de primeira geração – cana-de-açúcar,cana_pura,2022,5186813.83569937,7467837.27341482,65.51,64.1,-1.4100000000000108,86.03,92.15,6.1200000000000045,1275645.3211466954,2005.3526411703456,1987.0,2015.0,29.0,pre_renovabio_1985_2015,100,approx_from_previous_land_use_grid,1987-2015,persistent new sugarcane entries weighted by grid-cell overlap,1275645.3211466954,delta_neea
75717355000367,USINA DE AÇÚCAR SANTA TEREZINHA LTDA. (EM RECUPERAÇÃO JUDICIAL) - TAPEJARA - PR,TAPEJARA,PR,Etanol combustível de primeira geração – cana-de-açúcar,cana_pura,2022,5113780.43855401,7372417.87236108,60.13,62.35,2.219999999999999,95.6,95.42,-0.1799999999999926,650610.3776894659,2006.088210729747,1987.0,2015.0,29.0,pre_renovabio_1985_2015,100,approx_from_previous_land_use_grid,1987-2015,persistent new sugarcane entries weighted by grid-cell overlap,650610.3776894659,delta_neea
75717355000448,USINA DE AÇÚCAR SANTA TEREZINHA LTDA. (EM RECUPERAÇÃO JUDICIAL) - IVATE - PR,IVATE,PR,Etanol combustível de primeira geração – cana-de-açúcar,cana_pura,2022,5057961.10312403,7412785.52940747,61.08,62.87,1.7899999999999991,97.57,98.09,0.5200000000000102,563909.8931967147,2007.440503032285,1987.0,2015.0,29.0,pre_renovabio_1985_2015,100,approx_from_previous_land_use_grid,1987-2015,persistent new sugarcane entries weighted by grid-cell overlap,563909.8931967147,delta_neea
75717355000529,USINA DE AÇÚCAR SANTA TEREZINHA LTDA. (EM RECUPERAÇÃO JUDICIAL) - UNIDADE IGUATEMI - MARINGA - PR,Maringá,PR,Etanol combustível de primeira geração – cana-de-açúcar,cana_pura,2022,5195210.98662877,7409885.19091676,66.54,61.72,-4.820000000000007,94.15,95.43,1.2800000000000011,1022217.0079255368,2004.8252579738778,1987.0,2015.0,29.0,pre_renovabio_1985_2015,100,approx_from_previous_land_use_grid,1987-2015,persistent new sugarcane entries weighted by grid-cell overlap,1022217.0079255368,delta_neea
75717355000871,USINA DE AÇÚCAR SANTA TEREZINHA LTDA. (EM RECUPERAÇÃO JUDICIAL) - TERRA RICA - PR,TERRA RICA,PR,Etanol combustível de primeira geração – cana-de-açúcar,cana_pura,2022,5132605.71724781,7478170.17536868,65.23,62.72,-2.510000000000005,94.73,98.48,3.75,1023309.2388361087,2006.4253490489612,1987.0,2015.0,29.0,pre_renovabio_1985_2015,100,approx_from_previous_land_use_grid,1987-2015,persistent new sugarcane entries weighted by grid-cell overlap,1023309.2388361087,delta_neea
75717355001096,USINA DE AÇÚCAR SANTA TEREZINHA LTDA. (EM RECUPERAÇÃO JUDICIAL) - Rondon - PR,Rondon,PR,Etanol combustível de primeira geração – cana-de-açúcar,cana_pura,2022,5131926.49527168,7413854.02684931,57.79,60.51,2.719999999999999,92.32,93.55,1.230000000000004,938409.5374827362,2005.986320421489,1987.0,2015.0,29.0,pre_renovabio_1985_2015,100,approx_from_previous_land_use_grid,1987-2015,persistent new sugarcane entries weighted by grid-cell overlap,938409.5374827362,delta_neea
75717355001177,USINA DE AÇÚCAR SANTA TEREZINHA LTDA. (EM RECUPERAÇÃO JUDICIAL) - CIDADE GAÚCHA - PR,CIDADE GAÚCHA,PR,Etanol combustível de primeira geração – cana-de-açúcar,cana_pura,2022,5111959.63047695,7413554.45031234,63.63,62.69,-0.9400000000000048,95.26,95.48,0.2199999999999988,827537.983321927,2006.366639668772,1987.0,2015.0,29.0,pre_renovabio_1985_2015,100,approx_from_previous_land_use_grid,1987-2015,persistent new sugarcane entries weighted by grid-cell overlap,827537.983321927,delta_neea
78340270000210,COOPERATIVA AGRÍCOLA REGIONAL DE PRODUTORES DE CANA LTD - SÃO CARLOS DO IVAÍ - PR,SÃO CARLOS DO IVAÍ,PR,Etanol combustível de primeira geração – cana-de-açúcar,cana_pura,2022,5154570.31664767,7424810.15133095,52.48,56.41,3.93,16.01,85.45,69.44,1105671.761594516,2005.6146243699284,1987.0,2015.0,29.0,pre_renovabio_1985_2015,100,approx_from_previous_land_use_grid,1987-2015,persistent new sugarcane entries weighted by grid-cell overlap,1105671.761594516,delta_neea
00297598000122,DESTILARIA DE ÁLCOOL LIBRA LTDA. - SÃO JOSÉ DO RIO CLARO - MT,SÃO JOSÉ DO RIO CLARO,MT,Etanol combustível de primeira geração – cana-de-açúcar e milho em usina integrada,cana_milho_integrada,2022,4726601.98423902,8470976.23214683,47.19,39.17,-8.019999999999996,67.56,66.16,-1.4000000000000057,20853.64763289018,2005.0797089202267,1989.0,2015.0,27.0,pre_renovabio_1985_2015,100,approx_from_previous_land_use_grid,1987-2015,persistent new sugarcane entries weighted by grid-cell overlap,20853.64763289018,delta_vol_pct
00372496000124,Central Energética Vale do Sapucaí Ltda. - Patrocínio Paulista - SP,Patrocínio Paulista,SP,Etanol combustível de primeira geração – cana-de-açúcar,cana_pura,2022,5683831.09458151,7690204.52935748,55.7,55.51,-0.1900000000000048,94.63,90.31,-4.319999999999993,1087138.8896783276,1999.7632864432578,1987.0,2015.0,29.0,pre_renovabio_1985_2015,100,approx_from_previous_land_use_grid,1987-2015,persistent new sugarcane entries weighted by grid-cell overlap,1087138.8896783276,delta_vol_pct
00595322000120,DENUSA DESTILARIA NOVA UNIÃO S/A - Jandaia - GO,Jandaia,GO,Etanol combustível de primeira geração – cana-de-açúcar,cana_pura,2022,5409973.4560416,8087852.68291427,64.3,68.08,3.780000000000001,87.16,85.61,-1.5499999999999972,319039.5846450298,2008.8774805445642,1987.0,2015.0,29.0,pre_renovabio_1985_2015,100,approx_from_previous_land_use_grid,1987-2015,persistent new sugarcane entries weighted by grid-cell overlap,319039.5846450298,delta_vol_pct
01105558000102,WD AGROINDUSTRIAL LTDA - João Pinheiro - MG,João Pinheiro,MG,Etanol combustível de primeira geração – cana-de-açúcar,cana_pura,2022,5846982.93235041,7966338.47292695,68.5,68.5,0.0,92.11,92.11,0.0,41354.826033407124,2011.0042180642088,1987.0,2015.0,29.0,pre_renovabio_1985_2015,100,approx_from_previous_land_use_grid,1987-2015,persistent new sugarcane entries weighted by grid-cell overlap,41354.826033407124,delta_vol_pct
02043917000107,USINA RIO VERDE LTDA. - EM RECUPERAÇÃO JUDICIAL - Rio Verde - GO,Rio Verde,GO,Etanol combustível de primeira geração – cana-de-açúcar e milho em usina integrada,cana_milho_integrada,2022,5310460.5809602,8057054.40652174,45.99,54.17,8.18,87.08,83.3,-3.780000000000001,282050.8170521879,2010.1248681213024,1987.0,2015.0,29.0,pre_renovabio_1985_2015,100,approx_from_previous_land_use_grid,1987-2015,persistent new sugarcane entries weighted by grid-cell overlap,282050.8170521879,delta_vol_pct
02414858000470,Vale Verde Empreendimentos Agrícolas Ltda. Em Recuperação Judicial - Itapaci - GO,Itapaci,GO,Etanol combustível de primeira geração – cana-de-açúcar,cana_pura,2022,5479817.78534701,8338262.39698919,62.3,60.63,-1.6699999999999946,98.44,78.35,-20.090000000000003,161256.60356487427,2006.9847246555596,1987.0,2015.0,29.0,pre_renovabio_1985_2015,100,approx_from_previous_land_use_grid,1987-2015,persistent new sugarcane entries weighted by grid-cell overlap,161256.60356487427,delta_vol_pct
02460988000105,USINA GOIANÉSIA S/A - EM RECUPERAÇÃO JUDICIAL - Goianésia - GO,Goianésia,GO,Etanol combustível de primeira geração – cana-de-açúcar,cana_pura,2023,5526539.61558435,8311157.15201518,62.1,63.03,0.9299999999999996,97.98,99.91,1.9299999999999928,170535.17343643622,2006.9700901444135,1987.0,2015.0,29.0,pre_renovabio_1985_2015,100,approx_from_previous_land_use_grid,1987-2015,persistent new sugarcane entries weighted by grid-cell overlap,170535.17343643622,delta_vol_pct
02635522000195,JALLES MACHADO S.A. - Matriz - Goianésia - GO,Goianésia,GO,Etanol combustível de primeira geração – cana-de-açúcar,cana_pura,2022,5538381.62495406,8311260.58537639,70.1,67.67,-2.4299999999999926,100.0,95.23,-4.769999999999996,166077.28820609546,2006.990155250097,1987.0,2015.0,29.0,pre_renovabio_1985_2015,100,approx_from_previous_land_use_grid,1987-2015,persistent new sugarcane entries weighted by grid-cell overlap,166077.28820609546,delta_vol_pct
02635522004930,JALLES MACHADO S.A. - Unidade Otavio Lage - Goianésia - GO,Goianésia,GO,Etanol combustível de primeira geração – cana-de-açúcar,cana_pura,2022,5504657.33191542,8326472.95099455,61.7,68.98,7.280000000000001,100.0,82.41,-17.590000000000003,173724.18730937695,2007.015905107714,1987.0,2015.0,29.0,pre_renovabio_1985_2015,100,approx_from_previous_land_use_grid,1987-2015,persistent new sugarcane entries weighted by grid-cell overlap,173724.18730937695,delta_vol_pct
02678100000105,LASA LAGO AZUL S.A. - Ipameri - GO,Ipameri,GO,Etanol combustível de primeira geração – cana-de-açúcar,cana_pura,2022,5670837.07069855,8080207.95905736,51.23,50.63,-0.5999999999999943,100.0,100.0,0.0,11921.743968692088,2012.136750212105,1988.0,2015.0,27.0,pre_renovabio_1985_2015,100,approx_from_previous_land_use_grid,1987-2015,persistent new sugarcane entries weighted by grid-cell overlap,11921.743968692088,delta_vol_pct
02773950000184,GOIASA GOIATUBA ÁLCOOL LTDA. - GOIATUBA - GO,GOIATUBA,GO,Etanol combustível de primeira geração – cana-de-açúcar,cana_pura,2022,5458178.81561681,7995713.47454414,62.8,63.9,1.1000000000000014,96.72,97.23,0.5100000000000051,728424.5252490395,2008.9522996278647,1987.0,2015.0,29.0,pre_renovabio_1985_2015,100,approx_from_previous_land_use_grid,1987-2015,persistent new sugarcane entries weighted by grid-cell overlap,728424.5252490395,delta_vol_pct
02783009000141,ANICUNS S.A. ÁLCOOL E DERIVADOS - Anicuns - GO,Anicuns,GO,Etanol combustível de primeira geração – cana-de-açúcar,cana_pura,2022,5432875.6795387,8180131.2482969,60.8,57.15,-3.649999999999999,100.0,79.22,-20.78,125610.32998654325,2005.436349911205,1987.0,2015.0,29.0,pre_renovabio_1985_2015,100,approx_from_previous_land_use_grid,1987-2015,persistent new sugarcane entries weighted by grid-cell overlap,125610.32998654325,delta_vol_pct
02859452000230,Vale do Verdão Sociedade Anônima Açúcar e Álcool - Turvelândia - GO,Turvelândia,GO,Etanol combustível de primeira geração – cana-de-açúcar,cana_pura,2022,5390070.82022688,8008629.18311183,60.1,65.38,5.279999999999994,91.35,96.81,5.460000000000008,699012.2723814344,2010.0467874957633,1987.0,2015.0,29.0,pre_renovabio_1985_2015,100,approx_from_previous_land_use_grid,1987-2015,persistent new sugarcane entries weighted by grid-cell overlap,699012.2723814344,delta_vol_pct
02896264000109,CENTROALCOOL S/A (EM RECUPERACAO JUDICIAL) - INHUMAS - GO,INHUMAS,GO,Etanol combustível de primeira geração – cana-de-açúcar,cana_pura,2022,5482540.94731307,8186858.98042968,64.14,61.35,-2.789999999999999,95.72,90.88,-4.840000000000003,120342.18980384004,2004.978251496146,1987.0,2015.0,29.0,pre_renovabio_1985_2015,100,approx_from_previous_land_use_grid,1987-2015,persistent new sugarcane entries weighted by grid-cell overlap,120342.18980384004,delta_vol_pct
03345641000338,COOPERATIVA AGROINDUSTRIAL NOVA PRODUTIVA - Astorga - PR,Astorga,PR,Etanol combustível de primeira geração – cana-de-açúcar,cana_pura,2022,5241507.72865172,7442842.79367438,46.22,51.42,5.200000000000003,90.01,91.16,1.1499999999999917,1163087.6311471523,2004.129351024963,1987.0,2015.0,29.0,pre_renovabio_1985_2015,100,approx_from_previous_land_use_grid,1987-2015,persistent new sugarcane entries weighted by grid-cell overlap,1163087.6311471523,delta_vol_pct
03347747000109,COOPERATIVA AGROINDUSTRIAL DE RUBIATABA – Rubiataba - GO,Rubiataba,GO,Etanol combustível de primeira geração – cana-de-açúcar,cana_pura,2022,5455886.18579172,8317126.04943407,64.0,64.87,0.8700000000000045,85.94,93.33,7.390000000000001,158534.92674789374,2006.589393867088,1987.0,2015.0,29.0,pre_renovabio_1985_2015,100,approx_from_previous_land_use_grid,1987-2015,persistent new sugarcane entries weighted by grid-cell overlap,158534.92674789374,delta_vol_pct
03445208000455,UMOE BIOENERGY S.A. - Sandovalina - SP,Sandovalina,SP,Etanol combustível de primeira geração – cana-de-açúcar,cana_pura,2022,5223359.88634961,7502626.33872067,48.8,63.74,14.940000000000005,97.06,94.4,-2.6599999999999966,1330399.913785381,2004.71638394643,1987.0,2015.0,29.0,pre_renovabio_1985_2015,100,approx_from_previous_land_use_grid,1987-2015,persistent new sugarcane entries weighted by grid-cell overlap,1330399.913785381,delta_vol_pct
03937452000435,CRV industrial Ltda. - Capinópolis - MG,Capinópolis,MG,Etanol combustível de primeira geração – cana-de-açúcar,cana_pura,2022,5454944.6800123,7925846.62700244,61.55,61.99,0.4400000000000048,99.24,94.37,-4.86999999999999,772709.5120711494,2009.2530912584682,1987.0,2015.0,29.0,pre_renovabio_1985_2015,100,approx_from_previous_land_use_grid,1987-2015,persistent new sugarcane entries weighted by grid-cell overlap,772709.5120711494,delta_vol_pct
04165520000105,AGROPECUÁRIA NOVO MILÊNIO LTDA. - Lambari D'Oeste - MT,Lambari D'Oeste,MT,Etanol combustível de primeira geração – cana-de-açúcar,cana_pura,2022,4576007.98289422,8293081.4394439,59.24,56.53,-2.710000000000001,90.14,77.97,-12.170000000000002,51211.7945524787,2006.7762663656194,1989.0,2015.0,27.0,pre_renovabio_1985_2015,100,approx_from_previous_land_use_grid,1987-2015,persistent new sugarcane entries weighted by grid-cell overlap,51211.7945524787,delta_vol_pct
04165520000296,AGROPECUÁRIA NOVO MILÊNIO LTDA. - Mirassol D'oeste - MT,Mirassol D'oeste,MT,Etanol combustível de primeira geração – cana-de-açúcar,cana_pura,2022,4557407.19929998,8257542.15927619,64.29,50.22,-14.070000000000007,91.13,66.56,-24.569999999999997,22120.11556665795,2008.0017325648123,1989.0,2015.0,24.0,pre_renovabio_1985_2015,100,approx_from_previous_land_use_grid,1987-2015,persistent new sugarcane entries weighted by grid-cell overlap,22120.11556665795,delta_vol_pct
04171382000177,CENTRAL ENERGETICA MORENO DE MONTE APRAZÍVEL AÇÚCAR E ÁLCOOL LTDA EM RECUPERAÇÃO JUDICIAL - Monte Aprazível - SP,Monte Aprazível,SP,Etanol combustível de primeira geração – cana-de-açúcar,cana_pura,2022,5440882.40687005,7689999.2280727,59.2,58.74,-0.4600000000000008,91.32,95.63,4.310000000000002,2005969.3865152935,2004.7042129334884,1987.0,2015.0,29.0,pre_renovabio_1985_2015,100,approx_from_previous_land_use_grid,1987-2015,persistent new sugarcane entries weighted by grid-cell overlap,2005969.3865152935,delta_vol_pct
04248044000277,Onda Verde Agrocomercial S. A. - Onda Verde - SP,Onda Verde,SP,Etanol combustível de primeira geração – cana-de-açúcar,cana_pura,2023,5500144.19989923,7713489.50674341,53.66,52.04,-1.6199999999999974,90.47,92.11,1.6400000000000006,2423255.7375375135,2004.4723119051223,1987.0,2015.0,29.0,pre_renovabio_1985_2015,100,approx_from_previous_land_use_grid,1987-2015,persistent new sugarcane entries weighted by grid-cell overlap,2423255.7375375135,delta_vol_pct
04969941000199,Usina Bela Vista S.A. - Pontal - SP,Pontal,SP,Etanol combustível de primeira geração – cana-de-açúcar,cana_pura,2022,5615412.58213949,7671897.6575594,65.2,64.97,-0.2300000000000039,98.11,99.4,1.2900000000000065,1657872.232898314,2000.2079256515271,1987.0,2015.0,29.0,pre_renovabio_1985_2015,100,approx_from_previous_land_use_grid,1987-2015,persistent new sugarcane entries weighted by grid-cell overlap,1657872.232898314,delta_vol_pct
05242560000176,USINA VERTENTE LTDA. - Guaraci - SP,Guaraci,SP,Etanol combustível de primeira geração – cana-de-açúcar,cana_pura,2022,5521576.11089507,7734603.6637713,64.1,67.04,2.940000000000012,98.94,93.04,-5.899999999999992,2311713.0697599496,2004.2558914064418,1987.0,2015.0,29.0,pre_renovabio_1985_2015,100,approx_from_previous_land_use_grid,1987-2015,persistent new sugarcane entries weighted by grid-cell overlap,2311713.0697599496,delta_vol_pct
05553456000100,Usina Ouroeste Açúcar e Álcool Ltda. - Ouroeste - SP,Ouroeste,SP,Etanol combustível de primeira geração – cana-de-açúcar,cana_pura,2022,5373059.22220696,7789234.84327185,55.3,64.72,9.420000000000002,97.83,98.04,0.2100000000000079,974006.9161943407,2007.6888708692227,1987.0,2015.0,29.0,pre_renovabio_1985_2015,100,approx_from_previous_land_use_grid,1987-2015,persistent new sugarcane entries weighted by grid-cell overlap,974006.9161943407,delta_vol_pct
05620523000235,Usina Eldorado em Recuperacao Judicial - Rio Brilhante/MS,Rio Brilhante,MS,Etanol combustível de primeira geração – cana-de-açúcar,cana_pura,2022,4998667.05441077,7581265.61271929,58.8,65.44,6.640000000000001,99.67,87.31,-12.36,526531.0183934111,2010.189548227208,1987.0,2015.0,29.0,pre_renovabio_1985_2015,100,approx_from_previous_land_use_grid,1987-2015,persistent new sugarcane entries weighted by grid-cell overlap,526531.0183934111,delta_vol_pct
05643160000172,ENERGÉTICA SERRANÓPOLIS LTDA. - Serranópolis​ - GO,Serranópolis​,GO,Etanol combustível de primeira geração – cana-de-açúcar,cana_pura,2022,5200073.40995457,7965283.74478764,63.3,63.36,0.0600000000000022,68.0,70.25,2.25,162991.2734053498,2012.1092129878907,1987.0,2015.0,29.0,pre_renovabio_1985_2015,100,approx_from_previous_land_use_grid,1987-2015,persistent new sugarcane entries weighted by grid-cell overlap,162991.2734053498,delta_vol_pct
05928246000141,COPLASA - ACUCAR E ALCOOL LTDA EM RECUPERACAO JUDICIAL - Planalto - SP,Planalto,SP,Etanol combustível de primeira geração – cana-de-açúcar,cana_pura,2022,5426788.99141756,7672471.74730586,58.6,58.56,-0.0399999999999991,92.53,96.84,4.310000000000002,1906325.8895968674,2004.4954355502473,1987.0,2015.0,29.0,pre_renovabio_1985_2015,100,approx_from_previous_land_use_grid,1987-2015,persistent new sugarcane entries weighted by grid-cell overlap,1906325.8895968674,delta_vol_pct
05938884000143,VALE DO PARANÁ S.A. AÇÚCAR E ÁLCOOL – Suzanápolis/SP,Suzanápolis,SP,Etanol combustível de primeira geração – cana-de-açúcar,cana_pura,2022,5309810.66592045,7741669.95860548,66.4,62.51,-3.890000000000008,100.0,99.15,-0.8499999999999943,1122990.8689472694,2005.5556445410853,1987.0,2015.0,29.0,pre_renovabio_1985_2015,100,approx_from_previous_land_use_grid,1987-2015,persistent new sugarcane entries weighted by grid-cell overlap,1122990.8689472694,delta_vol_pct
05980986000127,AGROINDUSTRIAL SANTA JULIANA LTDA. - SANTA JULIANA - MG,SANTA JULIANA,MG,Etanol combustível de primeira geração – cana-de-açúcar,cana_pura,2022,5689655.69486325,7824882.09653371,52.8,66.59,13.790000000000006,97.69,94.6,-3.0900000000000034,709682.65160748,2005.4639958576497,1987.0,2015.0,29.0,pre_renovabio_1985_2015,100,approx_from_previous_land_use_grid,1987-2015,persistent new sugarcane entries weighted by grid-cell overlap,709682.65160748,delta_vol_pct
06044698000808,Sada Bio-Energia e Agricultura Ltda. - Jaíba - MG,Jaíba,MG,Etanol combustível de primeira geração – cana-de-açúcar,cana_pura,2022,6086551.59796969,8293728.10478262,61.05,59.24,-1.8099999999999952,95.61,98.66,3.049999999999997,8811.937488496407,2010.138430785451,1990.0,2015.0,18.0,pre_renovabio_1985_2015,100,approx_from_previous_land_use_grid,1987-2015,persistent new sugarcane entries weighted by grid-cell overlap,8811.937488496407,delta_vol_pct
06059962000100,USINA ITAPAGIPE ACUCAR E ALCOOL LTDA. - Itapagipe - MG,Itapagipe,MG,Etanol combustível de primeira geração – cana-de-açúcar,cana_pura,2022,5451352.76360256,7794240.56472791,51.2,61.57,10.369999999999996,98.52,80.33,-18.19,1323870.5100993617,2007.0637584205497,1987.0,2015.0,29.0,pre_renovabio_1985_2015,100,approx_from_previous_land_use_grid,1987-2015,persistent new sugarcane entries weighted by grid-cell overlap,1323870.5100993617,delta_vol_pct
06252818003799,Abengoa Bioenergia Agroindustrial Ltda. - Em Recuperação Judicial - Unidade São João - São João da Boa Vista - SP,São João da Boa Vista,SP,Etanol combustível de primeira geração – cana-de-açúcar,cana_pura,2022,5730700.17016266,7557336.91796437,63.0,60.1,-2.8999999999999986,100.0,93.2,-6.799999999999997,562394.5390662834,1999.6685987191886,1987.0,2015.0,29.0,pre_renovabio_1985_2015,100,approx_from_previous_land_use_grid,1987-2015,persistent new sugarcane entries weighted by grid-cell overlap,562394.5390662834,delta_vol_pct
06315338002324,COFCO INTERNATIONAL BRASIL S.A. - Unidade Sebastianópolis - Sebastianópolis do Sul - SP,Sebastianópolis do Sul,SP,Etanol combustível de primeira geração – cana-de-açúcar,cana_pura,2022,5422166.47710356,7717572.31613689,60.7,62.78,2.0799999999999983,75.39,94.1,18.709999999999997,1909959.7586531537,2005.4866282985463,1987.0,2015.0,29.0,pre_renovabio_1985_2015,100,approx_from_previous_land_use_grid,1987-2015,persistent new sugarcane entries weighted by grid-cell overlap,1909959.7586531537,delta_vol_pct
06315338002405,COFCO INTERNATIONAL BRASIL S.A. - Unidade Meridiano - Meridiano - SP,Meridiano,SP,Etanol combustível de primeira geração – cana-de-açúcar,cana_pura,2022,5395909.59594227,7732321.44576074,60.2,62.78,2.5799999999999983,87.9,,,1685453.6066848806,2005.919033248358,1987.0,2015.0,29.0,pre_renovabio_1985_2015,100,approx_from_previous_land_use_grid,1987-2015,persistent new sugarcane entries weighted by grid-cell overlap,1685453.6066848806,delta_vol_pct
06315338015060,COFCO INTERNATIONAL BRASIL S.A. - Unidade Potirendaba - Potirendaba - SP,Potirendaba,SP,Etanol combustível de primeira geração – cana-de-açúcar,cana_pura,2022,5485225.81406155,7658752.52785581,67.4,64.42,-2.980000000000004,83.51,90.73,7.219999999999999,2077592.2477780774,2003.7194331583535,1987.0,2015.0,29.0,pre_renovabio_1985_2015,100,approx_from_previous_land_use_grid,1987-2015,persistent new sugarcane entries weighted by grid-cell overlap,2077592.2477780774,delta_vol_pct
06315338015140,COFCO INTERNATIONAL BRASIL S.A. - Unidade Catanduva - Catanduva- SP,Catanduva,SP,Etanol combustível de primeira geração – cana-de-açúcar,cana_pura,2022,5521680.83072561,7657596.1707727,63.48,61.51,-1.9699999999999989,86.22,92.61,6.390000000000001,2041313.5166577436,2002.8956704236984,1987.0,2015.0,29.0,pre_renovabio_1985_2015,100,approx_from_previous_land_use_grid,1987-2015,persistent new sugarcane entries weighted by grid-cell overlap,2041313.5166577436,delta_vol_pct
07130855000186,CENTRAL ENERGÉTICA MORRINHOS S.A. - Morrinhos-GO,Morrinhos,GO,Etanol combustível de primeira geração – cana-de-açúcar,cana_pura,2022,5504739.83919693,8010461.16768676,63.3,63.3,0.0,92.87,92.87,0.0,413772.6644069943,2008.3010482652123,1987.0,2015.0,29.0,pre_renovabio_1985_2015,100,approx_from_previous_land_use_grid,1987-2015,persistent new sugarcane entries weighted by grid-cell overlap,413772.6644069943,delta_vol_pct
07280328000158,Ipiranga Agroindustrial S. A. - Unidade Iacanga - Iacanga - SP,Iacanga,SP,Etanol combustível de primeira geração – cana-de-açúcar,cana_pura,2022,5515658.18969742,7580350.79504414,59.42,64.7,5.280000000000001,91.02,92.91,1.8900000000000008,1219230.2994584844,2001.4409403296195,1987.0,2015.0,29.0,pre_renovabio_1985_2015,100,approx_from_previous_land_use_grid,1987-2015,persistent new sugarcane entries weighted by grid-cell overlap,1219230.2994584844,delta_vol_pct
07280328001715,IPIRANGA AGROINDUSTRIAL S.A. - Mococa - Mococa -SP,Mococa,SP,Etanol combustível de primeira geração – cana-de-açúcar,cana_pura,2022,5709618.00659163,7622736.31428334,63.9,67.18,3.280000000000008,89.08,93.65,4.570000000000007,743849.237074442,1999.6696591264708,1987.0,2015.0,29.0,pre_renovabio_1985_2015,100,approx_from_previous_land_use_grid,1987-2015,persistent new sugarcane entries weighted by grid-cell overlap,743849.237074442,delta_vol_pct
07280328001804,IPIRANGA AGROINDUSTRIAL S.A. - DESCALVADO - Descalvado - SP,Descalvado,SP,Etanol combustível de primeira geração – cana-de-açúcar,cana_pura,2022,5645857.24932531,7571700.07898056,62.3,64.62,2.3200000000000074,95.53,97.91,2.3799999999999955,929862.9322268169,1998.7814144369981,1987.0,2015.0,29.0,pre_renovabio_1985_2015,100,approx_from_previous_land_use_grid,1987-2015,persistent new sugarcane entries weighted by grid-cell overlap,929862.9322268169,delta_vol_pct
07298800000180,CONQUISTA DO PONTAL S. A. - EM RECUPERACAO JUDICIAL - Mirante do Paranapanema/SP,Mirante do Paranapanema,SP,Etanol combustível de primeira geração – cana-de-açúcar,cana_pura,2022,5194336.60478394,7520927.01396112,59.4,60.66,1.259999999999998,99.19,97.38,-1.8100000000000025,1175690.6991739967,2005.4635032823458,1987.0,2015.0,29.0,pre_renovabio_1985_2015,100,approx_from_previous_land_use_grid,1987-2015,persistent new sugarcane entries weighted by grid-cell overlap,1175690.6991739967,delta_vol_pct
07300906000170,USINA NOVA GÁLIA LTDA. - Paraúna - GO,Paraúna,GO,Etanol combustível de primeira geração – cana-de-açúcar,cana_pura,2022,5372760.88105837,8079751.79798872,48.92,51.2,2.280000000000001,93.19,78.08,-15.11,343873.7671106206,2009.5262056254442,1987.0,2015.0,29.0,pre_renovabio_1985_2015,100,approx_from_previous_land_use_grid,1987-2015,persistent new sugarcane entries weighted by grid-cell overlap,343873.7671106206,delta_vol_pct
07398533000112,USINA GUARIROBA LTDA. - Pontes Gestal - SP,Pontes Gestal,SP,Etanol combustível de primeira geração – cana-de-açúcar,cana_pura,2022,5443277.70642288,7769467.69587937,56.0,67.33,11.329999999999998,99.29,71.7,-27.590000000000003,1590792.902276813,2006.5827803183606,1987.0,2015.0,29.0,pre_renovabio_1985_2015,100,approx_from_previous_land_use_grid,1987-2015,persistent new sugarcane entries weighted by grid-cell overlap,1590792.902276813,delta_vol_pct
07455944000100,Usina Frutal Açúcar e Álcool Ltda. - Frutal - MG,Frutal,MG,Etanol combustível de primeira geração – cana-de-açúcar,cana_pura,2022,5541792.10574911,7769934.94690167,50.7,63.47,12.769999999999996,97.3,91.62,-5.679999999999993,1996038.9161454008,2004.4055282157824,1987.0,2015.0,29.0,pre_renovabio_1985_2015,100,approx_from_previous_land_use_grid,1987-2015,persistent new sugarcane entries weighted by grid-cell overlap,1996038.9161454008,delta_vol_pct
07458537000149,Atena - Tecnologias em Energia Natural Ltda. - Martinópolis-SP,Martinópolis,SP,Etanol combustível de primeira geração – cana-de-açúcar,cana_pura,2022,5306541.87663521,7546389.39865535,55.9,62.45,6.550000000000004,86.79,88.54,1.75,1555731.8812753563,2002.8797324871455,1987.0,2015.0,29.0,pre_renovabio_1985_2015,100,approx_from_previous_land_use_grid,1987-2015,persistent new sugarcane entries weighted by grid-cell overlap,1555731.8812753563,delta_vol_pct
07459492000127,DESTILARIA VALE DO PARACATU - AGROENERGIA S.A. - Paracatu - MG,Paracatu,MG,Etanol combustível de primeira geração – cana-de-açúcar,cana_pura,2022,5788436.96878321,8099528.94234388,58.2,58.2,0.0,95.42,95.42,0.0,37043.019753657085,2012.3853594197076,1987.0,2015.0,29.0,pre_renovabio_1985_2015,100,approx_from_previous_land_use_grid,1987-2015,persistent new sugarcane entries weighted by grid-cell overlap,37043.019753657085,delta_vol_pct
07670089000142,USIMAT DESTILARIA DE ÁLCOOL LTDA. - Campos de Julio - MT,Campos de Julio,MT,Etanol combustível de primeira geração – cana-de-açúcar e milho em usina integrada,cana_milho_integrada,2022,4435217.90773278,8416022.37972843,63.47,63.55,0.0799999999999983,35.08,68.91,33.83,1541.053584370975,2011.0844178287364,1988.0,2015.0,21.0,pre_renovabio_1985_2015,100,approx_from_previous_land_use_grid,1987-2015,persistent new sugarcane entries weighted by grid-cell overlap,1541.053584370975,delta_vol_pct
07674341000191,USINA UBERABA S/A - Uberaba - MG,Uberaba,MG,Etanol combustível de primeira geração – cana-de-açúcar,cana_pura,2022,5649070.45002857,7843049.67257957,55.1,58.66,3.559999999999995,100.0,96.24,-3.760000000000005,852867.8926296564,2006.218595618092,1987.0,2015.0,29.0,pre_renovabio_1985_2015,100,approx_from_previous_land_use_grid,1987-2015,persistent new sugarcane entries weighted by grid-cell overlap,852867.8926296564,delta_vol_pct
07863768000138,CENTRAL ENERGÉTICA VICENTINA LTDA. - Vicentina - MS,Vicentina,MS,Etanol combustível de primeira geração – cana-de-açúcar,cana_pura,2022,4957691.64645764,7512525.16902396,46.22,46.22,0.0,94.44,94.44,0.0,447103.6824000941,2010.8711490561675,1987.0,2015.0,29.0,pre_renovabio_1985_2015,100,approx_from_previous_land_use_grid,1987-2015,persistent new sugarcane entries weighted by grid-cell overlap,447103.6824000941,delta_vol_pct
07895728000682,IACO Agrícola S. A. - Paraíso das Águas - MS,Paraíso das Águas,MS,Etanol combustível de primeira geração – cana-de-açúcar,cana_pura,2022,5115681.32211249,7920403.46115419,60.0,65.6,5.599999999999994,80.6,84.03,3.430000000000007,153707.2655152725,2012.3897153417054,1987.0,2015.0,29.0,pre_renovabio_1985_2015,100,approx_from_previous_land_use_grid,1987-2015,persistent new sugarcane entries weighted by grid-cell overlap,153707.2655152725,delta_vol_pct
07903169000109,ADECOAGRO Vale do Ivinhema S.A. - Usina Angélica - Angélica - MS,Angélica,MS,Etanol combustível de primeira geração – cana-de-açúcar,cana_pura,2022,5016136.4819986,7561787.55321358,66.4,65.6,-0.8000000000000114,98.99,92.97,-6.019999999999996,526637.185395523,2010.1975659810998,1987.0,2015.0,29.0,pre_renovabio_1985_2015,100,approx_from_previous_land_use_grid,1987-2015,persistent new sugarcane entries weighted by grid-cell overlap,526637.185395523,delta_vol_pct
07903169001768,ADECOAGRO Vale do Ivinhema S.A. - Unidade Ivinhema - Ivinhema/MS,Ivinhema,MS,Etanol combustível de primeira geração – cana-de-açúcar,cana_pura,2022,5011100.93780706,7522311.17438878,68.1,66.21,-1.8900000000000008,95.74,93.67,-2.069999999999993,532465.4689515604,2010.1416168991793,1987.0,2015.0,29.0,pre_renovabio_1985_2015,100,approx_from_previous_land_use_grid,1987-2015,persistent new sugarcane entries weighted by grid-cell overlap,532465.4689515604,delta_vol_pct
07912062000119,USINA LAGUNA - ÁLCOOL E AÇÚCAR LTDA - Batayporã-MS,Batayporã,MS,Etanol combustível de primeira geração – cana-de-açúcar,cana_pura,2022,5071846.17405905,7515313.57003671,60.0,61.77,1.7700000000000031,100.0,95.87,-4.129999999999996,648737.7539769611,2009.0241953651118,1987.0,2015.0,29.0,pre_renovabio_1985_2015,100,approx_from_previous_land_use_grid,1987-2015,persistent new sugarcane entries weighted by grid-cell overlap,648737.7539769611,delta_vol_pct
07930999000206,Bambuí Bioenergia S.A. - Bambuí - MG,Bambuí,MG,Etanol combustível de primeira geração – cana-de-açúcar,cana_pura,2022,5832071.41350924,7758293.75850072,65.4,62.05,-3.3500000000000085,98.05,99.19,1.1400000000000006,120046.0211469484,2006.5863251313783,1987.0,2015.0,29.0,pre_renovabio_1985_2015,100,approx_from_previous_land_use_grid,1987-2015,persistent new sugarcane entries weighted by grid-cell overlap,120046.0211469484,delta_vol_pct
07969961000239,PARAPUÃ AGROINDUSTRIAL S/A - EM RECUPERAÇÃO JUDICIAL - Parapuã - SP,Parapuã,SP,Etanol combustível de primeira geração – cana-de-açúcar,cana_pura,2022,5323843.36083459,7572181.42258664,48.64,57.72,9.079999999999998,92.46,96.34,3.8800000000000097,1552202.7542377315,2002.823902358117,1987.0,2015.0,29.0,pre_renovabio_1985_2015,100,approx_from_previous_land_use_grid,1987-2015,persistent new sugarcane entries weighted by grid-cell overlap,1552202.7542377315,delta_vol_pct
07981751000185,SANTA VITÓRIA AÇÚCAR E ÁLCOOL LTDA. - SANTA VITÓRIA - MG,SANTA VITÓRIA,MG,Etanol combustível de primeira geração – cana-de-açúcar,cana_pura,2022,5397129.40015537,7918670.58547895,55.27,61.81,6.539999999999999,98.47,98.28,-0.1899999999999977,862909.4673709817,2010.1071939262386,1987.0,2015.0,29.0,pre_renovabio_1985_2015,100,approx_from_previous_land_use_grid,1987-2015,persistent new sugarcane entries weighted by grid-cell overlap,862909.4673709817,delta_vol_pct
07987748000179,URUAÇU AÇÚCAR E ÁLCOOL LTDA. - Uruaçu - GO,Uruaçu,GO,Etanol combustível de primeira geração – cana-de-açúcar,cana_pura,2022,5532037.66692583,8399876.78943888,56.4,56.4,0.0,84.47,84.47,0.0,111889.7391811504,2006.897328406044,1987.0,2015.0,29.0,pre_renovabio_1985_2015,100,approx_from_previous_land_use_grid,1987-2015,persistent new sugarcane entries weighted by grid-cell overlap,111889.7391811504,delta_vol_pct
07996345000196,CAÇU COMÉRCIO E INDUSTRIA DE AÇÚCAR E ÁLCOOL LTDA - Vicentinópolis - GO,Vicentinópolis,GO,Etanol combustível de primeira geração – cana-de-açúcar e milho em usina integrada,cana_milho_integrada,2022,5425765.14468346,8038809.61979433,56.27,60.15,3.879999999999996,89.93,94.14,4.209999999999994,535158.248721026,2009.586718408524,1987.0,2015.0,29.0,pre_renovabio_1985_2015,100,approx_from_previous_land_use_grid,1987-2015,persistent new sugarcane entries weighted by grid-cell overlap,535158.248721026,delta_vol_pct
08048772000105,FLORESTA S/A ACUCAR E ALCOOL - Santo Antônio da Barra - GO,Santo Antônio da Barra,GO,Etanol combustível de primeira geração – cana-de-açúcar,cana_pura,2022,5348555.52657413,8048353.87392258,59.8,59.99,0.1900000000000048,98.71,96.67,-2.039999999999992,451309.01604608353,2010.063754097838,1987.0,2015.0,29.0,pre_renovabio_1985_2015,100,approx_from_previous_land_use_grid,1987-2015,persistent new sugarcane entries weighted by grid-cell overlap,451309.01604608353,delta_vol_pct
08056257000177,USINA CERRADÃO LTDA. - Frutal - MG,Frutal,MG,Etanol combustível de primeira geração – cana-de-açúcar,cana_pura,2022,5507129.7226862,7788708.55944956,60.1,60.1,0.0,95.61,95.61,0.0,1693626.571214397,2005.9672386863956,1987.0,2015.0,29.0,pre_renovabio_1985_2015,100,approx_from_previous_land_use_grid,1987-2015,persistent new sugarcane entries weighted by grid-cell overlap,1693626.571214397,delta_vol_pct
08057019000186,VALE DO PONTAL AÇÚCAR E ETANOL LTDA. - LIMEIRA DO OESTE - MG,LIMEIRA DO OESTE,MG,Etanol combustível de primeira geração – cana-de-açúcar,cana_pura,2022,5344677.00512068,7860168.22083297,53.7,58.23,4.529999999999994,90.36,88.38,-1.980000000000004,595242.0331872043,2010.2570627136083,1987.0,2015.0,29.0,pre_renovabio_1985_2015,100,approx_from_previous_land_use_grid,1987-2015,persistent new sugarcane entries weighted by grid-cell overlap,595242.0331872043,delta_vol_pct
08070508000330,RAIZEN ENERGIA S.A - FILIAL BARRA - Barra Bonita - SP,Barra Bonita,SP,Etanol combustível de primeira geração – cana-de-açúcar,cana_pura,2022,5561625.3919581,7502851.09951197,59.4,62.58,3.18,89.25,95.38,6.129999999999996,829037.7758107769,2000.0450834403862,1987.0,2015.0,29.0,pre_renovabio_1985_2015,100,approx_from_previous_land_use_grid,1987-2015,persistent new sugarcane entries weighted by grid-cell overlap,829037.7758107769,delta_vol_pct
08070508006532,RAIZEN ENERGIA S.A. - FILIAL BONFIM - Guariba - SP,Guariba,SP,Etanol combustível de primeira geração – cana-de-açúcar,cana_pura,2022,5591729.01060182,7619856.26285454,60.3,61.64,1.3400000000000034,92.73,,,1378172.6519521524,1999.780361475211,1987.0,2015.0,29.0,pre_renovabio_1985_2015,100,approx_from_previous_land_use_grid,1987-2015,persistent new sugarcane entries weighted by grid-cell overlap,1378172.6519521524,delta_vol_pct
08070508006613,RAIZEN ENERGIA S.A – FILIAL DESTIVALE - Araçatuba/SP,Araçatuba,SP,Etanol combustível de primeira geração – cana-de-açúcar,cana_pura,2022,5367418.97154142,7665824.90561979,55.5,59.24,3.740000000000002,92.34,88.6,-3.740000000000009,1797550.143076095,2004.1704410846592,1987.0,2015.0,29.0,pre_renovabio_1985_2015,100,approx_from_previous_land_use_grid,1987-2015,persistent new sugarcane entries weighted by grid-cell overlap,1797550.143076095,delta_vol_pct
08070508006702,RAIZEN ENERGIA S.A – FILIAL UNIVALEM - Valparaiso/SP,Valparaiso,SP,Etanol combustível de primeira geração – cana-de-açúcar,cana_pura,2022,5316484.56504606,7637408.62190444,59.0,64.6,5.599999999999994,95.93,67.63,-28.30000000000001,1543042.7724479064,2003.5707394008107,1987.0,2015.0,29.0,pre_renovabio_1985_2015,100,approx_from_previous_land_use_grid,1987-2015,persistent new sugarcane entries weighted by grid-cell overlap,1543042.7724479064,delta_vol_pct
08070508006885,RAIZEN ENERGIA S.A – FILIAL GASA - Andradina - SP,Andradina,SP,Etanol combustível de primeira geração – cana-de-açúcar,cana_pura,2022,5285169.94113746,7699771.90832298,61.1,64.74,3.6399999999999935,96.17,77.25,-18.92,1204759.7464608648,2004.5351895150316,1987.0,2015.0,29.0,pre_renovabio_1985_2015,100,approx_from_previous_land_use_grid,1987-2015,persistent new sugarcane entries weighted by grid-cell overlap,1204759.7464608648,delta_vol_pct
08070508006966,RAÍZEN ENERGIA S.A - FILIAL IPAUSSU - Ipaussu - SP,Ipaussu,SP,Etanol combustível de primeira geração – cana-de-açúcar,cana_pura,2022,5451669.76237652,7437370.02362722,61.7,63.5,1.7999999999999972,84.36,78.83,-5.530000000000001,720923.2543736966,2001.8217829630998,1987.0,2015.0,29.0,pre_renovabio_1985_2015,100,approx_from_previous_land_use_grid,1987-2015,persistent new sugarcane entries weighted by grid-cell overlap,720923.2543736966,delta_vol_pct
08070508008314,RAÍZEN ENERGIA S.A. – FILIAL BENALCOOL - Bento de Abreu/SP,Bento de Abreu,SP,Etanol combustível de primeira geração – cana-de-açúcar,cana_pura,2022,5334173.58643383,7648361.26451074,56.8,59.28,2.480000000000004,94.29,90.98,-3.3100000000000023,1650865.2922471887,2003.8024729226786,1987.0,2015.0,29.0,pre_renovabio_1985_2015,100,approx_from_previous_land_use_grid,1987-2015,persistent new sugarcane entries weighted by grid-cell overlap,1650865.2922471887,delta_vol_pct
08070508009477,RAIZEN ENERGIA S.A - Filial Santa Helena - Rio das Pedras - SP,Rio das Pedras,SP,Etanol combustível de primeira geração – cana-de-açúcar,cana_pura,2022,5646628.07414061,7454292.69209063,55.4,55.4,0.0,86.85,86.85,0.0,586834.0972979767,1997.8567997159114,1987.0,2015.0,29.0,pre_renovabio_1985_2015,100,approx_from_previous_land_use_grid,1987-2015,persistent new sugarcane entries weighted by grid-cell overlap,586834.0972979767,delta_vol_pct
08070508009558,RAIZEN ENERGIA S.A - FILIAL DIAMANTE - Jaú​ - SP,Jaú​,SP,Etanol combustível de primeira geração – cana-de-açúcar,cana_pura,2022,5546571.45248883,7515692.49886498,53.7,56.43,2.729999999999997,96.75,94.59,-2.1599999999999966,880831.3137271586,2000.6250980801165,1987.0,2015.0,29.0,pre_renovabio_1985_2015,100,approx_from_previous_land_use_grid,1987-2015,persistent new sugarcane entries weighted by grid-cell overlap,880831.3137271586,delta_vol_pct
08070508009710,RAÍZEN ENERGIA S.A. – FILIAL MUNDIAL - Mirandópolis/SP,Mirandópolis,SP,Etanol combustível de primeira geração – cana-de-açúcar,cana_pura,2022,5288970.0827283,7652807.89013659,60.4,62.24,1.8400000000000036,90.53,79.68,-10.849999999999994,1383641.0114008638,2003.8722094006305,1987.0,2015.0,29.0,pre_renovabio_1985_2015,100,approx_from_previous_land_use_grid,1987-2015,persistent new sugarcane entries weighted by grid-cell overlap,1383641.0114008638,delta_vol_pct
08070508012265,RAIZEN ENERGIA S.A - Filial Rafard - Rafard - SP,Rafard,SP,Etanol combustível de primeira geração – cana-de-açúcar,cana_pura,2022,5662959.43435787,7439874.71607815,60.5,58.76,-1.740000000000002,91.34,74.0,-17.340000000000003,494862.8234975467,1997.7166235694963,1987.0,2015.0,29.0,pre_renovabio_1985_2015,100,approx_from_previous_land_use_grid,1987-2015,persistent new sugarcane entries weighted by grid-cell overlap,494862.8234975467,delta_vol_pct
08070508012427,RAIZEN ENERGIA S.A -Filial Igarapava - Igarapava - SP,Igarapava,SP,Etanol combustível de primeira geração – cana-de-açúcar,cana_pura,2022,5649443.33226948,7776607.8684645,55.6,57.71,2.1099999999999994,95.96,94.23,-1.7299999999999898,1455719.8959614981,2003.4526821219706,1987.0,2015.0,29.0,pre_renovabio_1985_2015,100,approx_from_previous_land_use_grid,1987-2015,persistent new sugarcane entries weighted by grid-cell overlap,1455719.8959614981,delta_vol_pct
08070508012508,RAIZEN ENERGIA S.A - FILIAL SERRA - Ibaté - SP,Ibaté,SP,Etanol combustível de primeira geração – cana-de-açúcar,cana_pura,2022,5619330.79134112,7552745.61755515,62.8,64.23,1.4300000000000068,95.55,92.79,-2.759999999999991,925372.5423269866,1999.0013008529304,1987.0,2015.0,29.0,pre_renovabio_1985_2015,100,approx_from_previous_land_use_grid,1987-2015,persistent new sugarcane entries weighted by grid-cell overlap,925372.5423269866,delta_vol_pct
08070508015795,RAIZEN ENERGIA S.A. - Filial Santa Cândida - Bocaina - SP,Bocaina,SP,Etanol combustível de primeira geração – cana-de-açúcar,cana_pura,2022,5569515.61230622,7544190.86669368,50.0,65.01,15.010000000000003,93.74,97.02,3.280000000000001,986116.8419858522,1999.9126831105395,1987.0,2015.0,29.0,pre_renovabio_1985_2015,100,approx_from_previous_land_use_grid,1987-2015,persistent new sugarcane entries weighted by grid-cell overlap,986116.8419858522,delta_vol_pct
08070508015876,RAÍZEN ENERGIA S.A. - Unidade Paraíso - Brotas/SP,Brotas,SP,Etanol combustível de primeira geração – cana-de-açúcar,cana_pura,2023,5606895.14907524,7515420.32638828,66.38,58.18,-8.199999999999996,95.35,95.99,0.6400000000000006,882323.6475900635,1998.7622056313453,1987.0,2015.0,29.0,pre_renovabio_1985_2015,100,approx_from_previous_land_use_grid,1987-2015,persistent new sugarcane entries weighted by grid-cell overlap,882323.6475900635,delta_vol_pct
08070508016414,RAÍZEN ENERGIA S.A.- filial Araraquara - Araraquara - SP,Araraquara,SP,Etanol combustível de primeira geração – cana-de-açúcar,cana_pura,2023,5600776.63963633,7570486.10648195,64.55,63.14,-1.4099999999999966,97.89,92.53,-5.359999999999999,1053248.6161143382,1999.522411007724,1987.0,2015.0,29.0,pre_renovabio_1985_2015,100,approx_from_previous_land_use_grid,1987-2015,persistent new sugarcane entries weighted by grid-cell overlap,1053248.6161143382,delta_vol_pct
08070508016767,RAÍZEN ENERGIA S.A. - FILIAL JATAÍ - Jataí - GO,Jataí,GO,Etanol combustível de primeira geração – cana-de-açúcar,cana_pura,2023,5251822.50629531,8040545.41416629,58.16,62.76,4.600000000000001,95.27,71.81,-23.459999999999997,134249.12318326652,2011.5879024308556,1987.0,2015.0,29.0,pre_renovabio_1985_2015,100,approx_from_previous_land_use_grid,1987-2015,persistent new sugarcane entries weighted by grid-cell overlap,134249.12318326652,delta_vol_pct
08070566001173,BRENCO - COMPANHIA BRASILEIRA DE ENERGIA RENOVÁVEL - EM RECUPERAÇÃO JUDICIAL - Usina Água Emendada - Perolândia - GO,Perolândia,GO,Etanol combustível de primeira geração – cana-de-açúcar,cana_pura,2022,5184865.44292399,8059566.8018377,58.4,60.91,2.509999999999998,97.96,92.58,-5.379999999999996,126621.99904745785,2012.2501586909527,1987.0,2015.0,29.0,pre_renovabio_1985_2015,100,approx_from_previous_land_use_grid,1987-2015,persistent new sugarcane entries weighted by grid-cell overlap,126621.99904745785,delta_vol_pct
08070566001254,BRENCO - COMPANHIA BRASILEIRA DE ENERGIA RENOVÁVEL - EM RECUPERAÇÃO JUDICIAL (Usina Morro Vermelho) - Mineiros-GO,Mineiros,GO,Etanol combustível de primeira geração – cana-de-açúcar,cana_pura,2022,5101602.13096546,8039652.13373141,54.7,63.38,8.68,100.0,93.69,-6.310000000000002,148739.87737464954,2012.519441012229,1987.0,2015.0,29.0,pre_renovabio_1985_2015,100,approx_from_previous_land_use_grid,1987-2015,persistent new sugarcane entries weighted by grid-cell overlap,148739.87737464954,delta_vol_pct
08070566001688,BRENCO - Companhia Brasileira de Energia Renovável - Em Recuperação Judicial – Usina Costa Costa - Costa Rica - MS,Costa Rica,MS,Etanol combustível de primeira geração – cana-de-açúcar,cana_pura,2022,5087844.23129958,7957345.60249722,62.3,62.34,0.0400000000000062,97.3,93.3,-4.0,177429.34920463647,2012.4153638541313,1987.0,2015.0,29.0,pre_renovabio_1985_2015,100,approx_from_previous_land_use_grid,1987-2015,persistent new sugarcane entries weighted by grid-cell overlap,177429.34920463647,delta_vol_pct
08070566001769,BRENCO - COMPANHIA BRASILEIRA DE ENERGIA RENOVÁVEL - EM RECUPERAÇÃO JUDICIAL - Usina Alto Taquari Alto Taquari - MT,Alto Taquari,MT,Etanol combustível de primeira geração – cana-de-açúcar,cana_pura,2022,5072420.43125302,8038016.58791523,59.9,65.62,5.720000000000006,100.0,99.24,-0.7600000000000051,129587.3707014205,2012.5477003088045,1987.0,2015.0,29.0,pre_renovabio_1985_2015,100,approx_from_previous_land_use_grid,1987-2015,persistent new sugarcane entries weighted by grid-cell overlap,129587.3707014205,delta_vol_pct
08110543000173,DA MATA S.A. - AÇÚCAR E ÁLCOOL - Valparaíso/SP,Valparaíso,SP,Etanol combustível de primeira geração – cana-de-açúcar,cana_pura,2022,5327944.83619462,7667998.52699712,63.5,64.97,1.4699999999999989,97.88,58.06,-39.81999999999999,1626314.478028718,2004.1173747364749,1987.0,2015.0,29.0,pre_renovabio_1985_2015,100,approx_from_previous_land_use_grid,1987-2015,persistent new sugarcane entries weighted by grid-cell overlap,1626314.478028718,delta_vol_pct
08164344000148,BP BIOENERGIA ITUIUTABA LTDA - Ituiutaba - MG,Ituiutaba,MG,Etanol combustível de primeira geração – cana-de-açúcar,cana_pura,2022,5455406.60076464,7890697.43292394,62.0,69.47,7.469999999999999,100.0,92.91,-7.090000000000003,707608.5063346524,2008.9235497748493,1987.0,2015.0,29.0,pre_renovabio_1985_2015,100,approx_from_previous_land_use_grid,1987-2015,persistent new sugarcane entries weighted by grid-cell overlap,707608.5063346524,delta_vol_pct
08195806000194,BP BIOENERGIA TROPICAL - Edéia - GO,Edéia,GO,Etanol combustível de primeira geração – cana-de-açúcar,cana_pura,2022,5412152.61339106,8039594.33635904,64.2,65.29,1.0900000000000034,96.43,85.28,-11.150000000000006,532807.1718738136,2009.6806625601916,1987.0,2015.0,29.0,pre_renovabio_1985_2015,100,approx_from_previous_land_use_grid,1987-2015,persistent new sugarcane entries weighted by grid-cell overlap,532807.1718738136,delta_vol_pct
08322396000103,CERRADINHO BIOENERGIA S.A. - Chapadão do Céu/GO,Chapadão do Céu,GO,Etanol combustível de primeira geração – cana-de-açúcar,cana_pura,2022,5146922.17573628,7956460.94242351,63.8,68.21,4.409999999999997,95.62,98.74,3.1199999999999903,183736.8405806897,2012.3495611320282,1987.0,2015.0,29.0,pre_renovabio_1985_2015,100,approx_from_previous_land_use_grid,1987-2015,persistent new sugarcane entries weighted by grid-cell overlap,183736.8405806897,delta_vol_pct
08355201000113,BIOENERGÉTICA AROEIRA S.A. - Tupaciguara – MG,Tupaciguara,MG,Etanol combustível de primeira geração – cana-de-açúcar,cana_pura,2022,5568092.54534775,7917204.86392269,63.99,70.47,6.479999999999997,100.0,98.83,-1.1700000000000017,432284.2529459939,2008.2521631462862,1987.0,2015.0,29.0,pre_renovabio_1985_2015,100,approx_from_previous_land_use_grid,1987-2015,persistent new sugarcane entries weighted by grid-cell overlap,432284.2529459939,delta_vol_pct
08391345000397,Figueira Indústria e Comércio S/A - FILIAL ALCOAZUL - Araçatuba - SP,Araçatuba,SP,Etanol combustível de primeira geração – cana-de-açúcar,cana_pura,2022,5359085.56390883,7664537.07713374,49.7,62.81,13.11,93.9,98.78,4.879999999999996,1783383.5115184574,2004.1352691676868,1987.0,2015.0,29.0,pre_renovabio_1985_2015,100,approx_from_previous_land_use_grid,1987-2015,persistent new sugarcane entries weighted by grid-cell overlap,1783383.5115184574,delta_vol_pct
08493354000127,VALE DO TIJUCO AÇÚCAR E ÁLCOOL S.A. - Uberaba - MG,Uberaba,MG,Etanol combustível de primeira geração – cana-de-açúcar,cana_pura,2022,5604973.56489957,7849247.86141656,59.82,61.76,1.9399999999999975,96.93,76.04,-20.89,959319.9219960159,2006.493504807952,1987.0,2015.0,29.0,pre_renovabio_1985_2015,100,approx_from_previous_land_use_grid,1987-2015,persistent new sugarcane entries weighted by grid-cell overlap,959319.9219960159,delta_vol_pct
08517600000133,BP BIOENERGIA ITUMBIARA S.A. - Itumbiara - GO,Itumbiara,GO,Etanol combustível de primeira geração – cana-de-açúcar,cana_pura,2022,5489836.646157,7945217.27143254,60.9,66.03,5.130000000000003,89.91,93.93,4.02000000000001,612452.3597783133,2008.7218922250602,1987.0,2015.0,29.0,pre_renovabio_1985_2015,100,approx_from_previous_land_use_grid,1987-2015,persistent new sugarcane entries weighted by grid-cell overlap,612452.3597783133,delta_vol_pct
08598391000108,RIO CLARO AGROINDUSTRIAL S.A - EM RECUPERAÇÃO JUDICIAL - Caçu/GO,Caçu,GO,Etanol combustível de primeira geração – cana-de-açúcar,cana_pura,2022,5315298.48499779,7918441.7148411,58.7,61.59,2.890000000000001,95.44,94.04,-1.3999999999999917,536096.3160013396,2011.0042925079135,1987.0,2015.0,29.0,pre_renovabio_1985_2015,100,approx_from_previous_land_use_grid,1987-2015,persistent new sugarcane entries weighted by grid-cell overlap,536096.3160013396,delta_vol_pct
08657268000102,Usina Rio Pardo S.A. - Em Recuperação Judicial - Cerqueira Cesar - SP,Cerqueira Cesar,SP,Etanol combustível de primeira geração – cana-de-açúcar,cana_pura,2022,5512577.89193865,7455872.71081185,46.6,53.55,6.949999999999996,39.33,59.49,20.160000000000004,653696.5477185913,2000.7736027793007,1987.0,2015.0,29.0,pre_renovabio_1985_2015,100,approx_from_previous_land_use_grid,1987-2015,persistent new sugarcane entries weighted by grid-cell overlap,653696.5477185913,delta_vol_pct
08704527000109,Usina Panorama S. A. - Itumbiara - GO,Itumbiara,GO,Etanol combustível de primeira geração – cana-de-açúcar,cana_pura,2022,5437051.31620813,7966538.97482847,62.3,64.42,2.1200000000000045,88.94,92.12,3.180000000000007,868335.5923857511,2009.3762657211203,1987.0,2015.0,29.0,pre_renovabio_1985_2015,100,approx_from_previous_land_use_grid,1987-2015,persistent new sugarcane entries weighted by grid-cell overlap,868335.5923857511,delta_vol_pct
08793343000162,BIOENERGÉTICA VALE DO PARACATU S/A - João Pinheiro - MG,João Pinheiro,MG,Etanol combustível de primeira geração – cana-de-açúcar,cana_pura,2022,5831869.17150148,8096440.97448512,70.7,66.1,-4.6000000000000085,100.0,59.74,-40.26,44664.314360443575,2012.0292070328371,1987.0,2015.0,29.0,pre_renovabio_1985_2015,100,approx_from_previous_land_use_grid,1987-2015,persistent new sugarcane entries weighted by grid-cell overlap,44664.314360443575,delta_vol_pct
08830263000130,Fátima do Sul Agro-Energética S. A. - Álcool e Açúcar - Fátima do Sul - MS,Fátima do Sul,MS,Etanol combustível de primeira geração – cana-de-açúcar,cana_pura,2022,4937402.30573602,7529808.29225759,62.6,63.28,0.6799999999999997,93.16,86.3,-6.859999999999999,435468.14675752434,2010.7063322262115,1987.0,2015.0,29.0,pre_renovabio_1985_2015,100,approx_from_previous_land_use_grid,1987-2015,persistent new sugarcane entries weighted by grid-cell overlap,435468.14675752434,delta_vol_pct
08906558000142,Agro Energia Santa Luzia em Recuperacao Judicial - Nova Alvorada do Sul/MS,Nova Alvorada do Sul,MS,Etanol combustível de primeira geração – cana-de-açúcar,cana_pura,2022,4973772.34946458,7611162.82584707,60.1,62.83,2.729999999999997,99.43,89.47,-9.960000000000008,434114.804528293,2010.0472838443316,1987.0,2015.0,29.0,pre_renovabio_1985_2015,100,approx_from_previous_land_use_grid,1987-2015,persistent new sugarcane entries weighted by grid-cell overlap,434114.804528293,delta_vol_pct
09022388000104,CAMBUI ACUCAR E ALCOOL LTDA. - Santa Helena de Goiás - GO,Santa Helena de Goiás,GO,Etanol combustível de primeira geração – cana-de-açúcar,cana_pura,2022,5356517.62657771,8014249.48283873,59.2,59.08,-0.1200000000000045,93.4,94.79,1.3900000000000006,616844.2105508514,2010.3637891095993,1987.0,2015.0,29.0,pre_renovabio_1985_2015,100,approx_from_previous_land_use_grid,1987-2015,persistent new sugarcane entries weighted by grid-cell overlap,616844.2105508514,delta_vol_pct
09075242000119,EBER BIOENERGIA E AGRICULTURA LTDA. - Montes Claros de Goiás - GO,Montes Claros de Goiás,GO,Etanol combustível de primeira geração – cana-de-açúcar,cana_pura,2022,4775547.97112293,8273949.70009723,51.43,46.29,-5.140000000000001,100.0,100.0,0.0,3893.110478947671,2005.9138058586473,1989.0,2015.0,27.0,pre_renovabio_1985_2015,100,approx_from_previous_land_use_grid,1987-2015,persistent new sugarcane entries weighted by grid-cell overlap,3893.110478947671,delta_vol_pct
09538989000166,RAÍZEN CAARAPO AÇÚCAR E ÁLCOOL LTDA. - FILIAL CAARAPÓ - Caarapó - MS,Caarapó,MS,Etanol combustível de primeira geração – cana-de-açúcar,cana_pura,2022,4928433.7195605,7498055.71637994,50.6,62.44,11.839999999999996,77.51,72.74,-4.77000000000001,295165.8887814583,2010.85200870805,1987.0,2015.0,29.0,pre_renovabio_1985_2015,100,approx_from_previous_land_use_grid,1987-2015,persistent new sugarcane entries weighted by grid-cell overlap,295165.8887814583,delta_vol_pct
09538989000409,RAÍZEN CAARAPÓ AÇÚCAR E ÁLCOOL LTDA. - Filial Paraguaçu - Paraguaçu Paulista - SP,Paraguaçu Paulista,SP,Etanol combustível de primeira geração – cana-de-açúcar,cana_pura,2023,5330307.2751111,7509869.51745985,52.31,52.8,0.4899999999999949,90.78,93.67,2.890000000000001,1429966.1193607564,2002.7359800132788,1987.0,2015.0,29.0,pre_renovabio_1985_2015,100,approx_from_previous_land_use_grid,1987-2015,persistent new sugarcane entries weighted by grid-cell overlap,1429966.1193607564,delta_vol_pct
09538989000670,RAÍZEN CAARAPÓ AÇÚCAR E ÁLCOOL LTDA. - filial Maracaí - Maracaí - SP,Maracaí,SP,Etanol combustível de primeira geração – cana-de-açúcar,cana_pura,2023,5343998.32966224,7498367.91828655,53.88,53.26,-0.6200000000000045,77.08,86.84,9.760000000000003,1356426.371878382,2002.5703152280507,1987.0,2015.0,29.0,pre_renovabio_1985_2015,100,approx_from_previous_land_use_grid,1987-2015,persistent new sugarcane entries weighted by grid-cell overlap,1356426.371878382,delta_vol_pct
09538989000751,RAÍZEN CAARAPÓ AÇÚCAR E ÁLCOOL LTDA. - filial Tarumã - Tarumã - SP,Tarumã,SP,Etanol combustível de primeira geração – cana-de-açúcar,cana_pura,2023,5354100.78860249,7474917.45257299,49.96,49.03,-0.9299999999999996,72.81,76.44,3.629999999999996,1244180.958945088,2002.1442225040628,1987.0,2015.0,29.0,pre_renovabio_1985_2015,100,approx_from_previous_land_use_grid,1987-2015,persistent new sugarcane entries weighted by grid-cell overlap,1244180.958945088,delta_vol_pct
10249419000216,SJC BIOENERGIA LTDA - USF. - Quirinópolis-GO,Quirinópolis,GO,Etanol combustível de primeira geração – cana-de-açúcar e milho em usina integrada,cana_milho_integrada,2022,5395238.45475603,7957099.15615166,58.2,70.05,11.849999999999994,57.0,44.4,-12.6,860864.6952407667,2010.0175619705956,1987.0,2015.0,29.0,pre_renovabio_1985_2015,100,approx_from_previous_land_use_grid,1987-2015,persistent new sugarcane entries weighted by grid-cell overlap,860864.6952407667,delta_vol_pct
10249419000305,SJC BIOENERGIA LTDA - URD. - Cachoeira Dourada - GO,Cachoeira Dourada,GO,Etanol combustível de primeira geração – cana-de-açúcar,cana_pura,2022,5459071.58818042,7947872.72078123,58.4,61.13,2.730000000000004,98.7,89.8,-8.900000000000006,795897.4962739861,2009.1741209377756,1987.0,2015.0,29.0,pre_renovabio_1985_2015,100,approx_from_previous_land_use_grid,1987-2015,persistent new sugarcane entries weighted by grid-cell overlap,795897.4962739861,delta_vol_pct
10452413000160,Destilaria Veredas Indústria de Açúcar e Álcool Ltda. - João Pinheiro - MG,João Pinheiro,MG,Etanol combustível de primeira geração – cana-de-açúcar,cana_pura,2022,5866154.33206323,8019987.29737984,56.4,58.36,1.9600000000000009,100.0,97.47,-2.530000000000001,49589.49010000367,2011.4518372548957,1987.0,2015.0,29.0,pre_renovabio_1985_2015,100,approx_from_previous_land_use_grid,1987-2015,persistent new sugarcane entries weighted by grid-cell overlap,49589.49010000367,delta_vol_pct
10921675000127,DESTILARIA BURITI LTDA. - Sorriso - MT,Sorriso,MT,Etanol combustível de primeira geração – cana-de-açúcar,cana_pura,2023,4825594.96841672,8620088.33291891,28.74,39.03,10.290000000000004,100.0,100.0,0.0,0.0,,,,,pre_renovabio_1985_2015,100,approx_from_previous_land_use_grid,1987-2015,persistent new sugarcane entries weighted by grid-cell overlap,0.0,delta_vol_pct
11092881000134,Bom Sucesso Agroindustria S.A. - Goiatuba - GO,Goiatuba,GO,Etanol combustível de primeira geração – cana-de-açúcar,cana_pura,2022,5439044.89446956,8009256.73986314,46.7,55.38,8.68,79.42,91.59,12.170000000000002,711675.5547068687,2009.3315087132692,1987.0,2015.0,29.0,pre_renovabio_1985_2015,100,approx_from_previous_land_use_grid,1987-2015,persistent new sugarcane entries weighted by grid-cell overlap,711675.5547068687,delta_vol_pct
12229415001001,S/A USINA CORURIPE AÇÚCAR E ÁLCOOL - Filial Iturama - Iturama - MG,Iturama,MG,Etanol combustível de primeira geração – cana-de-açúcar,cana_pura,2022,5383799.07899261,7815756.76594269,55.4,59.72,4.32,98.07,95.91,-2.1599999999999966,841131.0912773955,2008.5324810970606,1987.0,2015.0,29.0,pre_renovabio_1985_2015,100,approx_from_previous_land_use_grid,1987-2015,persistent new sugarcane entries weighted by grid-cell overlap,841131.0912773955,delta_vol_pct
12229415001435,S/A USINA CORURIPE AÇÚCAR E ÁLCOOL - Filial Campo Florido - Campo Florido - MG,Campo Florido,MG,Etanol combustível de primeira geração – cana-de-açúcar,cana_pura,2022,5551825.00544841,7799416.13504996,51.7,55.95,4.25,95.62,93.93,-1.6899999999999975,1667465.8178284771,2005.0145079109243,1987.0,2015.0,29.0,pre_renovabio_1985_2015,100,approx_from_previous_land_use_grid,1987-2015,persistent new sugarcane entries weighted by grid-cell overlap,1667465.8178284771,delta_vol_pct
12229415001605,S/A USINA CORURIPE AÇÚCAR E ÁLCOOL - Filial Limeira do Oeste - Limeira do Oeste - MG,Limeira do Oeste,MG,Etanol combustível de primeira geração – cana-de-açúcar,cana_pura,2022,5350615.57572406,7837088.93073151,49.7,58.07,8.369999999999997,99.31,96.79,-2.519999999999996,631179.1416142718,2009.6951021530376,1987.0,2015.0,29.0,pre_renovabio_1985_2015,100,approx_from_previous_land_use_grid,1987-2015,persistent new sugarcane entries weighted by grid-cell overlap,631179.1416142718,delta_vol_pct
12282034001762,USINA CAETE S.A. - Unidade Paulicéia - Paulicéia - SP,Paulicéia,SP,Etanol combustível de primeira geração – cana-de-açúcar,cana_pura,2022,5231035.18562973,7644359.25066858,67.0,56.38,-10.619999999999996,97.05,97.31,0.2600000000000051,934293.385459379,2004.0702894939154,1987.0,2015.0,29.0,pre_renovabio_1985_2015,100,approx_from_previous_land_use_grid,1987-2015,persistent new sugarcane entries weighted by grid-cell overlap,934293.385459379,delta_vol_pct
13537735000281,DELTA SUCROENERGIA S.A. – Usina Volta Grande - Conceição das Alagoas - MG,Conceição das Alagoas,MG,Etanol combustível de primeira geração – cana-de-açúcar,cana_pura,2022,5600022.11581419,7779379.0716028,60.12,62.77,2.6500000000000057,98.77,96.23,-2.539999999999992,1859628.770662851,2003.9480762695046,1987.0,2015.0,29.0,pre_renovabio_1985_2015,100,approx_from_previous_land_use_grid,1987-2015,persistent new sugarcane entries weighted by grid-cell overlap,1859628.770662851,delta_vol_pct
13537735000362,DELTA Sucroenergia S/A - Delta - MG,Delta,MG,Etanol combustível de primeira geração – cana-de-açúcar,cana_pura,2022,5651875.78550578,7778319.54503458,61.85,63.58,1.7299999999999969,97.87,96.93,-0.9399999999999976,1416407.8887032936,2003.5067884807481,1987.0,2015.0,29.0,pre_renovabio_1985_2015,100,approx_from_previous_land_use_grid,1987-2015,persistent new sugarcane entries weighted by grid-cell overlap,1416407.8887032936,delta_vol_pct
15009178000170,USINAS ITAMARATI S/A - Nova Olimpía - MT,Nova Olimpía,MT,Etanol combustível de primeira geração – cana-de-açúcar,cana_pura,2022,4655846.67665979,8364321.86756508,57.06,57.86,0.7999999999999972,77.6,91.31,13.710000000000008,121386.02129617418,2005.6304234071993,1989.0,2015.0,27.0,pre_renovabio_1985_2015,100,approx_from_previous_land_use_grid,1987-2015,persistent new sugarcane entries weighted by grid-cell overlap,121386.02129617418,delta_vol_pct
15043391000107,Cooperativa Agrícola de Produtores de Cana de Campo Novo do Parecis Ltda. - Campo Novo do Parecis - MT,Campo Novo do Parecis,MT,Etanol combustível de primeira geração – cana-de-açúcar,cana_pura,2022,4584313.44232683,8471992.38803468,48.55,52.29,3.740000000000002,93.76,83.18,-10.579999999999998,22606.76209520361,2009.4333125696844,1989.0,2015.0,27.0,pre_renovabio_1985_2015,100,approx_from_previous_land_use_grid,1987-2015,persistent new sugarcane entries weighted by grid-cell overlap,22606.76209520361,delta_vol_pct
15444904000183,ALCOOLVALE S/A - ALCOOL E AÇÚCAR - Aparecida do Taboado -MS,Aparecida do Taboado,MS,Etanol combustível de primeira geração – cana-de-açúcar,cana_pura,2022,5282458.27441009,7775739.04857417,67.1,63.74,-3.3599999999999923,85.28,99.25,13.97,676298.4906056868,2006.6628578918276,1987.0,2015.0,29.0,pre_renovabio_1985_2015,100,approx_from_previous_land_use_grid,1987-2015,persistent new sugarcane entries weighted by grid-cell overlap,676298.4906056868,delta_vol_pct
15527906000721,Biosev S.A. – USINA Passa Tempo - Rio Brilhante-MS,Rio Brilhante,MS,Etanol combustível de primeira geração – cana-de-açúcar,cana_pura,2022,4926225.23993506,7619574.82541739,65.3,48.64,-16.659999999999997,98.81,86.65,-12.159999999999997,340726.7531772668,2009.4620168368215,1987.0,2015.0,29.0,pre_renovabio_1985_2015,100,approx_from_previous_land_use_grid,1987-2015,persistent new sugarcane entries weighted by grid-cell overlap,340726.7531772668,delta_vol_pct
15527906002937,BIOSEV S.A. - Usina Lagoa da Prata - Lagoa da Prata-MG,Lagoa da Prata,MG,Etanol combustível de primeira geração – cana-de-açúcar,cana_pura,2022,5882006.09793013,7756939.1207431,64.0,54.22,-9.78,97.38,83.86,-13.519999999999996,79546.68765726844,2009.4611796105878,1987.0,2015.0,29.0,pre_renovabio_1985_2015,100,approx_from_previous_land_use_grid,1987-2015,persistent new sugarcane entries weighted by grid-cell overlap,79546.68765726844,delta_vol_pct
15527906003585,BIOSEV S.A. - Usina Rio Brilhante - Rio Brilhante - MS,Rio Brilhante,MS,Etanol combustível de primeira geração – cana-de-açúcar,cana_pura,2022,4947527.29422604,7595724.73198237,62.4,50.15,-12.25,98.46,92.3,-6.159999999999997,453467.5266313555,2010.0866640566778,1987.0,2015.0,29.0,pre_renovabio_1985_2015,100,approx_from_previous_land_use_grid,1987-2015,persistent new sugarcane entries weighted by grid-cell overlap,453467.5266313555,delta_vol_pct
15527906003666,BIOSEV S.A. - Usina Leme - Leme - SP,Leme,SP,Etanol combustível de primeira geração – cana-de-açúcar,cana_pura,2022,5695115.90535615,7532924.94260428,60.6,52.9,-7.700000000000003,98.59,97.75,-0.8400000000000034,693085.2813985182,1998.7438788414916,1987.0,2015.0,29.0,pre_renovabio_1985_2015,100,approx_from_previous_land_use_grid,1987-2015,persistent new sugarcane entries weighted by grid-cell overlap,693085.2813985182,delta_vol_pct
16617789000164,AGROPÉU – AGRO INDUSTRIAL DE POMPÉU S/A - Pompéu - MG,Pompéu,MG,Etanol combustível de primeira geração – cana-de-açúcar,cana_pura,2022,5947272.85296162,7845800.93953152,66.1,68.21,2.1099999999999994,89.95,88.95,-1.0,41305.01991347606,2009.7407071146984,1987.0,2015.0,29.0,pre_renovabio_1985_2015,100,approx_from_previous_land_use_grid,1987-2015,persistent new sugarcane entries weighted by grid-cell overlap,41305.01991347606,delta_vol_pct
19537471000161,USA - Usina Santo Ângelo Ltda. - Pirajuba - MG,Pirajuba,MG,Etanol combustível de primeira geração – cana-de-açúcar,cana_pura,2022,5568683.13700541,7782902.4380549,58.5,60.08,1.5799999999999983,97.66,91.29,-6.36999999999999,1862081.6943518643,2004.2391211943311,1987.0,2015.0,29.0,pre_renovabio_1985_2015,100,approx_from_previous_land_use_grid,1987-2015,persistent new sugarcane entries weighted by grid-cell overlap,1862081.6943518643,delta_vol_pct
19818301000155,ARAPORÃ BIOENERGIA S/A - ARAPORÃ - MG,ARAPORÃ,MG,Etanol combustível de primeira geração – cana-de-açúcar,cana_pura,2022,5508229.05438586,7952896.97771936,66.0,64.18,-1.8199999999999927,95.49,89.33,-6.159999999999997,534691.6188356315,2008.4347623359708,1987.0,2015.0,29.0,pre_renovabio_1985_2015,100,approx_from_previous_land_use_grid,1987-2015,persistent new sugarcane entries weighted by grid-cell overlap,534691.6188356315,delta_vol_pct
21783238000100,Destilaria Rio do Cachimbo Ltda. - João Pinheiro-MG,João Pinheiro,MG,Etanol combustível de primeira geração – cana-de-açúcar,cana_pura,2022,5861190.51579064,8007523.80949601,57.0,60.91,3.9099999999999966,100.0,82.85,-17.150000000000006,46904.602527360505,2011.3374615687553,1987.0,2015.0,29.0,pre_renovabio_1985_2015,100,approx_from_previous_land_use_grid,1987-2015,persistent new sugarcane entries weighted by grid-cell overlap,46904.602527360505,delta_vol_pct
22587687000146,Usina Monte Alegre Ltda. - Monte Belo - MG,Monte Belo,MG,Etanol combustível de primeira geração – cana-de-açúcar,cana_pura,2022,5803122.45244692,7614729.31010418,70.0,63.97,-6.030000000000001,90.77,91.16,0.3900000000000005,253397.73613573107,2001.708586671004,1987.0,2015.0,29.0,pre_renovabio_1985_2015,100,approx_from_previous_land_use_grid,1987-2015,persistent new sugarcane entries weighted by grid-cell overlap,253397.73613573107,delta_vol_pct
23796998000188,COMPANHIA AGRÍCOLA PONTENOVENSE - Urucânia - MG,Urucânia,MG,Etanol combustível de primeira geração – cana-de-açúcar,cana_pura,2023,6176904.75728049,7710078.72683329,54.37,59.45,5.080000000000005,88.54,90.31,1.769999999999996,815.2103993064053,2007.4234585240868,1988.0,2015.0,20.0,pre_renovabio_1985_2015,100,approx_from_previous_land_use_grid,1987-2015,persistent new sugarcane entries weighted by grid-cell overlap,815.2103993064053,delta_vol_pct
23858708000183,Rio Amambai Agroenergia S/A - Naviraí - MS,Naviraí,MS,Etanol combustível de primeira geração – cana-de-açúcar,cana_pura,2022,4979537.05465003,7440917.38714525,52.51,53.52,1.0100000000000051,91.9,84.63,-7.27000000000001,249093.85124105605,2010.1323731066122,1987.0,2015.0,29.0,pre_renovabio_1985_2015,100,approx_from_previous_land_use_grid,1987-2015,persistent new sugarcane entries weighted by grid-cell overlap,249093.85124105605,delta_vol_pct
28144326000101,CANÁPOLIS AÇÚCAR E ETANOL S.A. - Canápolis - MG,Canápolis,MG,Etanol combustível de primeira geração – cana-de-açúcar,cana_pura,2023,5498545.32904852,7905364.96998199,55.91,57.16,1.25,89.92,89.74,-0.1800000000000068,572859.4688405236,2008.5893399642111,1987.0,2015.0,29.0,pre_renovabio_1985_2015,100,approx_from_previous_land_use_grid,1987-2015,persistent new sugarcane entries weighted by grid-cell overlap,572859.4688405236,delta_vol_pct
33664228000135,Usina Barralcool S/A - Barra do Bugres - MT,Barra do Bugres,MT,Etanol combustível de primeira geração – cana-de-açúcar,cana_pura,2022,4654208.22608558,8334876.74500645,51.1,52.46,1.3599999999999994,97.61,92.82,-4.790000000000006,123128.0422814632,2005.7550688015947,1989.0,2015.0,27.0,pre_renovabio_1985_2015,100,approx_from_previous_land_use_grid,1987-2015,persistent new sugarcane entries weighted by grid-cell overlap,123128.0422814632,delta_vol_pct
35637796000172,LINS AGROINDUSTRIAL S.A. Lins - SP,Lins,SP,Etanol combustível de primeira geração – cana-de-açúcar,cana_pura,2022,5460882.37165077,7603690.88753587,65.0,63.69,-1.3100000000000025,98.02,96.65,-1.3699999999999903,1483123.443569316,2003.3382200263293,1987.0,2015.0,29.0,pre_renovabio_1985_2015,100,approx_from_previous_land_use_grid,1987-2015,persistent new sugarcane entries weighted by grid-cell overlap,1483123.443569316,delta_vol_pct
37216363000250,ENERGÉTICA SANTA HELENA S/A - EM RECUPERAÇÃO JUDICIAL - Nova Andradina - MS,Nova Andradina,MS,Etanol combustível de primeira geração – cana-de-açúcar,cana_pura,2022,5059371.56284531,7566399.51702832,54.4,60.81,6.410000000000004,94.34,99.59,5.25,480735.8102886695,2009.8254532212895,1987.0,2015.0,29.0,pre_renovabio_1985_2015,100,approx_from_previous_land_use_grid,1987-2015,persistent new sugarcane entries weighted by grid-cell overlap,480735.8102886695,delta_vol_pct
38278706000192,UPI São Luis - Pirassununga - SP,Pirassununga,SP,Etanol combustível de primeira geração – cana-de-açúcar,cana_pura,2022,5691312.69666642,7563611.99846526,65.1,61.37,-3.729999999999997,100.0,95.14,-4.859999999999999,741803.3906054792,1999.1856454104325,1987.0,2015.0,29.0,pre_renovabio_1985_2015,100,approx_from_previous_land_use_grid,1987-2015,persistent new sugarcane entries weighted by grid-cell overlap,741803.3906054792,delta_vol_pct
43533819000399,USINA ITAJOBI LTDA. - AÇÚCAR E ÁLCOOL - Marapoama - SP,Marapoama,SP,Etanol combustível de primeira geração – cana-de-açúcar,cana_pura,2022,5504860.13091127,7647582.4416601,63.04,61.64,-1.3999999999999986,64.33,87.28,22.950000000000003,2007085.6013607674,2003.2197048831283,1987.0,2015.0,29.0,pre_renovabio_1985_2015,100,approx_from_previous_land_use_grid,1987-2015,persistent new sugarcane entries weighted by grid-cell overlap,2007085.6013607674,delta_vol_pct
43545284000104,ALCOESTE BIOENERGIA FERNANDÓPOLIS S/A - Fernandópolis - SP,Fernandópolis,SP,Etanol combustível de primeira geração – cana-de-açúcar,cana_pura,2022,5382428.10764186,7753536.53539676,60.6,59.32,-1.2800000000000011,97.55,98.61,1.0600000000000025,1420890.4705341503,2006.3846313207764,1987.0,2015.0,29.0,pre_renovabio_1985_2015,100,approx_from_previous_land_use_grid,1987-2015,persistent new sugarcane entries weighted by grid-cell overlap,1420890.4705341503,delta_vol_pct
43619832001760,BRANCO PERES AGRO S/A - Adamantina-SP,Adamantina,SP,Etanol combustível de primeira geração – cana-de-açúcar,cana_pura,2022,5307925.95063722,7619657.94129087,55.3,59.61,4.310000000000002,97.47,99.0,1.5300000000000011,1536549.3830041222,2003.3670140825352,1987.0,2015.0,29.0,pre_renovabio_1985_2015,100,approx_from_previous_land_use_grid,1987-2015,persistent new sugarcane entries weighted by grid-cell overlap,1536549.3830041222,delta_vol_pct
43932102000581,RENUKA DO BRASIL S.A. - EM RECUPERAÇÃO JUDICIAL - Promissão - SP,Promissão,SP,Etanol combustível de primeira geração – cana-de-açúcar,cana_pura,2022,5430563.41020967,7600918.58442243,50.6,49.94,-0.6600000000000037,87.67,85.29,-2.3799999999999955,1483353.0347290772,2003.4254903916967,1987.0,2015.0,29.0,pre_renovabio_1985_2015,100,approx_from_previous_land_use_grid,1987-2015,persistent new sugarcane entries weighted by grid-cell overlap,1483353.0347290772,delta_vol_pct
44207249000148,USINA SANTA LÚCIA S.A. - Araras - SP,Araras,SP,Etanol combustível de primeira geração – cana-de-açúcar,cana_pura,2022,5678798.29682681,7514155.29728828,48.72,49.36,0.6400000000000006,85.28,97.0,11.72,737476.1280904479,1998.308977514827,1987.0,2015.0,29.0,pre_renovabio_1985_2015,100,approx_from_previous_land_use_grid,1987-2015,persistent new sugarcane entries weighted by grid-cell overlap,737476.1280904479,delta_vol_pct
44209336003583,USJ AÇÚCAR E ÁLCOOL S.A.- Araras - SP,Araras,SP,Etanol combustível de primeira geração – cana-de-açúcar,cana_pura,2022,5683432.51600593,7504007.27659347,63.0,62.29,-0.7100000000000009,95.79,91.61,-4.180000000000007,694140.5742259558,1998.2394728040736,1987.0,2015.0,29.0,pre_renovabio_1985_2015,100,approx_from_previous_land_use_grid,1987-2015,persistent new sugarcane entries weighted by grid-cell overlap,694140.5742259558,delta_vol_pct
44330975000153,Usina Colombo S.A. Açúcar e Alcool - Unidade Ariranha - Ariranha - SP,Ariranha,SP,Etanol combustível de primeira geração – cana-de-açúcar,cana_pura,2022,5535960.51483213,7644363.40072255,67.8,67.8,0.0,95.19,95.19,0.0,1849215.4569284837,2002.2100418858022,1987.0,2015.0,29.0,pre_renovabio_1985_2015,100,approx_from_previous_land_use_grid,1987-2015,persistent new sugarcane entries weighted by grid-cell overlap,1849215.4569284837,delta_vol_pct
44330975002288,USINA COLOMBO S/A. - AÇUCAR E ÁLCOOL - Unidade Palestina - Palestina - SP,Palestina,SP,Etanol combustível de primeira geração – cana-de-açúcar,cana_pura,2022,5458429.37318275,7758079.54540743,67.3,67.3,0.0,98.37,98.37,0.0,1807218.846708228,2006.175810101019,1987.0,2015.0,29.0,pre_renovabio_1985_2015,100,approx_from_previous_land_use_grid,1987-2015,persistent new sugarcane entries weighted by grid-cell overlap,1807218.846708228,delta_vol_pct
44330975002520,Usina Colombo S.A. Açúcar e Álcool – Unidade Santa Albertina - Santa Albertina - SP,Santa Albertina,SP,Etanol combustível de primeira geração – cana-de-açúcar,cana_pura,2022,5347374.69593228,7779771.82465078,69.2,69.2,0.0,95.13,95.13,0.0,984328.8003114306,2007.3580835437274,1987.0,2015.0,29.0,pre_renovabio_1985_2015,100,approx_from_previous_land_use_grid,1987-2015,persistent new sugarcane entries weighted by grid-cell overlap,984328.8003114306,delta_vol_pct
44346583000182,Usina Açucareira Guaíra Ltda. - Guaíra - SP,Guaíra,SP,Etanol combustível de primeira geração – cana-de-açúcar,cana_pura,2022,5603715.23003702,7730571.00786188,53.66,67.94,14.28,99.43,99.62,0.1899999999999977,2072818.4708462048,2002.205857077209,1987.0,2015.0,29.0,pre_renovabio_1985_2015,100,approx_from_previous_land_use_grid,1987-2015,persistent new sugarcane entries weighted by grid-cell overlap,2072818.4708462048,delta_vol_pct
44373108000103,COCAL Comércio Indústria Canaã Açúcar e Alcool Ltda. - Unidade Paraguaçu Paulista Paraguaçu Paulista-SP,Paraguaçu Paulista,SP,Etanol combustível de primeira geração – cana-de-açúcar,cana_pura,2022,5330307.2751111,7509869.51745985,65.0,67.86,2.8599999999999994,96.84,99.0,2.1599999999999966,1429966.1193607564,2002.7359800132788,1987.0,2015.0,29.0,pre_renovabio_1985_2015,100,approx_from_previous_land_use_grid,1987-2015,persistent new sugarcane entries weighted by grid-cell overlap,1429966.1193607564,delta_vol_pct
44691236000197,DELLA COLETTA BIOENERGIA S/A - Bariri - SP,Bariri,SP,Etanol combustível de primeira geração – cana-de-açúcar,cana_pura,2022,5545323.30509419,7550248.53242205,59.5,61.07,1.5700000000000005,90.16,88.54,-1.6199999999999903,1025760.8904007642,2000.5497883821079,1987.0,2015.0,29.0,pre_renovabio_1985_2015,100,approx_from_previous_land_use_grid,1987-2015,persistent new sugarcane entries weighted by grid-cell overlap,1025760.8904007642,delta_vol_pct
44836856000177,Agroindustrial Vista Alegre S. A. Em Recuperação Judicial - Itapetininga - SP,Itapetininga,SP,Etanol combustível de primeira geração – cana-de-açúcar,cana_pura,2022,5603690.47264389,7380267.80742244,53.4,57.82,4.420000000000002,93.9,93.26,-0.6400000000000006,287037.36368745664,1999.1244638746641,1987.0,2015.0,29.0,pre_renovabio_1985_2015,100,approx_from_previous_land_use_grid,1987-2015,persistent new sugarcane entries weighted by grid-cell overlap,287037.36368745664,delta_vol_pct
44845915000173,Destilaria Generalco S/A – em recuperação judicial​ - General Salgado - SP,General Salgado,SP,Etanol combustível de primeira geração – cana-de-açúcar,cana_pura,2023,5376664.43655424,7719933.84368087,57.32,61.91,4.589999999999996,95.48,96.47,0.9899999999999948,1698972.2385013162,2005.5630310528556,1987.0,2015.0,29.0,pre_renovabio_1985_2015,100,approx_from_previous_land_use_grid,1987-2015,persistent new sugarcane entries weighted by grid-cell overlap,1698972.2385013162,delta_vol_pct
44870939000182,Pitangueiras Açúcar e Álcool Ltda. - Pitangueiras - SP,Pitangueiras,SP,Etanol combustível de primeira geração – cana-de-açúcar,cana_pura,2022,5596166.39886262,7660790.73792399,61.5,60.44,-1.0600000000000025,97.0,95.44,-1.5600000000000025,1685927.1095240521,2000.2281792806773,1987.0,2015.0,29.0,pre_renovabio_1985_2015,100,approx_from_previous_land_use_grid,1987-2015,persistent new sugarcane entries weighted by grid-cell overlap,1685927.1095240521,delta_vol_pct
45281813000135,Usina Santa Fé S.A. - Nova Europa - SP,Nova Europa,SP,Etanol combustível de primeira geração – cana-de-açúcar,cana_pura,2022,5556939.58752334,7576579.64969499,55.9,59.47,3.5700000000000003,98.34,97.01,-1.3299999999999983,1154064.5012239665,2000.4394214952745,1987.0,2015.0,29.0,pre_renovabio_1985_2015,100,approx_from_previous_land_use_grid,1987-2015,persistent new sugarcane entries weighted by grid-cell overlap,1154064.5012239665,delta_vol_pct
45353547000109,"USINA SANTA RITA S.A. AÇÚCAR E ÁLCOOL, EM RECUPERAÇÃO JUDICIAL - SANTA RITA DO PASSA QUATRO - SP",SANTA RITA DO PASSA QUATRO,SP,Etanol combustível de primeira geração – cana-de-açúcar,cana_pura,2022,5657705.1296763,7583579.8459617,53.52,55.38,1.8599999999999997,62.59,58.9,-3.690000000000005,928341.7668806781,1998.9610326839884,1987.0,2015.0,29.0,pre_renovabio_1985_2015,100,approx_from_previous_land_use_grid,1987-2015,persistent new sugarcane entries weighted by grid-cell overlap,928341.7668806781,delta_vol_pct
45483450000110,CLEALCO AÇÚCAR E ÁLCOOL S/A - EM RECUPERAÇÃO JUDICIAL - Clementina - SP,Clementina,SP,Etanol combustível de primeira geração – cana-de-açúcar,cana_pura,2022,5369363.39529016,7608602.38041061,55.46,51.12,-4.340000000000003,97.7,79.53,-18.17,1635437.5315387684,2002.8855319497318,1987.0,2015.0,29.0,pre_renovabio_1985_2015,100,approx_from_previous_land_use_grid,1987-2015,persistent new sugarcane entries weighted by grid-cell overlap,1635437.5315387684,delta_vol_pct
45483450002164,Clealco Açúcar e Álcool S/A - em Recuperação Judicial - Queiroz - SP,Queiroz,SP,Etanol combustível de primeira geração – cana-de-açúcar,cana_pura,2022,5390674.85593007,7582859.67530875,62.36,53.02,-9.339999999999996,93.9,86.89,-7.010000000000005,1493243.764195958,2002.6695380563933,1987.0,2015.0,29.0,pre_renovabio_1985_2015,100,approx_from_previous_land_use_grid,1987-2015,persistent new sugarcane entries weighted by grid-cell overlap,1493243.764195958,delta_vol_pct
45765914000181,CENTRAL ENERGÉTICA MORENO AÇÚCAR E ÁLCOOL LTDA EM RECUPERAÇÃO JUDICIAL - Luiz Antônio - SP,Luís Antônio,SP,Etanol combustível de primeira geração – cana-de-açúcar,cana_pura,2022,5645462.82453837,7610495.04934604,57.9,58.58,0.6799999999999997,95.59,98.0,2.4099999999999966,1088868.0645834766,1999.1415192753673,1987.0,2015.0,29.0,pre_renovabio_1985_2015,100,approx_from_previous_land_use_grid,1987-2015,persistent new sugarcane entries weighted by grid-cell overlap,1088868.0645834766,delta_vol_pct
45902707000121,Diana Bioenergia Avanhandava S/A - Avanhandava-SP,Avanhandava,SP,Etanol combustível de primeira geração – cana-de-açúcar,cana_pura,2022,5425627.11498278,7626815.59557634,60.0,60.47,0.4699999999999988,90.7,97.04,6.340000000000003,1669537.958263579,2003.770838320713,1987.0,2015.0,29.0,pre_renovabio_1985_2015,100,approx_from_previous_land_use_grid,1987-2015,persistent new sugarcane entries weighted by grid-cell overlap,1669537.958263579,delta_vol_pct
45968162000156,SALTO BOTELHO AGROENERGIA S.A. – Lucélia - SP,Lucélia,SP,Etanol combustível de primeira geração – cana-de-açúcar,cana_pura,2023,5314855.65428215,7610939.52175401,54.25,53.48,-0.7700000000000031,76.37,85.75,9.379999999999995,1584492.9816363784,2003.174796491091,1987.0,2015.0,29.0,pre_renovabio_1985_2015,100,approx_from_previous_land_use_grid,1987-2015,persistent new sugarcane entries weighted by grid-cell overlap,1584492.9816363784,delta_vol_pct
47063128000168,USINA SÃO DOMINGOS AÇÚCAR E ETANOL S/A - Catanduva - SP,Catanduva,SP,Etanol combustível de primeira geração – cana-de-açúcar,cana_pura,2022,5517368.203587,7657801.06786345,64.1,60.65,-3.449999999999996,93.94,95.73,1.7900000000000065,2061448.6173427016,2003.0290288684776,1987.0,2015.0,29.0,pre_renovabio_1985_2015,100,approx_from_previous_land_use_grid,1987-2015,persistent new sugarcane entries weighted by grid-cell overlap,2061448.6173427016,delta_vol_pct
47080619001199,TEREOS AÇÚCAR E ENERGIA BRASIL S.A. - Unidade Cruz Alta - Olímpia - SP,Olímpia,SP,Etanol combustível de primeira geração – cana-de-açúcar,cana_pura,2022,5509494.07154641,7703220.73996033,60.0,63.93,3.93,95.24,92.28,-2.9599999999999937,2431893.3247697004,2004.0170322960828,1987.0,2015.0,29.0,pre_renovabio_1985_2015,100,approx_from_previous_land_use_grid,1987-2015,persistent new sugarcane entries weighted by grid-cell overlap,2431893.3247697004,delta_vol_pct
47080619003051,TEREOS ACUCAR E ENERGIA BRASIL S.A. - Unidade Tanabi - Tanabi - SP,Tanabi,SP,Etanol combustível de primeira geração – cana-de-açúcar,cana_pura,2022,5465162.19200102,7727366.90580903,64.8,65.84,1.0400000000000065,95.0,96.1,1.0999999999999943,2104349.673912653,2005.3996201512398,1987.0,2015.0,29.0,pre_renovabio_1985_2015,100,approx_from_previous_land_use_grid,1987-2015,persistent new sugarcane entries weighted by grid-cell overlap,2104349.673912653,delta_vol_pct
47080619003302,TEREOS AÇÚCAR E ENERGIA BRASIL S.A. - Unidade Mandú - Guaíra - SP,Guaíra,SP,Etanol combustível de primeira geração – cana-de-açúcar,cana_pura,2022,5583172.62415267,7724294.71940503,61.9,62.07,0.1700000000000017,98.44,96.3,-2.140000000000001,2146265.3695393414,2002.3960491720654,1987.0,2015.0,29.0,pre_renovabio_1985_2015,100,approx_from_previous_land_use_grid,1987-2015,persistent new sugarcane entries weighted by grid-cell overlap,2146265.3695393414,delta_vol_pct
47080619006158,TEREOS AÇÚCAR E ENERGIA BRASIL S.A. - UNIDADE ANDRADE - Pitangueiras - SP,Pitangueiras,SP,Etanol combustível de primeira geração – cana-de-açúcar,cana_pura,2022,5593928.21704737,7665735.780493,61.7,63.22,1.519999999999996,95.68,87.74,-7.940000000000012,1739805.2575219262,2000.426263736625,1987.0,2015.0,29.0,pre_renovabio_1985_2015,100,approx_from_previous_land_use_grid,1987-2015,persistent new sugarcane entries weighted by grid-cell overlap,1739805.2575219262,delta_vol_pct
47080619006239,TEREOS AÇÚCAR E ENERGIA BRASIL S.A. - Unidade São José - Colina - SP,Colina,SP,Etanol combustível de primeira geração – cana-de-açúcar,cana_pura,2022,5569368.69742976,7704546.1168507,61.2,65.16,3.9599999999999937,98.25,93.73,-4.519999999999996,2170750.125041235,2002.258260562197,1987.0,2015.0,29.0,pre_renovabio_1985_2015,100,approx_from_previous_land_use_grid,1987-2015,persistent new sugarcane entries weighted by grid-cell overlap,2170750.125041235,delta_vol_pct
47254396000167,J PILON SA AÇÚCAR E ÁLCOOL - Cerquilho - SP,Cerquilho,SP,Etanol combustível de primeira geração – cana-de-açúcar,cana_pura,2022,5636301.19852914,7423905.86840809,49.8,49.44,-0.3599999999999994,86.54,89.78,3.239999999999995,458112.31631540594,1997.8712326902955,1987.0,2015.0,29.0,pre_renovabio_1985_2015,100,approx_from_previous_land_use_grid,1987-2015,persistent new sugarcane entries weighted by grid-cell overlap,458112.31631540594,delta_vol_pct
47524632000118,USINA SANTA ISABEL S/A - UNIDADE NOVO HORIZONTE - Novo Horizonte - SP,Novo Horizonte,SP,Etanol combustível de primeira geração – cana-de-açúcar,cana_pura,2022,5496435.62234828,7613043.54136429,67.5,66.92,-0.5799999999999983,98.77,96.11,-2.6599999999999966,1572841.7861067986,2002.6609049204405,1987.0,2015.0,29.0,pre_renovabio_1985_2015,100,approx_from_previous_land_use_grid,1987-2015,persistent new sugarcane entries weighted by grid-cell overlap,1572841.7861067986,delta_vol_pct
47524632000894,USINA SANTA ISABEL S/A - UNIDADE MENDONÇA - Mendonça - SP,Mendonça,SP,Etanol combustível de primeira geração – cana-de-açúcar,cana_pura,2022,5455702.14108104,7653667.26903664,69.0,67.21,-1.7900000000000065,96.89,95.71,-1.1800000000000068,1905170.6633317238,2004.0525192897542,1987.0,2015.0,29.0,pre_renovabio_1985_2015,100,approx_from_previous_land_use_grid,1987-2015,persistent new sugarcane entries weighted by grid-cell overlap,1905170.6633317238,delta_vol_pct
47902283000120,Sonora Estância S.A - Sonora - MS,Sonora,MS,Etanol combustível de primeira geração – cana-de-açúcar,cana_pura,2022,4919768.99292888,8054550.5566479,64.7,69.53,4.829999999999998,98.96,99.68,0.7200000000000131,7511.3787686766045,2012.34075505687,1990.0,2015.0,18.0,pre_renovabio_1985_2015,100,approx_from_previous_land_use_grid,1987-2015,persistent new sugarcane entries weighted by grid-cell overlap,7511.3787686766045,delta_vol_pct
48295562001108,USINA ALTO ALEGRE S/A - ACUCAR E ALCOOL - Presidente Prudente - SP,Presidente Prudente,SP,Etanol combustível de primeira geração – cana-de-açúcar,cana_pura,2022,5283264.01821824,7578474.155203,59.0,62.48,3.479999999999997,90.68,90.73,0.0499999999999971,1482758.263577317,2003.4615918696234,1987.0,2015.0,29.0,pre_renovabio_1985_2015,100,approx_from_previous_land_use_grid,1987-2015,persistent new sugarcane entries weighted by grid-cell overlap,1482758.263577317,delta_vol_pct
48295562001450,USINA ALTO ALEGRE S/A AÇÚCAR E ÁLCOOL - Colorado - PR,Colorado,PR,Etanol combustível de primeira geração – cana-de-açúcar,cana_pura,2022,5210409.50388839,7461546.41330971,61.1,65.08,3.979999999999997,98.14,95.01,-3.1299999999999955,1303422.0613829668,2004.9866965913584,1987.0,2015.0,29.0,pre_renovabio_1985_2015,100,approx_from_previous_land_use_grid,1987-2015,persistent new sugarcane entries weighted by grid-cell overlap,1303422.0613829668,delta_vol_pct
48295562001884,USINA ALTO ALEGRE S/A - ACUCAR E ALCOOL - Santo Inácio - PR,Santo Inácio,PR,Etanol combustível de primeira geração – cana-de-açúcar,cana_pura,2022,5225835.15506161,7492389.11037589,65.1,67.28,2.180000000000007,97.02,94.35,-2.6700000000000017,1347985.850375088,2004.655902738876,1987.0,2015.0,29.0,pre_renovabio_1985_2015,100,approx_from_previous_land_use_grid,1987-2015,persistent new sugarcane entries weighted by grid-cell overlap,1347985.850375088,delta_vol_pct
48295562001965,USINA ALTO ALEGRE S/A - ACUCAR E ALCOOL - Florestópolis - PR,Florestópolis,PR,Etanol combustível de primeira geração – cana-de-açúcar,cana_pura,2022,5265765.11720501,7466901.54571138,62.6,66.67,4.07,93.6,96.18,2.5800000000000125,1320924.9700455691,2003.6599246496628,1987.0,2015.0,29.0,pre_renovabio_1985_2015,100,approx_from_previous_land_use_grid,1987-2015,persistent new sugarcane entries weighted by grid-cell overlap,1320924.9700455691,delta_vol_pct
48708267046156,Nardini Agroindustrial Ltda. - Vista Alegre do Alto/SP,Vista Alegre do Alto,SP,Etanol combustível de primeira geração – cana-de-açúcar,cana_pura,2022,5555394.58545559,7647146.73236478,63.5,61.91,-1.5900000000000034,94.23,97.1,2.8699999999999903,1779754.716664816,2001.4889157642467,1987.0,2015.0,29.0,pre_renovabio_1985_2015,100,approx_from_previous_land_use_grid,1987-2015,persistent new sugarcane entries weighted by grid-cell overlap,1779754.716664816,delta_vol_pct
49049638000106,INDÚSTRIA E COMÉRCIO DE BEBIDAS SEIS LAGOAS LTDA. - Brotas - SP,Brotas,SP,Etanol combustível de primeira geração – cana-de-açúcar,cana_pura,2022,5590165.35110969,7522329.45488203,39.28,39.28,0.0,95.61,95.61,0.0,905996.900626607,1999.2193415897725,1987.0,2015.0,29.0,pre_renovabio_1985_2015,100,approx_from_previous_land_use_grid,1987-2015,persistent new sugarcane entries weighted by grid-cell overlap,905996.900626607,delta_vol_pct
49213747000117,BIOSEV BIOENERGIA S.A. - Usina Vale do Rosário - Morro Agudo-SP,Morro Agudo,SP,Etanol combustível de primeira geração – cana-de-açúcar,cana_pura,2022,5603690.00942673,7690368.28528379,57.3,56.63,-0.6699999999999946,97.63,96.5,-1.1299999999999957,1868367.3679797277,2000.9044038920497,1987.0,2015.0,29.0,pre_renovabio_1985_2015,100,approx_from_previous_land_use_grid,1987-2015,persistent new sugarcane entries weighted by grid-cell overlap,1868367.3679797277,delta_vol_pct
49213747011585,BIOSEV BIOENERGIA S.A. - Usina MB - Morro Agudo-SP,Morro Agudo,SP,Etanol combustível de primeira geração – cana-de-açúcar,cana_pura,2022,5603690.00942673,7690368.28528379,53.8,49.67,-4.129999999999996,98.73,98.21,-0.5200000000000102,1868367.3679797277,2000.9044038920497,1987.0,2015.0,29.0,pre_renovabio_1985_2015,100,approx_from_previous_land_use_grid,1987-2015,persistent new sugarcane entries weighted by grid-cell overlap,1868367.3679797277,delta_vol_pct
49213747011828,BIOSEV BIOENERGIA S.A. - Usina Santa Elisa - Sertãozinho - SP,Sertãozinho,SP,Etanol combustível de primeira geração – cana-de-açúcar,cana_pura,2022,5615281.36045109,7653041.04163243,54.6,51.9,-2.700000000000003,98.86,97.67,-1.1899999999999975,1532087.485274879,1999.7553093503263,1987.0,2015.0,29.0,pre_renovabio_1985_2015,100,approx_from_previous_land_use_grid,1987-2015,persistent new sugarcane entries weighted by grid-cell overlap,1532087.485274879,delta_vol_pct
49213747012980,BIOSEV BIOENERGIA S.A. - Usina Continental - Colômbia-SP,Colômbia,SP,Etanol combustível de primeira geração – cana-de-açúcar,cana_pura,2022,5561854.80646371,7752670.3605914,53.9,55.2,1.3000000000000045,100.0,98.78,-1.2199999999999989,2157360.568226622,2003.4898837383541,1987.0,2015.0,29.0,pre_renovabio_1985_2015,100,approx_from_previous_land_use_grid,1987-2015,persistent new sugarcane entries weighted by grid-cell overlap,2157360.568226622,delta_vol_pct
49605157000210,LONDRA AÇÚCAR E ÁLCOOL LTDA.​ - Itaí -SP,Itaí,SP,Etanol combustível de primeira geração – cana-de-açúcar,cana_pura,2022,5516624.21610669,7387741.1310015,61.7,67.21,5.509999999999991,100.0,100.0,0.0,342073.6998491813,2002.3206862995337,1987.0,2015.0,29.0,pre_renovabio_1985_2015,100,approx_from_previous_land_use_grid,1987-2015,persistent new sugarcane entries weighted by grid-cell overlap,342073.6998491813,delta_vol_pct
49972326000170,Bunge Açúcar e Bioenergia S.A. - Usina Moema - Orindiuva - SP,Orindiuva,SP,Etanol combustível de primeira geração – cana-de-açúcar,cana_pura,2022,5485088.29434952,7754877.64768698,56.2,63.49,7.289999999999999,96.97,95.91,-1.0600000000000025,1994051.341424045,2005.6421001911099,1987.0,2015.0,29.0,pre_renovabio_1985_2015,100,approx_from_previous_land_use_grid,1987-2015,persistent new sugarcane entries weighted by grid-cell overlap,1994051.341424045,delta_vol_pct
49972326003861,BUNGE ACUCAR E BIOENERGIA S.A. - Ponta Porã - MS,Ponta Porã,MS,Etanol combustível de primeira geração – cana-de-açúcar,cana_pura,2022,4886354.279116,7532810.49108476,60.8,68.77,7.969999999999999,95.93,93.21,-2.720000000000013,261007.86504221498,2010.2591119722188,1987.0,2015.0,29.0,pre_renovabio_1985_2015,100,approx_from_previous_land_use_grid,1987-2015,persistent new sugarcane entries weighted by grid-cell overlap,261007.86504221498,delta_vol_pct
49976251000103,MALOSSO BIOENERGIA S.A. - Itápolis - SP,Itápolis,SP,Etanol combustível de primeira geração – cana-de-açúcar,cana_pura,2022,5535383.51598067,7598591.50424386,59.55,53.27,-6.279999999999994,93.24,95.09,1.8500000000000083,1356911.4935007398,2001.1734801539208,1987.0,2015.0,29.0,pre_renovabio_1985_2015,100,approx_from_previous_land_use_grid,1987-2015,persistent new sugarcane entries weighted by grid-cell overlap,1356911.4935007398,delta_vol_pct
50227255000160,DESTILARIA ÁGUA BONITA LTDA. - Tarumã - SP,Tarumã,SP,Etanol combustível de primeira geração – cana-de-açúcar,cana_pura,2022,5349061.14213217,7479533.32955514,50.8,52.71,1.910000000000004,67.98,66.34,-1.6400000000000006,1276757.8178207325,2002.2573145453025,1987.0,2015.0,29.0,pre_renovabio_1985_2015,100,approx_from_previous_land_use_grid,1987-2015,persistent new sugarcane entries weighted by grid-cell overlap,1276757.8178207325,delta_vol_pct
50376938000189,USINA SANTA ADÉLIA S.A. - JABOTICABAL - Jaboticabal - SP,Jaboticabal,SP,Etanol combustível de primeira geração – cana-de-açúcar,cana_pura,2022,5590917.70040942,7628804.8133987,65.01,65.16,0.1499999999999914,90.19,98.51,8.320000000000007,1450564.5406158478,1999.9042720513498,1987.0,2015.0,29.0,pre_renovabio_1985_2015,100,approx_from_previous_land_use_grid,1987-2015,persistent new sugarcane entries weighted by grid-cell overlap,1450564.5406158478,delta_vol_pct
50376938000936,Usina Santa Adelia S. A. - Unidade Pereira Barreto - Pereira Barreto - SP,Pereira Barreto,SP,Etanol combustível de primeira geração – cana-de-açúcar,cana_pura,2022,5287223.2377826,7726234.20084834,61.1,62.07,0.9699999999999988,95.97,98.53,2.5600000000000023,1069496.2277674414,2005.1530101308135,1987.0,2015.0,29.0,pre_renovabio_1985_2015,100,approx_from_previous_land_use_grid,1987-2015,persistent new sugarcane entries weighted by grid-cell overlap,1069496.2277674414,delta_vol_pct
51466860000156,SÃO MARTINHO S.A (Unidade São Martinho) - Pradópolis - SP,Pradópolis,SP,Etanol combustível de primeira geração – cana-de-açúcar,cana_pura,2022,5609001.64500966,7630455.82840102,60.6,63.28,2.68,98.5,96.39,-2.1099999999999994,1398415.4681159754,1999.5829423557354,1987.0,2015.0,29.0,pre_renovabio_1985_2015,100,approx_from_previous_land_use_grid,1987-2015,persistent new sugarcane entries weighted by grid-cell overlap,1398415.4681159754,delta_vol_pct
51466860002957,SÃO MARTINHO S.A. - USINA IRACEMA - Iracemápolis - SP,Iracemápolis,SP,Etanol combustível de primeira geração – cana-de-açúcar ,cana_pura,2022,5665248.28530554,7487017.71529497,58.22,59.57,1.3500000000000014,95.4,92.96,-2.440000000000012,708248.6726209816,1997.9689493624862,1987.0,2015.0,29.0,pre_renovabio_1985_2015,100,approx_from_previous_land_use_grid,1987-2015,persistent new sugarcane entries weighted by grid-cell overlap,708248.6726209816,delta_vol_pct
51466860005034,SÃO MARTINHO S.A (Unidade Santa Cruz) - Américo Brasiliense-SP,Américo Brasiliense,SP,Etanol combustível de primeira geração – cana-de-açúcar,cana_pura,2022,5612905.36226079,7581553.7989518,62.5,64.58,2.0799999999999983,85.85,90.29,4.440000000000012,1076474.3216146596,1999.3478383183162,1987.0,2015.0,29.0,pre_renovabio_1985_2015,100,approx_from_previous_land_use_grid,1987-2015,persistent new sugarcane entries weighted by grid-cell overlap,1076474.3216146596,delta_vol_pct
51466860006278,SÃO MARTINHO S.A (Usina Boa Vista) - Quirinópolis/GO,Quirinópolis,GO,Etanol combustível de primeira geração – cana-de-açúcar,cana_pura,2022,5376520.66146883,7944455.4369707,62.7,62.7,0.0,96.19,96.19,0.0,799643.4921665229,2010.344128919451,1987.0,2015.0,29.0,pre_renovabio_1985_2015,100,approx_from_previous_land_use_grid,1987-2015,persistent new sugarcane entries weighted by grid-cell overlap,799643.4921665229,delta_vol_pct
51843514000140,TIETÊ AGROINDUSTRIAL S.A. - PARAÍSO - SP,PARAÍSO,SP,Etanol combustível de primeira geração – cana-de-açúcar,cana_pura,2022,5548660.68469603,7662946.39321125,61.1,65.58,4.479999999999997,98.03,95.58,-2.450000000000003,1948149.891468094,2001.9950157637124,1987.0,2015.0,29.0,pre_renovabio_1985_2015,100,approx_from_previous_land_use_grid,1987-2015,persistent new sugarcane entries weighted by grid-cell overlap,1948149.891468094,delta_vol_pct
51843514009600,TIETÊ AGROINDUSTRIAL S.A. - Unidade Ubarana - Ubarana - SP,Ubarana,SP,Etanol combustível de primeira geração – cana-de-açúcar,cana_pura,2022,5442063.71458744,7647628.5712649,59.2,61.82,2.619999999999997,98.26,96.18,-2.0799999999999983,1825354.1246113374,2004.0811464814117,1987.0,2015.0,29.0,pre_renovabio_1985_2015,100,approx_from_previous_land_use_grid,1987-2015,persistent new sugarcane entries weighted by grid-cell overlap,1825354.1246113374,delta_vol_pct
51990778000126,Açúcar e Alcool Oswaldo Ribeiro Mendonça Ltda - Guaíra-SP,Guaíra,SP,Etanol combustível de primeira geração – cana-de-açúcar,cana_pura,2022,5603715.23003702,7730571.00786188,64.3,64.3,0.0,97.54,97.54,0.0,2072818.4708462048,2002.205857077209,1987.0,2015.0,29.0,pre_renovabio_1985_2015,100,approx_from_previous_land_use_grid,1987-2015,persistent new sugarcane entries weighted by grid-cell overlap,2072818.4708462048,delta_vol_pct
53009825000133,Usina Alta Mogiana S/A Açúcar e Álcool - São Joaquim da Barra - SP,São Joaquim da Barra,SP,Etanol combustível de primeira geração – cana-de-açúcar,cana_pura,2022,5638988.90398604,7722104.34950551,62.9,64.65,1.750000000000007,99.36,100.0,0.6400000000000006,1706443.9579635856,2001.4394613978802,1987.0,2015.0,29.0,pre_renovabio_1985_2015,100,approx_from_previous_land_use_grid,1987-2015,persistent new sugarcane entries weighted by grid-cell overlap,1706443.9579635856,delta_vol_pct
53172300000114,USINA SÃO JOSÉ DA ESTIVA S.A. AÇÚCAR E ÁLCOOL - Novo Horizonte - SP,Novo Horizonte,SP,Etanol combustível de primeira geração – cana-de-açúcar,cana_pura,2022,5498236.06647977,7615531.14246577,63.0,63.11,0.1099999999999994,96.18,96.98,0.7999999999999972,1606626.784012152,2002.6758057644872,1987.0,2015.0,29.0,pre_renovabio_1985_2015,100,approx_from_previous_land_use_grid,1987-2015,persistent new sugarcane entries weighted by grid-cell overlap,1606626.784012152,delta_vol_pct
53408860000125,Usina São Luiz S/A - Ourinhos - SP,Ourinhos,SP,Etanol combustível de primeira geração – cana-de-açúcar,cana_pura,2022,5434145.34247822,7456211.45718872,59.7,63.46,3.759999999999998,96.33,95.05,-1.2800000000000011,856799.9603469225,2001.8965501449054,1987.0,2015.0,29.0,pre_renovabio_1985_2015,100,approx_from_previous_land_use_grid,1987-2015,persistent new sugarcane entries weighted by grid-cell overlap,856799.9603469225,delta_vol_pct
53811006000105,Viralcool Açúcar e Álcool Ltda. - Pitangueiras - SP,Pitangueiras,SP,Etanol combustível de primeira geração – cana-de-açúcar,cana_pura,2022,5597642.87620166,7673060.58481972,67.1,66.12,-0.9799999999999898,96.91,97.44,0.5300000000000011,1776147.5139374414,2000.5152627506484,1987.0,2015.0,29.0,pre_renovabio_1985_2015,100,approx_from_previous_land_use_grid,1987-2015,persistent new sugarcane entries weighted by grid-cell overlap,1776147.5139374414,delta_vol_pct
53811006000296,VIRALCOOL ACUCAR E ALCOOL LTDA - Castilho - SP,Castilho,SP,Etanol combustível de primeira geração – cana-de-açúcar,cana_pura,2022,5250469.97424121,7665558.87736064,64.8,63.25,-1.5499999999999972,96.92,86.73,-10.189999999999998,1109614.7994322397,2004.0913898568554,1987.0,2015.0,29.0,pre_renovabio_1985_2015,100,approx_from_previous_land_use_grid,1987-2015,persistent new sugarcane entries weighted by grid-cell overlap,1109614.7994322397,delta_vol_pct
54470679000101,USINA BATATAIS S/A AÇÚCAR E ÁLCOOL - Batatais - SP,Batatais,SP,Etanol combustível de primeira geração – cana-de-açúcar,cana_pura,2022,5669415.53486182,7691324.17737747,67.3,62.76,-4.539999999999999,98.28,95.0,-3.280000000000001,1252133.1573033857,2000.0182341481677,1987.0,2015.0,29.0,pre_renovabio_1985_2015,100,approx_from_previous_land_use_grid,1987-2015,persistent new sugarcane entries weighted by grid-cell overlap,1252133.1573033857,delta_vol_pct
54844360000107,Baldin Bioenergia S. A. - Pirassununga - SP,Pirassununga,SP,Etanol combustível de primeira geração – cana-de-açúcar,cana_pura,2022,5676699.37391274,7550570.79151787,60.0,56.9,-3.1000000000000014,96.38,97.27,0.8900000000000006,794353.7801193803,1998.7737508259672,1987.0,2015.0,29.0,pre_renovabio_1985_2015,100,approx_from_previous_land_use_grid,1987-2015,persistent new sugarcane entries weighted by grid-cell overlap,794353.7801193803,delta_vol_pct
54846951000105,Ferrari Agroindústria S.A. - Pirassununga - SP,Pirassununga,SP,Etanol combustível de primeira geração – cana-de-açúcar,cana_pura,2022,5686171.87576836,7568741.50613581,68.2,63.04,-5.160000000000004,91.32,,,771583.0389474042,1999.185320946008,1987.0,2015.0,29.0,pre_renovabio_1985_2015,100,approx_from_previous_land_use_grid,1987-2015,persistent new sugarcane entries weighted by grid-cell overlap,771583.0389474042,delta_vol_pct
55090971000161,CAFEÁLCOOL AGROINDUSTRIAL LTDA. (EM RECUPERAÇÃO JUDICIAL) - Cafelândia - SP,Cafelândia,SP,Etanol combustível de primeira geração – cana-de-açúcar,cana_pura,2022,5464230.63938766,7591862.81354918,57.85,65.54,7.690000000000005,96.67,97.36,0.6899999999999977,1374545.92538447,2003.129613101545,1987.0,2015.0,29.0,pre_renovabio_1985_2015,100,approx_from_previous_land_use_grid,1987-2015,persistent new sugarcane entries weighted by grid-cell overlap,1374545.92538447,delta_vol_pct
55109474000168,"Usina Carolo S/A – Açúcar e Álcool, em Recuperação Judicial - Pontal - SP",Pontal,SP,Etanol combustível de primeira geração – cana-de-açúcar,cana_pura,2022,5621016.86284423,7664946.45696951,49.0,49.0,0.0,86.7,86.7,0.0,1576209.3571191586,1999.966753631481,1987.0,2015.0,29.0,pre_renovabio_1985_2015,100,approx_from_previous_land_use_grid,1987-2015,persistent new sugarcane entries weighted by grid-cell overlap,1576209.3571191586,delta_vol_pct
55109565000101,"USINA BAZAN S.A. - Pontal, SP",Pontal,SP,Etanol combustível de primeira geração – cana-de-açúcar,cana_pura,2022,5624440.83906075,7664109.77536027,66.2,65.38,-0.8200000000000074,98.36,99.11,0.75,1548130.7932166448,1999.9140513108066,1987.0,2015.0,29.0,pre_renovabio_1985_2015,100,approx_from_previous_land_use_grid,1987-2015,persistent new sugarcane entries weighted by grid-cell overlap,1548130.7932166448,delta_vol_pct
56723257000207,Usina Açucareira Furlan S/A - Avaré - SP,Avaré,SP,Etanol combustível de primeira geração – cana-de-açúcar,cana_pura,2022,5520568.16009102,7454650.32696257,63.8,63.8,0.0,83.89,83.89,0.0,649132.6669234562,2000.6078429131294,1987.0,2015.0,29.0,pre_renovabio_1985_2015,100,approx_from_previous_land_use_grid,1987-2015,persistent new sugarcane entries weighted by grid-cell overlap,649132.6669234562,delta_vol_pct
60329174000124,USINA AÇUCAREIRA SÃO MANOEL S.A. - São Manuel - SP,São Manuel,SP,Etanol combustível de primeira geração – cana-de-açúcar,cana_pura,2022,5561008.15581125,7481688.13209503,61.5,57.11,-4.390000000000001,99.55,97.91,-1.6400000000000006,746008.5870853548,1999.8237903692843,1987.0,2015.0,29.0,pre_renovabio_1985_2015,100,approx_from_previous_land_use_grid,1987-2015,persistent new sugarcane entries weighted by grid-cell overlap,746008.5870853548,delta_vol_pct
60855574000335,AÇUCAREIRA QUATÁ S.A. - UNIDADE SÃO JOSÉ - Macatuba - SP,Macatuba,SP,Etanol combustível de primeira geração – cana-de-açúcar,cana_pura,2022,5536875.99803442,7502034.30102471,66.76,66.82,0.059999999999988,98.35,97.45,-0.8999999999999915,826027.9071282182,2000.9552091621913,1987.0,2015.0,29.0,pre_renovabio_1985_2015,100,approx_from_previous_land_use_grid,1987-2015,persistent new sugarcane entries weighted by grid-cell overlap,826027.9071282182,delta_vol_pct
60855574000416,AÇUCAREIRA QUATÁ S.A. (UNIDADE BARRA GRANDE) - Lençóis Paulista/SP,Lençóis Paulista,SP,Etanol combustível de primeira geração – cana-de-açúcar,cana_pura,2022,5539454.9453959,7486641.36942521,63.55,64.15,0.6000000000000085,97.57,96.79,-0.7799999999999869,766725.3782547633,2000.6691789554593,1987.0,2015.0,29.0,pre_renovabio_1985_2015,100,approx_from_previous_land_use_grid,1987-2015,persistent new sugarcane entries weighted by grid-cell overlap,766725.3782547633,delta_vol_pct
60855574001307,AÇUCAREIRA QUATÁ S.A. - UNIDADE QUATÁ - Quatá - SP,Quatá,SP,Etanol combustível de primeira geração – cana-de-açúcar,cana_pura,2022,5344980.73150459,7534505.8062032,59.0,59.14,0.1400000000000005,99.04,98.06,-0.980000000000004,1487347.0239761518,2002.5483774877264,1987.0,2015.0,29.0,pre_renovabio_1985_2015,100,approx_from_previous_land_use_grid,1987-2015,persistent new sugarcane entries weighted by grid-cell overlap,1487347.0239761518,delta_vol_pct
61082962000393,Companhia Melhoramentos Norte do Paraná - Jussara - PR,Jussara,PR,Etanol combustível de primeira geração – cana-de-açúcar,cana_pura,2022,5160448.96807688,7391390.71804424,59.2,60.66,1.4599999999999935,92.47,97.29,4.820000000000007,896335.1207186952,2005.3516084011187,1987.0,2015.0,29.0,pre_renovabio_1985_2015,100,approx_from_previous_land_use_grid,1987-2015,persistent new sugarcane entries weighted by grid-cell overlap,896335.1207186952,delta_vol_pct
61082962000474,Companhia Melhoramentos Norte do Paraná - Nova Londrina - PR,Nova Londrina,PR,Etanol combustível de primeira geração – cana-de-açúcar,cana_pura,2022,5104176.59551458,7480760.64086504,58.9,57.13,-1.769999999999996,87.25,94.49,7.239999999999995,847319.7641212485,2007.4082849838303,1987.0,2015.0,29.0,pre_renovabio_1985_2015,100,approx_from_previous_land_use_grid,1987-2015,persistent new sugarcane entries weighted by grid-cell overlap,847319.7641212485,delta_vol_pct
61231478000206,COMPANHIA AGRÍCOLA USINA JACAREZINHO - Jacarezinho - PR,Jacarezinho,PR,Etanol combustível de primeira geração – cana-de-açúcar,cana_pura,2022,5415837.92603449,7439425.89388854,53.3,56.9,3.6000000000000014,91.24,95.99,4.75,809892.5123925908,2002.0232180757696,1987.0,2015.0,29.0,pre_renovabio_1985_2015,100,approx_from_previous_land_use_grid,1987-2015,persistent new sugarcane entries weighted by grid-cell overlap,809892.5123925908,delta_vol_pct
68316801000102,GLENCANE BIOENERGIA S/A – RIO VERMELHO - Junqueirópolis-SP,Junqueirópolis,SP,Etanol combustível de primeira geração – cana-de-açúcar,cana_pura,2022,5332370.8349774,7622346.56937083,58.3,63.84,5.540000000000006,98.2,,,1635852.4002301174,2003.1919832778392,1987.0,2015.0,29.0,pre_renovabio_1985_2015,100,approx_from_previous_land_use_grid,1987-2015,persistent new sugarcane entries weighted by grid-cell overlap,1635852.4002301174,delta_vol_pct
68316801002571,GLENCANE BIOENERGIA S.A. – UNIDADE NOVA UNIALCO - Guararapes-SP,Guararapes,SP,Etanol combustível de primeira geração – cana-de-açúcar,cana_pura,2022,5332370.8349774,7622346.56937083,57.5,58.1,0.6000000000000014,95.31,92.72,-2.5900000000000034,1635852.4002301174,2003.1919832778392,1987.0,2015.0,29.0,pre_renovabio_1985_2015,100,approx_from_previous_land_use_grid,1987-2015,persistent new sugarcane entries weighted by grid-cell overlap,1635852.4002301174,delta_vol_pct
71304687000105,"PEDRA AGROINDUSTRIAL S.A. - Usina Pedra - Serrana, SP",Serrana,SP,Etanol combustível de primeira geração – cana-de-açúcar,cana_pura,2022,5664095.30861299,7640681.38578166,65.5,64.38,-1.1200000000000043,96.35,96.11,-0.2399999999999948,1134690.6709177603,1999.3901348734728,1987.0,2015.0,29.0,pre_renovabio_1985_2015,100,approx_from_previous_land_use_grid,1987-2015,persistent new sugarcane entries weighted by grid-cell overlap,1134690.6709177603,delta_vol_pct
71304687001845,PEDRA AGROINDUSTRIAL S/A - Usina Buriti - Buritizal - SP,Buritizal,SP,Etanol combustível de primeira geração – cana-de-açúcar,cana_pura,2022,5662965.83265875,7750677.62997629,62.6,64.3,1.6999999999999955,96.93,96.51,-0.4200000000000017,1419249.5768722335,2002.3385455003593,1987.0,2015.0,29.0,pre_renovabio_1985_2015,100,approx_from_previous_land_use_grid,1987-2015,persistent new sugarcane entries weighted by grid-cell overlap,1419249.5768722335,delta_vol_pct
71304687002817,PEDRA AGROINDUSTRIAL S/A - Usina Ipê - Nova Independência - SP,Nova Independência,SP,Etanol combustível de primeira geração – cana-de-açúcar,cana_pura,2022,5262921.43224265,7656397.59589737,62.8,61.32,-1.4799999999999969,98.1,98.03,-0.0699999999999931,1214077.5446680717,2003.8873583179543,1987.0,2015.0,29.0,pre_renovabio_1985_2015,100,approx_from_previous_land_use_grid,1987-2015,persistent new sugarcane entries weighted by grid-cell overlap,1214077.5446680717,delta_vol_pct
71321566000163,IRMÃOS TONIELLO LTDA. - Sertãozinho - SP,Sertãozinho,SP,Etanol combustível de primeira geração – cana-de-açúcar,cana_pura,2022,5619841.65755165,7655842.36510929,59.3,59.3,0.0,98.27,98.27,0.0,1526402.251484184,1999.7708841725666,1987.0,2015.0,29.0,pre_renovabio_1985_2015,100,approx_from_previous_land_use_grid,1987-2015,persistent new sugarcane entries weighted by grid-cell overlap,1526402.251484184,delta_vol_pct
71324784000151,USINA SANTO ANTONIO S/A - Sertãozinho - SP,Sertãozinho,SP,Etanol combustível de primeira geração – cana-de-açúcar,cana_pura,2022,5627258.92573786,7651381.0344227,58.11,57.46,-0.6499999999999986,92.22,88.49,-3.730000000000004,1453783.5723112095,1999.6255644667788,1987.0,2015.0,29.0,pre_renovabio_1985_2015,100,approx_from_previous_land_use_grid,1987-2015,persistent new sugarcane entries weighted by grid-cell overlap,1453783.5723112095,delta_vol_pct
71324792000440,USINA SÃO FRANCISCO S.A. - Barrinha - SP,Barrinha,SP,Etanol combustível de primeira geração – cana-de-açúcar,cana_pura,2022,5610674.78848055,7646256.90949264,71.6,67.25,-4.349999999999994,93.56,98.1,4.539999999999992,1504958.835873626,1999.7153094131932,1987.0,2015.0,29.0,pre_renovabio_1985_2015,100,approx_from_previous_land_use_grid,1987-2015,persistent new sugarcane entries weighted by grid-cell overlap,1504958.835873626,delta_vol_pct
75084871000130,COOPERVAL COOPERATIVA AGROINDUSTRIAL VALE DO IVAÍ LTDA. - Jandaia do Sul - PR,Jandaia do Sul,PR,Etanol combustível de primeira geração – cana-de-açúcar e milho em usina integrada,cana_milho_integrada,2022,5235867.18568587,7377432.8082731,65.23,68.1,2.8699999999999903,52.15,36.82,-15.329999999999998,576258.8466411877,2003.497439418657,1987.0,2015.0,29.0,pre_renovabio_1985_2015,100,approx_from_previous_land_use_grid,1987-2015,persistent new sugarcane entries weighted by grid-cell overlap,576258.8466411877,delta_vol_pct
75177857000180,RENUKA VALE DO IVAÍ S A EM RECUPERAÇÃO JUDICIAL - São Pedro do Ivaí - PR,São Pedro do Ivaí,PR,Etanol combustível de primeira geração – cana-de-açúcar,cana_pura,2023,5215053.49056965,7359057.94944632,41.34,41.34,0.0,97.73,97.73,0.0,500247.3441434019,2003.9417980983803,1987.0,2015.0,29.0,pre_renovabio_1985_2015,100,approx_from_previous_land_use_grid,1987-2015,persistent new sugarcane entries weighted by grid-cell overlap,500247.3441434019,delta_vol_pct
75444430000100,Dacalda Açúcar e Álcool LTDA. - Jacarezinho - PR,Jacarezinho,PR,Etanol combustível de primeira geração – cana-de-açúcar,cana_pura,2022,5399015.37389715,7432488.87076784,48.71,50.1,1.3900000000000006,87.28,83.92,-3.3599999999999994,806703.5621544049,2001.9390742053743,1987.0,2015.0,29.0,pre_renovabio_1985_2015,100,approx_from_previous_land_use_grid,1987-2015,persistent new sugarcane entries weighted by grid-cell overlap,806703.5621544049,delta_vol_pct
75619056000128,AÇÚCAR E ÁLCOOL BANDEIRANTES S.A. - Bandeirantes - PR,Bandeirantes,PR,Etanol combustível de primeira geração – cana-de-açúcar,cana_pura,2023,5374048.51602455,7439981.01554885,61.7,58.92,-2.780000000000001,88.68,87.4,-1.2800000000000011,936020.9325424032,2001.703529289205,1987.0,2015.0,29.0,pre_renovabio_1985_2015,100,approx_from_previous_land_use_grid,1987-2015,persistent new sugarcane entries weighted by grid-cell overlap,936020.9325424032,delta_vol_pct
75717355000286,USINA DE AÇÚCAR SANTA TEREZINHA LTDA. (EM RECUPERAÇÃO JUDICIAL) - PARANACITY - PR,PARANACITY,PR,Etanol combustível de primeira geração – cana-de-açúcar,cana_pura,2022,5186813.83569937,7467837.27341482,65.51,64.1,-1.4100000000000108,86.03,92.15,6.1200000000000045,1275645.3211466954,2005.3526411703456,1987.0,2015.0,29.0,pre_renovabio_1985_2015,100,approx_from_previous_land_use_grid,1987-2015,persistent new sugarcane entries weighted by grid-cell overlap,1275645.3211466954,delta_vol_pct
75717355000367,USINA DE AÇÚCAR SANTA TEREZINHA LTDA. (EM RECUPERAÇÃO JUDICIAL) - TAPEJARA - PR,TAPEJARA,PR,Etanol combustível de primeira geração – cana-de-açúcar,cana_pura,2022,5113780.43855401,7372417.87236108,60.13,62.35,2.219999999999999,95.6,95.42,-0.1799999999999926,650610.3776894659,2006.088210729747,1987.0,2015.0,29.0,pre_renovabio_1985_2015,100,approx_from_previous_land_use_grid,1987-2015,persistent new sugarcane entries weighted by grid-cell overlap,650610.3776894659,delta_vol_pct
75717355000448,USINA DE AÇÚCAR SANTA TEREZINHA LTDA. (EM RECUPERAÇÃO JUDICIAL) - IVATE - PR,IVATE,PR,Etanol combustível de primeira geração – cana-de-açúcar,cana_pura,2022,5057961.10312403,7412785.52940747,61.08,62.87,1.7899999999999991,97.57,98.09,0.5200000000000102,563909.8931967147,2007.440503032285,1987.0,2015.0,29.0,pre_renovabio_1985_2015,100,approx_from_previous_land_use_grid,1987-2015,persistent new sugarcane entries weighted by grid-cell overlap,563909.8931967147,delta_vol_pct
75717355000529,USINA DE AÇÚCAR SANTA TEREZINHA LTDA. (EM RECUPERAÇÃO JUDICIAL) - UNIDADE IGUATEMI - MARINGA - PR,Maringá,PR,Etanol combustível de primeira geração – cana-de-açúcar,cana_pura,2022,5195210.98662877,7409885.19091676,66.54,61.72,-4.820000000000007,94.15,95.43,1.2800000000000011,1022217.0079255368,2004.8252579738778,1987.0,2015.0,29.0,pre_renovabio_1985_2015,100,approx_from_previous_land_use_grid,1987-2015,persistent new sugarcane entries weighted by grid-cell overlap,1022217.0079255368,delta_vol_pct
75717355000871,USINA DE AÇÚCAR SANTA TEREZINHA LTDA. (EM RECUPERAÇÃO JUDICIAL) - TERRA RICA - PR,TERRA RICA,PR,Etanol combustível de primeira geração – cana-de-açúcar,cana_pura,2022,5132605.71724781,7478170.17536868,65.23,62.72,-2.510000000000005,94.73,98.48,3.75,1023309.2388361087,2006.4253490489612,1987.0,2015.0,29.0,pre_renovabio_1985_2015,100,approx_from_previous_land_use_grid,1987-2015,persistent new sugarcane entries weighted by grid-cell overlap,1023309.2388361087,delta_vol_pct
75717355001096,USINA DE AÇÚCAR SANTA TEREZINHA LTDA. (EM RECUPERAÇÃO JUDICIAL) - Rondon - PR,Rondon,PR,Etanol combustível de primeira geração – cana-de-açúcar,cana_pura,2022,5131926.49527168,7413854.02684931,57.79,60.51,2.719999999999999,92.32,93.55,1.230000000000004,938409.5374827362,2005.986320421489,1987.0,2015.0,29.0,pre_renovabio_1985_2015,100,approx_from_previous_land_use_grid,1987-2015,persistent new sugarcane entries weighted by grid-cell overlap,938409.5374827362,delta_vol_pct
75717355001177,USINA DE AÇÚCAR SANTA TEREZINHA LTDA. (EM RECUPERAÇÃO JUDICIAL) - CIDADE GAÚCHA - PR,CIDADE GAÚCHA,PR,Etanol combustível de primeira geração – cana-de-açúcar,cana_pura,2022,5111959.63047695,7413554.45031234,63.63,62.69,-0.9400000000000048,95.26,95.48,0.2199999999999988,827537.983321927,2006.366639668772,1987.0,2015.0,29.0,pre_renovabio_1985_2015,100,approx_from_previous_land_use_grid,1987-2015,persistent new sugarcane entries weighted by grid-cell overlap,827537.983321927,delta_vol_pct
78340270000210,COOPERATIVA AGRÍCOLA REGIONAL DE PRODUTORES DE CANA LTD - SÃO CARLOS DO IVAÍ - PR,SÃO CARLOS DO IVAÍ,PR,Etanol combustível de primeira geração – cana-de-açúcar,cana_pura,2022,5154570.31664767,7424810.15133095,52.48,56.41,3.93,16.01,85.45,69.44,1105671.761594516,2005.6146243699284,1987.0,2015.0,29.0,pre_renovabio_1985_2015,100,approx_from_previous_land_use_grid,1987-2015,persistent new sugarcane entries weighted by grid-cell overlap,1105671.761594516,delta_vol_pct
