cnpj_clean,cane_area_total_ha,mean_first_key_year,first_entry_year,last_entry_year,n_entry_years,schema,buffer_km,frontier_source_method,frontier_year_window,frontier_area_definition,cane_area_total_ha_approx_from_origin
00297598000122,3254.881337109313,2005.798407879311,1989.0,2015.0,25.0,pre_renovabio_1985_2015,30,approx_from_previous_land_use_grid,1987-2015,persistent new sugarcane entries weighted by grid-cell overlap,3254.881337109313
00372496000124,123262.82824607738,1999.7276840096897,1987.0,2015.0,29.0,pre_renovabio_1985_2015,30,approx_from_previous_land_use_grid,1987-2015,persistent new sugarcane entries weighted by grid-cell overlap,123262.82824607738
00595322000120,29930.707014326952,2009.7189257233592,1987.0,2015.0,29.0,pre_renovabio_1985_2015,30,approx_from_previous_land_use_grid,1987-2015,persistent new sugarcane entries weighted by grid-cell overlap,29930.707014326952
01105558000102,9667.562911109766,2011.134287960192,1988.0,2015.0,27.0,pre_renovabio_1985_2015,30,approx_from_previous_land_use_grid,1987-2015,persistent new sugarcane entries weighted by grid-cell overlap,9667.562911109766
02043917000107,17343.611923570363,2011.246835054265,1988.0,2015.0,28.0,pre_renovabio_1985_2015,30,approx_from_previous_land_use_grid,1987-2015,persistent new sugarcane entries weighted by grid-cell overlap,17343.611923570363
02414858000470,38025.259501033644,2006.6456482481017,1987.0,2015.0,29.0,pre_renovabio_1985_2015,30,approx_from_previous_land_use_grid,1987-2015,persistent new sugarcane entries weighted by grid-cell overlap,38025.259501033644
02460988000105,41421.08270931086,2006.14849311692,1987.0,2015.0,29.0,pre_renovabio_1985_2015,30,approx_from_previous_land_use_grid,1987-2015,persistent new sugarcane entries weighted by grid-cell overlap,41421.08270931086
02635522000195,36867.94693049579,2006.4122297814845,1987.0,2015.0,29.0,pre_renovabio_1985_2015,30,approx_from_previous_land_use_grid,1987-2015,persistent new sugarcane entries weighted by grid-cell overlap,36867.94693049579
02635522004930,49876.11996821725,2006.335085811783,1987.0,2015.0,29.0,pre_renovabio_1985_2015,30,approx_from_previous_land_use_grid,1987-2015,persistent new sugarcane entries weighted by grid-cell overlap,49876.11996821725
02678100000105,8181.685019159753,2012.3554773345925,1999.0,2015.0,15.0,pre_renovabio_1985_2015,30,approx_from_previous_land_use_grid,1987-2015,persistent new sugarcane entries weighted by grid-cell overlap,8181.685019159753
02773950000184,62186.79185383333,2009.4736232051807,1987.0,2015.0,29.0,pre_renovabio_1985_2015,30,approx_from_previous_land_use_grid,1987-2015,persistent new sugarcane entries weighted by grid-cell overlap,62186.79185383333
02783009000141,39454.28636097192,2004.554260152247,1987.0,2015.0,29.0,pre_renovabio_1985_2015,30,approx_from_previous_land_use_grid,1987-2015,persistent new sugarcane entries weighted by grid-cell overlap,39454.28636097192
02859452000230,99455.1665140747,2009.2345325539989,1987.0,2015.0,29.0,pre_renovabio_1985_2015,30,approx_from_previous_land_use_grid,1987-2015,persistent new sugarcane entries weighted by grid-cell overlap,99455.1665140747
02896264000109,15369.089087962597,2002.864155688976,1987.0,2015.0,29.0,pre_renovabio_1985_2015,30,approx_from_previous_land_use_grid,1987-2015,persistent new sugarcane entries weighted by grid-cell overlap,15369.089087962597
03345641000338,108760.94968752711,2002.8735803832803,1987.0,2015.0,29.0,pre_renovabio_1985_2015,30,approx_from_previous_land_use_grid,1987-2015,persistent new sugarcane entries weighted by grid-cell overlap,108760.94968752711
03347747000109,29916.42140256236,2006.8415743079745,1987.0,2015.0,29.0,pre_renovabio_1985_2015,30,approx_from_previous_land_use_grid,1987-2015,persistent new sugarcane entries weighted by grid-cell overlap,29916.42140256236
03445208000455,175712.172222348,2005.1323669576796,1987.0,2015.0,29.0,pre_renovabio_1985_2015,30,approx_from_previous_land_use_grid,1987-2015,persistent new sugarcane entries weighted by grid-cell overlap,175712.172222348
03937452000435,114457.95739012033,2008.0182762008449,1987.0,2015.0,29.0,pre_renovabio_1985_2015,30,approx_from_previous_land_use_grid,1987-2015,persistent new sugarcane entries weighted by grid-cell overlap,114457.95739012033
04165520000105,5212.214391398957,2010.2437753151248,1993.0,2015.0,23.0,pre_renovabio_1985_2015,30,approx_from_previous_land_use_grid,1987-2015,persistent new sugarcane entries weighted by grid-cell overlap,5212.214391398957
04165520000296,3361.041274902742,2010.8888405240268,1997.0,2015.0,19.0,pre_renovabio_1985_2015,30,approx_from_previous_land_use_grid,1987-2015,persistent new sugarcane entries weighted by grid-cell overlap,3361.041274902742
04171382000177,252676.04665695125,2005.8740314487,1987.0,2015.0,29.0,pre_renovabio_1985_2015,30,approx_from_previous_land_use_grid,1987-2015,persistent new sugarcane entries weighted by grid-cell overlap,252676.04665695125
04248044000277,237623.43175446225,2005.0166846515704,1987.0,2015.0,29.0,pre_renovabio_1985_2015,30,approx_from_previous_land_use_grid,1987-2015,persistent new sugarcane entries weighted by grid-cell overlap,237623.43175446225
04969941000199,136944.08667863344,1996.248586420507,1987.0,2015.0,29.0,pre_renovabio_1985_2015,30,approx_from_previous_land_use_grid,1987-2015,persistent new sugarcane entries weighted by grid-cell overlap,136944.08667863344
05242560000176,266637.01572819846,2004.835537906191,1987.0,2015.0,29.0,pre_renovabio_1985_2015,30,approx_from_previous_land_use_grid,1987-2015,persistent new sugarcane entries weighted by grid-cell overlap,266637.01572819846
05553456000100,79042.74369007282,2008.203376599548,1987.0,2015.0,29.0,pre_renovabio_1985_2015,30,approx_from_previous_land_use_grid,1987-2015,persistent new sugarcane entries weighted by grid-cell overlap,79042.74369007282
05620523000235,87826.45033508229,2010.7254195505889,1987.0,2015.0,29.0,pre_renovabio_1985_2015,30,approx_from_previous_land_use_grid,1987-2015,persistent new sugarcane entries weighted by grid-cell overlap,87826.45033508229
05643160000172,10070.778639928662,2011.6064065550895,1987.0,2015.0,29.0,pre_renovabio_1985_2015,30,approx_from_previous_land_use_grid,1987-2015,persistent new sugarcane entries weighted by grid-cell overlap,10070.778639928662
05928246000141,265890.3653243345,2005.3471866296893,1987.0,2015.0,29.0,pre_renovabio_1985_2015,30,approx_from_previous_land_use_grid,1987-2015,persistent new sugarcane entries weighted by grid-cell overlap,265890.3653243345
05938884000143,105597.23094440834,2006.7238578720192,1987.0,2015.0,29.0,pre_renovabio_1985_2015,30,approx_from_previous_land_use_grid,1987-2015,persistent new sugarcane entries weighted by grid-cell overlap,105597.23094440834
05980986000127,104933.42110395918,2009.19678237076,1987.0,2015.0,29.0,pre_renovabio_1985_2015,30,approx_from_previous_land_use_grid,1987-2015,persistent new sugarcane entries weighted by grid-cell overlap,104933.42110395918
06044698000808,4077.83518249911,2009.9805347918395,1990.0,2015.0,18.0,pre_renovabio_1985_2015,30,approx_from_previous_land_use_grid,1987-2015,persistent new sugarcane entries weighted by grid-cell overlap,4077.83518249911
06059962000100,130607.04481838386,2006.6839484147065,1987.0,2015.0,29.0,pre_renovabio_1985_2015,30,approx_from_previous_land_use_grid,1987-2015,persistent new sugarcane entries weighted by grid-cell overlap,130607.04481838386
06252818003799,60610.236300458135,1999.064124392627,1987.0,2015.0,29.0,pre_renovabio_1985_2015,30,approx_from_previous_land_use_grid,1987-2015,persistent new sugarcane entries weighted by grid-cell overlap,60610.236300458135
06315338002324,212025.6230657376,2007.1229950076531,1987.0,2015.0,29.0,pre_renovabio_1985_2015,30,approx_from_previous_land_use_grid,1987-2015,persistent new sugarcane entries weighted by grid-cell overlap,212025.6230657376
06315338002405,140837.28918520166,2007.6920178897503,1987.0,2015.0,29.0,pre_renovabio_1985_2015,30,approx_from_previous_land_use_grid,1987-2015,persistent new sugarcane entries weighted by grid-cell overlap,140837.28918520166
06315338015060,194650.01657488736,2003.661934055816,1987.0,2015.0,29.0,pre_renovabio_1985_2015,30,approx_from_previous_land_use_grid,1987-2015,persistent new sugarcane entries weighted by grid-cell overlap,194650.01657488736
06315338015140,158934.49234366082,2000.9769561146372,1987.0,2015.0,29.0,pre_renovabio_1985_2015,30,approx_from_previous_land_use_grid,1987-2015,persistent new sugarcane entries weighted by grid-cell overlap,158934.49234366082
07130855000186,26669.74330466409,2008.3578049282528,1987.0,2015.0,29.0,pre_renovabio_1985_2015,30,approx_from_previous_land_use_grid,1987-2015,persistent new sugarcane entries weighted by grid-cell overlap,26669.74330466409
07280328000158,131173.68452309543,2004.0845197803403,1987.0,2015.0,29.0,pre_renovabio_1985_2015,30,approx_from_previous_land_use_grid,1987-2015,persistent new sugarcane entries weighted by grid-cell overlap,131173.68452309543
07280328001715,96215.8379667067,2000.3907034185704,1987.0,2015.0,29.0,pre_renovabio_1985_2015,30,approx_from_previous_land_use_grid,1987-2015,persistent new sugarcane entries weighted by grid-cell overlap,96215.8379667067
07280328001804,87224.54542371769,1999.948620851298,1987.0,2015.0,29.0,pre_renovabio_1985_2015,30,approx_from_previous_land_use_grid,1987-2015,persistent new sugarcane entries weighted by grid-cell overlap,87224.54542371769
07298800000180,152026.45220635447,2007.4670847710352,1987.0,2015.0,29.0,pre_renovabio_1985_2015,30,approx_from_previous_land_use_grid,1987-2015,persistent new sugarcane entries weighted by grid-cell overlap,152026.45220635447
07300906000170,31951.99527735134,2010.6722731978084,1987.0,2015.0,29.0,pre_renovabio_1985_2015,30,approx_from_previous_land_use_grid,1987-2015,persistent new sugarcane entries weighted by grid-cell overlap,31951.99527735134
07398533000112,188102.44319431088,2007.2016588432527,1987.0,2015.0,29.0,pre_renovabio_1985_2015,30,approx_from_previous_land_use_grid,1987-2015,persistent new sugarcane entries weighted by grid-cell overlap,188102.44319431088
07455944000100,249971.18346595505,2006.051905307999,1987.0,2015.0,29.0,pre_renovabio_1985_2015,30,approx_from_previous_land_use_grid,1987-2015,persistent new sugarcane entries weighted by grid-cell overlap,249971.18346595505
07458537000149,161221.7485202768,2002.9481406485584,1987.0,2015.0,29.0,pre_renovabio_1985_2015,30,approx_from_previous_land_use_grid,1987-2015,persistent new sugarcane entries weighted by grid-cell overlap,161221.7485202768
07459492000127,6140.056895390238,2012.39479016061,1988.0,2015.0,27.0,pre_renovabio_1985_2015,30,approx_from_previous_land_use_grid,1987-2015,persistent new sugarcane entries weighted by grid-cell overlap,6140.056895390238
07670089000142,994.542352012083,2011.379699019409,1988.0,2015.0,19.0,pre_renovabio_1985_2015,30,approx_from_previous_land_use_grid,1987-2015,persistent new sugarcane entries weighted by grid-cell overlap,994.542352012083
07674341000191,98910.3503479776,2008.3353078031644,1987.0,2015.0,29.0,pre_renovabio_1985_2015,30,approx_from_previous_land_use_grid,1987-2015,persistent new sugarcane entries weighted by grid-cell overlap,98910.3503479776
07863768000138,31728.575720576708,2011.4890280388493,1987.0,2015.0,29.0,pre_renovabio_1985_2015,30,approx_from_previous_land_use_grid,1987-2015,persistent new sugarcane entries weighted by grid-cell overlap,31728.575720576708
07895728000682,28129.776549271293,2012.0421972894655,1987.0,2015.0,29.0,pre_renovabio_1985_2015,30,approx_from_previous_land_use_grid,1987-2015,persistent new sugarcane entries weighted by grid-cell overlap,28129.776549271293
07903169000109,109041.27150975371,2011.172577959103,1987.0,2015.0,29.0,pre_renovabio_1985_2015,30,approx_from_previous_land_use_grid,1987-2015,persistent new sugarcane entries weighted by grid-cell overlap,109041.27150975371
07903169001768,74333.9308953367,2012.3134657868072,1987.0,2015.0,29.0,pre_renovabio_1985_2015,30,approx_from_previous_land_use_grid,1987-2015,persistent new sugarcane entries weighted by grid-cell overlap,74333.9308953367
07912062000119,56697.16325451544,2007.9234709796629,1987.0,2015.0,29.0,pre_renovabio_1985_2015,30,approx_from_previous_land_use_grid,1987-2015,persistent new sugarcane entries weighted by grid-cell overlap,56697.16325451544
07930999000206,10650.633773745763,2011.1921411416247,1987.0,2015.0,29.0,pre_renovabio_1985_2015,30,approx_from_previous_land_use_grid,1987-2015,persistent new sugarcane entries weighted by grid-cell overlap,10650.633773745763
07969961000239,105748.64764593194,2002.894321350904,1987.0,2015.0,29.0,pre_renovabio_1985_2015,30,approx_from_previous_land_use_grid,1987-2015,persistent new sugarcane entries weighted by grid-cell overlap,105748.64764593194
07981751000185,108320.17442399693,2011.15218842324,1987.0,2015.0,29.0,pre_renovabio_1985_2015,30,approx_from_previous_land_use_grid,1987-2015,persistent new sugarcane entries weighted by grid-cell overlap,108320.17442399693
07987748000179,7647.090819585561,2008.0700340240528,1987.0,2015.0,29.0,pre_renovabio_1985_2015,30,approx_from_previous_land_use_grid,1987-2015,persistent new sugarcane entries weighted by grid-cell overlap,7647.090819585561
07996345000196,72346.45594631718,2010.0852279477424,1987.0,2015.0,29.0,pre_renovabio_1985_2015,30,approx_from_previous_land_use_grid,1987-2015,persistent new sugarcane entries weighted by grid-cell overlap,72346.45594631718
08048772000105,36468.30557589965,2008.7477525824197,1987.0,2015.0,29.0,pre_renovabio_1985_2015,30,approx_from_previous_land_use_grid,1987-2015,persistent new sugarcane entries weighted by grid-cell overlap,36468.30557589965
08056257000177,176942.9926106499,2006.388319134752,1987.0,2015.0,29.0,pre_renovabio_1985_2015,30,approx_from_previous_land_use_grid,1987-2015,persistent new sugarcane entries weighted by grid-cell overlap,176942.9926106499
08057019000186,64525.71574164095,2010.9488649428704,1987.0,2015.0,29.0,pre_renovabio_1985_2015,30,approx_from_previous_land_use_grid,1987-2015,persistent new sugarcane entries weighted by grid-cell overlap,64525.71574164095
08070508000330,83769.92451193866,1996.9342258502747,1987.0,2015.0,29.0,pre_renovabio_1985_2015,30,approx_from_previous_land_use_grid,1987-2015,persistent new sugarcane entries weighted by grid-cell overlap,83769.92451193866
08070508006532,74625.89126970114,1998.568439687723,1987.0,2015.0,29.0,pre_renovabio_1985_2015,30,approx_from_previous_land_use_grid,1987-2015,persistent new sugarcane entries weighted by grid-cell overlap,74625.89126970114
08070508006613,141214.70678817775,2001.948035034752,1987.0,2015.0,29.0,pre_renovabio_1985_2015,30,approx_from_previous_land_use_grid,1987-2015,persistent new sugarcane entries weighted by grid-cell overlap,141214.70678817775
08070508006702,173259.10224569772,2001.0702502347824,1987.0,2015.0,29.0,pre_renovabio_1985_2015,30,approx_from_previous_land_use_grid,1987-2015,persistent new sugarcane entries weighted by grid-cell overlap,173259.10224569772
08070508006885,210508.05746777816,2005.2905065739992,1987.0,2015.0,29.0,pre_renovabio_1985_2015,30,approx_from_previous_land_use_grid,1987-2015,persistent new sugarcane entries weighted by grid-cell overlap,210508.05746777816
08070508006966,84254.78087209599,2002.0920446099872,1987.0,2015.0,29.0,pre_renovabio_1985_2015,30,approx_from_previous_land_use_grid,1987-2015,persistent new sugarcane entries weighted by grid-cell overlap,84254.78087209599
08070508008314,184343.26310583547,2001.5008142511097,1987.0,2015.0,29.0,pre_renovabio_1985_2015,30,approx_from_previous_land_use_grid,1987-2015,persistent new sugarcane entries weighted by grid-cell overlap,184343.26310583547
08070508009477,76187.87523285224,1996.254829912123,1987.0,2015.0,29.0,pre_renovabio_1985_2015,30,approx_from_previous_land_use_grid,1987-2015,persistent new sugarcane entries weighted by grid-cell overlap,76187.87523285224
08070508009558,81413.39194882539,1996.8157519209512,1987.0,2015.0,29.0,pre_renovabio_1985_2015,30,approx_from_previous_land_use_grid,1987-2015,persistent new sugarcane entries weighted by grid-cell overlap,81413.39194882539
08070508009710,197617.8255033079,2003.864671016389,1987.0,2015.0,29.0,pre_renovabio_1985_2015,30,approx_from_previous_land_use_grid,1987-2015,persistent new sugarcane entries weighted by grid-cell overlap,197617.8255033079
08070508012265,72784.21028337955,1995.200845097563,1987.0,2015.0,29.0,pre_renovabio_1985_2015,30,approx_from_previous_land_use_grid,1987-2015,persistent new sugarcane entries weighted by grid-cell overlap,72784.21028337955
08070508012427,154438.79992637402,2002.5308158886864,1987.0,2015.0,29.0,pre_renovabio_1985_2015,30,approx_from_previous_land_use_grid,1987-2015,persistent new sugarcane entries weighted by grid-cell overlap,154438.79992637402
08070508012508,82871.55154916226,1999.403204592228,1987.0,2015.0,29.0,pre_renovabio_1985_2015,30,approx_from_previous_land_use_grid,1987-2015,persistent new sugarcane entries weighted by grid-cell overlap,82871.55154916226
08070508015795,103741.2228438365,1998.1226013707503,1987.0,2015.0,29.0,pre_renovabio_1985_2015,30,approx_from_previous_land_use_grid,1987-2015,persistent new sugarcane entries weighted by grid-cell overlap,103741.2228438365
08070508015876,83371.21075308374,1998.489098131852,1987.0,2015.0,29.0,pre_renovabio_1985_2015,30,approx_from_previous_land_use_grid,1987-2015,persistent new sugarcane entries weighted by grid-cell overlap,83371.21075308374
08070508016414,96694.94598255683,1999.551231666484,1987.0,2015.0,29.0,pre_renovabio_1985_2015,30,approx_from_previous_land_use_grid,1987-2015,persistent new sugarcane entries weighted by grid-cell overlap,96694.94598255683
08070508016767,25703.65751842417,2012.113430528525,1988.0,2015.0,26.0,pre_renovabio_1985_2015,30,approx_from_previous_land_use_grid,1987-2015,persistent new sugarcane entries weighted by grid-cell overlap,25703.65751842417
08070566001173,8083.02754596408,2013.047251202036,1988.0,2015.0,28.0,pre_renovabio_1985_2015,30,approx_from_previous_land_use_grid,1987-2015,persistent new sugarcane entries weighted by grid-cell overlap,8083.02754596408
08070566001254,20998.89024149109,2012.526877994623,1987.0,2015.0,29.0,pre_renovabio_1985_2015,30,approx_from_previous_land_use_grid,1987-2015,persistent new sugarcane entries weighted by grid-cell overlap,20998.89024149109
08070566001688,24506.96637808475,2012.6665847024976,1987.0,2015.0,29.0,pre_renovabio_1985_2015,30,approx_from_previous_land_use_grid,1987-2015,persistent new sugarcane entries weighted by grid-cell overlap,24506.96637808475
08070566001769,27751.91529290349,2012.4698630378784,1987.0,2015.0,29.0,pre_renovabio_1985_2015,30,approx_from_previous_land_use_grid,1987-2015,persistent new sugarcane entries weighted by grid-cell overlap,27751.91529290349
08110543000173,219286.75307773773,2002.6792648267408,1987.0,2015.0,29.0,pre_renovabio_1985_2015,30,approx_from_previous_land_use_grid,1987-2015,persistent new sugarcane entries weighted by grid-cell overlap,219286.75307773773
08164344000148,63506.92882907844,2009.2355656442123,1987.0,2015.0,29.0,pre_renovabio_1985_2015,30,approx_from_previous_land_use_grid,1987-2015,persistent new sugarcane entries weighted by grid-cell overlap,63506.92882907844
08195806000194,74213.62749786566,2009.6673852989825,1987.0,2015.0,29.0,pre_renovabio_1985_2015,30,approx_from_previous_land_use_grid,1987-2015,persistent new sugarcane entries weighted by grid-cell overlap,74213.62749786566
08322396000103,33388.462900734325,2012.1724677066743,1988.0,2015.0,28.0,pre_renovabio_1985_2015,30,approx_from_previous_land_use_grid,1987-2015,persistent new sugarcane entries weighted by grid-cell overlap,33388.462900734325
08355201000113,32090.143742608343,2008.6627548837696,1987.0,2015.0,29.0,pre_renovabio_1985_2015,30,approx_from_previous_land_use_grid,1987-2015,persistent new sugarcane entries weighted by grid-cell overlap,32090.143742608343
08391345000397,156348.30237157186,2002.1025256696007,1987.0,2015.0,29.0,pre_renovabio_1985_2015,30,approx_from_previous_land_use_grid,1987-2015,persistent new sugarcane entries weighted by grid-cell overlap,156348.30237157186
08493354000127,85269.65168027669,2008.4968044087184,1987.0,2015.0,29.0,pre_renovabio_1985_2015,30,approx_from_previous_land_use_grid,1987-2015,persistent new sugarcane entries weighted by grid-cell overlap,85269.65168027669
08517600000133,98892.60977220806,2007.041062029513,1987.0,2015.0,29.0,pre_renovabio_1985_2015,30,approx_from_previous_land_use_grid,1987-2015,persistent new sugarcane entries weighted by grid-cell overlap,98892.60977220806
08598391000108,61289.0874763286,2012.3475833012672,1988.0,2015.0,20.0,pre_renovabio_1985_2015,30,approx_from_previous_land_use_grid,1987-2015,persistent new sugarcane entries weighted by grid-cell overlap,61289.0874763286
08657268000102,66774.15373134411,2001.0911235728204,1987.0,2015.0,29.0,pre_renovabio_1985_2015,30,approx_from_previous_land_use_grid,1987-2015,persistent new sugarcane entries weighted by grid-cell overlap,66774.15373134411
08704527000109,75047.22080191546,2009.82787696867,1987.0,2015.0,29.0,pre_renovabio_1985_2015,30,approx_from_previous_land_use_grid,1987-2015,persistent new sugarcane entries weighted by grid-cell overlap,75047.22080191546
08793343000162,10846.961884950695,2012.917335241505,1987.0,2015.0,28.0,pre_renovabio_1985_2015,30,approx_from_previous_land_use_grid,1987-2015,persistent new sugarcane entries weighted by grid-cell overlap,10846.961884950695
08830263000130,35308.50734918591,2010.4737029783248,1987.0,2015.0,29.0,pre_renovabio_1985_2015,30,approx_from_previous_land_use_grid,1987-2015,persistent new sugarcane entries weighted by grid-cell overlap,35308.50734918591
08906558000142,64602.69970227736,2010.1386546417723,1987.0,2015.0,29.0,pre_renovabio_1985_2015,30,approx_from_previous_land_use_grid,1987-2015,persistent new sugarcane entries weighted by grid-cell overlap,64602.69970227736
09022388000104,69585.65132671376,2008.6121740772517,1987.0,2015.0,29.0,pre_renovabio_1985_2015,30,approx_from_previous_land_use_grid,1987-2015,persistent new sugarcane entries weighted by grid-cell overlap,69585.65132671376
09075242000119,0.0244953284471698,1989.0,1989.0,1989.0,1.0,pre_renovabio_1985_2015,30,approx_from_previous_land_use_grid,1987-2015,persistent new sugarcane entries weighted by grid-cell overlap,0.0244953284471698
09538989000166,30560.06805060752,2010.982492156715,1987.0,2015.0,29.0,pre_renovabio_1985_2015,30,approx_from_previous_land_use_grid,1987-2015,persistent new sugarcane entries weighted by grid-cell overlap,30560.06805060752
09538989000409,214169.81949878245,2002.1044969119307,1987.0,2015.0,29.0,pre_renovabio_1985_2015,30,approx_from_previous_land_use_grid,1987-2015,persistent new sugarcane entries weighted by grid-cell overlap,214169.81949878245
09538989000670,196112.48278457872,2001.9862927134309,1987.0,2015.0,29.0,pre_renovabio_1985_2015,30,approx_from_previous_land_use_grid,1987-2015,persistent new sugarcane entries weighted by grid-cell overlap,196112.48278457872
09538989000751,178039.13803383097,2001.7754846579896,1987.0,2015.0,29.0,pre_renovabio_1985_2015,30,approx_from_previous_land_use_grid,1987-2015,persistent new sugarcane entries weighted by grid-cell overlap,178039.13803383097
10249419000216,117034.94306733644,2010.5989051610184,1987.0,2015.0,29.0,pre_renovabio_1985_2015,30,approx_from_previous_land_use_grid,1987-2015,persistent new sugarcane entries weighted by grid-cell overlap,117034.94306733644
10249419000305,100080.28065612924,2008.1993771235852,1987.0,2015.0,29.0,pre_renovabio_1985_2015,30,approx_from_previous_land_use_grid,1987-2015,persistent new sugarcane entries weighted by grid-cell overlap,100080.28065612924
10452413000160,12028.823068411575,2010.6809023592173,1987.0,2015.0,29.0,pre_renovabio_1985_2015,30,approx_from_previous_land_use_grid,1987-2015,persistent new sugarcane entries weighted by grid-cell overlap,12028.823068411575
10921675000127,0.0,,,,,pre_renovabio_1985_2015,30,approx_from_previous_land_use_grid,1987-2015,persistent new sugarcane entries weighted by grid-cell overlap,0.0
11092881000134,69844.85069411894,2010.0638184756813,1987.0,2015.0,29.0,pre_renovabio_1985_2015,30,approx_from_previous_land_use_grid,1987-2015,persistent new sugarcane entries weighted by grid-cell overlap,69844.85069411894
12229415001001,69904.29873856845,2007.064217947816,1987.0,2015.0,29.0,pre_renovabio_1985_2015,30,approx_from_previous_land_use_grid,1987-2015,persistent new sugarcane entries weighted by grid-cell overlap,69904.29873856845
12229415001435,166309.3103547404,2006.5949076579357,1987.0,2015.0,29.0,pre_renovabio_1985_2015,30,approx_from_previous_land_use_grid,1987-2015,persistent new sugarcane entries weighted by grid-cell overlap,166309.3103547404
12229415001605,65009.01975922018,2008.3176567060416,1987.0,2015.0,29.0,pre_renovabio_1985_2015,30,approx_from_previous_land_use_grid,1987-2015,persistent new sugarcane entries weighted by grid-cell overlap,65009.01975922018
12282034001762,78477.375627986,2006.6248740963256,1987.0,2015.0,29.0,pre_renovabio_1985_2015,30,approx_from_previous_land_use_grid,1987-2015,persistent new sugarcane entries weighted by grid-cell overlap,78477.375627986
13537735000281,215934.1569794001,2003.8894549648735,1987.0,2015.0,29.0,pre_renovabio_1985_2015,30,approx_from_previous_land_use_grid,1987-2015,persistent new sugarcane entries weighted by grid-cell overlap,215934.1569794001
13537735000362,150794.5381744813,2002.816798786024,1987.0,2015.0,29.0,pre_renovabio_1985_2015,30,approx_from_previous_land_use_grid,1987-2015,persistent new sugarcane entries weighted by grid-cell overlap,150794.5381744813
15009178000170,42906.55304832312,2005.4556818432632,1989.0,2015.0,27.0,pre_renovabio_1985_2015,30,approx_from_previous_land_use_grid,1987-2015,persistent new sugarcane entries weighted by grid-cell overlap,42906.55304832312
15043391000107,12281.240402040792,2011.3208858623111,1989.0,2015.0,26.0,pre_renovabio_1985_2015,30,approx_from_previous_land_use_grid,1987-2015,persistent new sugarcane entries weighted by grid-cell overlap,12281.240402040792
15444904000183,35952.66168162498,2006.636463566831,1987.0,2015.0,29.0,pre_renovabio_1985_2015,30,approx_from_previous_land_use_grid,1987-2015,persistent new sugarcane entries weighted by grid-cell overlap,35952.66168162498
15527906000721,62071.87587338884,2007.7711431296011,1987.0,2015.0,29.0,pre_renovabio_1985_2015,30,approx_from_previous_land_use_grid,1987-2015,persistent new sugarcane entries weighted by grid-cell overlap,62071.87587338884
15527906002937,30864.88500084448,2009.825620278934,1987.0,2015.0,29.0,pre_renovabio_1985_2015,30,approx_from_previous_land_use_grid,1987-2015,persistent new sugarcane entries weighted by grid-cell overlap,30864.88500084448
15527906003585,54775.83638036252,2009.2061654010529,1987.0,2015.0,29.0,pre_renovabio_1985_2015,30,approx_from_previous_land_use_grid,1987-2015,persistent new sugarcane entries weighted by grid-cell overlap,54775.83638036252
15527906003666,73204.2781923039,1999.5417873257788,1987.0,2015.0,29.0,pre_renovabio_1985_2015,30,approx_from_previous_land_use_grid,1987-2015,persistent new sugarcane entries weighted by grid-cell overlap,73204.2781923039
16617789000164,5458.946229452084,2009.284756010142,1987.0,2015.0,29.0,pre_renovabio_1985_2015,30,approx_from_previous_land_use_grid,1987-2015,persistent new sugarcane entries weighted by grid-cell overlap,5458.946229452084
19537471000161,235785.52197774875,2005.688381694308,1987.0,2015.0,29.0,pre_renovabio_1985_2015,30,approx_from_previous_land_use_grid,1987-2015,persistent new sugarcane entries weighted by grid-cell overlap,235785.52197774875
19818301000155,70459.76515660287,2006.602045769972,1987.0,2015.0,29.0,pre_renovabio_1985_2015,30,approx_from_previous_land_use_grid,1987-2015,persistent new sugarcane entries weighted by grid-cell overlap,70459.76515660287
21783238000100,11853.956562544392,2010.8808258804172,1987.0,2015.0,29.0,pre_renovabio_1985_2015,30,approx_from_previous_land_use_grid,1987-2015,persistent new sugarcane entries weighted by grid-cell overlap,11853.956562544392
22587687000146,17695.759760478923,2003.256952662625,1987.0,2015.0,29.0,pre_renovabio_1985_2015,30,approx_from_previous_land_use_grid,1987-2015,persistent new sugarcane entries weighted by grid-cell overlap,17695.759760478923
23796998000188,509.8670734466257,2006.9212910183064,1988.0,2015.0,20.0,pre_renovabio_1985_2015,30,approx_from_previous_land_use_grid,1987-2015,persistent new sugarcane entries weighted by grid-cell overlap,509.8670734466257
23858708000183,28231.95029596001,2008.8060254902505,1987.0,2015.0,29.0,pre_renovabio_1985_2015,30,approx_from_previous_land_use_grid,1987-2015,persistent new sugarcane entries weighted by grid-cell overlap,28231.95029596001
28144326000101,85113.53860733443,2007.1211995125489,1987.0,2015.0,29.0,pre_renovabio_1985_2015,30,approx_from_previous_land_use_grid,1987-2015,persistent new sugarcane entries weighted by grid-cell overlap,85113.53860733443
33664228000135,27807.672660281085,2005.6890555063096,1989.0,2015.0,27.0,pre_renovabio_1985_2015,30,approx_from_previous_land_use_grid,1987-2015,persistent new sugarcane entries weighted by grid-cell overlap,27807.672660281085
35637796000172,125535.29981152792,2003.101393072744,1987.0,2015.0,29.0,pre_renovabio_1985_2015,30,approx_from_previous_land_use_grid,1987-2015,persistent new sugarcane entries weighted by grid-cell overlap,125535.29981152792
37216363000250,70539.4903607536,2009.6386835036487,1987.0,2015.0,29.0,pre_renovabio_1985_2015,30,approx_from_previous_land_use_grid,1987-2015,persistent new sugarcane entries weighted by grid-cell overlap,70539.4903607536
38278706000192,82245.18008475183,2000.88391422448,1987.0,2015.0,29.0,pre_renovabio_1985_2015,30,approx_from_previous_land_use_grid,1987-2015,persistent new sugarcane entries weighted by grid-cell overlap,82245.18008475183
43533819000399,166345.85818461888,2001.8808692424043,1987.0,2015.0,29.0,pre_renovabio_1985_2015,30,approx_from_previous_land_use_grid,1987-2015,persistent new sugarcane entries weighted by grid-cell overlap,166345.85818461888
43545284000104,104546.13592412155,2008.2282313114588,1987.0,2015.0,29.0,pre_renovabio_1985_2015,30,approx_from_previous_land_use_grid,1987-2015,persistent new sugarcane entries weighted by grid-cell overlap,104546.13592412155
43619832001760,139476.11760117058,2000.7844143108584,1987.0,2015.0,29.0,pre_renovabio_1985_2015,30,approx_from_previous_land_use_grid,1987-2015,persistent new sugarcane entries weighted by grid-cell overlap,139476.11760117058
43932102000581,122618.4896206392,2002.2222282768869,1987.0,2015.0,29.0,pre_renovabio_1985_2015,30,approx_from_previous_land_use_grid,1987-2015,persistent new sugarcane entries weighted by grid-cell overlap,122618.4896206392
44207249000148,72295.51186393775,1998.7207651817264,1987.0,2015.0,29.0,pre_renovabio_1985_2015,30,approx_from_previous_land_use_grid,1987-2015,persistent new sugarcane entries weighted by grid-cell overlap,72295.51186393775
44209336003583,70826.273068619,1997.4445487732912,1987.0,2015.0,29.0,pre_renovabio_1985_2015,30,approx_from_previous_land_use_grid,1987-2015,persistent new sugarcane entries weighted by grid-cell overlap,70826.273068619
44330975000153,156294.63769096733,2000.437213143897,1987.0,2015.0,29.0,pre_renovabio_1985_2015,30,approx_from_previous_land_use_grid,1987-2015,persistent new sugarcane entries weighted by grid-cell overlap,156294.63769096733
44330975002288,211317.4796118361,2006.3620375225444,1987.0,2015.0,29.0,pre_renovabio_1985_2015,30,approx_from_previous_land_use_grid,1987-2015,persistent new sugarcane entries weighted by grid-cell overlap,211317.4796118361
44330975002520,54921.49812165309,2009.0183291807127,1987.0,2015.0,29.0,pre_renovabio_1985_2015,30,approx_from_previous_land_use_grid,1987-2015,persistent new sugarcane entries weighted by grid-cell overlap,54921.49812165309
44346583000182,220722.12085927196,2000.5566013881803,1987.0,2015.0,29.0,pre_renovabio_1985_2015,30,approx_from_previous_land_use_grid,1987-2015,persistent new sugarcane entries weighted by grid-cell overlap,220722.12085927196
44373108000103,214169.81949878245,2002.1044969119307,1987.0,2015.0,29.0,pre_renovabio_1985_2015,30,approx_from_previous_land_use_grid,1987-2015,persistent new sugarcane entries weighted by grid-cell overlap,214169.81949878245
44691236000197,102086.32275691292,2000.463006870419,1987.0,2015.0,29.0,pre_renovabio_1985_2015,30,approx_from_previous_land_use_grid,1987-2015,persistent new sugarcane entries weighted by grid-cell overlap,102086.32275691292
44836856000177,22392.52064780388,2003.3447262223472,1987.0,2015.0,29.0,pre_renovabio_1985_2015,30,approx_from_previous_land_use_grid,1987-2015,persistent new sugarcane entries weighted by grid-cell overlap,22392.52064780388
44845915000173,109487.4748205492,2006.761012266198,1987.0,2015.0,29.0,pre_renovabio_1985_2015,30,approx_from_previous_land_use_grid,1987-2015,persistent new sugarcane entries weighted by grid-cell overlap,109487.4748205492
44870939000182,167511.65026588726,1998.982352148404,1987.0,2015.0,29.0,pre_renovabio_1985_2015,30,approx_from_previous_land_use_grid,1987-2015,persistent new sugarcane entries weighted by grid-cell overlap,167511.65026588726
45281813000135,117079.25082825204,2001.8712778333168,1987.0,2015.0,29.0,pre_renovabio_1985_2015,30,approx_from_previous_land_use_grid,1987-2015,persistent new sugarcane entries weighted by grid-cell overlap,117079.25082825204
45353547000109,86435.01673768663,2000.1965429636823,1987.0,2015.0,29.0,pre_renovabio_1985_2015,30,approx_from_previous_land_use_grid,1987-2015,persistent new sugarcane entries weighted by grid-cell overlap,86435.01673768663
45483450000110,128506.8216149088,2002.847528160912,1987.0,2015.0,29.0,pre_renovabio_1985_2015,30,approx_from_previous_land_use_grid,1987-2015,persistent new sugarcane entries weighted by grid-cell overlap,128506.8216149088
45483450002164,109047.705503602,2004.584233919674,1987.0,2015.0,29.0,pre_renovabio_1985_2015,30,approx_from_previous_land_use_grid,1987-2015,persistent new sugarcane entries weighted by grid-cell overlap,109047.705503602
45765914000181,63571.253887329935,1997.874489190228,1987.0,2015.0,29.0,pre_renovabio_1985_2015,30,approx_from_previous_land_use_grid,1987-2015,persistent new sugarcane entries weighted by grid-cell overlap,63571.253887329935
45902707000121,151500.5281627929,2001.4271461575404,1987.0,2015.0,29.0,pre_renovabio_1985_2015,30,approx_from_previous_land_use_grid,1987-2015,persistent new sugarcane entries weighted by grid-cell overlap,151500.5281627929
45968162000156,133967.81275690714,2000.5640100780224,1987.0,2015.0,29.0,pre_renovabio_1985_2015,30,approx_from_previous_land_use_grid,1987-2015,persistent new sugarcane entries weighted by grid-cell overlap,133967.81275690714
47063128000168,161669.1391362142,2001.2954312455397,1987.0,2015.0,29.0,pre_renovabio_1985_2015,30,approx_from_previous_land_use_grid,1987-2015,persistent new sugarcane entries weighted by grid-cell overlap,161669.1391362142
47080619001199,223851.64089428744,2004.039211606924,1987.0,2015.0,29.0,pre_renovabio_1985_2015,30,approx_from_previous_land_use_grid,1987-2015,persistent new sugarcane entries weighted by grid-cell overlap,223851.64089428744
47080619003051,220251.174263966,2006.8918196313089,1987.0,2015.0,29.0,pre_renovabio_1985_2015,30,approx_from_previous_land_use_grid,1987-2015,persistent new sugarcane entries weighted by grid-cell overlap,220251.174263966
47080619003302,262172.8575127932,2002.0637292311765,1987.0,2015.0,29.0,pre_renovabio_1985_2015,30,approx_from_previous_land_use_grid,1987-2015,persistent new sugarcane entries weighted by grid-cell overlap,262172.8575127932
47080619006158,186870.28679290708,1999.248376135452,1987.0,2015.0,29.0,pre_renovabio_1985_2015,30,approx_from_previous_land_use_grid,1987-2015,persistent new sugarcane entries weighted by grid-cell overlap,186870.28679290708
47080619006239,271903.22110203805,2002.057359424828,1987.0,2015.0,29.0,pre_renovabio_1985_2015,30,approx_from_previous_land_use_grid,1987-2015,persistent new sugarcane entries weighted by grid-cell overlap,271903.22110203805
47254396000167,60074.5438359096,1997.9171733855528,1987.0,2015.0,29.0,pre_renovabio_1985_2015,30,approx_from_previous_land_use_grid,1987-2015,persistent new sugarcane entries weighted by grid-cell overlap,60074.5438359096
47524632000118,141015.67724471525,2002.0601945167607,1987.0,2015.0,29.0,pre_renovabio_1985_2015,30,approx_from_previous_land_use_grid,1987-2015,persistent new sugarcane entries weighted by grid-cell overlap,141015.67724471525
47524632000894,206589.30936995076,2004.1213633098296,1987.0,2015.0,29.0,pre_renovabio_1985_2015,30,approx_from_previous_land_use_grid,1987-2015,persistent new sugarcane entries weighted by grid-cell overlap,206589.30936995076
47902283000120,3837.193378019536,2012.627134149526,1990.0,2015.0,12.0,pre_renovabio_1985_2015,30,approx_from_previous_land_use_grid,1987-2015,persistent new sugarcane entries weighted by grid-cell overlap,3837.193378019536
48295562001108,75026.39470504835,2001.7907809925923,1987.0,2015.0,29.0,pre_renovabio_1985_2015,30,approx_from_previous_land_use_grid,1987-2015,persistent new sugarcane entries weighted by grid-cell overlap,75026.39470504835
48295562001450,171187.83968945805,2004.4136327457209,1987.0,2015.0,29.0,pre_renovabio_1985_2015,30,approx_from_previous_land_use_grid,1987-2015,persistent new sugarcane entries weighted by grid-cell overlap,171187.83968945805
48295562001884,185837.7548069648,2004.63643128398,1987.0,2015.0,29.0,pre_renovabio_1985_2015,30,approx_from_previous_land_use_grid,1987-2015,persistent new sugarcane entries weighted by grid-cell overlap,185837.7548069648
48295562001965,142015.14004490813,2002.427265217156,1987.0,2015.0,29.0,pre_renovabio_1985_2015,30,approx_from_previous_land_use_grid,1987-2015,persistent new sugarcane entries weighted by grid-cell overlap,142015.14004490813
48708267046156,164616.48677209337,2000.368865801109,1987.0,2015.0,29.0,pre_renovabio_1985_2015,30,approx_from_previous_land_use_grid,1987-2015,persistent new sugarcane entries weighted by grid-cell overlap,164616.48677209337
49049638000106,91842.73315984385,1997.258452911322,1987.0,2015.0,29.0,pre_renovabio_1985_2015,30,approx_from_previous_land_use_grid,1987-2015,persistent new sugarcane entries weighted by grid-cell overlap,91842.73315984385
49213747000117,192757.52959317545,1998.8440643064096,1987.0,2015.0,29.0,pre_renovabio_1985_2015,30,approx_from_previous_land_use_grid,1987-2015,persistent new sugarcane entries weighted by grid-cell overlap,192757.52959317545
49213747011585,192757.52959317545,1998.8440643064096,1987.0,2015.0,29.0,pre_renovabio_1985_2015,30,approx_from_previous_land_use_grid,1987-2015,persistent new sugarcane entries weighted by grid-cell overlap,192757.52959317545
49213747011828,102069.0156517958,1996.2258945307376,1987.0,2015.0,29.0,pre_renovabio_1985_2015,30,approx_from_previous_land_use_grid,1987-2015,persistent new sugarcane entries weighted by grid-cell overlap,102069.0156517958
49213747012980,266247.1023238092,2004.4280346742155,1987.0,2015.0,29.0,pre_renovabio_1985_2015,30,approx_from_previous_land_use_grid,1987-2015,persistent new sugarcane entries weighted by grid-cell overlap,266247.1023238092
49605157000210,32562.97407093004,2002.546555949604,1987.0,2015.0,29.0,pre_renovabio_1985_2015,30,approx_from_previous_land_use_grid,1987-2015,persistent new sugarcane entries weighted by grid-cell overlap,32562.97407093004
49972326000170,230219.8204002945,2005.7607388464792,1987.0,2015.0,29.0,pre_renovabio_1985_2015,30,approx_from_previous_land_use_grid,1987-2015,persistent new sugarcane entries weighted by grid-cell overlap,230219.8204002945
49972326003861,33795.15544291158,2011.4953329093903,1987.0,2015.0,29.0,pre_renovabio_1985_2015,30,approx_from_previous_land_use_grid,1987-2015,persistent new sugarcane entries weighted by grid-cell overlap,33795.15544291158
49976251000103,136938.71234981364,2001.950540540834,1987.0,2015.0,29.0,pre_renovabio_1985_2015,30,approx_from_previous_land_use_grid,1987-2015,persistent new sugarcane entries weighted by grid-cell overlap,136938.71234981364
50227255000160,178402.64565968813,2001.8430056026923,1987.0,2015.0,29.0,pre_renovabio_1985_2015,30,approx_from_previous_land_use_grid,1987-2015,persistent new sugarcane entries weighted by grid-cell overlap,178402.64565968813
50376938000189,87119.78213503129,1998.765136679309,1987.0,2015.0,29.0,pre_renovabio_1985_2015,30,approx_from_previous_land_use_grid,1987-2015,persistent new sugarcane entries weighted by grid-cell overlap,87119.78213503129
50376938000936,160462.35068697948,2006.385368066659,1987.0,2015.0,29.0,pre_renovabio_1985_2015,30,approx_from_previous_land_use_grid,1987-2015,persistent new sugarcane entries weighted by grid-cell overlap,160462.35068697948
51466860000156,65467.32479036105,1996.932904208536,1987.0,2015.0,29.0,pre_renovabio_1985_2015,30,approx_from_previous_land_use_grid,1987-2015,persistent new sugarcane entries weighted by grid-cell overlap,65467.32479036105
51466860002957,76353.81048760095,1995.8072601903025,1987.0,2015.0,29.0,pre_renovabio_1985_2015,30,approx_from_previous_land_use_grid,1987-2015,persistent new sugarcane entries weighted by grid-cell overlap,76353.81048760095
51466860005034,85642.9149282597,1998.954370995496,1987.0,2015.0,29.0,pre_renovabio_1985_2015,30,approx_from_previous_land_use_grid,1987-2015,persistent new sugarcane entries weighted by grid-cell overlap,85642.9149282597
51466860006278,136970.11232172907,2010.9993294935196,1987.0,2015.0,29.0,pre_renovabio_1985_2015,30,approx_from_previous_land_use_grid,1987-2015,persistent new sugarcane entries weighted by grid-cell overlap,136970.11232172907
51843514000140,188761.58756790904,2000.5998080380784,1987.0,2015.0,29.0,pre_renovabio_1985_2015,30,approx_from_previous_land_use_grid,1987-2015,persistent new sugarcane entries weighted by grid-cell overlap,188761.58756790904
51843514009600,198593.99905050933,2003.706260158604,1987.0,2015.0,29.0,pre_renovabio_1985_2015,30,approx_from_previous_land_use_grid,1987-2015,persistent new sugarcane entries weighted by grid-cell overlap,198593.99905050933
51990778000126,220722.12085927196,2000.5566013881803,1987.0,2015.0,29.0,pre_renovabio_1985_2015,30,approx_from_previous_land_use_grid,1987-2015,persistent new sugarcane entries weighted by grid-cell overlap,220722.12085927196
53009825000133,173349.654418809,1998.3543658991316,1987.0,2015.0,29.0,pre_renovabio_1985_2015,30,approx_from_previous_land_use_grid,1987-2015,persistent new sugarcane entries weighted by grid-cell overlap,173349.654418809
53172300000114,143262.48696120782,2001.831080682632,1987.0,2015.0,29.0,pre_renovabio_1985_2015,30,approx_from_previous_land_use_grid,1987-2015,persistent new sugarcane entries weighted by grid-cell overlap,143262.48696120782
53408860000125,109516.83655264444,2001.084580340856,1987.0,2015.0,29.0,pre_renovabio_1985_2015,30,approx_from_previous_land_use_grid,1987-2015,persistent new sugarcane entries weighted by grid-cell overlap,109516.83655264444
53811006000105,192862.23950179567,1998.9630141201376,1987.0,2015.0,29.0,pre_renovabio_1985_2015,30,approx_from_previous_land_use_grid,1987-2015,persistent new sugarcane entries weighted by grid-cell overlap,192862.23950179567
53811006000296,144475.12957122878,2005.2248966051056,1987.0,2015.0,29.0,pre_renovabio_1985_2015,30,approx_from_previous_land_use_grid,1987-2015,persistent new sugarcane entries weighted by grid-cell overlap,144475.12957122878
54470679000101,138600.5237266924,1998.90331624918,1987.0,2015.0,29.0,pre_renovabio_1985_2015,30,approx_from_previous_land_use_grid,1987-2015,persistent new sugarcane entries weighted by grid-cell overlap,138600.5237266924
54844360000107,82387.17373092887,2000.955110760364,1987.0,2015.0,29.0,pre_renovabio_1985_2015,30,approx_from_previous_land_use_grid,1987-2015,persistent new sugarcane entries weighted by grid-cell overlap,82387.17373092887
54846951000105,85761.05581591891,2001.1933869168413,1987.0,2015.0,29.0,pre_renovabio_1985_2015,30,approx_from_previous_land_use_grid,1987-2015,persistent new sugarcane entries weighted by grid-cell overlap,85761.05581591891
55090971000161,118412.04901087808,2004.280336520612,1987.0,2015.0,29.0,pre_renovabio_1985_2015,30,approx_from_previous_land_use_grid,1987-2015,persistent new sugarcane entries weighted by grid-cell overlap,118412.04901087808
55109474000168,112327.63749409742,1995.160715579696,1987.0,2015.0,29.0,pre_renovabio_1985_2015,30,approx_from_previous_land_use_grid,1987-2015,persistent new sugarcane entries weighted by grid-cell overlap,112327.63749409742
55109565000101,104352.07103283296,1994.613629764928,1987.0,2015.0,29.0,pre_renovabio_1985_2015,30,approx_from_previous_land_use_grid,1987-2015,persistent new sugarcane entries weighted by grid-cell overlap,104352.07103283296
56723257000207,64674.76319209637,2000.4019035606143,1987.0,2015.0,29.0,pre_renovabio_1985_2015,30,approx_from_previous_land_use_grid,1987-2015,persistent new sugarcane entries weighted by grid-cell overlap,64674.76319209637
60329174000124,75750.28857710982,1997.803265069027,1987.0,2015.0,29.0,pre_renovabio_1985_2015,30,approx_from_previous_land_use_grid,1987-2015,persistent new sugarcane entries weighted by grid-cell overlap,75750.28857710982
60855574000335,78387.23764973668,1997.46606812804,1987.0,2015.0,29.0,pre_renovabio_1985_2015,30,approx_from_previous_land_use_grid,1987-2015,persistent new sugarcane entries weighted by grid-cell overlap,78387.23764973668
60855574000416,79868.10997852912,1997.8937259286984,1987.0,2015.0,29.0,pre_renovabio_1985_2015,30,approx_from_previous_land_use_grid,1987-2015,persistent new sugarcane entries weighted by grid-cell overlap,79868.10997852912
60855574001307,202191.91572800127,2002.2763606203105,1987.0,2015.0,29.0,pre_renovabio_1985_2015,30,approx_from_previous_land_use_grid,1987-2015,persistent new sugarcane entries weighted by grid-cell overlap,202191.91572800127
61082962000393,106890.8283679752,2005.068523049802,1987.0,2015.0,29.0,pre_renovabio_1985_2015,30,approx_from_previous_land_use_grid,1987-2015,persistent new sugarcane entries weighted by grid-cell overlap,106890.8283679752
61082962000474,73672.63195317617,2008.01865532504,1987.0,2015.0,29.0,pre_renovabio_1985_2015,30,approx_from_previous_land_use_grid,1987-2015,persistent new sugarcane entries weighted by grid-cell overlap,73672.63195317617
61231478000206,97500.2350239149,1999.834022559614,1987.0,2015.0,29.0,pre_renovabio_1985_2015,30,approx_from_previous_land_use_grid,1987-2015,persistent new sugarcane entries weighted by grid-cell overlap,97500.2350239149
68316801000102,151103.4022324169,1999.852277882118,1987.0,2015.0,29.0,pre_renovabio_1985_2015,30,approx_from_previous_land_use_grid,1987-2015,persistent new sugarcane entries weighted by grid-cell overlap,151103.4022324169
68316801002571,151103.4022324169,1999.852277882118,1987.0,2015.0,29.0,pre_renovabio_1985_2015,30,approx_from_previous_land_use_grid,1987-2015,persistent new sugarcane entries weighted by grid-cell overlap,151103.4022324169
71304687000105,82857.91415938716,1997.2828534886755,1987.0,2015.0,29.0,pre_renovabio_1985_2015,30,approx_from_previous_land_use_grid,1987-2015,persistent new sugarcane entries weighted by grid-cell overlap,82857.91415938716
71304687001845,156653.45303645232,2001.6123541689883,1987.0,2015.0,29.0,pre_renovabio_1985_2015,30,approx_from_previous_land_use_grid,1987-2015,persistent new sugarcane entries weighted by grid-cell overlap,156653.45303645232
71304687002817,170885.13786955483,2004.9127223004311,1987.0,2015.0,29.0,pre_renovabio_1985_2015,30,approx_from_previous_land_use_grid,1987-2015,persistent new sugarcane entries weighted by grid-cell overlap,170885.13786955483
71321566000163,98699.38617925506,1995.394237894572,1987.0,2015.0,29.0,pre_renovabio_1985_2015,30,approx_from_previous_land_use_grid,1987-2015,persistent new sugarcane entries weighted by grid-cell overlap,98699.38617925506
71324784000151,80992.20294204826,1994.4221031730488,1987.0,2015.0,29.0,pre_renovabio_1985_2015,30,approx_from_previous_land_use_grid,1987-2015,persistent new sugarcane entries weighted by grid-cell overlap,80992.20294204826
71324792000440,96080.2199754457,1996.9242558975063,1987.0,2015.0,29.0,pre_renovabio_1985_2015,30,approx_from_previous_land_use_grid,1987-2015,persistent new sugarcane entries weighted by grid-cell overlap,96080.2199754457
75084871000130,75800.56700181338,2002.3006365405672,1987.0,2015.0,29.0,pre_renovabio_1985_2015,30,approx_from_previous_land_use_grid,1987-2015,persistent new sugarcane entries weighted by grid-cell overlap,75800.56700181338
75177857000180,65287.0764058839,2002.7670721999957,1987.0,2015.0,29.0,pre_renovabio_1985_2015,30,approx_from_previous_land_use_grid,1987-2015,persistent new sugarcane entries weighted by grid-cell overlap,65287.0764058839
75444430000100,81790.30940500916,2000.0636630382417,1987.0,2015.0,29.0,pre_renovabio_1985_2015,30,approx_from_previous_land_use_grid,1987-2015,persistent new sugarcane entries weighted by grid-cell overlap,81790.30940500916
75619056000128,91607.95799437189,2001.4214565209709,1987.0,2015.0,29.0,pre_renovabio_1985_2015,30,approx_from_previous_land_use_grid,1987-2015,persistent new sugarcane entries weighted by grid-cell overlap,91607.95799437189
75717355000286,158290.5477817351,2005.7605318513456,1987.0,2015.0,29.0,pre_renovabio_1985_2015,30,approx_from_previous_land_use_grid,1987-2015,persistent new sugarcane entries weighted by grid-cell overlap,158290.5477817351
75717355000367,138165.924099737,2007.07501588648,1987.0,2015.0,29.0,pre_renovabio_1985_2015,30,approx_from_previous_land_use_grid,1987-2015,persistent new sugarcane entries weighted by grid-cell overlap,138165.924099737
75717355000448,44059.46665546406,2007.0010358503985,1987.0,2015.0,29.0,pre_renovabio_1985_2015,30,approx_from_previous_land_use_grid,1987-2015,persistent new sugarcane entries weighted by grid-cell overlap,44059.46665546406
75717355000529,102115.1161110382,2003.0252380560923,1987.0,2015.0,29.0,pre_renovabio_1985_2015,30,approx_from_previous_land_use_grid,1987-2015,persistent new sugarcane entries weighted by grid-cell overlap,102115.1161110382
75717355000871,111122.66671836564,2008.008957299712,1987.0,2015.0,29.0,pre_renovabio_1985_2015,30,approx_from_previous_land_use_grid,1987-2015,persistent new sugarcane entries weighted by grid-cell overlap,111122.66671836564
75717355001096,107281.26371576011,2005.948030769585,1987.0,2015.0,29.0,pre_renovabio_1985_2015,30,approx_from_previous_land_use_grid,1987-2015,persistent new sugarcane entries weighted by grid-cell overlap,107281.26371576011
75717355001177,93128.48954069852,2006.4621407801803,1987.0,2015.0,29.0,pre_renovabio_1985_2015,30,approx_from_previous_land_use_grid,1987-2015,persistent new sugarcane entries weighted by grid-cell overlap,93128.48954069852
78340270000210,113256.59549891906,2004.4907550157775,1987.0,2015.0,29.0,pre_renovabio_1985_2015,30,approx_from_previous_land_use_grid,1987-2015,persistent new sugarcane entries weighted by grid-cell overlap,113256.59549891906
00297598000122,4376.475169620373,2005.3346791855615,1989.0,2015.0,25.0,pre_renovabio_1985_2015,50,approx_from_previous_land_use_grid,1987-2015,persistent new sugarcane entries weighted by grid-cell overlap,4376.475169620373
00372496000124,309527.06599958387,1999.7623660997087,1987.0,2015.0,29.0,pre_renovabio_1985_2015,50,approx_from_previous_land_use_grid,1987-2015,persistent new sugarcane entries weighted by grid-cell overlap,309527.06599958387
00595322000120,79025.20623777839,2009.7778060428764,1987.0,2015.0,29.0,pre_renovabio_1985_2015,50,approx_from_previous_land_use_grid,1987-2015,persistent new sugarcane entries weighted by grid-cell overlap,79025.20623777839
01105558000102,22613.27280906081,2011.0974070951504,1987.0,2015.0,29.0,pre_renovabio_1985_2015,50,approx_from_previous_land_use_grid,1987-2015,persistent new sugarcane entries weighted by grid-cell overlap,22613.27280906081
02043917000107,61180.74235481648,2011.0952484339048,1987.0,2015.0,29.0,pre_renovabio_1985_2015,50,approx_from_previous_land_use_grid,1987-2015,persistent new sugarcane entries weighted by grid-cell overlap,61180.74235481648
02414858000470,78643.03500943894,2006.6244304441784,1987.0,2015.0,29.0,pre_renovabio_1985_2015,50,approx_from_previous_land_use_grid,1987-2015,persistent new sugarcane entries weighted by grid-cell overlap,78643.03500943894
02460988000105,87672.17812826962,2006.6335301460408,1987.0,2015.0,29.0,pre_renovabio_1985_2015,50,approx_from_previous_land_use_grid,1987-2015,persistent new sugarcane entries weighted by grid-cell overlap,87672.17812826962
02635522000195,80156.2124154088,2006.6938726774467,1987.0,2015.0,29.0,pre_renovabio_1985_2015,50,approx_from_previous_land_use_grid,1987-2015,persistent new sugarcane entries weighted by grid-cell overlap,80156.2124154088
02635522004930,100192.29447408006,2006.550022424756,1987.0,2015.0,29.0,pre_renovabio_1985_2015,50,approx_from_previous_land_use_grid,1987-2015,persistent new sugarcane entries weighted by grid-cell overlap,100192.29447408006
02678100000105,9218.750313952096,2012.3410734864128,1992.0,2015.0,23.0,pre_renovabio_1985_2015,50,approx_from_previous_land_use_grid,1987-2015,persistent new sugarcane entries weighted by grid-cell overlap,9218.750313952096
02773950000184,172362.1345017459,2009.4909853543904,1987.0,2015.0,29.0,pre_renovabio_1985_2015,50,approx_from_previous_land_use_grid,1987-2015,persistent new sugarcane entries weighted by grid-cell overlap,172362.1345017459
02783009000141,66331.87807385606,2004.376725795864,1987.0,2015.0,29.0,pre_renovabio_1985_2015,50,approx_from_previous_land_use_grid,1987-2015,persistent new sugarcane entries weighted by grid-cell overlap,66331.87807385606
02859452000230,257186.12789875723,2009.533831982396,1987.0,2015.0,29.0,pre_renovabio_1985_2015,50,approx_from_previous_land_use_grid,1987-2015,persistent new sugarcane entries weighted by grid-cell overlap,257186.12789875723
02896264000109,38844.55856970253,2003.523435211475,1987.0,2015.0,29.0,pre_renovabio_1985_2015,50,approx_from_previous_land_use_grid,1987-2015,persistent new sugarcane entries weighted by grid-cell overlap,38844.55856970253
03345641000338,314034.2212083685,2002.9919725426723,1987.0,2015.0,29.0,pre_renovabio_1985_2015,50,approx_from_previous_land_use_grid,1987-2015,persistent new sugarcane entries weighted by grid-cell overlap,314034.2212083685
03347747000109,63451.8255853714,2007.0149351726684,1987.0,2015.0,29.0,pre_renovabio_1985_2015,50,approx_from_previous_land_use_grid,1987-2015,persistent new sugarcane entries weighted by grid-cell overlap,63451.8255853714
03445208000455,476006.4371848546,2005.3384909517715,1987.0,2015.0,29.0,pre_renovabio_1985_2015,50,approx_from_previous_land_use_grid,1987-2015,persistent new sugarcane entries weighted by grid-cell overlap,476006.4371848546
03937452000435,258683.16831325987,2008.5535069219068,1987.0,2015.0,29.0,pre_renovabio_1985_2015,50,approx_from_previous_land_use_grid,1987-2015,persistent new sugarcane entries weighted by grid-cell overlap,258683.16831325987
04165520000105,13527.344405247277,2008.550547303728,1993.0,2015.0,23.0,pre_renovabio_1985_2015,50,approx_from_previous_land_use_grid,1987-2015,persistent new sugarcane entries weighted by grid-cell overlap,13527.344405247277
04165520000296,7170.77461221366,2011.0087277845696,1997.0,2015.0,19.0,pre_renovabio_1985_2015,50,approx_from_previous_land_use_grid,1987-2015,persistent new sugarcane entries weighted by grid-cell overlap,7170.77461221366
04171382000177,647950.1325260397,2005.7844482073133,1987.0,2015.0,29.0,pre_renovabio_1985_2015,50,approx_from_previous_land_use_grid,1987-2015,persistent new sugarcane entries weighted by grid-cell overlap,647950.1325260397
04248044000277,639879.9083265926,2004.85844729982,1987.0,2015.0,29.0,pre_renovabio_1985_2015,50,approx_from_previous_land_use_grid,1987-2015,persistent new sugarcane entries weighted by grid-cell overlap,639879.9083265926
04969941000199,409331.1932833501,1998.1334420228875,1987.0,2015.0,29.0,pre_renovabio_1985_2015,50,approx_from_previous_land_use_grid,1987-2015,persistent new sugarcane entries weighted by grid-cell overlap,409331.1932833501
05242560000176,682164.0652265442,2004.8519520843347,1987.0,2015.0,29.0,pre_renovabio_1985_2015,50,approx_from_previous_land_use_grid,1987-2015,persistent new sugarcane entries weighted by grid-cell overlap,682164.0652265442
05553456000100,218075.98685840305,2008.2873056575493,1987.0,2015.0,29.0,pre_renovabio_1985_2015,50,approx_from_previous_land_use_grid,1987-2015,persistent new sugarcane entries weighted by grid-cell overlap,218075.98685840305
05620523000235,211527.85287199877,2010.8410717829229,1987.0,2015.0,29.0,pre_renovabio_1985_2015,50,approx_from_previous_land_use_grid,1987-2015,persistent new sugarcane entries weighted by grid-cell overlap,211527.85287199877
05643160000172,28617.119023573672,2011.851868571347,1987.0,2015.0,29.0,pre_renovabio_1985_2015,50,approx_from_previous_land_use_grid,1987-2015,persistent new sugarcane entries weighted by grid-cell overlap,28617.119023573672
05928246000141,581575.0262776212,2004.7554783121425,1987.0,2015.0,29.0,pre_renovabio_1985_2015,50,approx_from_previous_land_use_grid,1987-2015,persistent new sugarcane entries weighted by grid-cell overlap,581575.0262776212
05938884000143,291383.7895290179,2006.4974726392763,1987.0,2015.0,29.0,pre_renovabio_1985_2015,50,approx_from_previous_land_use_grid,1987-2015,persistent new sugarcane entries weighted by grid-cell overlap,291383.7895290179
05980986000127,217457.64203561985,2008.0497793889824,1987.0,2015.0,29.0,pre_renovabio_1985_2015,50,approx_from_previous_land_use_grid,1987-2015,persistent new sugarcane entries weighted by grid-cell overlap,217457.64203561985
06044698000808,8003.363787839541,2010.0663796820745,1990.0,2015.0,18.0,pre_renovabio_1985_2015,50,approx_from_previous_land_use_grid,1987-2015,persistent new sugarcane entries weighted by grid-cell overlap,8003.363787839541
06059962000100,335849.93921994825,2006.82118899684,1987.0,2015.0,29.0,pre_renovabio_1985_2015,50,approx_from_previous_land_use_grid,1987-2015,persistent new sugarcane entries weighted by grid-cell overlap,335849.93921994825
06252818003799,154698.3960248478,1999.567186173394,1987.0,2015.0,29.0,pre_renovabio_1985_2015,50,approx_from_previous_land_use_grid,1987-2015,persistent new sugarcane entries weighted by grid-cell overlap,154698.3960248478
06315338002324,547678.4296532107,2006.7121055200475,1987.0,2015.0,29.0,pre_renovabio_1985_2015,50,approx_from_previous_land_use_grid,1987-2015,persistent new sugarcane entries weighted by grid-cell overlap,547678.4296532107
06315338002405,404807.5819410512,2007.298114091776,1987.0,2015.0,29.0,pre_renovabio_1985_2015,50,approx_from_previous_land_use_grid,1987-2015,persistent new sugarcane entries weighted by grid-cell overlap,404807.5819410512
06315338015060,520433.2013284249,2003.3195114520088,1987.0,2015.0,29.0,pre_renovabio_1985_2015,50,approx_from_previous_land_use_grid,1987-2015,persistent new sugarcane entries weighted by grid-cell overlap,520433.2013284249
06315338015140,492260.448361186,2001.6600038014176,1987.0,2015.0,29.0,pre_renovabio_1985_2015,50,approx_from_previous_land_use_grid,1987-2015,persistent new sugarcane entries weighted by grid-cell overlap,492260.448361186
07130855000186,79813.66083737284,2008.2801986686943,1987.0,2015.0,29.0,pre_renovabio_1985_2015,50,approx_from_previous_land_use_grid,1987-2015,persistent new sugarcane entries weighted by grid-cell overlap,79813.66083737284
07280328000158,334977.0830536306,2002.8410782381893,1987.0,2015.0,29.0,pre_renovabio_1985_2015,50,approx_from_previous_land_use_grid,1987-2015,persistent new sugarcane entries weighted by grid-cell overlap,334977.0830536306
07280328001715,239023.5242915491,2000.423982324468,1987.0,2015.0,29.0,pre_renovabio_1985_2015,50,approx_from_previous_land_use_grid,1987-2015,persistent new sugarcane entries weighted by grid-cell overlap,239023.5242915491
07280328001804,222494.67474173015,1999.8377593710957,1987.0,2015.0,29.0,pre_renovabio_1985_2015,50,approx_from_previous_land_use_grid,1987-2015,persistent new sugarcane entries weighted by grid-cell overlap,222494.67474173015
07298800000180,384012.099271912,2006.800547716015,1987.0,2015.0,29.0,pre_renovabio_1985_2015,50,approx_from_previous_land_use_grid,1987-2015,persistent new sugarcane entries weighted by grid-cell overlap,384012.099271912
07300906000170,83411.64316081605,2009.4914410066997,1987.0,2015.0,29.0,pre_renovabio_1985_2015,50,approx_from_previous_land_use_grid,1987-2015,persistent new sugarcane entries weighted by grid-cell overlap,83411.64316081605
07398533000112,474097.1285286697,2007.0461129757732,1987.0,2015.0,29.0,pre_renovabio_1985_2015,50,approx_from_previous_land_use_grid,1987-2015,persistent new sugarcane entries weighted by grid-cell overlap,474097.1285286697
07455944000100,633271.5441761699,2005.4368596905767,1987.0,2015.0,29.0,pre_renovabio_1985_2015,50,approx_from_previous_land_use_grid,1987-2015,persistent new sugarcane entries weighted by grid-cell overlap,633271.5441761699
07458537000149,420168.0201338144,2003.0482295503405,1987.0,2015.0,29.0,pre_renovabio_1985_2015,50,approx_from_previous_land_use_grid,1987-2015,persistent new sugarcane entries weighted by grid-cell overlap,420168.0201338144
07459492000127,18943.804394686973,2012.5340722611888,1988.0,2015.0,27.0,pre_renovabio_1985_2015,50,approx_from_previous_land_use_grid,1987-2015,persistent new sugarcane entries weighted by grid-cell overlap,18943.804394686973
07670089000142,1396.2942107156484,2011.3319736153228,1988.0,2015.0,20.0,pre_renovabio_1985_2015,50,approx_from_previous_land_use_grid,1987-2015,persistent new sugarcane entries weighted by grid-cell overlap,1396.2942107156484
07674341000191,259744.36442907163,2008.158153828424,1987.0,2015.0,29.0,pre_renovabio_1985_2015,50,approx_from_previous_land_use_grid,1987-2015,persistent new sugarcane entries weighted by grid-cell overlap,259744.36442907163
07863768000138,94773.4552881438,2011.2904934022424,1987.0,2015.0,29.0,pre_renovabio_1985_2015,50,approx_from_previous_land_use_grid,1987-2015,persistent new sugarcane entries weighted by grid-cell overlap,94773.4552881438
07895728000682,63702.12049606447,2012.2990474296207,1987.0,2015.0,29.0,pre_renovabio_1985_2015,50,approx_from_previous_land_use_grid,1987-2015,persistent new sugarcane entries weighted by grid-cell overlap,63702.12049606447
07903169000109,233851.08796239184,2011.0794604937,1987.0,2015.0,29.0,pre_renovabio_1985_2015,50,approx_from_previous_land_use_grid,1987-2015,persistent new sugarcane entries weighted by grid-cell overlap,233851.08796239184
07903169001768,177138.7064914904,2011.586741655079,1987.0,2015.0,29.0,pre_renovabio_1985_2015,50,approx_from_previous_land_use_grid,1987-2015,persistent new sugarcane entries weighted by grid-cell overlap,177138.7064914904
07912062000119,155809.46157681214,2008.853940135631,1987.0,2015.0,29.0,pre_renovabio_1985_2015,50,approx_from_previous_land_use_grid,1987-2015,persistent new sugarcane entries weighted by grid-cell overlap,155809.46157681214
07930999000206,39939.7527276572,2009.5274504728131,1987.0,2015.0,29.0,pre_renovabio_1985_2015,50,approx_from_previous_land_use_grid,1987-2015,persistent new sugarcane entries weighted by grid-cell overlap,39939.7527276572
07969961000239,365442.87770086416,2002.3996090058172,1987.0,2015.0,29.0,pre_renovabio_1985_2015,50,approx_from_previous_land_use_grid,1987-2015,persistent new sugarcane entries weighted by grid-cell overlap,365442.87770086416
07981751000185,259347.4408349181,2011.0223732023144,1987.0,2015.0,29.0,pre_renovabio_1985_2015,50,approx_from_previous_land_use_grid,1987-2015,persistent new sugarcane entries weighted by grid-cell overlap,259347.4408349181
07987748000179,15874.88516694662,2007.908974635464,1987.0,2015.0,29.0,pre_renovabio_1985_2015,50,approx_from_previous_land_use_grid,1987-2015,persistent new sugarcane entries weighted by grid-cell overlap,15874.88516694662
07996345000196,161638.41732617517,2009.601754094038,1987.0,2015.0,29.0,pre_renovabio_1985_2015,50,approx_from_previous_land_use_grid,1987-2015,persistent new sugarcane entries weighted by grid-cell overlap,161638.41732617517
08048772000105,102415.96242762424,2008.7974804056332,1987.0,2015.0,29.0,pre_renovabio_1985_2015,50,approx_from_previous_land_use_grid,1987-2015,persistent new sugarcane entries weighted by grid-cell overlap,102415.96242762424
08056257000177,449800.82435824577,2006.1109866699087,1987.0,2015.0,29.0,pre_renovabio_1985_2015,50,approx_from_previous_land_use_grid,1987-2015,persistent new sugarcane entries weighted by grid-cell overlap,449800.82435824577
08057019000186,178570.31753832,2010.4164172941664,1987.0,2015.0,29.0,pre_renovabio_1985_2015,50,approx_from_previous_land_use_grid,1987-2015,persistent new sugarcane entries weighted by grid-cell overlap,178570.31753832
08070508000330,228043.77846482475,1997.2766195627776,1987.0,2015.0,29.0,pre_renovabio_1985_2015,50,approx_from_previous_land_use_grid,1987-2015,persistent new sugarcane entries weighted by grid-cell overlap,228043.77846482475
08070508006532,277299.9636820109,1999.103785138894,1987.0,2015.0,29.0,pre_renovabio_1985_2015,50,approx_from_previous_land_use_grid,1987-2015,persistent new sugarcane entries weighted by grid-cell overlap,277299.9636820109
08070508006613,453624.20175530144,2002.9139913494785,1987.0,2015.0,29.0,pre_renovabio_1985_2015,50,approx_from_previous_land_use_grid,1987-2015,persistent new sugarcane entries weighted by grid-cell overlap,453624.20175530144
08070508006702,474120.6474690552,2002.2560652576028,1987.0,2015.0,29.0,pre_renovabio_1985_2015,50,approx_from_previous_land_use_grid,1987-2015,persistent new sugarcane entries weighted by grid-cell overlap,474120.6474690552
08070508006885,520382.398024467,2005.142330031076,1987.0,2015.0,29.0,pre_renovabio_1985_2015,50,approx_from_previous_land_use_grid,1987-2015,persistent new sugarcane entries weighted by grid-cell overlap,520382.398024467
08070508006966,230163.31940459184,2002.1434974241567,1987.0,2015.0,29.0,pre_renovabio_1985_2015,50,approx_from_previous_land_use_grid,1987-2015,persistent new sugarcane entries weighted by grid-cell overlap,230163.31940459184
08070508008314,487340.6297790835,2001.9362468608088,1987.0,2015.0,29.0,pre_renovabio_1985_2015,50,approx_from_previous_land_use_grid,1987-2015,persistent new sugarcane entries weighted by grid-cell overlap,487340.6297790835
08070508009477,208217.58969014545,1996.2429126240863,1987.0,2015.0,29.0,pre_renovabio_1985_2015,50,approx_from_previous_land_use_grid,1987-2015,persistent new sugarcane entries weighted by grid-cell overlap,208217.58969014545
08070508009558,236306.96438863024,1997.8899042715952,1987.0,2015.0,29.0,pre_renovabio_1985_2015,50,approx_from_previous_land_use_grid,1987-2015,persistent new sugarcane entries weighted by grid-cell overlap,236306.96438863024
08070508009710,520427.4234047586,2003.5710804810556,1987.0,2015.0,29.0,pre_renovabio_1985_2015,50,approx_from_previous_land_use_grid,1987-2015,persistent new sugarcane entries weighted by grid-cell overlap,520427.4234047586
08070508012265,181701.11879967104,1995.730936733144,1987.0,2015.0,29.0,pre_renovabio_1985_2015,50,approx_from_previous_land_use_grid,1987-2015,persistent new sugarcane entries weighted by grid-cell overlap,181701.11879967104
08070508012427,431715.56764274655,2002.781335022117,1987.0,2015.0,29.0,pre_renovabio_1985_2015,50,approx_from_previous_land_use_grid,1987-2015,persistent new sugarcane entries weighted by grid-cell overlap,431715.56764274655
08070508012508,241104.50724036584,1999.4571656369749,1987.0,2015.0,29.0,pre_renovabio_1985_2015,50,approx_from_previous_land_use_grid,1987-2015,persistent new sugarcane entries weighted by grid-cell overlap,241104.50724036584
08070508015795,272563.0224470839,1999.1364406719763,1987.0,2015.0,29.0,pre_renovabio_1985_2015,50,approx_from_previous_land_use_grid,1987-2015,persistent new sugarcane entries weighted by grid-cell overlap,272563.0224470839
08070508015876,236087.09210289412,1998.2485011165104,1987.0,2015.0,29.0,pre_renovabio_1985_2015,50,approx_from_previous_land_use_grid,1987-2015,persistent new sugarcane entries weighted by grid-cell overlap,236087.09210289412
08070508016414,250287.5512286123,1999.1224062702197,1987.0,2015.0,29.0,pre_renovabio_1985_2015,50,approx_from_previous_land_use_grid,1987-2015,persistent new sugarcane entries weighted by grid-cell overlap,250287.5512286123
08070508016767,65189.53788396644,2012.0896458154955,1988.0,2015.0,28.0,pre_renovabio_1985_2015,50,approx_from_previous_land_use_grid,1987-2015,persistent new sugarcane entries weighted by grid-cell overlap,65189.53788396644
08070566001173,21815.361386988203,2012.7472016388888,1987.0,2015.0,29.0,pre_renovabio_1985_2015,50,approx_from_previous_land_use_grid,1987-2015,persistent new sugarcane entries weighted by grid-cell overlap,21815.361386988203
08070566001254,55978.84521828767,2012.5310922739825,1987.0,2015.0,29.0,pre_renovabio_1985_2015,50,approx_from_previous_land_use_grid,1987-2015,persistent new sugarcane entries weighted by grid-cell overlap,55978.84521828767
08070566001688,71491.47483619857,2012.514999362908,1987.0,2015.0,29.0,pre_renovabio_1985_2015,50,approx_from_previous_land_use_grid,1987-2015,persistent new sugarcane entries weighted by grid-cell overlap,71491.47483619857
08070566001769,47269.16451514338,2012.549442328247,1987.0,2015.0,29.0,pre_renovabio_1985_2015,50,approx_from_previous_land_use_grid,1987-2015,persistent new sugarcane entries weighted by grid-cell overlap,47269.16451514338
08110543000173,510344.755167085,2002.879658577558,1987.0,2015.0,29.0,pre_renovabio_1985_2015,50,approx_from_previous_land_use_grid,1987-2015,persistent new sugarcane entries weighted by grid-cell overlap,510344.755167085
08164344000148,182746.1508738101,2008.9942952099293,1987.0,2015.0,29.0,pre_renovabio_1985_2015,50,approx_from_previous_land_use_grid,1987-2015,persistent new sugarcane entries weighted by grid-cell overlap,182746.1508738101
08195806000194,182307.38738680995,2009.4715469181103,1987.0,2015.0,29.0,pre_renovabio_1985_2015,50,approx_from_previous_land_use_grid,1987-2015,persistent new sugarcane entries weighted by grid-cell overlap,182307.38738680995
08322396000103,86651.72787981316,2012.1745143619755,1987.0,2015.0,29.0,pre_renovabio_1985_2015,50,approx_from_previous_land_use_grid,1987-2015,persistent new sugarcane entries weighted by grid-cell overlap,86651.72787981316
08355201000113,92509.57398704348,2008.2690209479465,1987.0,2015.0,29.0,pre_renovabio_1985_2015,50,approx_from_previous_land_use_grid,1987-2015,persistent new sugarcane entries weighted by grid-cell overlap,92509.57398704348
08391345000397,450697.0509609089,2002.5393778373664,1987.0,2015.0,29.0,pre_renovabio_1985_2015,50,approx_from_previous_land_use_grid,1987-2015,persistent new sugarcane entries weighted by grid-cell overlap,450697.0509609089
08493354000127,233395.66740099704,2008.6015777617508,1987.0,2015.0,29.0,pre_renovabio_1985_2015,50,approx_from_previous_land_use_grid,1987-2015,persistent new sugarcane entries weighted by grid-cell overlap,233395.66740099704
08517600000133,249315.2440336104,2007.1902212658013,1987.0,2015.0,29.0,pre_renovabio_1985_2015,50,approx_from_previous_land_use_grid,1987-2015,persistent new sugarcane entries weighted by grid-cell overlap,249315.2440336104
08598391000108,148277.63937711707,2012.094385006338,1988.0,2015.0,28.0,pre_renovabio_1985_2015,50,approx_from_previous_land_use_grid,1987-2015,persistent new sugarcane entries weighted by grid-cell overlap,148277.63937711707
08657268000102,177243.86859577263,2001.8707741353323,1987.0,2015.0,29.0,pre_renovabio_1985_2015,50,approx_from_previous_land_use_grid,1987-2015,persistent new sugarcane entries weighted by grid-cell overlap,177243.86859577263
08704527000109,243366.4287155164,2009.571906868606,1987.0,2015.0,29.0,pre_renovabio_1985_2015,50,approx_from_previous_land_use_grid,1987-2015,persistent new sugarcane entries weighted by grid-cell overlap,243366.4287155164
08793343000162,23161.75676105633,2012.8033532159225,1987.0,2015.0,29.0,pre_renovabio_1985_2015,50,approx_from_previous_land_use_grid,1987-2015,persistent new sugarcane entries weighted by grid-cell overlap,23161.75676105633
08830263000130,97672.08594159936,2010.6707164593383,1987.0,2015.0,29.0,pre_renovabio_1985_2015,50,approx_from_previous_land_use_grid,1987-2015,persistent new sugarcane entries weighted by grid-cell overlap,97672.08594159936
08906558000142,156432.94286195395,2009.837171122416,1987.0,2015.0,29.0,pre_renovabio_1985_2015,50,approx_from_previous_land_use_grid,1987-2015,persistent new sugarcane entries weighted by grid-cell overlap,156432.94286195395
09022388000104,182280.8492071173,2009.167290045292,1987.0,2015.0,29.0,pre_renovabio_1985_2015,50,approx_from_previous_land_use_grid,1987-2015,persistent new sugarcane entries weighted by grid-cell overlap,182280.8492071173
09075242000119,1.8731304357675267,2006.3584785916732,1989.0,2014.0,9.0,pre_renovabio_1985_2015,50,approx_from_previous_land_use_grid,1987-2015,persistent new sugarcane entries weighted by grid-cell overlap,1.8731304357675267
09538989000166,78331.01863376121,2011.213602808079,1987.0,2015.0,29.0,pre_renovabio_1985_2015,50,approx_from_previous_land_use_grid,1987-2015,persistent new sugarcane entries weighted by grid-cell overlap,78331.01863376121
09538989000409,522974.4966186151,2002.3535252557435,1987.0,2015.0,29.0,pre_renovabio_1985_2015,50,approx_from_previous_land_use_grid,1987-2015,persistent new sugarcane entries weighted by grid-cell overlap,522974.4966186151
09538989000670,540385.2138938495,2002.00115022304,1987.0,2015.0,29.0,pre_renovabio_1985_2015,50,approx_from_previous_land_use_grid,1987-2015,persistent new sugarcane entries weighted by grid-cell overlap,540385.2138938495
09538989000751,434106.8449099328,2001.8416796065424,1987.0,2015.0,29.0,pre_renovabio_1985_2015,50,approx_from_previous_land_use_grid,1987-2015,persistent new sugarcane entries weighted by grid-cell overlap,434106.8449099328
10249419000216,311775.29832385265,2010.6102419573303,1987.0,2015.0,29.0,pre_renovabio_1985_2015,50,approx_from_previous_land_use_grid,1987-2015,persistent new sugarcane entries weighted by grid-cell overlap,311775.29832385265
10249419000305,265888.853139282,2008.4263930129523,1987.0,2015.0,29.0,pre_renovabio_1985_2015,50,approx_from_previous_land_use_grid,1987-2015,persistent new sugarcane entries weighted by grid-cell overlap,265888.853139282
10452413000160,23898.49962773871,2010.9730876972376,1987.0,2015.0,29.0,pre_renovabio_1985_2015,50,approx_from_previous_land_use_grid,1987-2015,persistent new sugarcane entries weighted by grid-cell overlap,23898.49962773871
10921675000127,0.0,,,,,pre_renovabio_1985_2015,50,approx_from_previous_land_use_grid,1987-2015,persistent new sugarcane entries weighted by grid-cell overlap,0.0
11092881000134,184073.4241821933,2009.78480391922,1987.0,2015.0,29.0,pre_renovabio_1985_2015,50,approx_from_previous_land_use_grid,1987-2015,persistent new sugarcane entries weighted by grid-cell overlap,184073.4241821933
12229415001001,187594.5031566862,2008.135597547655,1987.0,2015.0,29.0,pre_renovabio_1985_2015,50,approx_from_previous_land_use_grid,1987-2015,persistent new sugarcane entries weighted by grid-cell overlap,187594.5031566862
12229415001435,456820.2437216664,2006.6027929889212,1987.0,2015.0,29.0,pre_renovabio_1985_2015,50,approx_from_previous_land_use_grid,1987-2015,persistent new sugarcane entries weighted by grid-cell overlap,456820.2437216664
12229415001605,173907.23806060542,2008.9793562273835,1987.0,2015.0,29.0,pre_renovabio_1985_2015,50,approx_from_previous_land_use_grid,1987-2015,persistent new sugarcane entries weighted by grid-cell overlap,173907.23806060542
12282034001762,249690.58917715072,2005.473194140337,1987.0,2015.0,29.0,pre_renovabio_1985_2015,50,approx_from_previous_land_use_grid,1987-2015,persistent new sugarcane entries weighted by grid-cell overlap,249690.58917715072
13537735000281,559337.4087063706,2003.748090308876,1987.0,2015.0,29.0,pre_renovabio_1985_2015,50,approx_from_previous_land_use_grid,1987-2015,persistent new sugarcane entries weighted by grid-cell overlap,559337.4087063706
13537735000362,425410.50748919626,2003.0283249229717,1987.0,2015.0,29.0,pre_renovabio_1985_2015,50,approx_from_previous_land_use_grid,1987-2015,persistent new sugarcane entries weighted by grid-cell overlap,425410.50748919626
15009178000170,92152.99278154392,2005.5213673898809,1989.0,2015.0,27.0,pre_renovabio_1985_2015,50,approx_from_previous_land_use_grid,1987-2015,persistent new sugarcane entries weighted by grid-cell overlap,92152.99278154392
15043391000107,15038.419831297591,2011.2749696899496,1989.0,2015.0,26.0,pre_renovabio_1985_2015,50,approx_from_previous_land_use_grid,1987-2015,persistent new sugarcane entries weighted by grid-cell overlap,15038.419831297591
15444904000183,142093.83409923365,2006.9828130833412,1987.0,2015.0,29.0,pre_renovabio_1985_2015,50,approx_from_previous_land_use_grid,1987-2015,persistent new sugarcane entries weighted by grid-cell overlap,142093.83409923365
15527906000721,121766.2767205564,2008.443540425915,1987.0,2015.0,29.0,pre_renovabio_1985_2015,50,approx_from_previous_land_use_grid,1987-2015,persistent new sugarcane entries weighted by grid-cell overlap,121766.2767205564
15527906002937,53878.36556391101,2010.001675787215,1987.0,2015.0,29.0,pre_renovabio_1985_2015,50,approx_from_previous_land_use_grid,1987-2015,persistent new sugarcane entries weighted by grid-cell overlap,53878.36556391101
15527906003585,154501.11490524176,2009.245270218904,1987.0,2015.0,29.0,pre_renovabio_1985_2015,50,approx_from_previous_land_use_grid,1987-2015,persistent new sugarcane entries weighted by grid-cell overlap,154501.11490524176
15527906003666,203583.98735216545,1999.265714793544,1987.0,2015.0,29.0,pre_renovabio_1985_2015,50,approx_from_previous_land_use_grid,1987-2015,persistent new sugarcane entries weighted by grid-cell overlap,203583.98735216545
16617789000164,14658.721421283946,2009.3230532965367,1987.0,2015.0,29.0,pre_renovabio_1985_2015,50,approx_from_previous_land_use_grid,1987-2015,persistent new sugarcane entries weighted by grid-cell overlap,14658.721421283946
19537471000161,570521.2370975312,2005.3290309166105,1987.0,2015.0,29.0,pre_renovabio_1985_2015,50,approx_from_previous_land_use_grid,1987-2015,persistent new sugarcane entries weighted by grid-cell overlap,570521.2370975312
19818301000155,203883.4571767729,2006.7849747936973,1987.0,2015.0,29.0,pre_renovabio_1985_2015,50,approx_from_previous_land_use_grid,1987-2015,persistent new sugarcane entries weighted by grid-cell overlap,203883.4571767729
21783238000100,27920.12478120633,2010.974478318424,1987.0,2015.0,29.0,pre_renovabio_1985_2015,50,approx_from_previous_land_use_grid,1987-2015,persistent new sugarcane entries weighted by grid-cell overlap,27920.12478120633
22587687000146,41173.10575402011,2003.234313947249,1987.0,2015.0,29.0,pre_renovabio_1985_2015,50,approx_from_previous_land_use_grid,1987-2015,persistent new sugarcane entries weighted by grid-cell overlap,41173.10575402011
23796998000188,726.1592903451586,2007.007951245513,1988.0,2015.0,20.0,pre_renovabio_1985_2015,50,approx_from_previous_land_use_grid,1987-2015,persistent new sugarcane entries weighted by grid-cell overlap,726.1592903451586
23858708000183,58266.063173398965,2009.3555879781725,1987.0,2015.0,29.0,pre_renovabio_1985_2015,50,approx_from_previous_land_use_grid,1987-2015,persistent new sugarcane entries weighted by grid-cell overlap,58266.063173398965
28144326000101,221140.29250647567,2007.2727848103389,1987.0,2015.0,29.0,pre_renovabio_1985_2015,50,approx_from_previous_land_use_grid,1987-2015,persistent new sugarcane entries weighted by grid-cell overlap,221140.29250647567
33664228000135,76632.69008077162,2005.6155034384904,1989.0,2015.0,27.0,pre_renovabio_1985_2015,50,approx_from_previous_land_use_grid,1987-2015,persistent new sugarcane entries weighted by grid-cell overlap,76632.69008077162
35637796000172,353246.0316134654,2003.0164970910528,1987.0,2015.0,29.0,pre_renovabio_1985_2015,50,approx_from_previous_land_use_grid,1987-2015,persistent new sugarcane entries weighted by grid-cell overlap,353246.0316134654
37216363000250,185468.4280841466,2009.9389080705212,1987.0,2015.0,29.0,pre_renovabio_1985_2015,50,approx_from_previous_land_use_grid,1987-2015,persistent new sugarcane entries weighted by grid-cell overlap,185468.4280841466
38278706000192,220703.2695134137,2000.2633245255556,1987.0,2015.0,29.0,pre_renovabio_1985_2015,50,approx_from_previous_land_use_grid,1987-2015,persistent new sugarcane entries weighted by grid-cell overlap,220703.2695134137
43533819000399,467224.6984858634,2002.0682634354316,1987.0,2015.0,29.0,pre_renovabio_1985_2015,50,approx_from_previous_land_use_grid,1987-2015,persistent new sugarcane entries weighted by grid-cell overlap,467224.6984858634
43545284000104,316479.8020727568,2008.140257213495,1987.0,2015.0,29.0,pre_renovabio_1985_2015,50,approx_from_previous_land_use_grid,1987-2015,persistent new sugarcane entries weighted by grid-cell overlap,316479.8020727568
43619832001760,392833.10594187153,2001.990841584728,1987.0,2015.0,29.0,pre_renovabio_1985_2015,50,approx_from_previous_land_use_grid,1987-2015,persistent new sugarcane entries weighted by grid-cell overlap,392833.10594187153
43932102000581,340857.14615484304,2002.7646522054308,1987.0,2015.0,29.0,pre_renovabio_1985_2015,50,approx_from_previous_land_use_grid,1987-2015,persistent new sugarcane entries weighted by grid-cell overlap,340857.14615484304
44207249000148,201768.2461095492,1998.3060648271537,1987.0,2015.0,29.0,pre_renovabio_1985_2015,50,approx_from_previous_land_use_grid,1987-2015,persistent new sugarcane entries weighted by grid-cell overlap,201768.2461095492
44209336003583,194012.1381326836,1997.4921494017408,1987.0,2015.0,29.0,pre_renovabio_1985_2015,50,approx_from_previous_land_use_grid,1987-2015,persistent new sugarcane entries weighted by grid-cell overlap,194012.1381326836
44330975000153,445569.84239520255,2000.767306846948,1987.0,2015.0,29.0,pre_renovabio_1985_2015,50,approx_from_previous_land_use_grid,1987-2015,persistent new sugarcane entries weighted by grid-cell overlap,445569.84239520255
44330975002288,557839.2628935917,2006.686753284643,1987.0,2015.0,29.0,pre_renovabio_1985_2015,50,approx_from_previous_land_use_grid,1987-2015,persistent new sugarcane entries weighted by grid-cell overlap,557839.2628935917
44330975002520,182540.52807220005,2008.1824830355,1987.0,2015.0,29.0,pre_renovabio_1985_2015,50,approx_from_previous_land_use_grid,1987-2015,persistent new sugarcane entries weighted by grid-cell overlap,182540.52807220005
44346583000182,605828.7184717895,2000.993220857764,1987.0,2015.0,29.0,pre_renovabio_1985_2015,50,approx_from_previous_land_use_grid,1987-2015,persistent new sugarcane entries weighted by grid-cell overlap,605828.7184717895
44373108000103,522974.4966186151,2002.3535252557435,1987.0,2015.0,29.0,pre_renovabio_1985_2015,50,approx_from_previous_land_use_grid,1987-2015,persistent new sugarcane entries weighted by grid-cell overlap,522974.4966186151
44691236000197,282876.1730002506,2000.3440234356635,1987.0,2015.0,29.0,pre_renovabio_1985_2015,50,approx_from_previous_land_use_grid,1987-2015,persistent new sugarcane entries weighted by grid-cell overlap,282876.1730002506
44836856000177,59108.748805979565,2002.351517579312,1987.0,2015.0,29.0,pre_renovabio_1985_2015,50,approx_from_previous_land_use_grid,1987-2015,persistent new sugarcane entries weighted by grid-cell overlap,59108.748805979565
44845915000173,375481.63307690056,2006.1206144624084,1987.0,2015.0,29.0,pre_renovabio_1985_2015,50,approx_from_previous_land_use_grid,1987-2015,persistent new sugarcane entries weighted by grid-cell overlap,375481.63307690056
44870939000182,422449.46851674106,1998.9329292618097,1987.0,2015.0,29.0,pre_renovabio_1985_2015,50,approx_from_previous_land_use_grid,1987-2015,persistent new sugarcane entries weighted by grid-cell overlap,422449.46851674106
45281813000135,313095.44117544807,2000.9094356973303,1987.0,2015.0,29.0,pre_renovabio_1985_2015,50,approx_from_previous_land_use_grid,1987-2015,persistent new sugarcane entries weighted by grid-cell overlap,313095.44117544807
45353547000109,219675.01561769503,1999.6322563269484,1987.0,2015.0,29.0,pre_renovabio_1985_2015,50,approx_from_previous_land_use_grid,1987-2015,persistent new sugarcane entries weighted by grid-cell overlap,219675.01561769503
45483450000110,352762.7813359812,2002.3507053434769,1987.0,2015.0,29.0,pre_renovabio_1985_2015,50,approx_from_previous_land_use_grid,1987-2015,persistent new sugarcane entries weighted by grid-cell overlap,352762.7813359812
45483450002164,321931.4894007537,2003.455224740649,1987.0,2015.0,29.0,pre_renovabio_1985_2015,50,approx_from_previous_land_use_grid,1987-2015,persistent new sugarcane entries weighted by grid-cell overlap,321931.4894007537
45765914000181,199178.65432293384,1998.1307878727357,1987.0,2015.0,29.0,pre_renovabio_1985_2015,50,approx_from_previous_land_use_grid,1987-2015,persistent new sugarcane entries weighted by grid-cell overlap,199178.65432293384
45902707000121,440128.912931574,2003.0785923455487,1987.0,2015.0,29.0,pre_renovabio_1985_2015,50,approx_from_previous_land_use_grid,1987-2015,persistent new sugarcane entries weighted by grid-cell overlap,440128.912931574
45968162000156,358092.3780451275,2001.705720285412,1987.0,2015.0,29.0,pre_renovabio_1985_2015,50,approx_from_previous_land_use_grid,1987-2015,persistent new sugarcane entries weighted by grid-cell overlap,358092.3780451275
47063128000168,492751.5557142217,2001.8613901350088,1987.0,2015.0,29.0,pre_renovabio_1985_2015,50,approx_from_previous_land_use_grid,1987-2015,persistent new sugarcane entries weighted by grid-cell overlap,492751.5557142217
47080619001199,624717.0040569567,2004.1397850176304,1987.0,2015.0,29.0,pre_renovabio_1985_2015,50,approx_from_previous_land_use_grid,1987-2015,persistent new sugarcane entries weighted by grid-cell overlap,624717.0040569567
47080619003051,628656.3488288554,2006.1961352263447,1987.0,2015.0,29.0,pre_renovabio_1985_2015,50,approx_from_previous_land_use_grid,1987-2015,persistent new sugarcane entries weighted by grid-cell overlap,628656.3488288554
47080619003302,673803.2288353074,2001.8969304053608,1987.0,2015.0,29.0,pre_renovabio_1985_2015,50,approx_from_previous_land_use_grid,1987-2015,persistent new sugarcane entries weighted by grid-cell overlap,673803.2288353074
47080619006158,453830.6382915168,1999.194962301404,1987.0,2015.0,29.0,pre_renovabio_1985_2015,50,approx_from_previous_land_use_grid,1987-2015,persistent new sugarcane entries weighted by grid-cell overlap,453830.6382915168
47080619006239,681490.6518218012,2001.7071729025463,1987.0,2015.0,29.0,pre_renovabio_1985_2015,50,approx_from_previous_land_use_grid,1987-2015,persistent new sugarcane entries weighted by grid-cell overlap,681490.6518218012
47254396000167,153230.8819340906,1997.403369020937,1987.0,2015.0,29.0,pre_renovabio_1985_2015,50,approx_from_previous_land_use_grid,1987-2015,persistent new sugarcane entries weighted by grid-cell overlap,153230.8819340906
47524632000118,397549.7824294479,2002.603129594878,1987.0,2015.0,29.0,pre_renovabio_1985_2015,50,approx_from_previous_land_use_grid,1987-2015,persistent new sugarcane entries weighted by grid-cell overlap,397549.7824294479
47524632000894,563362.1448520916,2003.9926739023915,1987.0,2015.0,29.0,pre_renovabio_1985_2015,50,approx_from_previous_land_use_grid,1987-2015,persistent new sugarcane entries weighted by grid-cell overlap,563362.1448520916
47902283000120,6786.574877472323,2012.514857533484,1990.0,2015.0,12.0,pre_renovabio_1985_2015,50,approx_from_previous_land_use_grid,1987-2015,persistent new sugarcane entries weighted by grid-cell overlap,6786.574877472323
48295562001108,283882.7632645255,2002.91504560606,1987.0,2015.0,29.0,pre_renovabio_1985_2015,50,approx_from_previous_land_use_grid,1987-2015,persistent new sugarcane entries weighted by grid-cell overlap,283882.7632645255
48295562001450,411424.5648825615,2004.4410733690572,1987.0,2015.0,29.0,pre_renovabio_1985_2015,50,approx_from_previous_land_use_grid,1987-2015,persistent new sugarcane entries weighted by grid-cell overlap,411424.5648825615
48295562001884,473907.67132049735,2004.9403032462203,1987.0,2015.0,29.0,pre_renovabio_1985_2015,50,approx_from_previous_land_use_grid,1987-2015,persistent new sugarcane entries weighted by grid-cell overlap,473907.67132049735
48295562001965,358187.1977517292,2003.1552868166216,1987.0,2015.0,29.0,pre_renovabio_1985_2015,50,approx_from_previous_land_use_grid,1987-2015,persistent new sugarcane entries weighted by grid-cell overlap,358187.1977517292
48708267046156,456550.05539702775,2000.3581048977733,1987.0,2015.0,29.0,pre_renovabio_1985_2015,50,approx_from_previous_land_use_grid,1987-2015,persistent new sugarcane entries weighted by grid-cell overlap,456550.05539702775
49049638000106,242870.07938011028,1998.1579542190848,1987.0,2015.0,29.0,pre_renovabio_1985_2015,50,approx_from_previous_land_use_grid,1987-2015,persistent new sugarcane entries weighted by grid-cell overlap,242870.07938011028
49213747000117,539906.357472476,1999.2577761633927,1987.0,2015.0,29.0,pre_renovabio_1985_2015,50,approx_from_previous_land_use_grid,1987-2015,persistent new sugarcane entries weighted by grid-cell overlap,539906.357472476
49213747011585,539906.357472476,1999.2577761633927,1987.0,2015.0,29.0,pre_renovabio_1985_2015,50,approx_from_previous_land_use_grid,1987-2015,persistent new sugarcane entries weighted by grid-cell overlap,539906.357472476
49213747011828,319156.4335165086,1997.5506183422476,1987.0,2015.0,29.0,pre_renovabio_1985_2015,50,approx_from_previous_land_use_grid,1987-2015,persistent new sugarcane entries weighted by grid-cell overlap,319156.4335165086
49213747012980,719137.200904716,2004.3384255491956,1987.0,2015.0,29.0,pre_renovabio_1985_2015,50,approx_from_previous_land_use_grid,1987-2015,persistent new sugarcane entries weighted by grid-cell overlap,719137.200904716
49605157000210,87617.84392347244,2003.944149889429,1987.0,2015.0,29.0,pre_renovabio_1985_2015,50,approx_from_previous_land_use_grid,1987-2015,persistent new sugarcane entries weighted by grid-cell overlap,87617.84392347244
49972326000170,630926.6427141463,2005.9779553309472,1987.0,2015.0,29.0,pre_renovabio_1985_2015,50,approx_from_previous_land_use_grid,1987-2015,persistent new sugarcane entries weighted by grid-cell overlap,630926.6427141463
49972326003861,75355.02423242031,2010.8937763795748,1987.0,2015.0,29.0,pre_renovabio_1985_2015,50,approx_from_previous_land_use_grid,1987-2015,persistent new sugarcane entries weighted by grid-cell overlap,75355.02423242031
49976251000103,359709.0299094127,2001.8273938783968,1987.0,2015.0,29.0,pre_renovabio_1985_2015,50,approx_from_previous_land_use_grid,1987-2015,persistent new sugarcane entries weighted by grid-cell overlap,359709.0299094127
50227255000160,457254.9593221247,2001.8866977781788,1987.0,2015.0,29.0,pre_renovabio_1985_2015,50,approx_from_previous_land_use_grid,1987-2015,persistent new sugarcane entries weighted by grid-cell overlap,457254.9593221247
50376938000189,308919.84853666206,1999.0850008194896,1987.0,2015.0,29.0,pre_renovabio_1985_2015,50,approx_from_previous_land_use_grid,1987-2015,persistent new sugarcane entries weighted by grid-cell overlap,308919.84853666206
50376938000936,376969.9866534284,2005.807540206928,1987.0,2015.0,29.0,pre_renovabio_1985_2015,50,approx_from_previous_land_use_grid,1987-2015,persistent new sugarcane entries weighted by grid-cell overlap,376969.9866534284
51466860000156,260980.37398203107,1997.9149264767177,1987.0,2015.0,29.0,pre_renovabio_1985_2015,50,approx_from_previous_land_use_grid,1987-2015,persistent new sugarcane entries weighted by grid-cell overlap,260980.37398203107
51466860002957,207106.8785992865,1996.9552500519296,1987.0,2015.0,29.0,pre_renovabio_1985_2015,50,approx_from_previous_land_use_grid,1987-2015,persistent new sugarcane entries weighted by grid-cell overlap,207106.8785992865
51466860005034,229996.44216785688,1999.2148090508565,1987.0,2015.0,29.0,pre_renovabio_1985_2015,50,approx_from_previous_land_use_grid,1987-2015,persistent new sugarcane entries weighted by grid-cell overlap,229996.44216785688
51466860006278,311253.37693240977,2010.9405249279348,1987.0,2015.0,29.0,pre_renovabio_1985_2015,50,approx_from_previous_land_use_grid,1987-2015,persistent new sugarcane entries weighted by grid-cell overlap,311253.37693240977
51843514000140,518743.052217557,2000.8745400178727,1987.0,2015.0,29.0,pre_renovabio_1985_2015,50,approx_from_previous_land_use_grid,1987-2015,persistent new sugarcane entries weighted by grid-cell overlap,518743.052217557
51843514009600,545722.6602455392,2003.756050437172,1987.0,2015.0,29.0,pre_renovabio_1985_2015,50,approx_from_previous_land_use_grid,1987-2015,persistent new sugarcane entries weighted by grid-cell overlap,545722.6602455392
51990778000126,605828.7184717895,2000.993220857764,1987.0,2015.0,29.0,pre_renovabio_1985_2015,50,approx_from_previous_land_use_grid,1987-2015,persistent new sugarcane entries weighted by grid-cell overlap,605828.7184717895
53009825000133,468326.4353576112,1999.3099903198336,1987.0,2015.0,29.0,pre_renovabio_1985_2015,50,approx_from_previous_land_use_grid,1987-2015,persistent new sugarcane entries weighted by grid-cell overlap,468326.4353576112
53172300000114,403204.7646640955,2002.5053450769835,1987.0,2015.0,29.0,pre_renovabio_1985_2015,50,approx_from_previous_land_use_grid,1987-2015,persistent new sugarcane entries weighted by grid-cell overlap,403204.7646640955
53408860000125,287405.3134370792,2001.557499883478,1987.0,2015.0,29.0,pre_renovabio_1985_2015,50,approx_from_previous_land_use_grid,1987-2015,persistent new sugarcane entries weighted by grid-cell overlap,287405.3134370792
53811006000105,483109.4354864848,1999.185657659264,1987.0,2015.0,29.0,pre_renovabio_1985_2015,50,approx_from_previous_land_use_grid,1987-2015,persistent new sugarcane entries weighted by grid-cell overlap,483109.4354864848
53811006000296,364122.10194099287,2005.3465857932504,1987.0,2015.0,29.0,pre_renovabio_1985_2015,50,approx_from_previous_land_use_grid,1987-2015,persistent new sugarcane entries weighted by grid-cell overlap,364122.10194099287
54470679000101,352220.44068871625,1998.786281729936,1987.0,2015.0,29.0,pre_renovabio_1985_2015,50,approx_from_previous_land_use_grid,1987-2015,persistent new sugarcane entries weighted by grid-cell overlap,352220.44068871625
54844360000107,220330.67993067767,2000.3865357263755,1987.0,2015.0,29.0,pre_renovabio_1985_2015,50,approx_from_previous_land_use_grid,1987-2015,persistent new sugarcane entries weighted by grid-cell overlap,220330.67993067767
54846951000105,224067.10869969797,2000.237591872176,1987.0,2015.0,29.0,pre_renovabio_1985_2015,50,approx_from_previous_land_use_grid,1987-2015,persistent new sugarcane entries weighted by grid-cell overlap,224067.10869969797
55090971000161,328988.1678299353,2003.502019166736,1987.0,2015.0,29.0,pre_renovabio_1985_2015,50,approx_from_previous_land_use_grid,1987-2015,persistent new sugarcane entries weighted by grid-cell overlap,328988.1678299353
55109474000168,356879.56733495067,1997.5883919582516,1987.0,2015.0,29.0,pre_renovabio_1985_2015,50,approx_from_previous_land_use_grid,1987-2015,persistent new sugarcane entries weighted by grid-cell overlap,356879.56733495067
55109565000101,342029.6918418517,1997.366194698656,1987.0,2015.0,29.0,pre_renovabio_1985_2015,50,approx_from_previous_land_use_grid,1987-2015,persistent new sugarcane entries weighted by grid-cell overlap,342029.6918418517
56723257000207,169445.31576923103,2001.3979794256284,1987.0,2015.0,29.0,pre_renovabio_1985_2015,50,approx_from_previous_land_use_grid,1987-2015,persistent new sugarcane entries weighted by grid-cell overlap,169445.31576923103
60329174000124,202128.10959026945,1997.7392548185253,1987.0,2015.0,29.0,pre_renovabio_1985_2015,50,approx_from_previous_land_use_grid,1987-2015,persistent new sugarcane entries weighted by grid-cell overlap,202128.10959026945
60855574000335,214795.73971312604,1997.7351920193944,1987.0,2015.0,29.0,pre_renovabio_1985_2015,50,approx_from_previous_land_use_grid,1987-2015,persistent new sugarcane entries weighted by grid-cell overlap,214795.73971312604
60855574000416,204549.20593747587,1998.1645913826133,1987.0,2015.0,29.0,pre_renovabio_1985_2015,50,approx_from_previous_land_use_grid,1987-2015,persistent new sugarcane entries weighted by grid-cell overlap,204549.20593747587
60855574001307,494306.9460466036,2002.5000207601104,1987.0,2015.0,29.0,pre_renovabio_1985_2015,50,approx_from_previous_land_use_grid,1987-2015,persistent new sugarcane entries weighted by grid-cell overlap,494306.9460466036
61082962000393,298118.3089637017,2005.084114268403,1987.0,2015.0,29.0,pre_renovabio_1985_2015,50,approx_from_previous_land_use_grid,1987-2015,persistent new sugarcane entries weighted by grid-cell overlap,298118.3089637017
61082962000474,190342.41268070968,2007.53738596386,1987.0,2015.0,29.0,pre_renovabio_1985_2015,50,approx_from_previous_land_use_grid,1987-2015,persistent new sugarcane entries weighted by grid-cell overlap,190342.41268070968
61231478000206,273524.57100807934,2000.8581097520707,1987.0,2015.0,29.0,pre_renovabio_1985_2015,50,approx_from_previous_land_use_grid,1987-2015,persistent new sugarcane entries weighted by grid-cell overlap,273524.57100807934
68316801000102,405440.2556920264,2001.776563155058,1987.0,2015.0,29.0,pre_renovabio_1985_2015,50,approx_from_previous_land_use_grid,1987-2015,persistent new sugarcane entries weighted by grid-cell overlap,405440.2556920264
68316801002571,405440.2556920264,2001.776563155058,1987.0,2015.0,29.0,pre_renovabio_1985_2015,50,approx_from_previous_land_use_grid,1987-2015,persistent new sugarcane entries weighted by grid-cell overlap,405440.2556920264
71304687000105,239466.0448699389,1997.4712623108203,1987.0,2015.0,29.0,pre_renovabio_1985_2015,50,approx_from_previous_land_use_grid,1987-2015,persistent new sugarcane entries weighted by grid-cell overlap,239466.0448699389
71304687001845,417742.7858888813,2001.245902601616,1987.0,2015.0,29.0,pre_renovabio_1985_2015,50,approx_from_previous_land_use_grid,1987-2015,persistent new sugarcane entries weighted by grid-cell overlap,417742.7858888813
71304687002817,418492.2855920528,2004.7958016692949,1987.0,2015.0,29.0,pre_renovabio_1985_2015,50,approx_from_previous_land_use_grid,1987-2015,persistent new sugarcane entries weighted by grid-cell overlap,418492.2855920528
71321566000163,318006.1897824506,1997.3526192750687,1987.0,2015.0,29.0,pre_renovabio_1985_2015,50,approx_from_previous_land_use_grid,1987-2015,persistent new sugarcane entries weighted by grid-cell overlap,318006.1897824506
71324784000151,278377.1903809833,1996.789237751324,1987.0,2015.0,29.0,pre_renovabio_1985_2015,50,approx_from_previous_land_use_grid,1987-2015,persistent new sugarcane entries weighted by grid-cell overlap,278377.1903809833
71324792000440,306209.8651175978,1997.7507371616452,1987.0,2015.0,29.0,pre_renovabio_1985_2015,50,approx_from_previous_land_use_grid,1987-2015,persistent new sugarcane entries weighted by grid-cell overlap,306209.8651175978
75084871000130,144101.66402530394,2002.4288577802688,1987.0,2015.0,29.0,pre_renovabio_1985_2015,50,approx_from_previous_land_use_grid,1987-2015,persistent new sugarcane entries weighted by grid-cell overlap,144101.66402530394
75177857000180,138223.72220430433,2002.995761452748,1987.0,2015.0,29.0,pre_renovabio_1985_2015,50,approx_from_previous_land_use_grid,1987-2015,persistent new sugarcane entries weighted by grid-cell overlap,138223.72220430433
75444430000100,250392.2354591714,2000.571680438084,1987.0,2015.0,29.0,pre_renovabio_1985_2015,50,approx_from_previous_land_use_grid,1987-2015,persistent new sugarcane entries weighted by grid-cell overlap,250392.2354591714
75619056000128,271005.4096717522,2001.2315488662448,1987.0,2015.0,29.0,pre_renovabio_1985_2015,50,approx_from_previous_land_use_grid,1987-2015,persistent new sugarcane entries weighted by grid-cell overlap,271005.4096717522
75717355000286,411487.9177427063,2005.4979040946296,1987.0,2015.0,29.0,pre_renovabio_1985_2015,50,approx_from_previous_land_use_grid,1987-2015,persistent new sugarcane entries weighted by grid-cell overlap,411487.9177427063
75717355000367,259411.3642194753,2006.9850179263772,1987.0,2015.0,29.0,pre_renovabio_1985_2015,50,approx_from_previous_land_use_grid,1987-2015,persistent new sugarcane entries weighted by grid-cell overlap,259411.3642194753
75717355000448,119792.17774641496,2007.436273811125,1987.0,2015.0,29.0,pre_renovabio_1985_2015,50,approx_from_previous_land_use_grid,1987-2015,persistent new sugarcane entries weighted by grid-cell overlap,119792.17774641496
75717355000529,283180.7772272849,2003.281906150535,1987.0,2015.0,29.0,pre_renovabio_1985_2015,50,approx_from_previous_land_use_grid,1987-2015,persistent new sugarcane entries weighted by grid-cell overlap,283180.7772272849
75717355000871,272212.92190363497,2007.362956959087,1987.0,2015.0,29.0,pre_renovabio_1985_2015,50,approx_from_previous_land_use_grid,1987-2015,persistent new sugarcane entries weighted by grid-cell overlap,272212.92190363497
75717355001096,305821.8422095496,2005.9311009213104,1987.0,2015.0,29.0,pre_renovabio_1985_2015,50,approx_from_previous_land_use_grid,1987-2015,persistent new sugarcane entries weighted by grid-cell overlap,305821.8422095496
75717355001177,272508.5280426278,2006.5705195433063,1987.0,2015.0,29.0,pre_renovabio_1985_2015,50,approx_from_previous_land_use_grid,1987-2015,persistent new sugarcane entries weighted by grid-cell overlap,272508.5280426278
78340270000210,318005.1241709626,2005.3857885100565,1987.0,2015.0,29.0,pre_renovabio_1985_2015,50,approx_from_previous_land_use_grid,1987-2015,persistent new sugarcane entries weighted by grid-cell overlap,318005.1241709626
00297598000122,20853.64763289018,2005.0797089202267,1989.0,2015.0,27.0,pre_renovabio_1985_2015,100,approx_from_previous_land_use_grid,1987-2015,persistent new sugarcane entries weighted by grid-cell overlap,20853.64763289018
00372496000124,1087138.8896783276,1999.7632864432576,1987.0,2015.0,29.0,pre_renovabio_1985_2015,100,approx_from_previous_land_use_grid,1987-2015,persistent new sugarcane entries weighted by grid-cell overlap,1087138.8896783276
00595322000120,319039.5846450298,2008.877480544564,1987.0,2015.0,29.0,pre_renovabio_1985_2015,100,approx_from_previous_land_use_grid,1987-2015,persistent new sugarcane entries weighted by grid-cell overlap,319039.5846450298
01105558000102,41354.82603340712,2011.0042180642088,1987.0,2015.0,29.0,pre_renovabio_1985_2015,100,approx_from_previous_land_use_grid,1987-2015,persistent new sugarcane entries weighted by grid-cell overlap,41354.82603340712
02043917000107,282050.8170521879,2010.1248681213024,1987.0,2015.0,29.0,pre_renovabio_1985_2015,100,approx_from_previous_land_use_grid,1987-2015,persistent new sugarcane entries weighted by grid-cell overlap,282050.8170521879
02414858000470,161256.60356487427,2006.98472465556,1987.0,2015.0,29.0,pre_renovabio_1985_2015,100,approx_from_previous_land_use_grid,1987-2015,persistent new sugarcane entries weighted by grid-cell overlap,161256.60356487427
02460988000105,170535.17343643622,2006.9700901444132,1987.0,2015.0,29.0,pre_renovabio_1985_2015,100,approx_from_previous_land_use_grid,1987-2015,persistent new sugarcane entries weighted by grid-cell overlap,170535.17343643622
02635522000195,166077.28820609546,2006.990155250097,1987.0,2015.0,29.0,pre_renovabio_1985_2015,100,approx_from_previous_land_use_grid,1987-2015,persistent new sugarcane entries weighted by grid-cell overlap,166077.28820609546
02635522004930,173724.18730937695,2007.015905107714,1987.0,2015.0,29.0,pre_renovabio_1985_2015,100,approx_from_previous_land_use_grid,1987-2015,persistent new sugarcane entries weighted by grid-cell overlap,173724.18730937695
02678100000105,11921.743968692088,2012.136750212105,1988.0,2015.0,27.0,pre_renovabio_1985_2015,100,approx_from_previous_land_use_grid,1987-2015,persistent new sugarcane entries weighted by grid-cell overlap,11921.743968692088
02773950000184,728424.5252490395,2008.9522996278647,1987.0,2015.0,29.0,pre_renovabio_1985_2015,100,approx_from_previous_land_use_grid,1987-2015,persistent new sugarcane entries weighted by grid-cell overlap,728424.5252490395
02783009000141,125610.32998654323,2005.436349911205,1987.0,2015.0,29.0,pre_renovabio_1985_2015,100,approx_from_previous_land_use_grid,1987-2015,persistent new sugarcane entries weighted by grid-cell overlap,125610.32998654323
02859452000230,699012.2723814344,2010.0467874957635,1987.0,2015.0,29.0,pre_renovabio_1985_2015,100,approx_from_previous_land_use_grid,1987-2015,persistent new sugarcane entries weighted by grid-cell overlap,699012.2723814344
02896264000109,120342.18980384004,2004.978251496146,1987.0,2015.0,29.0,pre_renovabio_1985_2015,100,approx_from_previous_land_use_grid,1987-2015,persistent new sugarcane entries weighted by grid-cell overlap,120342.18980384004
03345641000338,1163087.6311471525,2004.129351024963,1987.0,2015.0,29.0,pre_renovabio_1985_2015,100,approx_from_previous_land_use_grid,1987-2015,persistent new sugarcane entries weighted by grid-cell overlap,1163087.6311471525
03347747000109,158534.92674789374,2006.589393867088,1987.0,2015.0,29.0,pre_renovabio_1985_2015,100,approx_from_previous_land_use_grid,1987-2015,persistent new sugarcane entries weighted by grid-cell overlap,158534.92674789374
03445208000455,1330399.913785381,2004.71638394643,1987.0,2015.0,29.0,pre_renovabio_1985_2015,100,approx_from_previous_land_use_grid,1987-2015,persistent new sugarcane entries weighted by grid-cell overlap,1330399.913785381
03937452000435,772709.5120711494,2009.253091258468,1987.0,2015.0,29.0,pre_renovabio_1985_2015,100,approx_from_previous_land_use_grid,1987-2015,persistent new sugarcane entries weighted by grid-cell overlap,772709.5120711494
04165520000105,51211.7945524787,2006.7762663656197,1989.0,2015.0,27.0,pre_renovabio_1985_2015,100,approx_from_previous_land_use_grid,1987-2015,persistent new sugarcane entries weighted by grid-cell overlap,51211.7945524787
04165520000296,22120.11556665795,2008.0017325648123,1989.0,2015.0,24.0,pre_renovabio_1985_2015,100,approx_from_previous_land_use_grid,1987-2015,persistent new sugarcane entries weighted by grid-cell overlap,22120.11556665795
04171382000177,2005969.3865152933,2004.7042129334884,1987.0,2015.0,29.0,pre_renovabio_1985_2015,100,approx_from_previous_land_use_grid,1987-2015,persistent new sugarcane entries weighted by grid-cell overlap,2005969.3865152933
04248044000277,2423255.737537513,2004.4723119051223,1987.0,2015.0,29.0,pre_renovabio_1985_2015,100,approx_from_previous_land_use_grid,1987-2015,persistent new sugarcane entries weighted by grid-cell overlap,2423255.737537513
04969941000199,1657872.232898314,2000.2079256515271,1987.0,2015.0,29.0,pre_renovabio_1985_2015,100,approx_from_previous_land_use_grid,1987-2015,persistent new sugarcane entries weighted by grid-cell overlap,1657872.232898314
05242560000176,2311713.0697599496,2004.2558914064416,1987.0,2015.0,29.0,pre_renovabio_1985_2015,100,approx_from_previous_land_use_grid,1987-2015,persistent new sugarcane entries weighted by grid-cell overlap,2311713.0697599496
05553456000100,974006.9161943408,2007.688870869223,1987.0,2015.0,29.0,pre_renovabio_1985_2015,100,approx_from_previous_land_use_grid,1987-2015,persistent new sugarcane entries weighted by grid-cell overlap,974006.9161943408
05620523000235,526531.0183934111,2010.189548227208,1987.0,2015.0,29.0,pre_renovabio_1985_2015,100,approx_from_previous_land_use_grid,1987-2015,persistent new sugarcane entries weighted by grid-cell overlap,526531.0183934111
05643160000172,162991.2734053498,2012.1092129878907,1987.0,2015.0,29.0,pre_renovabio_1985_2015,100,approx_from_previous_land_use_grid,1987-2015,persistent new sugarcane entries weighted by grid-cell overlap,162991.2734053498
05928246000141,1906325.8895968676,2004.4954355502475,1987.0,2015.0,29.0,pre_renovabio_1985_2015,100,approx_from_previous_land_use_grid,1987-2015,persistent new sugarcane entries weighted by grid-cell overlap,1906325.8895968676
05938884000143,1122990.8689472694,2005.5556445410853,1987.0,2015.0,29.0,pre_renovabio_1985_2015,100,approx_from_previous_land_use_grid,1987-2015,persistent new sugarcane entries weighted by grid-cell overlap,1122990.8689472694
05980986000127,709682.65160748,2005.4639958576497,1987.0,2015.0,29.0,pre_renovabio_1985_2015,100,approx_from_previous_land_use_grid,1987-2015,persistent new sugarcane entries weighted by grid-cell overlap,709682.65160748
06044698000808,8811.937488496407,2010.138430785451,1990.0,2015.0,18.0,pre_renovabio_1985_2015,100,approx_from_previous_land_use_grid,1987-2015,persistent new sugarcane entries weighted by grid-cell overlap,8811.937488496407
06059962000100,1323870.5100993617,2007.0637584205497,1987.0,2015.0,29.0,pre_renovabio_1985_2015,100,approx_from_previous_land_use_grid,1987-2015,persistent new sugarcane entries weighted by grid-cell overlap,1323870.5100993617
06252818003799,562394.5390662834,1999.6685987191888,1987.0,2015.0,29.0,pre_renovabio_1985_2015,100,approx_from_previous_land_use_grid,1987-2015,persistent new sugarcane entries weighted by grid-cell overlap,562394.5390662834
06315338002324,1909959.7586531537,2005.4866282985463,1987.0,2015.0,29.0,pre_renovabio_1985_2015,100,approx_from_previous_land_use_grid,1987-2015,persistent new sugarcane entries weighted by grid-cell overlap,1909959.7586531537
06315338002405,1685453.6066848806,2005.919033248358,1987.0,2015.0,29.0,pre_renovabio_1985_2015,100,approx_from_previous_land_use_grid,1987-2015,persistent new sugarcane entries weighted by grid-cell overlap,1685453.6066848806
06315338015060,2077592.2477780771,2003.7194331583532,1987.0,2015.0,29.0,pre_renovabio_1985_2015,100,approx_from_previous_land_use_grid,1987-2015,persistent new sugarcane entries weighted by grid-cell overlap,2077592.2477780771
06315338015140,2041313.516657744,2002.8956704236984,1987.0,2015.0,29.0,pre_renovabio_1985_2015,100,approx_from_previous_land_use_grid,1987-2015,persistent new sugarcane entries weighted by grid-cell overlap,2041313.516657744
07130855000186,413772.6644069943,2008.3010482652123,1987.0,2015.0,29.0,pre_renovabio_1985_2015,100,approx_from_previous_land_use_grid,1987-2015,persistent new sugarcane entries weighted by grid-cell overlap,413772.6644069943
07280328000158,1219230.2994584844,2001.4409403296197,1987.0,2015.0,29.0,pre_renovabio_1985_2015,100,approx_from_previous_land_use_grid,1987-2015,persistent new sugarcane entries weighted by grid-cell overlap,1219230.2994584844
07280328001715,743849.237074442,1999.6696591264708,1987.0,2015.0,29.0,pre_renovabio_1985_2015,100,approx_from_previous_land_use_grid,1987-2015,persistent new sugarcane entries weighted by grid-cell overlap,743849.237074442
07280328001804,929862.9322268168,1998.781414436998,1987.0,2015.0,29.0,pre_renovabio_1985_2015,100,approx_from_previous_land_use_grid,1987-2015,persistent new sugarcane entries weighted by grid-cell overlap,929862.9322268168
07298800000180,1175690.6991739967,2005.4635032823455,1987.0,2015.0,29.0,pre_renovabio_1985_2015,100,approx_from_previous_land_use_grid,1987-2015,persistent new sugarcane entries weighted by grid-cell overlap,1175690.6991739967
07300906000170,343873.7671106206,2009.526205625444,1987.0,2015.0,29.0,pre_renovabio_1985_2015,100,approx_from_previous_land_use_grid,1987-2015,persistent new sugarcane entries weighted by grid-cell overlap,343873.7671106206
07398533000112,1590792.902276813,2006.5827803183608,1987.0,2015.0,29.0,pre_renovabio_1985_2015,100,approx_from_previous_land_use_grid,1987-2015,persistent new sugarcane entries weighted by grid-cell overlap,1590792.902276813
07455944000100,1996038.9161454008,2004.4055282157824,1987.0,2015.0,29.0,pre_renovabio_1985_2015,100,approx_from_previous_land_use_grid,1987-2015,persistent new sugarcane entries weighted by grid-cell overlap,1996038.9161454008
07458537000149,1555731.8812753565,2002.8797324871452,1987.0,2015.0,29.0,pre_renovabio_1985_2015,100,approx_from_previous_land_use_grid,1987-2015,persistent new sugarcane entries weighted by grid-cell overlap,1555731.8812753565
07459492000127,37043.019753657085,2012.385359419708,1987.0,2015.0,29.0,pre_renovabio_1985_2015,100,approx_from_previous_land_use_grid,1987-2015,persistent new sugarcane entries weighted by grid-cell overlap,37043.019753657085
07670089000142,1541.053584370975,2011.0844178287364,1988.0,2015.0,21.0,pre_renovabio_1985_2015,100,approx_from_previous_land_use_grid,1987-2015,persistent new sugarcane entries weighted by grid-cell overlap,1541.053584370975
07674341000191,852867.8926296564,2006.218595618092,1987.0,2015.0,29.0,pre_renovabio_1985_2015,100,approx_from_previous_land_use_grid,1987-2015,persistent new sugarcane entries weighted by grid-cell overlap,852867.8926296564
07863768000138,447103.6824000941,2010.8711490561675,1987.0,2015.0,29.0,pre_renovabio_1985_2015,100,approx_from_previous_land_use_grid,1987-2015,persistent new sugarcane entries weighted by grid-cell overlap,447103.6824000941
07895728000682,153707.2655152725,2012.3897153417051,1987.0,2015.0,29.0,pre_renovabio_1985_2015,100,approx_from_previous_land_use_grid,1987-2015,persistent new sugarcane entries weighted by grid-cell overlap,153707.2655152725
07903169000109,526637.185395523,2010.1975659811,1987.0,2015.0,29.0,pre_renovabio_1985_2015,100,approx_from_previous_land_use_grid,1987-2015,persistent new sugarcane entries weighted by grid-cell overlap,526637.185395523
07903169001768,532465.4689515604,2010.1416168991796,1987.0,2015.0,29.0,pre_renovabio_1985_2015,100,approx_from_previous_land_use_grid,1987-2015,persistent new sugarcane entries weighted by grid-cell overlap,532465.4689515604
07912062000119,648737.7539769611,2009.024195365112,1987.0,2015.0,29.0,pre_renovabio_1985_2015,100,approx_from_previous_land_use_grid,1987-2015,persistent new sugarcane entries weighted by grid-cell overlap,648737.7539769611
07930999000206,120046.0211469484,2006.5863251313783,1987.0,2015.0,29.0,pre_renovabio_1985_2015,100,approx_from_previous_land_use_grid,1987-2015,persistent new sugarcane entries weighted by grid-cell overlap,120046.0211469484
07969961000239,1552202.7542377317,2002.823902358117,1987.0,2015.0,29.0,pre_renovabio_1985_2015,100,approx_from_previous_land_use_grid,1987-2015,persistent new sugarcane entries weighted by grid-cell overlap,1552202.7542377317
07981751000185,862909.4673709817,2010.1071939262383,1987.0,2015.0,29.0,pre_renovabio_1985_2015,100,approx_from_previous_land_use_grid,1987-2015,persistent new sugarcane entries weighted by grid-cell overlap,862909.4673709817
07987748000179,111889.7391811504,2006.897328406044,1987.0,2015.0,29.0,pre_renovabio_1985_2015,100,approx_from_previous_land_use_grid,1987-2015,persistent new sugarcane entries weighted by grid-cell overlap,111889.7391811504
07996345000196,535158.248721026,2009.586718408524,1987.0,2015.0,29.0,pre_renovabio_1985_2015,100,approx_from_previous_land_use_grid,1987-2015,persistent new sugarcane entries weighted by grid-cell overlap,535158.248721026
08048772000105,451309.01604608353,2010.063754097838,1987.0,2015.0,29.0,pre_renovabio_1985_2015,100,approx_from_previous_land_use_grid,1987-2015,persistent new sugarcane entries weighted by grid-cell overlap,451309.01604608353
08056257000177,1693626.571214397,2005.967238686396,1987.0,2015.0,29.0,pre_renovabio_1985_2015,100,approx_from_previous_land_use_grid,1987-2015,persistent new sugarcane entries weighted by grid-cell overlap,1693626.571214397
08057019000186,595242.0331872043,2010.2570627136083,1987.0,2015.0,29.0,pre_renovabio_1985_2015,100,approx_from_previous_land_use_grid,1987-2015,persistent new sugarcane entries weighted by grid-cell overlap,595242.0331872043
08070508000330,829037.7758107769,2000.0450834403864,1987.0,2015.0,29.0,pre_renovabio_1985_2015,100,approx_from_previous_land_use_grid,1987-2015,persistent new sugarcane entries weighted by grid-cell overlap,829037.7758107769
08070508006532,1378172.6519521524,1999.780361475211,1987.0,2015.0,29.0,pre_renovabio_1985_2015,100,approx_from_previous_land_use_grid,1987-2015,persistent new sugarcane entries weighted by grid-cell overlap,1378172.6519521524
08070508006613,1797550.143076095,2004.1704410846592,1987.0,2015.0,29.0,pre_renovabio_1985_2015,100,approx_from_previous_land_use_grid,1987-2015,persistent new sugarcane entries weighted by grid-cell overlap,1797550.143076095
08070508006702,1543042.7724479064,2003.570739400811,1987.0,2015.0,29.0,pre_renovabio_1985_2015,100,approx_from_previous_land_use_grid,1987-2015,persistent new sugarcane entries weighted by grid-cell overlap,1543042.7724479064
08070508006885,1204759.7464608648,2004.535189515032,1987.0,2015.0,29.0,pre_renovabio_1985_2015,100,approx_from_previous_land_use_grid,1987-2015,persistent new sugarcane entries weighted by grid-cell overlap,1204759.7464608648
08070508006966,720923.2543736966,2001.8217829631,1987.0,2015.0,29.0,pre_renovabio_1985_2015,100,approx_from_previous_land_use_grid,1987-2015,persistent new sugarcane entries weighted by grid-cell overlap,720923.2543736966
08070508008314,1650865.2922471887,2003.8024729226784,1987.0,2015.0,29.0,pre_renovabio_1985_2015,100,approx_from_previous_land_use_grid,1987-2015,persistent new sugarcane entries weighted by grid-cell overlap,1650865.2922471887
08070508009477,586834.0972979767,1997.8567997159116,1987.0,2015.0,29.0,pre_renovabio_1985_2015,100,approx_from_previous_land_use_grid,1987-2015,persistent new sugarcane entries weighted by grid-cell overlap,586834.0972979767
08070508009558,880831.3137271586,2000.6250980801165,1987.0,2015.0,29.0,pre_renovabio_1985_2015,100,approx_from_previous_land_use_grid,1987-2015,persistent new sugarcane entries weighted by grid-cell overlap,880831.3137271586
08070508009710,1383641.0114008638,2003.8722094006305,1987.0,2015.0,29.0,pre_renovabio_1985_2015,100,approx_from_previous_land_use_grid,1987-2015,persistent new sugarcane entries weighted by grid-cell overlap,1383641.0114008638
08070508012265,494862.8234975467,1997.7166235694965,1987.0,2015.0,29.0,pre_renovabio_1985_2015,100,approx_from_previous_land_use_grid,1987-2015,persistent new sugarcane entries weighted by grid-cell overlap,494862.8234975467
08070508012427,1455719.895961498,2003.4526821219704,1987.0,2015.0,29.0,pre_renovabio_1985_2015,100,approx_from_previous_land_use_grid,1987-2015,persistent new sugarcane entries weighted by grid-cell overlap,1455719.895961498
08070508012508,925372.5423269866,1999.0013008529304,1987.0,2015.0,29.0,pre_renovabio_1985_2015,100,approx_from_previous_land_use_grid,1987-2015,persistent new sugarcane entries weighted by grid-cell overlap,925372.5423269866
08070508015795,986116.8419858522,1999.9126831105395,1987.0,2015.0,29.0,pre_renovabio_1985_2015,100,approx_from_previous_land_use_grid,1987-2015,persistent new sugarcane entries weighted by grid-cell overlap,986116.8419858522
08070508015876,882323.6475900635,1998.7622056313453,1987.0,2015.0,29.0,pre_renovabio_1985_2015,100,approx_from_previous_land_use_grid,1987-2015,persistent new sugarcane entries weighted by grid-cell overlap,882323.6475900635
08070508016414,1053248.6161143382,1999.522411007724,1987.0,2015.0,29.0,pre_renovabio_1985_2015,100,approx_from_previous_land_use_grid,1987-2015,persistent new sugarcane entries weighted by grid-cell overlap,1053248.6161143382
08070508016767,134249.12318326652,2011.587902430856,1987.0,2015.0,29.0,pre_renovabio_1985_2015,100,approx_from_previous_land_use_grid,1987-2015,persistent new sugarcane entries weighted by grid-cell overlap,134249.12318326652
08070566001173,126621.99904745784,2012.2501586909527,1987.0,2015.0,29.0,pre_renovabio_1985_2015,100,approx_from_previous_land_use_grid,1987-2015,persistent new sugarcane entries weighted by grid-cell overlap,126621.99904745784
08070566001254,148739.87737464954,2012.519441012229,1987.0,2015.0,29.0,pre_renovabio_1985_2015,100,approx_from_previous_land_use_grid,1987-2015,persistent new sugarcane entries weighted by grid-cell overlap,148739.87737464954
08070566001688,177429.34920463647,2012.4153638541316,1987.0,2015.0,29.0,pre_renovabio_1985_2015,100,approx_from_previous_land_use_grid,1987-2015,persistent new sugarcane entries weighted by grid-cell overlap,177429.34920463647
08070566001769,129587.3707014205,2012.5477003088045,1987.0,2015.0,29.0,pre_renovabio_1985_2015,100,approx_from_previous_land_use_grid,1987-2015,persistent new sugarcane entries weighted by grid-cell overlap,129587.3707014205
08110543000173,1626314.478028718,2004.1173747364749,1987.0,2015.0,29.0,pre_renovabio_1985_2015,100,approx_from_previous_land_use_grid,1987-2015,persistent new sugarcane entries weighted by grid-cell overlap,1626314.478028718
08164344000148,707608.5063346524,2008.923549774849,1987.0,2015.0,29.0,pre_renovabio_1985_2015,100,approx_from_previous_land_use_grid,1987-2015,persistent new sugarcane entries weighted by grid-cell overlap,707608.5063346524
08195806000194,532807.1718738136,2009.680662560192,1987.0,2015.0,29.0,pre_renovabio_1985_2015,100,approx_from_previous_land_use_grid,1987-2015,persistent new sugarcane entries weighted by grid-cell overlap,532807.1718738136
08322396000103,183736.8405806897,2012.349561132028,1987.0,2015.0,29.0,pre_renovabio_1985_2015,100,approx_from_previous_land_use_grid,1987-2015,persistent new sugarcane entries weighted by grid-cell overlap,183736.8405806897
08355201000113,432284.2529459939,2008.2521631462864,1987.0,2015.0,29.0,pre_renovabio_1985_2015,100,approx_from_previous_land_use_grid,1987-2015,persistent new sugarcane entries weighted by grid-cell overlap,432284.2529459939
08391345000397,1783383.5115184574,2004.1352691676868,1987.0,2015.0,29.0,pre_renovabio_1985_2015,100,approx_from_previous_land_use_grid,1987-2015,persistent new sugarcane entries weighted by grid-cell overlap,1783383.5115184574
08493354000127,959319.921996016,2006.493504807952,1987.0,2015.0,29.0,pre_renovabio_1985_2015,100,approx_from_previous_land_use_grid,1987-2015,persistent new sugarcane entries weighted by grid-cell overlap,959319.921996016
08517600000133,612452.3597783133,2008.72189222506,1987.0,2015.0,29.0,pre_renovabio_1985_2015,100,approx_from_previous_land_use_grid,1987-2015,persistent new sugarcane entries weighted by grid-cell overlap,612452.3597783133
08598391000108,536096.3160013396,2011.0042925079133,1987.0,2015.0,29.0,pre_renovabio_1985_2015,100,approx_from_previous_land_use_grid,1987-2015,persistent new sugarcane entries weighted by grid-cell overlap,536096.3160013396
08657268000102,653696.5477185913,2000.7736027793007,1987.0,2015.0,29.0,pre_renovabio_1985_2015,100,approx_from_previous_land_use_grid,1987-2015,persistent new sugarcane entries weighted by grid-cell overlap,653696.5477185913
08704527000109,868335.5923857511,2009.3762657211205,1987.0,2015.0,29.0,pre_renovabio_1985_2015,100,approx_from_previous_land_use_grid,1987-2015,persistent new sugarcane entries weighted by grid-cell overlap,868335.5923857511
08793343000162,44664.314360443575,2012.029207032837,1987.0,2015.0,29.0,pre_renovabio_1985_2015,100,approx_from_previous_land_use_grid,1987-2015,persistent new sugarcane entries weighted by grid-cell overlap,44664.314360443575
08830263000130,435468.14675752434,2010.7063322262115,1987.0,2015.0,29.0,pre_renovabio_1985_2015,100,approx_from_previous_land_use_grid,1987-2015,persistent new sugarcane entries weighted by grid-cell overlap,435468.14675752434
08906558000142,434114.804528293,2010.047283844332,1987.0,2015.0,29.0,pre_renovabio_1985_2015,100,approx_from_previous_land_use_grid,1987-2015,persistent new sugarcane entries weighted by grid-cell overlap,434114.804528293
09022388000104,616844.2105508514,2010.3637891095996,1987.0,2015.0,29.0,pre_renovabio_1985_2015,100,approx_from_previous_land_use_grid,1987-2015,persistent new sugarcane entries weighted by grid-cell overlap,616844.2105508514
09075242000119,3893.110478947671,2005.9138058586475,1989.0,2015.0,27.0,pre_renovabio_1985_2015,100,approx_from_previous_land_use_grid,1987-2015,persistent new sugarcane entries weighted by grid-cell overlap,3893.110478947671
09538989000166,295165.8887814583,2010.85200870805,1987.0,2015.0,29.0,pre_renovabio_1985_2015,100,approx_from_previous_land_use_grid,1987-2015,persistent new sugarcane entries weighted by grid-cell overlap,295165.8887814583
09538989000409,1429966.1193607564,2002.7359800132788,1987.0,2015.0,29.0,pre_renovabio_1985_2015,100,approx_from_previous_land_use_grid,1987-2015,persistent new sugarcane entries weighted by grid-cell overlap,1429966.1193607564
09538989000670,1356426.371878382,2002.5703152280507,1987.0,2015.0,29.0,pre_renovabio_1985_2015,100,approx_from_previous_land_use_grid,1987-2015,persistent new sugarcane entries weighted by grid-cell overlap,1356426.371878382
09538989000751,1244180.958945088,2002.1442225040628,1987.0,2015.0,29.0,pre_renovabio_1985_2015,100,approx_from_previous_land_use_grid,1987-2015,persistent new sugarcane entries weighted by grid-cell overlap,1244180.958945088
10249419000216,860864.6952407667,2010.017561970596,1987.0,2015.0,29.0,pre_renovabio_1985_2015,100,approx_from_previous_land_use_grid,1987-2015,persistent new sugarcane entries weighted by grid-cell overlap,860864.6952407667
10249419000305,795897.4962739861,2009.174120937776,1987.0,2015.0,29.0,pre_renovabio_1985_2015,100,approx_from_previous_land_use_grid,1987-2015,persistent new sugarcane entries weighted by grid-cell overlap,795897.4962739861
10452413000160,49589.49010000367,2011.451837254896,1987.0,2015.0,29.0,pre_renovabio_1985_2015,100,approx_from_previous_land_use_grid,1987-2015,persistent new sugarcane entries weighted by grid-cell overlap,49589.49010000367
10921675000127,0.0,,,,,pre_renovabio_1985_2015,100,approx_from_previous_land_use_grid,1987-2015,persistent new sugarcane entries weighted by grid-cell overlap,0.0
11092881000134,711675.5547068687,2009.3315087132687,1987.0,2015.0,29.0,pre_renovabio_1985_2015,100,approx_from_previous_land_use_grid,1987-2015,persistent new sugarcane entries weighted by grid-cell overlap,711675.5547068687
12229415001001,841131.0912773955,2008.5324810970608,1987.0,2015.0,29.0,pre_renovabio_1985_2015,100,approx_from_previous_land_use_grid,1987-2015,persistent new sugarcane entries weighted by grid-cell overlap,841131.0912773955
12229415001435,1667465.8178284771,2005.0145079109243,1987.0,2015.0,29.0,pre_renovabio_1985_2015,100,approx_from_previous_land_use_grid,1987-2015,persistent new sugarcane entries weighted by grid-cell overlap,1667465.8178284771
12229415001605,631179.1416142718,2009.6951021530376,1987.0,2015.0,29.0,pre_renovabio_1985_2015,100,approx_from_previous_land_use_grid,1987-2015,persistent new sugarcane entries weighted by grid-cell overlap,631179.1416142718
12282034001762,934293.385459379,2004.0702894939157,1987.0,2015.0,29.0,pre_renovabio_1985_2015,100,approx_from_previous_land_use_grid,1987-2015,persistent new sugarcane entries weighted by grid-cell overlap,934293.385459379
13537735000281,1859628.770662851,2003.9480762695048,1987.0,2015.0,29.0,pre_renovabio_1985_2015,100,approx_from_previous_land_use_grid,1987-2015,persistent new sugarcane entries weighted by grid-cell overlap,1859628.770662851
13537735000362,1416407.8887032936,2003.506788480748,1987.0,2015.0,29.0,pre_renovabio_1985_2015,100,approx_from_previous_land_use_grid,1987-2015,persistent new sugarcane entries weighted by grid-cell overlap,1416407.8887032936
15009178000170,121386.02129617418,2005.6304234071995,1989.0,2015.0,27.0,pre_renovabio_1985_2015,100,approx_from_previous_land_use_grid,1987-2015,persistent new sugarcane entries weighted by grid-cell overlap,121386.02129617418
15043391000107,22606.76209520361,2009.4333125696844,1989.0,2015.0,27.0,pre_renovabio_1985_2015,100,approx_from_previous_land_use_grid,1987-2015,persistent new sugarcane entries weighted by grid-cell overlap,22606.76209520361
15444904000183,676298.4906056868,2006.662857891828,1987.0,2015.0,29.0,pre_renovabio_1985_2015,100,approx_from_previous_land_use_grid,1987-2015,persistent new sugarcane entries weighted by grid-cell overlap,676298.4906056868
15527906000721,340726.7531772668,2009.4620168368212,1987.0,2015.0,29.0,pre_renovabio_1985_2015,100,approx_from_previous_land_use_grid,1987-2015,persistent new sugarcane entries weighted by grid-cell overlap,340726.7531772668
15527906002937,79546.68765726844,2009.461179610588,1987.0,2015.0,29.0,pre_renovabio_1985_2015,100,approx_from_previous_land_use_grid,1987-2015,persistent new sugarcane entries weighted by grid-cell overlap,79546.68765726844
15527906003585,453467.5266313555,2010.0866640566776,1987.0,2015.0,29.0,pre_renovabio_1985_2015,100,approx_from_previous_land_use_grid,1987-2015,persistent new sugarcane entries weighted by grid-cell overlap,453467.5266313555
15527906003666,693085.2813985182,1998.743878841492,1987.0,2015.0,29.0,pre_renovabio_1985_2015,100,approx_from_previous_land_use_grid,1987-2015,persistent new sugarcane entries weighted by grid-cell overlap,693085.2813985182
16617789000164,41305.01991347606,2009.7407071146984,1987.0,2015.0,29.0,pre_renovabio_1985_2015,100,approx_from_previous_land_use_grid,1987-2015,persistent new sugarcane entries weighted by grid-cell overlap,41305.01991347606
19537471000161,1862081.6943518645,2004.2391211943311,1987.0,2015.0,29.0,pre_renovabio_1985_2015,100,approx_from_previous_land_use_grid,1987-2015,persistent new sugarcane entries weighted by grid-cell overlap,1862081.6943518645
19818301000155,534691.6188356315,2008.4347623359708,1987.0,2015.0,29.0,pre_renovabio_1985_2015,100,approx_from_previous_land_use_grid,1987-2015,persistent new sugarcane entries weighted by grid-cell overlap,534691.6188356315
21783238000100,46904.602527360505,2011.3374615687555,1987.0,2015.0,29.0,pre_renovabio_1985_2015,100,approx_from_previous_land_use_grid,1987-2015,persistent new sugarcane entries weighted by grid-cell overlap,46904.602527360505
22587687000146,253397.73613573107,2001.708586671004,1987.0,2015.0,29.0,pre_renovabio_1985_2015,100,approx_from_previous_land_use_grid,1987-2015,persistent new sugarcane entries weighted by grid-cell overlap,253397.73613573107
23796998000188,815.2103993064053,2007.4234585240868,1988.0,2015.0,20.0,pre_renovabio_1985_2015,100,approx_from_previous_land_use_grid,1987-2015,persistent new sugarcane entries weighted by grid-cell overlap,815.2103993064053
23858708000183,249093.85124105605,2010.132373106612,1987.0,2015.0,29.0,pre_renovabio_1985_2015,100,approx_from_previous_land_use_grid,1987-2015,persistent new sugarcane entries weighted by grid-cell overlap,249093.85124105605
28144326000101,572859.4688405236,2008.5893399642111,1987.0,2015.0,29.0,pre_renovabio_1985_2015,100,approx_from_previous_land_use_grid,1987-2015,persistent new sugarcane entries weighted by grid-cell overlap,572859.4688405236
33664228000135,123128.0422814632,2005.7550688015947,1989.0,2015.0,27.0,pre_renovabio_1985_2015,100,approx_from_previous_land_use_grid,1987-2015,persistent new sugarcane entries weighted by grid-cell overlap,123128.0422814632
35637796000172,1483123.443569316,2003.3382200263293,1987.0,2015.0,29.0,pre_renovabio_1985_2015,100,approx_from_previous_land_use_grid,1987-2015,persistent new sugarcane entries weighted by grid-cell overlap,1483123.443569316
37216363000250,480735.8102886695,2009.8254532212893,1987.0,2015.0,29.0,pre_renovabio_1985_2015,100,approx_from_previous_land_use_grid,1987-2015,persistent new sugarcane entries weighted by grid-cell overlap,480735.8102886695
38278706000192,741803.3906054792,1999.1856454104325,1987.0,2015.0,29.0,pre_renovabio_1985_2015,100,approx_from_previous_land_use_grid,1987-2015,persistent new sugarcane entries weighted by grid-cell overlap,741803.3906054792
43533819000399,2007085.6013607676,2003.2197048831283,1987.0,2015.0,29.0,pre_renovabio_1985_2015,100,approx_from_previous_land_use_grid,1987-2015,persistent new sugarcane entries weighted by grid-cell overlap,2007085.6013607676
43545284000104,1420890.4705341505,2006.3846313207764,1987.0,2015.0,29.0,pre_renovabio_1985_2015,100,approx_from_previous_land_use_grid,1987-2015,persistent new sugarcane entries weighted by grid-cell overlap,1420890.4705341505
43619832001760,1536549.3830041222,2003.3670140825352,1987.0,2015.0,29.0,pre_renovabio_1985_2015,100,approx_from_previous_land_use_grid,1987-2015,persistent new sugarcane entries weighted by grid-cell overlap,1536549.3830041222
43932102000581,1483353.0347290772,2003.4254903916967,1987.0,2015.0,29.0,pre_renovabio_1985_2015,100,approx_from_previous_land_use_grid,1987-2015,persistent new sugarcane entries weighted by grid-cell overlap,1483353.0347290772
44207249000148,737476.1280904479,1998.308977514827,1987.0,2015.0,29.0,pre_renovabio_1985_2015,100,approx_from_previous_land_use_grid,1987-2015,persistent new sugarcane entries weighted by grid-cell overlap,737476.1280904479
44209336003583,694140.5742259558,1998.2394728040736,1987.0,2015.0,29.0,pre_renovabio_1985_2015,100,approx_from_previous_land_use_grid,1987-2015,persistent new sugarcane entries weighted by grid-cell overlap,694140.5742259558
44330975000153,1849215.456928484,2002.2100418858024,1987.0,2015.0,29.0,pre_renovabio_1985_2015,100,approx_from_previous_land_use_grid,1987-2015,persistent new sugarcane entries weighted by grid-cell overlap,1849215.456928484
44330975002288,1807218.846708228,2006.175810101019,1987.0,2015.0,29.0,pre_renovabio_1985_2015,100,approx_from_previous_land_use_grid,1987-2015,persistent new sugarcane entries weighted by grid-cell overlap,1807218.846708228
44330975002520,984328.8003114306,2007.3580835437276,1987.0,2015.0,29.0,pre_renovabio_1985_2015,100,approx_from_previous_land_use_grid,1987-2015,persistent new sugarcane entries weighted by grid-cell overlap,984328.8003114306
44346583000182,2072818.4708462048,2002.205857077209,1987.0,2015.0,29.0,pre_renovabio_1985_2015,100,approx_from_previous_land_use_grid,1987-2015,persistent new sugarcane entries weighted by grid-cell overlap,2072818.4708462048
44373108000103,1429966.1193607564,2002.7359800132788,1987.0,2015.0,29.0,pre_renovabio_1985_2015,100,approx_from_previous_land_use_grid,1987-2015,persistent new sugarcane entries weighted by grid-cell overlap,1429966.1193607564
44691236000197,1025760.8904007642,2000.549788382108,1987.0,2015.0,29.0,pre_renovabio_1985_2015,100,approx_from_previous_land_use_grid,1987-2015,persistent new sugarcane entries weighted by grid-cell overlap,1025760.8904007642
44836856000177,287037.36368745664,1999.124463874664,1987.0,2015.0,29.0,pre_renovabio_1985_2015,100,approx_from_previous_land_use_grid,1987-2015,persistent new sugarcane entries weighted by grid-cell overlap,287037.36368745664
44845915000173,1698972.2385013162,2005.563031052856,1987.0,2015.0,29.0,pre_renovabio_1985_2015,100,approx_from_previous_land_use_grid,1987-2015,persistent new sugarcane entries weighted by grid-cell overlap,1698972.2385013162
44870939000182,1685927.109524052,2000.2281792806773,1987.0,2015.0,29.0,pre_renovabio_1985_2015,100,approx_from_previous_land_use_grid,1987-2015,persistent new sugarcane entries weighted by grid-cell overlap,1685927.109524052
45281813000135,1154064.5012239665,2000.4394214952745,1987.0,2015.0,29.0,pre_renovabio_1985_2015,100,approx_from_previous_land_use_grid,1987-2015,persistent new sugarcane entries weighted by grid-cell overlap,1154064.5012239665
45353547000109,928341.766880678,1998.9610326839884,1987.0,2015.0,29.0,pre_renovabio_1985_2015,100,approx_from_previous_land_use_grid,1987-2015,persistent new sugarcane entries weighted by grid-cell overlap,928341.766880678
45483450000110,1635437.5315387684,2002.885531949732,1987.0,2015.0,29.0,pre_renovabio_1985_2015,100,approx_from_previous_land_use_grid,1987-2015,persistent new sugarcane entries weighted by grid-cell overlap,1635437.5315387684
45483450002164,1493243.764195958,2002.669538056393,1987.0,2015.0,29.0,pre_renovabio_1985_2015,100,approx_from_previous_land_use_grid,1987-2015,persistent new sugarcane entries weighted by grid-cell overlap,1493243.764195958
45765914000181,1088868.0645834766,1999.1415192753675,1987.0,2015.0,29.0,pre_renovabio_1985_2015,100,approx_from_previous_land_use_grid,1987-2015,persistent new sugarcane entries weighted by grid-cell overlap,1088868.0645834766
45902707000121,1669537.958263579,2003.770838320713,1987.0,2015.0,29.0,pre_renovabio_1985_2015,100,approx_from_previous_land_use_grid,1987-2015,persistent new sugarcane entries weighted by grid-cell overlap,1669537.958263579
45968162000156,1584492.9816363784,2003.174796491091,1987.0,2015.0,29.0,pre_renovabio_1985_2015,100,approx_from_previous_land_use_grid,1987-2015,persistent new sugarcane entries weighted by grid-cell overlap,1584492.9816363784
47063128000168,2061448.6173427016,2003.0290288684776,1987.0,2015.0,29.0,pre_renovabio_1985_2015,100,approx_from_previous_land_use_grid,1987-2015,persistent new sugarcane entries weighted by grid-cell overlap,2061448.6173427016
47080619001199,2431893.3247697004,2004.0170322960828,1987.0,2015.0,29.0,pre_renovabio_1985_2015,100,approx_from_previous_land_use_grid,1987-2015,persistent new sugarcane entries weighted by grid-cell overlap,2431893.3247697004
47080619003051,2104349.673912653,2005.39962015124,1987.0,2015.0,29.0,pre_renovabio_1985_2015,100,approx_from_previous_land_use_grid,1987-2015,persistent new sugarcane entries weighted by grid-cell overlap,2104349.673912653
47080619003302,2146265.3695393414,2002.3960491720652,1987.0,2015.0,29.0,pre_renovabio_1985_2015,100,approx_from_previous_land_use_grid,1987-2015,persistent new sugarcane entries weighted by grid-cell overlap,2146265.3695393414
47080619006158,1739805.2575219262,2000.426263736625,1987.0,2015.0,29.0,pre_renovabio_1985_2015,100,approx_from_previous_land_use_grid,1987-2015,persistent new sugarcane entries weighted by grid-cell overlap,1739805.2575219262
47080619006239,2170750.125041235,2002.258260562197,1987.0,2015.0,29.0,pre_renovabio_1985_2015,100,approx_from_previous_land_use_grid,1987-2015,persistent new sugarcane entries weighted by grid-cell overlap,2170750.125041235
47254396000167,458112.31631540594,1997.8712326902955,1987.0,2015.0,29.0,pre_renovabio_1985_2015,100,approx_from_previous_land_use_grid,1987-2015,persistent new sugarcane entries weighted by grid-cell overlap,458112.31631540594
47524632000118,1572841.7861067986,2002.6609049204403,1987.0,2015.0,29.0,pre_renovabio_1985_2015,100,approx_from_previous_land_use_grid,1987-2015,persistent new sugarcane entries weighted by grid-cell overlap,1572841.7861067986
47524632000894,1905170.663331724,2004.0525192897544,1987.0,2015.0,29.0,pre_renovabio_1985_2015,100,approx_from_previous_land_use_grid,1987-2015,persistent new sugarcane entries weighted by grid-cell overlap,1905170.663331724
47902283000120,7511.3787686766045,2012.34075505687,1990.0,2015.0,18.0,pre_renovabio_1985_2015,100,approx_from_previous_land_use_grid,1987-2015,persistent new sugarcane entries weighted by grid-cell overlap,7511.3787686766045
48295562001108,1482758.263577317,2003.4615918696236,1987.0,2015.0,29.0,pre_renovabio_1985_2015,100,approx_from_previous_land_use_grid,1987-2015,persistent new sugarcane entries weighted by grid-cell overlap,1482758.263577317
48295562001450,1303422.0613829668,2004.9866965913584,1987.0,2015.0,29.0,pre_renovabio_1985_2015,100,approx_from_previous_land_use_grid,1987-2015,persistent new sugarcane entries weighted by grid-cell overlap,1303422.0613829668
48295562001884,1347985.850375088,2004.655902738876,1987.0,2015.0,29.0,pre_renovabio_1985_2015,100,approx_from_previous_land_use_grid,1987-2015,persistent new sugarcane entries weighted by grid-cell overlap,1347985.850375088
48295562001965,1320924.9700455691,2003.6599246496628,1987.0,2015.0,29.0,pre_renovabio_1985_2015,100,approx_from_previous_land_use_grid,1987-2015,persistent new sugarcane entries weighted by grid-cell overlap,1320924.9700455691
48708267046156,1779754.716664816,2001.4889157642467,1987.0,2015.0,29.0,pre_renovabio_1985_2015,100,approx_from_previous_land_use_grid,1987-2015,persistent new sugarcane entries weighted by grid-cell overlap,1779754.716664816
49049638000106,905996.900626607,1999.2193415897725,1987.0,2015.0,29.0,pre_renovabio_1985_2015,100,approx_from_previous_land_use_grid,1987-2015,persistent new sugarcane entries weighted by grid-cell overlap,905996.900626607
49213747000117,1868367.367979728,2000.9044038920497,1987.0,2015.0,29.0,pre_renovabio_1985_2015,100,approx_from_previous_land_use_grid,1987-2015,persistent new sugarcane entries weighted by grid-cell overlap,1868367.367979728
49213747011585,1868367.367979728,2000.9044038920497,1987.0,2015.0,29.0,pre_renovabio_1985_2015,100,approx_from_previous_land_use_grid,1987-2015,persistent new sugarcane entries weighted by grid-cell overlap,1868367.367979728
49213747011828,1532087.485274879,1999.7553093503263,1987.0,2015.0,29.0,pre_renovabio_1985_2015,100,approx_from_previous_land_use_grid,1987-2015,persistent new sugarcane entries weighted by grid-cell overlap,1532087.485274879
49213747012980,2157360.568226622,2003.489883738354,1987.0,2015.0,29.0,pre_renovabio_1985_2015,100,approx_from_previous_land_use_grid,1987-2015,persistent new sugarcane entries weighted by grid-cell overlap,2157360.568226622
49605157000210,342073.6998491813,2002.3206862995337,1987.0,2015.0,29.0,pre_renovabio_1985_2015,100,approx_from_previous_land_use_grid,1987-2015,persistent new sugarcane entries weighted by grid-cell overlap,342073.6998491813
49972326000170,1994051.341424045,2005.6421001911096,1987.0,2015.0,29.0,pre_renovabio_1985_2015,100,approx_from_previous_land_use_grid,1987-2015,persistent new sugarcane entries weighted by grid-cell overlap,1994051.341424045
49972326003861,261007.86504221495,2010.2591119722188,1987.0,2015.0,29.0,pre_renovabio_1985_2015,100,approx_from_previous_land_use_grid,1987-2015,persistent new sugarcane entries weighted by grid-cell overlap,261007.86504221495
49976251000103,1356911.4935007398,2001.1734801539208,1987.0,2015.0,29.0,pre_renovabio_1985_2015,100,approx_from_previous_land_use_grid,1987-2015,persistent new sugarcane entries weighted by grid-cell overlap,1356911.4935007398
50227255000160,1276757.8178207325,2002.2573145453025,1987.0,2015.0,29.0,pre_renovabio_1985_2015,100,approx_from_previous_land_use_grid,1987-2015,persistent new sugarcane entries weighted by grid-cell overlap,1276757.8178207325
50376938000189,1450564.5406158478,1999.9042720513496,1987.0,2015.0,29.0,pre_renovabio_1985_2015,100,approx_from_previous_land_use_grid,1987-2015,persistent new sugarcane entries weighted by grid-cell overlap,1450564.5406158478
50376938000936,1069496.2277674414,2005.1530101308133,1987.0,2015.0,29.0,pre_renovabio_1985_2015,100,approx_from_previous_land_use_grid,1987-2015,persistent new sugarcane entries weighted by grid-cell overlap,1069496.2277674414
51466860000156,1398415.4681159754,1999.5829423557357,1987.0,2015.0,29.0,pre_renovabio_1985_2015,100,approx_from_previous_land_use_grid,1987-2015,persistent new sugarcane entries weighted by grid-cell overlap,1398415.4681159754
51466860002957,708248.6726209816,1997.9689493624865,1987.0,2015.0,29.0,pre_renovabio_1985_2015,100,approx_from_previous_land_use_grid,1987-2015,persistent new sugarcane entries weighted by grid-cell overlap,708248.6726209816
51466860005034,1076474.3216146596,1999.347838318316,1987.0,2015.0,29.0,pre_renovabio_1985_2015,100,approx_from_previous_land_use_grid,1987-2015,persistent new sugarcane entries weighted by grid-cell overlap,1076474.3216146596
51466860006278,799643.4921665229,2010.344128919451,1987.0,2015.0,29.0,pre_renovabio_1985_2015,100,approx_from_previous_land_use_grid,1987-2015,persistent new sugarcane entries weighted by grid-cell overlap,799643.4921665229
51843514000140,1948149.891468094,2001.9950157637124,1987.0,2015.0,29.0,pre_renovabio_1985_2015,100,approx_from_previous_land_use_grid,1987-2015,persistent new sugarcane entries weighted by grid-cell overlap,1948149.891468094
51843514009600,1825354.1246113372,2004.081146481412,1987.0,2015.0,29.0,pre_renovabio_1985_2015,100,approx_from_previous_land_use_grid,1987-2015,persistent new sugarcane entries weighted by grid-cell overlap,1825354.1246113372
51990778000126,2072818.4708462048,2002.205857077209,1987.0,2015.0,29.0,pre_renovabio_1985_2015,100,approx_from_previous_land_use_grid,1987-2015,persistent new sugarcane entries weighted by grid-cell overlap,2072818.4708462048
53009825000133,1706443.9579635856,2001.43946139788,1987.0,2015.0,29.0,pre_renovabio_1985_2015,100,approx_from_previous_land_use_grid,1987-2015,persistent new sugarcane entries weighted by grid-cell overlap,1706443.9579635856
53172300000114,1606626.784012152,2002.6758057644872,1987.0,2015.0,29.0,pre_renovabio_1985_2015,100,approx_from_previous_land_use_grid,1987-2015,persistent new sugarcane entries weighted by grid-cell overlap,1606626.784012152
53408860000125,856799.9603469225,2001.8965501449052,1987.0,2015.0,29.0,pre_renovabio_1985_2015,100,approx_from_previous_land_use_grid,1987-2015,persistent new sugarcane entries weighted by grid-cell overlap,856799.9603469225
53811006000105,1776147.5139374414,2000.5152627506484,1987.0,2015.0,29.0,pre_renovabio_1985_2015,100,approx_from_previous_land_use_grid,1987-2015,persistent new sugarcane entries weighted by grid-cell overlap,1776147.5139374414
53811006000296,1109614.7994322395,2004.0913898568556,1987.0,2015.0,29.0,pre_renovabio_1985_2015,100,approx_from_previous_land_use_grid,1987-2015,persistent new sugarcane entries weighted by grid-cell overlap,1109614.7994322395
54470679000101,1252133.1573033857,2000.018234148168,1987.0,2015.0,29.0,pre_renovabio_1985_2015,100,approx_from_previous_land_use_grid,1987-2015,persistent new sugarcane entries weighted by grid-cell overlap,1252133.1573033857
54844360000107,794353.7801193803,1998.7737508259672,1987.0,2015.0,29.0,pre_renovabio_1985_2015,100,approx_from_previous_land_use_grid,1987-2015,persistent new sugarcane entries weighted by grid-cell overlap,794353.7801193803
54846951000105,771583.0389474042,1999.185320946008,1987.0,2015.0,29.0,pre_renovabio_1985_2015,100,approx_from_previous_land_use_grid,1987-2015,persistent new sugarcane entries weighted by grid-cell overlap,771583.0389474042
55090971000161,1374545.92538447,2003.129613101545,1987.0,2015.0,29.0,pre_renovabio_1985_2015,100,approx_from_previous_land_use_grid,1987-2015,persistent new sugarcane entries weighted by grid-cell overlap,1374545.92538447
55109474000168,1576209.3571191586,1999.966753631481,1987.0,2015.0,29.0,pre_renovabio_1985_2015,100,approx_from_previous_land_use_grid,1987-2015,persistent new sugarcane entries weighted by grid-cell overlap,1576209.3571191586
55109565000101,1548130.7932166448,1999.9140513108064,1987.0,2015.0,29.0,pre_renovabio_1985_2015,100,approx_from_previous_land_use_grid,1987-2015,persistent new sugarcane entries weighted by grid-cell overlap,1548130.7932166448
56723257000207,649132.6669234562,2000.6078429131292,1987.0,2015.0,29.0,pre_renovabio_1985_2015,100,approx_from_previous_land_use_grid,1987-2015,persistent new sugarcane entries weighted by grid-cell overlap,649132.6669234562
60329174000124,746008.5870853548,1999.8237903692843,1987.0,2015.0,29.0,pre_renovabio_1985_2015,100,approx_from_previous_land_use_grid,1987-2015,persistent new sugarcane entries weighted by grid-cell overlap,746008.5870853548
60855574000335,826027.9071282182,2000.9552091621915,1987.0,2015.0,29.0,pre_renovabio_1985_2015,100,approx_from_previous_land_use_grid,1987-2015,persistent new sugarcane entries weighted by grid-cell overlap,826027.9071282182
60855574000416,766725.3782547633,2000.6691789554595,1987.0,2015.0,29.0,pre_renovabio_1985_2015,100,approx_from_previous_land_use_grid,1987-2015,persistent new sugarcane entries weighted by grid-cell overlap,766725.3782547633
60855574001307,1487347.0239761518,2002.5483774877264,1987.0,2015.0,29.0,pre_renovabio_1985_2015,100,approx_from_previous_land_use_grid,1987-2015,persistent new sugarcane entries weighted by grid-cell overlap,1487347.0239761518
61082962000393,896335.1207186952,2005.3516084011187,1987.0,2015.0,29.0,pre_renovabio_1985_2015,100,approx_from_previous_land_use_grid,1987-2015,persistent new sugarcane entries weighted by grid-cell overlap,896335.1207186952
61082962000474,847319.7641212485,2007.4082849838303,1987.0,2015.0,29.0,pre_renovabio_1985_2015,100,approx_from_previous_land_use_grid,1987-2015,persistent new sugarcane entries weighted by grid-cell overlap,847319.7641212485
61231478000206,809892.5123925908,2002.0232180757696,1987.0,2015.0,29.0,pre_renovabio_1985_2015,100,approx_from_previous_land_use_grid,1987-2015,persistent new sugarcane entries weighted by grid-cell overlap,809892.5123925908
68316801000102,1635852.4002301174,2003.1919832778392,1987.0,2015.0,29.0,pre_renovabio_1985_2015,100,approx_from_previous_land_use_grid,1987-2015,persistent new sugarcane entries weighted by grid-cell overlap,1635852.4002301174
68316801002571,1635852.4002301174,2003.1919832778392,1987.0,2015.0,29.0,pre_renovabio_1985_2015,100,approx_from_previous_land_use_grid,1987-2015,persistent new sugarcane entries weighted by grid-cell overlap,1635852.4002301174
71304687000105,1134690.6709177603,1999.3901348734728,1987.0,2015.0,29.0,pre_renovabio_1985_2015,100,approx_from_previous_land_use_grid,1987-2015,persistent new sugarcane entries weighted by grid-cell overlap,1134690.6709177603
71304687001845,1419249.5768722335,2002.3385455003595,1987.0,2015.0,29.0,pre_renovabio_1985_2015,100,approx_from_previous_land_use_grid,1987-2015,persistent new sugarcane entries weighted by grid-cell overlap,1419249.5768722335
71304687002817,1214077.5446680717,2003.8873583179543,1987.0,2015.0,29.0,pre_renovabio_1985_2015,100,approx_from_previous_land_use_grid,1987-2015,persistent new sugarcane entries weighted by grid-cell overlap,1214077.5446680717
71321566000163,1526402.251484184,1999.7708841725664,1987.0,2015.0,29.0,pre_renovabio_1985_2015,100,approx_from_previous_land_use_grid,1987-2015,persistent new sugarcane entries weighted by grid-cell overlap,1526402.251484184
71324784000151,1453783.5723112095,1999.6255644667788,1987.0,2015.0,29.0,pre_renovabio_1985_2015,100,approx_from_previous_land_use_grid,1987-2015,persistent new sugarcane entries weighted by grid-cell overlap,1453783.5723112095
71324792000440,1504958.835873626,1999.7153094131927,1987.0,2015.0,29.0,pre_renovabio_1985_2015,100,approx_from_previous_land_use_grid,1987-2015,persistent new sugarcane entries weighted by grid-cell overlap,1504958.835873626
75084871000130,576258.8466411877,2003.497439418657,1987.0,2015.0,29.0,pre_renovabio_1985_2015,100,approx_from_previous_land_use_grid,1987-2015,persistent new sugarcane entries weighted by grid-cell overlap,576258.8466411877
75177857000180,500247.3441434019,2003.9417980983803,1987.0,2015.0,29.0,pre_renovabio_1985_2015,100,approx_from_previous_land_use_grid,1987-2015,persistent new sugarcane entries weighted by grid-cell overlap,500247.3441434019
75444430000100,806703.5621544049,2001.9390742053745,1987.0,2015.0,29.0,pre_renovabio_1985_2015,100,approx_from_previous_land_use_grid,1987-2015,persistent new sugarcane entries weighted by grid-cell overlap,806703.5621544049
75619056000128,936020.9325424032,2001.703529289205,1987.0,2015.0,29.0,pre_renovabio_1985_2015,100,approx_from_previous_land_use_grid,1987-2015,persistent new sugarcane entries weighted by grid-cell overlap,936020.9325424032
75717355000286,1275645.3211466954,2005.3526411703456,1987.0,2015.0,29.0,pre_renovabio_1985_2015,100,approx_from_previous_land_use_grid,1987-2015,persistent new sugarcane entries weighted by grid-cell overlap,1275645.3211466954
75717355000367,650610.3776894659,2006.088210729747,1987.0,2015.0,29.0,pre_renovabio_1985_2015,100,approx_from_previous_land_use_grid,1987-2015,persistent new sugarcane entries weighted by grid-cell overlap,650610.3776894659
75717355000448,563909.8931967147,2007.440503032285,1987.0,2015.0,29.0,pre_renovabio_1985_2015,100,approx_from_previous_land_use_grid,1987-2015,persistent new sugarcane entries weighted by grid-cell overlap,563909.8931967147
75717355000529,1022217.0079255368,2004.8252579738776,1987.0,2015.0,29.0,pre_renovabio_1985_2015,100,approx_from_previous_land_use_grid,1987-2015,persistent new sugarcane entries weighted by grid-cell overlap,1022217.0079255368
75717355000871,1023309.2388361088,2006.4253490489607,1987.0,2015.0,29.0,pre_renovabio_1985_2015,100,approx_from_previous_land_use_grid,1987-2015,persistent new sugarcane entries weighted by grid-cell overlap,1023309.2388361088
75717355001096,938409.5374827362,2005.986320421489,1987.0,2015.0,29.0,pre_renovabio_1985_2015,100,approx_from_previous_land_use_grid,1987-2015,persistent new sugarcane entries weighted by grid-cell overlap,938409.5374827362
75717355001177,827537.983321927,2006.366639668772,1987.0,2015.0,29.0,pre_renovabio_1985_2015,100,approx_from_previous_land_use_grid,1987-2015,persistent new sugarcane entries weighted by grid-cell overlap,827537.983321927
78340270000210,1105671.761594516,2005.6146243699284,1987.0,2015.0,29.0,pre_renovabio_1985_2015,100,approx_from_previous_land_use_grid,1987-2015,persistent new sugarcane entries weighted by grid-cell overlap,1105671.761594516
00297598000122,91902.91324273191,2005.834348706489,1989.0,2015.0,27.0,pre_renovabio_1985_2015,150,approx_from_previous_land_use_grid,1987-2015,persistent new sugarcane entries weighted by grid-cell overlap,91902.91324273191
00372496000124,2445167.341376323,2001.455290225439,1987.0,2015.0,29.0,pre_renovabio_1985_2015,150,approx_from_previous_land_use_grid,1987-2015,persistent new sugarcane entries weighted by grid-cell overlap,2445167.341376323
00595322000120,719662.5457482979,2009.1774460768916,1987.0,2015.0,29.0,pre_renovabio_1985_2015,150,approx_from_previous_land_use_grid,1987-2015,persistent new sugarcane entries weighted by grid-cell overlap,719662.5457482979
01105558000102,62686.339765785495,2011.2134582258636,1987.0,2015.0,29.0,pre_renovabio_1985_2015,150,approx_from_previous_land_use_grid,1987-2015,persistent new sugarcane entries weighted by grid-cell overlap,62686.339765785495
02043917000107,678882.4441519864,2010.449278481139,1987.0,2015.0,29.0,pre_renovabio_1985_2015,150,approx_from_previous_land_use_grid,1987-2015,persistent new sugarcane entries weighted by grid-cell overlap,678882.4441519864
02414858000470,213971.035105947,2006.5684080763192,1987.0,2015.0,29.0,pre_renovabio_1985_2015,150,approx_from_previous_land_use_grid,1987-2015,persistent new sugarcane entries weighted by grid-cell overlap,213971.035105947
02460988000105,221413.6718702728,2006.440666357843,1987.0,2015.0,29.0,pre_renovabio_1985_2015,150,approx_from_previous_land_use_grid,1987-2015,persistent new sugarcane entries weighted by grid-cell overlap,221413.6718702728
02635522000195,212675.6180496737,2006.5331421783308,1987.0,2015.0,29.0,pre_renovabio_1985_2015,150,approx_from_previous_land_use_grid,1987-2015,persistent new sugarcane entries weighted by grid-cell overlap,212675.6180496737
02635522004930,217984.0682398113,2006.502327458929,1987.0,2015.0,29.0,pre_renovabio_1985_2015,150,approx_from_previous_land_use_grid,1987-2015,persistent new sugarcane entries weighted by grid-cell overlap,217984.0682398113
02678100000105,33662.5999858918,2011.29917480206,1987.0,2015.0,29.0,pre_renovabio_1985_2015,150,approx_from_previous_land_use_grid,1987-2015,persistent new sugarcane entries weighted by grid-cell overlap,33662.5999858918
02773950000184,1126323.739605179,2009.4062043604604,1987.0,2015.0,29.0,pre_renovabio_1985_2015,150,approx_from_previous_land_use_grid,1987-2015,persistent new sugarcane entries weighted by grid-cell overlap,1126323.739605179
02783009000141,283546.7184001589,2007.404662899152,1987.0,2015.0,29.0,pre_renovabio_1985_2015,150,approx_from_previous_land_use_grid,1987-2015,persistent new sugarcane entries weighted by grid-cell overlap,283546.7184001589
02859452000230,1151043.5701870464,2009.9057676502985,1987.0,2015.0,29.0,pre_renovabio_1985_2015,150,approx_from_previous_land_use_grid,1987-2015,persistent new sugarcane entries weighted by grid-cell overlap,1151043.5701870464
02896264000109,267438.902171405,2006.6400330283943,1987.0,2015.0,29.0,pre_renovabio_1985_2015,150,approx_from_previous_land_use_grid,1987-2015,persistent new sugarcane entries weighted by grid-cell overlap,267438.902171405
03345641000338,2268084.858787576,2004.247212811648,1987.0,2015.0,29.0,pre_renovabio_1985_2015,150,approx_from_previous_land_use_grid,1987-2015,persistent new sugarcane entries weighted by grid-cell overlap,2268084.858787576
03347747000109,242543.10491655327,2006.2864907181383,1987.0,2015.0,29.0,pre_renovabio_1985_2015,150,approx_from_previous_land_use_grid,1987-2015,persistent new sugarcane entries weighted by grid-cell overlap,242543.10491655327
03445208000455,2461795.444970362,2004.251364231148,1987.0,2015.0,29.0,pre_renovabio_1985_2015,150,approx_from_previous_land_use_grid,1987-2015,persistent new sugarcane entries weighted by grid-cell overlap,2461795.444970362
03937452000435,1518324.238280066,2009.1339401290727,1987.0,2015.0,29.0,pre_renovabio_1985_2015,150,approx_from_previous_land_use_grid,1987-2015,persistent new sugarcane entries weighted by grid-cell overlap,1518324.238280066
04165520000105,123457.10254767643,2006.018032013292,1988.0,2015.0,28.0,pre_renovabio_1985_2015,150,approx_from_previous_land_use_grid,1987-2015,persistent new sugarcane entries weighted by grid-cell overlap,123457.10254767643
04165520000296,71051.22851951646,2006.5003978322368,1988.0,2015.0,28.0,pre_renovabio_1985_2015,150,approx_from_previous_land_use_grid,1987-2015,persistent new sugarcane entries weighted by grid-cell overlap,71051.22851951646
04171382000177,3971127.032011228,2004.3316243145491,1987.0,2015.0,29.0,pre_renovabio_1985_2015,150,approx_from_previous_land_use_grid,1987-2015,persistent new sugarcane entries weighted by grid-cell overlap,3971127.032011228
04248044000277,4008191.619493784,2003.8415990188696,1987.0,2015.0,29.0,pre_renovabio_1985_2015,150,approx_from_previous_land_use_grid,1987-2015,persistent new sugarcane entries weighted by grid-cell overlap,4008191.619493784
04969941000199,3473287.4488723576,2001.97238670445,1987.0,2015.0,29.0,pre_renovabio_1985_2015,150,approx_from_previous_land_use_grid,1987-2015,persistent new sugarcane entries weighted by grid-cell overlap,3473287.4488723576
05242560000176,3948889.120374077,2003.871684682049,1987.0,2015.0,29.0,pre_renovabio_1985_2015,150,approx_from_previous_land_use_grid,1987-2015,persistent new sugarcane entries weighted by grid-cell overlap,3948889.120374077
05553456000100,2655167.648059508,2006.754074810792,1987.0,2015.0,29.0,pre_renovabio_1985_2015,150,approx_from_previous_land_use_grid,1987-2015,persistent new sugarcane entries weighted by grid-cell overlap,2655167.648059508
05620523000235,772318.9064563389,2009.7649362798325,1987.0,2015.0,29.0,pre_renovabio_1985_2015,150,approx_from_previous_land_use_grid,1987-2015,persistent new sugarcane entries weighted by grid-cell overlap,772318.9064563389
05643160000172,413248.6376990079,2012.0999366861795,1987.0,2015.0,29.0,pre_renovabio_1985_2015,150,approx_from_previous_land_use_grid,1987-2015,persistent new sugarcane entries weighted by grid-cell overlap,413248.6376990079
05928246000141,3915854.9877267983,2004.302798389317,1987.0,2015.0,29.0,pre_renovabio_1985_2015,150,approx_from_previous_land_use_grid,1987-2015,persistent new sugarcane entries weighted by grid-cell overlap,3915854.9877267983
05938884000143,2329509.5822852044,2005.5627864406968,1987.0,2015.0,29.0,pre_renovabio_1985_2015,150,approx_from_previous_land_use_grid,1987-2015,persistent new sugarcane entries weighted by grid-cell overlap,2329509.5822852044
05980986000127,1551806.8242064796,2004.1285546315592,1987.0,2015.0,29.0,pre_renovabio_1985_2015,150,approx_from_previous_land_use_grid,1987-2015,persistent new sugarcane entries weighted by grid-cell overlap,1551806.8242064796
06044698000808,8829.174133693947,2010.1462575173096,1990.0,2015.0,18.0,pre_renovabio_1985_2015,150,approx_from_previous_land_use_grid,1987-2015,persistent new sugarcane entries weighted by grid-cell overlap,8829.174133693947
06059962000100,3188907.414710473,2006.3054714018515,1987.0,2015.0,29.0,pre_renovabio_1985_2015,150,approx_from_previous_land_use_grid,1987-2015,persistent new sugarcane entries weighted by grid-cell overlap,3188907.414710473
06252818003799,1162863.1968304384,1998.9872244396925,1987.0,2015.0,29.0,pre_renovabio_1985_2015,150,approx_from_previous_land_use_grid,1987-2015,persistent new sugarcane entries weighted by grid-cell overlap,1162863.1968304384
06315338002324,3724731.173061543,2004.7044495063744,1987.0,2015.0,29.0,pre_renovabio_1985_2015,150,approx_from_previous_land_use_grid,1987-2015,persistent new sugarcane entries weighted by grid-cell overlap,3724731.173061543
06315338002405,3450441.101299924,2005.1047142527948,1987.0,2015.0,29.0,pre_renovabio_1985_2015,150,approx_from_previous_land_use_grid,1987-2015,persistent new sugarcane entries weighted by grid-cell overlap,3450441.101299924
06315338015060,3990903.572192499,2003.581764728164,1987.0,2015.0,29.0,pre_renovabio_1985_2015,150,approx_from_previous_land_use_grid,1987-2015,persistent new sugarcane entries weighted by grid-cell overlap,3990903.572192499
06315338015140,4026341.035086189,2002.9496803781717,1987.0,2015.0,29.0,pre_renovabio_1985_2015,150,approx_from_previous_land_use_grid,1987-2015,persistent new sugarcane entries weighted by grid-cell overlap,4026341.035086189
07130855000186,916037.269488006,2009.0046958413495,1987.0,2015.0,29.0,pre_renovabio_1985_2015,150,approx_from_previous_land_use_grid,1987-2015,persistent new sugarcane entries weighted by grid-cell overlap,916037.269488006
07280328000158,3044980.516037089,2001.954176909455,1987.0,2015.0,29.0,pre_renovabio_1985_2015,150,approx_from_previous_land_use_grid,1987-2015,persistent new sugarcane entries weighted by grid-cell overlap,3044980.516037089
07280328001715,1687828.6161713027,1999.5970644797508,1987.0,2015.0,29.0,pre_renovabio_1985_2015,150,approx_from_previous_land_use_grid,1987-2015,persistent new sugarcane entries weighted by grid-cell overlap,1687828.6161713027
07280328001804,2198098.7388197235,1999.247585016545,1987.0,2015.0,29.0,pre_renovabio_1985_2015,150,approx_from_previous_land_use_grid,1987-2015,persistent new sugarcane entries weighted by grid-cell overlap,2198098.7388197235
07298800000180,2264873.933315141,2004.7082598606585,1987.0,2015.0,29.0,pre_renovabio_1985_2015,150,approx_from_previous_land_use_grid,1987-2015,persistent new sugarcane entries weighted by grid-cell overlap,2264873.933315141
07300906000170,743395.4337167465,2009.6475584942395,1987.0,2015.0,29.0,pre_renovabio_1985_2015,150,approx_from_previous_land_use_grid,1987-2015,persistent new sugarcane entries weighted by grid-cell overlap,743395.4337167465
07398533000112,3328274.2443761686,2005.612852855432,1987.0,2015.0,29.0,pre_renovabio_1985_2015,150,approx_from_previous_land_use_grid,1987-2015,persistent new sugarcane entries weighted by grid-cell overlap,3328274.2443761686
07455944000100,3694833.797278709,2004.2912921035384,1987.0,2015.0,29.0,pre_renovabio_1985_2015,150,approx_from_previous_land_use_grid,1987-2015,persistent new sugarcane entries weighted by grid-cell overlap,3694833.797278709
07458537000149,3092088.063668491,2003.336883713217,1987.0,2015.0,29.0,pre_renovabio_1985_2015,150,approx_from_previous_land_use_grid,1987-2015,persistent new sugarcane entries weighted by grid-cell overlap,3092088.063668491
07459492000127,68070.2379817343,2011.829112855607,1987.0,2015.0,29.0,pre_renovabio_1985_2015,150,approx_from_previous_land_use_grid,1987-2015,persistent new sugarcane entries weighted by grid-cell overlap,68070.2379817343
07670089000142,8531.10349317341,2011.1585121945811,1988.0,2015.0,26.0,pre_renovabio_1985_2015,150,approx_from_previous_land_use_grid,1987-2015,persistent new sugarcane entries weighted by grid-cell overlap,8531.10349317341
07674341000191,1765312.6395834158,2004.6921857247817,1987.0,2015.0,29.0,pre_renovabio_1985_2015,150,approx_from_previous_land_use_grid,1987-2015,persistent new sugarcane entries weighted by grid-cell overlap,1765312.6395834158
07863768000138,808053.9295259304,2009.831067912609,1987.0,2015.0,29.0,pre_renovabio_1985_2015,150,approx_from_previous_land_use_grid,1987-2015,persistent new sugarcane entries weighted by grid-cell overlap,808053.9295259304
07895728000682,216893.39781346745,2012.3036072512475,1987.0,2015.0,29.0,pre_renovabio_1985_2015,150,approx_from_previous_land_use_grid,1987-2015,persistent new sugarcane entries weighted by grid-cell overlap,216893.39781346745
07903169000109,897724.144416281,2009.4290460307336,1987.0,2015.0,29.0,pre_renovabio_1985_2015,150,approx_from_previous_land_use_grid,1987-2015,persistent new sugarcane entries weighted by grid-cell overlap,897724.144416281
07903169001768,1002822.0576651152,2009.2880957667203,1987.0,2015.0,29.0,pre_renovabio_1985_2015,150,approx_from_previous_land_use_grid,1987-2015,persistent new sugarcane entries weighted by grid-cell overlap,1002822.0576651152
07912062000119,1479807.7080573875,2007.924586061065,1987.0,2015.0,29.0,pre_renovabio_1985_2015,150,approx_from_previous_land_use_grid,1987-2015,persistent new sugarcane entries weighted by grid-cell overlap,1479807.7080573875
07930999000206,355680.29108777246,2005.2686869124032,1987.0,2015.0,29.0,pre_renovabio_1985_2015,150,approx_from_previous_land_use_grid,1987-2015,persistent new sugarcane entries weighted by grid-cell overlap,355680.29108777246
07969961000239,3323984.41163794,2003.3875589526024,1987.0,2015.0,29.0,pre_renovabio_1985_2015,150,approx_from_previous_land_use_grid,1987-2015,persistent new sugarcane entries weighted by grid-cell overlap,3323984.41163794
07981751000185,1493494.9019454564,2009.3618688929048,1987.0,2015.0,29.0,pre_renovabio_1985_2015,150,approx_from_previous_land_use_grid,1987-2015,persistent new sugarcane entries weighted by grid-cell overlap,1493494.9019454564
07987748000179,167371.1442793222,2007.0426608975963,1987.0,2015.0,29.0,pre_renovabio_1985_2015,150,approx_from_previous_land_use_grid,1987-2015,persistent new sugarcane entries weighted by grid-cell overlap,167371.1442793222
07996345000196,1052144.9110312206,2009.2897106972453,1987.0,2015.0,29.0,pre_renovabio_1985_2015,150,approx_from_previous_land_use_grid,1987-2015,persistent new sugarcane entries weighted by grid-cell overlap,1052144.9110312206
08048772000105,866238.2518432629,2010.271816732031,1987.0,2015.0,29.0,pre_renovabio_1985_2015,150,approx_from_previous_land_use_grid,1987-2015,persistent new sugarcane entries weighted by grid-cell overlap,866238.2518432629
08056257000177,3528188.3227232746,2005.063124725322,1987.0,2015.0,29.0,pre_renovabio_1985_2015,150,approx_from_previous_land_use_grid,1987-2015,persistent new sugarcane entries weighted by grid-cell overlap,3528188.3227232746
08057019000186,1500693.34217419,2009.0842285130825,1987.0,2015.0,29.0,pre_renovabio_1985_2015,150,approx_from_previous_land_use_grid,1987-2015,persistent new sugarcane entries weighted by grid-cell overlap,1500693.34217419
08070508000330,1850471.439042148,2000.453855261676,1987.0,2015.0,29.0,pre_renovabio_1985_2015,150,approx_from_previous_land_use_grid,1987-2015,persistent new sugarcane entries weighted by grid-cell overlap,1850471.439042148
08070508006532,3261585.9768335083,2001.0955928296275,1987.0,2015.0,29.0,pre_renovabio_1985_2015,150,approx_from_previous_land_use_grid,1987-2015,persistent new sugarcane entries weighted by grid-cell overlap,3261585.9768335083
08070508006613,3528311.3995685354,2004.5778034075704,1987.0,2015.0,29.0,pre_renovabio_1985_2015,150,approx_from_previous_land_use_grid,1987-2015,persistent new sugarcane entries weighted by grid-cell overlap,3528311.3995685354
08070508006702,3140548.2199294264,2004.1150913854103,1987.0,2015.0,29.0,pre_renovabio_1985_2015,150,approx_from_previous_land_use_grid,1987-2015,persistent new sugarcane entries weighted by grid-cell overlap,3140548.2199294264
08070508006885,2196547.792967723,2004.6704765098984,1987.0,2015.0,29.0,pre_renovabio_1985_2015,150,approx_from_previous_land_use_grid,1987-2015,persistent new sugarcane entries weighted by grid-cell overlap,2196547.792967723
08070508006966,1501005.105334528,2001.8813934290756,1987.0,2015.0,29.0,pre_renovabio_1985_2015,150,approx_from_previous_land_use_grid,1987-2015,persistent new sugarcane entries weighted by grid-cell overlap,1501005.105334528
08070508008314,3265535.363300653,2004.3227916924025,1987.0,2015.0,29.0,pre_renovabio_1985_2015,150,approx_from_previous_land_use_grid,1987-2015,persistent new sugarcane entries weighted by grid-cell overlap,3265535.363300653
08070508009477,1142859.5145418027,1998.7061373688891,1987.0,2015.0,29.0,pre_renovabio_1985_2015,150,approx_from_previous_land_use_grid,1987-2015,persistent new sugarcane entries weighted by grid-cell overlap,1142859.5145418027
08070508009558,2010652.1430951303,2000.724527526316,1987.0,2015.0,29.0,pre_renovabio_1985_2015,150,approx_from_previous_land_use_grid,1987-2015,persistent new sugarcane entries weighted by grid-cell overlap,2010652.1430951303
08070508009710,2687403.00750589,2004.217083216364,1987.0,2015.0,29.0,pre_renovabio_1985_2015,150,approx_from_previous_land_use_grid,1987-2015,persistent new sugarcane entries weighted by grid-cell overlap,2687403.00750589
08070508012265,965047.1215141404,1998.4977367876493,1987.0,2015.0,29.0,pre_renovabio_1985_2015,150,approx_from_previous_land_use_grid,1987-2015,persistent new sugarcane entries weighted by grid-cell overlap,965047.1215141404
08070508012427,2598737.182436873,2003.339806446716,1987.0,2015.0,29.0,pre_renovabio_1985_2015,150,approx_from_previous_land_use_grid,1987-2015,persistent new sugarcane entries weighted by grid-cell overlap,2598737.182436873
08070508012508,2192090.409929153,1999.30500328821,1987.0,2015.0,29.0,pre_renovabio_1985_2015,150,approx_from_previous_land_use_grid,1987-2015,persistent new sugarcane entries weighted by grid-cell overlap,2192090.409929153
08070508015795,2246109.850012479,2000.29104570231,1987.0,2015.0,29.0,pre_renovabio_1985_2015,150,approx_from_previous_land_use_grid,1987-2015,persistent new sugarcane entries weighted by grid-cell overlap,2246109.850012479
08070508015876,1814766.2622624857,1999.56178862495,1987.0,2015.0,29.0,pre_renovabio_1985_2015,150,approx_from_previous_land_use_grid,1987-2015,persistent new sugarcane entries weighted by grid-cell overlap,1814766.2622624857
08070508016414,2504996.96332346,1999.8177258047492,1987.0,2015.0,29.0,pre_renovabio_1985_2015,150,approx_from_previous_land_use_grid,1987-2015,persistent new sugarcane entries weighted by grid-cell overlap,2504996.96332346
08070508016767,493075.4624042256,2010.8972351867328,1987.0,2015.0,29.0,pre_renovabio_1985_2015,150,approx_from_previous_land_use_grid,1987-2015,persistent new sugarcane entries weighted by grid-cell overlap,493075.4624042256
08070566001173,288669.5949084565,2012.1601238456967,1987.0,2015.0,29.0,pre_renovabio_1985_2015,150,approx_from_previous_land_use_grid,1987-2015,persistent new sugarcane entries weighted by grid-cell overlap,288669.5949084565
08070566001254,227436.02708940377,2012.3753723430189,1987.0,2015.0,29.0,pre_renovabio_1985_2015,150,approx_from_previous_land_use_grid,1987-2015,persistent new sugarcane entries weighted by grid-cell overlap,227436.02708940377
08070566001688,223081.12525487773,2012.3765589137124,1987.0,2015.0,29.0,pre_renovabio_1985_2015,150,approx_from_previous_land_use_grid,1987-2015,persistent new sugarcane entries weighted by grid-cell overlap,223081.12525487773
08070566001769,207627.13869963825,2012.414412671487,1987.0,2015.0,29.0,pre_renovabio_1985_2015,150,approx_from_previous_land_use_grid,1987-2015,persistent new sugarcane entries weighted by grid-cell overlap,207627.13869963825
08110543000173,3061982.5953298854,2004.5431163370788,1987.0,2015.0,29.0,pre_renovabio_1985_2015,150,approx_from_previous_land_use_grid,1987-2015,persistent new sugarcane entries weighted by grid-cell overlap,3061982.5953298854
08164344000148,1959584.4574159028,2008.621437115835,1987.0,2015.0,29.0,pre_renovabio_1985_2015,150,approx_from_previous_land_use_grid,1987-2015,persistent new sugarcane entries weighted by grid-cell overlap,1959584.4574159028
08195806000194,1055620.496341613,2009.4833261780311,1987.0,2015.0,29.0,pre_renovabio_1985_2015,150,approx_from_previous_land_use_grid,1987-2015,persistent new sugarcane entries weighted by grid-cell overlap,1055620.496341613
08322396000103,271370.33169754624,2012.323271322479,1987.0,2015.0,29.0,pre_renovabio_1985_2015,150,approx_from_previous_land_use_grid,1987-2015,persistent new sugarcane entries weighted by grid-cell overlap,271370.33169754624
08355201000113,1266283.4054621924,2007.582996626261,1987.0,2015.0,29.0,pre_renovabio_1985_2015,150,approx_from_previous_land_use_grid,1987-2015,persistent new sugarcane entries weighted by grid-cell overlap,1266283.4054621924
08391345000397,3450074.1035889736,2004.5986947165347,1987.0,2015.0,29.0,pre_renovabio_1985_2015,150,approx_from_previous_land_use_grid,1987-2015,persistent new sugarcane entries weighted by grid-cell overlap,3450074.1035889736
08493354000127,2164703.88041478,2005.085644153405,1987.0,2015.0,29.0,pre_renovabio_1985_2015,150,approx_from_previous_land_use_grid,1987-2015,persistent new sugarcane entries weighted by grid-cell overlap,2164703.88041478
08517600000133,1213411.9806506531,2009.342087553159,1987.0,2015.0,29.0,pre_renovabio_1985_2015,150,approx_from_previous_land_use_grid,1987-2015,persistent new sugarcane entries weighted by grid-cell overlap,1213411.9806506531
08598391000108,1063085.8566229225,2010.127898323711,1987.0,2015.0,29.0,pre_renovabio_1985_2015,150,approx_from_previous_land_use_grid,1987-2015,persistent new sugarcane entries weighted by grid-cell overlap,1063085.8566229225
08657268000102,1592151.3733087813,2001.2198449669072,1987.0,2015.0,29.0,pre_renovabio_1985_2015,150,approx_from_previous_land_use_grid,1987-2015,persistent new sugarcane entries weighted by grid-cell overlap,1592151.3733087813
08704527000109,1274175.2091636225,2009.5689220584293,1987.0,2015.0,29.0,pre_renovabio_1985_2015,150,approx_from_previous_land_use_grid,1987-2015,persistent new sugarcane entries weighted by grid-cell overlap,1274175.2091636225
08793343000162,69299.63005414643,2011.7284465306489,1987.0,2015.0,29.0,pre_renovabio_1985_2015,150,approx_from_previous_land_use_grid,1987-2015,persistent new sugarcane entries weighted by grid-cell overlap,69299.63005414643
08830263000130,755997.8868345419,2010.0566764027803,1987.0,2015.0,29.0,pre_renovabio_1985_2015,150,approx_from_previous_land_use_grid,1987-2015,persistent new sugarcane entries weighted by grid-cell overlap,755997.8868345419
08906558000142,698271.1277740254,2010.014402643537,1987.0,2015.0,29.0,pre_renovabio_1985_2015,150,approx_from_previous_land_use_grid,1987-2015,persistent new sugarcane entries weighted by grid-cell overlap,698271.1277740254
09022388000104,1051039.3528386,2010.2885686069087,1987.0,2015.0,29.0,pre_renovabio_1985_2015,150,approx_from_previous_land_use_grid,1987-2015,persistent new sugarcane entries weighted by grid-cell overlap,1051039.3528386
09075242000119,64619.951888873176,2005.4966691348448,1989.0,2015.0,27.0,pre_renovabio_1985_2015,150,approx_from_previous_land_use_grid,1987-2015,persistent new sugarcane entries weighted by grid-cell overlap,64619.951888873176
09538989000166,699577.3351652913,2010.2045553352327,1987.0,2015.0,29.0,pre_renovabio_1985_2015,150,approx_from_previous_land_use_grid,1987-2015,persistent new sugarcane entries weighted by grid-cell overlap,699577.3351652913
09538989000409,2685862.8037299914,2002.8924251084688,1987.0,2015.0,29.0,pre_renovabio_1985_2015,150,approx_from_previous_land_use_grid,1987-2015,persistent new sugarcane entries weighted by grid-cell overlap,2685862.8037299914
09538989000670,2534214.528348419,2002.757129900776,1987.0,2015.0,29.0,pre_renovabio_1985_2015,150,approx_from_previous_land_use_grid,1987-2015,persistent new sugarcane entries weighted by grid-cell overlap,2534214.528348419
09538989000751,2263274.451782961,2002.79327919882,1987.0,2015.0,29.0,pre_renovabio_1985_2015,150,approx_from_previous_land_use_grid,1987-2015,persistent new sugarcane entries weighted by grid-cell overlap,2263274.451782961
10249419000216,1342541.2609958427,2009.6592220543448,1987.0,2015.0,29.0,pre_renovabio_1985_2015,150,approx_from_previous_land_use_grid,1987-2015,persistent new sugarcane entries weighted by grid-cell overlap,1342541.2609958427
10249419000305,1281255.7481232288,2009.471593016312,1987.0,2015.0,29.0,pre_renovabio_1985_2015,150,approx_from_previous_land_use_grid,1987-2015,persistent new sugarcane entries weighted by grid-cell overlap,1281255.7481232288
10452413000160,70421.21046612102,2011.6425665085992,1987.0,2015.0,29.0,pre_renovabio_1985_2015,150,approx_from_previous_land_use_grid,1987-2015,persistent new sugarcane entries weighted by grid-cell overlap,70421.21046612102
10921675000127,133.57188833399738,2000.7978669900392,1989.0,2015.0,24.0,pre_renovabio_1985_2015,150,approx_from_previous_land_use_grid,1987-2015,persistent new sugarcane entries weighted by grid-cell overlap,133.57188833399738
11092881000134,1130597.2423323032,2009.4013193453595,1987.0,2015.0,29.0,pre_renovabio_1985_2015,150,approx_from_previous_land_use_grid,1987-2015,persistent new sugarcane entries weighted by grid-cell overlap,1130597.2423323032
12229415001001,2386757.183279837,2007.5579118430453,1987.0,2015.0,29.0,pre_renovabio_1985_2015,150,approx_from_previous_land_use_grid,1987-2015,persistent new sugarcane entries weighted by grid-cell overlap,2386757.183279837
12229415001435,3346974.355755051,2004.6581000685571,1987.0,2015.0,29.0,pre_renovabio_1985_2015,150,approx_from_previous_land_use_grid,1987-2015,persistent new sugarcane entries weighted by grid-cell overlap,3346974.355755051
12229415001605,1778687.4240407478,2008.3697544789256,1987.0,2015.0,29.0,pre_renovabio_1985_2015,150,approx_from_previous_land_use_grid,1987-2015,persistent new sugarcane entries weighted by grid-cell overlap,1778687.4240407478
12282034001762,2047932.951543055,2004.402289250105,1987.0,2015.0,29.0,pre_renovabio_1985_2015,150,approx_from_previous_land_use_grid,1987-2015,persistent new sugarcane entries weighted by grid-cell overlap,2047932.951543055
13537735000281,3105374.2089563743,2003.6987611433972,1987.0,2015.0,29.0,pre_renovabio_1985_2015,150,approx_from_previous_land_use_grid,1987-2015,persistent new sugarcane entries weighted by grid-cell overlap,3105374.2089563743
13537735000362,2553657.751862664,2003.3457682589776,1987.0,2015.0,29.0,pre_renovabio_1985_2015,150,approx_from_previous_land_use_grid,1987-2015,persistent new sugarcane entries weighted by grid-cell overlap,2553657.751862664
15009178000170,143644.85432661368,2006.303478748266,1989.0,2015.0,27.0,pre_renovabio_1985_2015,150,approx_from_previous_land_use_grid,1987-2015,persistent new sugarcane entries weighted by grid-cell overlap,143644.85432661368
15043391000107,99199.32750023264,2006.4308145098903,1989.0,2015.0,27.0,pre_renovabio_1985_2015,150,approx_from_previous_land_use_grid,1987-2015,persistent new sugarcane entries weighted by grid-cell overlap,99199.32750023264
15444904000183,1639232.0995926964,2006.2556697704297,1987.0,2015.0,29.0,pre_renovabio_1985_2015,150,approx_from_previous_land_use_grid,1987-2015,persistent new sugarcane entries weighted by grid-cell overlap,1639232.0995926964
15527906000721,623241.8792345369,2010.195580692897,1987.0,2015.0,29.0,pre_renovabio_1985_2015,150,approx_from_previous_land_use_grid,1987-2015,persistent new sugarcane entries weighted by grid-cell overlap,623241.8792345369
15527906002937,167858.04157764692,2006.1028396304048,1987.0,2015.0,29.0,pre_renovabio_1985_2015,150,approx_from_previous_land_use_grid,1987-2015,persistent new sugarcane entries weighted by grid-cell overlap,167858.04157764692
15527906003585,719066.1753888899,2010.129498581808,1987.0,2015.0,29.0,pre_renovabio_1985_2015,150,approx_from_previous_land_use_grid,1987-2015,persistent new sugarcane entries weighted by grid-cell overlap,719066.1753888899
15527906003666,1359588.1164355364,1998.629617061384,1987.0,2015.0,29.0,pre_renovabio_1985_2015,150,approx_from_previous_land_use_grid,1987-2015,persistent new sugarcane entries weighted by grid-cell overlap,1359588.1164355364
16617789000164,84750.28606431691,2010.029152883484,1987.0,2015.0,29.0,pre_renovabio_1985_2015,150,approx_from_previous_land_use_grid,1987-2015,persistent new sugarcane entries weighted by grid-cell overlap,84750.28606431691
19537471000161,3405713.3138499497,2004.1470099704857,1987.0,2015.0,29.0,pre_renovabio_1985_2015,150,approx_from_previous_land_use_grid,1987-2015,persistent new sugarcane entries weighted by grid-cell overlap,3405713.3138499497
19818301000155,1088110.7198177625,2009.3294027065149,1987.0,2015.0,29.0,pre_renovabio_1985_2015,150,approx_from_previous_land_use_grid,1987-2015,persistent new sugarcane entries weighted by grid-cell overlap,1088110.7198177625
21783238000100,70480.17082114788,2011.638319843684,1987.0,2015.0,29.0,pre_renovabio_1985_2015,150,approx_from_previous_land_use_grid,1987-2015,persistent new sugarcane entries weighted by grid-cell overlap,70480.17082114788
22587687000146,652850.856001543,2000.6851088520157,1987.0,2015.0,29.0,pre_renovabio_1985_2015,150,approx_from_previous_land_use_grid,1987-2015,persistent new sugarcane entries weighted by grid-cell overlap,652850.856001543
23796998000188,824.6230846867833,2007.2716038742324,1988.0,2015.0,21.0,pre_renovabio_1985_2015,150,approx_from_previous_land_use_grid,1987-2015,persistent new sugarcane entries weighted by grid-cell overlap,824.6230846867833
23858708000183,785629.5494328061,2009.3216186262616,1987.0,2015.0,29.0,pre_renovabio_1985_2015,150,approx_from_previous_land_use_grid,1987-2015,persistent new sugarcane entries weighted by grid-cell overlap,785629.5494328061
28144326000101,1713485.158999286,2008.3052956792064,1987.0,2015.0,29.0,pre_renovabio_1985_2015,150,approx_from_previous_land_use_grid,1987-2015,persistent new sugarcane entries weighted by grid-cell overlap,1713485.158999286
33664228000135,134181.57696050257,2006.054018195632,1989.0,2015.0,27.0,pre_renovabio_1985_2015,150,approx_from_previous_land_use_grid,1987-2015,persistent new sugarcane entries weighted by grid-cell overlap,134181.57696050257
35637796000172,3577242.0197649384,2002.91303573292,1987.0,2015.0,29.0,pre_renovabio_1985_2015,150,approx_from_previous_land_use_grid,1987-2015,persistent new sugarcane entries weighted by grid-cell overlap,3577242.0197649384
37216363000250,1092846.1951099308,2008.6360293984112,1987.0,2015.0,29.0,pre_renovabio_1985_2015,150,approx_from_previous_land_use_grid,1987-2015,persistent new sugarcane entries weighted by grid-cell overlap,1092846.1951099308
38278706000192,1589000.2962787042,1998.79055683004,1987.0,2015.0,29.0,pre_renovabio_1985_2015,150,approx_from_previous_land_use_grid,1987-2015,persistent new sugarcane entries weighted by grid-cell overlap,1589000.2962787042
43533819000399,3890095.366846919,2003.086283000127,1987.0,2015.0,29.0,pre_renovabio_1985_2015,150,approx_from_previous_land_use_grid,1987-2015,persistent new sugarcane entries weighted by grid-cell overlap,3890095.366846919
43545284000104,3134391.2756159524,2005.5849781132608,1987.0,2015.0,29.0,pre_renovabio_1985_2015,150,approx_from_previous_land_use_grid,1987-2015,persistent new sugarcane entries weighted by grid-cell overlap,3134391.2756159524
43619832001760,3175512.4193571345,2003.9055312903265,1987.0,2015.0,29.0,pre_renovabio_1985_2015,150,approx_from_previous_land_use_grid,1987-2015,persistent new sugarcane entries weighted by grid-cell overlap,3175512.4193571345
43932102000581,3614850.845664348,2003.133959213871,1987.0,2015.0,29.0,pre_renovabio_1985_2015,150,approx_from_previous_land_use_grid,1987-2015,persistent new sugarcane entries weighted by grid-cell overlap,3614850.845664348
44207249000148,1349172.6751849886,1998.6539744932863,1987.0,2015.0,29.0,pre_renovabio_1985_2015,150,approx_from_previous_land_use_grid,1987-2015,persistent new sugarcane entries weighted by grid-cell overlap,1349172.6751849886
44209336003583,1256508.2914729104,1998.62157878052,1987.0,2015.0,29.0,pre_renovabio_1985_2015,150,approx_from_previous_land_use_grid,1987-2015,persistent new sugarcane entries weighted by grid-cell overlap,1256508.2914729104
44330975000153,3878591.085915701,2002.536487802734,1987.0,2015.0,29.0,pre_renovabio_1985_2015,150,approx_from_previous_land_use_grid,1987-2015,persistent new sugarcane entries weighted by grid-cell overlap,3878591.085915701
44330975002288,3547599.413657442,2005.092110655312,1987.0,2015.0,29.0,pre_renovabio_1985_2015,150,approx_from_previous_land_use_grid,1987-2015,persistent new sugarcane entries weighted by grid-cell overlap,3547599.413657442
44330975002520,2459491.593050914,2006.3999920573249,1987.0,2015.0,29.0,pre_renovabio_1985_2015,150,approx_from_previous_land_use_grid,1987-2015,persistent new sugarcane entries weighted by grid-cell overlap,2459491.593050914
44346583000182,3490761.491365341,2003.093543596392,1987.0,2015.0,29.0,pre_renovabio_1985_2015,150,approx_from_previous_land_use_grid,1987-2015,persistent new sugarcane entries weighted by grid-cell overlap,3490761.491365341
44373108000103,2685862.8037299914,2002.8924251084688,1987.0,2015.0,29.0,pre_renovabio_1985_2015,150,approx_from_previous_land_use_grid,1987-2015,persistent new sugarcane entries weighted by grid-cell overlap,2685862.8037299914
44691236000197,2404374.4501127345,2000.8766103179264,1987.0,2015.0,29.0,pre_renovabio_1985_2015,150,approx_from_previous_land_use_grid,1987-2015,persistent new sugarcane entries weighted by grid-cell overlap,2404374.4501127345
44836856000177,726096.6626524623,1999.101521705095,1987.0,2015.0,29.0,pre_renovabio_1985_2015,150,approx_from_previous_land_use_grid,1987-2015,persistent new sugarcane entries weighted by grid-cell overlap,726096.6626524623
44845915000173,3357962.703120126,2005.0426394496144,1987.0,2015.0,29.0,pre_renovabio_1985_2015,150,approx_from_previous_land_use_grid,1987-2015,persistent new sugarcane entries weighted by grid-cell overlap,3357962.703120126
44870939000182,3657210.565580541,2002.0044908315604,1987.0,2015.0,29.0,pre_renovabio_1985_2015,150,approx_from_previous_land_use_grid,1987-2015,persistent new sugarcane entries weighted by grid-cell overlap,3657210.565580541
45281813000135,2749094.674363729,2000.9156613924984,1987.0,2015.0,29.0,pre_renovabio_1985_2015,150,approx_from_previous_land_use_grid,1987-2015,persistent new sugarcane entries weighted by grid-cell overlap,2749094.674363729
45353547000109,2182565.8906335854,1999.315650268656,1987.0,2015.0,29.0,pre_renovabio_1985_2015,150,approx_from_previous_land_use_grid,1987-2015,persistent new sugarcane entries weighted by grid-cell overlap,2182565.8906335854
45483450000110,3636150.42784819,2003.7811762377305,1987.0,2015.0,29.0,pre_renovabio_1985_2015,150,approx_from_previous_land_use_grid,1987-2015,persistent new sugarcane entries weighted by grid-cell overlap,3636150.42784819
45483450002164,3513709.7700619786,2003.2164971715176,1987.0,2015.0,29.0,pre_renovabio_1985_2015,150,approx_from_previous_land_use_grid,1987-2015,persistent new sugarcane entries weighted by grid-cell overlap,3513709.7700619786
45765914000181,2565945.2595870625,1999.875347470344,1987.0,2015.0,29.0,pre_renovabio_1985_2015,150,approx_from_previous_land_use_grid,1987-2015,persistent new sugarcane entries weighted by grid-cell overlap,2565945.2595870625
45902707000121,3753394.89676072,2003.6463659143697,1987.0,2015.0,29.0,pre_renovabio_1985_2015,150,approx_from_previous_land_use_grid,1987-2015,persistent new sugarcane entries weighted by grid-cell overlap,3753394.89676072
45968162000156,3294798.860022259,2003.8263901318203,1987.0,2015.0,29.0,pre_renovabio_1985_2015,150,approx_from_previous_land_use_grid,1987-2015,persistent new sugarcane entries weighted by grid-cell overlap,3294798.860022259
47063128000168,4019917.545348677,2003.018089236328,1987.0,2015.0,29.0,pre_renovabio_1985_2015,150,approx_from_previous_land_use_grid,1987-2015,persistent new sugarcane entries weighted by grid-cell overlap,4019917.545348677
47080619001199,4070445.368003692,2003.6467473893688,1987.0,2015.0,29.0,pre_renovabio_1985_2015,150,approx_from_previous_land_use_grid,1987-2015,persistent new sugarcane entries weighted by grid-cell overlap,4070445.368003692
47080619003051,3878976.105677463,2004.4620021126989,1987.0,2015.0,29.0,pre_renovabio_1985_2015,150,approx_from_previous_land_use_grid,1987-2015,persistent new sugarcane entries weighted by grid-cell overlap,3878976.105677463
47080619003302,3751500.848806578,2003.178722122989,1987.0,2015.0,29.0,pre_renovabio_1985_2015,150,approx_from_previous_land_use_grid,1987-2015,persistent new sugarcane entries weighted by grid-cell overlap,3751500.848806578
47080619006158,3705717.725934786,2002.1400198347344,1987.0,2015.0,29.0,pre_renovabio_1985_2015,150,approx_from_previous_land_use_grid,1987-2015,persistent new sugarcane entries weighted by grid-cell overlap,3705717.725934786
47080619006239,3987313.838459682,2003.0489032052535,1987.0,2015.0,29.0,pre_renovabio_1985_2015,150,approx_from_previous_land_use_grid,1987-2015,persistent new sugarcane entries weighted by grid-cell overlap,3987313.838459682
47254396000167,960119.0556750898,1998.559409626144,1987.0,2015.0,29.0,pre_renovabio_1985_2015,150,approx_from_previous_land_use_grid,1987-2015,persistent new sugarcane entries weighted by grid-cell overlap,960119.0556750898
47524632000118,3510714.951443048,2002.693639766148,1987.0,2015.0,29.0,pre_renovabio_1985_2015,150,approx_from_previous_land_use_grid,1987-2015,persistent new sugarcane entries weighted by grid-cell overlap,3510714.951443048
47524632000894,3971292.74205526,2003.847371596956,1987.0,2015.0,29.0,pre_renovabio_1985_2015,150,approx_from_previous_land_use_grid,1987-2015,persistent new sugarcane entries weighted by grid-cell overlap,3971292.74205526
47902283000120,21531.186498816907,2012.4333191048388,1987.0,2015.0,29.0,pre_renovabio_1985_2015,150,approx_from_previous_land_use_grid,1987-2015,persistent new sugarcane entries weighted by grid-cell overlap,21531.186498816907
48295562001108,3137720.2443024283,2003.6659522341345,1987.0,2015.0,29.0,pre_renovabio_1985_2015,150,approx_from_previous_land_use_grid,1987-2015,persistent new sugarcane entries weighted by grid-cell overlap,3137720.2443024283
48295562001450,2223907.149556162,2004.6866272281056,1987.0,2015.0,29.0,pre_renovabio_1985_2015,150,approx_from_previous_land_use_grid,1987-2015,persistent new sugarcane entries weighted by grid-cell overlap,2223907.149556162
48295562001884,2449155.758661781,2004.269057194502,1987.0,2015.0,29.0,pre_renovabio_1985_2015,150,approx_from_previous_land_use_grid,1987-2015,persistent new sugarcane entries weighted by grid-cell overlap,2449155.758661781
48295562001965,2468724.1018238813,2003.7720766687692,1987.0,2015.0,29.0,pre_renovabio_1985_2015,150,approx_from_previous_land_use_grid,1987-2015,persistent new sugarcane entries weighted by grid-cell overlap,2468724.1018238813
48708267046156,3872606.267357883,2002.290589399568,1987.0,2015.0,29.0,pre_renovabio_1985_2015,150,approx_from_previous_land_use_grid,1987-2015,persistent new sugarcane entries weighted by grid-cell overlap,3872606.267357883
49049638000106,1954301.2787937296,1999.885724661998,1987.0,2015.0,29.0,pre_renovabio_1985_2015,150,approx_from_previous_land_use_grid,1987-2015,persistent new sugarcane entries weighted by grid-cell overlap,1954301.2787937296
49213747000117,3659093.587229813,2002.507318458128,1987.0,2015.0,29.0,pre_renovabio_1985_2015,150,approx_from_previous_land_use_grid,1987-2015,persistent new sugarcane entries weighted by grid-cell overlap,3659093.587229813
49213747011585,3659093.587229813,2002.507318458128,1987.0,2015.0,29.0,pre_renovabio_1985_2015,150,approx_from_previous_land_use_grid,1987-2015,persistent new sugarcane entries weighted by grid-cell overlap,3659093.587229813
49213747011828,3368782.793534827,2001.5030712955088,1987.0,2015.0,29.0,pre_renovabio_1985_2015,150,approx_from_previous_land_use_grid,1987-2015,persistent new sugarcane entries weighted by grid-cell overlap,3368782.793534827
49213747012980,3738506.162782788,2003.792767879928,1987.0,2015.0,29.0,pre_renovabio_1985_2015,150,approx_from_previous_land_use_grid,1987-2015,persistent new sugarcane entries weighted by grid-cell overlap,3738506.162782788
49605157000210,880171.631388728,2000.584301781546,1987.0,2015.0,29.0,pre_renovabio_1985_2015,150,approx_from_previous_land_use_grid,1987-2015,persistent new sugarcane entries weighted by grid-cell overlap,880171.631388728
49972326000170,3706606.3213183302,2004.6028388418044,1987.0,2015.0,29.0,pre_renovabio_1985_2015,150,approx_from_previous_land_use_grid,1987-2015,persistent new sugarcane entries weighted by grid-cell overlap,3706606.3213183302
49972326003861,585903.3692290743,2010.2161092306944,1987.0,2015.0,29.0,pre_renovabio_1985_2015,150,approx_from_previous_land_use_grid,1987-2015,persistent new sugarcane entries weighted by grid-cell overlap,585903.3692290743
49976251000103,3205741.427376833,2001.760887978064,1987.0,2015.0,29.0,pre_renovabio_1985_2015,150,approx_from_previous_land_use_grid,1987-2015,persistent new sugarcane entries weighted by grid-cell overlap,3205741.427376833
50227255000160,2331830.019437958,2002.791629594857,1987.0,2015.0,29.0,pre_renovabio_1985_2015,150,approx_from_previous_land_use_grid,1987-2015,persistent new sugarcane entries weighted by grid-cell overlap,2331830.019437958
50376938000189,3380586.871524277,2001.35178466606,1987.0,2015.0,29.0,pre_renovabio_1985_2015,150,approx_from_previous_land_use_grid,1987-2015,persistent new sugarcane entries weighted by grid-cell overlap,3380586.871524277
50376938000936,2102520.3691599783,2005.1392051890416,1987.0,2015.0,29.0,pre_renovabio_1985_2015,150,approx_from_previous_land_use_grid,1987-2015,persistent new sugarcane entries weighted by grid-cell overlap,2102520.3691599783
51466860000156,3233024.620197789,2001.0698851311497,1987.0,2015.0,29.0,pre_renovabio_1985_2015,150,approx_from_previous_land_use_grid,1987-2015,persistent new sugarcane entries weighted by grid-cell overlap,3233024.620197789
51466860002957,1258955.7594129385,1998.697736866052,1987.0,2015.0,29.0,pre_renovabio_1985_2015,150,approx_from_previous_land_use_grid,1987-2015,persistent new sugarcane entries weighted by grid-cell overlap,1258955.7594129385
51466860005034,2589223.885364872,1999.791879397252,1987.0,2015.0,29.0,pre_renovabio_1985_2015,150,approx_from_previous_land_use_grid,1987-2015,persistent new sugarcane entries weighted by grid-cell overlap,2589223.885364872
51466860006278,1340502.4633509305,2009.7359529027797,1987.0,2015.0,29.0,pre_renovabio_1985_2015,150,approx_from_previous_land_use_grid,1987-2015,persistent new sugarcane entries weighted by grid-cell overlap,1340502.4633509305
51843514000140,4069057.82827232,2002.653831547392,1987.0,2015.0,29.0,pre_renovabio_1985_2015,150,approx_from_previous_land_use_grid,1987-2015,persistent new sugarcane entries weighted by grid-cell overlap,4069057.82827232
51843514009600,3887153.423072911,2003.8606650595864,1987.0,2015.0,29.0,pre_renovabio_1985_2015,150,approx_from_previous_land_use_grid,1987-2015,persistent new sugarcane entries weighted by grid-cell overlap,3887153.423072911
51990778000126,3490761.491365341,2003.093543596392,1987.0,2015.0,29.0,pre_renovabio_1985_2015,150,approx_from_previous_land_use_grid,1987-2015,persistent new sugarcane entries weighted by grid-cell overlap,3490761.491365341
53009825000133,3123246.367827533,2002.6373106282936,1987.0,2015.0,29.0,pre_renovabio_1985_2015,150,approx_from_previous_land_use_grid,1987-2015,persistent new sugarcane entries weighted by grid-cell overlap,3123246.367827533
53172300000114,3530336.0444071176,2002.7061469731505,1987.0,2015.0,29.0,pre_renovabio_1985_2015,150,approx_from_previous_land_use_grid,1987-2015,persistent new sugarcane entries weighted by grid-cell overlap,3530336.0444071176
53408860000125,1807158.8278137308,2002.2000050064723,1987.0,2015.0,29.0,pre_renovabio_1985_2015,150,approx_from_previous_land_use_grid,1987-2015,persistent new sugarcane entries weighted by grid-cell overlap,1807158.8278137308
53811006000105,3693114.623599722,2002.2399972557528,1987.0,2015.0,29.0,pre_renovabio_1985_2015,150,approx_from_previous_land_use_grid,1987-2015,persistent new sugarcane entries weighted by grid-cell overlap,3693114.623599722
53811006000296,2000638.36505023,2004.255396841292,1987.0,2015.0,29.0,pre_renovabio_1985_2015,150,approx_from_previous_land_use_grid,1987-2015,persistent new sugarcane entries weighted by grid-cell overlap,2000638.36505023
54470679000101,2694107.0555724152,2001.654387633988,1987.0,2015.0,29.0,pre_renovabio_1985_2015,150,approx_from_previous_land_use_grid,1987-2015,persistent new sugarcane entries weighted by grid-cell overlap,2694107.0555724152
54844360000107,1643952.278535138,1998.7284786223208,1987.0,2015.0,29.0,pre_renovabio_1985_2015,150,approx_from_previous_land_use_grid,1987-2015,persistent new sugarcane entries weighted by grid-cell overlap,1643952.278535138
54846951000105,1687123.5550820527,1998.885884052308,1987.0,2015.0,29.0,pre_renovabio_1985_2015,150,approx_from_previous_land_use_grid,1987-2015,persistent new sugarcane entries weighted by grid-cell overlap,1687123.5550820527
55090971000161,3459985.742649295,2002.6757790400195,1987.0,2015.0,29.0,pre_renovabio_1985_2015,150,approx_from_previous_land_use_grid,1987-2015,persistent new sugarcane entries weighted by grid-cell overlap,3459985.742649295
55109474000168,3361720.893939179,2001.7023342681407,1987.0,2015.0,29.0,pre_renovabio_1985_2015,150,approx_from_previous_land_use_grid,1987-2015,persistent new sugarcane entries weighted by grid-cell overlap,3361720.893939179
55109565000101,3307913.94617437,2001.6169632763704,1987.0,2015.0,29.0,pre_renovabio_1985_2015,150,approx_from_previous_land_use_grid,1987-2015,persistent new sugarcane entries weighted by grid-cell overlap,3307913.94617437
56723257000207,1546669.8616567212,2001.0491259987384,1987.0,2015.0,29.0,pre_renovabio_1985_2015,150,approx_from_previous_land_use_grid,1987-2015,persistent new sugarcane entries weighted by grid-cell overlap,1546669.8616567212
60329174000124,1692378.8684069128,2000.4203353888036,1987.0,2015.0,29.0,pre_renovabio_1985_2015,150,approx_from_previous_land_use_grid,1987-2015,persistent new sugarcane entries weighted by grid-cell overlap,1692378.8684069128
60855574000335,1944334.3848827383,2000.830109715817,1987.0,2015.0,29.0,pre_renovabio_1985_2015,150,approx_from_previous_land_use_grid,1987-2015,persistent new sugarcane entries weighted by grid-cell overlap,1944334.3848827383
60855574000416,1804042.824373669,2000.759502881246,1987.0,2015.0,29.0,pre_renovabio_1985_2015,150,approx_from_previous_land_use_grid,1987-2015,persistent new sugarcane entries weighted by grid-cell overlap,1804042.824373669
60855574001307,2955737.597436109,2002.87991204656,1987.0,2015.0,29.0,pre_renovabio_1985_2015,150,approx_from_previous_land_use_grid,1987-2015,persistent new sugarcane entries weighted by grid-cell overlap,2955737.597436109
61082962000393,1522747.9988561266,2005.539490443438,1987.0,2015.0,29.0,pre_renovabio_1985_2015,150,approx_from_previous_land_use_grid,1987-2015,persistent new sugarcane entries weighted by grid-cell overlap,1522747.9988561266
61082962000474,1836427.2176734488,2006.9139064709373,1987.0,2015.0,29.0,pre_renovabio_1985_2015,150,approx_from_previous_land_use_grid,1987-2015,persistent new sugarcane entries weighted by grid-cell overlap,1836427.2176734488
61231478000206,1653320.2460187646,2002.211841958596,1987.0,2015.0,29.0,pre_renovabio_1985_2015,150,approx_from_previous_land_use_grid,1987-2015,persistent new sugarcane entries weighted by grid-cell overlap,1653320.2460187646
68316801000102,3374754.970618417,2003.999566577325,1987.0,2015.0,29.0,pre_renovabio_1985_2015,150,approx_from_previous_land_use_grid,1987-2015,persistent new sugarcane entries weighted by grid-cell overlap,3374754.970618417
68316801002571,3374754.970618417,2003.999566577325,1987.0,2015.0,29.0,pre_renovabio_1985_2015,150,approx_from_previous_land_use_grid,1987-2015,persistent new sugarcane entries weighted by grid-cell overlap,3374754.970618417
71304687000105,2520930.1921297438,2000.366943680779,1987.0,2015.0,29.0,pre_renovabio_1985_2015,150,approx_from_previous_land_use_grid,1987-2015,persistent new sugarcane entries weighted by grid-cell overlap,2520930.1921297438
71304687001845,2644835.041976937,2002.8749458909308,1987.0,2015.0,29.0,pre_renovabio_1985_2015,150,approx_from_previous_land_use_grid,1987-2015,persistent new sugarcane entries weighted by grid-cell overlap,2644835.041976937
71304687002817,2275215.0672816527,2004.2472911945945,1987.0,2015.0,29.0,pre_renovabio_1985_2015,150,approx_from_previous_land_use_grid,1987-2015,persistent new sugarcane entries weighted by grid-cell overlap,2275215.0672816527
71321566000163,3324246.2275335933,2001.4873001060892,1987.0,2015.0,29.0,pre_renovabio_1985_2015,150,approx_from_previous_land_use_grid,1987-2015,persistent new sugarcane entries weighted by grid-cell overlap,3324246.2275335933
71324784000151,3182949.716021396,2001.2317058180895,1987.0,2015.0,29.0,pre_renovabio_1985_2015,150,approx_from_previous_land_use_grid,1987-2015,persistent new sugarcane entries weighted by grid-cell overlap,3182949.716021396
71324792000440,3371098.141397748,2001.4284558907364,1987.0,2015.0,29.0,pre_renovabio_1985_2015,150,approx_from_previous_land_use_grid,1987-2015,persistent new sugarcane entries weighted by grid-cell overlap,3371098.141397748
75084871000130,1456573.441029405,2004.508129386197,1987.0,2015.0,29.0,pre_renovabio_1985_2015,150,approx_from_previous_land_use_grid,1987-2015,persistent new sugarcane entries weighted by grid-cell overlap,1456573.441029405
75177857000180,1240909.512123163,2004.7482464387583,1987.0,2015.0,29.0,pre_renovabio_1985_2015,150,approx_from_previous_land_use_grid,1987-2015,persistent new sugarcane entries weighted by grid-cell overlap,1240909.512123163
75444430000100,1622045.4529467642,2002.2885188613889,1987.0,2015.0,29.0,pre_renovabio_1985_2015,150,approx_from_previous_land_use_grid,1987-2015,persistent new sugarcane entries weighted by grid-cell overlap,1622045.4529467642
75619056000128,1817758.871702126,2002.6392644429936,1987.0,2015.0,29.0,pre_renovabio_1985_2015,150,approx_from_previous_land_use_grid,1987-2015,persistent new sugarcane entries weighted by grid-cell overlap,1817758.871702126
75717355000286,2138611.570295909,2005.0622858858849,1987.0,2015.0,29.0,pre_renovabio_1985_2015,150,approx_from_previous_land_use_grid,1987-2015,persistent new sugarcane entries weighted by grid-cell overlap,2138611.570295909
75717355000367,1174717.2366258735,2005.8757242159304,1987.0,2015.0,29.0,pre_renovabio_1985_2015,150,approx_from_previous_land_use_grid,1987-2015,persistent new sugarcane entries weighted by grid-cell overlap,1174717.2366258735
75717355000448,1172580.6984130982,2007.4059662681257,1987.0,2015.0,29.0,pre_renovabio_1985_2015,150,approx_from_previous_land_use_grid,1987-2015,persistent new sugarcane entries weighted by grid-cell overlap,1172580.6984130982
75717355000529,1810206.6236702844,2005.3048648745587,1987.0,2015.0,29.0,pre_renovabio_1985_2015,150,approx_from_previous_land_use_grid,1987-2015,persistent new sugarcane entries weighted by grid-cell overlap,1810206.6236702844
75717355000871,1983788.6623704575,2006.223989551656,1987.0,2015.0,29.0,pre_renovabio_1985_2015,150,approx_from_previous_land_use_grid,1987-2015,persistent new sugarcane entries weighted by grid-cell overlap,1983788.6623704575
75717355001096,1620190.5415425876,2005.9760039950213,1987.0,2015.0,29.0,pre_renovabio_1985_2015,150,approx_from_previous_land_use_grid,1987-2015,persistent new sugarcane entries weighted by grid-cell overlap,1620190.5415425876
75717355001177,1545597.896655373,2006.288636701763,1987.0,2015.0,29.0,pre_renovabio_1985_2015,150,approx_from_previous_land_use_grid,1987-2015,persistent new sugarcane entries weighted by grid-cell overlap,1545597.896655373
78340270000210,1776811.3374922485,2005.6904764659712,1987.0,2015.0,29.0,pre_renovabio_1985_2015,150,approx_from_previous_land_use_grid,1987-2015,persistent new sugarcane entries weighted by grid-cell overlap,1776811.3374922485
