cnpj_clean,buffer_km,prior_entry_area_total_ha,prior_pasture_area_ha,prior_pasture_share,prior_annual_agriculture_area_ha,prior_annual_agriculture_share,prior_perennial_agriculture_area_ha,prior_perennial_agriculture_share,prior_agricultural_mosaic_area_ha,prior_agricultural_mosaic_share,prior_forestry_area_ha,prior_forestry_share,prior_native_vegetation_area_ha,prior_native_vegetation_share,prior_other_uses_area_ha,prior_other_uses_share,prior_productive_share,source_method,origin_year_window
00297598000122,25,2516.837738484227,49.30889992806503,0.0195916086182661,2134.0904585529693,0.8479253254674382,0.0,0.0,233.40026935972344,0.0927355251357163,0.0,0.0,92.3837219090965,0.036706268543452,7.654388734372753,0.0030412722351273,0.9602524592214206,grid_intersection_approximation,1987-2015
00372496000124,25,88329.41983941021,7640.763078212628,0.0865030370640284,30412.52715897984,0.3443080144109651,131.74008778298293,0.0014914632975343,48886.8459468431,0.5534605122021995,28.610093853739084,0.0003239022050156,1193.723505731933,0.013514449748478,35.209968005988905,0.0003986210717788,0.9860869291797428,grid_intersection_approximation,1987-2015
00595322000120,25,21928.219796460067,1467.8185091380917,0.0669374223152873,17281.31465920521,0.7880856184228408,0.0,0.0,3129.6692241134897,0.1427233607271084,4.072289676187291,0.0001857099989869,42.462473583565455,0.00193643049813,2.882640743523716,0.0001314580376464,0.9979321114642234,grid_intersection_approximation,1987-2015
01105558000102,25,7040.848818497068,842.0881057965112,0.119600367442098,3544.7968301714445,0.5034615742435602,46.10000195364914,0.00654750629392,2584.6727748382345,0.3670967579999759,0.4550414290587249,6.4628774284044e-05,19.093665943571075,0.0027118414889707,3.642398364599198,0.000517323757191,0.9967708347538382,grid_intersection_approximation,1987-2015
02043917000107,25,11172.752409370938,278.2337264158567,0.0249028812437026,9869.009151099446,0.8833104672418945,0.0,0.0,1006.9965807938712,0.0901296783368502,2.738849414519553,0.0002451364994199,13.405077370381004,0.001199800808182,2.369024276864017,0.0002120358699506,0.9985881633218676,grid_intersection_approximation,1987-2015
02414858000470,25,27576.49652170245,13372.426951829111,0.4849211697833019,2642.483445686289,0.0958237549721618,0.0,0.0,11308.25275133897,0.4100685067967019,0.5213702653157389,1.890632716543326e-05,234.0631945822288,0.0084877785108787,18.748808000537725,0.00067988360979,0.990832337879331,grid_intersection_approximation,1987-2015
02460988000105,25,31289.127079375405,10125.366549533795,0.3236065526483815,5170.092248528992,0.1652360654042317,0.0,0.0,15442.399642289149,0.4935388450791325,8.417944681801865,0.0002690373771197,525.1862671811396,0.0167849446821839,17.664427160526923,0.0005645548089505,0.9826505005088656,grid_intersection_approximation,1987-2015
02635522000195,25,27559.107431053955,9070.718274487625,0.3291368669025406,5051.96327695183,0.1833137480809415,0.0,0.0,12982.997359583787,0.4710964385208782,6.991387866217456,0.0002536870210222,430.4779447228431,0.015620170058112,15.959187441653452,0.0005790894165052,0.9838007405253828,grid_intersection_approximation,1987-2015
02635522004930,25,36982.0175642577,14190.93314507325,0.3837252286308054,4995.414967965978,0.135076864297256,0.0,0.0,17259.97429728627,0.4667126196480868,6.697167923275844,0.0001810925515796,506.87038316569794,0.0137058607547571,22.127602843232435,0.0005983341175149,0.985695805127728,grid_intersection_approximation,1987-2015
02678100000105,25,6561.021526176158,25.254372702907624,0.0038491525446383,6412.792918574957,0.9774076937547268,0.0,0.0,118.58116180837258,0.0180735821907115,0.0,0.0,1.098116008923244,0.0001673696701865,3.2949570809969533,0.0005022018397365,0.9993304284900768,grid_intersection_approximation,1987-2015
02773950000184,25,43087.50883546168,1599.4736691245812,0.0371215164755171,34605.56697750202,0.803146153323701,0.0,0.0,6754.183302380541,0.1567550198405006,0.0,0.0,66.20110921167017,0.0015364338993111,62.08377724286528,0.0014408764609702,0.9970226896397189,grid_intersection_approximation,1987-2015
02783009000141,25,29268.3979663868,12202.685566179129,0.4169235904265502,2761.6990530907965,0.0943577115584686,0.0,0.0,13940.816572622822,0.4763095195245434,10.811093370050976,0.0003693776947568,347.1869265620478,0.011862177320425,5.198754561956689,0.0001776234752557,0.9879601992043192,grid_intersection_approximation,1987-2015
02859452000230,25,68924.8362274906,3777.134714982768,0.0548007789603751,51131.91826023912,0.741850413564642,0.0,0.0,13928.901578140798,0.2020882796466518,2.2085867353982382,3.204340925974295e-05,60.925989529102594,0.0008839482668919,23.747097863403734,0.0003445361521792,0.9987715155809288,grid_intersection_approximation,1987-2015
02896264000109,25,11626.659457447797,4620.583445055941,0.3974128133679955,1509.0469233083686,0.1297919603503742,0.0,0.0,5334.090008638495,0.4587809618197416,11.37967222377198,0.0009787568187939,143.62230023219337,0.0123528431152416,7.937107989026577,0.000682664527853,0.9869644923569052,grid_intersection_approximation,1987-2015
03345641000338,25,74096.92655094268,13681.10657424644,0.1846379763786894,39226.30892849236,0.5293918486824649,1135.109080191165,0.0153192464657864,20017.6789168251,0.2701553201813663,2.288234953355879,3.08816446223675e-05,22.91443196394252,0.0003092494254561,11.520384270310169,0.0001554772216144,0.9995352733529296,grid_intersection_approximation,1987-2015
03347747000109,25,22085.134679404862,10943.087822293232,0.4954956345590244,1930.7654451150324,0.087423756890898,0.0,0.0,9018.292439928176,0.4083421980821352,0.0,0.0,179.11255138877843,0.0081100955003822,13.876420679648463,0.0006283149675599,0.9912615895320576,grid_intersection_approximation,1987-2015
03445208000455,25,119901.4707396173,45795.50185038334,0.381942786588787,34352.851005982884,0.2865090043856498,1626.0198943718267,0.013561300660798,38067.32522045847,0.3174883926413793,5.589635073014365,4.661856971840682e-05,41.0112987905139,0.0003420416658572,13.171834557245086,0.00010985548781,0.9995481028463326,grid_intersection_approximation,1987-2015
03937452000435,25,82970.13078569407,7533.757637768581,0.0908008408137591,45567.24313378298,0.549200570160362,0.0,0.0,29237.506861898342,0.3523859319616687,0.0,0.0,103.59450059419376,0.0012485758382347,528.0286516499601,0.0063640812259754,0.9923873429357896,grid_intersection_approximation,1987-2015
04165520000105,25,3824.9446195078976,2106.837582437138,0.5508151861054122,1328.562850465572,0.3473417219401465,0.0,0.0,0.0,0.0,12.217712490710658,0.0031942194478838,377.3264741144774,0.0986488725065574,0.0,0.0,0.9013511274934426,grid_intersection_approximation,1987-2015
04165520000296,25,2511.958039915597,1552.2963344022762,0.6179626847805283,726.7598393361651,0.2893200554259992,0.0,0.0,0.0,0.0,8.508031515608092,0.0033870117973363,224.26024196972293,0.0892770653037095,0.133592691825187,5.318269242653264e-05,0.910669752003864,grid_intersection_approximation,1987-2015
04171382000177,25,177664.81464121537,84107.68972031178,0.4734065655609006,10326.253290838842,0.0581221065729427,749.3494134218089,0.0042177704962858,82137.65448847016,0.4623180715570653,11.035483834563497,6.211406494217253e-05,307.3407718729844,0.0017298910450763,25.491472465238772,0.0001434807027869,0.9981266282521368,grid_intersection_approximation,1987-2015
04248044000277,25,167005.32268928626,49489.795253028366,0.296336634402391,15607.939472999276,0.0934577366856616,3384.474334153413,0.0202656674628882,98128.08357609728,0.5875745874199756,1.1250300549152408,6.73649220754695e-06,322.6485189673733,0.0019319654833257,71.25650398565402,0.0004266720535502,0.997641362463124,grid_intersection_approximation,1987-2015
04969941000199,25,91699.16492947451,5782.086176596716,0.0630549490940696,19711.08172346872,0.2149537756273837,1172.5713866733506,0.0127871544694564,62439.23789891527,0.6809139205022975,117.2451374292267,0.0012785845707471,2205.4535832794804,0.0240509669305678,271.4890231117543,0.0029606488054777,0.9729883842639544,grid_intersection_approximation,1987-2015
05242560000176,25,188728.94380614703,40588.273135278745,0.215061200029652,35151.86586343646,0.186255828886229,5411.879287870315,0.0286754070611931,107074.79743544212,0.56734698597913,0.0,0.0,423.1083044580572,0.002241883496644,79.01977966136616,0.0004186945471518,0.9973394219562042,grid_intersection_approximation,1987-2015
05553456000100,25,55407.92276784731,20248.213893088603,0.3654389639894324,4371.139702510418,0.0788901565724631,83.15615958993314,0.0015007990813578,30677.16886055637,0.5536603310160192,0.4450034133095493,8.031404013719506e-06,24.294232916130024,0.0004384613553899,3.5049157725440105,6.325658132374311e-05,0.9994982820632864,grid_intersection_approximation,1987-2015
05620523000235,25,63038.15413095061,19433.09662805149,0.3082751532933955,17272.54220526048,0.2740013955576781,0.0,0.0,26287.33162634438,0.4170066841065349,0.0237010838682467,3.759799790300314e-07,43.06939637119744,0.0006832274352724,2.090573839189697,3.316362713995241e-05,0.9992836089375876,grid_intersection_approximation,1987-2015
05643160000172,25,6817.864922082137,770.0275543472123,0.1129426239955558,3718.8965210718015,0.5454635085284253,0.0,0.0,2292.689594697848,0.3362767700592216,0.0,0.0,35.0745671969002,0.0051445089625196,1.1766847683745825,0.0001725884542774,0.9946829025832028,grid_intersection_approximation,1987-2015
05928246000141,25,194311.8766954152,98239.97608652446,0.5055788547630369,15134.88177625585,0.0778896382127987,888.4809390776724,0.00457244793364,79666.04512209134,0.4099906113663255,7.24449984535401,3.728284636306508e-05,344.7628072737371,0.0017742755262157,30.48546434678302,0.0001568893516198,0.9980688351221644,grid_intersection_approximation,1987-2015
05938884000143,25,74611.5038724106,30261.55252673529,0.4055882934417734,4755.85367094469,0.0637415602703496,76.52207225796019,0.0010256068874957,39410.91807004281,0.5282150342048788,0.0,0.0,93.19394077340196,0.001249055922164,13.463591656455408,0.0001804492733383,0.9985704948044976,grid_intersection_approximation,1987-2015
05980986000127,25,79571.76869657688,3259.6951146164565,0.0409654726545834,65052.57450950566,0.8175333485116333,1.455932082728792,1.8297093385979052e-05,10901.802443048971,0.1370059082715596,17.08775946284739,0.0002147465079984,287.8592993202886,0.0036176058925867,51.29363853992051,0.0006446210682524,0.9957377730391608,grid_intersection_approximation,1987-2015
06044698000808,25,3046.1806800488253,768.6101174962943,0.252319280510956,927.165468523584,0.3043698210667934,6.660515160280372,0.0021865134934063,187.4985234540357,0.0615520033601652,2.281486945447583,0.0007489663894168,1153.9645684691832,0.3788234151792621,0.0,0.0,0.6211765848207378,grid_intersection_approximation,1987-2015
06059962000100,25,93792.63388852697,31017.50381184608,0.3307029830158149,13503.255833373909,0.1439692572171776,170.85140764848518,0.0018215866274908,48924.56797189853,0.5216248434823318,0.0,0.0,153.4724015897322,0.0016362948264373,22.982462170214447,0.0002450348307472,0.9981186703428152,grid_intersection_approximation,1987-2015
06252818003799,25,44632.58252018625,5013.466333391274,0.1123274982155424,14320.580878643164,0.3208548569235559,635.68500811535,0.0142426221433152,23923.02792033059,0.535999186457803,85.79294913764095,0.0019222044590146,614.4855694096086,0.0137676453996739,39.543861158621375,0.0008859864010946,0.9853463681992312,grid_intersection_approximation,1987-2015
06315338002324,25,148399.83035463802,67992.3043266045,0.4581696903838778,6371.577901119949,0.0429352101406955,452.5206541726732,0.0030493340396095,73394.0711840778,0.4945697782044935,25.79385943128723,0.0001738132676408,155.56599874338542,0.0010482895996014,7.996430488434318,5.388436408131245e-05,0.9988978260363172,grid_intersection_approximation,1987-2015
06315338002405,25,97756.72162037795,43617.51189281944,0.4461842742865378,4057.907735840434,0.0415102682309524,171.31030701409497,0.0017524146081673,49830.424377229705,0.5097391110427977,10.428060840193798,0.0001066735940745,65.42985807174442,0.0006693131376257,3.709388562355456,3.7945099844492046e-05,0.9992927417625298,grid_intersection_approximation,1987-2015
06315338015060,25,139116.3731613119,53546.63666259749,0.3849053525892864,3136.0665328231908,0.022542756553801,823.8003001178979,0.0059216631471743,81167.41864234621,0.5834497895386391,9.30112678933384,6.685860605745344e-05,381.2541633381363,0.0027405412797532,51.89573329964097,0.0003730382852884,0.9968864204349585,grid_intersection_approximation,1987-2015
06315338015140,25,107285.46595827886,14755.373605497984,0.1375337607354574,2032.314233702359,0.0189430526823892,1749.2127274387392,0.0163042841993059,88145.72358868188,0.8215998579244644,7.1744957005565215,6.687295093024565e-05,452.4112191817111,0.0042168919633312,143.2560880756224,0.0013352795441213,0.9944478284925472,grid_intersection_approximation,1987-2015
07130855000186,25,17496.676275132697,839.6026506643284,0.0479864082447259,13979.24549398421,0.798965773508214,0.0,0.0,2625.471204477832,0.1500554255672722,0.0,0.0,48.67862446880768,0.0027821640923877,3.6783015375202,0.0002102285874002,0.997007607320212,grid_intersection_approximation,1987-2015
07280328000158,25,90538.27476888504,26872.384352751364,0.296806896545664,6375.730221577586,0.070420275158244,937.4640483674318,0.0103543396509429,55951.76897595563,0.6179902269927544,43.49169553609694,0.0004803680614316,313.61019722309703,0.0034638410995089,43.82527747382783,0.000484052491454,0.996052106409037,grid_intersection_approximation,1987-2015
07280328001715,25,68427.76701640787,14198.063130024704,0.2074897917773677,3174.279161710868,0.0463887585422702,338.7539523813187,0.0049505334917635,49246.925750253904,0.7196921351889984,142.81841168338698,0.0020871411988227,1177.7137593745597,0.0172110505826116,149.21285097913346,0.0021805892181656,0.9806083601992228,grid_intersection_approximation,1987-2015
07280328001804,25,61333.99653592608,8069.044413472046,0.1315590841817334,4145.412296866887,0.0675875131410804,955.561169479342,0.0155796332123837,46909.194118895575,0.7648155471398109,123.1630462142312,0.0020080714313486,984.9405419882078,0.0160586395411439,146.6809490097929,0.0023915113524988,0.9815498491063572,grid_intersection_approximation,1987-2015
07298800000180,25,104922.7182575014,52421.71999143856,0.4996222063441508,14597.09011076816,0.1391223021399805,599.2343190155757,0.0057111970502416,37244.25755352497,0.354968477485687,9.756595355639906,9.298839677118604e-05,33.00936192920919,0.0003146064310705,17.6503254692761,0.0001682221520982,0.9995171714168312,grid_intersection_approximation,1987-2015
07300906000170,25,24687.75500059677,1195.33789741112,0.0484182501560885,20932.404492435457,0.8478861075836771,0.0,0.0,2522.3823886234163,0.1021713958422887,16.351895443182404,0.0006623484169697,18.40869693679493,0.0007456610346445,2.869629746801387,0.0001162369663313,0.9991381019990242,grid_intersection_approximation,1987-2015
07398533000112,25,128024.01980522714,46144.90159206989,0.3604394055293194,17214.91552993529,0.1344662943416842,287.68996452116204,0.0022471561583431,64171.67102888352,0.5012471185212967,1.3605537075057068,1.0627331570869456e-05,175.57752900014935,0.0013714420877212,27.903607109618157,0.0002179560300642,0.9984106018822144,grid_intersection_approximation,1987-2015
07455944000100,25,171748.38845346207,21810.56560518486,0.1269913843243703,80189.43318073727,0.4669006440340827,453.19303879452985,0.0026387032965804,68391.99220447635,0.3982103868357882,0.0425118365130287,2.475239325144992e-07,738.3689070867512,0.0042991315012357,164.79300534578516,0.0009595024840098,0.9947413660147542,grid_intersection_approximation,1987-2015
07458537000149,25,114690.61000780568,41546.874698119485,0.3622517544835786,14989.856834049337,0.1306982047878998,756.8856430672843,0.0065993688848265,57237.17948149188,0.4990572417183621,4.529298967416235,3.9491454157476165e-05,125.75638493078507,0.001096483704483,29.527667179493903,0.0002574549666924,0.9986460613288244,grid_intersection_approximation,1987-2015
07459492000127,25,3965.0212911043873,931.8537286881636,0.2350185939174646,2248.621435405565,0.5671145929154017,0.0,0.0,766.9106137798099,0.1934190405232856,0.2683573211945563,6.768118037515255e-05,17.098266820672446,0.0043122761683607,0.2688890889817311,6.781529511203122e-05,0.9956199085365272,grid_intersection_approximation,1987-2015
07670089000142,25,786.9273471074191,2.2569489822144995,0.0028680525470497,717.4256204275233,0.9116796144709296,0.0,0.0,36.076818045891855,0.0458451700509617,0.0,0.0,29.829723545150568,0.0379065788662681,1.3382361066389266,0.0017005840647907,0.9603928370689412,grid_intersection_approximation,1987-2015
07674341000191,25,70757.03214735129,5427.33300674408,0.076703796669166,51011.85998335151,0.7209440310769321,26.032746561987004,0.0003679174461101,13760.46216042383,0.1944748351198183,40.73368513048231,0.0005756839128816,438.5795369989069,0.0061983879720331,52.03102814049427,0.0007353478030584,0.9930662642249084,grid_intersection_approximation,1987-2015
07863768000138,25,22295.247844252717,8233.15703016298,0.369278560511061,6801.234546639988,0.3050531034304342,0.0,0.0,7254.529170484555,0.3253845492619017,0.4510118096987698,2.022905566465959e-05,5.377754451675173,0.0002412063094899,0.4983307038160481,2.2351431448406536e-05,0.9997364422590616,grid_intersection_approximation,1987-2015
07895728000682,25,21521.814582705418,7063.255716661637,0.3281905291730166,9400.941936469457,0.4368099121169783,0.0,0.0,5043.709137140644,0.2343533403170236,0.0,0.0,11.86016253774324,0.0005510763273313,2.0476298959399863,9.514206565023696e-05,0.9993537816070184,grid_intersection_approximation,1987-2015
07903169000109,25,79139.3100498773,28813.582959014515,0.3640868607630625,14222.76129006761,0.1797180349576431,0.0,0.0,36044.67908752016,0.455458596553383,0.0,0.0,56.329802635620766,0.0007117803099385,1.9569106394029163,2.4727415972790005e-05,0.9992634922740888,grid_intersection_approximation,1987-2015
07903169001768,25,55800.78586937393,25178.688700140025,0.4512246253857736,5759.102134151239,0.1032082621136004,0.0,0.0,24846.806476256534,0.445276999044804,0.0,0.0,15.188978906567645,0.0002722000894776,0.9995799195685644,1.791336634413209e-05,0.9997098865441784,grid_intersection_approximation,1987-2015
07912062000119,25,39431.4477242514,8833.549455116085,0.2240229554057995,18782.487763729798,0.4763326950376732,38.65150388883599,0.0009802202586912,11639.879444437724,0.2951927995603084,0.0,0.0,135.54771896253072,0.0034375536985208,1.3318381164283322,3.377603900678534e-05,0.9965286702624724,grid_intersection_approximation,1987-2015
07930999000206,25,6188.85215672176,948.1971003226244,0.1532104946622097,457.22361551557975,0.0738785810255599,19.68271858765709,0.0031803504251235,4757.978480742176,0.768798213344699,0.0842666939066517,1.3615884136952452e-05,5.601613276641633,0.0009051134418452,0.0843615831743695,1.3631216425608707e-05,0.9990812553417292,grid_intersection_approximation,1987-2015
07969961000239,25,67608.10429053899,34442.50422058761,0.5094434251931459,4502.262546828425,0.0665935333355954,280.6510271631864,0.0041511447497051,28304.94046980808,0.4186619454403049,2.4874846103920083,3.679269869337402e-05,68.60493610649961,0.0010147442651501,6.6536054347933575,9.841431740490994e-05,0.9988868414174448,grid_intersection_approximation,1987-2015
07981751000185,25,78520.01294887539,16674.746937955868,0.2123630181876414,24280.809676149387,0.3092308414666041,0.0,0.0,36956.39197102446,0.4706620717840033,0.0,0.0,16.669131340576996,0.0002122915001482,591.3952324051044,0.0075317770616029,0.9922559314382488,grid_intersection_approximation,1987-2015
07987748000179,25,5628.272354447292,3134.127801027468,0.5568543246758437,1737.2946854849818,0.3086728175320484,0.0,0.0,693.918215945116,0.1232915133179016,0.1584430706187405,2.8151279938246705e-05,58.03238751704177,0.0103108705233829,4.740821402065552,0.0008423226708848,0.988846806805732,grid_intersection_approximation,1987-2015
07996345000196,25,53776.53528399654,1337.180052661593,0.0248654928325129,48560.47905495166,0.9030049778867562,0.0,0.0,3838.0700735780138,0.0713707205811786,0.1353665559414005,2.517204859452604e-06,37.01156021809778,0.0006882473930802,3.659176031235503,6.804410161255672e-05,0.9992437085053072,grid_intersection_approximation,1987-2015
08048772000105,25,25238.23896153932,579.4195207705719,0.0229580012160734,20980.57888988492,0.8313012220011597,0.0,0.0,3637.771629640585,0.1441373003553934,7.904363466682026,0.0003131899764768,29.92821224898292,0.0011858280720216,2.6363455275807746,0.0001044583788749,0.9987097135491037,grid_intersection_approximation,1987-2015
08056257000177,25,128601.87530304004,25714.77799774001,0.1999564775952542,39204.70657248965,0.3048533038892854,181.82654583440257,0.0014138716516065,62774.95154982336,0.4881340291648097,0.0,0.0,609.6749310652405,0.0047407934731013,115.93770608737032,0.0009015242259428,0.994357682300956,grid_intersection_approximation,1987-2015
08057019000186,25,45826.66190822405,19480.33248652189,0.425087311083986,2064.494863273115,0.0450500817058774,0.0,0.0,24122.849654014608,0.5263933406785084,0.0,0.0,112.84345004940968,0.0024623973327011,46.14145436502919,0.0010068691989269,0.9965307334683718,grid_intersection_approximation,1987-2015
08070508000330,25,58687.32747157764,10755.478388102,0.1832674761567715,2020.963919024407,0.034436121154148,900.9739249668172,0.0153521034912206,43316.79967107686,0.7380946029967925,525.1877457113914,0.008948912283759,965.3506099770024,0.0164490470356572,202.5732127191656,0.0034517368816508,0.9800992160826918,grid_intersection_approximation,1987-2015
08070508006532,25,51671.62297255522,2890.7986647998378,0.0559455751241886,3431.2669408290235,0.0664052480536851,527.6454480194584,0.0102115129671795,43811.533277372335,0.8478838239828914,89.05670383720388,0.0017235128047846,810.0742642223877,0.0156773528219279,111.2476734749688,0.0021529742453426,0.9821696729327292,grid_intersection_approximation,1987-2015
08070508006613,25,93699.5646017892,40666.44522898975,0.4340089028355337,13877.207265279249,0.1481032203752018,147.31021257790513,0.0015721547181564,38815.53400406864,0.4142552227326727,0.0,0.0,30.22680130651529,0.0003225927616096,162.8410895671536,0.0017379065768256,0.9979395006615648,grid_intersection_approximation,1987-2015
08070508006702,25,118312.02630180656,59459.974073628735,0.5025691464530416,6322.853348526395,0.0534421862778107,458.1655588775413,0.0038725189078309,51810.895239236575,0.4379174024715815,0.918304015172537,7.761713190762205e-06,72.9614624441457,0.0006166867792292,186.25831507800768,0.001574297397315,0.9978090158234556,grid_intersection_approximation,1987-2015
08070508006885,25,147452.64402381194,69797.772592797,0.4733572127843665,13702.549276555352,0.0929284745436137,46.2062351285769,0.000313363218642,63686.79292016104,0.4319135363206938,17.851143069813396,0.0001210635671404,139.73562193917596,0.0009476644034718,61.73623416098363,0.0004186851620715,0.9986336504344568,grid_intersection_approximation,1987-2015
08070508006966,25,57345.575907405095,3579.471729926855,0.0624193178512421,21547.584796683732,0.3757497323154666,50.56481353052457,0.0008817561377737,31915.635581219343,0.5565492206888456,122.9609168512251,0.0021442092943624,112.7537035688795,0.0019662145123617,16.604365624532903,0.0002895491999477,0.9977442362876906,grid_intersection_approximation,1987-2015
08070508008314,25,130222.30855589354,67635.20769103017,0.5193826498783043,9090.01190740602,0.0698037994273802,410.63598363284245,0.0031533459066008,52797.10045847031,0.4054382159552097,0.0,0.0,65.26148037693437,0.0005011543805408,224.09103497726645,0.0017208344519639,0.9977780111674952,grid_intersection_approximation,1987-2015
08070508009477,25,53170.61733861201,8283.172423980684,0.1557847705854173,2784.3842535167423,0.0523669724536891,137.86740147986376,0.0025929245959637,41575.00334770669,0.7819168824567193,16.395536371793764,0.0003083570812687,165.6214283382932,0.0031149051229469,208.17294721794988,0.0039151877039948,0.9929699071730582,grid_intersection_approximation,1987-2015
08070508009558,25,56400.86119918252,9673.24736469702,0.1715088592448163,2416.0733458479485,0.0428375257837901,634.7945329087812,0.0112550503558265,42164.99737831031,0.7475949211024007,280.439421452723,0.0049722542438197,996.988328276124,0.017676828102947,234.3208276896108,0.0041545611663994,0.9781686107306534,grid_intersection_approximation,1987-2015
08070508009710,25,137919.38138675195,72856.9138401507,0.5282572551267916,10643.375940842678,0.0771709953584887,214.66735679779865,0.001556469835054,54036.14055582691,0.391795119819305,19.85122139103285,0.0001439335153002,55.3481935067727,0.0004013083074348,93.08427823607384,0.0006749180376255,0.9989237736549398,grid_intersection_approximation,1987-2015
08070508012265,25,50613.79627811102,5696.186004289801,0.1125421608960249,3368.559580814554,0.0665541774875985,47.92940255982737,0.0009469632014256,41080.97863809124,0.8116557472267213,45.94518941587324,0.0009077601917748,175.6829998971198,0.0034710496508063,198.5144630426017,0.0039221413456483,0.9926068090035454,grid_intersection_approximation,1987-2015
08070508012427,25,107204.39042244716,12774.943685529935,0.1191643703694343,38135.795010989255,0.3557297873782241,12.951436736308352,0.0001208106933426,55632.082590801685,0.5189347411200155,1.753460631872378,1.63562390025514e-05,516.6348244350387,0.004819157334874,130.22941332306632,0.0012147768651068,0.9939660658000192,grid_intersection_approximation,1987-2015
08070508012508,25,56537.72954107919,10510.313351162578,0.1858991055437766,2194.855207392741,0.0388210709062521,1167.2886654024164,0.0206461892770965,41571.59080873549,0.7352893571456632,121.278647032072,0.0021450922776082,853.2818566926019,0.0150922554481538,119.12100466128692,0.0021069294014492,0.9828008151503967,grid_intersection_approximation,1987-2015
08070508015795,25,72463.94458012556,14064.554009979352,0.1940903726877268,2879.075425474206,0.0397311441180341,1599.3131203755563,0.0220704673150541,52415.80227297715,0.723336309894356,158.70791390058918,0.0021901638783284,1137.865278789664,0.0157025026084729,208.6265586290535,0.0028790394980274,0.9814184578934996,grid_intersection_approximation,1987-2015
08070508015876,25,57505.12819916196,12955.676286890488,0.2252960160704292,1195.83795217197,0.0207953271233538,802.1794575752592,0.0139497029690466,41454.10693486474,0.7208766980101936,121.53933540837856,0.0021135390740707,838.855243944568,0.0145874858506409,136.93298830655635,0.002381230902265,0.983031283247094,grid_intersection_approximation,1987-2015
08070508016414,25,67554.42292048462,11109.863668173211,0.1644579760713839,3898.971354194373,0.057716004158361,2199.6654741161897,0.0325613835337668,49002.25105388043,0.7253744305026312,161.59877172178017,0.0023921271877637,1052.9798981497229,0.0155871348259334,129.09270024891794,0.0019109437201597,0.9825019214539068,grid_intersection_approximation,1987-2015
08070508016767,25,18203.485063338165,1361.957951369607,0.0748185276956988,13854.857048780024,0.761110139106479,0.0,0.0,2916.0330903249146,0.160190923890602,0.0,0.0,68.19290123670395,0.0037461453671882,2.4440716269165264,0.0001342639400319,0.9961195906927798,grid_intersection_approximation,1987-2015
08070566001173,25,5722.445908567321,479.1373633664828,0.0837294700591482,4645.954202295633,0.8118825894605617,0.0,0.0,589.4906087027258,0.1030137493864597,0.0,0.0,7.335318693028536,0.0012818502455473,0.5284155094504462,9.234084828295756e-05,0.9986258089061696,grid_intersection_approximation,1987-2015
08070566001254,25,15031.162866770552,1444.4751050293953,0.0960986929509427,10592.03992232976,0.7046720214671895,0.0,0.0,2773.50722573328,0.1845171428396057,0.2132408130971196,1.4186581237073272e-05,215.97957616144367,0.014368786904632,4.947796703574156,0.0003291692563928,0.9853020438389752,grid_intersection_approximation,1987-2015
08070566001688,25,16212.037022936303,4203.118623384488,0.2592591305730453,9770.417899552314,0.6026644206233566,0.0,0.0,2220.02551436465,0.1369368643325835,0.0,0.0,17.20128634476166,0.0010610194339197,1.27369929008779,7.856503709470923e-05,0.9988604155289854,grid_intersection_approximation,1987-2015
08070566001769,25,21868.026096883765,1862.5860489079944,0.0851739448570265,16297.698865351264,0.7452752613860159,0.0,0.0,3414.983523539648,0.1561633184636765,0.4726642708804858,2.161440034808818e-05,282.6366932245708,0.012924655017896,9.648301589405808,0.0004412058750369,0.986634139107067,grid_intersection_approximation,1987-2015
08110543000173,25,159890.03056464516,90605.9628958574,0.5666767501131004,11546.504207778084,0.0722152855121865,408.9762821021329,0.0025578598031274,56968.2862515039,0.3562966749729342,0.0,0.0,55.8001659546676,0.0003489909017942,304.50076144896934,0.001904438696857,0.9977465704013488,grid_intersection_approximation,1987-2015
08164344000148,25,42632.96920973217,7228.374750302698,0.169548940275373,17028.81949904588,0.3994284192422275,0.0,0.0,18155.12632233172,0.4258471004686041,0.0,0.0,83.21934971637053,0.0019519951638126,137.4292883354973,0.0032235448499825,0.9948244599862048,grid_intersection_approximation,1987-2015
08195806000194,25,53010.841638132064,1280.8604284043022,0.0241622352866577,46759.215048409336,0.882068905217574,0.0,0.0,4923.013410615553,0.0928680484686797,1.4732612002618712,2.7791696089618704e-05,42.70561998507606,0.0008056016215814,3.5738695175308672,6.741770941739002e-05,0.999126980669001,grid_intersection_approximation,1987-2015
08322396000103,25,23985.58171257192,3243.7304006173254,0.1352366784132294,17175.80526209566,0.7160887514807718,0.0,0.0,3517.326620058917,0.1466433735987035,0.0,0.0,47.25621148129035,0.0019701924284171,1.463218318729302,6.1004078878035445e-05,0.9979688034927048,grid_intersection_approximation,1987-2015
08355201000113,25,19381.625680102585,930.1040677147628,0.0479889604239761,15092.035918244272,0.7786775045262556,0.48970020176153,2.5266208822940085e-05,3315.9903277232024,0.1710893803468425,1.2515224426589666e-07,6.457262477955059e-12,31.658374534133635,0.0016334220388248,11.347291559297888,0.0005854664488205,0.9977811115123544,grid_intersection_approximation,1987-2015
08391345000397,25,106647.09701797472,50475.62076557632,0.473295778103261,13341.590904735864,0.1251003663277137,200.0104910543458,0.0018754424325364,42406.07117119307,0.3976298685752861,0.0,0.0,36.32828084491416,0.0003406401286177,187.4754045702057,0.0017579044325848,0.9979014554387976,grid_intersection_approximation,1987-2015
08493354000127,25,59601.91383427606,7298.959871773597,0.1224618372502006,35361.011658434545,0.5932865135296883,23.95798787909625,0.0004019667547205,16483.568505410338,0.2765610606270652,31.295197362083808,0.0005250703433634,351.63511420770834,0.0058997285755862,51.485499208695856,0.0008638229193755,0.993236448505038,grid_intersection_approximation,1987-2015
08517600000133,25,70783.17644305874,5397.926729282707,0.0762600239284973,43251.36950478258,0.6110402454116479,0.0,0.0,21951.359267963573,0.3101211385394983,0.0,0.0,155.5809529728496,0.0021979933762651,26.939988057031577,0.0003805987440914,0.9974214078796436,grid_intersection_approximation,1987-2015
08598391000108,25,44851.79751115744,19648.143992100664,0.438068150718217,2499.6797334309754,0.0557319856090304,0.0,0.0,22665.397778535316,0.5053397865023586,0.0,0.0,31.55049899077885,0.0007034388974696,7.025508099703819,0.0001566382729244,0.999139922829606,grid_intersection_approximation,1987-2015
08657268000102,25,46861.53156353286,6075.46507886625,0.1296471727696179,6740.935646117624,0.1438479584684199,470.0555083320047,0.0100307329412553,32534.512097931056,0.6942690734258686,427.34439967999737,0.0091193007445909,580.2204496490484,0.0123815938209874,32.99838295688057,0.0007041678292597,0.9869142383497528,grid_intersection_approximation,1987-2015
08704527000109,25,50044.60591017194,2238.3842117319714,0.0447277817663262,37468.679468490176,0.7487056554255809,0.0,0.0,9904.75802406897,0.1979185937011396,0.0,0.0,49.73276330886091,0.0009937687070236,383.0514425719609,0.0076542003999296,0.9913520308930468,grid_intersection_approximation,1987-2015
08793343000162,25,7907.547361649307,2043.1384800411877,0.2583782792057842,4368.79072539454,0.5524836622013383,0.0,0.0,1444.980787410409,0.1827343829034017,1.7811432090293509,0.0002252459742027,47.36566607719811,0.0059899313795976,1.4905595169446046,0.0001884983356753,0.9938215702847272,grid_intersection_approximation,1987-2015
08830263000130,25,24498.829081038337,4340.337204777834,0.1771650877852435,13664.022389786656,0.5577418555224898,0.0,0.0,6484.618087480585,0.2646909395559466,1.331256910671751,5.4339613794118846e-05,7.236281170836036,0.0002953725317605,1.283860911754293,5.240499076537412e-05,0.999652222477474,grid_intersection_approximation,1987-2015
08906558000142,25,45981.40455628054,12495.344310065551,0.271747773488986,12661.889285587044,0.2753697806270594,0.0,0.0,20748.715806278276,0.451241453072234,0.4516920766141484,9.823364052772338e-06,65.66420909921352,0.001428060098052,9.339253173843762,0.0002031093496157,0.998368830552332,grid_intersection_approximation,1987-2015
09022388000104,25,48501.603234139526,2224.9264407087867,0.0458732555698838,36140.22303211274,0.7451346063272853,0.0,0.0,10069.316701303102,0.2076079145815836,5.476828709350541,0.0001129205705409,58.861342395891135,0.0012135958086115,2.7988889096470517,5.770714209457218e-05,0.998728697049294,grid_intersection_approximation,1987-2015
09075242000119,25,0.0,0.0,0.0,0.0,0.0,0.0,0.0,0.0,0.0,0.0,0.0,0.0,0.0,0.0,0.0,0.0,grid_intersection_approximation,1987-2015
09538989000166,25,21373.22152672001,3099.2620251550243,0.1450067796883329,10628.716156069651,0.4972912549838135,0.0,0.0,7628.458729896847,0.3569166548131282,0.7702739643558232,3.603920744436468e-05,15.169611195139764,0.0007097484661437,0.8447304389923581,3.952284113727579e-05,0.999250728692719,grid_intersection_approximation,1987-2015
09538989000409,25,152865.8571979473,38501.65830324465,0.2518656488046806,38464.59368498888,0.2516231838165192,1196.2749354330438,0.0078256515703436,74560.72592779362,0.4877526433600166,7.539247141817865,4.931936588073574e-05,117.53473676388847,0.0007688750053041,17.530362581397455,0.0001146780772549,0.9991164469174408,grid_intersection_approximation,1987-2015
09538989000670,25,135577.35219624735,22572.803020941185,0.1664939066538723,62444.73628547032,0.4605838311038998,770.4025097070925,0.0056823835045247,49640.83228560336,0.3661439870410551,6.526888340311961,4.814143538416602e-05,117.4356671040111,0.0008661894129192,24.6155390810521,0.0001815608483445,0.998952249738736,grid_intersection_approximation,1987-2015
09538989000751,25,129450.49410387749,2347.451588071075,0.0181339716338769,106091.0187112136,0.8195489669284763,251.7798864330994,0.001944989767525,20607.34682440741,0.1591909476055847,5.816781763245128,4.493441144054232e-05,129.86439939846542,0.0010031974021996,17.21591259058458,0.0001329922508968,0.9988638103469036,grid_intersection_approximation,1987-2015
10249419000216,25,82946.38713267834,12223.679526092234,0.1473684382002031,41416.449097215474,0.4993158898044235,0.0,0.0,29000.127387618268,0.3496249612563668,0.0,0.0,41.64246293786306,0.0005020407081896,264.4886588145041,0.0031886700308168,0.9963092892609936,grid_intersection_approximation,1987-2015
10249419000305,25,70543.46593181131,5225.954907192761,0.0740813459923314,44177.846759944165,0.6262500172963904,0.0,0.0,20780.55310101857,0.2945779999115078,0.0,0.0,105.46032580424426,0.0014949694406308,253.65083785156892,0.0035956673591392,0.9949093632002296,grid_intersection_approximation,1987-2015
10452413000160,25,8594.36262796067,6306.430185364574,0.7337868389271127,475.6916394236508,0.0553492632340236,16.103515846811028,0.001873730088421,1720.103816756401,0.2001432673041117,11.10505983569417,0.0012921330314321,54.45044279087147,0.006335599874937,10.477967942667782,0.0012191675399614,0.9924452325851014,grid_intersection_approximation,1987-2015
10921675000127,25,0.0,0.0,0.0,0.0,0.0,0.0,0.0,0.0,0.0,0.0,0.0,0.0,0.0,0.0,0.0,0.0,grid_intersection_approximation,1987-2015
11092881000134,25,49726.63030953201,1175.2003674395123,0.0236332194665971,44055.07280860397,0.8859452678449263,0.0,0.0,4385.963486280529,0.0882015020720153,0.0,0.0,37.54220071589327,0.0007549717421471,72.85144649211236,0.0014650388743141,0.9977799893835388,grid_intersection_approximation,1987-2015
12229415001001,25,48282.92361672803,11253.161146388717,0.233067103303785,2125.618761271853,0.0440242346993133,13.663778148357382,0.0002829940095761,34841.559054285746,0.7216124551789691,0.0691004778113942,1.4311576979040649e-06,46.8416111690021,0.000970148608664,2.010164986548532,4.1633041994418345e-05,0.9989882183493416,grid_intersection_approximation,1987-2015
12229415001435,25,116093.86490004828,13663.933797614642,0.117697294421016,60329.86356749265,0.5196645285212446,79.85425587819944,0.0006878421693252,41511.49964162758,0.3575684182567887,0.0,0.0,404.505098279152,0.0034842934949871,104.20853915604344,0.0008976231366382,0.9956180833683744,grid_intersection_approximation,1987-2015
12229415001605,25,45890.5183962685,15420.495908807972,0.3360279301194788,1930.6880180800667,0.0420716105538057,0.0,0.0,28339.561486470848,0.6175472075027861,0.0,0.0,167.30387762578968,0.0036457177533081,32.469105283825904,0.0007075340706211,0.9956467481760708,grid_intersection_approximation,1987-2015
12282034001762,25,50450.75516842427,25628.422996292305,0.507988887594143,4999.627395336061,0.099099158746888,62.00149101540223,0.0012289507026885,19689.55945881537,0.3902728391891053,12.066065849730428,0.0002391652178336,46.31224631558153,0.0009179693378418,12.76551479981851,0.0002530292114994,0.9988290014506588,grid_intersection_approximation,1987-2015
13537735000281,25,153960.46786596827,11911.54158094019,0.0773675330170462,89308.86357230382,0.5800765924539311,28.255484462479423,0.0001835242829157,52105.93499264097,0.3384371047638169,2.606742481942036,1.6931245520839544e-05,439.4159472701702,0.0028540829562346,163.84954586868255,0.0010642312805344,0.9960816857632308,grid_intersection_approximation,1987-2015
13537735000362,25,104232.02881138751,12461.712720404068,0.1195574226320979,36774.77735703412,0.3528164785469129,13.83628121715272,0.0001327450053014,54353.72905964455,0.5214685896405223,2.560150384467359,2.45620315910771e-05,508.3342403062475,0.0048769485359063,117.07900239693868,0.0011232536076679,0.9939997978564256,grid_intersection_approximation,1987-2015
15009178000170,25,31261.48199056581,12888.327886010416,0.4122750127425147,16679.33177912727,0.5335425807439588,0.0,0.0,84.17794297807782,0.0026927048117386,27.023499088610173,0.0008644343571672,1580.9725514554357,0.0505725400968689,1.64833190599805,5.272724775157777e-05,0.9493747326553794,grid_intersection_approximation,1987-2015
15043391000107,25,9861.20464639422,33.92558526012966,0.003440308408216,9701.093865772877,0.9837635678030584,0.0,0.0,98.7714408125902,0.0100161637806296,0.0,0.0,25.855190475309957,0.0026219099392449,1.5585640733141746,0.0001580500688507,0.9972200399919042,grid_intersection_approximation,1987-2015
15444904000183,25,23650.91095263324,8081.951625035935,0.3417184074314105,600.3698374875719,0.0253846390394839,0.5274763985811631,2.230258274776664e-05,14656.012801571924,0.6196806892945558,0.0,0.0,304.2530116309996,0.0128643252786474,7.796200508227808,0.0003296363731545,0.986806038348198,grid_intersection_approximation,1987-2015
15527906000721,25,45488.42368451542,3467.468207765776,0.0762274866197688,16301.1214008899,0.3583575793689003,0.0,0.0,25649.03744431239,0.5638585681095717,0.0037146198824335,8.166077391901382e-08,65.28963225774292,0.0014353021487523,5.503284669730344,0.0001209820922329,0.9984437157590148,grid_intersection_approximation,1987-2015
15527906002937,25,23623.785751441435,4095.4694386930537,0.1733621140059299,1307.7010600984786,0.0553552709060903,3.616384810961015,0.0001530823572906,18182.16395305284,0.7696549631950261,0.7455195391307323,3.155800458803448e-05,33.36544824166051,0.0014123666965454,0.723947005309445,3.0644834529337555e-05,0.9985569884689252,grid_intersection_approximation,1987-2015
15527906003585,25,37638.65932694369,6993.987721316417,0.1858192572844846,13618.947744787562,0.3618340288501832,0.0,0.0,16983.810146020263,0.4512331323624584,0.0997749280406297,2.65086296443098e-06,35.526661530007885,0.0009438875391764,6.287278361400274,0.0001670431007328,0.9988890693600908,grid_intersection_approximation,1987-2015
15527906003666,25,50446.35630059591,4933.519418252068,0.0977973391944224,9025.889110573742,0.1789205360401247,765.5462655979524,0.0151754521384314,34743.36647795299,0.688719047832253,98.6961230193766,0.0019564569228999,747.9983488137215,0.0148275991303832,131.34055638605292,0.0026035687414851,0.9825688321281316,grid_intersection_approximation,1987-2015
16617789000164,25,3816.2682774252503,740.8611651847634,0.1941323595008382,250.91948635867263,0.0657499599393893,0.0,0.0,2811.0952541740653,0.736608395904139,1.0750613935109,0.000281704879049,6.946720055944751,0.0018202913293694,5.370590258293816,0.001407288447215,0.9967724202234156,grid_intersection_approximation,1987-2015
19537471000161,25,170627.93363698886,10924.848234586225,0.0640273137095409,113346.58360771896,0.6642909000402241,55.22816722364673,0.00032367600103,45872.29172981653,0.268843973856062,0.0,0.0,320.51085252295366,0.0018784195863547,108.47104512054744,0.000635716806788,0.9974858636068572,grid_intersection_approximation,1987-2015
19818301000155,25,47242.39807707232,3549.863976897858,0.0751414856440295,27903.825443735048,0.5906521806579783,0.0,0.0,15581.693961969417,0.3298243653200899,0.0,0.0,157.90812607744397,0.0033425086893309,49.10656839255634,0.0010394596885713,0.9956180316220978,grid_intersection_approximation,1987-2015
21783238000100,25,8434.055163345472,4295.4304963212335,0.50929599263107,1813.1258289018235,0.2149767571810171,36.023901933102735,0.0042712433385144,2226.696279514438,0.2640125344676061,7.348449095829369,0.000871283025011,47.98252650652224,0.0056891407012672,7.447681072523507,0.000883048655514,0.9934278106432188,grid_intersection_approximation,1987-2015
22587687000146,25,12941.245191527873,1456.3916463371877,0.1125387568802598,4000.166288978767,0.3091021172829273,10.091259732266831,0.0007797750203259,7327.102726278289,0.5661822040954032,2.1295580812263117,0.0001645558869884,73.58111705792395,0.0056857833978831,71.78259506221163,0.0055468074362121,0.9887674091659048,grid_intersection_approximation,1987-2015
23796998000188,25,409.7520765696145,320.19819828457685,0.7814437475588414,8.017128432195502,0.0195658030566037,0.0,0.0,81.53674985284215,0.1989904493845549,0.0,0.0,0.0,0.0,0.0,0.0,1.0,grid_intersection_approximation,1987-2015
23858708000183,25,20656.36881766337,2760.0972320312417,0.1336196722858215,7750.190467376241,0.3751961700426753,0.8112449287936432,3.927335612346074e-05,10135.497239397622,0.4906717791914475,0.0,0.0,9.410727852602392,0.0004555848094925,0.3619060768677367,1.7520314439693238e-05,0.9995268948760676,grid_intersection_approximation,1987-2015
28144326000101,25,60518.72114137128,6248.102716984217,0.1032424776853545,31966.69740991108,0.528211713780883,0.1998348344918941,3.3020333332074456e-06,22101.00522110704,0.3651928660137952,0.4001297889818349,6.611669602983427e-06,159.30389162579007,0.0026323076334289,43.0119371196834,0.0007107211836021,0.996656971182969,grid_intersection_approximation,1987-2015
33664228000135,25,18502.55964365931,9435.046676960525,0.509931969342082,7079.601552391414,0.3826282248909026,0.0,0.0,397.9133782660804,0.0215058557264233,30.35746506286015,0.0016407170492901,1557.8456907953882,0.0841962258626876,1.7948801830473002,9.700712861435864e-05,0.915706767008698,grid_intersection_approximation,1987-2015
35637796000172,25,87513.88062263906,42718.55081268671,0.4881345737242488,2662.3819832404824,0.0304223965878133,995.1548030676606,0.0113713938404672,40764.4555024216,0.4658055980650479,59.1324062415565,0.0006756917396514,253.86244704400173,0.002900824934717,60.34266793705158,0.0006895211080542,0.9964096539572288,grid_intersection_approximation,1987-2015
37216363000250,25,46952.62799054527,15358.799510370083,0.3271126701036382,8382.642126575454,0.1785340349482343,4.0094464353558905,8.539344030249516e-05,23133.02514339016,0.4926886126171339,0.0,0.0,73.54814931061416,0.0015664330721897,0.603614463603862,1.285581850126494e-05,0.998420711109309,grid_intersection_approximation,1987-2015
38278706000192,25,58107.3182425774,6119.700168739338,0.1053172019261285,8728.487289894752,0.1502132184702866,535.6564128855555,0.0092183984579942,41537.50392165682,0.714841179698786,69.08931592616696,0.0011889950872925,1011.8170959147792,0.0174129029959841,105.06403755998836,0.0018081033635278,0.980778993640488,grid_intersection_approximation,1987-2015
43533819000399,25,114906.10439682864,28765.1175896517,0.2503358523957201,2863.863094603741,0.0249235069767344,1564.7696748191854,0.0136178115430251,81154.73331682738,0.7062699909881133,9.83841404304152,8.562133486889889e-05,449.177548350041,0.0039090834269239,98.60475853357458,0.0008581333346141,0.995232783238462,grid_intersection_approximation,1987-2015
43545284000104,25,68951.6614459682,29236.469149328463,0.4240139909063497,4799.553321007897,0.0696075079317547,91.31081015929271,0.0013242728056791,34792.19040790846,0.5045881372296195,1.255712626098039,1.821149193166344e-05,26.75128835887632,0.0003879716282085,4.130756579108766,5.990800645675092e-05,0.9995521203653348,grid_intersection_approximation,1987-2015
43619832001760,25,100110.07383367416,49569.80504898418,0.4951530165819368,4555.411387290611,0.04550402584718,433.1230687577257,0.0043264683779709,45352.95786590493,0.4530309101684979,1.664921919913421,1.6630912915712875e-05,70.60232546220782,0.0007052469622538,126.50921535459248,0.0012637011492447,0.9980310518885014,grid_intersection_approximation,1987-2015
43932102000581,25,85198.4632542476,47427.40836761719,0.556669763233701,2998.6042102624583,0.0351955199158238,1074.4512928182437,0.012611158133356,33504.500583966124,0.3932524050813292,22.472117069148155,0.0002637620000502,107.773095253984,0.0012649652486379,63.25358726046,0.0007424263871016,0.9979926083642604,grid_intersection_approximation,1987-2015
44207249000148,25,50428.99658910752,4796.340965895941,0.0951107753536371,5403.092001402269,0.107142564136787,437.394078649579,0.0086734638448874,38865.97571621308,0.7707069016837822,41.25290240413929,0.0008180393264665,676.6915750047837,0.01341869996975,208.2493495377316,0.0041295556846894,0.9824517443455606,grid_intersection_approximation,1987-2015
44209336003583,25,49766.77109176632,3883.275690358301,0.0780294884552148,5231.0292068676135,0.1051108820626914,397.1012577245552,0.0079792449663316,39442.51644982839,0.7925472274883827,39.89488897646726,0.0008016370783409,539.9912522852492,0.0108504377607609,232.96234572574284,0.0046810821882773,0.9844684800509618,grid_intersection_approximation,1987-2015
44330975000153,25,107994.9324513322,12888.037390798096,0.1193392791518813,3861.1437793882887,0.0357530088842669,2074.456258937293,0.0192088296353363,88395.94011551618,0.8185193333525322,20.298533821104503,0.0001879582065598,631.3018514942479,0.0058456618024993,123.75452137697528,0.0011459289669239,0.9930084092305766,grid_intersection_approximation,1987-2015
44330975002288,25,147823.56429552304,50736.456586478926,0.3432230634423656,16734.791104920365,0.1132078717264916,511.505235454841,0.0034602415243638,79544.25908989397,0.5381027001275129,2.2227804345059594,1.5036712482877658e-05,252.6239632760012,0.0017089559738321,41.70553506444761,0.0002821304929508,0.9980089135332172,grid_intersection_approximation,1987-2015
44330975002520,25,37183.68329024325,16388.402031147612,0.4407417603905802,2746.3985120670127,0.0738603136926902,49.20285347374326,0.0013232377516149,17969.238503206634,0.4832560121315803,0.2480915471807981,6.672054116970595e-06,25.541659412172137,0.000686905038772,4.651639388893531,0.0001250989406451,0.9991879960205828,grid_intersection_approximation,1987-2015
44346583000182,25,152205.39457743953,10571.782772833829,0.0694573461222169,83004.96162253487,0.5453483554441518,632.1737230200426,0.0041534252105525,57067.77883432858,0.374939265410159,14.121589312582508,9.277982131834152e-05,770.4497216117421,0.0050619081127229,144.126313797883,0.0009469198788782,0.9939911720083988,grid_intersection_approximation,1987-2015
44373108000103,25,152865.8571979473,38501.65830324465,0.2518656488046806,38464.59368498888,0.2516231838165192,1196.2749354330438,0.0078256515703436,74560.72592779362,0.4877526433600166,7.539247141817865,4.931936588073574e-05,117.53473676388847,0.0007688750053041,17.530362581397455,0.0001146780772549,0.9991164469174408,grid_intersection_approximation,1987-2015
44691236000197,25,70812.15585416922,15236.740457204163,0.2151712551808584,4409.065536193315,0.0622642466255844,1199.1610948794946,0.0169343960851728,48826.73624547231,0.6895247808303739,139.43444664206092,0.0019690750120531,846.131225022913,0.0119489544530382,154.88684875497083,0.002187291812919,0.9858637537340428,grid_intersection_approximation,1987-2015
44836856000177,25,14956.411714094147,2843.1179108239594,0.1900935842883191,3373.303851042174,0.2255423236218716,31.561872219087885,0.0021102569802451,8522.69800190271,0.5698357443497868,4.217579348497309,0.0002819913913256,176.39574253832842,0.0117939881510551,5.116756219392091,0.0003421112173965,0.9878639006315484,grid_intersection_approximation,1987-2015
44845915000173,25,70912.66015358336,31410.09672326049,0.4429406068709337,2985.6499223118926,0.0421032001316202,15.956640593986815,0.0002250182204338,36470.07451666634,0.5142956763669433,0.2848890000376006,4.017463164131555e-06,20.954655615446,0.0002954994999491,9.642806135171236,0.0001359814469558,0.9995685190530952,grid_intersection_approximation,1987-2015
44870939000182,25,121820.18970779078,6132.560449701256,0.0503410843835605,17992.028615658877,0.1476933229115488,2468.06131874773,0.0202598709185058,92875.67173413683,0.7623996642667941,72.52576241665771,0.0005953509232798,2119.8908380200933,0.0174018021405569,159.4509891093105,0.0013089044557538,0.9812892934036892,grid_intersection_approximation,1987-2015
45281813000135,25,81467.23787383478,17014.93741593804,0.2088561961838994,5946.819767623078,0.0729964575064235,2536.1495014339293,0.0311309130838775,54792.087306980095,0.6725659140651672,125.94147646854888,0.0015459156313067,980.5944801108178,0.0120366727251687,70.70792528027332,0.0008679308041568,0.9870953964706743,grid_intersection_approximation,1987-2015
45353547000109,25,61387.31529659862,7137.54456281759,0.1162706746227924,4733.3116018123455,0.0771056948645319,697.2540929686055,0.0113582763735432,47446.51323697999,0.772904190511308,119.16630905649248,0.0019412204049114,1118.1686914034983,0.0182149795279523,135.3568015600997,0.0022049636949606,0.9795800567770871,grid_intersection_approximation,1987-2015
45483450000110,25,89608.21255680548,43904.28038369252,0.4899582206916604,10987.833598616471,0.1226208322328819,120.21496772308534,0.001341561942739,34498.91623306023,0.3849972591651716,1.318410306423737,1.4713052172399431e-05,43.43268403315349,0.0004846953509492,52.21627937359546,0.0005827175644251,0.9989325870846256,grid_intersection_approximation,1987-2015
45483450002164,25,74469.69001006384,42368.05258929369,0.568930159150227,3489.787818172625,0.0468618550406348,266.33368802212215,0.0035764038763439,28275.59554187005,0.3796926714485972,9.191179389219265,0.0001234217490092,34.572234189086686,0.0004642457110324,26.15695912705104,0.0003512430241554,0.9991845112648124,grid_intersection_approximation,1987-2015
45765914000181,25,42776.85157589748,4781.667630423613,0.1117816635462211,3000.320280990279,0.0701388758278976,265.6837039637014,0.0062109223604805,33349.15106112053,0.7796074239346552,142.13492045794743,0.003322706445699,1126.987210672712,0.0263457259979299,110.90676826869874,0.0025926818871164,0.9710615921149536,grid_intersection_approximation,1987-2015
45902707000121,25,101404.3610326851,54508.052900956034,0.5375316440620019,5359.835526244585,0.0528560652782672,1609.3593094095938,0.015870711013019,39699.21321757315,0.3914941410140845,14.62600153324198,0.0001442344430189,126.91793787597057,0.001251602362891,86.3561390925353,0.0008516018267173,0.9978967958103916,grid_intersection_approximation,1987-2015
45968162000156,25,96090.25682880435,46762.498872756114,0.4866518252320709,4607.189931519893,0.047946483686979,421.9307073318273,0.0043909832407206,44105.35149206148,0.4589992049936982,1.1517536380223707,1.1986164633469028e-05,73.03143184407675,0.0007600295207264,119.10263965295364,0.0012394871611712,0.9980004833181024,grid_intersection_approximation,1987-2015
47063128000168,25,110203.17236851102,18066.817955406896,0.1639409970431053,2125.8537089022,0.0192903131843928,1672.6843230093768,0.0151781866806524,87748.38731287856,0.7962419359349714,7.338411391712066,6.658983796920997e-05,446.6333556344659,0.0040528175916838,135.45730128780926,0.001229159727225,0.9947180226810912,grid_intersection_approximation,1987-2015
47080619001199,25,156020.95169259535,38591.15408703017,0.2473459728861638,15021.804026095197,0.0962806845050678,3436.836076218824,0.0220280419965027,98523.4728790883,0.6314759127556594,2.3521323675904373,1.50757468280593e-05,353.8001657155446,0.0022676452224995,91.53232607972905,0.0005866668872785,0.9971456878902218,grid_intersection_approximation,1987-2015
47080619003051,25,152899.34615960074,61223.73800449213,0.4004185730172124,5239.721055641951,0.0342690873914698,1194.8732924819733,0.007814770451894,84914.67082896204,0.5553632043679616,3.942820705850965,2.5787034443792425e-05,259.39164492638577,0.001696486292725,63.00851239041441,0.0004120914442933,0.9978914222629818,grid_intersection_approximation,1987-2015
47080619003302,25,186587.67764214336,16662.243129474853,0.0892998044674278,101075.94818597086,0.5417075203638286,1441.7059802923657,0.0077266944876039,66634.06148871793,0.3571193035400518,7.605120132790816,4.075896237572924e-05,663.0790956127956,0.0035537132140339,103.03464194177307,0.0005522049646782,0.995894081821288,grid_intersection_approximation,1987-2015
47080619006158,25,137714.59257260762,6837.014641697414,0.0496462612565383,20246.52435319641,0.1470180027764435,2964.31356582066,0.0215250505443551,105120.47666268983,0.7633212624672793,67.04216849376098,0.0004868196408337,2321.52102016533,0.0168574802190359,157.70016054420415,0.001145123095514,0.98199739668545,grid_intersection_approximation,1987-2015
47080619006239,25,191081.1739412336,15540.3675957308,0.0813286169181177,70579.41902230923,0.3693687743619144,2995.3153116166613,0.0156756170680522,100465.96100093056,0.5257763437848072,12.987464215639292,6.796830869185232e-05,1396.3330616490969,0.0073075386384141,90.79048478157456,0.0004751409200023,0.9922173204415836,grid_intersection_approximation,1987-2015
47254396000167,25,41573.52940968891,6396.511395541688,0.153860196292378,5024.79759348716,0.1208653117701406,6.69721056555174,0.0001610931441387,30011.73935614876,0.7218953931093081,12.504791473000957,0.0003007873435467,60.74263650090937,0.0014610892402787,60.53642597184218,0.0014561291002089,0.997082781659512,grid_intersection_approximation,1987-2015
47524632000118,25,98570.35090226072,31167.97575158608,0.3162003124295587,3465.451727442768,0.0351571410238663,1464.8833392151114,0.014861297802091,61950.70060876224,0.6284922397221718,30.0814137043204,0.000305177098681,417.4689801978083,0.004235238856071,73.78908135239618,0.00074859306756,0.995016168076369,grid_intersection_approximation,1987-2015
47524632000894,25,144257.9155497994,65800.60052269622,0.4561316463773603,6229.348559462086,0.0431820225304146,884.4871770603527,0.0061312904299869,70955.46727370308,0.4918653302543282,10.327088112491808,7.158767041054871e-05,333.3255810808952,0.0023106224695575,44.359347684275285,0.0003075002679417,0.9973818772625008,grid_intersection_approximation,1987-2015
47902283000120,25,2879.931630749664,4.60628500989769,0.0015994424870074,2711.134642003405,0.9413885430667952,0.0,0.0,160.1671688315948,0.0556149205493125,0.0,0.0,3.3297597976249125,0.0011561940436614,0.6937751071411765,0.0002408998532234,0.9986029061031152,grid_intersection_approximation,1987-2015
48295562001108,25,48209.15734495267,27574.837465025845,0.5719833945181544,2308.858642528129,0.0478925326573844,403.97850678166265,0.0083797047911678,17900.662704000613,0.3713124993228024,0.4135030370306778,8.577271618168413e-06,14.296695551076704,0.00029655559936,6.109828028310627,0.0001267358395126,0.9995767085611272,grid_intersection_approximation,1987-2015
48295562001450,25,123343.61543958308,29169.80887032969,0.2364922478262997,49307.392286654496,0.3997563401310102,2746.1175034359057,0.0222639614839328,42081.19135020139,0.341170405944634,2.74191566132592,2.222989533389332e-05,31.564225122863917,0.0002559048152624,4.7992881774089735,3.890990352686549e-05,0.9997051852812108,grid_intersection_approximation,1987-2015
48295562001884,25,130420.42380063742,41074.15504162641,0.3149365248529859,44440.28385866868,0.3407463537045451,2614.2322603156954,0.020044653928681,42245.58855118087,0.3239185038668337,3.5325923744851564,2.7086189965807263e-05,32.66913013062876,0.0002504909060912,9.962366340659567,7.638655089702965e-05,0.9996731225430115,grid_intersection_approximation,1987-2015
48295562001965,25,102314.7170254944,11873.87404423386,0.1160524545190812,58035.588866255646,0.5672262070743406,530.4567565013297,0.0051845596794169,31764.56608703052,0.3104594041844004,1.1877007146527685,1.1608307672461448e-05,27.355139837797225,0.0002673627082502,81.6884309205891,0.000798403526838,0.9989342337649116,grid_intersection_approximation,1987-2015
48708267046156,25,113657.75409690554,8550.705078901985,0.0752320433114627,8810.898313813928,0.0775213128556251,2270.668226318068,0.0199781197891881,92692.90496854164,0.8155440489305367,46.044496397175735,0.000405115310988,1167.34640553263,0.010270715049827,119.18660740011713,0.001048644752372,0.9886806401978008,grid_intersection_approximation,1987-2015
49049638000106,25,65420.190740751874,13994.87476479334,0.2139228670281999,1349.1583662710382,0.0206229659527821,759.6689304148182,0.0116121478982726,47944.28253649248,0.7328667494487567,146.9023297503512,0.0022455197407249,1007.3072313868474,0.0153974976223872,217.99658164300016,0.0033322523088763,0.9812702500687364,grid_intersection_approximation,1987-2015
49213747000117,25,131265.95599100966,7647.8062010349795,0.0582619167574475,37426.69231012176,0.2851210889187832,1913.1996236799175,0.0145749871643105,82027.40984400213,0.6248947735513399,70.02740215216187,0.0005334772570959,1984.0484037707377,0.0151147217783308,196.7722062479855,0.0014990345726919,0.9833862436489772,grid_intersection_approximation,1987-2015
49213747011585,25,131265.95599100966,7647.8062010349795,0.0582619167574475,37426.69231012176,0.2851210889187832,1913.1996236799175,0.0145749871643105,82027.40984400213,0.6248947735513399,70.02740215216187,0.0005334772570959,1984.0484037707377,0.0151147217783308,196.7722062479855,0.0014990345726919,0.9833862436489772,grid_intersection_approximation,1987-2015
49213747011828,25,67551.70931937166,4072.98181149402,0.0602942820031057,13204.661062242883,0.195474862076602,744.8887860427637,0.0110269420796011,47502.11238203877,0.7031963048848668,92.76169220824757,0.0013731953364745,1747.1043631895325,0.0258632147253233,187.1992221554281,0.0027711988940262,0.9713655863806504,grid_intersection_approximation,1987-2015
49213747012980,25,185123.47253138683,17148.65615110421,0.0926336132129151,103607.02083562496,0.5596644197459015,1155.1810080822931,0.0062400569321993,62616.64408580814,0.33824259684407,2.041457926761015,1.1027547716375595e-05,486.5260323464795,0.0026281163900703,107.4029604939926,0.0005801693271272,0.9967917142828024,grid_intersection_approximation,1987-2015
49605157000210,25,22034.065535143323,1680.30324683247,0.0762593378036596,11105.19002184746,0.5040009527127525,13.53006559611356,0.0006140521627537,8977.198117713064,0.4074235915925204,154.64030676884008,0.0070182375795422,91.46202985365116,0.0041509375429501,11.741746531723985,0.000532890605821,0.9953161718512288,grid_intersection_approximation,1987-2015
49972326000170,25,158394.20086782015,48289.22910497395,0.3048674057535179,21761.57521835294,0.1373887118286165,895.26225508257,0.0056521151038204,87013.75860579652,0.5493493961840777,0.0,0.0,366.7067158837568,0.0023151524100921,67.66896773040702,0.0004272187198752,0.9972576288700326,grid_intersection_approximation,1987-2015
49972326003861,25,23939.192730591712,2566.14054138166,0.1071941134465411,14117.37425464965,0.5897180583123492,0.0,0.0,7246.200736760156,0.3026919419676291,0.5688168465851848,2.3760903426718238e-05,8.454128044927971,0.0003531500890639,0.4542529087304922,1.8975280989738883e-05,0.9996278746299462,grid_intersection_approximation,1987-2015
49976251000103,25,96702.8565482698,19078.376854233527,0.197288658631407,5421.737663144744,0.0560659514792973,1683.4416923728554,0.0174083967367867,69890.28730695155,0.7227323969697359,38.66103855276933,0.0003997921047293,516.8520359050658,0.0053447442439001,73.49995710927934,0.0007600598341434,0.9938951959219564,grid_intersection_approximation,1987-2015
50227255000160,25,123363.02123666284,4100.253518409987,0.0332372981571515,96369.93791361104,0.7811898326381974,274.2842673788659,0.0022233912936735,22479.663435160284,0.1822236778072637,5.293517097440735,4.291007989570483e-05,116.87229132751992,0.0009473851252662,16.716293677705348,0.0001355048985517,0.998917109976182,grid_intersection_approximation,1987-2015
50376938000189,25,55613.25807204236,2575.1306155471143,0.0463042573806995,4053.237971715655,0.0728825843374438,535.846857801683,0.0096352358480335,47410.112699114245,0.8524965870134489,83.51853748510324,0.0015017738643708,842.104911043171,0.0151421610644047,113.30647933538764,0.0020374004915987,0.9828204384439964,grid_intersection_approximation,1987-2015
50376938000936,25,117408.37283882924,48265.26545969218,0.4110887860267655,10682.002711268648,0.0909816093434173,27.520268410588777,0.0002343978350536,58181.112674688775,0.4955448343923147,0.0,0.0,214.90587905778963,0.0018304135715499,37.5658457112627,0.0003199588308989,0.9978496275975512,grid_intersection_approximation,1987-2015
51466860000156,25,39780.15997279057,2010.7763453484208,0.0505472161681547,4569.482122435721,0.1148683696988957,220.7953105973712,0.0055503876995063,31751.3176955232,0.7981696835116033,68.60939222626375,0.0017247138340618,1068.1125882777203,0.0268503844380792,91.06651838187622,0.0022892446496988,0.970860370912222,grid_intersection_approximation,1987-2015
51466860002957,25,52654.18972441281,4236.097619237413,0.0804512925069924,2756.9117928498254,0.0523588304611513,223.9569298906448,0.0042533544066068,44784.17400425359,0.850533912660129,13.583880146907328,0.0002579828921117,330.85320934458144,0.006283511551051,308.6122886898561,0.0058611155219575,0.9878553729269914,grid_intersection_approximation,1987-2015
51466860005034,25,60231.56282559909,9201.1470128468,0.1527628801445645,3378.0446628396694,0.0560842937551001,1523.8291491980644,0.0252995120450439,44896.846730490586,0.7454039813061089,150.68576620540395,0.0025017741386142,936.7666306532914,0.015552753186327,144.24287336527715,0.0023948054242413,0.9820524413894316,grid_intersection_approximation,1987-2015
51466860006278,25,98949.74939708265,21411.346439001267,0.2163860602928676,33999.66433293977,0.3436053607018249,0.0,0.0,43477.18816338998,0.4393865414344529,0.0,0.0,32.170364750081404,0.0003251182033921,29.38009700154452,0.0002969193674623,0.9993779624291454,grid_intersection_approximation,1987-2015
51843514000140,25,133470.00352458883,10338.574538314857,0.0774599105814079,10534.409827589605,0.0789271712699766,2774.454260969891,0.0207870996306579,108332.52606204868,0.8116619704898026,21.5011844749628,0.0001610937582016,1341.6856902706097,0.0100523387640686,126.8519609202418,0.0009504155058846,0.9889972457300468,grid_intersection_approximation,1987-2015
51843514009600,25,137584.2285958024,67699.86571493719,0.4920612370028773,7849.48387842005,0.0570522069174106,1138.9499710640637,0.0082782015256275,60557.17933983654,0.4401462286621716,11.314594278597696,8.223758198214659e-05,270.12889409408484,0.0019633710698605,57.30620317187737,0.0004165172400699,0.9976201116900691,grid_intersection_approximation,1987-2015
51990778000126,25,152205.39457743953,10571.782772833829,0.0694573461222169,83004.96162253487,0.5453483554441518,632.1737230200426,0.0041534252105525,57067.77883432858,0.374939265410159,14.121589312582508,9.277982131834152e-05,770.4497216117421,0.0050619081127229,144.126313797883,0.0009469198788782,0.9939911720083988,grid_intersection_approximation,1987-2015
53009825000133,25,122661.9540384994,5790.477489800042,0.0472067931347531,64457.94238086493,0.5254925448247285,51.36795637775717,0.0004187766025774,51334.47563091751,0.4185036512202094,19.82461263948225,0.0001616198991356,861.649450442494,0.007024586043787,146.21651745718813,0.0011920282748087,0.9917833856814042,grid_intersection_approximation,1987-2015
53172300000114,25,100380.1147879887,29892.868308338708,0.2977967137363309,3515.344168349192,0.0350203242522076,1558.3732586322471,0.0155247208266663,64875.48841480829,0.6462982090808604,24.334060894041777,0.0002424191379481,436.7985620292851,0.0043514451338478,76.90801493693363,0.0007661678321385,0.9948823870340135,grid_intersection_approximation,1987-2015
53408860000125,25,78754.00823616303,3773.92791958994,0.0479204551503321,39079.18615313057,0.4962183770499925,37.43194710728898,0.0004753021204335,35614.76171058154,0.452227924752503,43.719662369020725,0.0005551420600449,166.84739671995817,0.0021185892687471,38.13344666472061,0.0004842095979466,0.997397201133306,grid_intersection_approximation,1987-2015
53811006000105,25,139628.03950135,7159.592883339094,0.0512761828419847,22040.783572267123,0.1578535633027635,2947.3149228520338,0.0211083313450343,104751.481907203,0.7502180957442306,73.6817799144194,0.0005277004545616,2472.9796143815947,0.0177111962841652,182.2048213927148,0.0013049300272596,0.9809838736885748,grid_intersection_approximation,1987-2015
53811006000296,25,102346.69971702658,51605.07957745696,0.5042183062095538,9822.75334863799,0.0959752818195061,32.36654863028236,0.0003162441849104,40759.6918623981,0.3982511597842684,31.06300192830559,0.0003035076071254,67.63257342090935,0.0006608183127341,28.11280455403282,0.0002746820819016,0.9990644996053644,grid_intersection_approximation,1987-2015
54470679000101,25,95068.46209478073,7461.003371754179,0.0784803204696396,34223.67249283985,0.3599897562108426,156.41104948458036,0.0016452464470146,51808.08371588233,0.54495552546365,35.629189745193266,0.000374774020323,1332.1824561041262,0.0140128747930725,51.47981897047488,0.0005415025954574,0.9854456226114698,grid_intersection_approximation,1987-2015
54844360000107,25,57846.0844768267,5944.229450872846,0.1027594089493493,6012.776910454284,0.1039444063472095,520.8770274563338,0.0090045338792982,44152.09977401238,0.7632685975781097,61.52067146478099,0.0010635235214481,1004.5459992571488,0.0173658426208531,150.03464330892902,0.0025936871037318,0.980040470275415,grid_intersection_approximation,1987-2015
54846951000105,25,61099.04503814694,6314.08779720823,0.1033418409938495,7714.714149058656,0.1262657074957882,532.9834248326231,0.0087232693162365,45247.39093315106,0.740558070996053,70.41650031781334,0.0011524975598857,1109.4843845571434,0.0181587843781263,109.96784902141192,0.0017998292600605,0.9800413863618131,grid_intersection_approximation,1987-2015
55090971000161,25,81814.0434530366,41535.21403176076,0.5076782943212317,1746.3080831749294,0.0213448450836848,897.9288384240573,0.0109752409308493,37273.13703861058,0.4555836072324958,96.59122973104438,0.0011806191902309,214.0754525899612,0.0026166101020645,50.78877874527728,0.0006207831394426,0.9967626067584926,grid_intersection_approximation,1987-2015
55109474000168,25,74813.28089809099,4996.769093588968,0.0667898671680427,17374.97363235478,0.2322445082447672,692.385892020664,0.0092548526639784,49340.59744650951,0.6595165571433792,118.07707582902614,0.0015782903036944,2026.973429621872,0.0270937647071376,263.5043281661771,0.0035221597690003,0.969384075523862,grid_intersection_approximation,1987-2015
55109565000101,25,69980.00568257917,4815.524241543188,0.0688128586811756,16924.31133784445,0.2418449551806422,533.661476702971,0.0076259135948572,45331.32786762012,0.6477754242152756,120.446663117045,0.0017211582357305,1987.7528165328956,0.028404582096622,266.9812792185104,0.0038151079956967,0.9677803099076814,grid_intersection_approximation,1987-2015
56723257000207,25,45403.370484691455,5715.840298753101,0.1258902199932557,6060.20436718365,0.1334747685576989,499.7497813729646,0.0110068872869573,31986.81816216884,0.7045031639876551,458.5586458142089,0.0100996609044436,645.2500012762848,0.0142115000359685,36.94922812240457,0.0008137992340208,0.9849747007300108,grid_intersection_approximation,1987-2015
60329174000124,25,51285.634836671175,8232.732816069083,0.1605270723914753,2526.8309403232543,0.0492697603991922,1180.000351857477,0.0230083990500539,37416.28978413008,0.7295666691713839,929.069234976346,0.018115584177424,879.0000250867994,0.0171393028064513,121.71168422812788,0.002373212004019,0.9804874851895294,grid_intersection_approximation,1987-2015
60855574000335,25,54045.00857014329,7859.611727454051,0.1454271529488854,3723.755803459895,0.0689010123594846,703.2085284062849,0.0130115351447046,40127.8425792864,0.7424893369607991,478.7053059105974,0.0088575303913459,984.4953313667298,0.0182162119576497,167.38929425933196,0.0030972202371303,0.9786865678052198,grid_intersection_approximation,1987-2015
60855574000416,25,55863.5789274986,7722.216552418059,0.1382334734127969,4536.972241738874,0.0812152090654107,878.2763794722299,0.0157218065210623,40921.04657388138,0.7325174534017936,723.6202574741457,0.0129533458358133,976.7015740973138,0.0174836913933657,104.74534841660028,0.0018750203697572,0.980641288236877,grid_intersection_approximation,1987-2015
60855574001307,25,146037.55147856686,45045.53332603416,0.3084517158084867,22234.61063903084,0.1522526940085961,1278.1811949869743,0.008752414581359,77312.32659620885,0.5294003207630851,8.138251731552092,5.572711709526641e-05,123.17262054096848,0.000843431153795,35.588850033508535,0.0002436965675826,0.998912872278622,grid_intersection_approximation,1987-2015
61082962000393,25,72406.44878012734,5744.6785850817405,0.0793393224203867,45912.68911950382,0.6340966846602897,397.371710970041,0.0054880707128272,20311.2807873814,0.2805175661778352,1.9444080126395424,2.6854072329165305e-05,31.696937228023447,0.0004377640080688,6.787231949671758,9.373794826317434e-05,0.999468498043668,grid_intersection_approximation,1987-2015
61082962000474,25,52955.392621164894,19892.046404841574,0.3756377853176608,6034.495667749022,0.1139543183244607,819.172321696251,0.0154691010895998,26149.251492830237,0.4937977078160507,0.0,0.0,51.24601397254703,0.0009677204045894,9.180720075265311,0.0001733670476384,0.998858912547772,grid_intersection_approximation,1987-2015
61231478000206,25,65914.6219896947,2504.031370307627,0.0379890120692661,32972.999765013825,0.5002380165385599,17.583700563303786,0.0002667647941006,30222.893938044,0.4585157742809955,10.373948366318835,0.0001573846295885,162.97482853701283,0.0024725140434317,23.764438862616505,0.0003605336440574,0.9971669523125108,grid_intersection_approximation,1987-2015
68316801000102,25,107406.318894001,50012.8777899947,0.4656418570619879,5959.18951736692,0.0554826715851609,452.8884217388977,0.0042165901075694,50743.00350608404,0.4724396481380409,0.047418248657921,4.414847203237456e-07,78.62393155376145,0.000732023333109,159.68830901400744,0.0014867682894113,0.9977812083774796,grid_intersection_approximation,1987-2015
68316801002571,25,107406.318894001,50012.8777899947,0.4656418570619879,5959.18951736692,0.0554826715851609,452.8884217388977,0.0042165901075694,50743.00350608404,0.4724396481380409,0.047418248657921,4.414847203237456e-07,78.62393155376145,0.000732023333109,159.68830901400744,0.0014867682894113,0.9977812083774796,grid_intersection_approximation,1987-2015
71304687000105,25,57192.9519805467,6543.972587663644,0.1144192135752929,7641.258544854945,0.1336048985101171,103.00559116012836,0.0018010189646298,41256.38308644458,0.7213543217786225,197.37119704380484,0.0034509706215363,1327.2881560095243,0.0232071979159421,123.67281737006952,0.0021623786338592,0.9746304234501988,grid_intersection_approximation,1987-2015
71304687001845,25,107964.8767908435,9763.06968104466,0.0904282019416213,42640.04501056863,0.394943673146348,42.59193994379625,0.0003944981109579,54888.63248029683,0.5083934156348886,3.8950152216358296,3.607668843249369e-05,562.0302879345335,0.005205677111301,64.61237583341241,0.0005984573664506,0.9941958655222484,grid_intersection_approximation,1987-2015
71304687002817,25,125130.0679337297,64782.35919305023,0.5177201632093711,10803.45190608424,0.0863377770385761,102.38093426620895,0.000818196105515,49319.376577346455,0.3941448877296746,27.629917807857435,0.0002208095804957,57.13087620898847,0.000456571926735,37.73852896573102,0.0003015944096323,0.9992418336636328,grid_intersection_approximation,1987-2015
71321566000163,25,65103.51044280992,4173.657513696478,0.0641080255935326,14117.11069349256,0.2168410059223106,591.4300945705754,0.0090844578202909,44096.48503171171,0.6773288372897833,101.07391174965277,0.0015525109331614,1812.9136568246468,0.0278466344517197,210.839540764292,0.0032385279892011,0.968914837559079,grid_intersection_approximation,1987-2015
71324784000151,25,54480.933476447455,3622.747365955043,0.0664956918831279,12191.071621282574,0.2237676714286268,336.1420836583694,0.0061699031607761,36370.087593934186,0.6675746040522097,96.49099445964455,0.0017710965709014,1675.3967420659287,0.0307519830362344,188.99707509170463,0.0034690498681233,0.965778967095642,grid_intersection_approximation,1987-2015
71324792000440,25,62746.06749731066,3520.1134880499417,0.056100941914819,10490.989996303497,0.1671975697401777,721.7429674980056,0.0115026008208233,46250.14963770917,0.7371003711059898,82.09381228711669,0.0013083499183536,1531.5211243779397,0.0244082407944303,149.45647108498713,0.002381925705406,0.9732098335001635,grid_intersection_approximation,1987-2015
75084871000130,25,57795.57263740152,911.542715342304,0.0157718433046965,52289.472579928544,0.90473145595395,31.963455857898968,0.0005530433283952,4522.062234527195,0.0782423640457333,0.0618543689268317,1.0702267683182994e-06,37.57373379277419,0.0006501143959331,2.896063583875264,5.010874452347101e-05,0.9992997768595434,grid_intersection_approximation,1987-2015
75177857000180,25,48360.31762279845,619.3587976223007,0.0128071697637138,43839.76672923806,0.9065235483186884,26.139754467931954,0.0005405207358606,3839.146480805386,0.0793862958210907,0.0,0.0,32.41931415101457,0.000670370165967,3.4865465137656715,7.209519467924281e-05,0.9992575346393536,grid_intersection_approximation,1987-2015
75444430000100,25,52437.157160635,1559.277313898275,0.0297361145861056,32064.5243987774,0.611484796945638,28.27226300520966,0.0005391646789432,18653.625218778227,0.3557329616789687,4.406140717554687,8.40270708050972e-05,113.59812581488708,0.0021663669803245,13.453699643447369,0.0002565680592148,0.9975770649604608,grid_intersection_approximation,1987-2015
75619056000128,25,58656.362997264754,954.9508068095976,0.0162804299143833,49190.49823107157,0.8386216894041898,89.39324159922754,0.0015240161004083,8337.059397585464,0.1421339300899756,4.49136744669786,7.65708478534085e-05,69.77789714102347,0.0011896049051707,10.192055611169652,0.0001737587380186,0.9986366363568104,grid_intersection_approximation,1987-2015
75717355000286,25,109313.93869862336,25958.757763420635,0.2374697872243766,35363.23927129485,0.3235016475693066,1801.8996722530972,0.0164837137304228,46131.02826230182,0.4220049959912639,5.010795171017844,4.583857493994906e-05,49.8046472214097,0.0004556111307883,4.198286960527114,3.840577890164327e-05,0.99950598309031,grid_intersection_approximation,1987-2015
75717355000367,25,105517.2892852984,17855.935853378047,0.1692228446572299,35974.39703682097,0.3409336733390974,1501.0453787913805,0.014225587000561,50155.5673320477,0.475330324269767,2.823557402168185,2.6759191989227765e-05,20.9306033062846,0.0001983618367004,6.589523551839469,6.244970465477623e-05,0.9997391884586448,grid_intersection_approximation,1987-2015
75717355000448,25,30993.358779993607,8807.349388371369,0.2841689231196382,7634.564563646461,0.2463290480338199,300.8622880767095,0.0097073147254668,14242.541476190245,0.4595352693875788,0.3239948456784096,1.0453686158324672e-05,7.568575818594474,0.0002441999227098,0.1484930445531168,4.791124627930613e-06,0.9997510089526622,grid_intersection_approximation,1987-2015
75717355000529,25,72054.0520538466,5358.605706062992,0.0743692485477216,50705.03494906456,0.7037083065248331,157.5888635006788,0.0021870923148487,15793.175987449544,0.2191851191886775,3.658262970325453,5.077109289553351e-05,30.677542479118078,0.000425757353052,5.310742319375936,7.370497797135925e-05,0.9995005376689764,grid_intersection_approximation,1987-2015
75717355000871,25,78758.03187525988,29628.933147561496,0.3762020512966726,8824.667244490318,0.1120478386060634,1415.409199283086,0.0179716171872459,38838.25287646089,0.4931338677682355,0.5585524706614842,7.092006457781244e-06,41.321415758286,0.0005246628791299,8.889439235144993,0.0001128702561946,0.9993624668646752,grid_intersection_approximation,1987-2015
75717355001096,25,71130.25080961356,12020.420914811071,0.1689916846628981,29060.5767896183,0.4085543978665493,461.3456060370522,0.006485926884637,29573.72849543183,0.4157686519985504,1.0383493341473962,1.4597858468496484e-05,10.796686770802104,0.0001517875537891,2.3439676103584515,3.2953175107343415e-05,0.9998152592711034,grid_intersection_approximation,1987-2015
75717355001177,25,63568.72469291454,12299.321937133484,0.1934807092095774,22885.23131463131,0.3600077148815623,499.6991633346684,0.0078607706187059,27873.542693253254,0.4384788719280391,0.6278251311240012,9.876321007804953e-06,8.714162568916075,0.0001370825450882,1.5875968617818297,2.4974496019090112e-05,0.9998379429588926,grid_intersection_approximation,1987-2015
78340270000210,25,79303.72131423182,8277.01481855044,0.1043710771875852,45941.52938519674,0.5793111423253235,138.79692473693035,0.0017501943469583,24918.177978454085,0.3142119633922182,3.5733574761968843,4.5059139936672943e-05,20.11612726362859,0.0002536593104366,4.512722553808598,5.690429754144143e-05,0.999689436392022,grid_intersection_approximation,1987-2015
00297598000122,30,3254.8813371093133,62.194159829702215,0.0191079653567147,2764.6170213539585,0.8493756714981313,0.0,0.0,300.4207025170665,0.0922985114977717,0.0,0.0,117.95877978837753,0.0362405776344331,9.690673620208454,0.002977274012949,0.9607821483526178,grid_intersection_approximation,1987-2015
00372496000124,30,123262.82824607738,10784.284962592212,0.0874901632231159,42717.34206211429,0.3465549401222155,180.9357022512552,0.0014678853700325,67905.63098219843,0.5509011268720374,37.42538024237307,0.0003036225987583,1587.5833703412,0.0128796604209973,49.62578633762464,0.0004026013928428,0.9867177381861596,grid_intersection_approximation,1987-2015
00595322000120,30,29930.70701432696,1996.6394845064187,0.0667087310550561,23662.201724111383,0.7905660802728443,0.0,0.0,4201.977415883405,0.1403901823592754,6.200628948545547,0.0002071661369568,59.39772943434039,0.0019845080641064,4.290031442856764,0.0001433321117607,0.9978721598241326,grid_intersection_approximation,1987-2015
01105558000102,30,9667.562911109766,1149.6333984498394,0.1189165676003726,4880.9344524557,0.5048774440191778,63.89044364220925,0.0066087435095754,3541.2258596773686,0.3662997481617486,0.6315757831683783,6.532936883633663e-05,26.435606207263877,0.0027344643578046,4.811574894215668,0.0004977029824844,0.9967678326597108,grid_intersection_approximation,1987-2015
02043917000107,30,17343.611923570363,459.0199832246334,0.0264662277527563,15264.679449529973,0.880132668834969,0.0,0.0,1591.2332417365385,0.0917475119224742,4.029040890837865,0.0002323069098059,21.23774559503017,0.0012245284136096,3.412462593350208,0.0001967561663849,0.9985787154200054,grid_intersection_approximation,1987-2015
02414858000470,30,38025.259501033644,18027.21539129629,0.4740852693143685,3862.499608690723,0.1015772057672802,0.0,0.0,15759.208226855162,0.4144405175309001,1.4318370596973855,3.765489252370425e-05,349.45284753532536,0.009190018743352,25.451589596453253,0.0006693337515753,0.9901406475050728,grid_intersection_approximation,1987-2015
02460988000105,30,41421.08270931086,13651.845195110389,0.329586874657954,7017.414453665276,0.1694164902185877,0.0,0.0,20047.208544414127,0.4839856235797478,10.554903239296795,0.0002548195882123,670.1785376614887,0.0161796479914524,23.881075220286128,0.0005765439640455,0.983243808044502,grid_intersection_approximation,1987-2015
02635522000195,30,36867.94693049579,12166.82255218788,0.3300108512992335,6961.841945563096,0.1888318315822604,0.0,0.0,17143.27737827033,0.4649913761292211,9.122998167624276,0.0002474506699497,565.1860389836351,0.0153300111896421,21.69601732322269,0.0005884791296929,0.9840815096806648,grid_intersection_approximation,1987-2015
02635522004930,30,49876.11996821725,19405.73552164808,0.3890786920476987,6757.583190343131,0.1354873473447672,0.0,0.0,23004.52702891525,0.4612332924769312,8.554925251514993,0.0001715234716927,669.6811294993347,0.0134268890588537,30.038172559937863,0.0006022556000562,0.98597085534109,grid_intersection_approximation,1987-2015
02678100000105,30,8181.685019159753,31.508352979648556,0.0038510835977995,7996.828571862477,0.9774060664931024,0.0,0.0,147.86995991740517,0.0180732892516792,0.0,0.0,1.3693437283617176,0.0001673669574366,4.108790671860231,0.0005021936999821,0.9993304393425811,grid_intersection_approximation,1987-2015
02773950000184,30,62186.79185383333,2249.451709919032,0.036172499703896,50281.48864748518,0.8085557583621468,0.0,0.0,9468.581163784876,0.1522603254086536,0.0,0.0,91.93631524473837,0.0014783897432887,95.33401739950332,0.0015330267820147,0.9969885834746964,grid_intersection_approximation,1987-2015
02783009000141,30,39454.28636097192,16478.45163337799,0.4176593509413576,3998.390572424717,0.1013423620400321,0.0,0.0,18498.34872038907,0.4688552354272865,15.08070550379382,0.0003822323730764,456.4241542060445,0.0115684301074455,7.590575070305132,0.0001923891108017,0.9882391807817528,grid_intersection_approximation,1987-2015
02859452000230,30,99455.16651407468,5664.7968099274,0.056958295968724,73523.5305490261,0.7392630581803027,0.0,0.0,20133.40264396899,0.2024369708447449,2.874972618766494,2.8907222415234043e-05,85.49957142649524,0.00085967953625,45.06196710694778,0.0004530882475629,0.9986872322161868,grid_intersection_approximation,1987-2015
02896264000109,30,15369.089087962597,6122.452958994401,0.3983614724303758,2068.002332951537,0.1345559467523186,0.0,0.0,6957.767950057549,0.4527117977022479,14.622922157580842,0.0009514501525684,195.9328848625854,0.0127485034240607,10.310038938942728,0.0006708295384283,0.9865806670375108,grid_intersection_approximation,1987-2015
03345641000338,30,108760.94968752711,19926.04136685205,0.1832095198147869,57269.61887120321,0.5265641669711439,1655.8030698295652,0.0152242424747736,29853.39445032445,0.2744863348112901,3.158714388257388,2.9042725328644624e-05,33.00471185635271,0.0003034610487603,19.92850307323943,0.0001832321539164,0.9995133067973232,grid_intersection_approximation,1987-2015
03347747000109,30,29916.42140256236,14770.81002703671,0.4937358592552644,2609.8873429749683,0.0872392893473358,0.0,0.0,12277.051351748276,0.4103783399272728,0.0,0.0,240.61360543927336,0.008042860548109,18.05907536313453,0.0006036509220179,0.991353488529873,grid_intersection_approximation,1987-2015
03445208000455,30,175712.172222348,65890.64815486342,0.3749919389277409,50400.97246919802,0.286838252761568,2413.739831703356,0.0137368959769559,56913.7402965732,0.3239032309301485,8.042967978007773,4.5773539056987575e-05,63.33380849406875,0.0003604406438839,21.69469353791913,0.0001234672206457,0.9995160921354704,grid_intersection_approximation,1987-2015
03937452000435,30,114457.95739012034,10481.520808675938,0.0915752914666348,62914.51192082074,0.5496735513668299,0.0,0.0,40150.06558417568,0.3507843971680147,0.0,0.0,142.23537030153858,0.0012426866034026,769.6237061464368,0.0067240733951178,0.9920332400014796,grid_intersection_approximation,1987-2015
04165520000105,30,5212.214391398957,2851.548690692035,0.547089677546184,1826.083110730574,0.3503468916673732,0.0,0.0,0.0134220965109633,2.5751236428632127e-06,15.308895704945618,0.0029371193422526,519.2602721748914,0.0996237363205472,0.0,0.0,0.9003762636794528,grid_intersection_approximation,1987-2015
04165520000296,30,3361.041274902742,2091.6783408291494,0.6223304534960452,961.7942466221402,0.2861596058947451,0.0,0.0,0.0,0.0,11.220155674524111,0.0033382974967627,296.14831658059103,0.0881120737171431,0.2002151963371628,5.956939530382781e-05,0.911828356887553,grid_intersection_approximation,1987-2015
04171382000177,30,252676.04665695125,118468.81072024217,0.4688565152401754,14058.295787450366,0.055637627600438,1078.7691010598417,0.0042693762045614,118580.8710929098,0.4693000094856739,16.152469130082615,6.392560491502471e-05,435.66347238937226,0.0017241977550046,37.48401376963952,0.0001483481092314,0.998127454135764,grid_intersection_approximation,1987-2015
04248044000277,30,237623.43175446225,70492.97929257652,0.2966583672834814,21305.930012769128,0.0896625802239262,4664.452760871634,0.0196295993473044,140583.32704159562,0.5916223244636128,2.085212651858579,8.775282119539635e-06,470.0195652267043,0.001978001755788,104.63786877075384,0.0004403516437675,0.9975816466004443,grid_intersection_approximation,1987-2015
04969941000199,30,136944.08667863344,8232.885743383102,0.0601185925077817,28160.9147560908,0.2056380486305772,1940.5302847419796,0.0141702378817993,94981.22173862522,0.6935766563000092,153.31558783393342,0.0011195487994579,3121.6974118010294,0.0227954159066883,353.5211561573616,0.0025814999736861,0.9746230841196254,grid_intersection_approximation,1987-2015
05242560000176,30,266637.01572819846,58443.099334371895,0.219185994017976,51517.48172281488,0.1932120399042052,6891.745990372904,0.0258469214094345,149007.0913713188,0.5588387304904883,0.0598071286123144,2.243016726277794e-07,652.4670279939054,0.0024470234420078,125.0704741974605,0.0004690664342153,0.9970839101237768,grid_intersection_approximation,1987-2015
05553456000100,30,79042.74369007282,28377.505986020693,0.3590146882715648,6069.512236446995,0.0767877220993946,111.10984877622916,0.0014056932184931,44434.48410548682,0.562157663449978,0.5537868135183075,7.006168911465291e-06,43.59342436900341,0.000551517094851,5.984302159559332,7.570969680687989e-05,0.9993727732083422,grid_intersection_approximation,1987-2015
05620523000235,30,87826.45033508229,27189.915102103358,0.3095868613426397,23787.99722696404,0.2708523131266973,0.0,0.0,36781.43755944994,0.418796813706105,0.0594337648005096,6.767182844547777e-07,63.63530153371269,0.000724557366157,3.4057112664444555,3.877774011645377e-05,0.9992366648937264,grid_intersection_approximation,1987-2015
05643160000172,30,10070.778639928663,1287.376230479466,0.1278328395954679,5354.285905773382,0.5316655342363189,0.0,0.0,3376.0405752219426,0.3352313357218084,0.0,0.0,51.39779520581352,0.005103656533769,1.6781332480577855,0.0001666339126355,0.9947297095535952,grid_intersection_approximation,1987-2015
05928246000141,30,265890.3653243345,133112.48333684547,0.5006292092399593,19877.353207310163,0.0747577039245617,1282.1197836014996,0.0048219866185732,111089.57909007152,0.4178021981148653,11.3214646070533,4.257944658221564e-05,466.4800194719431,0.0017544073810381,51.028422426835576,0.0001919152744199,0.998053677344542,grid_intersection_approximation,1987-2015
05938884000143,30,105597.23094440834,42917.65370023966,0.406427832589982,6874.313699110056,0.06509937464865,100.01319842890058,0.0009471195175709,55533.95110706448,0.525903478816602,0.0,0.0,151.02453821926014,0.0014301941146427,20.2747013459838,0.0001920003125522,0.998377805572805,grid_intersection_approximation,1987-2015
05980986000127,30,104933.42110395918,4903.950515610144,0.0467339238921003,82936.72862863664,0.7903747705554166,3.3998836815313545,3.2400389177848654e-05,16616.368111555497,0.1583515331601873,21.383879254401887,0.0002037852099877,383.3573751746635,0.0036533391472566,68.23271004629561,0.0006502476458734,0.99569641320687,grid_intersection_approximation,1987-2015
06044698000808,30,4077.8351824991114,1030.232345182055,0.2526419776854921,1236.670747139369,0.3032664862098405,8.931959721532264,0.0021903680069919,246.7290581618434,0.0605049118269255,2.9724520868546582,0.0007289289423985,1552.2986202074558,0.3806673273283512,0.0,0.0,0.6193326726716486,grid_intersection_approximation,1987-2015
06059962000100,30,130607.04481838387,43245.96056110997,0.3311150682663849,18770.342317138533,0.1437161551525777,236.9750860572436,0.0018144127400384,68108.29053025933,0.5214748609079056,0.0,0.0,213.43493171860828,0.0016341762576084,32.04139210018947,0.0002453266754848,0.9981204970669066,grid_intersection_approximation,1987-2015
06252818003799,30,60610.236300458135,6741.146626196372,0.1112212563036224,19449.229651190777,0.3208901802457379,897.0792648482657,0.0148007881111244,32516.82924004939,0.5364907188095487,122.2539049634092,0.0020170504592222,829.4248224352326,0.0136845667177998,54.27279077468816,0.0008954393529443,0.9854199939292556,grid_intersection_approximation,1987-2015
06315338002324,30,212025.6230657376,97840.12398556626,0.4614542458164661,9731.75826984771,0.0458989726295034,671.4310319947534,0.0031667447654974,103501.31977955688,0.4881547724421344,32.74164206861494,0.0001544230437585,233.87901976798747,0.0011030696025615,14.369336935361227,6.777170007846685e-05,0.99882915869736,grid_intersection_approximation,1987-2015
06315338002405,30,140837.28918520166,62557.343262540366,0.4441816767736645,6392.699539808869,0.0453906744214768,256.2214384995087,0.0018192727223155,71514.57991198287,0.507781570674375,14.68894568471168,0.0001042972764506,95.58828949105944,0.0006787143521724,6.167797194278774,4.3793779544905135e-05,0.9992774918682826,grid_intersection_approximation,1987-2015
06315338015060,30,194650.01657488736,72454.60501821636,0.372230150775975,4436.008340505897,0.0227896633073197,1296.0491125429344,0.0066583560348391,115807.58877508932,0.594952884222,13.472968698293492,6.921637580806504e-05,557.8874326648682,0.002866105240994,84.40492716966051,0.0004336240430639,0.996700270715942,grid_intersection_approximation,1987-2015
06315338015140,30,158934.49234366082,25102.206412922304,0.1579405832098693,3387.864098105928,0.0213161035603298,2513.4736692130577,0.015814526048746,127049.37173908469,0.799381996101692,11.157937217368184,7.020462992540098e-05,677.028652783897,0.0042597968685109,193.38983433359857,0.0012167895809264,0.9945234135505626,grid_intersection_approximation,1987-2015
07130855000186,30,26669.74330466409,1296.2887567898233,0.0486052206045464,21030.337275973056,0.7885466701246877,0.0,0.0,4263.256097727114,0.1598536607205192,0.0,0.0,74.08370182471597,0.0027778183306233,5.77747234938779,0.0002166302196233,0.9970055514497532,grid_intersection_approximation,1987-2015
07280328000158,30,131173.68452309543,39263.72694690858,0.2993262489321592,8431.187041072433,0.0642749883235,1475.3989807208743,0.0112476750659626,81405.94664666851,0.6205966306628794,69.72826085617002,0.0005315720230752,459.8465989539296,0.0035056314887073,67.85004791493554,0.0005172535037162,0.9959771150075764,grid_intersection_approximation,1987-2015
07280328001715,30,96215.8379667067,19319.669807228333,0.2007951104049362,5282.213851528019,0.05489962944932,471.432056580755,0.004899734456856,69058.46553544841,0.7177453005122142,209.4960106317365,0.0021773547376288,1666.7574189438433,0.0173231086915294,207.8032863456,0.002159761747515,0.9805171295609556,grid_intersection_approximation,1987-2015
07280328001804,30,87224.5454237177,11592.355859082634,0.132902450826995,5943.727851804474,0.068142835516438,1330.1038527277958,0.0152491921427213,66566.32834104847,0.7631605073742013,169.80520031892323,0.0019467593610725,1416.6205981021103,0.0162410774538345,205.60372063328475,0.002357177324737,0.9814017452214282,grid_intersection_approximation,1987-2015
07298800000180,30,152026.45220635447,73629.9460137533,0.4843232539151215,23139.89088973032,0.1522096355857938,974.082772832173,0.0064073242432178,54193.90999566591,0.3564768447145324,13.524107084679317,8.895890740331325e-05,50.63833390650651,0.0003330889668974,24.460093381598167,0.0001608936670336,0.999506017366069,grid_intersection_approximation,1987-2015
07300906000170,30,31951.995277351343,1558.3645103465158,0.0487720562305896,27031.207064395843,0.8459943371222416,0.0,0.0,3311.6875937924974,0.1036457211841144,20.378213601418075,0.0006377759330686,26.502779629227756,0.0008294561700819,3.855115585840835,0.0001206533599037,0.9990498904700144,grid_intersection_approximation,1987-2015
07398533000112,30,188102.4431943109,68107.83367652826,0.3620784106784433,24104.82791728612,0.1281473409273355,455.9953689127549,0.002424186316611,95126.88302784952,0.5057184872903692,3.407367848573488,1.8114426323817906e-05,262.28956739587795,0.0013943974514192,41.20626848979148,0.0002190629094978,0.998386539639083,grid_intersection_approximation,1987-2015
07455944000100,30,249971.18346595505,31736.85517248396,0.1269620551154704,116279.45587580916,0.4651714420180193,1024.7173172001076,0.0040993417840887,99699.33754014394,0.3988433232893925,0.2306246327346323,9.22604876037811e-07,1005.8789863536772,0.0040239797740153,224.70794933143708,0.0008989354141376,0.9950770848118472,grid_intersection_approximation,1987-2015
07458537000149,30,161221.7485202768,59075.298964877686,0.3664226415299534,20907.61976775328,0.1296823782129105,1043.2172131450602,0.0064706977980322,79966.1739757784,0.4960011580926445,6.197446100327857,3.844050915716503e-05,179.78999418653063,0.0011151720896012,43.45115843551133,0.0002695117677007,0.9986153161426978,grid_intersection_approximation,1987-2015
07459492000127,30,6140.056895390238,1457.1402805695866,0.2373170648733828,3477.7600143367736,0.5664051772790194,0.0,0.0,1177.183812163679,0.1917219713464661,0.4630577785960849,7.541587748864903e-05,27.04575518338127,0.0044048053046033,0.4639753582214964,7.556531903960605e-05,0.995519629376357,grid_intersection_approximation,1987-2015
07670089000142,30,994.542352012083,2.849571997138269,0.0028652093009143,906.4066263126758,0.911380620924692,0.0,0.0,45.54976264840337,0.0457997214057807,0.0,0.0,37.72389470599148,0.0379309082510879,2.012496347874063,0.0020235401175249,0.9600455516313872,grid_intersection_approximation,1987-2015
07674341000191,30,98910.3503479776,7495.661235673927,0.0757823747393812,71573.06647326739,0.7236155389346554,35.6532109769049,0.0003604598593723,19073.865591039805,0.1928399355975974,55.9625007183535,0.0005657901374474,604.5213908142699,0.0061118112380301,71.6199454869741,0.0007240894935161,0.9931640992684538,grid_intersection_approximation,1987-2015
07863768000138,30,31728.575720576708,11259.0938595486,0.3548565797186672,10025.085094786393,0.3159639179228866,0.0,0.0,10434.453004168154,0.3288661015250417,0.6673340401465261,2.103258734408758e-05,8.488023081817179,0.0002675198268137,0.7884049515998344,2.484841924651965e-05,0.9997076317539398,grid_intersection_approximation,1987-2015
07895728000682,30,28129.776549271297,9500.653270024008,0.3377436451861941,12061.272531719773,0.4287724259235973,0.0,0.0,6549.517830245668,0.2328322025158544,0.0,0.0,15.590160197188943,0.0005542226817863,2.7427570846583,9.750369256770192e-05,0.9993482736256458,grid_intersection_approximation,1987-2015
07903169000109,30,109041.27150975374,39746.54466386052,0.3645091818312591,20025.66004240161,0.1836521141502859,0.0,0.0,49192.65870192663,0.4511379775824271,0.0,0.0,73.75971800879844,0.000676438535497,2.6483835561769355,2.4287900530764057e-05,0.999299273563972,grid_intersection_approximation,1987-2015
07903169001768,30,74333.9308953367,33501.53700721809,0.450689699894773,7936.483614124082,0.1067679795556456,0.0,0.0,32869.21882425464,0.4421832456369756,0.0,0.0,24.989820229977763,0.000336183219816,1.7016295099161944,2.289169278982588e-05,0.9996409250873942,grid_intersection_approximation,1987-2015
07912062000119,30,56697.16325451544,14074.40060755592,0.2482381798252492,24342.88481162718,0.4293492551355905,51.67022179552112,0.000911336984596,18047.98824740629,0.3183225969593624,0.0,0.0,177.4310277607935,0.0031294515911545,2.7883383697372346,4.917950404714767e-05,0.9968213689047982,grid_intersection_approximation,1987-2015
07930999000206,30,10650.633773745769,1673.0117240018114,0.1570809549499159,733.9463440380678,0.068911048828594,25.65444388401666,0.0024087246288813,8206.995493098751,0.7705640497497266,0.1812779951102874,1.702039512025518e-05,10.663008603182629,0.0010011618866726,0.181482124825266,1.7039561089089992e-05,0.9989817985522382,grid_intersection_approximation,1987-2015
07969961000239,30,105748.64764593194,51055.23809646818,0.4827980237384363,8079.747148915867,0.0764052054449765,522.8606471212572,0.0049443719495298,45975.09796052544,0.434758259173767,4.019094396568647,3.800610680171907e-05,98.3277418559652,0.0009298250525641,13.356956648664276,0.0001263085339245,0.9989438664135112,grid_intersection_approximation,1987-2015
07981751000185,30,108320.17442399694,23211.82174514839,0.2142889989660699,33299.65034955583,0.3074187290283638,0.0,0.0,50959.86882773682,0.4704559339820202,0.0,0.0,24.534920950157023,0.0002265037060789,824.2985806057357,0.0076098343174669,0.992163661976454,grid_intersection_approximation,1987-2015
07987748000179,30,7647.09081958556,4263.671653854588,0.5575547295625896,2353.2103158854547,0.3077262152894097,0.0,0.0,943.0408665913504,0.1233202127240407,0.3798663657065108,4.967462459496433e-05,80.1146994604408,0.0104764937870559,6.673417428019753,0.000872674012309,0.988650832200635,grid_intersection_approximation,1987-2015
07996345000196,30,72346.45594631716,1906.324286605725,0.0263499332713721,64685.34196543945,0.8941051931201379,0.0,0.0,5694.003249296996,0.0787046604400647,0.4451745181276567,6.153370089862966e-06,55.50675206899339,0.0007672352618099,4.834518387870948,6.682453652544195e-05,0.9991659402016648,grid_intersection_approximation,1987-2015
08048772000105,30,36468.305575899656,843.9201187139789,0.023141193575818,30312.90149165077,0.8312122269723238,0.0,0.0,5253.207688495674,0.144048581515871,11.429464410793091,0.000313408156214,43.03245911112381,0.0011799961207839,3.8143535173155008,0.000104593658989,0.9987154102202268,grid_intersection_approximation,1987-2015
08056257000177,30,176942.9926106499,36209.44087207572,0.2046390215166754,52581.23517549015,0.2971648348414187,253.4786023302417,0.0014325438865386,86924.5629973238,0.4912574480335309,0.0,0.0,820.3252993237045,0.0046360993855731,153.94966410628984,0.0008700523362631,0.9944938482781638,grid_intersection_approximation,1987-2015
08057019000186,30,64525.71574164096,26970.46333462564,0.4179800723577337,2870.760763998885,0.0444901808682498,0.0,0.0,34462.965098628614,0.5340965954816728,0.0,0.0,159.13737829050868,0.002466262891646,62.38916609729948,0.0009668884006975,0.9965668487076564,grid_intersection_approximation,1987-2015
08070508000330,30,83769.92451193868,15099.534030843331,0.1802500613294857,3103.9803631255063,0.0370536368656167,1285.2452727598663,0.0153425621456385,61842.380575448726,0.7382408535731115,763.980805235338,0.0091199891809196,1389.2912590448518,0.0165846067922247,285.51220548104834,0.003408290113003,0.9800071030947722,grid_intersection_approximation,1987-2015
08070508006532,30,74625.89126970114,4878.991175226522,0.0653793354051027,5059.192154396187,0.0677940600550022,923.77220055389,0.0123787091160538,62255.31718422388,0.8342321428260135,133.08055656326516,0.0017833027425067,1218.7839083937745,0.0163319176180963,156.7540903436216,0.0021005322372245,0.9815675501446792,grid_intersection_approximation,1987-2015
08070508006613,30,141214.70678817775,63486.93752975413,0.4495773774114379,19758.451972806248,0.1399178061704575,233.01957153862364,0.0016501083834572,57449.4610082022,0.4068234981670603,0.0,0.0,48.10471629377133,0.0003406494789946,238.73198958277828,0.0016905603885923,0.997968790132413,grid_intersection_approximation,1987-2015
08070508006702,30,173259.10224569772,88408.32866950269,0.5102665748788849,9632.970587091691,0.0555986407769286,633.5101587246736,0.0036564321903636,74216.27297674029,0.4283542510308903,2.743701397188216,1.5835828315082624e-05,101.45466974544114,0.0005855661747662,263.8214824957404,0.0015226991198512,0.9978917347053826,grid_intersection_approximation,1987-2015
08070508006885,30,210508.05746777813,100063.769661284,0.47534413107489,19241.796850580227,0.0914064624510893,87.08206819977889,0.000413675700813,90799.51547578262,0.4313351069218861,24.07392162250602,0.0001143610459005,193.71725421798456,0.0009202367669353,98.1022360910319,0.0004660260384857,0.998613737194579,grid_intersection_approximation,1987-2015
08070508006966,30,84254.78087209599,5411.839115902019,0.0642318342043703,31979.8347607562,0.3795610697665166,81.27555033143874,0.0009646402197024,46416.6923615571,0.5509087066764856,172.0958704329463,0.002042565046774,167.92558528285602,0.0019930689219615,25.117627833429893,0.0002981151641894,0.9977088159138492,grid_intersection_approximation,1987-2015
08070508008314,30,184343.26310583547,95160.42097889552,0.5162131741384108,13623.884770299748,0.0739049778156415,562.3751573717012,0.0030506954683167,74591.94894908994,0.4046361537294969,0.0,0.0,91.28599932951482,0.000495195744024,313.34725084904323,0.0016998031041098,0.997805001151866,grid_intersection_approximation,1987-2015
08070508009477,30,76187.87523285224,11698.24261242255,0.1535446759299866,4079.5037605374064,0.0535453147639209,191.54260052546687,0.0025140824565596,59658.28471236581,0.7830417179903337,24.8680687942354,0.0003264045455819,237.59800395562175,0.0031185802626658,297.83547425114494,0.0039092240509513,0.9929721956863828,grid_intersection_approximation,1987-2015
08070508009558,30,81413.39194882539,13889.224244622814,0.1706012231176077,3602.797855162084,0.0442531353739286,955.869005171558,0.0117409308504477,60750.59402514168,0.74619902906549,458.38174592633936,0.005630299081685,1431.5634755390624,0.0175838819790104,324.9615972618509,0.0039915005318303,0.9784246174891592,grid_intersection_approximation,1987-2015
08070508009710,30,197617.8255033079,104521.75627952792,0.5289085436160634,15011.286435111102,0.0759611962983563,331.64629665193183,0.0016782205542808,77499.52871838315,0.3921687151500708,26.58909979702152,0.0001345480840572,80.62815873416928,0.0004080004348232,146.39051510259895,0.0007407758623482,0.9988512237028287,grid_intersection_approximation,1987-2015
08070508012265,30,72784.21028337955,8393.351573068356,0.1153183024228676,4824.4077598763015,0.0662837137490789,81.00754361789211,0.0011129823804159,58890.50217976688,0.8091109589632336,59.73173071716968,0.000820668802816,248.77260013251347,0.0034179473702323,286.43689620045006,0.0039354263113555,0.9926466263184124,grid_intersection_approximation,1987-2015
08070508012427,30,154438.79992637402,17895.09802649427,0.115871775972265,57845.3426449776,0.3745518786247649,21.885390379643518,0.0001417091455649,77723.35725231093,0.5032631520664766,7.135690443425571,4.62040008522948e-05,763.3046662927412,0.0049424410618098,182.67625547539845,0.0011828391282662,0.993874719809924,grid_intersection_approximation,1987-2015
08070508012508,30,82871.55154916228,15480.850981132317,0.1868053715869979,3252.960822381715,0.0392530459677944,1765.485547968706,0.0213038794974335,60760.8179279585,0.7331927156198237,177.03466255005662,0.0021362537474036,1259.8315078731985,0.0152022193903998,174.57009929778184,0.0021065141901466,0.9826912664194534,grid_intersection_approximation,1987-2015
08070508015795,30,103741.22284383651,20179.185034419508,0.19451462476778,4407.921905224664,0.0424895888480125,2302.0562795140686,0.0221903715457392,74725.9588485399,0.7203111434403101,228.4443163898154,0.0022020592212769,1607.507767338259,0.0154953616631073,290.1486924102916,0.0027968505137736,0.981707787823119,grid_intersection_approximation,1987-2015
08070508015876,30,83371.21075308374,18652.29686865064,0.2237258725184187,1742.1357488134577,0.0208961310874212,1142.1020422942563,0.0136989979152007,60236.869921528094,0.7225140354495817,208.25640544882208,0.0024979414784511,1181.0785080800936,0.0141665030099902,208.4712582683813,0.0025005185409361,0.9833329784490736,grid_intersection_approximation,1987-2015
08070508016414,30,96694.94598255683,16196.383186852923,0.1674997904210489,5396.307528231798,0.0558075447832119,3054.0943512683243,0.0315848395201468,70122.46012002227,0.7251926086464945,228.0337710354935,0.0023582801429624,1509.4463608855224,0.0156103956163108,188.2206642605264,0.0019465408698245,0.9824430635138648,grid_intersection_approximation,1987-2015
08070508016767,30,25703.65751842417,1896.1433267172577,0.0737693974236202,19655.163466558537,0.7646835261662617,0.0,0.0,4054.671705852225,0.1577468771884261,0.0,0.0,94.28074637755677,0.0036679895190004,3.3982729185951244,0.0001322097026915,0.9961998007783082,grid_intersection_approximation,1987-2015
08070566001173,30,8083.02754596408,748.6752115982009,0.092623117679714,6360.325663023606,0.7868741788711789,0.0,0.0,958.445340097525,0.1185750431564574,0.0,0.0,14.807180484409786,0.0018318854414647,0.7741507603385251,9.577485118494552e-05,0.9980723397073504,grid_intersection_approximation,1987-2015
08070566001254,30,20998.89024149109,2035.852347733499,0.0969504733021994,14779.294627230369,0.7038131280875212,0.0,0.0,3878.0402111806698,0.1846783409305204,0.2944472471169228,1.4022038485402105e-05,298.2056168339059,0.014201017930209,7.202991265534596,0.0003430177110646,0.9854559643587264,grid_intersection_approximation,1987-2015
08070566001688,30,24506.96637808475,6183.414639488272,0.2523125279601217,14925.823216120983,0.6090440973334152,0.0,0.0,3370.0466051644057,0.1375138217098161,0.0,0.0,25.72689064213301,0.0010497786729384,1.9550266689561813,7.977432370839891e-05,0.9988704470033531,grid_intersection_approximation,1987-2015
08070566001769,30,27751.91529290349,2440.1275944330146,0.0879264572797606,20526.45580446384,0.7396410513588122,0.0,0.0,4412.016066068289,0.1589805971768909,0.5884347516615068,2.120339246682469e-05,359.7378162229535,0.012962630233847,12.989576963734809,0.0004680605582223,0.9865693092079306,grid_intersection_approximation,1987-2015
08110543000173,30,219286.75307773775,121805.76574030744,0.5554634013716595,16274.304618995062,0.0742147183565884,568.1411474784936,0.0025908594089907,80148.0520183587,0.3654942712838928,0.6234260856162763,2.8429719390996226e-06,80.27614992798965,0.0003660784283651,409.5899765844708,0.0018678281785643,0.9977660933930704,grid_intersection_approximation,1987-2015
08164344000148,30,63506.92882907844,10284.984355901232,0.1619505862672415,26248.280651303143,0.4133136515221411,0.0,0.0,26611.656212890117,0.4190354769715335,0.0,0.0,117.55509304923244,0.0018510593287484,244.45251593471008,0.0038492259103353,0.994299714760916,grid_intersection_approximation,1987-2015
08195806000194,30,74213.62749786566,1855.5203782646065,0.0250024212644499,65000.86839885781,0.8758616252887949,0.0,0.0,7286.636480542779,0.0981846154973672,2.870591736544521,3.8680116217565e-05,62.704748081344725,0.0008449222898199,5.026900382566184,6.773554335032006e-05,0.9990873421668296,grid_intersection_approximation,1987-2015
08322396000103,30,33388.462900734325,4685.746882208528,0.1403402994663007,23601.67543395923,0.7068811614397543,0.0,0.0,5031.853128278488,0.150706342584217,0.0,0.0,67.13713791704386,0.0020107885204732,2.050318371035824,6.140798925459761e-05,0.997927803490272,grid_intersection_approximation,1987-2015
08355201000113,30,32090.14374260834,1761.7694261701504,0.0549006399067924,23544.35869404504,0.7336943979712856,0.62869153710197,1.959142165721159e-05,6693.454990935755,0.2085828921373257,0.0290490445299933,9.052326085851354e-07,63.92806248377644,0.001992140109952,25.97482839198557,0.0008094332203784,0.9971984266696696,grid_intersection_approximation,1987-2015
08391345000397,30,156348.30237157186,74861.99579027451,0.4788155333619173,18913.558667411013,0.1209706685683207,303.239049579455,0.0019395097035258,61944.43799073315,0.3961951428389557,0.0,0.0,55.92439130647611,0.0003576910683274,269.14648226725984,0.0017214544589529,0.9979208544727196,grid_intersection_approximation,1987-2015
08493354000127,30,85269.65168027669,10515.31921354136,0.123318425797834,50326.42782794998,0.5902032767373289,33.16318299538463,0.0003889212907744,23784.47552841952,0.2789324813662982,43.32547128013731,0.0005080995456928,493.1467583855755,0.0057833795338423,73.79369770473477,0.0008654157282291,0.9933512047379286,grid_intersection_approximation,1987-2015
08517600000133,30,98892.60977220806,7503.545819233903,0.0758756982601407,60413.19162337205,0.6108969291287736,0.0,0.0,30708.253461093955,0.3105212162145198,0.0,0.0,225.15301356432929,0.0022767425602676,42.46585494383105,0.0004294138362982,0.9972938436034342,grid_intersection_approximation,1987-2015
08598391000108,30,61289.087476328605,26869.28882008932,0.4384024942526174,3377.113700657238,0.0551013865553401,0.0,0.0,30977.426203851748,0.5054313496805776,0.0,0.0,50.133125320531214,0.0008179780020365,15.125626409765786,0.0002467915094282,0.9989352304885352,grid_intersection_approximation,1987-2015
08657268000102,30,66774.15373134412,8644.240791415776,0.1294548909776467,10120.897199847936,0.1515690822614968,631.9581435451295,0.009464113107112,45985.15776392676,0.6886670245038402,576.8034704255559,0.0086381247562678,770.9468478454053,0.011545587697707,44.14951433755402,0.0006611766959291,0.9877932356063636,grid_intersection_approximation,1987-2015
08704527000109,30,75047.22080191548,3750.330341740653,0.0499729410585305,54427.64839015955,0.7252453563046583,0.0,0.0,16201.746232185784,0.2158873581068342,0.0,0.0,76.94158408171187,0.0010252422842518,590.5542537477727,0.0078691022457249,0.991105655470023,grid_intersection_approximation,1987-2015
08793343000162,30,10846.961884950695,2798.2157489277693,0.2579723040061635,6005.3039402821705,0.553639258990488,0.0,0.0,1975.2675775453736,0.1821033021500612,2.829811616099041,0.000260885181133,63.1962011802422,0.0058261660592651,2.148605399041424,0.0001980836128891,0.993975750327846,grid_intersection_approximation,1987-2015
08830263000130,30,35308.50734918591,6956.9199975961965,0.1970324015341475,18501.071001981163,0.5239833793882464,0.0,0.0,9836.274206912803,0.2785808561556085,1.6837981393105372,4.7688171087452095e-05,10.315269863096091,0.0002921468687725,2.2430746933357946,6.35278821376603e-05,0.9996443252490896,grid_intersection_approximation,1987-2015
08906558000142,30,64602.69970227736,16828.545868117002,0.260492919733566,18779.4679150277,0.2906916893809887,0.0,0.0,28894.42183849951,0.4472633801940158,0.5564487617175214,8.613397958319468e-06,87.66172922995591,0.0013569360047481,12.045902641468343,0.0001864612887229,0.9984566027065288,grid_intersection_approximation,1987-2015
09022388000104,30,69585.65132671375,3776.388356733693,0.0542696415817544,50525.22858806146,0.726086881774504,0.0,0.0,15186.863227201551,0.2182470514775702,7.594349441282102,0.0001091367156373,85.64002926326837,0.0012307139134356,3.936776012497258,5.657453709836787e-05,0.998712711549466,grid_intersection_approximation,1987-2015
09075242000119,30,0.0244953284471698,0.0,0.0,0.0,0.0,0.0,0.0,0.0,0.0,0.0,0.0,0.0244953284471698,1.0,0.0,0.0,0.0,grid_intersection_approximation,1987-2015
09538989000166,30,30560.06805060752,4896.1952697021725,0.1602154570334747,14774.268788007828,0.4834501272556597,0.0,0.0,10866.742850931038,0.3555863433594354,1.05968452204957,3.467546342811576e-05,20.603477913954407,0.0006741960744274,1.1979795304778365,3.92008135745634e-05,0.999286603111998,grid_intersection_approximation,1987-2015
09538989000409,30,214169.81949878248,51734.44238283643,0.2415580426033395,59356.88668658841,0.2771486982876495,1620.975843000602,0.0075686473789544,101250.5697952967,0.4727583467747765,10.553446837787034,4.927606916084191e-05,167.7278625392693,0.0007831535878014,28.66348168327274,0.0001338352983177,0.9990830111138808,grid_intersection_approximation,1987-2015
09538989000670,30,196112.48278457872,32712.105787195105,0.166802772178087,90277.19006304708,0.4603337267531959,1119.6339636939822,0.0057091417527147,71785.4416371705,0.3660421846579943,9.53499610088215,4.862003665190421e-05,171.55417857373874,0.0008747743954788,37.022158797421966,0.0001887802258772,0.998936445378644,grid_intersection_approximation,1987-2015
09538989000751,30,178039.138033831,5381.953831967654,0.0302290490248552,140761.79166016277,0.7906227429241721,397.9376421089537,0.0022351132818523,31286.69533419093,0.1757293125528715,8.118582572331864,4.5599988081211504e-05,176.85793477363785,0.0009933654854026,25.783048054726347,0.0001448167427648,0.9988618177718324,grid_intersection_approximation,1987-2015
10249419000216,30,117034.9430673364,17298.51187496328,0.1478063851837013,58084.8654835668,0.4963036163494136,0.0,0.0,41182.07287219379,0.3518784372672319,0.0,0.0,57.75339346893709,0.0004934713680828,411.7394431436077,0.0035180898315703,0.9959884388003468,grid_intersection_approximation,1987-2015
10249419000305,30,100080.28065612924,7377.560674884495,0.0737164267178008,62763.066355955125,0.6271272017272397,0.0,0.0,29388.432271523805,0.2936485797087337,0.0,0.0,145.91710069061972,0.0014580005145267,405.3042530751952,0.0040497913316989,0.9944922081537744,grid_intersection_approximation,1987-2015
10452413000160,30,12028.823068411572,8043.978298780968,0.6687252986457959,1190.85114870305,0.0989998058771267,30.07360481117438,0.0025001286194116,2658.976274118432,0.2210504102517781,14.09401977841828,0.0011716873461569,77.24349662077114,0.0064215340255205,13.60622559875983,0.0011311352342101,0.9924473307402694,grid_intersection_approximation,1987-2015
10921675000127,30,0.0,0.0,0.0,0.0,0.0,0.0,0.0,0.0,0.0,0.0,0.0,0.0,0.0,0.0,0.0,0.0,grid_intersection_approximation,1987-2015
11092881000134,30,69844.85069411894,1724.4869874754877,0.0246902523283751,61387.25555873472,0.878908823609292,0.0,0.0,6565.567333157659,0.0940021672021483,0.0,0.0,56.75882576608095,0.0008126415219162,110.78198898499524,0.0015861153382682,0.9976012431398156,grid_intersection_approximation,1987-2015
12229415001001,30,69904.29873856845,17560.433479506242,0.2512067754971639,3640.3761545833054,0.0520765706869868,32.37149402285108,0.0004630830236051,48602.45595147495,0.6952713470918407,0.1357899230558487,1.9425117697508505e-06,65.0687489593402,0.0009308261456521,3.457120098711402,4.945504298155554e-05,0.9990197188113664,grid_intersection_approximation,1987-2015
12229415001435,30,166309.3103547404,19693.88087705026,0.1184171880398211,86071.34253606026,0.5175377274577636,116.03143679487684,0.0006976845526409,59693.68125738832,0.3589316865667998,0.0,0.0,584.5939607443376,0.003515100624838,149.78028670234792,0.0009006127581364,0.9955842866170256,grid_intersection_approximation,1987-2015
12229415001605,30,65009.01975922018,22174.13540202841,0.3410932126673617,2728.182912592333,0.0419662213443142,0.0,0.0,39832.51948363025,0.6127229672307254,0.0,0.0,227.99438388155812,0.0035071192386226,46.18757708763037,0.0007104795189759,0.9957824012424014,grid_intersection_approximation,1987-2015
12282034001762,30,78477.375627986,40107.58084222338,0.5110718920106259,7503.876415855725,0.0956183403918485,98.86563431982498,0.0012597979166439,30657.75357779281,0.3906572223200067,18.850049161217765,0.0002401972416938,69.15432314951084,0.0008812007613166,21.294785483522187,0.0002713493578642,0.9988474498808192,grid_intersection_approximation,1987-2015
13537735000281,30,215934.15697940017,17267.51423801013,0.0799665716603484,124640.84349267613,0.5772168944284561,43.33041672413602,0.0002006649495858,73099.7760881835,0.3385280824059582,7.653353026950146,3.544299398487598e-05,644.6603772777084,0.002985448834476,230.37901350162932,0.0010668947271904,0.9959476564383334,grid_intersection_approximation,1987-2015
13537735000362,30,150794.5381744813,17574.50710151456,0.1165460454620674,56444.38895443115,0.3743132187527939,22.04712137893972,0.0001462063656007,75830.39115318081,0.5028722662716006,8.10746383067899,5.376497006342502e-05,747.2864735723138,0.0049556600830438,167.8099065728686,0.00111283809483,0.9939315018221262,grid_intersection_approximation,1987-2015
15009178000170,30,42906.55304832312,17804.55215895501,0.4149611398264222,22653.257115875836,0.5279673035110233,0.0,0.0,150.9562420540608,0.0035182561014409,37.99795035084698,0.0008855978318289,2257.4779528725844,0.0526138268513464,2.3116282147820986,5.387587793824053e-05,0.9473322972707152,grid_intersection_approximation,1987-2015
15043391000107,30,12281.240402040792,42.503265999113104,0.0034608284348908,12079.857498755564,0.983602397095674,0.0,0.0,124.42563286183491,0.0101313571584478,0.0,0.0,32.49756746916907,0.0026461144318752,1.956436955110568,0.0001593028791119,0.9971945826890128,grid_intersection_approximation,1987-2015
15444904000183,30,35952.66168162497,13126.13980194626,0.3650950774711317,1304.1241210107933,0.0362733678123563,1.0980322967396747,3.0541057195241474e-05,21118.10542822306,0.5873864253843633,0.0,0.0,391.6252639230745,0.0108928030806472,11.56903422504729,0.0003217851943062,0.9887854117250464,grid_intersection_approximation,1987-2015
15527906000721,30,62071.87587338884,5619.517486747797,0.0905324256384681,21906.22712417888,0.3529171112673012,0.0,0.0,34447.972494964466,0.554969090433641,0.0462913445975319,7.457700278295882e-07,89.67029192539421,0.0014446202996716,8.442184227708363,0.0001360065908903,0.998419373109438,grid_intersection_approximation,1987-2015
15527906002937,30,30864.88500084448,5363.837454100666,0.1737844626329859,1735.7194373779284,0.0562360571675688,4.673937190372321,0.0001514321919632,23715.10929089996,0.768352426722183,1.0068158437454549,3.2620106756202324e-05,43.60241200750264,0.0014126866828212,0.9356534243034016,3.0314495721523077e-05,0.9985569988214572,grid_intersection_approximation,1987-2015
15527906003585,30,54775.83638036252,10220.348781705055,0.1865849881457787,19689.31910202558,0.3594526419515216,0.0,0.0,24803.98997363605,0.4528272247893677,0.1542984207750672,2.816906705059171e-06,52.907923574503705,0.0009658989633149,9.116301000559591,0.0001664292433118,0.9988676717933732,grid_intersection_approximation,1987-2015
15527906003666,30,73204.27819230389,7186.04336741305,0.0981642541237232,13322.786333165115,0.181994641053175,1097.845679732393,0.0149970152953138,50177.692907917866,0.6854475468783893,142.61208791775195,0.0019481387077284,1095.6440732822623,0.0149669404621962,181.6537428754509,0.0024814634794739,0.98255159605833,grid_intersection_approximation,1987-2015
16617789000164,30,5458.946229452083,1069.4053477440373,0.1958995935835356,357.92320178256136,0.0655663541530223,0.0,0.0,4012.036148561077,0.7349469989126027,1.545761572245738,0.0002831611646779,9.915085380894707,0.0018163002462638,8.120684411267305,0.0014875919398975,0.9966961078138384,grid_intersection_approximation,1987-2015
19537471000161,30,235785.52197774875,17317.27218665201,0.0734450191911539,150529.61734383923,0.6384175588102683,87.87778259295166,0.0003727021992522,67178.83483540732,0.2849150120495822,0.0,0.0,509.290516977569,0.0021599736604083,162.62931227966496,0.0006897340893348,0.9971502922502568,grid_intersection_approximation,1987-2015
19818301000155,30,70459.76515660287,5280.547336260521,0.0749441518081142,41843.02156390795,0.5938569546876611,0.0,0.0,23039.40341876846,0.3269866620696423,0.0,0.0,227.7604479351262,0.0032324894559172,69.03238973080889,0.0009797419786651,0.9957877685654176,grid_intersection_approximation,1987-2015
21783238000100,30,11853.956562544392,5698.610626588912,0.4807349003281427,2770.277990863383,0.2337007037478764,52.2607886722522,0.0044087211216365,3245.113706256252,0.2737578536865925,9.654638756927366,0.0008144655082872,67.8174324074167,0.005721079881607,10.221378999249076,0.0008622757258573,0.9934166443925356,grid_intersection_approximation,1987-2015
22587687000146,30,17695.75976047892,2022.3885098218527,0.1142866165225967,5485.458070399347,0.3099871463360603,14.29483160421685,0.0008078111252472,9974.264382117794,0.5636527912406429,3.365817050982571,0.0001902047211614,98.72710097734068,0.0055791388622846,97.2610485073879,0.0054962911920067,0.9889245699457088,grid_intersection_approximation,1987-2015
23796998000188,30,509.8670734466257,398.41819086184137,0.781415807395825,10.026721132481937,0.0196653631008231,0.0,0.0,101.4221614523024,0.198918829503352,0.0,0.0,0.0,0.0,0.0,0.0,1.0,grid_intersection_approximation,1987-2015
23858708000183,30,28231.95029596001,4206.33216125447,0.1489919087118963,10237.576824109112,0.3626237903080364,2.2964812057469786,8.134334261971283e-05,13770.247928507802,0.4877540440583137,0.0,0.0,14.761666160562909,0.0005228709318985,0.735234722319336,2.6042647235198195e-05,0.999451086420866,grid_intersection_approximation,1987-2015
28144326000101,30,85113.53860733441,8905.63210039452,0.1046323798318391,44720.31179108013,0.5254194869913033,0.3101528405060003,3.643989494278573e-06,31200.99301081784,0.3665808462595066,0.6210198083798877,7.296369279685583e-06,225.0973089228116,0.0026446710195105,60.57322347023091,0.0007116755390664,0.9966436534414228,grid_intersection_approximation,1987-2015
33664228000135,30,27807.672660281085,13866.835157399417,0.4986693898049951,11122.155840330674,0.3999671592875493,0.0,0.0,522.5395409412861,0.0187912000880121,41.90908544792632,0.0015071051058432,2251.750151508636,0.0809758579589765,2.4828846531490973,8.928775462376289e-05,0.9189348542863998,grid_intersection_approximation,1987-2015
35637796000172,30,125535.29981152792,61911.75204998838,0.4931820144846862,3820.2475393343407,0.0304316598205433,1437.2976597884358,0.0114493505965757,57845.54303799869,0.4607910533917149,84.05908636950741,0.0006696051747652,349.7016232384268,0.0027856835787499,86.69881481013363,0.0006906329529646,0.9965236834682856,grid_intersection_approximation,1987-2015
37216363000250,30,70539.4903607536,23203.65356236136,0.3289455798970627,13277.893268504127,0.1882334732020067,7.775388036010498,0.0001102274484298,33940.31171257639,0.4811533445875294,0.0,0.0,108.8992032961556,0.0015438047927369,0.9572259795521896,1.3570072234102304e-05,0.9984426251350288,grid_intersection_approximation,1987-2015
38278706000192,30,82245.18008475185,8673.321170926221,0.1054568931819293,12980.388310841376,0.1578255199571011,789.9513452369087,0.0096048345255354,58140.38462100856,0.7069154029585221,101.60550271517717,0.0012353976562574,1409.2761914704615,0.017135061167332,150.2529425531302,0.0018268905533223,0.9810380482793456,grid_intersection_approximation,1987-2015
43533819000399,30,166345.8581846189,42708.87042356029,0.2567474230477074,4129.362329231677,0.0248239563899974,2205.429514463377,0.0132580969465177,116506.16010412364,0.7003850975046179,14.13537764154443,8.497583165464983e-05,642.0578606367895,0.0038597766583656,139.8425749615702,0.0008406736211391,0.9952995497204952,grid_intersection_approximation,1987-2015
43545284000104,30,104546.13592412155,44440.07523178159,0.425076210028802,7365.03964882922,0.0704477461909705,151.92371134429868,0.0014531738547904,52532.676265430346,0.5024831936740157,2.841637567922129,2.7180703933281264e-05,46.756724953454366,0.0004472353238133,6.822704214744066,6.526022367479855e-05,0.999487504452512,grid_intersection_approximation,1987-2015
43619832001760,30,139476.1176011706,69715.62474243897,0.4998391548421896,6386.86810116034,0.0457918402878367,605.475091225697,0.0043410664251283,62501.32633922564,0.4481148989101276,2.610808419543979,1.8718677178909853e-05,98.1060305681206,0.0007033894565996,166.10648813228036,0.0011909314009388,0.9981056791424614,grid_intersection_approximation,1987-2015
43932102000581,30,122618.48962063924,67651.91227776578,0.5517268438639988,4228.831448512311,0.0344877143862691,1529.232321271685,0.0124714659755055,48910.14345013692,0.3988806549604109,37.628869826253805,0.0003068776164399,170.5223895063967,0.0013906743594213,90.2188636198834,0.0007357688379542,0.9978735568026244,grid_intersection_approximation,1987-2015
44207249000148,30,72295.51186393773,6567.786209711901,0.0908463892208504,8207.383190273837,0.1135254869724191,672.2186064223354,0.0092982066118775,55555.340208353264,0.7684479821224592,68.50038858304114,0.0009475054096298,924.6864509172666,0.012790371450133,299.5968096760938,0.0041440582126307,0.9830655703372364,grid_intersection_approximation,1987-2015
44209336003583,30,70826.273068619,5435.046924716648,0.0767377230120661,8093.34912132936,0.1142704362474111,602.9254854311348,0.0085127377074747,55554.93886744511,0.7843832021716224,64.27534358781026,0.0009075070705123,753.2420504668484,0.0106350654613307,322.49527564209114,0.0045533283295825,0.9848116062090868,grid_intersection_approximation,1987-2015
44330975000153,30,156294.6376909673,17808.690484861265,0.113943067708269,6303.007654840275,0.0403277281163213,3000.017620356854,0.0191946292251473,127979.61514090156,0.8188356109436624,32.97191114160418,0.0002109599640059,991.3737611178558,0.0063429800008752,178.9611177478906,0.0011450240417188,0.992511995957406,grid_intersection_approximation,1987-2015
44330975002288,30,211317.4796118361,73838.984166485,0.3494220369375879,23007.960774999457,0.1088786446689701,757.63387158507,0.0035852872794846,113296.47499852288,0.5361434141966598,4.13303854663706,1.955843195853432e-05,353.3283131435891,0.0016720259667709,58.96444855350909,0.0002790325185678,0.9980489415146612,grid_intersection_approximation,1987-2015
44330975002520,30,54921.49812165309,23708.24459425793,0.4316751254990044,3963.024413443152,0.0721579809178713,68.24021480437138,0.0012425046136435,27119.287535027408,0.4937827346762685,0.3446881300337286,6.276014708670765e-06,52.92708521532738,0.0009636861161014,9.42959077487427,0.0001716921624021,0.9988646217214966,grid_intersection_approximation,1987-2015
44346583000182,30,220722.12085927196,15627.799196031345,0.0708030492602747,120592.27417285251,0.5463533682232955,888.1829817051738,0.0040239871665217,82310.22049791523,0.3729133272980582,18.83768637717196,8.534571117673563e-05,1076.085973525173,0.004875297361841,208.720350865301,0.0009456249788319,0.9941790776593268,grid_intersection_approximation,1987-2015
44373108000103,30,214169.81949878248,51734.44238283643,0.2415580426033395,59356.88668658841,0.2771486982876495,1620.975843000602,0.0075686473789544,101250.5697952967,0.4727583467747765,10.553446837787034,4.927606916084191e-05,167.7278625392693,0.0007831535878014,28.66348168327274,0.0001338352983177,0.9990830111138808,grid_intersection_approximation,1987-2015
44691236000197,30,102086.32275691292,21869.887189678204,0.2142293560887151,6295.533626834053,0.0616687275711255,1763.8474135376532,0.0172779993039587,70495.9636026768,0.6905524824372524,201.92975654023329,0.0019780294860954,1234.62474299813,0.0120939290362922,224.53642464785088,0.0021994760765603,0.9857065948871474,grid_intersection_approximation,1987-2015
44836856000177,30,22392.52064780388,4176.630720860144,0.1865190072413648,4862.705588782696,0.2171575797680285,44.57997702138545,0.0019908422871436,13035.519209315771,0.5821371972518071,7.191080738453655,0.0003211376178482,256.8784986395882,0.0114716204879231,9.015572445841736,0.0004026153458845,0.9881257641661924,grid_intersection_approximation,1987-2015
44845915000173,30,109487.4748205492,48063.62148058892,0.4389873961324393,5555.294315096297,0.0507390852168384,67.57745717477574,0.0006172163280369,55730.644004425056,0.509013876662769,2.4721469969599044,2.257926763779849e-05,40.22001770103029,0.0003673481169142,27.645398566168087,0.0002524982753641,0.9993801536077216,grid_intersection_approximation,1987-2015
44870939000182,30,167511.65026588726,8460.764629917145,0.0505085145808519,24681.50349500002,0.1473420114709852,3315.778804558824,0.0197943175850501,127773.63339583809,0.762774608172184,106.30104323887215,0.0006345889558734,2945.633253255564,0.0175846470892026,228.035644078754,0.0013613121458525,0.9810540407649448,grid_intersection_approximation,1987-2015
45281813000135,30,117079.25082825204,24224.63714376549,0.2069080300086778,8335.93119425086,0.0711990479549544,3356.1880035001705,0.0286659504545642,79543.02822128261,0.6793947489292299,171.4065935361615,0.0014640219537072,1337.8754430977249,0.0114270926200262,110.18422881901222,0.00094110807884,0.9876317993011338,grid_intersection_approximation,1987-2015
45353547000109,30,86435.01673768663,10174.54216709254,0.1177131971637176,6454.527838456231,0.0746749185928251,968.9318561310744,0.0112099458379419,66858.54171164578,0.7735122203371393,181.27501781171912,0.0020972405010558,1601.8785825770483,0.0185327503023275,195.31956397223524,0.0022597272649925,0.97920752243268,grid_intersection_approximation,1987-2015
45483450000110,30,128506.8216149088,63264.52785606801,0.4923048213397593,14733.645659224178,0.1146526345766756,203.7072916772981,0.0015851866003482,50159.806771595366,0.3903279696848096,2.0644265419919616,1.606472338237689e-05,64.04062781143585,0.0004983441890995,79.02898199052966,0.0006149788859252,0.9988866769249752,grid_intersection_approximation,1987-2015
45483450002164,30,109047.705503602,61439.4827746142,0.5634183909773761,5627.384462075129,0.0516047947647027,431.5002672722888,0.0039569862133232,41437.312202183246,0.3799925180527023,13.73118970208548,0.0001259191070428,55.777363552200974,0.0005114950680952,42.517244202845454,0.0003898958167573,0.9990986091151476,grid_intersection_approximation,1987-2015
45765914000181,30,63571.25388732993,7223.534760977071,0.11362894892367,4390.320186526841,0.0690614061869535,432.5450822893761,0.0068040986426977,49536.52742238587,0.7792284152548193,207.03906776161847,0.0032568032735135,1617.1256176766135,0.0254380009641262,164.16174971253452,0.0025823267542195,0.9719796722816542,grid_intersection_approximation,1987-2015
45902707000121,30,151500.5281627929,80114.96227780898,0.5288097886478819,8664.707311450373,0.0571925881482064,2115.059102009091,0.0139607374816303,60258.31907690137,0.3977432937537457,19.99284383773552,0.0001319655058644,211.35156414679855,0.001395054965879,116.13598663855856,0.0007665714967921,0.9978383735373288,grid_intersection_approximation,1987-2015
45968162000156,30,133967.81275690717,65985.21096036886,0.4925452584652037,6437.641457346272,0.0480536430719203,590.3862566583435,0.0044069261452348,60696.18569594823,0.4530654374874746,1.9593768188759797,1.4625728214518132e-05,100.85158477402766,0.0007528045931228,155.57742499255178,0.0011613045088289,0.998085890898048,grid_intersection_approximation,1987-2015
47063128000168,30,161669.1391362142,29765.44989507369,0.1841133691569597,3261.5294743244804,0.0201741005843822,2361.8929449351945,0.0146094236510109,125443.10696372284,0.775924877400571,11.127257483412114,6.882734418494585e-05,642.3937195075068,0.0039735086296603,183.6388811670435,0.0011358932332306,0.994890598137109,grid_intersection_approximation,1987-2015
47080619001199,30,223851.6408942874,57146.2235006883,0.2552861496676509,20440.244442723237,0.0913115685061072,4702.986673426674,0.021009391106709,140920.86102000016,0.6295279340237188,3.586093023749558,1.6019954150986404e-05,507.9615211220695,0.0022691882851193,129.77764330323814,0.0005797484565437,0.9971510632583368,grid_intersection_approximation,1987-2015
47080619003051,30,220251.17426396595,87612.69432551722,0.3977853676299379,9055.121061508087,0.0411127027665956,1553.6154232098004,0.0070538349155307,121571.564518854,0.5519678381970999,7.932973280368269,3.601784783612905e-05,367.97086101322833,0.0016706873969817,82.27510058324198,0.000373551246018,0.9979557613570004,grid_intersection_approximation,1987-2015
47080619003302,30,262172.8575127932,21922.439382475044,0.0836182646458941,138278.21619894673,0.5274314721622134,2089.806830895194,0.0079711029231667,98614.41176357852,0.3761427201088749,13.244881204107273,5.051965077453131e-05,1100.3460549691847,0.0041970250673851,154.39240072442348,0.0005888954416911,0.9952140794909236,grid_intersection_approximation,1987-2015
47080619006158,30,186870.28679290708,9335.278344490487,0.0499559266735433,27497.66358170376,0.1471483993181706,3910.637623445405,0.0209270167588453,142604.3938278832,0.7631196819744804,100.59361929454376,0.000538307191694,3193.377006079665,0.0170887360472594,228.34279001001352,0.0012219320360067,0.9816893319167338,grid_intersection_approximation,1987-2015
47080619006239,30,271903.22110203805,23390.476556764297,0.0860250072138221,95100.2831154642,0.3497578393150981,4509.894895342639,0.0165863974581242,146780.6943846114,0.5398269788408593,18.21600671192681,6.699444985644661e-05,1971.8685602072364,0.007252097096221,131.78758293635312,0.0004846856260187,0.9922632172777602,grid_intersection_approximation,1987-2015
47254396000167,30,60074.54383590961,9330.986996152256,0.1553234764734851,6796.815641771643,0.1131396962469957,20.701013761251826,0.0003445887798631,43695.80972377944,0.7273598255382879,23.680136246814392,0.000394179210274,104.23019094261863,0.001735014272057,102.32013325557696,0.0017032194790368,0.996561766248906,grid_intersection_approximation,1987-2015
47524632000118,30,141015.67724471522,44715.92816877706,0.317098985321881,5047.921894750196,0.0357968843846358,2082.253423544242,0.0147661129899106,88428.06796259797,0.6270796956081842,48.719558181851816,0.0003454903676936,588.8078265558045,0.0041754777770843,103.97841030810122,0.0007373535506102,0.9950871686723056,grid_intersection_approximation,1987-2015
47524632000894,30,206589.3093699508,94762.57595844762,0.4587002892233455,9143.107258372174,0.044257407540867,1301.3296964181238,0.0062991144139397,100827.64808209428,0.4880584014225862,15.00336616323681,7.262411694483892e-05,474.1551401714554,0.0022951581648514,65.48986828385767,0.0003170051174651,0.9973878367176836,grid_intersection_approximation,1987-2015
47902283000120,30,3837.193378019536,6.07895517376475,0.0015842191348986,3608.3102054321134,0.940351410513078,0.0,0.0,217.16948442779795,0.05659591869198,0.0,0.0,4.726531430371236,0.0012317678482002,0.9082015554888048,0.0002366838118431,0.9985315483399566,grid_intersection_approximation,1987-2015
48295562001108,30,75026.39470504835,42385.55248475406,0.5649418801394442,3739.1695097260863,0.0498380539865457,556.6177222497023,0.0074189586803142,28299.01522943678,0.3771874597025332,1.192753499826616,1.5897785099706496e-05,31.23030962744598,0.0004162576350659,13.616695754461729,0.000181492070997,0.9994022502939373,grid_intersection_approximation,1987-2015
48295562001450,30,171187.83968945805,39666.93859303852,0.2317158664131518,69414.24420618798,0.4054858355132487,3640.862021587717,0.021268228094895,58408.30025466863,0.3411942130972839,4.284812843100156,2.502989027066985e-05,46.42137661759045,0.000271172162122,6.788424514518025,3.965482902776571e-05,0.9996891730088502,grid_intersection_approximation,1987-2015
48295562001884,30,185837.7548069648,58765.05138197048,0.316216968091395,62877.56052061895,0.3383465355892388,3402.5692576468946,0.0183093540985858,60712.08184236448,0.326694012771667,5.517883783148987,2.969194170947974e-05,53.52155728538307,0.0002880015276819,21.45236329544878,0.0001154359797218,0.9995965624925964,grid_intersection_approximation,1987-2015
48295562001965,30,142015.14004490813,18134.67748384249,0.1276953814791009,78708.05016655236,0.5542229521561098,1008.2933800602724,0.0070999006144093,44023.014428710754,0.3099881774210113,1.7400866727000133,1.2252825101251612e-05,37.63292045319707,0.0002649923130822,101.73157861634635,0.0007163431911849,0.9990186644957328,grid_intersection_approximation,1987-2015
48708267046156,30,164616.48677209334,12632.32130755082,0.0767378866798432,12565.3547106605,0.0763310829738267,3293.360900608912,0.0200062640455234,134222.91751080766,0.815367404217752,63.65288874218204,0.0003866738380239,1666.7558043612748,0.0101250842916411,172.12364936200652,0.0010456039533895,0.9888293117549694,grid_intersection_approximation,1987-2015
49049638000106,30,91842.73315984385,19576.84883171857,0.2131562090780427,1992.9691289833545,0.0216998020465568,1184.3318154827712,0.0128952152743707,67121.2729991915,0.7308283485245707,262.1787293595046,0.0028546485970012,1413.873580770204,0.0153945068066461,291.25807433792903,0.0031712696728114,0.9814342235205424,grid_intersection_approximation,1987-2015
49213747000117,30,192757.52959317545,11365.164585165858,0.0589609371377222,57671.71064326593,0.2991930367907547,2735.0482751292298,0.0141890606343715,117840.40766343629,0.6113401012772078,95.07577678503796,0.0004932402743783,2774.714977296978,0.0143948461217217,275.407672096138,0.0014287777638435,0.9841763761144348,grid_intersection_approximation,1987-2015
49213747011585,30,192757.52959317545,11365.164585165858,0.0589609371377222,57671.71064326593,0.2991930367907547,2735.0482751292298,0.0141890606343715,117840.40766343629,0.6113401012772078,95.07577678503796,0.0004932402743783,2774.714977296978,0.0143948461217217,275.407672096138,0.0014287777638435,0.9841763761144348,grid_intersection_approximation,1987-2015
49213747011828,30,102069.01565179578,5966.282976667533,0.0584534193708819,18905.627727114537,0.1852239644556806,1249.1993599500042,0.0122387715015455,73056.58945645698,0.715756774863848,129.5016368380357,0.0012687654133926,2502.79569604015,0.0245206214643857,259.01879872854727,0.0025376829302653,0.9729416956053488,grid_intersection_approximation,1987-2015
49213747012980,30,266247.1023238092,26185.541328735064,0.098350521377274,144302.20276152497,0.5419860028599482,1854.9113491789528,0.0069668790119751,93026.29741890776,0.3493983469002016,2.836806970472058,1.0654790026679574e-05,718.7771344989744,0.0026996618112478,156.53552399300898,0.0005879332493265,0.9967124049394258,grid_intersection_approximation,1987-2015
49605157000210,30,32562.97407093004,2451.512384442381,0.0752852727488095,16114.295287281382,0.4948655872826771,20.544388123782134,0.0006309125228866,13626.79336914664,0.418475085827977,206.3866806762222,0.0063380783409605,126.7568899262042,0.0038926693136227,16.685071333427874,0.0005123939630662,0.9955949367233108,grid_intersection_approximation,1987-2015
49972326000170,30,230219.82040029447,68675.3055645057,0.2983031845177213,33358.701001343594,0.1448993442151991,1504.4138835645736,0.0065346844635217,126020.80567587107,0.547393380190952,0.0,0.0,556.2210121656799,0.0024160431156559,104.37326284384788,0.0004533634969498,0.9971305933873942,grid_intersection_approximation,1987-2015
49972326003861,30,33795.15544291158,3740.80662862789,0.1106906176226069,19820.20204113391,0.5864805704064644,0.0,0.0,10220.004129531328,0.302410330581123,1.071086026927147,3.169347833704975e-05,12.028343398235634,0.0003559191618027,1.0432141932889711,3.086874966594604e-05,0.9996132120885316,grid_intersection_approximation,1987-2015
49976251000103,30,136938.71234981364,26435.0913085532,0.1930432297407912,7677.220356880235,0.0560631849470628,2462.809756308954,0.0179847591236117,99403.18072080788,0.7258953952106675,64.29681202009151,0.0004695298423417,786.6648234766864,0.0057446489015255,109.44857176658348,0.0007992522339993,0.993456098864475,grid_intersection_approximation,1987-2015
50227255000160,30,178402.64565968813,9379.645538987172,0.0525757087531051,131159.90169030102,0.7351903398366357,490.126096993792,0.0027473028507028,37169.96661312543,0.2083487409936116,7.887601381168508,4.4212356560084304e-05,168.692630424368,0.0009455724706356,26.42548847518468,0.000148122738749,0.9989063047906154,grid_intersection_approximation,1987-2015
50376938000189,30,87119.78213503129,4138.174305084476,0.0474998238479351,7481.183022135336,0.0858723798291859,1025.0764154582607,0.0117662876368244,72807.17328320314,0.8357134453155045,116.11103041449228,0.0013327745727661,1390.4933732815289,0.0159607076510629,161.57070545405105,0.0018545811467207,0.9821847112022164,grid_intersection_approximation,1987-2015
50376938000936,30,160462.35068697948,66283.32158597166,0.4130770944224372,14157.779878086723,0.088231163369312,49.54080492467119,0.0003087378734798,79633.32289702391,0.4962741886560537,1.5294894206929088,9.53176501618468e-06,287.97941880195094,0.0017946852801859,48.87661274988108,0.0003045986335151,0.997900716086299,grid_intersection_approximation,1987-2015
51466860000156,30,65467.32479036105,3355.8989594701925,0.0512606704217168,8007.869686954964,0.1223185720906986,499.3453267999287,0.0076273977652046,51726.04937451304,0.7901048277159602,103.65608733040452,0.0015833255393027,1626.8308797749362,0.0248495090487408,147.67447551758443,0.0022556974183757,0.9728947935328832,grid_intersection_approximation,1987-2015
51466860002957,30,76353.81048760093,7169.079921060278,0.0938928898934842,4005.752239730495,0.05246302986255,364.1445878218444,0.0047691737386306,63857.4846689516,0.8363365791589589,22.90973277209133,0.0003000470130539,512.6470389725577,0.0067140989519548,421.792298292071,0.0055241813813675,0.9877617196666778,grid_intersection_approximation,1987-2015
51466860005034,30,85642.9149282597,12837.887648636042,0.149900171653311,5037.28774271427,0.05881733178902,2208.6395048506715,0.0257889342825472,63766.13797224245,0.7445582395888473,210.4165696907692,0.0024569057448246,1386.1302527488226,0.0161849962009109,196.4152373766692,0.0022934207405387,0.9815215830585502,grid_intersection_approximation,1987-2015
51466860006278,30,136970.11232172907,28763.377215010005,0.2099974711815064,49060.84426299574,0.3581864936180875,0.0,0.0,58984.507954732006,0.4306378008669753,0.0,0.0,48.085665172162656,0.0003510668448545,113.29722381916044,0.0008271674885761,0.9988217656665692,grid_intersection_approximation,1987-2015
51843514000140,30,188761.587567909,14788.780394007368,0.0783463446379785,14690.021656983035,0.0778231516605471,3908.291086456568,0.0207049068447282,153277.41777739243,0.8120159390069192,33.93159655737827,0.0001797590123847,1881.7837993775345,0.0099691034792793,181.36125713471048,0.0009607953581629,0.989070101162558,grid_intersection_approximation,1987-2015
51843514009600,30,198593.99905050933,97070.35156533508,0.4887879393608803,11096.343077645746,0.0558745134832778,1607.6961496879076,0.008095391388332,88324.35056441775,0.4447483357337187,16.189895302402164,8.152258064094129e-05,398.0068440409423,0.0020041232159271,81.06095407950532,0.0004081742372229,0.99758770254685,grid_intersection_approximation,1987-2015
51990778000126,30,220722.12085927196,15627.799196031345,0.0708030492602747,120592.27417285251,0.5463533682232955,888.1829817051738,0.0040239871665217,82310.22049791523,0.3729133272980582,18.83768637717196,8.534571117673563e-05,1076.085973525173,0.004875297361841,208.720350865301,0.0009456249788319,0.9941790776593268,grid_intersection_approximation,1987-2015
53009825000133,30,173349.65441880902,8679.881112932542,0.0500715224500081,88428.08730488169,0.5101140097530356,115.97728101116876,0.0006690367015729,74567.84840601379,0.4301586216368189,34.81175316879572,0.0002008181284555,1311.4316542543995,0.0075652395076947,211.61690654663,0.0012207518224141,0.9912140086698912,grid_intersection_approximation,1987-2015
53172300000114,30,143262.48696120782,43177.14143247709,0.3013848380572121,5116.958402013441,0.035717364053571,2195.2150782707185,0.0153230278549131,92011.10293776204,0.6422553795445176,41.2209378345548,0.0002877301567835,613.0034583645263,0.0042788832678195,107.84471448546142,0.0007527770651828,0.9949683396669976,grid_intersection_approximation,1987-2015
53408860000125,30,109516.83655264442,5647.9522550059455,0.051571543086811,52878.624624193806,0.4828355738596887,66.50537774302198,0.0006072616762542,50566.02562025953,0.4617191950751114,73.76820252094262,0.0006735786463799,233.1179727211896,0.002128603966835,50.842500199995406,0.0004642436889195,0.9974071523442456,grid_intersection_approximation,1987-2015
53811006000105,30,192862.23950179567,10047.115000376964,0.0520947751427692,32152.10563964277,0.1667102161765751,3920.446003247103,0.02032770133425,142997.26015001998,0.7414476805797362,106.59486438867282,0.0005526995054295,3380.2048771003933,0.0175265250773411,258.5129670197911,0.0013404021838986,0.9811330727387604,grid_intersection_approximation,1987-2015
53811006000296,30,144475.12957122878,73131.71937731256,0.506188986259101,13672.382150080472,0.0946348495457811,61.64837657961067,0.0004267058057851,57430.90939429457,0.3975141573829156,42.55274830753795,0.0002945333804774,95.43970682004904,0.0006605960977733,40.47781783398011,0.0002801715281661,0.9990592323740604,grid_intersection_approximation,1987-2015
54470679000101,30,138600.52372669237,10586.255270599042,0.0763796195422333,50888.473639961245,0.3671593170911005,245.55733203775856,0.0017716912276751,74822.90891861929,0.5398457877847797,54.931127603091525,0.0003963269843872,1909.2861025440136,0.0137754609521458,93.11133532794535,0.0006717964176784,0.9855527426301758,grid_intersection_approximation,1987-2015
54844360000107,30,82387.17373092887,8617.807714639299,0.1046013271772678,9199.577395161448,0.1116627380034502,789.61703271845,0.0095842228463533,62065.667830196,0.7533413882226184,94.17884725060424,0.001143125112632,1412.872485202425,0.0171491801602124,207.4524257606496,0.0025180184774656,0.980332801362322,grid_intersection_approximation,1987-2015
54846951000105,30,85761.05581591891,8952.603275322208,0.1043900776424493,11731.206327667103,0.1367894345056508,763.7007437091631,0.0089049829954099,62532.01889996157,0.7291423631045645,99.2223657193668,0.0011569629685103,1525.5096659458914,0.0177879067769444,156.79453759361184,0.0018282720064706,0.980383821216585,grid_intersection_approximation,1987-2015
55090971000161,30,118412.04901087808,60233.22078122011,0.5086747614314714,2676.887484558872,0.0226065464361059,1302.068645066238,0.0109960823745784,53692.67489793959,0.4534392854987844,127.31667595807744,0.0010752003450795,305.116049578205,0.002576731440144,74.7644765569849,0.0006313924738361,0.9967918760860196,grid_intersection_approximation,1987-2015
55109474000168,30,112327.6374940974,7133.521587531234,0.0635063796112162,24220.16880384628,0.2156207443169896,1258.7771009378534,0.0112062990820402,76336.48679820613,0.6795877533008513,155.91711134562678,0.0013880565355415,2879.410843279204,0.0256340372460028,343.35524895109086,0.0030567299073581,0.971309232846639,grid_intersection_approximation,1987-2015
55109565000101,30,104352.07103283294,6924.779809772856,0.0663597736128693,23809.72905244946,0.2281672880738328,964.4813079522332,0.0092425698733738,69358.80204531696,0.6646614806858425,156.5053731461025,0.0014997821470822,2798.5426858364526,0.0268182764188353,339.2307583588854,0.0032508291881638,0.9699308943930008,grid_intersection_approximation,1987-2015
56723257000207,30,64674.76319209636,8186.183565293451,0.1265746198556449,9131.291561392023,0.1411878623238302,673.2121116534787,0.0104091932993076,45160.11695351284,0.6982648984640065,617.5667387079167,0.0095488055653737,856.943141078107,0.0132500390999936,49.449120458546425,0.0007645813918432,0.985985379508163,grid_intersection_approximation,1987-2015
60329174000124,30,75750.28857710984,12217.768248693712,0.1612900554993485,3831.28994354127,0.0505778923817724,1620.3612477907548,0.0213908260711285,55351.617216206985,0.7307116349776269,1252.1703287860144,0.0165302383965358,1292.3700463368498,0.0170609257154351,184.71154575424043,0.0024384269581522,0.9805006473264124,grid_intersection_approximation,1987-2015
60855574000335,30,78387.23764973668,11632.07501196904,0.1483924598025188,5199.330770525811,0.0663287918596947,1042.07656419098,0.0132939569684463,58151.737891593664,0.7418521131135817,704.5224365812837,0.0089877186351348,1414.9276556322982,0.0180504849776021,242.56731924360216,0.0030944746430213,0.9788550403793764,grid_intersection_approximation,1987-2015
60855574000416,30,79868.10997852912,11316.874342484738,0.1416945304643748,6117.014936073198,0.076588953184414,1262.4405811831325,0.0158065663695123,58595.65046525354,0.7336551532395817,1010.3342709781232,0.0126500335521866,1398.8659401044706,0.0175146994273499,166.9294424519062,0.0020900637625803,0.9803952368100696,grid_intersection_approximation,1987-2015
60855574001307,30,202191.91572800127,63851.703074178935,0.3157975077503863,30261.37193712533,0.1496665770645076,1735.184955790156,0.0085818710878847,106111.74363074527,0.5248070539748588,11.266836094653248,5.572347467052027e-05,170.2170580086248,0.0008418588715367,50.42823605830432,0.0002494077761553,0.998908733352308,grid_intersection_approximation,1987-2015
61082962000393,30,106890.8283679752,9184.357287867191,0.0859227814780304,65533.36812746416,0.6130869142660527,621.0967166316301,0.0058105707113942,31495.402237730646,0.29465018391762,2.9767178759915014,2.784820663700025e-05,44.04335123968447,0.0004120405081721,9.583929165897557,8.966091209345448e-05,0.9994982985797344,grid_intersection_approximation,1987-2015
61082962000474,30,73672.63195317615,27417.825136658448,0.3721575354343835,9198.920470706276,0.1248621126574221,1083.403066783099,0.0147056381462206,35878.34114210148,0.4869968696775289,0.0,0.0,81.0977323171862,0.0011007850563656,13.044404609664896,0.0001770590280791,0.9987221559155552,grid_intersection_approximation,1987-2015
61231478000206,30,97500.2350239149,3546.8160923599025,0.0363775132592238,51665.002111726455,0.5298961802405301,36.2866493297381,0.0003721698652401,41973.51374213688,0.4304965391297938,16.521843472927756,0.0001694543963804,226.78902121257295,0.002326035636293,35.305563676409065,0.0003621074725383,0.9973118568911684,grid_intersection_approximation,1987-2015
68316801000102,30,151103.4022324169,70989.63697291822,0.4698083294228333,9417.508264736434,0.0623249253531106,596.4892867306049,0.0039475569571433,69780.11963263467,0.4618037622032074,0.2529557929537716,1.6740575606940488e-06,109.01917956685624,0.0007214872594276,210.37594003718615,0.0013922647467169,0.9978862479938552,grid_intersection_approximation,1987-2015
68316801002571,30,151103.4022324169,70989.63697291822,0.4698083294228333,9417.508264736434,0.0623249253531106,596.4892867306049,0.0039475569571433,69780.11963263467,0.4618037622032074,0.2529557929537716,1.6740575606940488e-06,109.01917956685624,0.0007214872594276,210.37594003718615,0.0013922647467169,0.9978862479938552,grid_intersection_approximation,1987-2015
71304687000105,30,82857.91415938716,9121.690761406517,0.1100883464657322,12220.589802864724,0.1474885039871622,166.10264774229563,0.0020046684668259,58962.85130712059,0.7116139949371457,264.3487824057571,0.0031903866406442,1946.0701796929984,0.0234868352581202,176.2606781542872,0.0021272642443693,0.9743859004975104,grid_intersection_approximation,1987-2015
71304687001845,30,156653.45303645232,13981.60466162068,0.0892518127791747,62916.66503586699,0.4016296086446728,59.14449741444889,0.0003775499120385,78763.01425305138,0.5027850502262705,6.232068751598852,3.9782517594097885e-05,822.4989454524123,0.0052504361028098,104.29357429481205,0.0006657598174394,0.9940838040797508,grid_intersection_approximation,1987-2015
71304687002817,30,170885.13786955483,88575.92563778284,0.5183360398807606,14678.968109935571,0.0858996182637062,150.09329155906673,0.0008783285277485,67307.86066132554,0.3938777912489089,37.88146223537641,0.0002216779218348,82.24011992754876,0.0004812596399713,52.168586788883744,0.0003052845170696,0.999213455842959,grid_intersection_approximation,1987-2015
71321566000163,30,98699.38617925506,6069.881648953553,0.0614986767793023,20017.52461381401,0.2028130608376707,1058.7729593940394,0.0107272496859415,68538.40074508222,0.6944156736760724,138.82377436246787,0.0014065312838961,2589.686789336439,0.0262381245677974,286.2956483123194,0.0029006831693193,0.9708611922628833,grid_intersection_approximation,1987-2015
71324784000151,30,80992.20294204826,5527.401669337665,0.068246096149436,17624.85844246007,0.2176117922742644,524.1167173817762,0.0064711996753168,54526.35891313583,0.6732297299303078,141.9343017219347,0.0017524440201174,2387.124271972108,0.0294735071433993,260.40862603886666,0.003215230807158,0.9673112620494426,grid_intersection_approximation,1987-2015
71324792000440,30,96080.2199754457,5301.484939651633,0.0551776936085958,15610.051793742923,0.1624689431157863,1204.385544479307,0.012535208024993,71396.38168154904,0.7430913636521141,117.84747524398364,0.0012265529291471,2234.17386057214,0.0232532134204428,215.89468020666212,0.0022470252489204,0.9744997613306364,grid_intersection_approximation,1987-2015
75084871000130,30,75800.56700181337,1720.8943083238744,0.0227029213156506,67591.94311037415,0.8917076188725231,65.67584928155452,0.0008664295252564,6369.430496058859,0.0840287975142255,0.3421187000189311,4.513405552899711e-06,48.4726467462492,0.0006394760443558,3.808472328669839,5.024332243555288e-05,0.9993102806332088,grid_intersection_approximation,1987-2015
75177857000180,30,65287.0764058839,823.6343914288534,0.0126155808587352,59122.27957637814,0.9055740099130836,37.298362523300746,0.0005712977908739,5254.774367615084,0.0804872059968901,0.0,0.0,44.05898508108113,0.0006748500240257,5.030722857439855,7.70554163915122e-05,0.9992480945595827,grid_intersection_approximation,1987-2015
75444430000100,30,81790.30940500915,2391.822639183886,0.0292433499345266,51232.223859945865,0.6263850110439637,54.89816173916181,0.0006712061873652,27913.143130049648,0.3412768986094597,7.925034974921063,9.689454695271889e-05,168.78344611982862,0.0020636117817337,21.513132995839022,0.0002630278959981,0.997673360322268,grid_intersection_approximation,1987-2015
75619056000128,30,91607.95799437189,1596.649220772765,0.0174291541447835,75513.50785906488,0.8243116592960648,146.67362399596985,0.0016011013366871,14216.901237216023,0.155192862590491,6.542657004983368,7.142018169846478e-05,111.82736996120718,0.0012207167631449,15.856026356038411,0.00017308568713,0.9986061975497248,grid_intersection_approximation,1987-2015
75717355000286,30,158290.5477817351,36484.854018827325,0.2304929418093608,54705.94292019808,0.3456046092886824,2613.2290129140547,0.0165090654466456,64405.64103707719,0.4068824193209902,6.9416756543841664,4.3854012457875616e-05,67.60830794362872,0.0004271152566661,6.3308091204437655,3.999486519670928e-05,0.999532889878137,grid_intersection_approximation,1987-2015
75717355000367,30,138165.924099737,24003.951875020724,0.173732792882369,47207.96697492087,0.3416759036826123,1882.4832027095456,0.0136248008687775,65032.974137388665,0.470687505339187,3.585723825039524,2.5952302265579745e-05,26.775431832082337,0.0001937918629831,8.186754040059487,5.925306180523763e-05,0.9997469550752114,grid_intersection_approximation,1987-2015
75717355000448,30,44059.46665546406,12511.719717907035,0.2839734719384169,11141.341363925683,0.2528705454164635,399.9979311320542,0.0090785922185566,19995.009242959917,0.4538186855350919,0.4196522848010224,9.524679181493885e-06,10.758120239480734,0.0002441727296339,0.2206270150871616,5.00748265548513e-06,0.9997508197877104,grid_intersection_approximation,1987-2015
75717355000529,30,102115.1161110382,7390.007066289962,0.0723693743662221,72790.58587044486,0.7128287039432403,223.2589543248485,0.0021863457911763,21653.83616202913,0.2120531904256282,4.948082878692417,4.84559296129278e-05,44.93004776999975,0.0004399940917772,7.549927300718156,7.393545234290775e-05,0.9994860704558798,grid_intersection_approximation,1987-2015
75717355000871,30,111122.66671836564,40567.74489841724,0.3650717364552992,14299.017922796576,0.1286777787563059,1908.997632889154,0.0171791920520356,54267.75415674088,0.4883589978476627,1.290370078611378,1.161212304130309e-05,65.49951666182149,0.0005894343485098,12.362220781379968,0.0001112484171452,0.999299317234345,grid_intersection_approximation,1987-2015
75717355001096,30,107281.26371576011,17160.629134483257,0.1599592374298465,45423.256494944304,0.4234034436366489,736.6743959158645,0.0068667572547212,43935.77247510973,0.4095381705375583,2.027948037448346,1.890309609720258e-05,18.614421270683675,0.0001735104586389,4.288845998820099,3.99775864887584e-05,0.9997865119548722,grid_intersection_approximation,1987-2015
75717355001177,30,93128.48954069852,18141.2921534032,0.1947985223734911,32996.288028393035,0.3543092794817977,790.6816801094584,0.008490223389309,41183.287117781976,0.4422200695071326,1.0605155162642663,1.1387659367124233e-05,13.335033995196856,0.0001431896303801,2.5450114994003084,2.7327958522167384e-05,0.9998294824110976,grid_intersection_approximation,1987-2015
78340270000210,30,113256.59549891906,12960.751230288535,0.1144370548416514,63270.32836829547,0.5586458615463091,302.26369494671457,0.0026688396699121,36681.307658424885,0.3238778942350865,4.810134152904697,4.2471117304162695e-05,30.664178562431182,0.0002707496055955,6.470234248124117,5.7128984141024e-05,0.9996721214102634,grid_intersection_approximation,1987-2015
00297598000122,50,4376.475169620373,78.20150819085863,0.0178686054781483,3727.618544727496,0.851739904890364,0.0,0.0,399.22919941289086,0.0912216301795038,0.0,0.0,159.10846962892742,0.0363553918307113,12.31744766020036,0.0028144676212726,0.960830140548016,grid_intersection_approximation,1987-2015
00372496000124,50,309527.0659995838,28166.859430049743,0.0909996653736498,104632.14881522786,0.3380387704620589,582.9675653134111,0.0018834138573012,171862.52333570184,0.5552423106544515,159.31545425327528,0.0005147060524054,3868.9584321537327,0.0124995803506208,254.29296688396465,0.0008215532495122,0.9866788663998668,grid_intersection_approximation,1987-2015
00595322000120,50,79025.20623777839,4460.061962441727,0.056438472922448,64570.41962795369,0.8170863791695552,0.0,0.0,9816.422744213382,0.1242188816904421,17.109456298232097,0.0002165063163106,148.792674643668,0.0018828508235203,12.399772227684071,0.0001569090777235,0.997960240098756,grid_intersection_approximation,1987-2015
01105558000102,50,22613.27280906081,3879.38152734337,0.1715532979281512,10484.778836349476,0.4636559654535444,137.81589544734666,0.0060944692354361,8012.262044244891,0.3543167816484526,3.9677287824360135,0.0001754601740286,82.8676508592953,0.0036645580477891,12.199126033998583,0.0005394675125977,0.9957959744396132,grid_intersection_approximation,1987-2015
02043917000107,50,61180.74235481648,1853.53507803014,0.0302960540635581,52964.04622229365,0.8656979988103075,0.0,0.0,6264.347120664677,0.1023908321401973,13.434018766904034,0.0002195792049889,75.82692395096704,0.0012393920216137,9.55299111014338,0.0001561437593342,0.998604464219052,grid_intersection_approximation,1987-2015
02414858000470,50,78643.03500943894,34665.9381547822,0.4408011230825654,9570.202773424611,0.1216916764755578,0.0,0.0,33457.57006806682,0.4254358960593415,7.133110687604739,9.07023830749742e-05,895.0746531188055,0.0113814866505517,47.11624935889949,0.0005991153489084,0.9880193980005396,grid_intersection_approximation,1987-2015
02460988000105,50,87672.17812826962,32264.20453177597,0.3680096151434895,15494.6473528186,0.1767339158626697,0.0,0.0,38699.38000224005,0.4414100439665199,15.39601659845514,0.0001756089209501,1145.467280779091,0.0130653453037656,53.082944057446674,0.0006054708026049,0.9863291838936294,grid_intersection_approximation,1987-2015
02635522000195,50,80156.2124154088,28069.7643682557,0.3501882576834396,16026.449471038242,0.1999402041102107,0.0,0.0,34902.724656572376,0.4354338061245876,16.189916720998948,0.0002019795625708,1090.929325015559,0.0136100408457653,50.15467780591619,0.0006257116734257,0.9857642474808088,grid_intersection_approximation,1987-2015
02635522004930,50,100192.29447408004,40248.86297590474,0.4017161517976535,14356.875106781124,0.1432932061506514,0.0,0.0,44266.160779440026,0.4418120276793518,14.094433743651749,0.000140673829436,1246.8754292386377,0.0124448235843247,59.42574897187056,0.0005931169585825,0.9869620594570928,grid_intersection_approximation,1987-2015
02678100000105,50,9218.750313952096,39.00687642680364,0.0042312542479612,9003.381981398048,0.9766380121795794,0.0,0.0,170.20579180248424,0.0184630005159036,0.0,0.0,1.5387027263641355,0.0001669101205654,4.6169615983963,0.0005008229359904,0.9993322669434442,grid_intersection_approximation,1987-2015
02773950000184,50,172362.1345017459,6193.753413705029,0.0359345365013583,140006.35286226386,0.8122802219117662,0.0,0.0,25614.31338749566,0.1486075434232697,0.0,0.0,237.3327426421789,0.0013769424666748,310.38209563917536,0.0018007556969308,0.9968223018363942,grid_intersection_approximation,1987-2015
02783009000141,50,66331.87807385606,27405.319636199736,0.4131545861808068,9509.897799432303,0.1433684387594706,0.0,0.0,28644.81771259226,0.4318408967811554,26.930436457334142,0.0004059953862206,726.0573526461174,0.0109458283668329,18.855136528307032,0.0002842545255135,0.9887699171076536,grid_intersection_approximation,1987-2015
02859452000230,50,257186.12789875723,15970.543479309865,0.0620972196665162,189029.6668771641,0.7349916903433326,0.0,0.0,51765.18221317113,0.2012751723279133,9.017163283514485,3.5060846232982444e-05,214.7113544906653,0.0008348481165951,197.0068113379643,0.0007660086994097,0.9983991431839953,grid_intersection_approximation,1987-2015
02896264000109,50,38844.55856970253,15807.394169403437,0.4069397298218412,5542.423726535687,0.1426821138047014,0.0,0.0,16922.823951408045,0.4356549430479894,26.254159926326903,0.0006758774174049,526.9335831139346,0.0135651839669745,18.72897931510252,0.0004821519410883,0.9859526640919368,grid_intersection_approximation,1987-2015
03345641000338,50,314034.2212083685,54129.23066268599,0.1723672995076867,166454.18577796128,0.5300511044225188,4387.852042611249,0.0139725282987544,88882.33631823417,0.2830339189666174,8.168389314139365,2.601114388969558e-05,95.43284050721142,0.0003038931239404,77.01517705444627,0.0002452445365925,0.9994508623394672,grid_intersection_approximation,1987-2015
03347747000109,50,63451.8255853714,30444.73244674531,0.4798086133200908,5763.784694641208,0.0908371767316026,0.0,0.0,26667.428448512022,0.4202783482191898,0.9821129573503958,1.5478088270746594e-05,542.1736058123322,0.0085446494377512,32.7242767031758,0.0005157342030947,0.990939616359154,grid_intersection_approximation,1987-2015
03445208000455,50,476006.4371848546,167915.08511936004,0.3527580133420571,135969.71709069374,0.2856468032130637,5669.6348291343,0.0119108364640298,166069.79593933505,0.3488814078260935,21.035764690395958,4.419218533010474e-05,245.12523809649156,0.0005149620235099,116.04320354465644,0.0002437849459157,0.9992412530305744,grid_intersection_approximation,1987-2015
03937452000435,50,258683.16831325987,24844.720268056142,0.0960430492252581,143587.20869320043,0.5550697775563014,0.0,0.0,88190.00492811638,0.3409189917657114,0.0,0.0,354.4807073736084,0.0013703276857361,1706.75371651329,0.0065978537669928,0.9920318185472708,grid_intersection_approximation,1987-2015
04165520000105,50,13527.344405247277,7512.495853712044,0.5553562937894844,4583.172746761011,0.3388080180011674,0.0,0.0,0.5203794133278927,3.84687044063162e-05,23.27646764896585,0.0017206974962459,1407.8061359618496,0.104071138708922,0.0728217500787145,5.383299773935446e-06,0.895923477991304,grid_intersection_approximation,1987-2015
04165520000296,50,7170.77461221366,4520.039908397377,0.6303419299636883,2021.0024299385263,0.281838788587253,0.0,0.0,0.0742543705167822,1.035513937229432e-05,22.234222381596755,0.003100672323981,606.8591510261317,0.0846295112933121,0.5646460995106164,7.874269239321508e-05,0.9152917460142946,grid_intersection_approximation,1987-2015
04171382000177,50,647950.1325260397,295869.6891474569,0.4566241664215826,32926.686279000096,0.0508166981163119,3050.7181162650245,0.0047082606563745,314825.08977159124,0.4858785791805345,44.54562534083973,6.874853959390084e-05,1093.3593048381667,0.0016874127343345,140.04428154747217,0.0002161343512679,0.9980964529143976,grid_intersection_approximation,1987-2015
04248044000277,50,639879.9083265926,186355.57330876077,0.2912352316173138,60433.92879398723,0.0944457358444546,10540.934218453924,0.0164733008198686,380773.03884520254,0.5950695339708294,8.56737534920957,1.3389036345296232e-05,1447.3163488603573,0.0022618562171226,320.5494359786836,0.0005009524940656,0.9972371912888116,grid_intersection_approximation,1987-2015
04969941000199,50,409331.19328335015,23784.305161933564,0.058105283819573,106331.86312022,0.2597697533562124,5242.756341515534,0.0128081036274368,266030.84297249,0.6499158806798685,286.29478363395685,0.0006994208805283,7007.603756052898,0.0171196426537716,647.5271475041544,0.001581914982609,0.9812984423636192,grid_intersection_approximation,1987-2015
05242560000176,50,682164.0652265443,142048.93973301104,0.2082328093401359,170594.16821059762,0.2500779165990573,10566.920395076711,0.015490291754913,356523.3687834745,0.5226358100013292,5.038020396463054,7.385350025422323e-06,2009.9474376157937,0.0029464281982491,415.68264637201287,0.0006093587562897,0.9964442130454608,grid_intersection_approximation,1987-2015
05553456000100,50,218075.98685840305,80722.95482885034,0.370159759411126,17336.155681341468,0.0794959405255281,276.21009756833973,0.0012665773134741,119467.06222109922,0.5478230957114472,0.8425603589160122,3.863609061474006e-06,235.8894681677962,0.0010816847446892,36.87200101694923,0.0001690786846737,0.998749236570637,grid_intersection_approximation,1987-2015
05620523000235,50,211527.8528719987,69733.38151287287,0.3296652453380239,51896.36073948432,0.2453405546119178,0.0,0.0,89717.50393393484,0.4241403801712362,0.3263964602418012,1.5430424684512477e-06,168.88036994771605,0.000798383606011,11.399919298727696,5.389323034270148e-05,0.9991477231636464,grid_intersection_approximation,1987-2015
05643160000172,50,28617.119023573665,4878.736961699517,0.1704831628117633,14125.954650047552,0.4936190340617845,0.0,0.0,9446.81384459498,0.3301105829979972,0.0,0.0,161.39878588629597,0.0056399383094203,4.214781345323342,0.0001472818190346,0.9942127798715452,grid_intersection_approximation,1987-2015
05928246000141,50,581575.0262776213,274487.0896346566,0.4719719335121985,38151.8989274882,0.0656009924836008,3068.832907950786,0.0052767618437691,264684.38785868883,0.4551164955496882,40.286888009437405,6.927203918520052e-05,924.7660698734396,0.0015901062254898,217.76399095392824,0.0003744383460681,0.998035455428442,grid_intersection_approximation,1987-2015
05938884000143,50,291383.7895290179,123229.33416239062,0.4229107403729426,20020.954437742468,0.0687099116601634,242.0511954602544,0.0008306954750348,147291.71080198258,0.505490408509202,1.6569875637541611,5.68661546489067e-06,501.6756330379341,0.0017217005580469,96.40631084023522,0.0003308568091452,0.9979474426328078,grid_intersection_approximation,1987-2015
05980986000127,50,217457.64203561985,15797.718172642555,0.0726473350155009,146115.02161281524,0.6719240595319314,31.01772597886162,0.0001426380130332,54357.56243476549,0.2499685084687051,51.50418769377633,0.000236846988736,952.5837905881334,0.0043805486975348,152.2341111357984,0.0007000632845584,0.9949193880179068,grid_intersection_approximation,1987-2015
06044698000808,50,8003.363787839541,2029.247821343967,0.2535493668833651,2401.604925804826,0.3000744423805736,17.620003955369167,0.0022015747906075,457.66390422292585,0.057183943696063,5.324460258438861,0.0006652778006328,3091.902672254014,0.3863253944487576,0.0,0.0,0.6136746055512422,grid_intersection_approximation,1987-2015
06059962000100,50,335849.93921994825,112643.86576564774,0.3353993930362965,46851.47594581662,0.1395012190701442,661.7872629002902,0.0019704849863524,175057.5738836117,0.5212374737664205,1.1851024048903844,3.528666426568148e-06,549.5348290154134,0.0016362510896734,84.51643055156582,0.0002516493846861,0.9981120995256404,grid_intersection_approximation,1987-2015
06252818003799,50,154698.3960248478,17772.67527769037,0.1148859699543084,39962.8550856957,0.2583275335270886,2175.246789867246,0.0140612110129303,92051.43677329567,0.5950380814453324,303.2398824658545,0.0019602005596564,2232.4414393731545,0.0144309281591683,200.5007764598128,0.0012960753415155,0.9842729964993162,grid_intersection_approximation,1987-2015
06315338002324,50,547678.4296532107,246323.93861654316,0.4497601608529939,32815.22891269671,0.0599169642913913,2098.7190415754158,0.0038320279345387,265585.27756513044,0.4849292270526314,42.85522006169654,7.824887331939002e-05,698.6950443592985,0.0012757395700278,113.71525284398246,0.0002076314250973,0.9985166290048748,grid_intersection_approximation,1987-2015
06315338002405,50,404807.5819410512,178686.84030710542,0.4414117923639239,26683.637878017445,0.0659168431333955,890.8712653990367,0.0022007277164308,198125.5439307408,0.4894314058564055,32.9998025717636,8.151972454055737e-05,316.109828990525,0.000780889101619,71.57892822628139,0.0001768221036845,0.9990422887946964,grid_intersection_approximation,1987-2015
06315338015060,50,520433.2013284249,183914.692227687,0.3533877003969731,16140.856975892812,0.031014272215325,4684.666958411792,0.0090014759751184,313800.69768771395,0.6029605660951801,36.4546050867848,7.0046655351221e-05,1559.911936353371,0.0029973336296985,295.920937279222,0.0005686050323535,0.996434061337948,grid_intersection_approximation,1987-2015
06315338015140,50,492260.448361186,95394.2915686876,0.193788251496277,23302.524556504868,0.0473377957422391,8005.870216322889,0.0162634845902727,362324.1020382549,0.7360414659444812,61.8092799934692,0.0001255621494662,2745.5710882203584,0.005577476511389,426.2796132019201,0.0008659635658746,0.9935565599227364,grid_intersection_approximation,1987-2015
07130855000186,50,79813.66083737284,4083.616404174378,0.0511643791467615,61062.8740158823,0.7650679517169765,0.0,0.0,14421.513245998818,0.1806897853662405,0.0,0.0,227.47656721786305,0.0028500956456735,18.180604099483,0.0002277881243478,0.9969221162299786,grid_intersection_approximation,1987-2015
07280328000158,50,334977.0830536306,96282.86838625808,0.2874312102444422,16821.504675443794,0.0502168820687671,5177.646453803231,0.0154567184316136,214107.55361934024,0.6391707506303084,336.157265915077,0.0010035231749309,1938.1455441464452,0.0057859048937868,313.20710872372393,0.0009350105561507,0.9932790845500624,grid_intersection_approximation,1987-2015
07280328001715,50,239023.52429154908,41206.57057061684,0.1723954606256876,24889.229128108072,0.1041287848209844,1133.5245958288665,0.0047423139592162,166857.79821572054,0.6980810726068771,467.5026911904536,0.0019558856919046,4025.0574041290974,0.0168395868819151,443.84168595521385,0.0018568954134147,0.98130351770467,grid_intersection_approximation,1987-2015
07280328001804,50,222494.67474173015,30310.8002361785,0.1362315762000281,15278.41001600268,0.068668654805953,3059.045298204617,0.0137488472555827,168891.67783365306,0.7590818882730609,447.3168553494497,0.002010460950891,3991.5658621236194,0.0179400512248528,515.8586402182603,0.0023185212896311,0.979741427485516,grid_intersection_approximation,1987-2015
07298800000180,50,384012.0992719119,168461.1975932687,0.4386872130140473,73644.7807682591,0.1917772406335368,3421.9916671919777,0.0089111558559745,138167.31097365447,0.3597993689147298,27.0335698577855,7.039770337716242e-05,224.7530514610226,0.0005852759636666,65.03164821886129,0.0001693479146676,0.9992453761216658,grid_intersection_approximation,1987-2015
07300906000170,50,83411.64316081605,3330.343593666006,0.0399266033789211,68693.47360644635,0.8235477806618274,0.0,0.0,11242.607323161646,0.1347846283460225,25.332396235211476,0.0003037033593304,110.38760551600238,0.0013234076363077,9.49863579083402,0.0001138766175906,0.9985627157461016,grid_intersection_approximation,1987-2015
07398533000112,50,474097.1285286697,175105.29625627294,0.3693447728732318,51033.169373388126,0.1076428569220959,1436.6631177155327,0.0030303138982809,245715.8449121361,0.51828165607056,17.580573633278114,3.708221918120092e-05,681.2749050068694,0.0014369943710082,107.2993905168625,0.0002263236456416,0.99833668198335,grid_intersection_approximation,1987-2015
07455944000100,50,633271.5441761699,86576.328325111,0.1367128037274106,279025.2289750029,0.4406091376456681,4972.444104433842,0.0078519935881574,260124.08022027524,0.4107623066478908,2.254056768843703,3.5593842634695217e-06,2112.0933541416366,0.003335209632527,459.11514043648623,0.0007249893740824,0.9959398009933904,grid_intersection_approximation,1987-2015
07458537000149,50,420168.0201338144,157117.4491645829,0.3739395709234235,56201.14237574598,0.1337587338461578,2566.654147407933,0.0061086375554962,203655.150350604,0.484699312160274,15.224543831993236,3.623441838135265e-05,482.88241491471234,0.0011492602763078,129.51713672682646,0.000308250819959,0.998542488903733,grid_intersection_approximation,1987-2015
07459492000127,50,18943.804394686973,4584.577283461362,0.2420093233620573,10704.940892425448,0.5650892856256361,0.0,0.0,3563.850028188007,0.1881274718602739,1.7287727895574396,9.125795186326435e-05,86.9752193553796,0.0045912224146366,1.7321984672201125,9.143878553274808e-05,0.9953173387998304,grid_intersection_approximation,1987-2015
07670089000142,50,1396.294210715649,12.906324818365777,0.0092432703074453,1257.10606902689,0.9003160361042964,0.0,0.0,67.85083810802045,0.0485935110145909,0.0,0.0,52.92981478231093,0.0379073510268173,5.501163980061371,0.0039398315468498,0.9581528174263328,grid_intersection_approximation,1987-2015
07674341000191,50,259744.36442907163,19701.92669407441,0.0758512190914325,184665.3660678221,0.7109504241746452,85.32292269342551,0.0003284880612557,53460.79919319668,0.2058208242966334,132.75315668807576,0.0005110915764423,1510.7836266745776,0.0058164250454301,187.41276792237733,0.0007215277541605,0.9934620472004092,grid_intersection_approximation,1987-2015
07863768000138,50,94773.4552881438,29872.58656537957,0.3151999309781063,31516.999968193773,0.3325509223270512,0.0,0.0,33345.030544004745,0.3518393461821605,1.7114382815325069,1.8058202862068783e-05,33.43924895744501,0.0003528334896704,3.6875233267441927,3.890882014940636e-05,0.99960825769018,grid_intersection_approximation,1987-2015
07895728000682,50,63702.12049606448,17893.00608165559,0.2808855645984504,33580.64670729507,0.5271511598953709,0.0,0.0,12145.27262975698,0.1906572738109607,0.0,0.0,77.53891038765065,0.0012172108209873,5.656166969186513,8.879087423056744e-05,0.998693998304782,grid_intersection_approximation,1987-2015
07903169000109,50,233851.08796239184,84782.65571989214,0.3625497595868656,46585.28399143481,0.1992091822079814,4.819559983033587,2.0609525596086485e-05,102304.18999202008,0.4374757923233298,0.0249887140868592,1.0685737793479049e-07,168.56423613273054,0.0007208186953564,5.549474214982801,2.3730803492670827e-05,0.9992554505011508,grid_intersection_approximation,1987-2015
07903169001768,50,177138.7064914904,72025.7065688783,0.4066062578611996,29702.37256753704,0.167678612742743,9.80646776016587,5.536038934910572e-05,75258.02293909011,0.4248536326683939,0.0,0.0,136.06220900894755,0.0007681111130586,6.735739215819093,3.802522525556927e-05,0.9991938636616856,grid_intersection_approximation,1987-2015
07912062000119,50,155809.46157681214,51344.93421889268,0.3295366898728435,40866.918972997904,0.2622877876569198,340.61696578791185,0.0021861122061575,62886.9560127678,0.4036144876976248,0.0164122842596072,1.0533560730852173e-07,353.08168265856733,0.0022661119490776,16.937311423008282,0.0001087052817691,0.9976251827691532,grid_intersection_approximation,1987-2015
07930999000206,50,39939.7527276572,6514.425696889359,0.1631063101794893,3037.6763729462123,0.076056464186437,52.728050175042895,0.0013201897000862,30164.480045457687,0.7552495442609388,0.8016115433565286,2.007051843366657e-05,159.97649053623587,0.0040054451920894,9.66446010930475,0.0002419759625254,0.995752578845385,grid_intersection_approximation,1987-2015
07969961000239,50,365442.87770086416,159698.34170817098,0.4369994640828468,34095.475077678304,0.0932990548131229,2139.9009842762325,0.0058556374056025,169056.22950155268,0.4626064422575361,13.2256929690151,3.619086258356657e-05,289.9225561575672,0.0007933457562001,149.78218005939164,0.0004098648221077,0.998796789421692,grid_intersection_approximation,1987-2015
07981751000185,50,259347.4408349181,53709.36194373725,0.2070942430387226,89301.75006044496,0.3443324899330239,0.0,0.0,114509.53018626258,0.4415294394948401,0.0,0.0,88.30615142247699,0.0003404936294655,1738.4924930508334,0.0067033339039479,0.9929561724665869,grid_intersection_approximation,1987-2015
07987748000179,50,15874.88516694662,8988.450890753487,0.5662057266069868,4705.545577264867,0.2964144639649027,0.0,0.0,1970.4513383303577,0.1241238168092749,2.0351085731317724,0.0001281967429515,192.6415058141096,0.0121349857834066,15.760746210667053,0.0009928100924775,0.9868722041241158,grid_intersection_approximation,1987-2015
07996345000196,50,161638.41732617517,4830.287526384444,0.0298832889252884,139087.41993846025,0.8604849158959,0.0,0.0,17472.748525412633,0.108097745662492,6.839375769248835,4.2312810793287135e-05,157.72963341612493,0.0009758177296294,83.39232673249377,0.0005159189758967,0.9985082632944738,grid_intersection_approximation,1987-2015
08048772000105,50,102415.96242762422,2506.3944884278067,0.0244726937971123,84879.90369661678,0.828776117361589,0.0,0.0,14867.064063749189,0.1451635439568857,31.845221151848616,0.0003109400175226,120.04482624720404,0.0011721300410767,10.710131431411495,0.0001045748258137,0.9987232951331098,grid_intersection_approximation,1987-2015
08056257000177,50,449800.82435824577,97232.56310684826,0.2161680411448223,125226.96739489504,0.2784053754760518,1737.9339406603451,0.0038637855836301,223488.3932559809,0.49686079071741,0.0,0.0,1785.71260695943,0.0039700074127414,329.2540529018148,0.0007319996653442,0.9952979929219145,grid_intersection_approximation,1987-2015
08057019000186,50,178570.31753832,70643.03976021791,0.3956034840172045,9217.676965160725,0.0516193121691832,0.0,0.0,98107.2278253664,0.5494038940951832,0.0,0.0,457.12366924700274,0.0025599084749844,145.24931832796617,0.0008134012434445,0.996626690281571,grid_intersection_approximation,1987-2015
08070508000330,50,228043.77846482475,40166.97119818992,0.1761371060793293,9821.504451736651,0.0430685042927035,3486.457487193008,0.0152885446411369,168052.19176768902,0.7369295180908024,2027.7128129634175,0.0088917699338865,3760.218707354177,0.0164890212426215,728.7220396985645,0.0031955357195196,0.9803154430378588,grid_intersection_approximation,1987-2015
08070508006532,50,277299.9636820109,23336.85100001346,0.0841574253748356,25568.49142961104,0.0922051741013975,5551.253466899493,0.0200189476882344,217407.1415725418,0.7840143167917967,383.4593481716792,0.001382832305782,4598.895872592594,0.0165845527403901,453.87099218081846,0.0016367509975633,0.9817786962620464,grid_intersection_approximation,1987-2015
08070508006613,50,453624.20175530144,219834.2034925371,0.4846174490732359,47526.275466011335,0.1047701495689783,1170.326310622976,0.0025799468063969,184237.2523871552,0.4061451123512548,4.142556152883873,9.132132141217835e-06,286.4234502984504,0.0006314113073996,565.5780925235246,0.001246798760593,0.9981217899320072,grid_intersection_approximation,1987-2015
08070508006702,50,474120.6474690551,246848.55226542332,0.5206450163753619,33439.57170171749,0.0705296676705058,1354.8092008584335,0.0028575199331449,191622.4478710519,0.4041638956117361,20.10041633802124,4.239515078139083e-05,244.31340664993428,0.0005152979688906,590.8526070159743,0.0012462072895792,0.9982384947415304,grid_intersection_approximation,1987-2015
08070508006885,50,520382.398024467,250598.63682381265,0.4815663207963274,45412.49297152631,0.0872675423763874,364.1269166658784,0.0006997295028583,223196.41316990083,0.4289084604268393,55.08559812208177,0.0001058559980721,442.92677934806136,0.00085115634393,312.7157650912227,0.0006009345555852,0.9985479091004849,grid_intersection_approximation,1987-2015
08070508006966,50,230163.31940459184,15809.788547498014,0.0686894357814975,90572.1996988478,0.3935127453546833,266.86718616471967,0.0011594687930947,122558.02675705656,0.5324828781323679,409.84346688374507,0.0017806636954314,472.2680580727669,0.0020518823733272,74.32569006826681,0.0003229258695978,0.9976251917570748,grid_intersection_approximation,1987-2015
08070508008314,50,487340.62977908354,247778.39145436045,0.5084295794641233,41573.449965997046,0.0853067596371817,1269.1302064745564,0.0026041953593113,195752.083341656,0.4016740476376706,9.015571791242802,1.8499528338791808e-05,229.94419112035104,0.0004718346410488,728.6150476838952,0.0014950837323253,0.9980330816266256,grid_intersection_approximation,1987-2015
08070508009477,50,208217.58969014545,30978.62197481757,0.1487800431314076,11728.729865800196,0.0563291981395714,553.9697276958202,0.0026605328037856,163332.89491433313,0.7844337030190076,109.48144248982688,0.0005258030440787,710.7881115145972,0.0034136794714238,803.1036534942956,0.0038570403907249,0.9927292801378512,grid_intersection_approximation,1987-2015
08070508009558,50,236306.96438863024,42086.81626401632,0.1781023101579028,12391.821881086256,0.0524395119422154,3442.014523273877,0.0145658615359856,172276.00121109525,0.7290348029174895,1568.8815220885851,0.0066391675173331,3804.382570909061,0.0160993247945599,737.0464161608949,0.0031190211345136,0.9807816540709264,grid_intersection_approximation,1987-2015
08070508009710,50,520427.4234047586,275150.8208388426,0.5287016180637469,38349.42783490895,0.0736883302267547,1020.289331214871,0.0019604834129222,205140.2718256197,0.3941765222200317,59.85712679283736,0.0001150153202943,238.2600151157905,0.0004578160265979,468.4964322638631,0.0009002147296521,0.99864196924375,grid_intersection_approximation,1987-2015
08070508012265,50,181701.1187996711,22855.035972870337,0.125783683247809,13027.352775313526,0.0716966018777046,299.5930163384479,0.0016488231790622,144101.579128575,0.7930693001810831,108.71704384150136,0.0005983289732044,607.9442966150394,0.0033458478441473,700.8965661172033,0.003857414696989,0.9927967374588634,grid_intersection_approximation,1987-2015
08070508012427,50,431715.5676427465,42626.49353557449,0.098737448288751,194081.5219906268,0.4495587755853947,100.82240990364303,0.0002335389720925,192046.5830830489,0.4448451653751142,62.20699341838554,0.0001440925416659,2339.470498067715,0.0054190088878232,458.469132106605,0.0010619703491582,0.9935190207630186,grid_intersection_approximation,1987-2015
08070508012508,50,241104.50724036587,42666.93887706712,0.1769645012672073,11778.511891726834,0.0488523090113135,5086.890280951787,0.0210982794937154,176744.99352116475,0.7330638300550775,478.1348119259667,0.0019831019228906,3819.200411384237,0.0158404355650503,529.8374461451691,0.0021975426847452,0.9819620217502044,grid_intersection_approximation,1987-2015
08070508015795,50,272563.02244708384,54126.781366775176,0.1985844627081925,13276.710923174389,0.0487106093995269,5825.670394626109,0.021373663757919,193992.26820508583,0.7117336257259476,676.9159463493958,0.0024835208395915,3993.549681981964,0.0146518395860439,671.1259290910258,0.0024622779827785,0.9828858824311776,grid_intersection_approximation,1987-2015
08070508015876,50,236087.0921028941,49493.22403976626,0.2096396867737079,6448.49776495972,0.0273140632447167,3556.083979224925,0.0150625938400523,171948.22001307557,0.7283253755276683,841.732639288243,0.0035653479899756,3150.9623217387784,0.0133466099043038,648.3713448406354,0.0027463227195752,0.983907067376121,grid_intersection_approximation,1987-2015
08070508016414,50,250287.55122861228,41192.156989265866,0.1645793280051752,13112.625059520196,0.0523902407257288,6499.367406571817,0.0259676015633526,184366.3478089721,0.7366181294433302,549.2492622812833,0.002194472955547,4044.1450167466464,0.016157995061659,523.6596852544395,0.0020922322452071,0.981749772693134,grid_intersection_approximation,1987-2015
08070508016767,50,65189.53788396644,4707.941710014348,0.0722192833824686,50192.33904256946,0.7699446977505636,0.0,0.0,10055.19455763657,0.1542455259543982,0.1643684047263002,2.521392389970096e-06,225.5201922443312,0.0034594537645863,8.378013097006027,0.0001285177555932,0.9964120284798204,grid_intersection_approximation,1987-2015
08070566001173,50,21815.361386988203,2588.220763618108,0.1186421218381399,15373.06807085839,0.7046900483632452,0.0,0.0,3743.642376789629,0.1716057923763082,0.0,0.0,107.6590145222731,0.0049350094464392,2.7711611998025525,0.0001270279758672,0.9949379625776934,grid_intersection_approximation,1987-2015
08070566001254,50,55978.84521828767,5752.89476434282,0.1027690861058243,39571.31049696542,0.7068975850190977,0.0,0.0,9940.566169461234,0.1775771924322183,0.6675058782323636,1.1924252378366262e-05,693.551110721696,0.0123895215776105,19.85517091826541,0.0003546906128706,0.9872557878095188,grid_intersection_approximation,1987-2015
08070566001688,50,71491.47483619857,16581.02165912089,0.2319300545570134,44694.379757377465,0.6251707614059065,0.0,0.0,10101.784883207658,0.1413005523575068,0.0566270146435773,7.920806609923951e-07,107.66381436315731,0.0015059671745454,6.568095114753801,9.187242436671834e-05,0.9984021604010878,grid_intersection_approximation,1987-2015
08070566001769,50,47269.16451514338,5293.541892000769,0.1119872108233456,33149.10766449249,0.7012839766582437,0.0,0.0,8214.660268256512,0.1737847569872918,0.7672245502471924,1.623097336534054e-05,588.8244760009345,0.0124568411995582,22.26298984242724,0.0004709833581952,0.9870721754422466,grid_intersection_approximation,1987-2015
08110543000173,50,510344.755167085,258765.65058040663,0.5070408737632421,42341.47136442954,0.0829664083655902,1101.529674647512,0.0021584030471457,207207.85330477744,0.4060154458468733,21.034785038571652,4.121681437028768e-05,219.8243129750257,0.0004307368906006,687.3911448102946,0.0013469152721776,0.9982223478372216,grid_intersection_approximation,1987-2015
08164344000148,50,182746.1508738101,26773.400105847624,0.1465059591013503,80722.90747217007,0.4417215196390694,0.0782614504489802,4.28252250866949e-07,73999.596866641,0.4049310834335394,0.1567030980018302,8.574905531664897e-07,301.20810805678326,0.0016482322971867,948.8033565462068,0.0051919197860499,0.9931598479167631,grid_intersection_approximation,1987-2015
08195806000194,50,182307.38738680992,5604.713672616242,0.0307432065861624,154582.16590967492,0.847920471712377,0.0,0.0,21867.205691929077,0.1199468985068192,12.73396638269106,6.984887757550285e-05,173.81117796822113,0.0009533962416972,66.7569682387861,0.0003661780753686,0.9986804256829344,grid_intersection_approximation,1987-2015
08322396000103,50,86651.72787981316,13270.826091754943,0.1531513152301096,59234.23726202366,0.6835897992037984,0.0,0.0,13944.453505193616,0.1609252792343012,0.0,0.0,196.79603600656196,0.0022711149658725,5.414984834373226,6.249136591810224e-05,0.9976663936682092,grid_intersection_approximation,1987-2015
08355201000113,50,92509.57398704348,6040.944845840468,0.0653007530516413,61665.21972465214,0.6665820311018698,3.642682855259965,3.937627964614932e-05,24453.44951249398,0.2643342570782871,1.0164350502431887,1.098734981079414e-05,242.21904128842576,0.0026183132280162,103.08174486295944,0.0011142819107284,0.9962674048612552,grid_intersection_approximation,1987-2015
08391345000397,50,450697.0509609089,219908.87310214175,0.4879305791623995,46601.740395336994,0.1033992574301955,1034.7637666234837,0.0022959186540433,182279.3655779209,0.4044387803055113,1.4896678623161312,3.305253183130628e-06,226.699857150694,0.000502998314871,644.1185938727806,0.001429160879796,0.9980678408053328,grid_intersection_approximation,1987-2015
08493354000127,50,233395.66740099704,28896.21009707241,0.1238078256501044,136879.81378246302,0.5864710999424418,81.67276173654318,0.0003499326386218,65954.56897638053,0.282586946496586,107.50837467452678,0.0004606271224813,1273.906814054259,0.0054581425106986,201.9865946157389,0.0008654256390659,0.9936764318502356,grid_intersection_approximation,1987-2015
08517600000133,50,249315.24403361036,19121.71974632921,0.0766969537721143,150831.67091199986,0.6049837485736177,0.0140799325751659,5.64744150713376e-08,78416.2968761468,0.3145266835973152,0.0281922842156337,1.1307886256579297e-07,600.7135192581209,0.0024094536280225,344.8007076595639,0.0013829908756525,0.9962075554963248,grid_intersection_approximation,1987-2015
08598391000108,50,148277.6393771171,58892.208176159525,0.3971752478900608,13738.82147575998,0.092656057470795,0.0,0.0,75386.36427089172,0.5084135719153194,0.0,0.0,193.30541903454164,0.0013036720833065,66.94003527131413,0.0004514506405181,0.9982448772761752,grid_intersection_approximation,1987-2015
08657268000102,50,177243.86859577263,23182.762292459345,0.1307958491096276,29148.804285763388,0.1644559245783614,1578.6442705841318,0.0089066227401323,120021.14129163686,0.6771525708760084,1419.2942505445628,0.008007578833553,1761.3102583559903,0.0099372140334675,131.91194642834762,0.0007442398288495,0.9893185461376828,grid_intersection_approximation,1987-2015
08704527000109,50,243366.4287155164,17261.149257541034,0.0709265832129972,162351.7542870132,0.6671082578805253,0.0,0.0,62013.81425485311,0.254816634250504,5.190363570371923e-07,2.132736054749444e-12,246.5559520703873,0.0010131058477198,1493.154963519646,0.0061354188061208,0.9928514753461594,grid_intersection_approximation,1987-2015
08793343000162,50,23161.75676105633,5891.303376522142,0.254354772709972,12871.929948525729,0.5557406582461096,0.0001075380642214,4.642914841515226e-09,4259.679734490109,0.1839100452713604,8.751572627731521,0.0003778458049626,124.68804717978138,0.0053833588041745,5.403974172780617,0.0002333145205059,0.9943833266753196,grid_intersection_approximation,1987-2015
08830263000130,50,97672.08594159936,22522.984088508867,0.2305979632909236,42589.12364958717,0.4360419175961114,0.0,0.0,32514.820528348413,0.3328977794923911,2.3267641064618494,2.3822201440983675e-05,35.07273126854736,0.0003590865387017,7.758179779897741,7.943088043124785e-05,0.9995614825808672,grid_intersection_approximation,1987-2015
08906558000142,50,156432.94286195395,38627.14002572778,0.24692458838299,47456.289343465534,0.3033650615736602,0.0,0.0,70106.02786865689,0.4481538644358481,0.7559429798681241,4.832377158148937e-06,220.6261100182505,0.0014103558111346,22.103571105629214,0.0001412974192087,0.9984483467696568,grid_intersection_approximation,1987-2015
09022388000104,50,182280.8492071173,13576.406747013594,0.0744807082371409,125297.11478322926,0.6873849629746892,0.0,0.0,43143.78648992336,0.2366885313382595,20.154273277112296,0.0001105671460539,228.72608870375777,0.0012548004340481,14.660824970245915,8.042986980814149e-05,0.9986647696961436,grid_intersection_approximation,1987-2015
09075242000119,50,1.8731304357675265,0.5962789068059156,0.3183328269190109,0.4171924389854912,0.2227247131428645,0.0,0.0,0.1043334266787781,0.0557000327828354,0.0,0.0,0.7553256632973415,0.403242427155289,0.0,0.0,0.5967575728447111,grid_intersection_approximation,1987-2015
09538989000166,50,78331.01863376121,16086.489561882308,0.2053655096341224,34813.836890871775,0.4444450933753946,0.0,0.0,27383.023351064927,0.3495808407534567,2.0454791358968585,2.6113271237548323e-05,42.95418822957007,0.0005483675430087,2.6691625767365417,3.40754227800392e-05,0.9994175570342112,grid_intersection_approximation,1987-2015
09538989000409,50,522974.4966186151,116912.82016505994,0.2235535784650698,183223.5767540161,0.3503489710084924,3090.771376409274,0.0059099848967649,219080.4099727407,0.4189122249540736,23.62499631836772,4.517427995269244e-05,497.7514477644168,0.0009517700212586,145.54190630627926,0.0002782963743878,0.9987699336043536,grid_intersection_approximation,1987-2015
09538989000670,50,540385.2138938495,91759.46274609162,0.1698037999317212,246230.7770042699,0.4556578727052998,3080.0110666945347,0.0056996582946837,198681.0195611914,0.3676655364597361,26.52910281220928,4.909294727190763e-05,487.4035994456932,0.0009019558398602,120.0108133440926,0.0002220838214268,0.998875960338713,grid_intersection_approximation,1987-2015
09538989000751,50,434106.8449099328,39495.71406285186,0.0909815510304757,279207.329506759,0.643176519284528,1621.5183693822764,0.0037352978613334,113251.3547938176,0.260883596104813,23.570132369167915,5.4295693895492885e-05,422.3044798269927,0.0009728123036498,85.05356492592422,0.0001959277213045,0.9988312599750456,grid_intersection_approximation,1987-2015
10249419000216,50,311775.29832385265,46364.933309567736,0.1487126579906492,152603.19031118034,0.4894653012332802,0.0,0.0,111282.96852060135,0.3569332436497505,0.3340880379693576,1.0715667333668237e-06,153.03412035318908,0.0004908474827092,1370.8379741120298,0.0043968780768773,0.9951122744404132,grid_intersection_approximation,1987-2015
10249419000305,50,265888.853139282,19621.47274191555,0.0737957703388081,165878.12725222003,0.6238626602572437,0.0,0.0,78581.39025451476,0.2955422513081097,0.0,0.0,382.2265107219301,0.0014375424400424,1425.6363799097123,0.0053617756557959,0.9932006819041616,grid_intersection_approximation,1987-2015
10452413000160,50,23898.499627738707,11046.444698096271,0.4622233558660223,5814.166705435419,0.2432858462247138,96.99398295942908,0.0040585804326749,6738.171024012288,0.2819495419784166,22.12019822888236,0.0009255894124502,158.11352223142163,0.0066160438811774,22.489496774996017,0.0009410422045446,0.992442913914278,grid_intersection_approximation,1987-2015
10921675000127,50,0.0,0.0,0.0,0.0,0.0,0.0,0.0,0.0,0.0,0.0,0.0,0.0,0.0,0.0,0.0,0.0,grid_intersection_approximation,1987-2015
11092881000134,50,184073.4241821933,5921.713613310222,0.0321703887436189,154803.6572682947,0.8409886324224196,0.0,0.0,22854.793574862462,0.1241612887705131,0.7954907955798023,4.321595032601972e-06,186.00975284481163,0.0010105193276608,306.45448208552403,0.0016648491407548,0.9973246315315842,grid_intersection_approximation,1987-2015
12229415001001,50,187594.5031566862,61816.756994423566,0.3295232853533656,14019.803502405672,0.0747346178405653,177.79142266774926,0.0009477432423446,111283.80522667462,0.5932146377110319,0.4694816286521939,2.5026406464589456e-06,260.93232113656256,0.0013909379898974,34.94420774938698,0.0001862752221487,0.998422786787954,grid_intersection_approximation,1987-2015
12229415001435,50,456820.2437216664,54848.289715257386,0.1200653659050092,234088.74457163704,0.5124307597766262,336.4763049718708,0.0007365617211501,165487.59772283825,0.3622597728476922,0.737716388698374,1.6148942583811006e-06,1643.0267498153148,0.003596659238281,415.3709407578078,0.0009092656169827,0.9954940751447364,grid_intersection_approximation,1987-2015
12229415001605,50,173907.23806060545,63468.33078902999,0.3649550846579009,7766.906623605621,0.0446612039281476,17.731127147942516,0.0001019573845555,102009.0297754045,0.5865715016407487,0.090846165929687,5.223828918381638e-07,523.1563297932385,0.0030082493151373,121.99256945821126,0.0007014806906179,0.9962902699942446,grid_intersection_approximation,1987-2015
12282034001762,50,249690.58917715072,125761.84996404714,0.5036707645990675,22154.669523690434,0.0887284923180349,300.8588093518054,0.0012049265066147,101105.29017729811,0.4049223100898121,65.04626279513113,0.0002605074664987,224.009427998946,0.0008971480612752,78.86501196915692,0.0003158509586967,0.998787000980028,grid_intersection_approximation,1987-2015
13537735000281,50,559337.4087063705,48560.23745271827,0.0868174320130453,315133.1769946679,0.5634044354793013,586.0879730970263,0.0010478254519977,192359.87632463375,0.3439066891118933,56.26015993037663,0.0001005835816712,2060.781115318343,0.0036843255667174,580.9886860048716,0.0010387087953737,0.995276965637909,grid_intersection_approximation,1987-2015
13537735000362,50,425410.50748919626,42103.90549672901,0.0989724154798839,192618.1136138494,0.45278174897629,99.07815371216547,0.0002329001093483,187798.50214008644,0.4414524296743088,62.80376921481593,0.0001476309778653,2289.3913534501407,0.0053816050923666,438.7129621543229,0.0010312696899369,0.9935871252176964,grid_intersection_approximation,1987-2015
15009178000170,50,92152.99278154392,39250.04121942015,0.4259225884553258,46750.90071723491,0.5073183117130192,0.0,0.0,572.4524325186085,0.006211978745776,87.77508500476539,0.0009524930483033,5485.410098278691,0.0595250347569535,6.413229086814267,6.959328062212089e-05,0.9404053719624244,grid_intersection_approximation,1987-2015
15043391000107,50,15038.419831297591,63.42366522381175,0.004217442120602,14767.149307897524,0.9819615008462852,0.0,0.0,160.4558403271189,0.0106697274133271,0.0,0.0,44.01240058428146,0.0029266639100395,3.378617264855622,0.0002246657097459,0.9968486703802144,grid_intersection_approximation,1987-2015
15444904000183,50,142093.83409923365,58915.7898710263,0.414625942388756,9411.504288895405,0.066234431272526,28.333091049381814,0.0001993970479366,72928.28273203636,0.5132403048615441,0.0424958663032998,2.9906903823583345e-07,758.1086413771358,0.0053352676854908,51.772978982754765,0.000364357674708,0.9943003746398008,grid_intersection_approximation,1987-2015
15527906000721,50,121766.2767205564,17874.50753852075,0.1467935788128044,42149.897694615895,0.3461541145036934,0.0,0.0,61523.857863358906,0.505261879728417,1.1892485198499767,9.76664928812108e-06,195.55806867413216,0.0016060117295277,21.26630686686713,0.0001746485762693,0.9982193396942028,grid_intersection_approximation,1987-2015
15527906002937,50,53878.36556391101,9387.114094755216,0.1742278927080691,3251.2175429421745,0.0603436557310846,16.82941355938498,0.0003123593929259,41144.761160350005,0.7636601580191537,2.026677819379927,3.7615799925776576e-05,74.84081478529917,0.0013890698799413,1.575859699551533,2.9248468899492397e-05,0.9985816816511592,grid_intersection_approximation,1987-2015
15527906003585,50,154501.11490524176,29194.450576963864,0.188959481586067,54857.47277117071,0.3550619864770281,0.0,0.0,70266.87984305716,0.4547985293578824,0.6033367940686454,3.905064338459191e-06,156.39867915915426,0.0010122818806522,25.30969809681467,0.0001638156340317,0.998823902485316,grid_intersection_approximation,1987-2015
15527906003666,50,203583.98735216545,19721.476817991115,0.0968714537645651,36739.6573962412,0.180464376762048,2700.839749251769,0.0132664645406506,140661.1013038206,0.6909241887501739,350.8212932660963,0.0017232263589534,2912.9105945636197,0.0143081517974435,497.1801970310673,0.0024421380261652,0.9832497101763912,grid_intersection_approximation,1987-2015
16617789000164,50,14658.721421283946,2939.551960789823,0.2005326301188654,957.7650178942336,0.0653375550546715,0.0,0.0,10705.954061257711,0.7303470578077187,4.176662789408152,0.0002849268138313,26.625273234865467,0.0018163434906544,24.64844531790501,0.0016814867142584,0.9965021697950872,grid_intersection_approximation,1987-2015
19537471000161,50,570521.2370975312,60178.71577882889,0.1054802378347596,304409.0052297457,0.5335629691515,1316.0627749511618,0.0023067726306675,202223.2218165201,0.3544534518036702,12.773404941567708,2.2389008701150384e-05,1881.4259966680263,0.0032977317483212,500.0320958757831,0.0008764478223801,0.9958258204292986,grid_intersection_approximation,1987-2015
19818301000155,50,203883.4571767729,15134.12178846778,0.0742292778336893,123007.24469920152,0.6033213601658257,0.0392980351786484,1.927475417712576e-07,64967.816363007965,0.3186517300747896,0.0,0.0,604.291726494725,0.0029639075914373,169.94330156575148,0.0008335315867162,0.9962025608218464,grid_intersection_approximation,1987-2015
21783238000100,50,27920.12478120633,11184.22156334989,0.400579211267646,8005.741167275724,0.2867372989917498,130.85970361401434,0.0046869311881478,8393.648422642156,0.3006307632368502,19.115969672757355,0.0006846663409479,163.47551626839987,0.0058551140995773,23.062438383390003,0.0008260148750808,0.9933188710253418,grid_intersection_approximation,1987-2015
22587687000146,50,41173.10575402011,4988.895692397487,0.1211687969861339,12143.17098254619,0.2949296818921789,48.29992797002876,0.0011730941129043,23495.157027972866,0.5706433021676732,11.294473282279467,0.0002743167675947,284.8040435104008,0.0069172348865762,201.48360634085745,0.0048935731869385,0.9881891919264852,grid_intersection_approximation,1987-2015
23796998000188,50,726.1592903451588,568.7360916568601,0.783211203407627,14.177335506264956,0.0195237266736974,0.0,0.0,143.2458631820336,0.1972650699186756,0.0,0.0,0.0,0.0,0.0,0.0,1.0,grid_intersection_approximation,1987-2015
23858708000183,50,58266.063173398965,11645.921900339345,0.1998748716844185,18461.4618911118,0.3168475933610059,11.844992265965224,0.0002032914465271,28090.340306280963,0.482104655375197,0.0,0.0,52.50110720694204,0.0009010580833426,3.992976193956439,6.853004950880925e-05,0.9990304118671488,grid_intersection_approximation,1987-2015
28144326000101,50,221140.29250647567,23797.438686515317,0.1076124048529892,115087.67882844363,0.5204283557917131,0.9900381669546768,4.476968695904593e-06,81492.48345393907,0.3685103358156801,1.98235589823358,8.964245618764977e-06,590.2888164474668,0.0026692956301944,169.430327064987,0.0007661666951083,0.9965645376746972,grid_intersection_approximation,1987-2015
33664228000135,50,76632.6900807716,36021.19237403707,0.4700499530431514,33955.70302665347,0.4430968427555372,0.0,0.0,957.9336801981812,0.0125003269386538,91.89925327935912,0.0011992173729317,5600.470388105927,0.0730820017175826,5.491358497598441,7.165817214312188e-05,0.9268463401102744,grid_intersection_approximation,1987-2015
35637796000172,50,353246.0316134654,170588.56164049017,0.4829171352932688,11209.381094768663,0.0317325039536024,4186.931277550633,0.0118527340800593,165887.58156083454,0.4696091865579816,212.09682247594105,0.0006004223784402,920.4208091974194,0.0026056083489271,241.05840814801988,0.0006824093877204,0.9967119822633524,grid_intersection_approximation,1987-2015
37216363000250,50,185468.4280841466,62788.35962695031,0.3385393421162947,38356.4758049228,0.2068086531014354,32.96615913106629,0.0001777453956535,83950.74192909658,0.4526416856836049,0.1927259688481242,1.0391308690052889e-06,336.38073428963395,0.0018136819175337,3.311103787373089,1.7852654608529107e-05,0.9981684654278578,grid_intersection_approximation,1987-2015
38278706000192,50,220703.2695134137,25233.023219023027,0.1143300834403336,35403.7570452006,0.1604133782125455,2359.8362893222134,0.0106923485751931,153239.92196164225,0.6943255634567245,369.2016711447172,0.0016728418747882,3661.521397645555,0.0165902453811316,436.00792943529217,0.0019755390592833,0.981434215559585,grid_intersection_approximation,1987-2015
43533819000399,50,467224.69848586334,125495.78131052556,0.2685983461859361,12234.936736181782,0.0261864083295073,5850.279133935416,0.012521339631433,321401.08727634896,0.6878940439534009,44.50627276826852,9.525667823747364e-05,1824.3316366597105,0.0039046130107672,373.77611944368766,0.0007999922107178,0.995295394778515,grid_intersection_approximation,1987-2015
43545284000104,50,316479.8020727568,134943.09027823296,0.4263876853891938,22219.316997033784,0.070207693671161,555.3267981176047,0.0017546990186436,158531.6619431115,0.5009218942403978,15.033756910722277,4.7503053314176766e-05,190.39352081261143,0.0006015976993338,24.97877853762344,7.892692795567715e-05,0.9993194753727104,grid_intersection_approximation,1987-2015
43619832001760,50,392833.10594187153,204644.5053324598,0.5209451602654425,23107.144260957262,0.0588217843950669,1438.3849312773618,0.0036615674939835,162989.57422931225,0.4149079386741661,15.070351895942846,3.836324298536296e-05,234.98988889031347,0.0005981926811562,403.4369470786172,0.0010269932471992,0.9983748140716444,grid_intersection_approximation,1987-2015
43932102000581,50,340857.14615484304,181546.93319879577,0.5326188265283529,14603.409512817989,0.0428431959768389,3613.7043968335374,0.010601814976154,140185.62383908327,0.4112738295807956,131.93319083248505,0.0003870630037269,544.6017185027878,0.0015977418242403,230.94029797719537,0.0006775281098911,0.9977247300658684,grid_intersection_approximation,1987-2015
44207249000148,50,201768.2461095492,21426.954713217296,0.1061958713839621,24137.10247771339,0.1196278549430828,2263.4543036000664,0.0112180897997752,150582.74445808638,0.7463153759899769,254.61542835711143,0.0012619202142386,2414.8248648465897,0.0119683097385674,688.5498637283441,0.0034125779303969,0.9846191123310356,grid_intersection_approximation,1987-2015
44209336003583,50,194012.1381326836,18301.481473612843,0.0943316312564762,24665.47688752016,0.1271336789796708,1998.591684198032,0.0103013744574641,146093.05987844212,0.7530098955897804,227.9816827553192,0.001175089790513,1980.416323809266,0.0102076928942191,745.1302023458481,0.0038406370318761,0.9859516700739048,grid_intersection_approximation,1987-2015
44330975000153,50,445569.84239520255,58716.42553170851,0.1317782756931502,23232.590567308325,0.0521412994255162,8028.082192715768,0.0180175618474537,351751.47179978114,0.7894418300594763,114.97011878326587,0.0002580293993086,3259.9594627683,0.0073163826466443,466.34272213723216,0.0010466209284505,0.9916369964249052,grid_intersection_approximation,1987-2015
44330975002288,50,557839.2628935917,199233.13586329293,0.3571515114046334,59941.889755258286,0.1074536945361844,2385.724959990705,0.0042767247102966,295133.0802663201,0.5290647322589357,17.49175256193908,3.135625927656449e-05,959.3832926100996,0.001719820307437,168.55700355761277,0.0003021605232361,0.9979780191693268,grid_intersection_approximation,1987-2015
44330975002520,50,182540.52807220005,74367.00102112199,0.407399944584951,11049.943018104885,0.0605341900497532,180.98636964875524,0.0009914859541612,96624.47493201304,0.5293316281729791,0.6798302986757294,3.724270472181591e-06,272.4665094546425,0.0014926357030526,44.97639155804518,0.0002463912646305,0.9982609730323168,grid_intersection_approximation,1987-2015
44346583000182,50,605828.7184717895,43211.60773005893,0.0713264432875693,307575.45205908315,0.507693746897549,3181.9542780389365,0.0052522341398167,247512.75903082127,0.4085523704706097,81.72570683347138,0.0001348990306032,3644.8410273815257,0.006016289614952,620.3786395721802,0.0010240165588998,0.992959693826148,grid_intersection_approximation,1987-2015
44373108000103,50,522974.4966186151,116912.82016505994,0.2235535784650698,183223.5767540161,0.3503489710084924,3090.771376409274,0.0059099848967649,219080.4099727407,0.4189122249540736,23.62499631836772,4.517427995269244e-05,497.7514477644168,0.0009517700212586,145.54190630627926,0.0002782963743878,0.9987699336043536,grid_intersection_approximation,1987-2015
44691236000197,50,282876.1730002506,60910.2947572458,0.2153249392171034,16905.283473889438,0.0597621330018292,5094.6885062303545,0.0180103133190572,195288.7214495796,0.690368225002134,564.8974419175955,0.0019969778151555,3487.6820214703434,0.0123293594666499,624.6053499174824,0.0022080521780706,0.9854625883552794,grid_intersection_approximation,1987-2015
44836856000177,50,59108.748805979565,10494.774959145294,0.1775502809845235,11529.79681908078,0.1950607490766985,94.55932147717589,0.0015997517015215,36312.5551312553,0.6143346943520795,27.11117590243065,0.000458666042677,616.6223847979282,0.0104319986001048,33.32901432065848,0.000563859242395,0.9890041421575002,grid_intersection_approximation,1987-2015
44845915000173,50,375481.63307690056,165800.9189899592,0.4415686531223814,26307.50802352408,0.0700633685007334,706.0666153440949,0.0018804291692198,182237.4046084621,0.4853430595662157,18.976407024858027,5.053884225802215e-05,236.78415906089305,0.0006306144913682,173.97427352530687,0.0004633363078232,0.9989060492008086,grid_intersection_approximation,1987-2015
44870939000182,50,422449.46851674106,22888.217004732287,0.0541797746487761,76198.17779299476,0.1803722894019338,7266.412982801928,0.0172006678297287,308129.96008398227,0.7293889164208323,288.5580314633662,0.000683059283934,7066.989144558933,0.0167286022855509,611.1534762075461,0.001446690129244,0.9818247075852052,grid_intersection_approximation,1987-2015
45281813000135,50,313095.44117544807,59233.95075629695,0.1891881610729178,18953.32580107406,0.0605352978948462,6889.6431708695645,0.0220049296949323,223759.0944081479,0.7146673665004305,451.88326643582906,0.0014432764167352,3345.6551565304208,0.0106857357742734,461.8886160933221,0.0014752326458643,0.9878390315798622,grid_intersection_approximation,1987-2015
45353547000109,50,219675.01561769503,27376.154956459497,0.1246211585759155,16859.831504582944,0.0767489714621186,2321.668630351443,0.0105686512588754,167852.97300554445,0.7640967842135605,515.2355956871565,0.0023454446753463,4223.357582241925,0.0192254798314976,525.7943428276083,0.0023935099826857,0.9783810101858166,grid_intersection_approximation,1987-2015
45483450000110,50,352762.7813359812,177106.6719243417,0.5020560027721868,31066.724645931183,0.0880669001652483,1361.7464471766948,0.0038602327661084,142720.80611704526,0.4045801135157564,15.182825418575948,4.303975992329928e-05,221.5082166850724,0.000627923999936,270.1411593826988,0.0007657870208405,0.9986062889792232,grid_intersection_approximation,1987-2015
45483450002164,50,321931.48940075363,165761.75325281871,0.5148976061999068,25097.485912620534,0.0779590898651673,1841.6907366005569,0.0057207536299996,128786.10740647335,0.4000419705639764,38.13312093673818,0.0001184510437538,240.9415242922041,0.0007484248426293,165.37744701154114,0.0005137038545666,0.998737871302804,grid_intersection_approximation,1987-2015
45765914000181,50,199178.65432293384,22519.807153876685,0.1130633562638931,16943.055814585263,0.0850646163474677,1617.4963889987143,0.0081208319962651,152411.8677754551,0.7652018148909949,574.2463519488789,0.0028830717523467,4607.253070461804,0.0231312591508522,504.9277676073994,0.00253504959818,0.9743336912509676,grid_intersection_approximation,1987-2015
45902707000121,50,440128.912931574,221510.45513884703,0.5032853980517404,29443.445232919286,0.0668973211434914,3668.7795662477192,0.0083356931536513,184461.5217956964,0.4191079394603968,58.92982496608047,0.000133892192116,736.9375887440679,0.0016743675934296,248.84378415340024,0.0005653884051741,0.9977602440013962,grid_intersection_approximation,1987-2015
45968162000156,50,358092.37804512755,184309.93071048855,0.5146993960515447,21091.377900966992,0.0588992650893815,1410.3126477545886,0.0039384045408999,150692.924574221,0.4208213684884138,8.46117579864392,2.362847219713128e-05,233.8686212649412,0.0006530957808754,345.502414632821,0.0009648415766874,0.998382062642437,grid_intersection_approximation,1987-2015
47063128000168,50,492751.5557142217,105367.71375328283,0.2138353751122246,21089.61546506441,0.0427996933150133,7548.377155577567,0.0153188296780443,355800.319595566,0.7220683840964216,53.84103610814435,0.0001092660905557,2478.4755835630062,0.0050298686119226,413.21312505978574,0.0008385830958176,0.9941315482922596,grid_intersection_approximation,1987-2015
47080619001199,50,624717.0040569567,164668.9979817322,0.2635897484978958,61512.8747190639,0.0984651839466428,11239.809003422644,0.017991840994291,385287.7641241449,0.616739678321638,13.4926237875508,2.1597977484090784e-05,1645.557014654772,0.0026340839195482,348.5085901507846,0.0005578663424999,0.996808049737952,grid_intersection_approximation,1987-2015
47080619003051,50,628656.3488288554,236928.04192353797,0.3768800591371088,46350.45064634657,0.0737293924298932,4838.837441477376,0.0076971105922843,339252.7746121961,0.5396474166596762,28.93229185425548,4.602242848283391e-05,1084.1098943025538,0.0017244873074489,173.20201914063622,0.0002755114451055,0.9980000012474456,grid_intersection_approximation,1987-2015
47080619003302,50,673803.2288353074,57649.8427140489,0.0855588697811654,298767.5708448944,0.4434047776252492,7459.724508035479,0.0110710726645372,305404.7693838633,0.4532551289666067,65.76028484044832,9.759568079558966e-05,3958.282634585735,0.0058745379440044,497.2784650391468,0.0007380173376413,0.9933874447183542,grid_intersection_approximation,1987-2015
47080619006158,50,453830.6382915167,25630.073394072755,0.0564749737711832,91901.12722309414,0.2025009319975919,7676.828432354908,0.0169156239897221,320673.81883100304,0.7065935875070188,272.0026993189951,0.0005993484713658,7060.580541761862,0.0155577432328985,616.2071699110094,0.0013577910302194,0.983084465736882,grid_intersection_approximation,1987-2015
47080619006239,50,681490.6518218012,65935.1877756271,0.0967514192591861,213011.3730720898,0.3125668305246083,11887.448523461737,0.0174433038687816,385135.2221103012,0.565136471176435,75.04515723244073,0.0001101191293406,4992.384055942459,0.0073256823737736,453.9911271464885,0.0006661736678747,0.9920081439583516,grid_intersection_approximation,1987-2015
47254396000167,50,153230.8819340906,24535.378570797857,0.160120324709423,13732.530233969708,0.0896198603090759,215.6480287456497,0.0014073405179408,113757.05314464265,0.7423898610305794,101.1108878166962,0.0006598597263193,489.7629352260007,0.0031962417043103,399.39813289205233,0.0026065120023511,0.9941972462933384,grid_intersection_approximation,1987-2015
47524632000118,50,397549.7824294479,128643.06315416696,0.3235898215514605,14237.078492312274,0.0358120646056167,5407.956340816243,0.013603217961202,247297.45793415335,0.6220540643310266,163.1487315023898,0.0004103856641685,1525.1705543697503,0.0038364265854941,275.9072221268367,0.0006940193010313,0.9954695541134746,grid_intersection_approximation,1987-2015
47524632000894,50,563362.1448520914,258466.78099881165,0.4587933061541987,26103.40313814492,0.0463350322286888,3894.960550680984,0.0069137775519219,273367.8294624002,0.4852435186857857,42.19403024328129,7.489681482656093e-05,1285.2103587847955,0.00228132182918,201.76631302566648,0.0003581467353981,0.9973605314354216,grid_intersection_approximation,1987-2015
47902283000120,50,6786.574877472323,10.444214115454669,0.0015389521671857,6360.83589501546,0.9372674743676548,0.0,0.0,403.8890095659183,0.0595129379485086,0.0,0.0,9.884566195587633,0.0014564881953043,1.5211925799025887,0.0002241473213464,0.9983193644833492,grid_intersection_approximation,1987-2015
48295562001108,50,283882.7632645256,140695.72690096678,0.4956120804342908,22901.955372961944,0.0806739905924531,1317.6955872145516,0.0046416893088598,118530.17025200368,0.41753211392252,7.403085661083279,2.607796815823224e-05,286.5471212993758,0.001009385416727,143.2649444181264,0.0005046623569907,0.998485952226282,grid_intersection_approximation,1987-2015
48295562001450,50,411424.5648825614,92936.92188365923,0.225890551552719,172867.11179829747,0.4201672105982328,6638.31388155273,0.0161349478085918,138795.29999818478,0.3373529726835904,15.072425265509278,3.663472371857915e-05,133.92936466756885,0.0003255259313594,37.91553093412175,9.215670178795596e-05,0.9995823173668524,grid_intersection_approximation,1987-2015
48295562001884,50,473907.67132049735,150169.92571891053,0.3168759123490799,153607.79167572354,0.3241302071513433,6143.918438237463,0.0129643785278217,163626.41383762888,0.345270658695395,18.05315468149604,3.8094244457349015e-05,221.5970389482654,0.0004675953827267,119.97145636718336,0.0002531536491757,0.9992792509680974,grid_intersection_approximation,1987-2015
48295562001965,50,358187.1977517292,64214.61301736248,0.1792766838692868,179441.63086136177,0.5009716483103854,3334.859675892213,0.0093103821041747,110818.50753375737,0.3093871255850108,6.521522608722241,1.820702317016509e-05,192.7572473665562,0.0005381466690503,178.30789338014696,0.0004978064389217,0.998964046892028,grid_intersection_approximation,1987-2015
48708267046156,50,456550.05539702775,36974.85404291765,0.0809875140870662,34024.57774823029,0.0745254049277064,9135.364785567936,0.0200095579391039,371211.019216854,0.8130784671442854,165.60109090091265,0.000362722748455,4555.200399256536,0.0099774391557026,483.43811330047737,0.0010588939976802,0.9889636668466172,grid_intersection_approximation,1987-2015
49049638000106,50,242870.07938011028,48830.90291101782,0.2010577138017636,7610.242827977572,0.0313346248636373,4509.485938737321,0.0185674824591284,176550.699493796,0.726934746117823,1042.4421768854886,0.0042921803276309,3657.211273101697,0.0150583031159547,669.0947585943622,0.0027549493140617,0.9821867475699834,grid_intersection_approximation,1987-2015
49213747000117,50,539906.357472476,32851.15149927517,0.0608460171742835,178865.90008934608,0.3312905981079589,7003.435749966561,0.0129715748907875,313365.9464537271,0.5804079580035363,225.01743441576696,0.0004167712257902,6909.844469636336,0.0127982276444829,685.0617761089683,0.0012688529531602,0.9859329194023568,grid_intersection_approximation,1987-2015
49213747011585,50,539906.357472476,32851.15149927517,0.0608460171742835,178865.90008934608,0.3312905981079589,7003.435749966561,0.0129715748907875,313365.9464537271,0.5804079580035363,225.01743441576696,0.0004167712257902,6909.844469636336,0.0127982276444829,685.0617761089683,0.0012688529531602,0.9859329194023568,grid_intersection_approximation,1987-2015
49213747011828,50,319156.4335165086,18627.22064135161,0.0583639202760677,54402.95679041769,0.1704585935837124,4381.585732136131,0.0137286461183289,234062.6131744289,0.7333789596389942,355.0313548469464,0.001112405446242,6710.172074748136,0.0210247119282997,616.8537485792219,0.001932763008355,0.9770425250633454,grid_intersection_approximation,1987-2015
49213747012980,50,719137.200904716,80926.38427978897,0.1125326073772555,354401.5559600238,0.492814939227405,6121.826935788237,0.0085127384984209,275036.07587656804,0.3824528553529935,9.166108762617002,1.2745980532067468e-05,2169.139674053632,0.0030163085310073,473.0520697308148,0.0006578050323855,0.996325886436607,grid_intersection_approximation,1987-2015
49605157000210,50,87617.84392347244,6633.062099734881,0.0757044661533598,39625.79685894317,0.4522571554437394,78.34258493026637,0.0008941396115463,40433.92244989272,0.4614804546572579,398.5393918142489,0.0045486098946048,408.9898975176008,0.004667883609129,39.19064063955171,0.0004472906303627,0.9948848257605084,grid_intersection_approximation,1987-2015
49972326000170,50,630926.6427141463,182998.0774362468,0.2900465205416245,101113.5178082208,0.1602619242282216,5455.68724106675,0.0086471023280888,339434.7670220829,0.5379940298001815,4.237173024136855,6.7157934651629366e-06,1610.5776487193828,0.0025527177641301,309.77838478547005,0.0004909895442881,0.9969562926915816,grid_intersection_approximation,1987-2015
49972326003861,50,75355.02423242031,9476.525949454854,0.1257583823505391,42126.133088449045,0.5590354925574417,0.0,0.0,23712.14615427877,0.314672397704266,3.667680105647492,4.867200485975732e-05,30.028180994836084,0.0003984894345228,6.5231791371617565,8.656594837050376e-05,0.9995149446171064,grid_intersection_approximation,1987-2015
49976251000103,50,359709.02990941267,74206.05134680106,0.2062946581171141,19265.78551428977,0.0535593602394178,6785.010228044378,0.0188624962507977,256487.9506912326,0.7130428467581846,256.8707972935602,0.0007141071697817,2384.1782420972,0.0066280744820268,323.1830896541252,0.0008984569826771,0.9924734685352962,grid_intersection_approximation,1987-2015
50227255000160,50,457254.9593221247,49547.31160535777,0.1083581721646302,275652.09722345386,0.6028411318536708,1920.4036074183173,0.0041998529885062,129599.2053071097,0.2834287582123528,22.221642246485548,4.8597925060077824e-05,427.5470686423619,0.0009350299213292,86.17286789613098,0.0001884569344504,0.9988765131442202,grid_intersection_approximation,1987-2015
50376938000189,50,308919.848536662,21985.065354886297,0.0711675389555849,32511.256551574555,0.1052417211311567,5896.155360213101,0.0190863597406993,242576.73512215665,0.7852416614575936,343.9238901836409,0.0011133110799218,5132.448471638064,0.0166141751523905,474.26378600972464,0.0015352324826529,0.9818505923649564,grid_intersection_approximation,1987-2015
50376938000936,50,376969.9866534284,167468.95794967088,0.4442501097670551,30815.04783122687,0.0817440351280724,224.456965377603,0.0005954239682851,177691.86455646929,0.4713687318556538,21.49285286931575,5.7014758814407806e-05,590.136477542864,0.0015654733756971,158.03002027156825,0.0004192111464217,0.998015315477881,grid_intersection_approximation,1987-2015
51466860000156,50,260980.37398203107,18245.39536863653,0.0699109863713075,32093.90497856537,0.1229744002925487,3860.263262135498,0.0147913929435984,200586.5638735826,0.7685886904560622,396.0731891113645,0.0015176359167093,5259.412311861313,0.0201525204045551,538.7609981383806,0.0020643736152185,0.9777831059802262,grid_intersection_approximation,1987-2015
51466860002957,50,207106.8785992865,26313.58378113686,0.1270531619186283,14348.4085112017,0.0692802122664559,1332.365333733901,0.0064332258916024,162540.6179563451,0.7848151594753697,123.74708588641047,0.0005975035050662,1569.9939471545051,0.0075805977945916,878.1619838280528,0.0042401391482855,0.9881792630571228,grid_intersection_approximation,1987-2015
51466860005034,50,229996.44216785688,33353.321926013814,0.1450166863958346,14246.82743507346,0.061943686175266,5305.287215128527,0.0230668229696205,172080.9891275228,0.7481897872225953,499.0023964865143,0.0021696091982254,4042.914162489312,0.0175781595766542,468.0999051424382,0.0020352484618036,0.980386591961542,grid_intersection_approximation,1987-2015
51466860006278,50,311253.37693240977,63026.55702295264,0.2024927653608692,118815.63052350376,0.3817328238957715,0.0,0.0,128379.91290049822,0.4124611085854229,0.0,0.0,156.64779607132493,0.0005032806314109,874.6286893838036,0.0028100215265254,0.9966866978420637,grid_intersection_approximation,1987-2015
51843514000140,50,518743.052217557,47201.82620171141,0.0909926908898922,54182.4866782539,0.1044495660166069,10620.270692845286,0.0204730851766496,401556.9684765094,0.7740960900775581,108.56820211404192,0.0002092909035599,4593.444284395372,0.0088549509526132,479.4876817275346,0.0009243259831197,0.9902207230642668,grid_intersection_approximation,1987-2015
51843514009600,50,545722.6602455392,261781.42079668495,0.4796968128076276,30170.027262403128,0.0552845418748574,4085.084533778933,0.0074856421244097,248294.7675284947,0.4549834295258665,43.400709616828834,7.952887570639156e-05,1126.0225623933432,0.0020633604657111,221.93685216721028,0.000406684325821,0.9975299552084678,grid_intersection_approximation,1987-2015
51990778000126,50,605828.7184717895,43211.60773005893,0.0713264432875693,307575.45205908315,0.507693746897549,3181.9542780389365,0.0052522341398167,247512.75903082127,0.4085523704706097,81.72570683347138,0.0001348990306032,3644.8410273815257,0.006016289614952,620.3786395721802,0.0010240165588998,0.992959693826148,grid_intersection_approximation,1987-2015
53009825000133,50,468326.4353576112,32545.96177650085,0.0694941803822134,212559.62985070792,0.4538706632872404,957.4297298270976,0.0020443640536669,217548.17291471205,0.4645225135510311,125.01130791563943,0.0002669319911872,4006.330641444046,0.0085545686490766,583.8991365036226,0.0012467780855841,0.9901986532653392,grid_intersection_approximation,1987-2015
53172300000114,50,403204.7646640955,126497.43321266447,0.3137300059389125,14213.646179525878,0.0352516820860663,5508.08222670629,0.013660756790151,254986.7547051856,0.6324001526063603,148.7545526428528,0.0003689305426903,1565.9154240668602,0.0038836729158481,284.1783633035505,0.0007047991199714,0.9954115279641804,grid_intersection_approximation,1987-2015
53408860000125,50,287405.3134370792,16491.840323301134,0.0573818212547126,143352.17864131572,0.4987805441972088,345.1737149946893,0.0012009997688169,126266.2203127025,0.4393315447187986,265.5041850885689,0.0009237970652435,578.9817699416673,0.0020145131035248,105.41448973488627,0.0003667798916945,0.9976187070047804,grid_intersection_approximation,1987-2015
53811006000105,50,483109.4354864848,27679.801808565702,0.0572950966703693,117643.36098228328,0.2435128613536971,7697.548697147921,0.0159333437348343,321935.89302862855,0.6663829546289929,263.33244493075944,0.000545078248504,7245.697002872474,0.0149980448955134,643.8015220561432,0.0013326204680888,0.9836693346363976,grid_intersection_approximation,1987-2015
53811006000296,50,364122.1019409929,184256.7855570214,0.5060302150702205,33102.15190255002,0.0909094826325986,261.24825135336334,0.0007174743031547,146032.96891556607,0.4010549432103167,90.00553715397437,0.0002471850422542,269.05866203183126,0.0007389242800631,109.88311531625718,0.0003017754613919,0.9989593002585448,grid_intersection_approximation,1987-2015
54470679000101,50,352220.44068871625,27342.425416714672,0.0776287297899307,129397.14906767216,0.3673754675187354,743.4782205747244,0.0021108321229766,189475.46070780884,0.5379456693010687,200.54609799275036,0.0005693766596867,4674.560654175907,0.0132716904363513,386.8205237771601,0.0010982341712502,0.9856300753923984,grid_intersection_approximation,1987-2015
54844360000107,50,220330.67993067767,26095.386873966905,0.1184373727806642,28663.366747726875,0.130092489873608,2734.443667738836,0.0124106350899437,158432.29397285494,0.719065969490505,330.07547580298655,0.0014980913048824,3588.6074926831648,0.0162873708455501,486.5056999039944,0.0022080706148461,0.9815045585396036,grid_intersection_approximation,1987-2015
54846951000105,50,224067.10869969797,26786.78780134508,0.1195480584222899,31507.89275971892,0.1406181074168579,2269.164063908493,0.010127162692806,158835.55463461243,0.7088749239295493,400.8763408894256,0.0017890905238871,3802.581865275944,0.0169707275973837,464.2512339476421,0.0020719294172258,0.9809573429853904,grid_intersection_approximation,1987-2015
55090971000161,50,328988.1678299353,158593.8380777508,0.4820654770773796,9929.225011926628,0.0301811006682142,3754.559130512965,0.0114124442689799,155384.34806362333,0.4723098374283981,244.23404897626455,0.0007423794314162,866.1949427226809,0.002632906066003,215.76855442263556,0.0006558550596086,0.9967112388743882,grid_intersection_approximation,1987-2015
55109474000168,50,356879.56733495067,21403.136397707105,0.059972994692686,83133.46019242975,0.2329454185714267,4268.115139262325,0.0119595390992403,240238.60613675733,0.6731643616662437,327.01751200404243,0.0009163245585789,6878.232657944834,0.0192732599103642,630.9992988452761,0.0017681015014598,0.9789586385881758,grid_intersection_approximation,1987-2015
55109565000101,50,342029.69184185175,21145.60869196007,0.0618238977384963,80041.34281855208,0.2340186969953524,3780.196151958045,0.0110522455860526,229295.13992009385,0.6703954229392334,341.3677326492292,0.0009980646148319,6799.623674356756,0.0198802146028327,626.4128522816917,0.0018314575232004,0.9782883278739668,grid_intersection_approximation,1987-2015
56723257000207,50,169445.31576923103,22266.20087838263,0.1314064114271955,25913.38745411571,0.1529306805353496,1745.0983095501008,0.0102988878838454,115912.38351484248,0.6840695653853571,1551.7206086807246,0.0091576483046248,1907.276845603324,0.0112560021912961,149.2481580560705,0.0008808042723313,0.9878631935363724,grid_intersection_approximation,1987-2015
60329174000124,50,202128.10959026948,33923.76976537755,0.1678330135978803,11045.729965623384,0.0546471739532616,3231.775549604415,0.0159887487007892,147861.98332545906,0.731526078313341,2271.4338389781974,0.0112375950261573,3246.7263505496003,0.0160627156565753,546.6907946772524,0.0027046747519948,0.9812326095914295,grid_intersection_approximation,1987-2015
60855574000335,50,214795.73971312607,34724.02276040067,0.1616606679758961,13308.07170849404,0.0619568699373081,2926.2500426583933,0.0136234082043088,157649.2906410663,0.7339498020380543,1922.77499633526,0.0089516440079456,3632.079924638149,0.0169094597941701,633.2496395332413,0.0029481480423167,0.9801423921635132,grid_intersection_approximation,1987-2015
60855574000416,50,204549.20593747587,31577.871700841777,0.1543778747813576,14608.260314134255,0.0714168517407959,3055.202404575463,0.0149362711557498,149178.69621959623,0.729304694857605,2215.483271150249,0.0108310529048323,3398.2512512949847,0.0166133680926325,515.4407758829209,0.0025198864670267,0.9808667454403408,grid_intersection_approximation,1987-2015
60855574001307,50,494306.9460466035,153992.2832091413,0.3115316999705337,100981.85177227492,0.2042897688974702,3598.424332837905,0.0072797365313548,235152.90657002004,0.4757224401775849,26.43847336532723,5.3485943454322e-05,426.68432570597474,0.0008631971068149,128.3573632580866,0.000259671372787,0.998877131520398,grid_intersection_approximation,1987-2015
61082962000393,50,298118.3089637017,29696.70547879496,0.099613826410141,171652.78947287536,0.5757874787012006,1886.17968153802,0.0063269501564483,94742.92985157987,0.3178031238031595,8.670665376973098,2.908464564660073e-05,107.80116640080246,0.0003616053196314,23.23264713571369,7.793096377231381e-05,0.999560463716596,grid_intersection_approximation,1987-2015
61082962000474,50,190342.41268070968,64032.49454249496,0.3364068661350133,36704.64278734983,0.1928348089656724,2180.568376563052,0.011456029929708,87143.31775940703,0.4578239633096686,0.4624040910413378,2.429327675997249e-06,251.5923884183053,0.0013217883753545,29.334422385458183,0.000154113956907,0.9985240976677384,grid_intersection_approximation,1987-2015
61231478000206,50,273524.57100807934,10181.66120806674,0.0372239363013789,160038.33430396038,0.5850967381619006,225.15207948409235,0.0008231512023007,102334.06293615958,0.3741311523092996,131.04752378241187,0.0004791069529857,521.7349141672391,0.0019074517226893,92.57804245887826,0.0003384633494449,0.9977540849278654,grid_intersection_approximation,1987-2015
68316801000102,50,405440.2556920263,205078.12591065772,0.505815895268268,31029.763660518573,0.0765335045666725,1250.8478903549922,0.0030851595834261,167360.2119072575,0.4127863712536351,5.657373414134521,1.3953654908978451e-05,240.66977550437204,0.0005936010845632,474.97917431900623,0.0011715145885262,0.9982348843269108,grid_intersection_approximation,1987-2015
68316801002571,50,405440.2556920263,205078.12591065772,0.505815895268268,31029.763660518573,0.0765335045666725,1250.8478903549922,0.0030851595834261,167360.2119072575,0.4127863712536351,5.657373414134521,1.3953654908978451e-05,240.66977550437204,0.0005936010845632,474.97917431900623,0.0011715145885262,0.9982348843269108,grid_intersection_approximation,1987-2015
71304687000105,50,239466.0448699389,26598.558480843916,0.1110744468815626,39724.4830990703,0.1658877488064992,801.6916226441039,0.00334783005699,165775.75676158312,0.6922724967191939,556.489377707365,0.002323875929924,5513.834927020116,0.0230255397169767,495.2306010699852,0.0020680618888534,0.9749063983941696,grid_intersection_approximation,1987-2015
71304687001845,50,417742.7858888813,36325.78721543852,0.0869573058889426,174550.40794379078,0.4178418247783239,137.7015365225554,0.0003296323507527,204092.33722718223,0.4885598126917035,20.66155174959945,4.945998458270296e-05,2257.347362661902,0.005403677667009,358.54305153563416,0.0008582866386853,0.9937380356943056,grid_intersection_approximation,1987-2015
71304687002817,50,418492.2855920528,217515.3950729117,0.5197596289384081,34800.72600731486,0.0831573895276977,516.644489863403,0.0012345376668831,165135.46860670688,0.3945962071274148,80.96764091644165,0.0001934746319203,244.04103074336084,0.0005831434393064,199.04274359619208,0.0004756186683694,0.998941237892324,grid_intersection_approximation,1987-2015
71321566000163,50,318006.1897824506,19330.29435959672,0.0607859060001965,59786.97403625341,0.1880056928362115,3990.7937184783514,0.0125494215103437,227172.05956618144,0.714363640914005,362.8252208439653,0.0011409376059383,6741.539640144612,0.0211993975486971,621.7032409520857,0.0019550035846075,0.9768455988666952,grid_intersection_approximation,1987-2015
71324784000151,50,278377.1903809833,18965.65180350105,0.0681293312054228,51140.775236433234,0.1837103649420509,2800.586608432376,0.0100604025947655,197983.3686117207,0.7112054272146483,412.0185115258898,0.001480072814019,6464.668215766668,0.0232226936658108,610.1213936033603,0.0021917075632825,0.9745855987709064,grid_intersection_approximation,1987-2015
71324792000440,50,306209.86511759774,17445.29206257104,0.056971685271705,46416.8064495154,0.1515849478973819,4377.981799539836,0.0142973244766575,230695.62716116643,0.7533905776437653,351.2455925752618,0.0011470747111311,6331.360193978035,0.0206765389206076,591.5518582517775,0.0019318510787514,0.9773916100006408,grid_intersection_approximation,1987-2015
75084871000130,50,144101.66402530394,6448.9322431048695,0.0447526563050129,121427.23058724284,0.8426497459871142,275.5371420483592,0.0019121024306837,15848.737608572164,0.1099830297989422,2.58467791713042,1.7936489037882007e-05,89.37184322690885,0.000620199938921,9.269923191681512,6.432905028809198e-05,0.999315471010791,grid_intersection_approximation,1987-2015
75177857000180,50,138223.72220430433,2910.021506133081,0.0210529817872497,122118.87277745725,0.8834870804373002,142.3172706323518,0.0010296153826764,12947.112622160304,0.093667804742109,0.6846166589990303,4.9529606646471225e-06,92.30561357395024,0.0006677986390607,12.40779768838509,8.976605093911085e-05,0.99924243531,grid_intersection_approximation,1987-2015
75444430000100,50,250392.2354591714,7369.438397089194,0.0294315771556376,164102.5015905353,0.6553817505147583,233.4357721655728,0.0009322803949471,78115.40305993712,0.3119721460878706,36.17103494305795,0.0001444574943656,460.95377305150913,0.0018409267851545,74.33183144964386,0.0002968615672659,0.9978622116475794,grid_intersection_approximation,1987-2015
75619056000128,50,271005.4096717522,6043.444824011683,0.0223000892540545,205603.1371479869,0.7586680184613954,387.8062044873952,0.0014309906394751,58513.20927090558,0.2159115913655675,25.83122601458797,9.53162744827689e-05,373.59549784017,0.0013785536543077,58.38550050585148,0.0002154403507168,0.9984060059949752,grid_intersection_approximation,1987-2015
75717355000286,50,411487.9177427062,104246.14599488456,0.253339506459257,147967.561129155,0.3595915086422432,6106.8183414725945,0.0148408205396957,152976.28010643483,0.3717637226036059,18.48055272480178,4.491153185294067e-05,146.7828791429286,0.0003567124885419,25.8487388915011,6.281773480324571e-05,0.9995804697766548,grid_intersection_approximation,1987-2015
75717355000367,50,259411.36421947528,45596.64342463364,0.1757696451033523,100552.56953304232,0.3876182133947289,2666.8040939708208,0.0102802130584941,110522.29252796432,0.4260503114831038,7.589090948851717,2.925504428723083e-05,52.74569651378199,0.0002033283957026,12.719852401556269,4.903352033103153e-05,0.9997476380839664,grid_intersection_approximation,1987-2015
75717355000448,50,119792.17774641496,33046.302204456144,0.2758636066739768,33227.90915649487,0.277379623457837,845.39164199197,0.0070571522940467,52623.32790277322,0.4392885152665829,0.8195329712511203,6.841289528820229e-06,45.11144793102586,0.0003765809152123,3.315859796489008,2.768010281529624e-05,0.9995957389819724,grid_intersection_approximation,1987-2015
75717355000529,50,283180.7772272849,23891.15477886876,0.0843671488326108,197269.7900727609,0.696621402075005,1084.832383030075,0.0038308828503545,60772.01628186859,0.214605019722409,11.49398009462448,4.058884295454578e-05,131.5505226220106,0.0004645460892863,19.93920803996765,7.04115873796199e-05,0.999465042323334,grid_intersection_approximation,1987-2015
75717355000871,50,272212.92190363497,88100.38992692858,0.3236451425995003,57401.18467438777,0.2108686989323311,3325.924086301467,0.0122180977414395,123143.90628943684,0.4523808253784165,7.672661930733025,2.818625169252323e-05,202.89575989677732,0.0007453568275814,30.94850475279214,0.0001136922690383,0.99914095090338,grid_intersection_approximation,1987-2015
75717355001096,50,305821.8422095496,50709.70293963376,0.1658145231657044,130419.33442402662,0.4264552638940128,2581.747121924921,0.0084419971551799,122007.16314926025,0.3989484932396057,7.6439712863536675,2.4994850698453407e-05,78.4551887341797,0.0002565388664437,17.79541468348869,5.818882835482773e-05,0.9996852723052014,grid_intersection_approximation,1987-2015
75717355001177,50,272508.5280426278,55161.72036592002,0.2024219967064341,95505.40736063906,0.3504675910388368,2629.743755017033,0.009650133791797,119136.05868027118,0.4371828637290758,4.596876699162155,1.6868744373545176e-05,58.66702539966142,0.0002152850988593,12.333978681677314,4.526089062338608e-05,0.9997394540105172,grid_intersection_approximation,1987-2015
78340270000210,50,318005.1241709626,48823.46396909811,0.1535304316129514,152016.3961776304,0.4780312788164537,2134.9130955771498,0.0067134550147355,114890.15552943444,0.3612839756244568,11.361207669303164,3.57264924548677e-05,108.66611769714464,0.0003417118449912,20.168073856026574,6.342059395616538e-05,0.9995948675610524,grid_intersection_approximation,1987-2015
00297598000122,100,20853.64763289018,6632.733150465023,0.3180610542207464,12769.593848834658,0.6123434170190242,0.0,0.0,533.6255782582539,0.0255890761967524,13.434047913333174,0.0006442061432046,880.102687114616,0.0422037766537555,24.158320304296552,0.0011584697665167,0.9566377535797276,grid_intersection_approximation,1987-2015
00372496000124,100,1087138.8896783274,111018.68132505464,0.1021200532692781,320551.5180326424,0.2948579257683349,4328.333887232731,0.0039813991830551,634410.1914755566,0.5835594674230371,848.9502982115505,0.0007809032555745,14471.159728270111,0.013311233611146,1510.0549313594563,0.0013890174895741,0.9852997488992798,grid_intersection_approximation,1987-2015
00595322000120,100,319039.5846450298,25454.57352376704,0.0797850008239207,239219.55689517048,0.7498115231103101,0.0,0.0,53323.32548592219,0.1671370201451674,49.45077920501349,0.0001549988828503,870.2848623578932,0.0027278272171968,122.39309860720871,0.0003836298205546,0.9968885429622486,grid_intersection_approximation,1987-2015
01105558000102,100,41354.82603340713,13500.297491496553,0.3264503514194639,14466.859294264475,0.3498227578705784,170.03259470062147,0.004111553862257,12897.750698929456,0.3118801827025081,22.40391889173936,0.0005417485947986,263.74493405335664,0.0063776095646079,33.73710107092728,0.0008157959857858,0.992806594449606,grid_intersection_approximation,1987-2015
02043917000107,100,282050.8170521879,19048.50993134834,0.0675357374618907,209193.14060799184,0.7416859940146345,0.0,0.0,53189.413049735806,0.1885809571680629,41.47095510924549,0.0001470336287009,547.8874840706516,0.0019425133732878,30.395023932030803,0.0001077643534229,0.9979497222732892,grid_intersection_approximation,1987-2015
02414858000470,100,161256.60356487427,68575.91212459942,0.4252595590419403,25619.225033751394,0.1588724087410452,0.0,0.0,65037.40694912018,0.4033162395297215,18.21648622195276,0.0001129658309752,1917.1725189994163,0.0118889550977559,88.67045218189482,0.0005498717585616,0.9875611731436824,grid_intersection_approximation,1987-2015
02460988000105,100,170535.17343643622,69633.8901967911,0.4083256772993274,30422.924520765537,0.1783967723943184,0.0,0.0,68371.35873591051,0.4009223279759037,23.74754992404104,0.0001392530904065,1982.8163858326525,0.0116270230116,100.43604721239043,0.0005889462284437,0.9877840307599562,grid_intersection_approximation,1987-2015
02635522000195,100,166077.28820609543,67329.69151803006,0.4054117949859377,29940.15012372696,0.180278414027163,0.0,0.0,66775.83690935583,0.4020768741508448,23.79651245621268,0.0001432857720236,1907.5983822753367,0.0114862086374392,100.21476025103316,0.0006034224265913,0.9879103689359696,grid_intersection_approximation,1987-2015
02635522004930,100,173724.18730937695,72330.11108327049,0.4163502630434604,30199.392277007417,0.173835277313612,0.0,0.0,69037.74069185652,0.3973985531957653,22.37169589738572,0.0001287770934138,2033.6881937555652,0.0117064193838125,100.88336758956363,0.0005807099699358,0.9877128706462516,grid_intersection_approximation,1987-2015
02678100000105,100,11921.743968692088,597.7763362681455,0.0501416854646415,10596.31443859762,0.88882251341958,0.0,0.0,692.9655940684431,0.0581261932724149,0.1237899832801314,1.0383546535240029e-05,27.05009043267453,0.002268970924364,7.513719341926204,0.0006302533724644,0.9971007757031716,grid_intersection_approximation,1987-2015
02773950000184,100,728424.5252490395,56965.02282131607,0.0782030544644833,479413.199775457,0.658150821612646,0.0,0.0,188728.6261144684,0.2590915318919888,7.949885384843487,1.0913807964010436e-05,1052.8034376848773,0.0014453157481551,2256.9232147283183,0.0030983624747625,0.9954563217770824,grid_intersection_approximation,1987-2015
02783009000141,100,125610.32998654323,45364.50987720615,0.3611527004352754,33015.0292638757,0.2628368961964564,0.0,0.0,45883.91731484425,0.3652877698813452,42.89416530229548,0.0003414859694014,1264.585967942356,0.0100675316120722,39.39339737250171,0.0003136159054491,0.9896188524824786,grid_intersection_approximation,1987-2015
02859452000230,100,699012.2723814344,74967.83696469292,0.1072482414497363,436212.09964303,0.6240406883800738,0.0,0.0,185372.0709674589,0.2651914398239716,42.18701502113916,6.035232382603822e-05,725.0404770196182,0.0010372356905115,1693.0373142119636,0.0024220423318807,0.9965407219776078,grid_intersection_approximation,1987-2015
02896264000109,100,120342.18980384002,48216.653088740924,0.4006629193579986,22660.605031310744,0.1883014183824305,0.0,0.0,48006.55878692367,0.3989171118223396,44.69913152217198,0.0003714335894587,1372.051966791991,0.0114012547804594,41.62179855053013,0.000345862067313,0.9882528831522276,grid_intersection_approximation,1987-2015
03345641000338,100,1163087.6311471525,241664.33286649475,0.2077782674278303,558450.0128342786,0.4801444000255422,8503.649029552393,0.0073112711388438,353425.23594086186,0.3038681063027718,42.10029705241975,3.619701209520753e-05,702.1491134153189,0.0006036940765355,300.15106549683384,0.0002580640163809,0.9991382419070832,grid_intersection_approximation,1987-2015
03347747000109,100,158534.9267478937,67412.62526642012,0.4252225465346282,23936.291168400945,0.1509843392835765,0.0,0.0,65225.24998498304,0.4114251119483967,16.364063689627862,0.0001032205585564,1869.780586650556,0.0117941240142238,74.61567774943738,0.0004706576606181,0.987735218325158,grid_intersection_approximation,1987-2015
03445208000455,100,1330399.913785381,420794.5844650925,0.3162918007622291,415411.6940697528,0.3122457313513977,10737.31092682563,0.0080707393435367,481843.2364933207,0.3621792451281316,53.22221584486343,4.000467475484908e-05,1137.7783694044806,0.0008552153060256,422.0872451400283,0.0003172634339242,0.99882752126005,grid_intersection_approximation,1987-2015
03937452000435,100,772709.5120711494,103473.94884297712,0.1339105410591211,394246.6707832607,0.5102133008904378,7.2833769663046946,9.425763307588294e-06,271284.4061079854,0.3510820067179477,2.5123648665360188,3.2513704403637336e-06,1197.737417753254,0.0015500487557644,2496.953177340064,0.0032314254429808,0.9952185258012546,grid_intersection_approximation,1987-2015
04165520000105,100,51211.7945524787,25592.928559407672,0.4997467630856327,20365.418506952792,0.3976704719082547,0.0,0.0,385.942921440852,0.0075362116249482,49.8797432956279,0.0009739893657605,4814.446179575931,0.0940104954658908,3.178641805824991,6.206854951290008e-05,0.9059274359845962,grid_intersection_approximation,1987-2015
04165520000296,100,22120.115566657947,12913.692936855214,0.5837986197649102,6948.183354644021,0.3141115304622162,0.0,0.0,3.1956320911596587,0.000144467242114,23.27801787853241,0.0010523461239786,2230.276555051831,0.1008257189403462,1.4890701371894055,6.731746643466493e-05,0.8991069635932192,grid_intersection_approximation,1987-2015
04171382000177,100,2005969.3865152933,790044.0024244837,0.39384649024825,156953.99454838398,0.0782434645331449,16197.349020829482,0.0080745743826963,1038018.828536762,0.5174649401504454,121.43512566008712,6.0536878816002464e-05,3615.6380300007977,0.0018024392866143,1018.1388291734348,0.0005075545200328,0.9976900061933528,grid_intersection_approximation,1987-2015
04248044000277,100,2423255.737537513,635485.7069499346,0.2622445898325648,446566.61505433376,0.1842837337127817,24927.1055012334,0.010286617757713,1306088.3625718206,0.5389808192093888,134.68995923085572,5.558223061001651e-05,8828.274362193151,0.0036431459649258,1224.9831387671206,0.0005055112920157,0.9958513427430584,grid_intersection_approximation,1987-2015
04969941000199,100,1657872.2328983138,149073.6605658976,0.0899186665942797,480139.4469561506,0.2896118515217331,18220.85469792174,0.0109905059849321,989763.083356863,0.5970080587130326,1071.8489730079357,0.0006465208547067,17638.79596597032,0.0106394181746647,1964.542382502677,0.0011849781566509,0.9881756036686844,grid_intersection_approximation,1987-2015
05242560000176,100,2311713.0697599496,486792.2081084563,0.2105763965590267,576729.0315444114,0.2494812349719074,22474.386353052287,0.009721961884909,1214815.4019420785,0.5255044052972483,115.4943968606549,4.9960524241292605e-05,9396.212924345034,0.0040646103736917,1390.334490745379,0.0006014303889754,0.9953339592373328,grid_intersection_approximation,1987-2015
05553456000100,100,974006.9161943408,387742.7981833909,0.3980903951877337,72034.21798876439,0.0739565775058537,1487.2174473017235,0.0015269064547432,510840.2089767807,0.5244728764070237,32.15627751491033,3.301442421020169e-05,1585.4319798301929,0.0016277420144251,284.8853407579146,0.0002924880060102,0.9980797699795648,grid_intersection_approximation,1987-2015
05620523000235,100,526531.0183934112,161196.55244300616,0.306148254921164,135351.0478900874,0.2570618694090998,31.61699054470768,6.0047726421094206e-05,229161.9563338087,0.4352297363848457,2.292536261469882,4.354038378337199e-06,746.2431859724741,0.0014172824770123,41.309013730203255,7.845504307846525e-05,0.998504262479909,grid_intersection_approximation,1987-2015
05643160000172,100,162991.27340534984,27331.805440712425,0.1676887655987557,99318.12741468316,0.6093462879309173,0.0,0.0,35605.27672851831,0.2184489757311733,0.0,0.0,718.4640524371414,0.0044079909152581,17.59976899878068,0.0001079798238953,0.9954840292608464,grid_intersection_approximation,1987-2015
05928246000141,100,1906325.8895968676,825289.2052845225,0.4329213644887586,123983.41551428784,0.0650378910504681,12492.919033262231,0.0065534015466285,940232.7231642844,0.4932172029427332,169.98611496371078,8.91694939943652e-05,3062.760668587539,0.0016066301597756,1094.8798169591062,0.0005743403176414,0.997819029522583,grid_intersection_approximation,1987-2015
05938884000143,100,1122990.8689472694,520177.8495843637,0.4632075504514088,87775.75342185584,0.0781624818589485,1180.4107528004488,0.0010511312116963,511370.622387301,0.455364897905784,68.60150126379443,6.108820931741312e-05,1637.5883250854693,0.0014582383262123,780.0429745990546,0.0006946120366324,0.9978471496371552,grid_intersection_approximation,1987-2015
05980986000127,100,709682.65160748,66482.81897453604,0.0936796451539964,389010.6466171596,0.5481473243512769,191.53829606818348,0.0002698928818878,249526.34324415692,0.3516027095758401,164.04779193775636,0.0002311565480235,3640.717278070311,0.005130063796577,666.5394055511911,0.000939207692398,0.993930728511025,grid_intersection_approximation,1987-2015
06044698000808,100,8811.937488496407,2235.9891012436656,0.2537454565653297,2630.165660435688,0.2984775668085767,19.432908356189728,0.0022052934875625,487.113754317589,0.0552788481481506,5.440629243850708,0.0006174157784202,3433.7954348994235,0.38967541921196,0.0,0.0,0.61032458078804,grid_intersection_approximation,1987-2015
06059962000100,100,1323870.5100993617,425444.98429131054,0.3213644998100148,189527.4732170303,0.1431616398818382,6894.845457874333,0.0052080965663,698506.1588196779,0.5276242302332517,37.63952133855359,2.843142214545485e-05,2965.8380407067,0.0022402780468945,493.5707514232733,0.0003728240395552,0.9973868979135502,grid_intersection_approximation,1987-2015
06252818003799,100,562394.5390662834,74377.58885073372,0.1322516199645524,83816.41963962415,0.1490349102229557,5268.37701732999,0.0093677599111769,388605.1200149152,0.6909830964221267,1006.2615621934472,0.001789244902456,8003.650194526624,0.0142313796428654,1317.121786960246,0.0023419889338666,0.983426631423268,grid_intersection_approximation,1987-2015
06315338002324,100,1909959.7586531532,778181.9301158584,0.4074336784271356,160417.82943424443,0.0839901619431847,10843.170401058658,0.0056771721770226,956790.7885496394,0.5009481399882161,74.98369774516772,3.925930764009603e-05,2820.418239195273,0.0014766898760129,830.6382154120926,0.0004348982807877,0.9980884118431992,grid_intersection_approximation,1987-2015
06315338002405,100,1685453.6066848806,724557.4081780767,0.4298886693198331,130603.16570913407,0.0774884370540566,5511.177539086322,0.0032698482576012,821959.5539940121,0.4876785399099324,55.980532784362026,3.321392683983166e-05,1991.216849206374,0.0011814130281063,775.103882580717,0.0004598785036304,0.9983587084682634,grid_intersection_approximation,1987-2015
06315338015060,100,2077592.2477780776,685886.0120222054,0.3301350458713638,164614.7863162547,0.079233442699021,26923.75999529975,0.0129591165081088,1191312.0614887113,0.5734099473863477,399.85029794214046,0.0001924585049688,7308.799957080855,0.0035179183811921,1146.9777005833566,0.0005520706489976,0.9959300109698102,grid_intersection_approximation,1987-2015
06315338015140,100,2041313.516657744,509589.7787259202,0.2496381739343376,256300.7978827036,0.1255568024172722,30727.43485286085,0.0150527758730423,1231483.5610008885,0.6032799719159283,574.0438462013233,0.0002812129746444,11234.20847467662,0.0055034213916686,1403.6918744926734,0.0006876414931063,0.9938089371152248,grid_intersection_approximation,1987-2015
07130855000186,100,413772.6644069944,24310.258509358697,0.0587526934487066,296065.7856052706,0.7155276582361537,0.1730234234943877,4.181605948821179e-07,91758.6870751402,0.2217611141776264,0.9198401208887712,2.223056765257938e-06,937.1431916340362,0.002264874585123,699.6971620464417,0.0016910183350299,0.9960441070798468,grid_intersection_approximation,1987-2015
07280328000158,100,1219230.2994584842,336181.31826496514,0.2757324177510012,55628.59957156338,0.0456259983009531,18203.394189558097,0.0149302344254756,796577.3538412413,0.6533444536237638,1689.4887952942956,0.001385701123114,9367.214110310018,0.0076828915049686,1582.9306855520056,0.0012983032707233,0.991018805224308,grid_intersection_approximation,1987-2015
07280328001715,100,743849.237074442,96155.25690530366,0.1292671311776592,133272.20260294483,0.1791656103958703,4710.775484977788,0.0063329707825005,494551.59903176274,0.6648546162080282,1113.758120536877,0.0014972901295392,12748.63960646901,0.017138741254356,1297.0053224471044,0.0017436400520463,0.9811176186935976,grid_intersection_approximation,1987-2015
07280328001804,100,929862.932226817,129856.2271977314,0.1396509342368926,93672.71436722316,0.1007381960510003,12613.930547432008,0.0135653655073919,674297.4886027622,0.7251579402008941,1845.433179478056,0.0019846292561191,15376.332861981811,0.0165361284218082,2200.8054702082977,0.0023668063258934,0.9810970652522982,grid_intersection_approximation,1987-2015
07298800000180,100,1175690.699173997,415178.489125691,0.3531358114998972,309183.69043878635,0.2629804681248299,10411.41988074971,0.0088555773113323,439055.6582279952,0.3734448682263641,57.393959098674856,4.881722645164926e-05,1434.0265857578906,0.0012197311646382,370.0209559180565,0.0003147264464863,0.9984655423888754,grid_intersection_approximation,1987-2015
07300906000170,100,343873.7671106207,21008.50941632274,0.061093666995437,266831.36299825273,0.7759573091029529,0.0,0.0,55314.57372803166,0.1608572069710613,45.96093552258039,0.000133656416739,584.0927414260636,0.0016985673153665,89.26729106488256,0.0002595931984429,0.9980418394861904,grid_intersection_approximation,1987-2015
07398533000112,100,1590792.902276813,553461.9839042345,0.3479157991666264,192244.94029196145,0.1208485026660679,9497.49171151625,0.0059702879601254,831805.4968341774,0.5228873573949574,47.290189572625685,2.9727433096377207e-05,3195.6139542205324,0.0020088183381047,540.0853911302584,0.0003395070410216,0.9976516746208736,grid_intersection_approximation,1987-2015
07455944000100,100,1996038.9161454008,342653.0400969795,0.171666512774553,670738.1851478787,0.3360346232342792,16592.88303952924,0.0083129055777991,956436.4914937306,0.4791672565887284,108.8688329511072,5.45424400649194e-05,8025.295817369558,0.0040206108971399,1484.151716962086,0.0007435484874353,0.9952358406154248,grid_intersection_approximation,1987-2015
07458537000149,100,1555731.8812753565,535207.059072903,0.3440226850877103,402031.2824377375,0.2584193891483156,7428.398112542308,0.0047748575457955,608919.5437400241,0.391403911605157,59.54183681172524,3.827255681288352e-05,1334.3610755020122,0.0008577063255964,751.6949998355337,0.0004831777306121,0.9986591159437912,grid_intersection_approximation,1987-2015
07459492000127,100,37043.019753657085,9667.30504728844,0.2609750800981615,19385.28960758003,0.5233182860494577,2.5531656985179314,6.892434028048885e-05,7728.33648428457,0.2086313841495491,14.926044091812225,0.0004029381025378,230.62607889262068,0.0062258984398768,13.983325821097887,0.0003774888201364,0.9933966127399868,grid_intersection_approximation,1987-2015
07670089000142,100,1541.0535843709747,45.61849742048238,0.0296021487397551,1331.687719575189,0.8641410870334892,0.0,0.0,92.01886422382158,0.059711657762622,0.0,0.0,59.24919641450824,0.0384472006784193,12.479306736973514,0.0080979057857143,0.9534548935358664,grid_intersection_approximation,1987-2015
07674341000191,100,852867.8926296564,83676.55510375396,0.0981119770445961,481390.1535374196,0.5644369517219652,176.9658618559634,0.0002074950451122,283021.65336353687,0.3318470021082553,161.06672818308294,0.0001888530797969,3656.499010854641,0.0042872982351117,784.9990240523052,0.0009204227651622,0.994792278999726,grid_intersection_approximation,1987-2015
07863768000138,100,447103.6824000941,129816.80095719712,0.2903505519353553,134438.5509970466,0.3006876397782456,13.359019702192178,2.987901962801943e-05,182478.01964989948,0.4081335646137838,3.7633623282308073,8.417202712419475e-06,321.5574572541201,0.0007192010934196,31.63095666635821,7.074635685521598e-05,0.9992100525497252,grid_intersection_approximation,1987-2015
07895728000682,100,153707.26551527248,33521.82925296209,0.2180887750529355,92145.30562818696,0.5994856867649585,0.0,0.0,27519.469949676128,0.1790381857189553,0.1516816089792824,9.868213351581046e-07,506.2371704007476,0.0032935149077285,14.271832437594378,9.28507340869734e-05,0.9966136343581844,grid_intersection_approximation,1987-2015
07903169000109,100,526637.185395523,171158.06290490762,0.3250018564039718,132536.29752595694,0.2516652853262109,85.25924145820998,0.0001618936980194,221947.24273755163,0.4214424064469763,2.2740262103676794,4.318012995341007e-06,864.8244460628523,0.0016421636565852,43.22451337538335,8.207645524104079e-05,0.998275759888174,grid_intersection_approximation,1987-2015
07903169001768,100,532465.4689515604,170834.91206449218,0.3208375416360256,137862.32205691485,0.2589131692020698,287.1993740590637,0.0005393765244994,222751.9276341036,0.4183406072748876,2.0419829116514063,3.834958378938879e-06,686.7275156507409,0.001289712771427,40.33832342834012,7.575763271140834e-05,0.9986345295958616,grid_intersection_approximation,1987-2015
07912062000119,100,648737.7539769611,235801.1091780508,0.3634767789180108,122143.42692302851,0.1882785858758056,3389.5415233679087,0.0052248254438545,286165.01673615695,0.4411104718075643,9.036685674184428,1.3929643555946569e-05,1163.1095530944406,0.0017928809383517,66.51337758833635,0.0001025273728568,0.9981045916887914,grid_intersection_approximation,1987-2015
07930999000206,100,120046.02114694842,19267.404348909426,0.1605001495661749,16438.90219524499,0.1369383344669301,183.5378398305313,0.0015288956524919,82703.10154141205,0.6889283022564748,6.602846279148485,5.5002624960521904e-05,1355.8780901275013,0.0112946524772176,90.59428514477428,0.0007546629557499,0.9879506845670324,grid_intersection_approximation,1987-2015
07969961000239,100,1552202.7542377317,635645.9353476055,0.4095121810679711,262694.4677057362,0.1692397897043691,6966.761341514303,0.0044883062618553,644515.679030552,0.4152264755818359,74.49831707647391,4.799522283611663e-05,1338.1773620006427,0.0008621150544587,967.2351332464052,0.0006231371066735,0.9985147478388676,grid_intersection_approximation,1987-2015
07981751000185,100,862909.4673709818,173093.79721039633,0.2005932299453841,339160.47768812324,0.3930429442632496,0.0,0.0,347296.93749746174,0.4024720444377184,1.8222785743845105,2.1117841943911326e-06,960.9167973556938,0.0011135777664872,2395.5158990704117,0.002776091802966,0.9961103304305466,grid_intersection_approximation,1987-2015
07987748000179,100,111889.7391811504,47010.642638030986,0.4201515079226378,20865.364221137195,0.1864814805525286,0.0,0.0,42424.282349668254,0.3791615090011336,20.723785932387628,0.0001852161429998,1489.6430032584442,0.0133134907111249,79.08318312313409,0.0007067956695751,0.9859797136193,grid_intersection_approximation,1987-2015
07996345000196,100,535158.248721026,33188.75963233817,0.062016720683379,398783.4956406839,0.7451692963599758,0.0,0.0,101608.37036595102,0.1898660267477605,35.27870864644065,6.592201228468997e-05,711.4420765146504,0.0013294050464791,830.9022968918792,0.0015526291501208,0.9971179658034,grid_intersection_approximation,1987-2015
08048772000105,100,451309.0160460835,31007.020046050424,0.0687046323995536,334148.68043894944,0.7403988587828906,0.0,0.0,85344.6744426439,0.1891047406726953,42.12105448072559,9.333085088737642e-05,599.4736484409639,0.0013282997394843,167.0464155180496,0.0003701375544888,0.9983015627060268,grid_intersection_approximation,1987-2015
08056257000177,100,1693626.571214397,382236.7272134382,0.2256912673136436,500834.1005670709,0.2957169597356713,12759.878353542896,0.0075340565449404,792438.495837128,0.467894463458328,27.119753571847436,1.6012829529712385e-05,4398.79613773224,0.0025972644811412,931.4533519129484,0.0005499756367456,0.9968527598821132,grid_intersection_approximation,1987-2015
08057019000186,100,595242.0331872044,207998.1582988769,0.3494345941686231,74213.02471418238,0.1246770566870271,143.74471683165922,0.0002414895266417,310718.07533772424,0.5220029131242534,0.5105633971786745,8.577408326573967e-07,1242.7897312237324,0.002087872935601,925.7298249682844,0.0015552158170206,0.996356911247378,grid_intersection_approximation,1987-2015
08070508000330,100,829037.775810777,165943.2292681537,0.2001636525016795,55832.82338983565,0.0673465371770696,12579.07161165432,0.015173098233494,579728.3901258084,0.6992786179843848,3561.512786521508,0.0042959595936849,9717.089727585888,0.0117209251630094,1675.658901217433,0.0020212093466774,0.986257865490313,grid_intersection_approximation,1987-2015
08070508006532,100,1378172.6519521524,169621.37736952293,0.1230770158798738,183369.70922893463,0.1330527847648082,22138.92356047021,0.0160639695825562,981521.604645238,0.7121905976402401,1460.032487458686,0.0010593973733193,17981.041016791147,0.0130470162728315,2079.9636437368627,0.0015092184863708,0.9854437652407978,grid_intersection_approximation,1987-2015
08070508006613,100,1797550.143076095,874434.2201856457,0.4864588749047367,129263.55021057476,0.0719109565363054,6455.373521784583,0.0035912063686511,784470.8553880043,0.4364111112058116,114.73723056312429,6.382978021785685e-05,1601.665002119941,0.0008910266054548,1209.741537402581,0.0006729945988223,0.9984359787957228,grid_intersection_approximation,1987-2015
08070508006702,100,1543042.772447907,760816.9105945305,0.4930627486025931,131604.83533997514,0.0852891687060594,4335.147150541467,0.0028094795737023,643990.2714403084,0.4173508880889104,97.99583127668208,6.350817555188052e-05,1027.987634271005,0.0006662081263244,1169.6244570033764,0.0007579987268582,0.9985757931468172,grid_intersection_approximation,1987-2015
08070508006885,100,1204759.746460865,581282.1856422802,0.482488054028922,94272.6401365766,0.0782501576878829,1827.24108505867,0.00151668504067,525063.9250915963,0.4358245921097865,101.32212270809046,8.410151734047978e-05,1273.3619201373194,0.0010569426177111,939.0704625077832,0.0007794669976868,0.998163590384602,grid_intersection_approximation,1987-2015
08070508006966,100,720923.2543736966,58960.66424647644,0.081784938811134,343068.51840219635,0.4758738413844588,2151.362887315509,0.0029841774062129,312054.9035839549,0.4328545399122312,1638.857230660176,0.0022732755819951,2712.575423587517,0.003762641039987,336.37259950570416,0.0004665858639806,0.995770773096032,grid_intersection_approximation,1987-2015
08070508008314,100,1650865.2922471887,821585.7830505507,0.4976697898422668,130120.87379618143,0.0788198009899756,4921.210145769583,0.0029809883149646,691757.9583491565,0.4190275012733005,100.44815875330946,6.084576326429247e-05,1184.5061673468483,0.0007175062513637,1194.5125794303517,0.0007235675648643,0.998558926183772,grid_intersection_approximation,1987-2015
08070508009477,100,586834.0972979767,89105.94895050052,0.1518418056496386,53438.79562034683,0.0910628674550453,5205.282933041413,0.0088701098947873,429988.06854546926,0.7327250930464155,1883.9044652482369,0.0032102845998937,5486.265193049441,0.0093489202797016,1725.8315903210398,0.0029409190745177,0.9877101606457808,grid_intersection_approximation,1987-2015
08070508009558,100,880831.3137271586,191708.17173484023,0.2176445918159339,55816.43438733477,0.0633679042939022,13823.958373940368,0.0156942176765327,604525.9509718448,0.6863129654347182,3673.159265543218,0.004170105227073,9724.282658036338,0.0110398920956714,1559.3563356187983,0.0017703234561683,0.9871897844481602,grid_intersection_approximation,1987-2015
08070508009710,100,1383641.0114008638,681524.0511437847,0.4925584349756859,115614.82271039711,0.0835583953914051,2789.156711355929,0.0020158095115524,581498.8030313583,0.4202671055858783,108.95104000347855,7.874227426460232e-05,1042.5699987206103,0.0007534974680065,1062.6567652436977,0.0007680147932069,0.9984784877387864,grid_intersection_approximation,1987-2015
08070508012265,100,494862.8234975467,71297.51969464074,0.1440753200871517,52151.36597237177,0.1053854997709891,3609.233778909692,0.0072934025502273,361286.73896676186,0.730074521285095,1203.6469456356358,0.002432284036066,3857.53257998525,0.0077951553376374,1456.78555924177,0.0029438169328332,0.9892610277295292,grid_intersection_approximation,1987-2015
08070508012427,100,1455719.8959614984,122280.09905229932,0.0839997443131281,776437.538675419,0.5333701495936377,2316.487047725489,0.0015912999843939,544882.282220291,0.3743043450404983,280.752312934145,0.0001928614932811,8156.901381648844,0.0056033453992611,1365.8352711805214,0.0009382541757996,0.9934584004249392,grid_intersection_approximation,1987-2015
08070508012508,100,925372.5423269866,143188.30439261097,0.1547358472864806,62043.18080962308,0.0670467060256686,13493.504021256422,0.0145816991579683,688089.2714420264,0.7435808174205426,2581.075642297559,0.0027892286881638,13605.511622476646,0.0147027397076895,2371.694396695547,0.0025629617134863,0.982734298578824,grid_intersection_approximation,1987-2015
08070508015795,100,986116.8419858522,191300.20666781036,0.1939934483651734,52146.13146117071,0.0528802766984065,16249.663682752584,0.016478436419389,708853.9906821143,0.7188336721383004,3562.9517828401517,0.0036131132043795,12034.979522651254,0.0122044153494175,1968.918186512965,0.0019966378249335,0.985798946825649,grid_intersection_approximation,1987-2015
08070508015876,100,882323.6475900635,142796.78280660158,0.1618417268953743,54968.58389322928,0.0622997967280689,13263.116981438376,0.0150320316333633,653958.6441759203,0.7411777367206598,3217.0176911475214,0.0036460744307764,11710.042653472236,0.0132718222904446,2409.4593882542454,0.0027308113013125,0.9839973664082428,grid_intersection_approximation,1987-2015
08070508016414,100,1053248.6161143382,158531.91786301375,0.1505170910623859,71907.28932086429,0.0682719048671963,16702.685861587182,0.0158582556920008,786249.1746163032,0.7464991290631326,2350.376160614824,0.0022315492511975,15270.5209871598,0.0144984961323719,2236.651304795102,0.0021235739317148,0.9833779299359132,grid_intersection_approximation,1987-2015
08070508016767,100,134249.12318326655,11786.47648792696,0.0877955565626821,97030.98034541498,0.7227680750879525,0.0,0.0,24936.09406457077,0.1857449305685962,13.585418769174076,0.0001011955865859,458.43159333715926,0.0034147827744941,23.555273247487776,0.0001754594196889,0.9964097578058168,grid_intersection_approximation,1987-2015
08070566001173,100,126621.99904745784,11319.120436406352,0.0893930005967126,93091.60292291218,0.735192965070955,0.0,0.0,21461.136438026995,0.1694897932387197,0.123151363372805,9.725905790402822e-07,726.7446542471585,0.0057394817623655,23.271444501799134,0.000183786740668,0.9940767314969664,grid_intersection_approximation,1987-2015
08070566001254,100,148739.87737464954,18739.075218991737,0.1259855497378911,106951.28258282338,0.7190491512469916,0.0,0.0,22077.792968751088,0.1484322386063356,0.7672245502471924,5.158163122016626e-06,937.3598664343964,0.0063020077936016,33.59951309869322,0.0002258944520578,0.9934720977543404,grid_intersection_approximation,1987-2015
08070566001688,100,177429.34920463647,33790.64360245004,0.1904456266898545,112745.82253018768,0.6354406586936941,0.0,0.0,29943.100790885237,0.1687606978502223,0.7672188228914287,4.32408069088144e-06,924.6076510435148,0.0052111313894136,24.40741124712773,0.0001375612961245,0.9946513073144618,grid_intersection_approximation,1987-2015
08070566001769,100,129587.37070142051,17085.16575156163,0.1318428305095193,92212.06678000712,0.7115822034268368,0.0,0.0,19359.29889996085,0.1493918643088005,0.7672245502471924,5.920519461845847e-06,897.3504331816234,0.0069246750537842,32.72161215902781,0.0002525061815971,0.9928228187646184,grid_intersection_approximation,1987-2015
08110543000173,100,1626314.478028718,793247.9088185931,0.4877580071599078,131674.84368874913,0.0809651795317928,3893.398031653728,0.0023940007201884,694964.2156374772,0.427324619577792,97.88976189854392,6.019116426805576e-05,1266.8077011311043,0.0007789438747828,1169.41438921506,0.0007190579712679,0.9985019981539492,grid_intersection_approximation,1987-2015
08164344000148,100,707608.5063346524,118479.69469959344,0.1674367869223441,295168.2136224907,0.4171349142641531,129.8968657526343,0.000183571656629,290230.8128853076,0.4101573261020797,3.0277810623026773,4.278892968636439e-06,1236.120655104827,0.0017468990890285,2360.739825340956,0.0033362230727968,0.9949168778381744,grid_intersection_approximation,1987-2015
08195806000194,100,532807.1718738136,34978.09454283953,0.0656486931657209,392873.3314613207,0.7373649458952217,0.0,0.0,103481.27249033727,0.1942189931986221,38.73403620507607,7.269803833318065e-05,667.8570012416251,0.0012534684900971,767.8823418694093,0.0014412012120048,0.997305330297898,grid_intersection_approximation,1987-2015
08322396000103,100,183736.8405806897,37760.42195340909,0.2055136130243093,108462.62986306526,0.590315091520434,0.0,0.0,36633.35243485214,0.1993794620560282,0.3515681935663731,1.913433323743143e-06,859.4870373638132,0.0046778154813561,20.59772380583594,0.0001121044845483,0.9952100800340956,grid_intersection_approximation,1987-2015
08355201000113,100,432284.2529459939,44469.84953956304,0.1028717776243372,252245.27406023417,0.5835171472039432,81.1646077594373,0.0001877574933768,133713.98158003305,0.3093195754154343,39.31328659616902,9.09431382897968e-05,1408.7706540842853,0.003258898848347,325.8992177237617,0.0007539002762714,0.9959872008753814,grid_intersection_approximation,1987-2015
08391345000397,100,1783383.5115184574,873708.0612380245,0.4899159690526172,132551.0872721783,0.0743256211667662,6016.690771038004,0.0033737503639444,768303.6326073465,0.4308123449863996,113.2739819540936,6.35163335437854e-05,1482.6091877889571,0.0008313462461737,1208.1564601271596,0.0006774518505548,0.9984912019032716,grid_intersection_approximation,1987-2015
08493354000127,100,959319.921996016,92020.51457918547,0.0959226556952161,561265.1005913654,0.5850656154659699,331.22731205309896,0.0003452730465181,300862.5834381575,0.3136206978920708,155.22771437292135,0.000161810164486,3833.536498152193,0.0039960980797479,851.7318627294183,0.0008878496559909,0.995116052264261,grid_intersection_approximation,1987-2015
08517600000133,100,612452.3597783134,56132.27077098631,0.0916516523690173,367257.0973275925,0.5996500649626476,4.013137544061663,6.552570955093193e-06,185432.28529020716,0.3027701376762222,2.8022820223750324,4.575510205217205e-06,1159.2601522890548,0.0018928168595981,2464.6308176719704,0.0040242000513543,0.9940829830890472,grid_intersection_approximation,1987-2015
08598391000108,100,536096.3160013396,158808.626925331,0.2962315206899018,130774.81867298402,0.2439390362694774,0.0,0.0,244802.06787425737,0.4566382207216019,4.976946914739457,9.283680499544829e-06,983.3555766673765,0.001834289002398,722.470005185106,0.0013476496361211,0.9968180613614808,grid_intersection_approximation,1987-2015
08657268000102,100,653696.5477185913,86469.98366399905,0.1322784768648087,151433.86417980457,0.231657738913125,4736.986369574451,0.0072464607410068,400491.4098569123,0.6126564554373617,3605.011351467615,0.0055148086127258,5988.355190693251,0.0091607569469238,970.9371061400244,0.0014853024840479,0.989353940569028,grid_intersection_approximation,1987-2015
08704527000109,100,868335.5923857511,97299.47087332964,0.1120528419271625,502110.27922354464,0.5782444985860792,0.0410812912865231,4.7310385116948064e-08,265413.5557514052,0.3056578102737695,5.814658581252498,6.6963264344338695e-06,1090.5051932853512,0.0012558568401983,2415.9256043137398,0.0027822487359708,0.9959618944238308,grid_intersection_approximation,1987-2015
08793343000162,100,44664.314360443575,16311.984193794584,0.3652129093968831,18456.555472592398,0.4132282278789043,13.534192091125044,0.0003030202586768,9533.564991982748,0.2134492632092442,30.35636929850597,0.0006796560012883,291.92019769366846,0.0065358710163522,26.398942990551404,0.0005910522386509,0.9928730767449968,grid_intersection_approximation,1987-2015
08830263000130,100,435468.14675752434,115395.66324604469,0.2649922023120989,141147.2752666548,0.3241276688493311,0.0,0.0,178581.6961336035,0.4100912947670559,6.048143244135738,1.388883042116842e-05,301.89821016749323,0.0006932727741751,35.56575780976203,8.16724669176908e-05,0.9992250547589072,grid_intersection_approximation,1987-2015
08906558000142,100,434114.8045282931,121901.67433553928,0.2808051535307509,118919.38410832892,0.2739353343121898,0.1072698566694319,2.471002037951477e-07,192543.585430425,0.4435314884956339,4.393829409836413,1.012135353137916e-05,703.4119011216663,0.0016203361271818,42.24765361169939,9.731908050822055e-05,0.9982823447923098,grid_intersection_approximation,1987-2015
09022388000104,100,616844.2105508514,72768.76426661396,0.1179694370506133,382850.2963260263,0.6206596248737345,0.0,0.0,159757.6871456666,0.2589919535809544,41.966572263240295,6.803431327622172e-05,639.1754060706944,0.0010362023265159,786.3208342105722,0.0012747478549054,0.9976890498185784,grid_intersection_approximation,1987-2015
09075242000119,100,3893.110478947671,1998.8086885490327,0.5134220308819292,1321.2474375507518,0.33938092553384,0.0,0.0,221.12473473570972,0.0567989878354238,12.86947378034604,0.0033057047443012,336.04690112942967,0.0863183572484346,3.013243202400597,0.0007739937560711,0.9129076489954944,grid_intersection_approximation,1987-2015
09538989000166,100,295165.8887814583,74274.3229327983,0.2516358622584306,107339.25569490768,0.3636573864887957,1.9300416501063729,6.538837052188579e-06,113365.99551199649,0.3840755311530357,4.562398272641596,1.545706481015362e-05,158.52972959024854,0.0005370868911875,21.29247224286547,7.213730668800444e-05,0.9993907758021244,grid_intersection_approximation,1987-2015
09538989000409,100,1429966.1193607564,369605.2231268321,0.2584713148952496,524431.7536754508,0.3667441812606649,6709.960945858663,0.0046923915574015,527145.74827109,0.3686421245467984,86.4256400425073,6.043894248427544e-05,1416.3739135579656,0.0009904947357711,570.6337879244282,0.0003990540616301,0.9986104512025988,grid_intersection_approximation,1987-2015
09538989000670,100,1356426.3718783823,306149.264107537,0.2257028250516692,540561.3046958623,0.398518722359616,5407.589989677942,0.0039866446876799,502136.7559087978,0.3701909416678752,104.76320677784796,7.723471686323205e-05,1518.1364818371785,0.0011192177572711,548.557487892023,0.000404413759025,0.9984763684837038,grid_intersection_approximation,1987-2015
09538989000751,100,1244180.9589450883,219082.1953892334,0.1760854751988714,555933.5897089236,0.4468269552849342,4565.821101409606,0.0036697403770596,462458.3046882679,0.3716969797386831,122.96467262564327,9.883182325013408e-05,1518.408320242586,0.0012204079393161,499.6750643854847,0.0004016096378851,0.9983779824227986,grid_intersection_approximation,1987-2015
10249419000216,100,860864.6952407669,132100.8842828253,0.1534513902279141,443303.75332489295,0.5149517174715936,0.0,0.0,282227.5158411362,0.3278418982697423,14.236895621884605,1.6537901601253174e-05,880.8707931049553,0.0010232395380769,2337.434103185509,0.0027152165910715,0.9962615438708514,grid_intersection_approximation,1987-2015
10249419000305,100,795897.4962739861,90321.79172759652,0.11348420135814,447203.6441905389,0.5618859793932434,0.8334923743216467,1.0472358290152463e-06,254659.08900656656,0.3199646816314405,2.408548651729122,3.026204584139041e-06,1217.4687319878228,0.0015296803139693,2492.2605762702324,0.0031313838627936,0.9953389358232372,grid_intersection_approximation,1987-2015
10452413000160,100,49589.49010000367,15990.781915367115,0.3224631244063937,18641.09079049212,0.3759080957053588,169.3886152891667,0.0034158168383577,14389.211959700338,0.2901665641385426,33.56839806931246,0.0006769256550454,327.52979033907326,0.0066048227089765,37.918630746543705,0.0007646505473251,0.9926305267436984,grid_intersection_approximation,1987-2015
10921675000127,100,0.0,0.0,0.0,0.0,0.0,0.0,0.0,0.0,0.0,0.0,0.0,0.0,0.0,0.0,0.0,0.0,grid_intersection_approximation,1987-2015
11092881000134,100,711675.5547068687,55968.27157220978,0.0786429591434575,479732.6105553562,0.6740889263127111,0.0,0.0,173192.72606499316,0.24335910502972,23.47528768630061,3.2985940757751366e-05,868.525301374955,0.0012203950179695,1889.9459252483032,0.0026556285553839,0.9961239764266464,grid_intersection_approximation,1987-2015
12229415001001,100,841131.0912773955,318822.2808672522,0.3790399429690184,78305.16886610564,0.0930950831304861,990.8907672252752,0.0011780455835016,441134.1669772476,0.5244535263906522,18.04172485271259,2.1449361508339056e-05,1363.8294735503137,0.0016214232094061,496.7126011617191,0.000590529355427,0.9977880474351668,grid_intersection_approximation,1987-2015
12229415001435,100,1667465.8178284771,260469.0180403964,0.1562065112552666,685112.1336986537,0.4108702717461805,10673.225645788476,0.0064008662316617,703777.4912221815,0.4220641189147153,135.3511795722109,8.117178662677313e-05,6031.044244909899,0.0036168922807449,1267.553796975003,0.0007601677848039,0.9956229399344512,grid_intersection_approximation,1987-2015
12229415001605,100,631179.1416142719,236998.6177679671,0.3754855034686846,59586.72616943321,0.0944054108268489,364.62906492117054,0.0005776950486491,332340.9174288527,0.5265397658402879,0.7577040283879778,1.2004579657846615e-06,1367.225177896261,0.0021661444235934,520.2683011730378,0.0008242799339699,0.9970095756424364,grid_intersection_approximation,1987-2015
12282034001762,100,934293.3854593792,468978.9226992704,0.5019610863119619,76045.7141002573,0.0813938269110903,1694.4176152602768,0.0018135819450623,385678.9470406719,0.4128028230137142,142.6144704386171,0.0001526442043346,1157.9651260823396,0.0012394020380578,594.8044073981503,0.0006366355757786,0.9981239623861634,grid_intersection_approximation,1987-2015
13537735000281,100,1859628.770662851,196853.32661210324,0.1058562492243741,870194.10505617,0.4679396870946429,10161.229474111738,0.0054641171584422,770919.4219888715,0.4145555468654547,250.5784909899336,0.000134746512284,9639.263709158457,0.0051834343828325,1610.845331446004,0.0008662187619692,0.993950346855198,grid_intersection_approximation,1987-2015
13537735000362,100,1416407.888703294,119089.57365961296,0.0840785868318187,758280.7899704245,0.5353548197649636,2021.3691103796443,0.001427109469314,527564.2701099525,0.3724663455474905,270.76115287760035,0.0001911604383434,7850.782844561628,0.0055427415415971,1330.3418554848638,0.0009392364064724,0.9935180220519304,grid_intersection_approximation,1987-2015
15009178000170,100,121386.02129617418,53194.682077646605,0.438227412923066,58737.63630174656,0.4838912724425694,0.0,0.0,1115.475837890123,0.0091894917221846,118.66998393828052,0.000977624792963,8198.807034752796,0.0675432553699756,20.750060199815238,0.0001709427492411,0.9322858018807832,grid_intersection_approximation,1987-2015
15043391000107,100,22606.762095203605,2021.8526057098309,0.08943574480924,19778.39510256176,0.8748884523696593,0.0,0.0,192.86972719282684,0.0085315060326019,0.119518434797881,5.286844453644196e-06,604.9449797628833,0.0267594703396835,8.58016154150951,0.0003795396043615,0.972860990055955,grid_intersection_approximation,1987-2015
15444904000183,100,676298.4906056869,297516.9588128797,0.4399195960742514,47821.52317391863,0.0707106755939823,429.37413559292736,0.0006348885019814,328430.12586582167,0.4856289499798862,31.63124718153191,4.6771133783254857e-05,1732.889937453364,0.0025623152521032,335.9874328390512,0.000496803464012,0.9969408812838848,grid_intersection_approximation,1987-2015
15527906000721,100,340726.7531772668,70139.1240126504,0.2058515316411322,120926.1262458284,0.3549064613159837,0.0,0.0,148895.93177803728,0.4369951299379551,11.154587369726116,3.273763291467407e-05,691.8476603810417,0.0020305058347475,62.5688929999401,0.0001836336372664,0.9977858605279858,grid_intersection_approximation,1987-2015
15527906002937,100,79546.68765726844,13466.19981006548,0.1692867447615844,6209.400832915056,0.0780598289606805,71.16448445689859,0.0008946253647105,59456.96261918754,0.7474473717291831,4.361157244828638,5.482512689427043e-05,320.7874108406532,0.0040326935072744,17.811342557983536,0.0002239105496727,0.9957433959430528,grid_intersection_approximation,1987-2015
15527906003585,100,453467.5266313555,117093.05556567872,0.2582170688947017,142823.72263680323,0.3149590968460045,0.0,0.0,192868.50427563812,0.4253193292767571,8.453919551617654,1.8642833400703973e-05,628.1966177854117,0.001385317759029,45.59361589839274,0.0001005443901068,0.998514137850864,grid_intersection_approximation,1987-2015
15527906003666,100,693085.2813985182,94263.81513228524,0.1360060841893486,84151.50000505487,0.1214157943669683,7130.722103625939,0.0102883761854492,495678.27473106,0.7151764552420918,1116.1804050889568,0.0016104517510986,8942.170617629552,0.0129019773722302,1802.6184037736505,0.0026008608928129,0.9844971617349568,grid_intersection_approximation,1987-2015
16617789000164,100,41305.01991347606,7938.760151172245,0.1921984341806882,2533.4062192572183,0.0613340999366199,3.2142528600321056,7.781748723920679e-05,30713.145612011467,0.7435693210255803,6.01976814842276,0.0001457393837609,73.28404732084726,0.0017742164868667,37.18986270583199,0.0009003714992447,0.9973254120138886,grid_intersection_approximation,1987-2015
19537471000161,100,1862081.6943518645,254650.79444115693,0.1367559732817165,768948.3663681992,0.4129509294359115,13411.154298049049,0.0072022373340161,815087.5125095922,0.4377291903904893,182.87060919860008,9.82076187920702e-05,8291.853877560776,0.0044530021978691,1509.1422481075272,0.0008104597412052,0.9947365380609255,grid_intersection_approximation,1987-2015
19818301000155,100,534691.6188356315,43700.851983236375,0.0817309462946161,332624.7032858606,0.6220869966321879,2.751543688114217,5.1460385597704e-06,155379.92380529878,0.2905972682789774,2.8421132705963883,5.31542513568008e-06,1111.031427645819,0.0020778919820461,1869.5146766312296,0.0034964353484768,0.994425672669477,grid_intersection_approximation,1987-2015
21783238000100,100,46904.6025273605,15273.183604611586,0.3256222797262251,17092.19223330052,0.3644033061218302,169.4585949670511,0.0036128351128911,13976.145768669085,0.2979696024610055,33.01177598565314,0.000703806752576,322.6863019142386,0.006879629813002,37.92424791236834,0.0008085400124699,0.992311830174528,grid_intersection_approximation,1987-2015
22587687000146,100,253397.73613573107,43415.139643533126,0.1713319949325752,43232.44820255594,0.1706110277930767,1303.1071635317692,0.0051425367227186,161165.85515590085,0.6360193173532271,207.3291546851607,0.0008181965547399,3541.033927837299,0.0139742129580059,532.8228876869243,0.0021027136856562,0.9839230733563376,grid_intersection_approximation,1987-2015
23796998000188,100,815.2103993064053,645.4066097804144,0.7917055650044912,14.363572716712952,0.0176194669853742,0.0,0.0,155.44021680927793,0.1906749680101346,0.0,0.0,0.0,0.0,0.0,0.0,1.0,grid_intersection_approximation,1987-2015
23858708000183,100,249093.85124105605,75575.40891951231,0.3034013426785696,62917.09822157531,0.2525839072626824,421.5964230534567,0.001692520393229,109941.19443462705,0.4413645454790188,2.6699433133633166,1.0718623924520432e-05,216.50773178103503,0.0008691813575579,19.375567193545265,7.778420501754943e-05,0.9990530344374244,grid_intersection_approximation,1987-2015
28144326000101,100,572859.4688405235,65264.02031710554,0.113926754932062,306328.7857851384,0.5347363576011978,84.97339727176592,0.0001483320114159,197668.89850513617,0.3450565265251198,3.044280529022217,5.314183834970709e-06,1318.1764101870767,0.0023010467346469,2191.570145155622,0.0038256680117226,0.9938732852536306,grid_intersection_approximation,1987-2015
33664228000135,100,123128.0422814632,54745.162055895424,0.4446197717555787,58756.57456079962,0.4771989667998267,0.0,0.0,1026.2503961225198,0.0083348226537751,127.72897399417316,0.001037367050003,8455.894436071143,0.0686756183188674,16.43185858032303,0.0001334534219488,0.9311909282591836,grid_intersection_approximation,1987-2015
35637796000172,100,1483123.443569316,601242.5074742084,0.4053893895893423,78274.83118896124,0.0527770169963623,13566.582709597327,0.0091473051474041,784143.0747279943,0.5287105925861836,537.9138499960256,0.0003626898707106,4382.990547005868,0.0029552432509984,975.543071552854,0.0006577625589985,0.996386994190003,grid_intersection_approximation,1987-2015
37216363000250,100,480735.8102886695,172713.78751722627,0.3592696525218624,102848.0928524123,0.2139389050103312,575.8822395414245,0.0011979183310592,203264.2222605991,0.4228189743937406,2.587688554325829,5.382766373846767e-06,1283.4678013968007,0.0026697986168871,47.76992893921994,9.936835974531484e-05,0.9972308330233676,grid_intersection_approximation,1987-2015
38278706000192,100,741803.3906054792,102825.17670892944,0.1386151344293544,90868.8066361053,0.1224971573154118,7872.056118753981,0.0106120519512975,525591.3209820371,0.7085318396199777,1370.1930878799783,0.0018471108453165,11556.707539921375,0.0155792056039114,1719.1295318520358,0.0023175002347304,0.982103294161358,grid_intersection_approximation,1987-2015
43533819000399,100,2007085.6013607676,588105.8468068732,0.2930148302634168,173954.11005068183,0.0866700004886409,29824.24100347798,0.0148594763388555,1204042.7952407475,0.5998960853609973,570.4626245315991,0.0002842243620027,9368.17001130079,0.0046675488105486,1219.975623154461,0.000607834375538,0.9947246168139132,grid_intersection_approximation,1987-2015
43545284000104,100,1420890.4705341505,596208.2652895662,0.4196018466261061,112578.19981669707,0.0792307374504214,3601.377468532974,0.0025345918937573,705961.0654685296,0.4968441129759566,44.21407752604832,3.1117160993716195e-05,1859.6496537986056,0.0013087916995456,637.6987594997788,0.000448802193219,0.9982424061072354,grid_intersection_approximation,1987-2015
43619832001760,100,1536549.3830041222,744943.7944761738,0.484816044779327,143415.50596369428,0.0933360863959355,4664.6693304096925,0.0030358082740495,641202.9358293317,0.4173005716065629,99.12915768964147,6.451413718694361e-05,1054.5263547362365,0.0006862951275113,1168.821892086837,0.0007606796794266,0.998553025193062,grid_intersection_approximation,1987-2015
43932102000581,100,1483353.0347290772,661585.3811422877,0.4460066927109642,101058.51664476696,0.0681284321929637,10938.359662331142,0.0073740771119458,705528.7434990214,0.4756310379126171,370.6269171317376,0.0002498575244425,2987.198461444925,0.0020138149122339,884.2084020934112,0.0005960876348325,0.9973900974529336,grid_intersection_approximation,1987-2015
44207249000148,100,737476.1280904479,101646.59912161413,0.1378303585023265,84566.59829174019,0.1146702856819366,7943.916251609902,0.010771760534377,531420.6088737831,0.7205936417898627,1371.8438775677118,0.0018601875034515,8532.358671198534,0.0115696743883648,1994.203002934272,0.0027040915996804,0.9857262340119546,grid_intersection_approximation,1987-2015
44209336003583,100,694140.5742259558,93816.04283490742,0.135154241544694,83153.22001010596,0.1197930550347544,7044.8816726737,0.0101490705690695,499599.7061735485,0.7197385151136827,1190.3021454267107,0.0017147854334174,7459.442785339064,0.0107462999028074,1876.9786039543972,0.0027040324015743,0.986549667695618,grid_intersection_approximation,1987-2015
44330975000153,100,1849215.456928484,411271.9633481167,0.222403485655064,228747.2119966248,0.123699599816546,30163.916761303757,0.0163117373090778,1163935.726827919,0.6294213702719081,795.3684467603425,0.000430111290591,12789.08610592354,0.0069159524153913,1512.1834418356714,0.0008177432414216,0.9922663043431872,grid_intersection_approximation,1987-2015
44330975002288,100,1807218.846708228,602966.3653670511,0.3336432477258239,245906.0839675893,0.1360687912343857,13296.63685178445,0.007357513383619,940376.4984164474,0.5203445615506407,53.71930291286375,2.9724846556747217e-05,3925.7382716628335,0.0021722539463404,693.8045307802515,0.0003839073126334,0.9974438387410262,grid_intersection_approximation,1987-2015
44330975002520,100,984328.8003114308,411081.5506458584,0.4176262550844766,69831.2107677138,0.0709429722523815,1201.402698685849,0.0012205298659408,499936.5043450238,0.5078958414981349,23.059293895569557,2.3426413905875607e-05,1824.9027971941948,0.0018539565200335,430.1697630590888,0.0004370183651265,0.9977090251148396,grid_intersection_approximation,1987-2015
44346583000182,100,2072818.4708462048,206317.99072096357,0.0995350020384257,791646.529139456,0.3819179249286963,18174.638750429443,0.0087680802762288,1039248.9871392052,0.5013699953739527,418.74713295793936,0.0002020182369307,15055.56621021389,0.007263330784614,1956.0117529786485,0.0009436483611515,0.9917930208542344,grid_intersection_approximation,1987-2015
44373108000103,100,1429966.1193607564,369605.2231268321,0.2584713148952496,524431.7536754508,0.3667441812606649,6709.960945858663,0.0046923915574015,527145.74827109,0.3686421245467984,86.4256400425073,6.043894248427544e-05,1416.3739135579656,0.0009904947357711,570.6337879244282,0.0003990540616301,0.9986104512025988,grid_intersection_approximation,1987-2015
44691236000197,100,1025760.890400764,229250.4596841202,0.2234930789714084,51082.71764193608,0.0497998296873826,17124.866030544257,0.0166947932903286,712121.2831632647,0.6942371168830969,3500.204269266509,0.0034123003733345,10963.925926183236,0.0106885786237176,1717.433685449117,0.0016743021707311,0.9876371192055512,grid_intersection_approximation,1987-2015
44836856000177,100,287037.36368745664,44226.88934496189,0.1540806004375052,43810.78687681109,0.1526309547788171,1290.4591675583538,0.0044957881126705,193808.25568276015,0.6752021868964423,1156.806690486543,0.0040301606579209,2175.5350779739806,0.0075792748721829,568.6308469046024,0.0019810342444608,0.990439690883356,grid_intersection_approximation,1987-2015
44845915000173,100,1698972.2385013162,769415.8219659112,0.452871332756221,132898.3752306604,0.0782228056580204,5042.640456935763,0.002968053475308,788806.7428957352,0.4642846569356254,67.03323307461292,3.945516680940222e-05,1783.2472211617744,0.0010496035077858,958.3774978372356,0.0005640925002298,0.9983863039919844,grid_intersection_approximation,1987-2015
44870939000182,100,1685927.1095240524,171858.82682399216,0.1019372817799394,415311.0988893929,0.2463398901074897,23811.098435167947,0.0141234447804151,1054356.8373790511,0.6253869644914261,1097.379875511108,0.0006509058839565,17510.224269570594,0.0103861099158158,1981.6438513663895,0.0011754030409569,0.988438487043227,grid_intersection_approximation,1987-2015
45281813000135,100,1154064.5012239662,227464.43726706025,0.1970985478071791,65236.17888310255,0.0565273247846329,19935.442007774654,0.0172741142168671,824128.4412822628,0.7141095150298937,2333.9268019279198,0.0020223538627629,13113.11775743126,0.0113625518708216,1852.9572244069288,0.0016055924278424,0.987031855701336,grid_intersection_approximation,1987-2015
45353547000109,100,928341.766880678,125250.95698696873,0.1349190152327462,110104.32980922924,0.1186032275367625,11760.319931510803,0.0126680931000515,661420.1741295096,0.7124748640276609,1702.1966197577017,0.0018335883189628,16099.24340409845,0.0173419358887552,2004.5459996035468,0.0021592758950607,0.980498788216184,grid_intersection_approximation,1987-2015
45483450000110,100,1635437.5315387684,782982.9876079661,0.478760559488484,143039.37583164603,0.0874624515294458,9133.283969858714,0.0055846119425089,697293.6646588811,0.426365208827514,148.35025847620338,9.070982878607536e-05,1559.4712648912075,0.0009535498818006,1280.397947049157,0.0007829085014604,0.9982635416167388,grid_intersection_approximation,1987-2015
45483450002164,100,1493243.764195958,641451.4498866524,0.4295691468914615,191737.59917702895,0.1284034152858296,9764.67912850958,0.0065392398499433,647194.0239622825,0.4334148512656045,278.36166288140055,0.0001864140802431,1865.0869390888363,0.0012490170619216,952.5634395143452,0.0006379155649963,0.998113067373082,grid_intersection_approximation,1987-2015
45765914000181,100,1088868.0645834766,126056.8590242032,0.1157687171883616,152472.4552662092,0.140028402177939,14299.923749212352,0.0131328341920676,773459.292299465,0.7103333429062735,1637.2945311796575,0.0015036665914212,18971.543469503864,0.017423179250611,1970.696243703291,0.0018098576933259,0.980766963056063,grid_intersection_approximation,1987-2015
45902707000121,100,1669537.958263579,758887.7452666205,0.4545495605598029,100937.2948785318,0.0604582210179352,11053.026692741403,0.006620410538157,794384.0261714621,0.475810700942475,329.53755007087807,0.0001973824844411,2912.2768775712616,0.0017443609851196,1034.050826580929,0.0006193634720688,0.9976362755428114,grid_intersection_approximation,1987-2015
45968162000156,100,1584492.981636379,758344.2584793754,0.4786037346130738,152547.62693559568,0.0962753566620741,5689.3198856865765,0.003590624857051,665519.1295110408,0.4200202444719752,99.27617327648466,6.265485201074074e-05,1088.957367082308,0.0006872591925006,1204.413284321393,0.0007601253513142,0.9985526154561852,grid_intersection_approximation,1987-2015
47063128000168,100,2061448.6173427016,534198.2114798407,0.2591372916044086,246115.57301144715,0.1193896228801962,30679.144252576327,0.0148823230394765,1237774.7010347291,0.6004392690758771,549.9654935050048,0.0002667859333859,10768.323292948757,0.0052236680567035,1362.698777654497,0.0006610394099519,0.9941152925333444,grid_intersection_approximation,1987-2015
47080619001199,100,2431893.3247697004,595665.903847082,0.2449391582188299,455330.38240552176,0.1872328764456152,26872.797420233925,0.0110501546866899,1342385.8268542197,0.5519920685589049,190.35504824982064,7.827442359867788e-05,10074.670483152284,0.0041427271420741,1373.3887112408825,0.0005647405242871,0.9952925323336388,grid_intersection_approximation,1987-2015
47080619003051,100,2104349.6739126523,700432.8200619847,0.3328500147789879,275805.3478243044,0.1310644097050158,17317.011682885917,0.0082291512183372,1104786.61956779,0.5250014449897207,79.49765858294684,3.7777779790340414e-05,4956.646459864898,0.0023554291006441,971.7306572396157,0.0004617724275038,0.997182798471852,grid_intersection_approximation,1987-2015
47080619003302,100,2146265.3695393414,249175.8321945026,0.1160974014354915,742213.6955501226,0.3458163683223505,20913.662274991657,0.0097442108379544,1117029.636046775,0.520452713769745,385.79177627526894,0.00017975026842,14445.13810404018,0.0067303597723987,2101.613592633973,0.0009791955936394,0.9922904446339617,grid_intersection_approximation,1987-2015
47080619006158,100,1739805.2575219262,181148.97129654908,0.1041202574330455,444811.49057884136,0.2556674022312152,24264.218994640058,0.0139465143525319,1069443.1791581372,0.6146913136021831,1013.9047058998984,0.0005827690780427,17151.030446062392,0.0098580173682721,1972.4623417962523,0.0011337259347093,0.9890082566970184,grid_intersection_approximation,1987-2015
47080619006239,100,2170750.125041235,290284.46397800493,0.1337254162187326,653665.1633007975,0.3011240933538496,23570.27307285104,0.0108581235587413,1186328.1871942012,0.5465061010518961,425.0993861613781,0.0001958306399513,14398.678306487662,0.0066330427166112,2078.259802731436,0.0009573924602178,0.9924095648231712,grid_intersection_approximation,1987-2015
47254396000167,100,458112.3163154059,69677.87831652343,0.1520978062256481,41868.827656141,0.0913942414665723,3158.586671816872,0.0068947866261736,336653.3972367188,0.7348708717207598,1595.825004049843,0.0034834798088055,3800.059370964383,0.0082950386523729,1357.742059191599,0.0029637754996676,0.9887411858479594,grid_intersection_approximation,1987-2015
47524632000118,100,1572841.7861067986,510632.62476743927,0.3246560647599468,78649.85677983433,0.0500049384970332,21260.96376399873,0.0135175476337167,952086.7330640346,0.6053289920664572,851.2223061774883,0.0005412002107882,8064.152933707871,0.0051271227690795,1296.2324916063624,0.0008241340629783,0.994048743167942,grid_intersection_approximation,1987-2015
47524632000894,100,1905170.6633317235,751108.7704442551,0.3942474996600731,111551.6286755868,0.0585520398894383,18488.973139682304,0.0097046283020908,1018408.0589729082,0.5345495175702196,325.07360505251603,0.0001706270263914,4211.421125654363,0.0022105217168783,1076.7373685843586,0.0005651658349081,0.9972243124482136,grid_intersection_approximation,1987-2015
47902283000120,100,7511.3787686766045,146.58414432660825,0.0195149451040709,6822.238829591854,0.90825386918863,0.0,0.0,512.2350821058433,0.0681945482821247,0.0,0.0,28.333919865644223,0.003772133018215,1.9867927866555988,0.0002645044069593,0.9959633625748258,grid_intersection_approximation,1987-2015
48295562001108,100,1482758.263577317,652884.0052944637,0.4403172258971664,208744.9391360496,0.1407815044863952,5754.7301821909605,0.0038810980343532,613183.3832841888,0.4135423813486742,85.70148509031604,5.779868991156509e-05,1268.5889101446064,0.0008555601687115,836.9152851887793,0.0005644313747877,0.9985800084565006,grid_intersection_approximation,1987-2015
48295562001450,100,1303422.0613829668,339130.63374812336,0.2601848194807263,520880.9909295542,0.3996257285816423,10518.954404617944,0.008070259600683,431738.29085797817,0.3312344509497498,50.64716607824548,3.885707291505211e-05,771.8854812727003,0.0005921991840875,330.6587953421577,0.0002536851301959,0.9991541156857164,grid_intersection_approximation,1987-2015
48295562001884,100,1347985.8503750882,403241.59630200313,0.2991437901145608,453450.0698270045,0.3363908231683799,10675.259137621528,0.0079194148326193,479104.67624154,0.3554226300730272,55.04904209799574,4.083799698837928e-05,1050.921469970697,0.0007796235173227,408.2783548501675,0.0003028802971014,0.9989174961855756,grid_intersection_approximation,1987-2015
48295562001965,100,1320924.9700455691,316490.7298134508,0.2395978098608678,546344.4138859902,0.4136074540760195,9578.589874774763,0.0072514261536325,447136.1325183597,0.3385022939667303,51.66810063539779,3.911509117252538e-05,956.0363328580472,0.0007237627833055,367.3995195003078,0.0002781380682716,0.9989980991484226,grid_intersection_approximation,1987-2015
48708267046156,100,1779754.716664816,319777.2494780748,0.1796748992902368,278639.53607127955,0.1565606392061924,29338.07135683091,0.0164843340950989,1134743.2080000308,0.6375840431126886,868.1999279218663,0.0004878199899078,14673.79675216587,0.0082448421767151,1714.6550785120487,0.0009634221291601,0.9907917356941248,grid_intersection_approximation,1987-2015
49049638000106,100,905996.900626607,156836.16342027753,0.173108940341635,54310.47095260151,0.0599455372474665,13916.898640098105,0.0153608678246833,663387.2300398794,0.7322179905704606,3461.3867821152094,0.0038205282818531,11854.178089271192,0.0130841265362746,2230.5727023640475,0.0024620091976267,0.9844538642660986,grid_intersection_approximation,1987-2015
49213747000117,100,1868367.367979728,173034.7678248582,0.0926128184372869,603744.3528765285,0.3231400650769016,19996.50557198242,0.0107026626105147,1052392.0701562858,0.5632682780658073,743.4830976553102,0.0003979319647715,16480.222868168174,0.0088206544123002,1975.9655842492723,0.0010575894324176,0.990121756155282,grid_intersection_approximation,1987-2015
49213747011585,100,1868367.367979728,173034.7678248582,0.0926128184372869,603744.3528765285,0.3231400650769016,19996.50557198242,0.0107026626105147,1052392.0701562858,0.5632682780658073,743.4830976553102,0.0003979319647715,16480.222868168174,0.0088206544123002,1975.9655842492723,0.0010575894324176,0.990121756155282,grid_intersection_approximation,1987-2015
49213747011828,100,1532087.485274879,142249.59269144043,0.0928469125024663,373262.9228542328,0.2436302929445729,19288.08121491215,0.0125894124195209,975318.8212072264,0.6365947314243872,1297.3874703335007,0.0008468103047658,18682.1846977281,0.01219394119284,1988.495139005588,0.0012978992114466,0.9865081595957133,grid_intersection_approximation,1987-2015
49213747012980,100,2157360.568226622,311840.95646322303,0.1445474442501562,739694.7072304488,0.3428702267597703,19558.67349643756,0.0090660197393498,1072733.623615016,0.4972435481644205,217.23492776741463,0.0001006947707151,11455.03104357733,0.0053097434023249,1860.341450151766,0.0008623229132629,0.9938279336844122,grid_intersection_approximation,1987-2015
49605157000210,100,342073.69984918134,35638.169655165686,0.1041827234039868,102072.07855995971,0.2983920675718794,1755.731973203562,0.0051326131590287,197751.5627909612,0.5780963660116194,1936.4243881581824,0.0056608397225859,2716.287124486953,0.0079406488300168,203.44535724602264,0.0005947413008825,0.9914646098691005,grid_intersection_approximation,1987-2015
49972326000170,100,1994051.341424045,563817.0131673948,0.2827494966928719,400510.6401806668,0.2008527222246161,15663.02924932879,0.0078548776172147,1008058.35936645,0.5055328006983755,61.1960385870248,3.068929937547238e-05,5030.217334067359,0.0025226117450291,910.8860875502188,0.0004568017225171,0.9970205865324536,grid_intersection_approximation,1987-2015
49972326003861,100,261007.86504221492,48020.45361833616,0.1839808682032222,109406.20786316643,0.4191682417136022,0.0,0.0,103293.63833360982,0.3957491408042562,6.158793651945912,2.359619948981154e-05,233.88459825769075,0.0008960825690822,47.52183519291168,0.0001820705103473,0.9989218469205704,grid_intersection_approximation,1987-2015
49976251000103,100,1356911.4935007398,310681.3451556754,0.2289621295447491,73698.07217884592,0.0543131018727757,21747.886472035905,0.0160274907952381,935386.9816935448,0.6893500321677649,1327.6174521350886,0.000978411236469,12299.277369707966,0.0090641706762883,1770.3131787947186,0.0013046637067148,0.9896311656169968,grid_intersection_approximation,1987-2015
50227255000160,100,1276757.8178207322,237918.261865149,0.1863456471887879,559467.1012337377,0.4381935974268627,4666.3265369349465,0.0036548251138965,472548.4252274984,0.3701159441765393,110.1258248628825,8.625427886617813e-05,1521.647600978654,0.0011918059789725,525.9295315708498,0.0004119258360748,0.9983962681849528,grid_intersection_approximation,1987-2015
50376938000189,100,1450564.5406158478,173990.1747426988,0.1199465241779796,228600.42074683923,0.1575941051542493,22869.013606923952,0.0157655953710372,1003868.3002013356,0.6920535226754791,1372.3793611152948,0.0009461001718218,17821.92971386142,0.012286202519672,2042.3222430734431,0.0014079499297606,0.9863058475505672,grid_intersection_approximation,1987-2015
50376938000936,100,1069496.2277674414,511006.7910604426,0.4778013963893657,83299.28373921786,0.0778864680178479,1246.965151681246,0.0011659369330215,471621.6295039213,0.4409754959944318,92.47374416144991,8.646476888888853e-05,1455.2772258773457,0.0013607128179546,773.807342139509,0.0007235250784893,0.9979157621035558,grid_intersection_approximation,1987-2015
51466860000156,100,1398415.4681159754,147048.08280291318,0.105153358322777,245941.15295893516,0.1758713047491394,20450.46506400025,0.0146240266432065,962389.5559785636,0.6882000220400519,1468.3887272949153,0.0010500375323173,19091.281333161503,0.0136520810649229,2026.5412511065772,0.0014491696475846,0.9848987492874924,grid_intersection_approximation,1987-2015
51466860002957,100,708248.6726209816,99906.17273937892,0.1410608683100823,73925.59317094757,0.1043780186659223,7446.041567877081,0.0105133152460729,515920.607315062,0.7284455689917774,1764.3410566675366,0.0024911321755652,7302.095583019557,0.0103100730933911,1983.8211880289216,0.0028010235171885,0.9868889033894204,grid_intersection_approximation,1987-2015
51466860005034,100,1076474.3216146596,150477.8553302239,0.1397876868112509,89620.56843391458,0.0832537912279115,16570.75682944825,0.0153935458530891,798975.3191682101,0.7422149354847458,1952.8915072662355,0.0018141552176897,16661.095771098033,0.0154774669832413,2215.8345744985368,0.0020584184220715,0.9824641145946872,grid_intersection_approximation,1987-2015
51466860006278,100,799643.4921665229,149729.0250657172,0.1872447240957932,358103.69212508143,0.4478291834212884,0.0,0.0,288609.0622060853,0.360922167232474,12.478490854214304,1.5605067728876988e-05,809.045899372934,0.0010117582488928,2380.188379411824,0.0029765619338225,0.9960116798172848,grid_intersection_approximation,1987-2015
51843514000140,100,1948149.891468094,361494.2245817108,0.1855577058854001,349495.4094934641,0.1793986238040903,29491.849200755427,0.0151383881342573,1191334.302314396,0.6115208627076564,663.3303700988218,0.0003404924708329,13960.16960667965,0.0071658601157016,1710.6059009890623,0.0008780668820611,0.9919560730022372,grid_intersection_approximation,1987-2015
51843514009600,100,1825354.1246113372,770622.2060010842,0.42217682345072,103557.34702946982,0.0567327433253641,14623.628027805922,0.0080113923269106,931644.3766670752,0.5103910326799985,322.8303618460153,0.0001768590310741,3525.925449071108,0.0019316391277346,1057.811074985055,0.0005795100581977,0.9974888508140676,grid_intersection_approximation,1987-2015
51990778000126,100,2072818.4708462048,206317.99072096357,0.0995350020384257,791646.529139456,0.3819179249286963,18174.638750429443,0.0087680802762288,1039248.9871392052,0.5013699953739527,418.74713295793936,0.0002020182369307,15055.56621021389,0.007263330784614,1956.0117529786485,0.0009436483611515,0.9917930208542344,grid_intersection_approximation,1987-2015
53009825000133,100,1706443.9579635856,142516.28873536567,0.0835165362860436,693302.2886905217,0.4062848272602435,10824.909424602469,0.0063435481570227,842642.2948456305,0.493800157288032,560.953925909344,0.0003287268376388,14921.22205111092,0.0087440445855118,1676.0002904449093,0.0009821595855072,0.9902737958289808,grid_intersection_approximation,1987-2015
53172300000114,100,1606626.784012152,513042.9768444787,0.3193292816663252,83246.75226875508,0.0518146174937199,22286.573161567318,0.01387165543569,977554.5376429752,0.6084515379494516,845.4616488718746,0.0005262340061084,8350.180836477834,0.0051973370041954,1300.3016090259964,0.0008093364445094,0.9939933265512952,grid_intersection_approximation,1987-2015
53408860000125,100,856799.9603469225,92061.82227823556,0.107448443672849,403745.34065453097,0.4712247424603667,3003.5262798913413,0.0035055163619232,353780.57667997293,0.4129091889041701,1290.5375669856185,0.0015062297230535,2534.076715191754,0.0029576060136203,384.08017211432815,0.0004482728640169,0.9965941211223628,grid_intersection_approximation,1987-2015
53811006000105,100,1776147.5139374412,174149.50499089182,0.0980490097947042,493996.8767018297,0.278128293300772,23052.793851705028,0.0129790986789158,1064953.951534452,0.5995864325331942,948.1237485950348,0.000533809124048,17058.73821235991,0.0096043476560926,1987.5248976076305,0.001119008912273,0.9892766434316344,grid_intersection_approximation,1987-2015
53811006000296,100,1109614.7994322395,547959.1630952436,0.4938282757003779,86150.28476364394,0.077639812309393,2021.5610565998536,0.0018218584121572,471399.2115850734,0.4248314025968974,133.6924933173409,0.0001204854994595,1121.3737164634797,0.0010105972965007,829.5127218980123,0.0007475681852138,0.9982418345182852,grid_intersection_approximation,1987-2015
54470679000101,100,1252133.1573033857,119469.40538772644,0.095412700071786,386093.0346591087,0.3083482235153048,6636.407356405446,0.0053000811596569,721979.3545277925,0.5765995016717383,865.2204765846343,0.0006909971767283,15482.488413120813,0.0123648897266359,1607.2464826470668,0.0012836066781495,0.9863515035952146,grid_intersection_approximation,1987-2015
54844360000107,100,794353.7801193803,112406.4783123512,0.1415068211741348,84399.31237748865,0.1062490221482984,9337.813463528615,0.0117552326145225,572952.545939239,0.7212813236101578,1487.3984909003836,0.001872463539705,11729.772052434206,0.0147664332266051,2040.4594834383208,0.0025687036865761,0.9826648630868188,grid_intersection_approximation,1987-2015
54846951000105,100,771583.0389474042,107030.38926540333,0.1387153214402101,95115.02354551536,0.1232725691783888,8454.615813688415,0.0109574930848949,545411.1146838539,0.7068728667596236,1427.3817373838478,0.0018499392357445,12410.063947855268,0.0160838993619988,1734.4499537041256,0.0022479109391391,0.981668189698862,grid_intersection_approximation,1987-2015
55090971000161,100,1374545.92538447,543598.5834260096,0.3954750244332224,75049.54538669944,0.0545995182850711,13593.724842481935,0.0098896112464773,735923.2341834056,0.5353937039081199,672.4333897680359,0.000489204018105,4707.0540435775465,0.003424442906308,1001.350112527686,0.0007284952026958,0.995847061890996,grid_intersection_approximation,1987-2015
55109474000168,100,1576209.3571191586,140535.0588468747,0.0891601475477413,435086.4275383876,0.2760333997341546,17204.526705412416,0.0109151278843168,962106.298839929,0.6103924548439256,1170.5623249013368,0.0007426439385189,18144.200577170945,0.0115112884562068,1962.282286482682,0.0012449375951359,0.9872437739486573,grid_intersection_approximation,1987-2015
55109565000101,100,1548130.7932166448,137025.6624347219,0.0885103913927165,426063.4914751325,0.2752115605102555,16416.027045837716,0.0106037727030344,947250.9199496332,0.6118675011828122,1183.7942238998794,0.0007646603433552,18237.91932572926,0.0117806062676624,1952.9787616902004,0.0012615076001636,0.9869578861321738,grid_intersection_approximation,1987-2015
56723257000207,100,649132.6669234562,89512.96613523066,0.1378962586484432,136808.33828350398,0.2107555901198175,4876.925988980112,0.0075129880800702,407096.807145201,0.6271396093415287,3622.928844767823,0.0055811839849912,6173.076385096476,0.0095097299822447,1041.624140676188,0.0016046398429044,0.9888856301748508,grid_intersection_approximation,1987-2015
60329174000124,100,746008.5870853548,137589.8945493309,0.1844347329658666,62036.12485058815,0.083157387092503,9587.482742085578,0.0128517056077648,523180.12484989647,0.701305767664088,3499.6451215361544,0.0046911593004702,8563.32555199178,0.0114788565443309,1551.98941992582,0.0020803908249761,0.9864407526306928,grid_intersection_approximation,1987-2015
60855574000335,100,826027.9071282182,176474.87554079373,0.213642752282219,73411.99127920665,0.0888735000908527,11522.53148342562,0.0139493246947128,550848.1195299027,0.6668638126827822,3667.259753201241,0.0044396317867163,8711.895675908327,0.0105467328654745,1391.2338657799262,0.0016842455972422,0.9877690215372832,grid_intersection_approximation,1987-2015
60855574000416,100,766725.3782547633,148531.4052532539,0.1937217802694157,80497.37497090748,0.1049885359920358,9385.67221931032,0.0122412437171105,515237.97225694,0.6719980671955005,3656.035574169202,0.0047683768893774,8065.587843058189,0.0105195263803804,1351.3301371242326,0.0017624695561795,0.98771800406344,grid_intersection_approximation,1987-2015
60855574001307,100,1487347.023976152,443979.9021236882,0.2985045822976729,463695.1668595161,0.3117599049749071,6423.495403729456,0.0043187603835434,570914.318947616,0.3838474207729816,101.1643568377636,6.801664655725001e-05,1529.4514622908823,0.0010283084160159,703.5248224735459,0.0004730065083216,0.9984986850756622,grid_intersection_approximation,1987-2015
61082962000393,100,896335.1207186951,150443.74785931027,0.1678431921073026,433727.49253220094,0.4838898783575853,8222.081387394572,0.0091729992469802,303525.6706133704,0.3386296749925395,27.13538833812606,3.02737086954358e-05,335.8185226675189,0.0003746573295022,53.17441541330276,5.932425739456321e-05,0.9995660184131032,grid_intersection_approximation,1987-2015
61082962000474,100,847319.7641212484,256470.95289488483,0.3026849647026347,227060.1559539488,0.267974577684296,6764.06750523311,0.0079828983007944,355934.799691227,0.4200714001524152,26.97145534747649,3.183149560478914e-05,977.1669770116408,0.0011532446407939,85.64964359556619,0.0001010830234609,0.9987456723357452,grid_intersection_approximation,1987-2015
61231478000206,100,809892.5123925908,71562.65620997894,0.0883606838129272,426719.8677783192,0.5268845695556563,2201.9574874056952,0.0027188268241925,306778.0879108764,0.3787886456742144,760.4773519942239,0.0009389855324722,1587.181065230153,0.001959742855927,282.28458878606256,0.0003485457446101,0.9976917113994628,grid_intersection_approximation,1987-2015
68316801000102,100,1635852.4002301174,797016.6060645275,0.4872179213432765,144628.26104427656,0.0884115590281443,6453.099638946364,0.0039447933310111,685316.105474511,0.4189351712771316,104.4677944496802,6.3861381647259e-05,1094.4432923573029,0.0006690354778972,1239.416921048953,0.0007576581608919,0.998573306361211,grid_intersection_approximation,1987-2015
68316801002571,100,1635852.4002301174,797016.6060645275,0.4872179213432765,144628.26104427656,0.0884115590281443,6453.099638946364,0.0039447933310111,685316.105474511,0.4189351712771316,104.4677944496802,6.3861381647259e-05,1094.4432923573029,0.0006690354778972,1239.416921048953,0.0007576581608919,0.998573306361211,grid_intersection_approximation,1987-2015
71304687000105,100,1134690.6709177603,115659.3335907364,0.1019302762903557,243387.58422349012,0.2144968584492136,9749.687059764918,0.0085923743885892,745193.2410968447,0.6567369065386935,1312.726762337662,0.0011569027541893,17598.858263670027,0.0155098289910462,1789.239920916558,0.0015768525879122,0.9829133184210416,grid_intersection_approximation,1987-2015
71304687001845,100,1419249.5768722335,118909.28108217297,0.0837832069988896,688920.4192452852,0.4854117489071512,3412.620609352088,0.0024045246621618,595481.9292733701,0.419575202964445,371.6143344916364,0.0002618386086192,10701.047827170958,0.0075399337801841,1452.664500390575,0.0010235440785488,0.991436522141267,grid_intersection_approximation,1987-2015
71304687002817,100,1214077.5446680717,600573.9541760711,0.4946751192406476,95812.9097662766,0.078918278479874,2424.178337426224,0.0019967244663016,513106.6744101749,0.4226308909703606,127.21430061057394,0.0001047826814434,1100.3707524429512,0.0009063430563191,932.242925069344,0.0007678611050534,0.9983257958386276,grid_intersection_approximation,1987-2015
71321566000163,100,1526402.251484184,138780.2825361581,0.0909198623110102,386594.832831597,0.2532719225588765,18090.858663542367,0.0118519601539842,961046.2489663071,0.6296153245527791,1273.2177400732105,0.0008341298886549,18639.221582558,0.0122112120605392,1977.5891639480533,0.0012955884741555,0.986493199465305,grid_intersection_approximation,1987-2015
71324784000151,100,1453783.5723112095,130870.4537690818,0.0900205892139951,356302.3642970824,0.2450862501703996,16724.099019846166,0.0115038437208768,927638.5965076116,0.6380857606148773,1329.0159841756215,0.0009141773297539,18959.95454318268,0.0130417999654792,1959.0881902293816,0.0013475789846179,0.9856106210499028,grid_intersection_approximation,1987-2015
71324792000440,100,1504958.835873626,145312.28682560578,0.0965556554517002,334801.71349686227,0.2224656950849492,20481.355542258578,0.0136092463488339,982208.3969701192,0.6526480150534809,1354.3436823485654,0.0008999207487043,18802.64303933293,0.0124937922494192,1998.0963170984624,0.0013276750629119,0.9861785326876688,grid_intersection_approximation,1987-2015
75084871000130,100,576258.8466411877,61957.80145732548,0.1075173106989262,370087.4070921129,0.6422242526066605,4290.794434120475,0.0074459497830359,139573.6468795504,0.2422065148206862,16.83469807529595,2.921377810235721e-05,246.9138986365658,0.0004284774109338,85.44818136658138,0.0001482809016549,0.9994232416874111,grid_intersection_approximation,1987-2015
75177857000180,100,500247.3441434019,47307.56755553508,0.0945683532544128,323909.3604633324,0.6474984110469958,3106.376510908741,0.0062096811652802,125652.89702215273,0.2511815374798528,16.05376446090896,3.209165355669925e-05,218.656496725034,0.0004370967667993,36.432330287045545,7.282863310235143e-05,0.9994900746000984,grid_intersection_approximation,1987-2015
75444430000100,100,806703.562154405,66628.82022138794,0.0825939333197527,447543.3876501186,0.5547804777939702,2038.8858131932675,0.0025274287964567,288458.16338246,0.3575764096195331,523.6470700546513,0.0006491195708324,1250.1586884572853,0.0015497126170096,260.4993287332096,0.000322918282445,0.9981273691005452,grid_intersection_approximation,1987-2015
75619056000128,100,936020.9325424032,99516.32635990746,0.1063184838074112,498520.289782012,0.5325952363350893,3017.6291965055966,0.003223890718244,333108.29885391775,0.3558769759017408,293.4138237512242,0.0003134692970532,1242.9872024828112,0.0013279480824287,321.98732382646983,0.0003439958580326,0.9983280560595388,grid_intersection_approximation,1987-2015
75717355000286,100,1275645.3211466954,351790.5355866141,0.275774566609459,471235.43381900765,0.3694094479141016,11465.02494237016,0.0089876274794502,440054.751494221,0.3449663822688971,49.43233625409143,3.875084667708106e-05,785.3863562206277,0.0006156776834446,264.7566120078037,0.0002075471979702,0.9991767751185852,grid_intersection_approximation,1987-2015
75717355000367,100,650610.3776894659,106425.59969923212,0.163578085054814,305569.77875877405,0.469666315259148,4635.316217081791,0.0071245654481309,233705.2935173019,0.3592092925834771,27.402995980408274,4.211890390947258e-05,208.79286644333817,0.0003209184384436,38.19363465223602,5.870431207672146e-05,0.9996203772494796,grid_intersection_approximation,1987-2015
75717355000448,100,563909.8931967147,130267.02450842712,0.2310068081444081,182687.72152655464,0.3239661579457797,4651.506366037591,0.0082486695519189,245921.1014067016,0.4360999946509438,15.982842655545516,2.834290167342401e-05,324.2808680209177,0.0005750579515153,42.275678317308326,7.496885376075651e-05,0.999349973194724,grid_intersection_approximation,1987-2015
75717355000529,100,1022217.007925537,176299.40503357816,0.1724676890197278,498862.1955114052,0.4880198545353734,11048.854449782622,0.0108087170963873,335482.8042095592,0.3281913738555183,29.335307126572932,2.8697729444069136e-05,382.2369605698442,0.0003739293688191,112.17645351533558,0.0001097383947298,0.9995163322364508,grid_intersection_approximation,1987-2015
75717355000871,100,1023309.2388361086,297817.94281430857,0.291034158113378,318761.6337651375,0.3115007875113984,10130.483305951006,0.0098997281774502,395445.55962012254,0.3864379843476195,38.27657048092821,3.740469549992847e-05,1004.285857598942,0.0009814099389361,111.05690250911368,0.0001085272157177,0.998910062845346,grid_intersection_approximation,1987-2015
75717355001096,100,938409.5374827364,187190.7229549557,0.1994765776327155,390439.7916278827,0.4160654554675874,8809.429652052688,0.0093876173463494,351443.8831862305,0.3745101356588631,28.872328192682303,3.076730045831771e-05,429.8602977638355,0.0004580732405138,66.97743565800477,7.137335351223126e-05,0.999470553405974,grid_intersection_approximation,1987-2015
75717355001177,100,827537.983321927,166700.8299756214,0.2014419076045864,330039.67619947507,0.3988211814454971,7132.822652066822,0.0086193296209003,323150.28906773496,0.3904960202195622,27.57068467865541,3.331651867867185e-05,423.56822635571183,0.0005118414319248,63.22651599438493,7.640315885027925e-05,0.9994117554092248,grid_intersection_approximation,1987-2015
78340270000210,100,1105671.761594516,233755.6298980285,0.21141503113087,463367.0412837929,0.4190819168751855,12085.472929650008,0.0109304346456504,395873.2751138993,0.3580386954470112,32.22301842498483,2.9143385536513327e-05,476.7884490248844,0.0004312206077663,81.33090169541688,7.355790797996652e-05,0.9994952214842536,grid_intersection_approximation,1987-2015
00297598000122,150,91902.91324273191,32500.324927764323,0.3536375919001087,53897.8331762797,0.5864649038265627,0.0,0.0,999.206971684453,0.0108724189084775,75.58872265751334,0.0008224845109955,4392.3116269523125,0.0477929531499337,37.64781739360606,0.0004096477039217,0.9517973991461444,grid_intersection_approximation,1987-2015
00372496000124,150,2445167.341376323,239059.99921209703,0.0977683593130015,824200.1562797702,0.3370731083852317,17830.510548558475,0.0072921432602327,1333881.320648938,0.5455173959170132,1520.872605357834,0.000621991214925,25657.332551813404,0.0104930783744933,3017.149529788025,0.0012339235351024,0.9882729980904044,grid_intersection_approximation,1987-2015
00595322000120,150,719662.5457482979,78046.80478534599,0.108449168636661,479262.85655485454,0.6659549804089385,0.0,0.0,159461.56609071733,0.2215782480730753,82.84025699597233,0.0001151098629286,1913.0617505183773,0.0026582761070734,895.4163098656857,0.0012442169113228,0.9960975069816036,grid_intersection_approximation,1987-2015
01105558000102,150,62686.339765785495,18539.308389959424,0.295747182866757,24820.01598685764,0.3959397865562494,171.48031331043052,0.0027355292070191,18675.736725865223,0.2979235475486883,34.16684787455551,0.000545044550411,384.94613914570766,0.0061408297339417,60.685362772512136,0.0009680795369334,0.992891090729125,grid_intersection_approximation,1987-2015
02043917000107,150,678882.4441519864,86195.93331013808,0.1269673918550186,418078.3726237639,0.6158332362622793,0.0,0.0,173022.81874824464,0.2548641819194086,44.54555098376663,6.56160007781758e-05,1099.734840090604,0.0016199193977748,441.0390787655045,0.0006496545647404,0.9977304260374846,grid_intersection_approximation,1987-2015
02414858000470,150,213971.035105947,91211.802795127,0.4262810746789339,38715.9476816484,0.1809401336142452,0.0,0.0,81354.55126457661,0.3802129163150246,32.16718473175798,0.0001503342950873,2539.977735052131,0.0118706615304004,116.58844481109628,0.0005448795663084,0.987584458903291,grid_intersection_approximation,1987-2015
02460988000105,150,221413.6718702728,93991.47639690286,0.4245061996531671,39562.69098060211,0.1786822405609264,0.0,0.0,85080.02028393466,0.3842582057614916,40.51056350920837,0.0001829632432677,2615.405019352542,0.011812301369018,123.56862597142616,0.0005580894121291,0.9876296092188528,grid_intersection_approximation,1987-2015
02635522000195,150,212675.6180496737,90175.1280284311,0.4240031314138195,38028.28586755564,0.1788088649573057,0.0,0.0,81780.49056908964,0.3845315759232378,37.27969268155178,0.0001752889824579,2533.023599806588,0.0119102679612994,121.4102921091964,0.0005708707618794,0.9875188612768212,grid_intersection_approximation,1987-2015
02635522004930,150,217984.0682398113,92779.91848009729,0.4256270617815386,39181.2891218468,0.1797438199875332,0.0,0.0,83277.17836328207,0.3820333248926529,36.33932836738153,0.0001667063499677,2589.073317325352,0.0118773511212618,120.2696288924346,0.0005517358670456,0.9875709130116924,grid_intersection_approximation,1987-2015
02678100000105,150,33662.5999858918,4662.044223051011,0.1384932900312186,24623.76583312555,0.7314873433259915,1.961659543096296,5.827415422214681e-05,4135.205749965755,0.1228427320438363,3.705938506151416,0.000110090679499,219.5016857945485,0.0065206396976627,16.414895905685412,0.0004876300675694,0.9929917302347676,grid_intersection_approximation,1987-2015
02773950000184,150,1126323.739605179,136492.05170955817,0.1211836765132945,645292.4691727194,0.5729191763275094,1.7433984119825243,1.5478661690942024e-06,340068.7030737561,0.3019280257672307,44.4316149434942,3.9448351642725056e-05,1890.1770145590167,0.0016781827001369,2534.163621230972,0.0022499424740166,0.9960718748258464,grid_intersection_approximation,1987-2015
02783009000141,150,283546.7184001589,72446.81878040716,0.2555022297178049,130575.408857084,0.4605075650101787,0.0,0.0,78443.72171414127,0.2766518412088852,69.45679463159648,0.000244957145064,1937.9199098905767,0.0068345700518941,73.39234400428597,0.0002588368661728,0.9929065930819332,grid_intersection_approximation,1987-2015
02859452000230,150,1151043.570187047,162204.40701163505,0.1409194327763601,639081.0934098951,0.555218855274126,0.0,0.0,345544.58835242497,0.3002011368659775,44.34663368725284,3.8527328448606365e-05,1710.2191334019994,0.001485798780948,2458.9156460022227,0.0021362489741397,0.996377952244912,grid_intersection_approximation,1987-2015
02896264000109,150,267438.902171405,87047.53228451186,0.3254856775800029,84930.05419175915,0.3175680632181417,0.0,0.0,92746.52413978952,0.3467951871876407,61.90468647701898,0.0002314722576797,2554.930155729034,0.0095533227775948,97.956713138369,0.0003662769789399,0.9900804002434652,grid_intersection_approximation,1987-2015
03345641000338,150,2268084.858787576,549517.1776448863,0.2422824593691064,918798.2105826156,0.4050986924156652,16465.512716782778,0.0072596546169725,780942.316311512,0.3443179444039723,91.6826746195237,4.0422947256273936e-05,1730.3313286155635,0.000762904139989,539.6275285440582,0.0002379221070381,0.9989991737529728,grid_intersection_approximation,1987-2015
03347747000109,150,242543.10491655327,102788.41220842922,0.4237944106627705,41518.17768060134,0.1711785527561611,0.0,0.0,95213.92872291346,0.3925649783186857,46.91715860244826,0.0001934384348653,2853.841566214449,0.0117663273387891,121.82757979234852,0.0005022924887279,0.9877313801724829,grid_intersection_approximation,1987-2015
03445208000455,150,2461795.4449703614,726115.4596434133,0.2949536124648063,822860.5851770788,0.3342522169574433,16096.425923404093,0.0065384904161271,893332.5454398883,0.3628784622479645,121.89501042236614,4.951467867543872e-05,2579.4124644962294,0.0010477769262942,689.1213116585718,0.0002799263086892,0.9986722967650166,grid_intersection_approximation,1987-2015
03937452000435,150,1518324.238280066,270419.8769804483,0.1781041691640092,668101.4552294279,0.4400255481571201,436.14933054388007,0.0002872570426972,574001.6553920122,0.3780494580276425,13.19208254296626,8.688580614315982e-06,2619.9362826625743,0.0017255446607573,2731.9729824281503,0.0017993343671592,0.9964751209720836,grid_intersection_approximation,1987-2015
04165520000105,150,123457.10254767643,56224.55944778067,0.4554177790303151,57449.232061203205,0.4653376020955745,0.0,0.0,998.170654661766,0.0080851618421572,135.93818712417274,0.001101096529231,8632.560790053323,0.0699235654483274,16.641406853308162,0.0001347950543945,0.929941639497278,grid_intersection_approximation,1987-2015
04165520000296,150,71051.22851951646,34095.192515192655,0.4798677408628808,29914.39379839956,0.421025708094303,0.0,0.0,796.3053503905644,0.011207481798458,83.51098752430484,0.0011753630340306,6153.55373297275,0.0866072812700554,8.27213503663011,0.0001164249402719,0.9132762937896728,grid_intersection_approximation,1987-2015
04171382000177,150,3971127.032011228,1386466.787027202,0.3491368510377288,488175.6174592816,0.1229312518899801,32741.625376134,0.0082449201730904,2050134.3820009497,0.5162600857325466,482.2641309286748,0.0001214426350608,10630.970000187386,0.0026770662118061,2495.386016544208,0.000628382319787,0.9966945514684068,grid_intersection_approximation,1987-2015
04248044000277,150,4008191.619493784,1046199.1280085774,0.2610152476045314,813825.661203192,0.203040607451291,34611.94854570937,0.0086353028576215,2092431.486817182,0.5220387859304607,733.408321137616,0.000182977360057,17457.808065681835,0.0043555323005956,2932.178532303219,0.0007315464954426,0.9949129212039618,grid_intersection_approximation,1987-2015
04969941000199,150,3473287.4488723576,510671.7940720412,0.1470283705536196,886462.1376243505,0.2552227970397758,35536.73617765861,0.0102314411636721,2005274.584948076,0.5773419604528013,1855.7319696135596,0.0005342868958962,29690.49441064748,0.0085482399161309,3795.9696699705673,0.0010929039781037,0.9903588561057654,grid_intersection_approximation,1987-2015
05242560000176,150,3948889.120374077,919666.159487805,0.2328923733874516,923716.07533031,0.2339179569678083,31706.524294953662,0.0080292262781868,2051216.537088291,0.5194414111313361,668.6670768646873,0.0001693304259708,18988.5212595913,0.0048085729127265,2926.6358362615288,0.0007411288965197,0.994450298190754,grid_intersection_approximation,1987-2015
05553456000100,150,2655167.648059508,1058070.033459737,0.3984946239583074,285303.16366365034,0.1074520337245598,6906.604466178716,0.0026011933639016,1297755.121650178,0.4887657932253824,74.94066314708697,2.82244562605515e-05,4652.358145623767,0.0017521899790485,2405.4260109927045,0.0009059412925397,0.997341868728412,grid_intersection_approximation,1987-2015
05620523000235,150,772318.9064563388,219338.47851639875,0.2839998822802332,220546.9859204749,0.2855646599827774,483.6905712788528,0.0006262834785415,329970.7995503623,0.4272468235490702,10.457861814488169,1.3540859516792596e-05,1885.369797196736,0.0024411804261628,83.12423881289016,0.0001076294236979,0.9974511901501392,grid_intersection_approximation,1987-2015
05643160000172,150,413248.6376990079,93620.17604165433,0.2265468473482135,206425.34004934417,0.4995185010136568,0.0,0.0,111362.03615009048,0.269479499727236,10.673107145216768,2.5827325661967677e-05,1741.5340458882804,0.0042142523580603,88.87830488541177,0.0002150722271712,0.9955706754147684,grid_intersection_approximation,1987-2015
05928246000141,150,3915854.987726798,1477281.6150577643,0.3772564662603465,381485.7780926143,0.0974208134081266,31156.274447255128,0.0079564423465389,2013992.0659152016,0.5143173259039271,496.30637418395247,0.0001267427868854,9034.434787722954,0.0023071423267815,2408.51305205547,0.0006150669673939,0.9970777907058248,grid_intersection_approximation,1987-2015
05938884000143,150,2329509.5822852044,1070731.1301319348,0.4596380020388531,183461.29884736997,0.078755331269081,4808.797893812804,0.0020642962494687,1065707.2498841237,0.4574813763327323,151.17262225501798,6.489461275652729e-05,3247.7954486696613,0.001394197076229,1402.1374570387727,0.0006019024208792,0.9980039005028916,grid_intersection_approximation,1987-2015
05980986000127,150,1551806.8242064796,138325.15315022666,0.0891381265970135,824025.8282550613,0.5310105712909395,1638.720694116647,0.0010560081761172,577288.5901777049,0.372010601559832,259.47350366519584,0.0001672073479879,8860.902719194284,0.0057100552600838,1408.155706510504,0.0009074297680257,0.9933825149718902,grid_intersection_approximation,1987-2015
06044698000808,150,8829.174133693945,2239.265607157421,0.2536211850904518,2630.570313668127,0.2979406990773157,19.432908356189728,0.0022009882308278,500.52217286039627,0.0566895799404726,5.440629243850708,0.0006162104361593,3433.942502407961,0.3889313372247728,0.0,0.0,0.6110686627752272,grid_intersection_approximation,1987-2015
06059962000100,150,3188907.414710473,918232.8591975636,0.2879459136887271,700942.5098857271,0.2198064787495146,17025.261829432424,0.0053389012647073,1542671.3181066397,0.4837617144324341,73.74338769679895,2.312496981148456e-05,6958.935868074181,0.002182232019648,3002.786435338923,0.0009416348751572,0.9968761331051949,grid_intersection_approximation,1987-2015
06252818003799,150,1162863.1968304384,160236.0774020384,0.1377944351827337,157202.5290344765,0.1351857462364928,10209.334135815205,0.0087794799625977,814046.879654242,0.7000366697243935,1739.8723218125804,0.0014961969099674,16662.03006896092,0.0143284524906935,2766.474213092914,0.0023790194931212,0.9832925280161854,grid_intersection_approximation,1987-2015
06315338002324,150,3724731.173061544,1369350.86465577,0.3676375021530029,429763.4360391295,0.1153810613628487,26250.827216602145,0.0070477105586724,1888551.270516317,0.5070302211807737,256.52139486976733,6.886977420679719e-05,8274.958850533947,0.0022216257941998,2283.294388320801,0.0006130091762955,0.9971653650295044,grid_intersection_approximation,1987-2015
06315338002405,150,3450441.101299924,1389494.9902047834,0.4027006835970343,323225.7821903876,0.093676655448086,19106.526097452734,0.0055374155177593,1710074.8743236829,0.4956105101111353,156.76006940876906,4.543189256287002e-05,6349.433506651195,0.0018401802321039,2032.7349075572752,0.000589123201318,0.997570696566578,grid_intersection_approximation,1987-2015
06315338015060,150,3990903.5721924985,1189366.0285617802,0.2980192347539916,606510.0979096506,0.1519731276234393,39857.09970899135,0.0099869864024539,2132801.695318833,0.5344157423846569,1239.0627990326368,0.0003104717457134,18085.34171745056,0.0045316408653579,3044.2461767599257,0.0007627962243867,0.9947055629102552,grid_intersection_approximation,1987-2015
06315338015140,150,4026341.035086189,1029158.1933423224,0.2556063146102307,736421.2172966981,0.182900854865349,41157.364392988406,0.0102220264091731,2190834.45811252,0.5441254079128501,1744.6611645422126,0.0004333118206676,23440.1208085447,0.005821692848242,3585.019968573094,0.0008903915334872,0.9932879156182706,grid_intersection_approximation,1987-2015
07130855000186,150,916037.269488006,80239.76466418002,0.0875944323848612,585782.6686160468,0.6394747114857608,6.361852273037392,6.944971001663693e-06,245793.94196429724,0.2683230804590266,29.506235973182097,3.22107374404906e-05,1684.4908214255563,0.0018388889595802,2500.535333810239,0.002729731002329,0.9954313800380908,grid_intersection_approximation,1987-2015
07280328000158,150,3044980.516037089,823200.5075995761,0.2703467241461815,313581.92186745466,0.102983227713906,39751.406087644405,0.0130547324944394,1838756.6075175004,0.6038648187839846,4415.8056225636965,0.0014501917497687,22080.84928749906,0.0072515568395939,3193.418054850258,0.0010487482721256,0.9916996948882804,grid_intersection_approximation,1987-2015
07280328001715,150,1687828.6161713027,182633.6884343621,0.1082062993153008,365254.73942783,0.2164051112348004,15880.959661186218,0.0094091067712851,1094966.4182096643,0.6487426553375447,1903.7967264232163,0.0011279561847587,24270.11377978893,0.0143794894500862,2918.899932047777,0.0017293817062238,0.98389112884369,grid_intersection_approximation,1987-2015
07280328001804,150,2198098.7388197235,287739.77493101463,0.1309039352279131,297818.95976394275,0.1354893456350635,27919.908694700625,0.0127018446449281,1547292.815563907,0.7039232534179656,4260.215012606159,0.001938136325438,28802.30722317216,0.0131032818110062,4264.75763038057,0.0019402029376853,0.9849565152513085,grid_intersection_approximation,1987-2015
07298800000180,150,2264873.933315141,709606.7885419027,0.3133096187403407,683531.69056448,0.301796793415332,14986.181997710037,0.0066167841738433,853328.4184526905,0.3767664088939629,129.2368157520829,5.7061372755046185e-05,2684.2962376211744,0.0011851857174638,607.3207049847726,0.0002681476863022,0.998546666596234,grid_intersection_approximation,1987-2015
07300906000170,150,743395.4337167465,87362.79637575606,0.1175186077468477,476112.370641847,0.6404564099370814,0.0,0.0,177242.7269316088,0.2384232117830616,73.31757856707753,9.862527430456817e-05,1733.289993091479,0.0023315854718471,870.9321958760721,0.0011715597868575,0.9964968547412956,grid_intersection_approximation,1987-2015
07398533000112,150,3328274.2443761686,1042157.2327993262,0.3131224040687974,605911.9255448271,0.182049879624146,20842.032401800312,0.0062621138979209,1649142.833721301,0.4954948759129091,99.14347951764827,2.978825428378457e-05,7694.383952118479,0.0023118239024683,2426.6924772778366,0.0007291143394743,0.9969590617580574,grid_intersection_approximation,1987-2015
07455944000100,150,3694833.797278709,726603.678418353,0.1966539547607,1074483.7476416042,0.290807058339938,26282.90186938628,0.0071134192527804,1846310.88789044,0.4997006602165085,528.0550735767997,0.0001429171385099,17955.502618030307,0.0048596238973603,2669.02376731858,0.0007223663942027,0.994418009708437,grid_intersection_approximation,1987-2015
07458537000149,150,3092088.063668491,1131042.147546522,0.3657858781048557,783237.7991695396,0.2533038461525241,16482.170747841064,0.0053304338066899,1156657.340050322,0.3740699864408291,268.927415868832,8.697275444017372e-05,2703.179216502598,0.0008742245242832,1696.499521894728,0.0005486582163775,0.9985771172593392,grid_intersection_approximation,1987-2015
07459492000127,150,68070.2379817343,19460.234662463507,0.2858846279880113,33617.102295688375,0.4938590387286299,83.29437938703683,0.001223653418244,14488.711246236193,0.2128494284113423,33.68696064845431,0.000494885307401,344.3377146098624,0.0050585648709243,42.8707227008692,0.0006298012754468,0.9943116338536286,grid_intersection_approximation,1987-2015
07670089000142,150,8531.10349317341,186.95652795949505,0.0219146946358226,8042.631660725483,0.9427422451458006,0.0,0.0,160.18183225653507,0.0187762148688868,0.0,0.0,122.3816742873625,0.014345351030531,18.951797944535148,0.0022214943189588,0.98343315465051,grid_intersection_approximation,1987-2015
07674341000191,150,1765312.6395834158,165518.64231447075,0.0937616593248493,948590.7599746324,0.5373500074176573,2808.949618911384,0.0015911910196112,638392.308866212,0.3616313023266303,219.48261121551943,0.0001243307311657,8202.476347387324,0.0046464723377967,1580.0198505863498,0.0008950368422894,0.994458490819914,grid_intersection_approximation,1987-2015
07863768000138,150,808053.9295259304,217473.68007902455,0.2691326310443316,239265.6382241766,0.2961010762790908,592.3770930667532,0.0007330910368993,349581.6285112985,0.4326216552357975,8.43269723651025,1.043580994830079e-05,1048.733329103037,0.0012978506641485,83.43959202443548,0.0001032599297838,0.9985988894060676,grid_intersection_approximation,1987-2015
07895728000682,150,216893.39781346745,43175.14351911899,0.1990615848816682,128796.1575295516,0.5938223976753723,0.0,0.0,43607.49581761661,0.2010549710467439,0.7672245502471924,3.5373347367033294e-06,1270.7030561029917,0.0058586525404328,43.130666527043225,0.000198856521046,0.993942490938521,grid_intersection_approximation,1987-2015
07903169000109,150,897724.144416281,274996.84207306965,0.3063266636900786,229135.78984710624,0.255240756609142,2109.4314892565094,0.0023497546572372,389333.95987567527,0.4336899729134815,13.270777701147589,1.4782689965163548e-05,2026.913342799126,0.0022578353889736,107.93701067308604,0.0001202340511218,0.9976219305599048,grid_intersection_approximation,1987-2015
07903169001768,150,1002822.0576651152,299839.7959102054,0.2989960119229194,261791.5182152661,0.2610548064975744,3165.1345594365407,0.0031562275034176,436265.699972863,0.4350379976569588,10.691435626715275,1.0661348685935668e-05,1649.5946026976674,0.0016449524520216,99.62296901975428,9.934261842196396e-05,0.9982557049295564,grid_intersection_approximation,1987-2015
07912062000119,150,1479807.7080573875,470596.7515560533,0.3180120964323314,387485.979899264,0.2618488725186699,8759.631194345477,0.0059194388207672,610734.0984825663,0.4127117970511894,54.79369337529203,3.702757667563596e-05,2007.08401234744,0.0013563140679826,169.36921943567032,0.0001144535323836,0.9985292323996338,grid_intersection_approximation,1987-2015
07930999000206,150,355680.29108777246,50528.31170085067,0.1420610389918445,92703.59451324742,0.2606374230906447,510.4844959394624,0.0014352341378777,208242.28615425853,0.585476033876923,48.22597324934236,0.0001355879829659,3202.54341417541,0.0090039945828348,444.84483605162177,0.0012506873369091,0.989745318080256,grid_intersection_approximation,1987-2015
07969961000239,150,3323984.41163794,1292351.3389610748,0.3887958482706152,723825.535072955,0.2177584023976453,15997.801591011244,0.0048128389336002,1286264.7013329645,0.3869647212632803,369.3391304850805,0.0001111133762216,3242.0935577592977,0.0009753636468354,1933.6019916901032,0.0005817121118017,0.9984429242413628,grid_intersection_approximation,1987-2015
07981751000185,150,1493494.9019454562,303939.6123720412,0.2035089721271384,607523.7533914271,0.4067799311534673,366.98619002690987,0.0002457230952371,576247.1009997006,0.3858380100588691,28.379175742355564,1.900185645454048e-05,2668.440894126353,0.0017867090745675,2720.6289223917843,0.001821652634266,0.9963916382911666,grid_intersection_approximation,1987-2015
07987748000179,150,167371.1442793222,70538.28639167969,0.421448312941924,29578.475841581,0.1767238670019373,0.0,0.0,65070.6521052359,0.3887805893030214,21.771028730272867,0.0001300763570925,2052.83203155801,0.0122651490518107,109.12688053733146,0.000652005344214,0.9870828456039752,grid_intersection_approximation,1987-2015
07996345000196,150,1052144.9110312203,126061.63000712152,0.1198139426284606,618998.0160152373,0.5883201159130729,0.0,0.0,302458.6789852378,0.2874686517171805,68.6282419670999,6.522698655628767e-05,2109.835743661248,0.002005271062513,2448.122037995491,0.0023267916922166,0.9956679372452704,grid_intersection_approximation,1987-2015
08048772000105,150,866238.2518432629,116397.42261657683,0.1343711413908304,507504.272974328,0.5858714642240894,0.0,0.0,239280.3525377541,0.2762292614400148,50.60584300346065,5.8420235882884175e-05,1433.168281572768,0.0016544735568108,1572.4295900277618,0.0018152391523715,0.9965302872908176,grid_intersection_approximation,1987-2015
08056257000177,150,3528188.322723274,787546.8857566321,0.2232156601971729,974555.7866879902,0.2762198889473586,23417.80264226471,0.0066373448637768,1726566.285870073,0.4893634148580261,282.30449497089955,8.001400978307174e-05,13170.101728246977,0.0037328227757642,2649.155543096505,0.0007508543481181,0.9955163228761176,grid_intersection_approximation,1987-2015
08057019000186,150,1500693.34217419,469031.0334816088,0.3125428895433634,311115.22870350094,0.2073143259586666,913.8604873030048,0.000608958846968,714373.2094305,0.4760287724043094,14.75721386013642,9.833597208311933e-06,2766.633146563803,0.0018435699478452,2478.61971085327,0.0016516497016387,0.9965047803505158,grid_intersection_approximation,1987-2015
08070508000330,150,1850471.439042148,340558.40912099765,0.1840387276105593,211196.8944660007,0.1141313991721599,21088.09794854143,0.0113960677823037,1251849.096444942,0.676502792765573,4954.000854624624,0.0026771560749886,17496.115914313246,0.0094549505305359,3328.8242927282736,0.0017989060638792,0.9887461434055848,grid_intersection_approximation,1987-2015
08070508006532,150,3261585.9768335083,573518.0002466337,0.1758402213892979,597410.372559842,0.1831656061815161,40505.74288546802,0.0124190326954964,2011627.895312765,0.6167637185102635,3518.2295208242044,0.0010786867327164,30814.94586901543,0.0094478410466223,4190.79043896046,0.0012848934440873,0.9892672655092902,grid_intersection_approximation,1987-2015
08070508006613,150,3528311.3995685354,1582789.0633803145,0.448596760357906,262980.2563411399,0.0745343102009927,16812.589447680843,0.0047650526112113,1658772.911149563,0.4701322313422813,376.3583295158392,0.000106668115961,4706.458487402945,0.001333912445477,1873.762432918544,0.0005310649261705,0.9981350226283524,grid_intersection_approximation,1987-2015
08070508006702,150,3140548.2199294264,1429664.4110751434,0.4552276580256648,320564.8191134038,0.1020728855806606,11874.093806452143,0.0037808984212058,1372901.658368681,0.4371535038553022,275.747475751555,8.780233782169137e-05,3517.88501835508,0.0011201499776475,1749.6050716395564,0.0005571018016971,0.9983227482206553,grid_intersection_approximation,1987-2015
08070508006885,150,2196547.792967723,1045541.4908251844,0.4759930533596853,173624.4456575553,0.0790442376047615,4912.741570404848,0.0022365739485082,967957.6822732458,0.4406722609779651,175.90925469008286,8.00844194026912e-05,2980.838523824144,0.0013570560737933,1354.6848628184537,0.0006167336158837,0.9980262103103228,grid_intersection_approximation,1987-2015
08070508006966,150,1501005.105334528,261896.4618871556,0.1744807269185049,533406.949529689,0.3553665125015074,8860.80129162715,0.0059032452722086,684948.0898421447,0.4563262892363652,3736.598029827017,0.0024893972822259,7003.12647284502,0.0046656246857229,1153.0782812396533,0.0007682041034648,0.9945661712108124,grid_intersection_approximation,1987-2015
08070508008314,150,3265535.363300653,1500805.2529492285,0.4595893432408839,275256.07525281777,0.0842912553776792,13247.749106079238,0.0040568383533562,1470330.9164193808,0.4502572328395298,313.2307999921867,9.592019841903884e-05,3832.423166396061,0.0011735972023045,1749.7156067586936,0.0005358127878272,0.9982905900098684,grid_intersection_approximation,1987-2015
08070508009477,150,1142859.514541803,165688.92254354854,0.144977506364793,131413.68961586407,0.11498673979063,14129.23984828633,0.0123630592111323,810802.1495489905,0.709450408586797,4039.651595518232,0.0035346878108092,14009.364940413694,0.0122581688844147,2776.4964491814035,0.0024294293514234,0.9853124017641618,grid_intersection_approximation,1987-2015
08070508009558,150,2010652.1430951303,401908.4249773809,0.199889586250706,227469.42479639672,0.1131321624068885,23742.82831681724,0.0118085211299993,1331421.050288693,0.6621836874473713,4821.797991098693,0.0023981264027482,18036.23114463148,0.0089703389054991,3252.3855801122904,0.0016175774567875,0.9894120836377132,grid_intersection_approximation,1987-2015
08070508009710,150,2687403.00750589,1254515.163084468,0.4668131871478224,248002.94399384648,0.0922834957396329,8553.999878766394,0.003182998550971,1171402.0008957223,0.4358862431961296,218.1513267190686,8.11755163292495e-05,3142.1771080964672,0.0011692243773339,1568.5712182712264,0.0005836754717808,0.9982471001508852,grid_intersection_approximation,1987-2015
08070508012265,150,965047.1215141404,139533.63289369855,0.1445873779456209,113507.04479442968,0.1176181372535874,10583.349337900312,0.0109666658777192,684503.2230949105,0.7092951295693604,3283.591965407866,0.0034025198274836,11214.75339283873,0.0116209386493407,2421.5260349547425,0.0025092308768875,0.9858698304737716,grid_intersection_approximation,1987-2015
08070508012427,150,2598737.182436873,268248.46688832814,0.1032226223956928,1087730.5524288884,0.4185611995626691,17015.6029411972,0.0065476428536884,1203222.9121692,0.4630029232278581,674.9953432761689,0.0002597397489203,19398.537056930058,0.007464601341002,2446.115609053548,0.0009412708701692,0.9915941277888288,grid_intersection_approximation,1987-2015
08070508012508,150,2192090.409929153,326379.0651976574,0.1488894179360995,226124.7252244818,0.1031548353116466,29361.156064774448,0.0133941355392013,1572222.9410663284,0.7172254091094451,5060.099909673194,0.0023083445312078,28653.847981166997,0.0130714718021566,4288.574485071424,0.0019563857702429,0.9849721424276004,grid_intersection_approximation,1987-2015
08070508015795,150,2246109.85001248,424068.05430416873,0.1888011195453386,191901.121227522,0.0854371041676593,29918.49597927374,0.0133201392528097,1566807.3463044716,0.6975648792492346,5001.30673448647,0.0022266527767814,24503.6588022093,0.0109093768508575,3909.866660347286,0.0017407281573185,0.9873498949918238,grid_intersection_approximation,1987-2015
08070508015876,150,1814766.2622624857,291275.36358971096,0.1605029637406722,176277.07412950826,0.097134864029124,22843.318941423036,0.0125874716851657,1293912.4527641071,0.7129912428231803,5076.468951047234,0.0027973128311953,21673.70723818592,0.0119429745245346,3707.8766485030737,0.0020431703661277,0.9860138551093376,grid_intersection_approximation,1987-2015
08070508016414,150,2504996.96332346,404974.19526794826,0.1616665413959847,301273.3585753952,0.1202689516140914,33092.08106747717,0.0132104276180729,1726140.7841043274,0.6890789926604146,5059.063362711297,0.0020195886209775,30064.435268762063,0.0120017851154895,4393.045676838782,0.0017537129749691,0.9862445019095412,grid_intersection_approximation,1987-2015
08070508016767,150,493075.4624042256,67525.72674177913,0.1369480574282182,298897.7116800738,0.6061906025959086,0.0,0.0,125311.58630779105,0.2541428155779125,39.92604530849485,8.097349868885442e-05,1247.837748890404,0.0025307236803185,52.67388038272901,0.0001068272189532,0.997362449100728,grid_intersection_approximation,1987-2015
08070566001173,150,288669.5949084565,35218.06863362885,0.1220013096453655,201157.19262041367,0.696842328282634,0.0,0.0,50777.51028617993,0.1759018309575783,9.038230159396967,3.130994853220751e-05,1447.4000834600815,0.0050140371864209,60.38505461462236,0.0002091839794688,0.99477677883411,grid_intersection_approximation,1987-2015
08070566001254,150,227436.0270894038,40273.93479668779,0.1770780791068617,143982.3592023542,0.6330675093341986,0.0,0.0,41831.47317763067,0.1839263273851814,0.7672245502471924,3.373364194167887e-06,1298.8852905977262,0.0057109918213931,48.607397583160726,0.0002137189881709,0.994075289190436,grid_intersection_approximation,1987-2015
08070566001688,150,223081.12525487776,42692.00730757309,0.191374358806896,136474.0864552849,0.611768863454309,0.0,0.0,42597.49897159569,0.1909507087295108,0.7672245502471924,3.439217680880049e-06,1271.046564644067,0.0056976876156234,45.7187312297258,0.0002049421759796,0.9940973702083968,grid_intersection_approximation,1987-2015
08070566001769,150,207627.13869963825,35950.00187035859,0.1731469310587828,135538.8554508473,0.6527993223801214,0.0,0.0,34940.795136286906,0.1682862623601131,0.7672245502471924,3.6952035993574537e-06,1152.1014887024114,0.0055488964300042,44.61752889276866,0.0002148925673792,0.9942362110026166,grid_intersection_approximation,1987-2015
08110543000173,150,3061982.5953298854,1426257.8803382127,0.4657955543292543,243618.39974606296,0.0795623071527669,11305.700780211666,0.0036922812028569,1375203.8102188462,0.4491220205876733,247.90375820020216,8.096184432214058e-05,3703.818047164553,0.0012096143370682,1645.082441186983,0.0005372605460579,0.9982531251168736,grid_intersection_approximation,1987-2015
08164344000148,150,1959584.457415903,416626.4661608599,0.212609599236291,716609.4715863025,0.3656946088107337,1429.3693133598338,0.0007294247042787,817804.1016633468,0.4173354705730734,9.326342125711609,4.759346855613573e-06,4020.499834530304,0.0020517104120289,3085.222515377928,0.0015744269167384,0.9963738626712324,grid_intersection_approximation,1987-2015
08195806000194,150,1055620.496341613,130909.56347330724,0.1240119568793813,618568.2344121742,0.5859759606372755,0.0,0.0,301653.4561977447,0.2857593777718064,66.09311082075212,6.261067405360752e-05,2011.8165521902936,0.0019058142193738,2411.332595375635,0.0022842798181092,0.9958099059625168,grid_intersection_approximation,1987-2015
08322396000103,150,271370.33169754624,49791.853121471984,0.1834830388790146,165174.47594632037,0.6086681433194191,0.0,0.0,54853.77783176743,0.2021362375490047,0.7672245502471924,2.8272233941265795e-06,1496.925100409249,0.0055161708026271,52.53247302694879,0.0001935822265401,0.9942902469708328,grid_intersection_approximation,1987-2015
08355201000113,150,1266283.405462192,135446.60400615385,0.1069638940397516,722862.6090978654,0.5708537330425026,416.309477940337,0.0003287648532268,400776.1085468864,0.3164979552113798,147.3521329443145,0.0001163658406235,4457.765265501312,0.003520353537188,2176.6569349006554,0.0017189334753274,0.9947607129874846,grid_intersection_approximation,1987-2015
08391345000397,150,3450074.103588973,1570566.1644556497,0.4552267914540887,259248.30644751407,0.0751428226361365,15103.115146411468,0.0043776205069625,1598537.8389478286,0.463334349046281,351.6907079011777,0.0001019371460848,4456.610967576602,0.001291743549201,1810.3769160917864,0.0005247356612452,0.9981835207895536,grid_intersection_approximation,1987-2015
08493354000127,150,2164703.88041478,251364.58241066808,0.1161196155672359,1066629.431445196,0.4927368778222075,7059.31699501794,0.0032611005407655,828934.8876367471,0.382932231579829,200.5077739709128,9.262595950652308e-05,8746.588902731512,0.0040405475233201,1768.5652504487489,0.0008170010071353,0.9951424514695444,grid_intersection_approximation,1987-2015
08517600000133,150,1213411.9806506531,161080.5371083388,0.1327500796736525,649548.3873783647,0.5353073793041546,138.40946653661004,0.0001140663424654,397920.13786798704,0.3279349010998022,11.237501620649406,9.261076864119683e-06,2095.636634139488,0.0017270611033655,2617.63469366584,0.0021572513996954,0.9961156874969392,grid_intersection_approximation,1987-2015
08598391000108,150,1063085.8566229225,239748.75367853907,0.225521534488421,393240.9574702036,0.369905172776357,57.21602932853559,5.382070410596213e-05,425233.9707260878,0.3999996501476537,22.0106880776619,2.0704525359393535e-05,2282.42913984189,0.0021469847666795,2500.5188908439345,0.0023521325914233,0.9955008826418972,grid_intersection_approximation,1987-2015
08657268000102,150,1592151.373308781,293157.82303666475,0.1841268537346604,380654.7669283876,0.2390820202838613,14059.817194543984,0.008830703807594,887017.3650825259,0.5571187388037998,4330.912385464489,0.0027201637093488,10960.132771045824,0.0068838509671782,1970.555910148597,0.0012376686935573,0.9918784803392646,grid_intersection_approximation,1987-2015
08704527000109,150,1274175.2091636225,191800.27733987887,0.1505289664721839,652756.7792013276,0.5122975039121987,15.718409908518115,1.2336144821743778e-05,424955.3808925799,0.3335140864744367,43.7669956853485,3.434927580648619e-05,2007.2027380815116,0.0015752957078791,2596.08358616073,0.0020374620126731,0.9963872422794476,grid_intersection_approximation,1987-2015
08793343000162,150,69299.63005414643,20150.13740694695,0.2907683257645514,31399.202009101788,0.4530933568414204,157.1712248490983,0.0022679951498484,17156.49810168517,0.2475698367838349,34.4355716725509,0.000496908448799,362.52422043276425,0.0052312576582228,39.66151945811279,0.000572319353323,0.9941964229884542,grid_intersection_approximation,1987-2015
08830263000130,150,755997.8868345419,198410.25795519745,0.2624481647507853,228383.9231927954,0.302095980914798,110.96362978045592,0.0001467776983412,327886.9654822896,0.4337141296190568,9.605256576942711,1.2705401356558189e-05,1097.021493077542,0.0014510906871326,99.14982482450915,0.0001311509285292,0.998417758384338,grid_intersection_approximation,1987-2015
08906558000142,150,698271.1277740253,190343.2139591541,0.2725921298879094,206808.63753051875,0.2961724025305056,54.87385584347079,7.858531401462883e-05,299473.89554421575,0.4288791038788755,12.894788321770625,1.84667356401762e-05,1495.3777211549825,0.0021415431079357,82.23437481651658,0.0001177685451189,0.9977406883469454,grid_intersection_approximation,1987-2015
09022388000104,150,1051039.3528385998,153463.89837085424,0.1460115627035142,582420.0971343066,0.5541372885433191,0.0,0.0,311259.8107456361,0.2961447731761895,42.99028454303179,4.090264025502524e-05,1444.9627057124474,0.0013747941043405,2407.593597547568,0.0022906788323817,0.996334527063278,grid_intersection_approximation,1987-2015
09075242000119,150,64619.951888873176,30137.67306389804,0.4663834030041641,29171.998362437967,0.4514394936815336,0.0,0.0,1185.1534730504538,0.0183403645222231,99.66090708290022,0.0015422621677943,4008.6913390911855,0.0620348858505021,16.77474331263291,0.0002595907737826,0.9377055233757152,grid_intersection_approximation,1987-2015
09538989000166,150,699577.3351652914,183957.6644492136,0.2629554378083865,212333.9752700958,0.3035175163585409,185.7228214248148,0.0002654786141419,302247.24271889287,0.4320426456461456,8.311191634786297,1.1880304316637966e-05,761.9284857442144,0.0010891268876859,82.49022828528229,0.0001179143807822,0.9987929587315316,grid_intersection_approximation,1987-2015
09538989000409,150,2685862.8037299914,848744.6936460128,0.3160044855855328,808546.1136607744,0.3010377568570912,15357.628788167509,0.0057179498397459,1008846.449196828,0.3756135450387833,386.9279979982176,0.0001440609689597,2734.3056295132324,0.0010180362249761,1246.6848106972056,0.0004641654849107,0.998517798290113,grid_intersection_approximation,1987-2015
09538989000670,150,2534214.528348419,756114.9432707662,0.2983626424727097,794785.4229268236,0.3136219976786242,14544.348346355468,0.0057391938147534,964310.2315594332,0.3805164167328355,577.4867762529257,0.0002278760419818,2768.8127345935545,0.0010925723547161,1113.2827341937495,0.0004393009043789,0.9984681267409048,grid_intersection_approximation,1987-2015
09538989000751,150,2263274.451782961,595885.6856508902,0.2632847665387924,786242.3750047412,0.3473915301722934,12502.13317775977,0.0055239138885303,864308.400560011,0.3818840441021753,765.416871103568,0.000338190037227,2681.377465524162,0.0011847336779734,889.0630529309632,0.000392821583008,0.9984224447390186,grid_intersection_approximation,1987-2015
10249419000216,150,1342541.2609958427,220994.05687546905,0.1646087634666398,647503.6820470651,0.482297044313389,0.591192171336148,4.403530740631581e-07,469180.43595519615,0.3494718930330507,43.39611267785124,3.232385770077693e-05,2184.1449786879143,0.0016268736329696,2634.953834575324,0.001962661343176,0.9964104650238544,grid_intersection_approximation,1987-2015
10249419000305,150,1281255.7481232288,190401.02569916705,0.1486050119018507,649414.8936544921,0.5068581308655582,86.41650438111337,6.744672522070276e-05,436679.0618706716,0.3408211533960452,23.54415650295329,1.837584458640716e-05,2056.778246303403,0.0016052831367321,2594.027991710452,0.0020245981300065,0.9963701187332612,grid_intersection_approximation,1987-2015
10452413000160,150,70421.21046612102,20692.26795254537,0.2938357323820815,30735.501363191765,0.4364523296284196,170.05475389084393,0.0024148229314043,18358.35557033934,0.2606935531045916,34.81819098979312,0.0004944276129213,386.8206931749866,0.0054929571731954,43.391941988921886,0.0006161771673862,0.9938908656594184,grid_intersection_approximation,1987-2015
10921675000127,150,133.5718883339974,6.026552204219694,0.0451184173510391,91.35678938976648,0.6839522187582482,0.0,0.0,15.3073722262422,0.1146002532206927,0.0,0.0,19.97305945445259,0.1495304117024221,0.9081150593164312,0.0067986989675977,0.8436708893299801,grid_intersection_approximation,1987-2015
11092881000134,150,1130597.2423323032,142049.9300036962,0.1256414969761133,641314.2905665206,0.567234967992277,0.5827341197881563,5.154214940291532e-07,342635.6895726015,0.3030572486323955,50.27316437415059,4.446602423197348e-05,2007.800680983779,0.0017758761527154,2538.6756100070934,0.0022454288007726,0.995978695046512,grid_intersection_approximation,1987-2015
12229415001001,150,2386757.183279837,847722.3469436954,0.3551774570460374,351376.67868485657,0.1472192819388528,5302.839428035206,0.0022217758325747,1174897.402984748,0.4922567788694057,45.50514573429179,1.9065678759897763e-05,4526.292586244178,0.0018964193835688,2886.11750652258,0.0012092212508004,0.9968943593656304,grid_intersection_approximation,1987-2015
12229415001435,150,3346974.3557550507,568091.4512409973,0.1697328365436013,1154928.8458343635,0.3450665356453922,22076.617766620697,0.0065959925054879,1583582.7711550968,0.473138603058658,362.6096954629259,0.0001083395499697,15480.061989690754,0.0046250913046504,2451.998072818765,0.0007326013922403,0.9946423073031092,grid_intersection_approximation,1987-2015
12229415001605,150,1778687.4240407478,617196.3413334115,0.3469953927774958,277756.68724003166,0.1561582341483225,1724.4381078871693,0.0009695003655952,876400.9714049253,0.4927234316493643,31.466403268379302,1.76907998803383e-05,3077.976783558221,0.0017304764974195,2499.5427676655727,0.0014052737619222,0.9968642497406583,grid_intersection_approximation,1987-2015
12282034001762,150,2047932.951543055,969938.8097441186,0.4736184400047371,204859.22287223767,0.10003219232245,5302.562813780937,0.0025892267663282,863289.8592417964,0.4215420522392268,177.42945889220022,8.663831438354099e-05,3064.155544464164,0.0014962186834072,1300.9118677650297,0.0006352316694669,0.9978685496471256,grid_intersection_approximation,1987-2015
13537735000281,150,3105374.2089563743,416880.6730262152,0.1342449073686087,1143012.2457474673,0.3680755261156112,22035.04971372509,0.0070957791979377,1501154.587416358,0.483405376101469,557.4227477975589,0.0001795026010681,19085.01041874912,0.006145800516957,2649.219886062211,0.0008531080983481,0.993001091384695,grid_intersection_approximation,1987-2015
13537735000362,150,2553657.751862664,261594.4415940863,0.1024391155797117,1080299.6164188746,0.4230400944021935,16184.416970047536,0.0063377392519582,1173448.5145490924,0.4595167514883962,656.3450281561098,0.0002570215322226,19072.66229183273,0.0074687621228494,2401.755010573743,0.0009405156226678,0.9915907222544824,grid_intersection_approximation,1987-2015
15009178000170,150,143644.8543266137,57132.20323229877,0.3977323343751245,75695.53612356281,0.5269630887817912,0.0,0.0,1611.4140253322817,0.0112180421142571,139.6700278490046,0.0009723287931458,9027.97765225507,0.0628492937987714,38.05326531576263,0.0002649121369098,0.9368857940643188,grid_intersection_approximation,1987-2015
15043391000107,150,99199.32750023264,32707.093120142832,0.3297108351875282,60896.08318548392,0.6138759679125961,0.0,0.0,564.9390987979682,0.0056949892003717,47.37140820954247,0.0004775375942889,4954.754957014789,0.049947465188241,29.085730583567425,0.0002932049169738,0.9497593298947852,grid_intersection_approximation,1987-2015
15444904000183,150,1639232.0995926964,742083.7622418655,0.452702068502839,125050.5246439398,0.0762860394662911,1949.471448561004,0.0011892589518259,766423.5758215898,0.4675503706961477,115.57885090349328,7.050792315024298e-05,2549.8836643967825,0.0015555354638494,1059.302921440047,0.0006462189958964,0.997798245540254,grid_intersection_approximation,1987-2015
15527906000721,150,623241.8792345369,162689.12561296977,0.2610368960006087,185352.2112169885,0.2974001224767458,1.50755068643227,2.4188854065516866e-06,273990.79584287136,0.4396219268502715,12.734310150146484,2.043237236526324e-05,1094.1589933390223,0.0017555928601634,101.34570753165862,0.0001626105544385,0.998081796585398,grid_intersection_approximation,1987-2015
15527906002937,150,167858.0415776469,26078.658044056618,0.1553613863175765,25305.49814074224,0.1507553519801823,237.6079712774754,0.0014155292713072,114067.83411599202,0.6795494159463735,16.821381367702415,0.000100211948201,1913.574126365028,0.0113999550356951,238.04779784581507,0.0014181495006642,0.9871818954636408,grid_intersection_approximation,1987-2015
15527906003585,150,719066.1753888899,192394.94511237412,0.267562224030802,211846.85020893544,0.2946138442603883,31.890118285937117,4.434935111318524e-05,313371.97688036296,0.4358040853623565,12.705677335981894,1.7669691289692956e-05,1301.8426896410483,0.0018104629785109,105.96470195435926,0.0001473643255393,0.9980421726959496,grid_intersection_approximation,1987-2015
15527906003666,150,1359588.1164355362,195825.89711213103,0.1440332515008533,155236.94280869156,0.1141793907523109,14964.116665912332,0.0110063602976643,968282.4353830252,0.7121880690760918,3216.909658727925,0.0023660913329852,18741.43415930416,0.0137846410488192,3320.3806477440835,0.002442195991275,0.9837731629599056,grid_intersection_approximation,1987-2015
16617789000164,150,84750.28606431693,14755.666063976218,0.1741075664662436,10017.939515671187,0.1182053770068525,112.9907456768854,0.0013332196376438,59670.282203843526,0.7040717497821753,9.138322348878251,0.0001078264484198,145.90961332355164,0.0017216415436382,38.35959947667125,0.0004526191150264,0.9978257393413352,grid_intersection_approximation,1987-2015
19537471000161,150,3405713.3138499497,548723.5471875635,0.161118537181647,1154313.475548939,0.3389344225935619,23548.28405020226,0.0069143471220665,1657864.018689213,0.4867890705736179,498.9198076666248,0.0001464949517734,18108.32011809054,0.0053170418204168,2656.7484482744667,0.0007800857569162,0.993902872422667,grid_intersection_approximation,1987-2015
19818301000155,150,1088110.7198177625,129085.21767279875,0.1186324289631279,618162.7356341146,0.5681064659832089,110.22793167303874,0.0001013021282351,336110.98127005284,0.3088940997900884,15.590981838116926,1.432848841037805e-05,2017.110871061634,0.0018537735492574,2608.855456223382,0.0023976010976716,0.9957486253530708,grid_intersection_approximation,1987-2015
21783238000100,150,70480.17082114788,20718.085358572345,0.2939562307694605,30615.38214141117,0.4343829162829567,170.14097612745385,0.0024140261600558,18504.982914667016,0.2625558749229721,34.97350623453816,0.0004962176712551,389.4518156648754,0.0055256934131609,47.15410847048828,0.0006690407801386,0.9938052658067004,grid_intersection_approximation,1987-2015
22587687000146,150,652850.856001543,90948.69575943972,0.1393100658800771,115657.24051911652,0.1771572166229084,4234.615670840278,0.0064863446710871,429683.6383558891,0.6581650838103115,955.1525484811068,0.0014630486269575,10215.351173437675,0.0156472968971852,1156.1619743385363,0.001770943491473,0.9825817596113416,grid_intersection_approximation,1987-2015
23796998000188,150,824.6230846867833,647.8890131808881,0.785678966805757,14.875754887811098,0.0180394596804931,0.0,0.0,161.78940950754514,0.1961980115666997,0.0,0.0,0.0689071105389335,8.35619470501563e-05,0.0,0.0,0.99991643805295,grid_intersection_approximation,1987-2015
23858708000183,150,785629.5494328061,216461.5129835385,0.2755261855155719,240875.3171547489,0.3066016512854582,2653.788632996409,0.0033779134643195,324952.0692151444,0.4136199681513343,12.75955068314494,1.624117969131487e-05,626.2499923413023,0.0007971314123729,47.85190335343557,6.09089912516437e-05,0.9991419595963752,grid_intersection_approximation,1987-2015
28144326000101,150,1713485.158999286,275682.909413595,0.1608901646831887,782383.8826606352,0.4566038279068405,845.2348258751008,0.0004932840074137,647309.9061665109,0.3777738621001856,64.03506186007733,3.737123810134151e-05,4151.359552276648,0.0024227578105789,3047.831318533018,0.001778732253691,0.99579850993573,grid_intersection_approximation,1987-2015
33664228000135,150,134181.57696050257,57736.579418168345,0.4302869345108648,66023.64943480583,0.4920470524373135,0.0,0.0,1330.4377874533543,0.0099152045876236,140.00348019599917,0.0010433882457441,8921.48693519355,0.0664881657920868,29.41990468549147,0.0002192544263669,0.933292579781546,grid_intersection_approximation,1987-2015
35637796000172,150,3577242.0197649384,1171501.5586618998,0.3274873637816877,387256.3666965394,0.1082555679925693,38319.8940992418,0.0107121335060689,1960550.4498979016,0.548062009521718,2155.1428380271127,0.000602459332111,14636.4964914322,0.0040915589190115,2822.1110798963578,0.0007889069468332,0.9951195341341552,grid_intersection_approximation,1987-2015
37216363000250,150,1092846.1951099308,383243.2085342787,0.3506835730857147,226152.20596783352,0.2069387320738986,4491.463652767682,0.0041098771930261,476341.9098561106,0.4358727806232557,57.033494793870645,5.218803437215021e-05,2392.040868212827,0.0021888174922658,168.33273593354414,0.0001540314974666,0.9976571510102672,grid_intersection_approximation,1987-2015
38278706000192,150,1589000.2962787044,212339.6540544128,0.1336309719713037,211869.39249799805,0.1333350239104279,17289.9182671044,0.0108810038032062,1118089.7182581865,0.7036434926265601,3002.573356739348,0.001889598991121,22786.71994377729,0.0143402867810293,3622.3199004858543,0.0022796219163514,0.983380091302619,grid_intersection_approximation,1987-2015
43533819000399,150,3890095.366846919,1077284.1604591042,0.2769300129863621,618115.5587387551,0.1588947057716384,41066.33029974148,0.0105566384438095,2127181.172481003,0.5468198005143433,1652.049547477215,0.0004246809889435,21393.098104541503,0.0054993762587063,3402.9972162957934,0.0008747850361966,0.9936258387050968,grid_intersection_approximation,1987-2015
43545284000104,150,3134391.275615952,1288114.9845731496,0.4109617693853544,293324.22271102486,0.0935825163223702,13550.43728090664,0.0043231479701728,1531949.7258223672,0.4887551014259754,124.48087714389408,3.971453025418208e-05,5564.149194223047,0.0017751929178432,1763.275157137,0.0005625574480296,0.9976622496341272,grid_intersection_approximation,1987-2015
43619832001760,150,3175512.4193571345,1392150.9789781542,0.4384019947432571,432225.4335417832,0.1361120274343896,12127.269067836716,0.0038189959497282,1333613.5312441092,0.4199679784323099,265.2654387300884,8.353468785481555e-05,3318.6585195790717,0.0010450781106536,1811.2825669421568,0.0005703906418066,0.9983845312475398,grid_intersection_approximation,1987-2015
43932102000581,150,3614850.845664348,1296424.4199369035,0.3586384266703106,447231.1998021821,0.1237205126564464,29233.19986075337,0.0080869726328586,1828240.8467522543,0.5057583078275683,1442.6762708833044,0.0003990970395399,9657.539291861063,0.0026716287072935,2620.963749509609,0.0007250544659825,0.996603316826724,grid_intersection_approximation,1987-2015
44207249000148,150,1349172.6751849884,199521.98937820207,0.147884694856309,141516.44744157535,0.1048912789626218,15758.73707905102,0.011680296650605,966856.7785557216,0.7166293806114576,3792.685470833029,0.0028111193923439,18428.623097892585,0.0136592027372373,3297.414161712745,0.0024440267894253,0.9838967704733372,grid_intersection_approximation,1987-2015
44209336003583,150,1256508.2914729102,187651.8580735455,0.1493439075149877,128874.15315512771,0.1025653026165535,14843.966437220546,0.0118136637362098,901462.0553298866,0.7174342274121968,3627.1948145179344,0.0028867257296535,16921.675970559674,0.0134672218921242,3127.387692052278,0.0024889510982743,0.9840438270096016,grid_intersection_approximation,1987-2015
44330975000153,150,3878591.085915701,947027.0518603332,0.2441677998227927,690628.7199160337,0.1780617509342267,42153.87679898242,0.0108683477750607,2166917.721468291,0.5586868204119282,2206.869526000984,0.0005689874176256,25885.683759981523,0.0066739914537472,3771.162586078313,0.0009723021846186,0.992353706361634,grid_intersection_approximation,1987-2015
44330975002288,150,3547599.4136574417,1039485.4482417688,0.2930109426222106,679390.4343653682,0.1915070883566705,25950.60208544497,0.0073149753000694,1790649.2224927968,0.5047495541912678,135.8149113378664,3.8283609703793e-05,9903.661489504071,0.0027916515746894,2084.230071221114,0.0005875043453884,0.996620844079922,grid_intersection_approximation,1987-2015
44330975002520,150,2459491.593050914,1051149.0665006645,0.4273846958739755,214678.55964915757,0.0872857464752934,4957.372731946438,0.0020156087322896,1183289.9036124009,0.4811115870270452,107.1532736543927,4.3567245343364966e-05,3726.523341502249,0.0015151600241412,1583.0139415880174,0.0006436346219115,0.9978412053539472,grid_intersection_approximation,1987-2015
44346583000182,150,3490761.491365341,506931.3629508732,0.145220853445532,1088504.5959288548,0.31182439665997,28233.710842283926,0.0080881237266201,1838175.4943527333,0.5265829530031191,1208.1020342590148,0.0003460855281139,24441.39285976382,0.007001736704218,3266.832396573394,0.0009358509324266,0.9920624123633554,grid_intersection_approximation,1987-2015
44373108000103,150,2685862.8037299914,848744.6936460128,0.3160044855855328,808546.1136607744,0.3010377568570912,15357.628788167509,0.0057179498397459,1008846.449196828,0.3756135450387833,386.9279979982176,0.0001440609689597,2734.3056295132324,0.0010180362249761,1246.6848106972056,0.0004641654849107,0.998517798290113,grid_intersection_approximation,1987-2015
44691236000197,150,2404374.450112734,524309.0195353528,0.2180646277915528,208851.05215027003,0.0868629477161835,31402.583760435733,0.0130606044990052,1608512.3119291114,0.6689940960958444,4782.8095265573065,0.001989211591536,22938.187861280312,0.0095401894909525,3578.485349726569,0.0014883228149254,0.988971487694122,grid_intersection_approximation,1987-2015
44836856000177,150,726096.6626524623,101764.07046503376,0.140152235507164,108268.86792727148,0.1491108188429907,5017.807760834674,0.0069106608237316,499709.58126192,0.6882135767384738,3308.555224945043,0.0045566319129725,6349.16451066992,0.0087442414174941,1678.6155017873944,0.0023118347571731,0.9889439238253328,grid_intersection_approximation,1987-2015
44845915000173,150,3357962.7031201264,1436805.5762389863,0.4278801473595719,275477.488605194,0.0820370900335575,15501.556752601751,0.0046163576320243,1622672.3864634784,0.4832312118760986,186.62780419794265,5.5577688228798136e-05,5448.6451605026905,0.0016226044307877,1870.4220951651664,0.000557010979731,0.9978203845894812,grid_intersection_approximation,1987-2015
44870939000182,150,3657210.565580541,614648.8233601504,0.1680649260791419,843721.6508428275,0.2307008677004891,37952.6173857347,0.0103774766875393,2124873.927224857,0.5810094576513827,2052.17666687488,0.0005611316685423,29980.979540259723,0.0081977723192704,3980.3905598368974,0.0010883678936339,0.9907138597870956,grid_intersection_approximation,1987-2015
45281813000135,150,2749094.6743637286,597451.6312231058,0.2173266845971336,283702.84184924624,0.1031986437189212,37477.29321815411,0.0136325946020131,1794816.329194922,0.6528754160168485,4825.131280565193,0.001755171011592,26898.434333108948,0.0097844699871365,3923.013264626573,0.0014270200663549,0.9887885099465086,grid_intersection_approximation,1987-2015
45353547000109,150,2182565.8906335854,273251.7548758491,0.1251974824899906,340202.7551610752,0.1558728451777996,26598.170049263783,0.0121866515752899,1506415.871986556,0.6902040751444405,3596.9064236813483,0.0016480173355211,28382.119347605807,0.0130040148933907,4118.312789554138,0.0018869133835673,0.985109071723042,grid_intersection_approximation,1987-2015
45483450000110,150,3636150.42784819,1501437.2115311292,0.4129194436049923,510927.7254168002,0.1405133631171464,16951.300953920352,0.0046618810993339,1599575.571378677,0.4399090750283611,530.9555162580284,0.0001460213285433,4740.034268571853,0.0013035858561486,1987.6287828333093,0.0005466299654741,0.9981497841783772,grid_intersection_approximation,1987-2015
45483450002164,150,3513709.7700619786,1326620.4957662849,0.3775555132838659,596874.9253159261,0.1698702978833103,18803.044574114087,0.0053513368503917,1562474.3431671432,0.4446793973935936,868.1100384027503,0.0002470636720765,5873.52542730873,0.0016716023267923,2195.325772798956,0.0006247885899694,0.997703609083238,grid_intersection_approximation,1987-2015
45765914000181,150,2565945.2595870625,314730.52590116026,0.1226567576705864,501773.98607681424,0.1955513213705754,30464.62347859752,0.0118726708470391,1681925.4030408598,0.6554798457826541,2975.2392345590783,0.0011595100181669,29939.180387646906,0.011667895203838,4136.301467424447,0.0016119991071399,0.986720105689022,grid_intersection_approximation,1987-2015
45902707000121,150,3753394.89676072,1426101.3181936033,0.3799497141705943,354284.0734616908,0.0943903008360371,31393.29223302393,0.0083639726425048,1929447.4637204623,0.5140539476370117,870.7101894758874,0.0002319793715889,8801.034327575104,0.0023448197084646,2497.0046348889887,0.0006652656337983,0.996989914657737,grid_intersection_approximation,1987-2015
45968162000156,150,3294798.860022259,1407685.508239538,0.4272447478721138,507286.1075584657,0.1539657287471073,12922.00515049959,0.0039219405188249,1361325.9878406192,0.4131742317743251,298.1534356288872,9.049215090079064e-05,3418.5009864087083,0.0010375446671077,1862.5968110990405,0.0005653142696202,0.9983971410632722,grid_intersection_approximation,1987-2015
47063128000168,150,4019917.545348677,1045426.9486635848,0.2600617890466972,723860.3175101111,0.1800684490028079,41020.38030259819,0.0102042840033029,2181564.840607068,0.5426889521978603,1681.197545803315,0.0004182169228193,22835.53941742256,0.0056805989575196,3528.321302089111,0.0008777098689926,0.9934416911734878,grid_intersection_approximation,1987-2015
47080619001199,150,4070445.368003692,1044778.2087667176,0.2566741755040723,829403.9997564437,0.2037624694034933,36595.55688173028,0.0089905535078286,2136402.77205757,0.5248572524400068,905.1631660757026,0.0002223744785253,19294.831306938297,0.0047402260840074,3064.8360682161097,0.0007529485820661,0.9945068253339264,grid_intersection_approximation,1987-2015
47080619003051,150,3878976.105677462,1141106.2723652632,0.2941771852358367,691721.5664639953,0.1783258126936016,31886.5306487098,0.0082203472720646,1999261.5508281155,0.5154096071646064,340.67656535174115,8.782641503078866e-05,12318.26018193353,0.0031756473477379,2341.2486240933245,0.0006035738711219,0.99622077878114,grid_intersection_approximation,1987-2015
47080619003302,150,3751500.848806578,631593.381724221,0.1683575206773956,1067520.874327497,0.2845583454065045,30822.28990424049,0.0082159890525003,1992435.409383819,0.5311035475355548,1207.922277025176,0.0003219837408298,24659.130593970487,0.0065731374156066,3261.840595805348,0.0008694761716082,0.9925573864127852,grid_intersection_approximation,1987-2015
47080619006158,150,3705717.7259347863,631408.3580495985,0.1703876022802903,863709.298054244,0.2330747676784714,37789.91129523262,0.0101977306665201,2137227.0189875443,0.5767376732528697,1987.3119689618145,0.0005362826086437,29662.885689037725,0.0080046263322863,3932.9418901674494,0.0010613171809181,0.9909340564867956,grid_intersection_approximation,1987-2015
47080619006239,150,3987313.838459682,767817.0657206272,0.192564994085652,993790.0173606452,0.2492379726358713,35259.24767061221,0.0088428573970071,2159734.717338385,0.5416515490971989,1430.4384918918297,0.0003587474048554,25878.017825761228,0.0064900880327388,3404.334051759276,0.0008537913466762,0.992656120620585,grid_intersection_approximation,1987-2015
47254396000167,150,960119.0556750898,137931.01929703538,0.1436603288745808,117043.7087890162,0.1219054117270061,9907.26259427827,0.0103187855044832,678416.2095271238,0.7065959221589536,3781.78085201756,0.0039388665704155,10639.873377448524,0.0110818271073344,2399.201238170109,0.0024988580572262,0.9864193148354394,grid_intersection_approximation,1987-2015
47524632000118,150,3510714.9514430487,1034273.8294734046,0.294604900648022,401193.05715507176,0.1142767392693516,42672.8784777859,0.012155039377448,2006461.4130133383,0.571525014353159,2786.886742959892,0.0007938231333234,20195.056091436854,0.0057524055272946,3131.8304890509576,0.0008920776914011,0.993355516781304,grid_intersection_approximation,1987-2015
47524632000894,150,3971292.7420552606,1347095.1796734435,0.3392082294533347,452738.4588829997,0.1140027916070207,38328.30947094367,0.0096513432679122,2115878.576407025,0.53279340351827,910.8142407267792,0.0002293495594221,13574.828136467751,0.0034182391020215,2766.575243653556,0.0006966434920186,0.9958851174059598,grid_intersection_approximation,1987-2015
47902283000120,150,21531.186498816904,1879.6110284969109,0.0872971412235081,16486.8701441123,0.7657204652896497,0.0,0.0,2941.76783008496,0.1366282267002148,0.2486110309768173,1.1546555086059842e-05,210.32134448451507,0.0097682189737231,12.36754060724152,0.0005744012578183,0.9896573797684588,grid_intersection_approximation,1987-2015
48295562001108,150,3137720.2443024283,1227251.907063862,0.3911285301142908,664657.1591886336,0.2118280494876938,15832.897550062862,0.0050459876334777,1225090.760262573,0.3904397667341858,249.98690841886472,7.967150955308997e-05,2882.0890417046708,0.0009185296384972,1755.444287173387,0.0005594648823014,0.9985220054792012,grid_intersection_approximation,1987-2015
48295562001450,150,2223907.149556162,584523.5741892424,0.2628363213391796,829556.4661769201,0.3730175813960936,16461.088074803374,0.0074018774021607,790685.6801976383,0.3555389802831652,78.71719458629285,3.539589978025967e-05,2081.3470698379297,0.0009358965684575,520.276653133235,0.0002339471111629,0.9988301563203794,grid_intersection_approximation,1987-2015
48295562001884,150,2449155.758661781,697000.6898557484,0.2845881432369943,856652.9335001634,0.3497747868711455,16301.361664290242,0.0066559105547445,875958.4589282143,0.3576573093933551,112.23529951157248,4.582611747523067e-05,2476.299230458454,0.001011082787079,653.7801833949762,0.0002669410392061,0.9987219761737148,grid_intersection_approximation,1987-2015
48295562001965,150,2468724.1018238813,639818.182734446,0.2591695776217972,962044.6716028536,0.3896930689387687,15741.0931658237,0.0063762058928311,848196.3520673255,0.3435768101590138,124.26572800602922,5.033601280686745e-05,2104.809318217091,0.0008525899336673,694.7272072093491,0.0002814114411149,0.998865998625218,grid_intersection_approximation,1987-2015
48708267046156,150,3872606.267357883,849790.8959550031,0.2194364304778083,758500.52364389,0.1958630625677789,41683.784053576885,0.0107637547366817,2188169.379822893,0.5650379172979517,2295.0994616049807,0.0005926498340278,28214.5634276398,0.0072856782951212,3952.0209932750554,0.00102050679063,0.9916938149142488,grid_intersection_approximation,1987-2015
49049638000106,150,1954301.2787937296,331849.9229138147,0.1698048947287418,180665.97325285524,0.0924453026835091,25215.588766265937,0.0129026107897908,1385399.9173360462,0.7088978206017287,5158.355407051797,0.0026394883240498,22247.072782969,0.011383645410446,3764.4483347268942,0.0019262374617338,0.9866901171278204,grid_intersection_approximation,1987-2015
49213747000117,150,3659093.587229813,570674.0979201323,0.1559605088844344,968508.8710025494,0.2646854604601074,34962.888978701834,0.009555068255352,2051089.2306883396,0.5605457148859523,1696.1004546761287,0.0004635302197777,28474.749397037194,0.0077819133941841,3687.648788377135,0.0010078039001918,0.991210282705624,grid_intersection_approximation,1987-2015
49213747011585,150,3659093.587229813,570674.0979201323,0.1559605088844344,968508.8710025494,0.2646854604601074,34962.888978701834,0.009555068255352,2051089.2306883396,0.5605457148859523,1696.1004546761287,0.0004635302197777,28474.749397037194,0.0077819133941841,3687.648788377135,0.0010078039001918,0.991210282705624,grid_intersection_approximation,1987-2015
49213747011828,150,3368782.793534827,501172.1414951233,0.1487695028771056,793656.054446197,0.2355913405783643,36951.2841187426,0.0109687345202716,2000673.741928659,0.5938862386047079,2080.4936884982662,0.0006175802407002,30324.47901745248,0.0090016130086063,3924.598840154483,0.0011649901702437,0.9898333968211498,grid_intersection_approximation,1987-2015
49213747012980,150,3738506.1627827873,675885.2510212419,0.1807901930856096,1103570.095094844,0.2951901232853372,27333.365260776445,0.0073113067280409,1907313.979199617,0.5101807770673548,688.614051140741,0.0001841949755214,20860.23381214165,0.0055798313293709,2854.624343025945,0.000763573528765,0.993656595141864,grid_intersection_approximation,1987-2015
49605157000210,150,880171.6313887282,106472.1575971697,0.1209674952022467,249190.1685259021,0.2831154284451678,4713.255504662487,0.0053549277624705,508728.1165416303,0.5779874042735994,3602.995001836532,0.0040935141208218,6315.484344486871,0.0071752873181362,1149.4538730401357,0.0013059428775573,0.9915187698043064,grid_intersection_approximation,1987-2015
49972326000170,150,3706606.3213183302,960826.4526650952,0.2592199897623218,795217.8622591315,0.2145406858250584,28937.623882717773,0.0078070400183274,1905772.5598113053,0.5141556438973207,277.8550410143773,7.496211275967188e-05,13314.807962378258,0.0035921829318098,2259.1596966878383,0.0006094954524019,0.9957983216157882,grid_intersection_approximation,1987-2015
49972326003861,150,585903.3692290743,140964.45153008882,0.2405933451373874,188063.84734643568,0.320980996565847,0.8926706580265266,1.5235800046705545e-06,255994.79520597347,0.436923234530651,11.050663536803013,1.886089774725713e-05,768.8244207078114,0.001312203446994,99.50739167372892,0.0001698358413686,0.9985179607116372,grid_intersection_approximation,1987-2015
49976251000103,150,3205741.427376833,810527.0145202623,0.2528360545858165,370383.7094859898,0.1155376120865319,43807.2659252723,0.0136652524595904,1947273.4080845197,0.607433085979713,4434.542079639601,0.0013833124661174,25737.898721883124,0.0080286883096943,3577.5885592663763,0.0011159941125363,0.9908553175777692,grid_intersection_approximation,1987-2015
50227255000160,150,2331830.0194379585,632183.9523537336,0.2711106500404815,798593.6969642509,0.3424750905114156,13163.413582307478,0.0056450999740882,883702.5753033047,0.3789738394037417,650.0506731753921,0.0002787727526263,2610.547409950552,0.001119527318968,925.7831512356385,0.0003970199986784,0.9984834526823534,grid_intersection_approximation,1987-2015
50376938000189,150,3380586.871524277,597034.795629308,0.1766068491415841,657125.7409135913,0.1943821489838831,40387.4659360273,0.0119468800746472,2048108.6424342704,0.6058441094018673,3085.6526107240998,0.0009127564911038,30690.739535972876,0.0090785241445769,4153.834464383065,0.0012287317623375,0.9896927440930856,grid_intersection_approximation,1987-2015
50376938000936,150,2102520.3691599783,978551.727319334,0.4654184290781903,166126.46287416577,0.0790130099621999,3977.088283062597,0.0018915813332412,949460.273043536,0.4515819618065695,154.89973754589175,7.367335880212137e-05,2918.1015050004344,0.0013879064135613,1331.816397333734,0.0006334380474353,0.9979786555390032,grid_intersection_approximation,1987-2015
51466860000156,150,3233024.620197789,508428.8848369177,0.1572610618739467,664052.601740105,0.2053967042476403,38568.95689432637,0.0119296823950467,1984008.822272424,0.6136695680811262,2839.1468783640257,0.0008781705096295,30968.692531940203,0.0095788607171341,4157.515043711524,0.0012859521754762,0.9891351871073896,grid_intersection_approximation,1987-2015
51466860002957,150,1258955.7594129385,186774.0493286133,0.1483563246223263,132783.15940960767,0.105470870137268,15460.405602297278,0.0122803406606651,900230.1600948613,0.7150609966744551,3963.40506672921,0.0031481686604915,16685.69116672457,0.0132535961188225,3058.8887441051006,0.0024297031259712,0.9843167007552062,grid_intersection_approximation,1987-2015
51466860005034,150,2589223.885364872,390696.9990132483,0.1508934786294818,367880.34828318655,0.1420813203379456,33415.07710013787,0.0129054413907621,1757163.279245977,0.6786447820051523,4795.665415450453,0.001852163284356,30790.76774343665,0.0118918908161924,4481.74856343514,0.0017309235361095,0.986377185647698,grid_intersection_approximation,1987-2015
51466860006278,150,1340502.4633509305,237573.08517699284,0.1772268919097081,615401.0635698318,0.4590823817148972,17.13286173172997,1.2780925212850398e-05,482571.3600435261,0.3599928931403938,39.76763382808009,2.966621465854727e-05,2295.941159259337,0.0017127466916547,2604.112905760277,0.0019426394034745,0.9963446139048704,grid_intersection_approximation,1987-2015
51843514000140,150,4069057.82827232,920920.4761486698,0.2263227791332922,829123.976308827,0.2037631341948425,41025.77381605416,0.0100823766944283,2245436.2031425736,0.551831971406502,1974.8557723099516,0.0004853348995407,26780.297534862188,0.0065814492359359,3796.2455490225816,0.0009329544354582,0.9924855963286058,grid_intersection_approximation,1987-2015
51843514009600,150,3887153.423072911,1404852.2917085525,0.3614090154944218,375393.07956525066,0.0965727458394197,36014.33081985996,0.0092649625317308,2056035.84240769,0.5289309730363904,813.6332603360502,0.0002093133899749,11389.914562489475,0.0029301427864623,2654.3307487322645,0.0006828469216,0.9963870102919375,grid_intersection_approximation,1987-2015
51990778000126,150,3490761.491365341,506931.3629508732,0.145220853445532,1088504.5959288548,0.31182439665997,28233.710842283926,0.0080881237266201,1838175.4943527333,0.5265829530031191,1208.1020342590148,0.0003460855281139,24441.39285976382,0.007001736704218,3266.832396573394,0.0009358509324266,0.9920624123633554,grid_intersection_approximation,1987-2015
53009825000133,150,3123246.367827533,361239.1819851808,0.1156614430761193,1059389.1929891473,0.339194885136787,25611.120082387613,0.0082001600469969,1646202.6565035137,0.5270806278560018,1371.4811550922338,0.0004391203874339,26048.205318388624,0.0083401058548279,3384.5297938227773,0.0010836576418327,0.9905762365033391,grid_intersection_approximation,1987-2015
53172300000114,150,3530336.044407118,1033301.3147525708,0.2926920558708746,413931.8639639144,0.1172499894506302,42664.341708091146,0.0120850653227987,2014060.5517692424,0.5705010872718442,2716.165225212726,0.0007693786628374,20495.57207934966,0.0058055584005436,3166.234908736451,0.0008968650204709,0.9932975765789854,grid_intersection_approximation,1987-2015
53408860000125,150,1807158.8278137308,380692.9641508398,0.2106582765674201,595322.4814981213,0.3294245488197249,10468.53327049,0.0057928130662176,809591.1076293861,0.4479911201877122,3392.018507086289,0.0018769897005621,6509.904921716515,0.0036022870937094,1181.8178360909835,0.0006539645646535,0.9957437483416371,grid_intersection_approximation,1987-2015
53811006000105,150,3693114.6235997225,610524.517780412,0.1653142618100833,892331.1944459339,0.2416202272043666,36900.4028556573,0.009991675487096,2118267.047429467,0.5735719746940232,1878.7532681803664,0.0005087178329572,29366.11765616586,0.0079515857613816,3846.590163905959,0.0010415572100918,0.9910068570285264,grid_intersection_approximation,1987-2015
53811006000296,150,2000638.36505023,952137.418497224,0.4759168049210726,184719.2965824226,0.0923301781118172,4104.113884300826,0.0020514021704256,855306.6212406324,0.4275168547111003,162.5650448092143,8.125658672207497e-05,2855.8423576398272,0.0014274655567589,1352.5074432012168,0.0006760379421031,0.997896496501138,grid_intersection_approximation,1987-2015
54470679000101,150,2694107.0555724152,276526.93720287667,0.1026414064099331,887899.6987683225,0.3295710528398697,22383.651214119905,0.0083083748167401,1475709.4694209248,0.5477545765557493,1589.5369222114653,0.0005900051072297,26785.681105687112,0.0099423224664678,3212.0809382726443,0.0011922618040099,0.988865415729522,grid_intersection_approximation,1987-2015
54844360000107,150,1643952.2785351377,228250.172588454,0.1388423347615898,193726.00882303208,0.1178416255462438,18728.26433339684,0.0113922189700572,1172566.750644581,0.7132608202528907,3733.412311198789,0.002270997984519,23157.57324829043,0.0140865240132914,3790.09658618479,0.0023054784714079,0.9836079975153008,grid_intersection_approximation,1987-2015
54846951000105,150,1687123.5550820527,220957.91204907003,0.1309672379260473,233939.1825648404,0.1386615591135308,18736.695612657084,0.0111057044732837,1182753.808823398,0.7010475345807589,3076.594482228794,0.0018235739006555,23946.975366008573,0.0141939665852415,3712.386183849697,0.0022004234204821,0.9836056099942764,grid_intersection_approximation,1987-2015
55090971000161,150,3459985.742649295,1093427.1101912686,0.3160206982107494,410073.86844983767,0.1185189474612823,36527.62902815289,0.0105571617182976,1899336.3869450684,0.5489434142843477,2729.915209321438,0.0007889960862183,15082.333302683335,0.0043590738299212,2808.499522962421,0.0008117084091832,0.9948292177608954,grid_intersection_approximation,1987-2015
55109474000168,150,3361720.893939179,476499.4771813976,0.1417427241031446,848748.577923235,0.252474433393158,35577.579258715334,0.0105831448776303,1965333.3862918592,0.5846212247528175,1908.7922410747049,0.000567802117218,29857.51638757642,0.0088816166866816,3795.564655320557,0.0011290540693498,0.9899893292439684,grid_intersection_approximation,1987-2015
55109565000101,150,3307913.94617437,457081.7548090218,0.1381782483603119,840604.6909586983,0.2541192741518758,35345.42293311355,0.0106851095609638,1939377.5023324469,0.5862841458059551,1907.832842474615,0.000576748027161,29824.94957414269,0.009016241068978,3771.792724472408,0.001140233024754,0.989843525906268,grid_intersection_approximation,1987-2015
56723257000207,150,1546669.8616567212,278171.9245300503,0.1798521658863161,346258.72636574187,0.2238737140677491,13979.00755933868,0.0090381327689187,890567.2207453044,0.5757965825954415,4364.846740906041,0.002822093356258,11242.291963762696,0.0072687082372707,2085.84375161712,0.0013486030880454,0.9913826886746836,grid_intersection_approximation,1987-2015
60329174000124,150,1692378.8684069128,297212.6336522906,0.1756182608992665,224450.938942184,0.1326245222817432,18258.62058491706,0.010788731132116,1129136.3777448733,0.6671888894522556,4814.734311165603,0.0028449506201279,15400.547005036511,0.0090999404994541,3105.0161664455195,0.0018347051150363,0.9890653543855094,grid_intersection_approximation,1987-2015
60855574000335,150,1944334.384882738,390518.4766831511,0.2008494422150041,278559.24148650456,0.1432671476945074,21423.101820261345,0.0110182188757379,1230389.645980921,0.6328076361490287,4777.492144276211,0.0024571350388191,15697.502150787084,0.0080734580804802,2968.9246168367004,0.0015269619464224,0.9903995799730974,grid_intersection_approximation,1987-2015
60855574000416,150,1804042.824373669,341562.4948396628,0.1893317000156285,279507.0360028388,0.1549337034722989,19134.13210408416,0.0106062516064313,1141601.03356614,0.6328015156527579,4729.919169994213,0.0026218441747004,14642.129775386862,0.0081162872508142,2866.0789155621737,0.0015886978273684,0.9902950149218172,grid_intersection_approximation,1987-2015
60855574001307,150,2955737.597436109,1030234.5606263625,0.3485541346836801,770558.9176275567,0.2606993659707686,15993.246101166256,0.0054109154056974,1133597.816342763,0.3835245108787998,519.5699828209705,0.0001757835280343,3169.635204889245,0.0010723669136389,1663.851550550568,0.0005629226193806,0.9983647104669804,grid_intersection_approximation,1987-2015
61082962000393,150,1522747.9988561266,340065.5874585151,0.2233236147504176,644026.7320777826,0.4229371718508704,13868.692568697,0.0091076741385409,523758.6120888929,0.343956197927914,60.02685431629176,3.942008419080725e-05,754.3236409569128,0.0004953699768599,214.0241669657604,0.000140551271206,0.999364078751934,grid_intersection_approximation,1987-2015
61082962000474,150,1836427.2176734488,542217.0189052116,0.2952564706550913,577691.3806924282,0.314573523596704,14116.739155624202,0.0076870670505028,700192.1755493,0.3812795676358829,64.83066502024776,3.530260518703327e-05,1939.764108977636,0.0010562706162867,205.30859688703032,0.0001117978403451,0.998831931543368,grid_intersection_approximation,1987-2015
61231478000206,150,1653320.2460187648,309793.3866587379,0.1873765154722612,620178.7115105703,0.3751110609115056,7951.941981244802,0.0048096803994224,707083.1137878943,0.4276746235283621,2534.9693605522666,0.0015332597339544,4881.904131364182,0.0029527879690095,896.2185884010381,0.0005420719854844,0.996505140045506,grid_intersection_approximation,1987-2015
68316801000102,150,3374754.970618417,1480316.290758365,0.4386440804284823,427604.825728683,0.1267069252291005,13301.38731522205,0.003941437950615,1447516.1069860351,0.4289248018266585,362.5689595983387,0.0001074356398479,3804.725540459841,0.001127407937342,1849.065330053238,0.0005479109879537,0.9983246810747044,grid_intersection_approximation,1987-2015
68316801002571,150,3374754.970618417,1480316.290758365,0.4386440804284823,427604.825728683,0.1267069252291005,13301.38731522205,0.003941437950615,1447516.1069860351,0.4289248018266585,362.5689595983387,0.0001074356398479,3804.725540459841,0.001127407937342,1849.065330053238,0.0005479109879537,0.9983246810747044,grid_intersection_approximation,1987-2015
71304687000105,150,2520930.1921297438,285510.8004164087,0.1132561311327713,601453.8389051307,0.2385840912147622,27346.88379534487,0.0108479337828238,1571790.4494901015,0.6234962215126689,2093.8840410482394,0.0008305997713007,29213.587800222,0.0115884160106558,3520.747681487004,0.0013966065750168,0.9870149774143272,grid_intersection_approximation,1987-2015
71304687001845,150,2644835.0419769366,272481.77435184334,0.1030241092647393,1045383.5696452246,0.3952547334913678,16981.960193553103,0.0064208012688986,1283930.762358975,0.4854483330647623,1026.0286970062348,0.0003879367449091,22319.974820338688,0.0084390801188323,2710.971909996241,0.0010250060464904,0.9905359138346772,grid_intersection_approximation,1987-2015
71304687002817,150,2275215.0672816527,1071631.3094922109,0.4710022032214117,215515.56637813253,0.0947231624286063,5618.934951658704,0.0024696280507547,977869.6028411606,0.4297921620260211,177.3529829171563,7.79499861211149e-05,2963.8278342396056,0.0013026583187059,1438.4728013331196,0.0006322359683789,0.9980651057129152,grid_intersection_approximation,1987-2015
71321566000163,150,3324246.2275335933,478094.5265210216,0.1438204313991931,802217.5003277061,0.2413231287391449,36350.65851431714,0.0109350078262064,1971546.0085767184,0.5930806184713628,2021.335871908237,0.0006080584089007,30154.05608852697,0.0090709454187753,3862.1416333951406,0.0011618097364167,0.989767244844808,grid_intersection_approximation,1987-2015
71324784000151,150,3182949.716021396,435269.44528364926,0.1367503366744117,763137.4757440612,0.2397579427355714,35757.01748628191,0.011233924716529,1912754.0736944776,0.6009375718587758,2051.509211564929,0.0006445308266224,30150.62064975607,0.0094725406744544,3829.573951605064,0.001203152513635,0.9893243068119104,grid_intersection_approximation,1987-2015
71324792000440,150,3371098.141397748,520533.38318235206,0.1544106286287248,758373.8854329655,0.2249634551186704,37790.003774434255,0.011209998104287,2017514.9255726808,0.5984740998184542,2235.0342271656077,0.0006629988607329,30635.547303994303,0.0090877055543959,4015.361904154725,0.0011911139147345,0.9897211805308694,grid_intersection_approximation,1987-2015
75084871000130,150,1456573.441029405,262008.4020904744,0.1798799804459602,718238.5742530503,0.4931015175901114,11907.516095529689,0.0081750193708834,463319.0545387693,0.3180883582576705,56.54444819670866,3.882018345518299e-05,745.9953025610432,0.0005121576993974,297.3543008236036,0.0002041464525217,0.9992836958480806,grid_intersection_approximation,1987-2015
75177857000180,150,1240909.512123163,204710.56932633396,0.1649681683687633,623276.048743508,0.5022735684224865,11619.520746846105,0.0093637131743517,400603.74387629103,0.3228307462893637,44.654577743657725,3.598536179100999e-05,461.5803274167987,0.0003719693683603,193.3945250236634,0.0001558490148832,0.9994721816167564,grid_intersection_approximation,1987-2015
75444430000100,150,1622045.4529467642,289749.0697399718,0.1786319052980825,647824.8910321766,0.3993876311266588,6710.131970580283,0.0041368335014225,671427.009550035,0.4139384678340893,1826.4726722252783,0.0011260305122196,3759.0173237490553,0.0023174549868008,748.8606580262225,0.0004616767407262,0.9972208682724728,grid_intersection_approximation,1987-2015
75619056000128,150,1817758.871702126,364963.11268114246,0.2007764166978845,727319.1942509528,0.4001186326599525,8536.926954093873,0.0046964023045036,712180.3680615406,0.3917903409238565,1122.5022510074516,0.0006175198858781,2922.9629460649744,0.0016080036750572,713.8045573237484,0.0003926838528673,0.9979993124720752,grid_intersection_approximation,1987-2015
75717355000286,150,2138611.570295909,573019.2741219768,0.2679398550353354,780876.5109057119,0.3651324633943067,15715.976966949598,0.0073486822877214,766177.1209780449,0.3582591301851195,78.20152535070072,3.656649315699735e-05,2239.4258203679374,0.0010471400470624,505.05997750693393,0.0002361625572974,0.99871669739564,grid_intersection_approximation,1987-2015
75717355000367,150,1174717.2366258735,229117.958261924,0.1950409435721032,517808.6986884713,0.4407943312177551,10367.523316044164,0.0088255479640553,416629.99229993374,0.3546640666451913,42.18910642065138,3.591426524210256e-05,661.596491986727,0.000563196377272,89.2784610928506,7.599995838086455e-05,0.999360803664347,grid_intersection_approximation,1987-2015
75717355000448,150,1172580.6984130982,281792.5635681644,0.2403182688829228,415661.0607878578,0.3544839697177252,7611.661399662614,0.0064913753142651,466527.0769631169,0.3978635138668811,38.2714318208624,3.263863363319617e-05,860.7249713919394,0.0007340432710147,89.33929108372634,7.619031355763648e-05,0.9991897664154276,grid_intersection_approximation,1987-2015
75717355000529,150,1810206.6236702844,433013.228883918,0.2392065210798765,741138.6725415963,0.4094221415668564,14370.748047262883,0.007938733545304,620156.8841742884,0.3425890039651326,66.02071836107795,3.647137155382718e-05,1083.4478891154574,0.0005985216687135,377.6214157421624,0.0002086068025629,0.9991928715287234,grid_intersection_approximation,1987-2015
75717355000871,150,1983788.6623704575,564331.4230243433,0.28447154363208,668618.0436613505,0.3370409642640104,14304.404764342917,0.0072106495191127,733921.003233457,0.3699592689255942,73.79244603211136,3.719773554101055e-05,2173.189529419565,0.0010954743167161,366.8057115124104,0.0001849016069454,0.9987196240763384,grid_intersection_approximation,1987-2015
75717355001096,150,1620190.5415425876,392321.9178252637,0.2421455426173103,646277.3993789493,0.3988897495745327,14152.999953173812,0.0087353922827488,566067.5354584246,0.3493833107552092,62.90659173659427,3.882666274344544e-05,1118.0292084664595,0.0006900603230296,189.75312657317224,0.0001171177844258,0.9991928218925444,grid_intersection_approximation,1987-2015
75717355001177,150,1545597.896655373,370955.0335751258,0.2400074653167303,606766.3325272285,0.392577095142438,13577.464289030866,0.0087846032389226,553038.490974075,0.3578152455893176,56.69509580588503,3.668165952384608e-05,1071.0995308335612,0.0006930001219278,132.7806632734634,8.590893113972058e-05,0.9992210909469326,grid_intersection_approximation,1987-2015
78340270000210,150,1776811.3374922485,443328.23746523896,0.2495077716528657,703692.1958890408,0.3960421576790567,14290.653252677886,0.0080428647381591,613717.2433475307,0.3454037186715149,68.5899532356674,3.860283407042737e-05,1391.5302347833658,0.0007831615014047,322.88734974117784,0.0001817229229282,0.9990351155756672,grid_intersection_approximation,1987-2015
