grid_id,grid_area_km2,entry_all__1997,entry_all__1998,entry_all__1999,entry_all__2000,entry_all__2001,entry_productive__1997,entry_productive__1998,entry_productive__1999,entry_productive__2000,entry_productive__2001,exp__1997__00_03,exp__1997__03_06,exp__1997__06_09,exp__1997__09_12,exp__1997__12_20,exp__1997__gt_20,exp__1998__00_03,exp__1998__03_06,exp__1998__06_09,exp__1998__09_12,exp__1998__12_20,exp__1998__gt_20,exp__1999__00_03,exp__1999__03_06,exp__1999__06_09,exp__1999__09_12,exp__1999__12_20,exp__1999__gt_20,exp__2000__00_03,exp__2000__03_06,exp__2000__06_09,exp__2000__09_12,exp__2000__12_20,exp__2000__gt_20,exp__2001__00_03,exp__2001__03_06,exp__2001__06_09,exp__2001__09_12,exp__2001__12_20,exp__2001__gt_20,sel__1997__00_03,sel__1997__03_06,sel__1997__06_09,sel__1997__09_12,sel__1997__12_20,sel__1997__gt_20,sel__1998__00_03,sel__1998__03_06,sel__1998__06_09,sel__1998__09_12,sel__1998__12_20,sel__1998__gt_20,sel__1999__00_03,sel__1999__03_06,sel__1999__06_09,sel__1999__09_12,sel__1999__12_20,sel__1999__gt_20,sel__2000__00_03,sel__2000__03_06,sel__2000__06_09,sel__2000__09_12,sel__2000__12_20,sel__2000__gt_20,sel__2001__00_03,sel__2001__03_06,sel__2001__06_09,sel__2001__09_12,sel__2001__12_20,sel__2001__gt_20
"105,140",73.0836367871529,0.0,0.0,0.0,0.0,0.0,0.0,0.0,0.0,0.0,0.0,71.5396133404152,152.96830623664107,111.44126564848658,86.69764891979742,158.75498563729082,101.58795876783483,65.06520614437028,149.7310926250383,98.4920397459292,89.93498054859684,134.11356213326548,88.72762650789,61.8278819065468,133.5450515083238,95.25488240111109,80.22323862431097,86.36658248807868,62.82908171952939,61.8278819065468,127.07041066207137,92.01767713415856,70.51135913250494,68.14894712766011,56.35451192201352,67.08364528581207,110.88391988791672,81.01087228644128,73.74879804966497,71.38650430043538,44.62403955085605,0.0,0.0,0.0,0.0,0.0,0.0,0.0,0.0,0.0,0.0,0.0,0.0,0.0,0.0,0.0,0.0,0.0,0.0,0.0,0.0,0.0,0.0,0.0,0.0,0.0,0.0,0.0,0.0,0.0,0.0
"100,141",66.3866925942657,0.0,0.0,0.0,0.0,0.0,0.0,0.0,0.0,0.0,0.0,133.15417818929637,468.1487238753075,444.52923030759774,612.1404026882321,1680.5245317206663,2452.221271860833,129.91425518896068,468.1487238753075,441.28932733442275,615.3803328411252,1674.0446985945982,2458.7011483790825,129.91425518896068,469.5971648281695,434.8095068445393,615.3803113834531,1677.2846282706541,2423.0620311381767,129.91425518896068,463.1173445767047,434.8094994535634,602.4206515686185,1667.564868329553,2397.1426838519524,129.91425518896068,459.87742658315915,433.18317777222285,599.1807211773069,1654.6052066073698,2384.182990420098,0.0,0.0,0.0,0.0,0.0,0.0,0.0,0.0,0.0,0.0,0.0,0.0,0.0,0.0,0.0,0.0,0.0,0.0,0.0,0.0,0.0,0.0,0.0,0.0,0.0,0.0,0.0,0.0,0.0,0.0
"101,141",578.0662436058642,0.0,0.0,0.0,0.0,0.0,0.0,0.0,0.0,0.0,0.0,3266.0609159937094,6417.633200079787,7092.658577466479,6473.586571536344,14075.751508519228,9845.7078188223,3283.8602201789035,6476.848364482206,7155.813483179317,6475.198675159379,14094.846798995895,9861.917248985816,3285.4738096676624,6480.81174100614,7184.423863913966,6470.331619933072,14051.700779965347,9783.208447572295,3265.74305601307,6459.733682255652,7141.214634026733,6463.852256968442,13931.829773565369,9677.93587996165,3286.7947815464995,6490.503834413081,7150.932337607589,6505.967296793881,13969.079139649635,9738.61613554861,0.0,0.0,0.0,0.0,0.0,0.0,0.0,0.0,0.0,0.0,0.0,0.0,0.0,0.0,0.0,0.0,0.0,0.0,0.0,0.0,0.0,0.0,0.0,0.0,0.0,0.0,0.0,0.0,0.0,0.0
"102,141",982.0263574565336,0.0,0.0,0.0,0.0,0.0,0.0,0.0,0.0,0.0,0.0,5901.651646583221,14307.228629276799,17096.652550727245,14796.828543954736,18579.393962171966,5619.700996182011,5982.641168325088,14524.277642414616,17370.37937064919,14864.86266795233,18644.97021943447,5637.511502698823,6042.56672909587,14584.193112445344,17526.40092166265,14828.02747663797,18664.261639558565,5632.128415832332,6091.161877420836,14779.814243656981,17749.37575268278,14885.95165398635,18711.781006596135,5573.934770152147,6146.2345757755575,14829.218922499114,17785.010794634913,14953.990977212492,18814.76066601323,5575.141714570102,0.0,0.0,0.0,0.0,0.0,0.0,0.0,0.0,0.0,0.0,0.0,0.0,0.0,0.0,0.0,0.0,0.0,0.0,0.0,0.0,0.0,0.0,0.0,0.0,0.0,0.0,0.0,0.0,0.0,0.0
"103,141",1453.4043743663183,0.0,0.0,0.0,0.0,0.0,0.0,0.0,0.0,0.0,0.0,12755.412092552935,28790.686817112153,21845.24896155713,11788.038087536308,8398.704389771294,1004.3766613156188,12918.690859017654,29043.696059790775,22171.531774482537,11834.803053828782,8444.958369714139,1014.094165578543,13020.526143248877,29304.183442481357,22428.413088381523,11941.580020397785,8529.16779015672,994.2916616972756,13004.336596902212,29477.625292254423,22535.58636172706,11957.089631635068,8563.168659371022,994.2913226660561,13191.261744413188,29742.37604337112,22754.533205540043,12099.250605998319,8639.615065359601,1016.9627239283394,0.0,0.0,0.0,0.0,0.0,0.0,0.0,0.0,0.0,0.0,0.0,0.0,0.0,0.0,0.0,0.0,0.0,0.0,0.0,0.0,0.0,0.0,0.0,0.0,0.0,0.0,0.0,0.0,0.0,0.0
"104,141",2205.7437286092463,0.0,0.0,0.0,0.0,0.0,0.0,0.0,0.0,0.0,0.0,15577.462636773726,28489.437258012622,20121.772952209736,11467.168452505039,9786.55291076735,3003.5752840388054,15697.27272636189,28730.962390329325,20305.077791471107,11596.23751923337,9942.690521935856,2969.584661742753,15815.999207799576,28801.10818170099,20466.95761877509,11705.629968382333,10015.920184412189,2974.432095197603,15875.360684856714,29097.664659193448,20732.111221568728,11893.424151558971,10224.7524084755,2915.072097089244,15939.41315409249,29341.664834194562,21013.459554322566,12192.585807127112,10583.277606634063,3094.7648943527074,0.0,0.0,0.0,0.0,0.0,0.0,0.0,0.0,0.0,0.0,0.0,0.0,0.0,0.0,0.0,0.0,0.0,0.0,0.0,0.0,0.0,0.0,0.0,0.0,0.0,0.0,0.0,0.0,0.0,0.0
"105,141",1503.226002040825,0.0,0.0,0.0,0.0,0.0,0.0,0.0,0.0,0.0,0.0,4456.298903291366,5877.538800598593,5233.224395304099,4656.519925905677,7934.852827944476,4523.660884280298,4449.5429297063865,5934.195301156886,5320.185573590969,4749.455868873409,8068.6595466772715,4559.34511516328,4505.674566929013,5870.578302630258,5352.207599169599,4825.640360149682,8166.019359206219,4512.229324333341,4413.949870245129,5712.005493379108,5337.90600991623,4747.16735568888,7892.634258054284,4186.666579340953,4415.71759799228,5727.156116827797,5394.440650393914,4743.27492521604,7902.432061200984,4110.568756057701,0.0,0.0,0.0,0.0,0.0,0.0,0.0,0.0,0.0,0.0,0.0,0.0,0.0,0.0,0.0,0.0,0.0,0.0,0.0,0.0,0.0,0.0,0.0,0.0,0.0,0.0,0.0,0.0,0.0,0.0
"106,141",215.08809679289737,0.0,0.0,0.0,0.0,0.0,0.0,0.0,0.0,0.0,0.0,5019.7576280603225,3537.1024591614214,2157.3848989813932,876.1279154758828,365.51202631370694,42.05935565537097,5093.287155522552,3601.8236052681414,2180.0368505328306,896.7115140999065,378.45648074524075,42.05935565537097,5089.886798761405,3634.185174195907,2217.9699732556064,908.0319219121745,370.35987003083324,45.29567328995349,5107.271744987076,3684.348663464715,2256.7897994948366,886.0516609865076,346.2199566205343,35.58666793411853,5127.2170857092915,3705.9327694247754,2238.8182969299014,887.6615882929634,336.52366459042423,29.11408034866931,0.0,0.0,0.0,0.0,0.0,0.0,0.0,0.0,0.0,0.0,0.0,0.0,0.0,0.0,0.0,0.0,0.0,0.0,0.0,0.0,0.0,0.0,0.0,0.0,0.0,0.0,0.0,0.0,0.0,0.0
"108,141",96.10327355010156,0.0,0.0,0.0,0.0,0.0,0.0,0.0,0.0,0.0,0.0,463.735113401039,898.7032713132746,763.5081528738433,421.52417306900026,259.6513562754089,29.076462312773163,462.1254990540299,875.4072491477517,774.8149532224618,414.5788505825342,261.6413869119158,25.844366832807953,455.6609449826035,885.1034130404977,773.2556386003307,424.2755227836908,248.7125035977831,25.844366832807953,471.8218071900162,881.873754675248,774.8784469557743,417.10055975446517,255.1771430230608,22.612150713041718,481.518027826384,875.4092985938577,755.485599894617,433.26221184263045,262.8834894255096,22.612270637587006,0.0,0.0,0.0,0.0,0.0,0.0,0.0,0.0,0.0,0.0,0.0,0.0,0.0,0.0,0.0,0.0,0.0,0.0,0.0,0.0,0.0,0.0,0.0,0.0,0.0,0.0,0.0,0.0,0.0,0.0
"109,141",29.391816529405492,0.0,0.0,0.0,0.0,0.0,0.0,0.0,0.0,0.0,0.0,123.75935950372732,289.1640217855865,333.64547586628044,258.47534434281147,140.56114718680288,9.695098161697388,133.45478930566824,279.88677341143296,327.6254122042189,258.47531811676777,135.70726053948496,9.695098161697388,130.22304883096731,279.96329645175564,324.81175750377133,271.4025990196303,132.4756049417982,9.695098161697388,130.22315325830496,286.42695907611477,331.2754468310113,262.4170281438267,129.52268443762088,9.695098161697388,130.22315325830496,289.4941268649756,343.78451154465773,268.88065238279455,134.3766156692131,9.695098161697388,0.0,0.0,0.0,0.0,0.0,0.0,0.0,0.0,0.0,0.0,0.0,0.0,0.0,0.0,0.0,0.0,0.0,0.0,0.0,0.0,0.0,0.0,0.0,0.0,0.0,0.0,0.0,0.0,0.0,0.0
"100,142",1338.9962657464637,0.0,0.0,0.0,0.0,0.0,0.0,0.0,0.0,0.0,0.0,7371.186647387112,19117.60017909349,21711.94821341645,15311.935061901691,28383.50465726946,15381.28921397153,7371.186814756955,19083.752453539415,21705.239767859024,15276.296170920017,28273.512648092532,15326.210080699359,7322.130455519172,19028.672977421327,21587.623454377226,15132.544169122099,27940.928565544236,15140.720448957703,7351.2898993744575,19009.259141674225,21529.304928824477,15074.606405697617,27827.530300659288,15132.792371574104,7364.2499282612525,19057.947221090275,21532.303656645377,15100.144344979642,27854.26255421638,15233.229515615165,0.0,0.0,0.0,0.0,0.0,0.0,0.0,0.0,0.0,0.0,0.0,0.0,0.0,0.0,0.0,0.0,0.0,0.0,0.0,0.0,0.0,0.0,0.0,0.0,0.0,0.0,0.0,0.0,0.0,0.0
"101,142",2504.6089561232607,0.0,0.0,0.0,0.0,0.0,0.0,0.0,0.0,0.0,0.0,10926.641317056208,27706.83410373856,34304.82272342421,28386.32958735859,57317.624975647646,36715.70374038921,10892.605343684028,27690.417464738734,34281.06386689954,28368.50327116275,57135.42064982021,36662.79865524349,10822.943769283856,27510.05657988436,34024.23032982584,28116.3443977356,56276.70404591186,36216.26711283666,10689.01116461193,27438.50508467824,33861.69970181877,27928.188774776463,55971.672177620494,36153.996673960784,10700.34334644991,27523.540371453528,33890.8591950267,27958.15984536059,56028.36433182885,36383.52835702148,0.0,0.0,0.0,0.0,0.0,0.0,0.0,0.0,0.0,0.0,0.0,0.0,0.0,0.0,0.0,0.0,0.0,0.0,0.0,0.0,0.0,0.0,0.0,0.0,0.0,0.0,0.0,0.0,0.0,0.0
"102,142",2504.3014825435944,0.0,0.0,0.0,0.0,0.0,0.0,0.0,0.0,0.0,0.0,14101.213572760189,33117.653977433365,44322.05236214188,40947.17604204253,54223.24117619103,22276.766517391392,14155.928137893301,33237.51024917714,44379.462044440064,41031.39676100319,54270.17867056248,22360.793757507847,14112.901332599975,33147.79867945185,44341.20641517545,40927.6512684046,54045.22551680827,22165.896043311852,14015.733879355823,32985.639604661046,44186.25252685453,40785.36546297448,53641.62609699849,21822.990878970948,14130.183168394424,33054.48286545978,44179.77650961782,40782.141023726566,53553.2710645442,21694.764948019325,0.0,0.0,0.0,0.0,0.0,0.0,0.0,0.0,0.0,0.0,0.0,0.0,0.0,0.0,0.0,0.0,0.0,0.0,0.0,0.0,0.0,0.0,0.0,0.0,0.0,0.0,0.0,0.0,0.0,0.0
"103,142",2503.8403957275705,0.0,0.0,0.0,0.0,0.0,0.0,0.0,0.0,0.0,0.0,15068.558147227533,36097.002847533135,31104.2990317167,25412.384863416817,36320.48294655295,18972.659833075017,15193.954603716906,36227.5170024236,31196.861309908883,25489.758341701352,36127.77605934704,18894.57810582647,15348.701979632471,36655.39253734046,31448.31693910524,25677.94548244102,36239.06066343176,18748.03352668706,15361.293764982973,36895.144166424696,31511.45917423192,25756.930173784138,36185.60613051021,18344.002238232482,15326.210196653068,37008.13310734992,31509.80701224757,25694.131430407127,36160.944376179745,18112.80200802672,0.0,0.0,0.0,0.0,0.0,0.0,0.0,0.0,0.0,0.0,0.0,0.0,0.0,0.0,0.0,0.0,0.0,0.0,0.0,0.0,0.0,0.0,0.0,0.0,0.0,0.0,0.0,0.0,0.0,0.0
"104,142",2503.2258438713516,0.0,0.0,0.0,0.0,0.0,0.0,0.0,0.0,0.0,0.0,15158.17232465183,18577.16287239019,7860.945329894271,4089.29335623068,10351.68041611372,27478.597485000013,15290.569017038159,18795.544378340477,8031.029147304273,4133.896195749208,10526.527859217511,27746.78777225813,15475.93834683568,19128.778075722148,8347.246578574648,4352.993110437954,11026.239951165515,28280.467884189944,15572.081344974742,19393.832684799265,8495.097385357876,4388.963776420144,10891.849351608986,27189.62230434792,15563.177251955107,19488.90200604831,8592.23775620367,4494.913920150084,11058.236951741987,27508.18082557005,0.0,0.0,0.0,0.0,0.0,0.0,0.0,0.0,0.0,0.0,0.0,0.0,0.0,0.0,0.0,0.0,0.0,0.0,0.0,0.0,0.0,0.0,0.0,0.0,0.0,0.0,0.0,0.0,0.0,0.0
"105,142",2502.4580244555964,0.0,0.0,0.0,0.0,0.0,0.0,0.0,0.0,0.0,0.0,5217.395543895048,7546.585277392817,8421.31077097818,9989.660671705358,24512.81241374109,21487.7915328138,5218.210847489039,7642.080201918471,8576.49920112666,10090.264622409672,24709.663271762805,21537.831398427254,5277.290590186212,7817.765519263698,8901.270704150667,10374.765844257205,25749.535710434815,22507.89380182285,5131.633272786234,7785.214651445314,8677.355722167444,9980.484584475498,24466.232736101334,20944.146938655893,5096.032582659815,7697.455043516908,8534.313605416055,9883.931066961848,24100.64267651988,20265.346723056304,0.0,0.0,0.0,0.0,0.0,0.0,0.0,0.0,0.0,0.0,0.0,0.0,0.0,0.0,0.0,0.0,0.0,0.0,0.0,0.0,0.0,0.0,0.0,0.0,0.0,0.0,0.0,0.0,0.0,0.0
"106,142",2269.9620142626172,0.0,0.0,0.0,0.0,0.0,0.0,0.0,0.0,0.0,0.0,19459.51240087023,29311.883502842396,24711.73921240545,13814.67169510991,10167.290602040757,3250.1759369363976,19710.052478818332,29556.74559823672,24841.022477182687,13852.774238211501,10181.680474170984,3131.8848918568856,20168.057419132718,29797.131712377766,24761.610805954653,13804.059447339001,10139.434942578335,3046.128206797207,21066.4988105082,30655.664116540607,25240.799929656238,13874.543622970581,10164.33037981426,2939.3355990129357,21616.830075834314,31329.86718984772,25716.820890449075,13956.21947987781,10149.595692727144,2836.4134533760594,0.0,0.0,0.0,0.0,0.0,0.0,0.0,0.0,0.0,0.0,0.0,0.0,0.0,0.0,0.0,0.0,0.0,0.0,0.0,0.0,0.0,0.0,0.0,0.0,0.0,0.0,0.0,0.0,0.0,0.0
"107,142",1924.7664607628246,0.0,0.0,0.0,0.0,0.0,0.0,0.0,0.0,0.0,0.0,20496.37638746991,26747.913542119197,23529.019908132737,12717.585105448143,9453.704082183276,716.4948363023645,21147.371247297175,26874.595545419055,23448.17789607609,12745.14526900497,9456.893938427345,732.6633443551905,22233.14193745314,27373.3374670571,23964.01910560271,13020.881991498609,9579.83030349133,761.7692534643061,23376.168302052632,28160.89726742296,24426.551019526458,13146.129705443102,9608.938654483532,787.6422304826624,23630.518993080368,28233.773408778507,24391.075386422286,13149.374327673631,9579.880760925891,768.238709898556,0.0,0.0,0.0,0.0,0.0,0.0,0.0,0.0,0.0,0.0,0.0,0.0,0.0,0.0,0.0,0.0,0.0,0.0,0.0,0.0,0.0,0.0,0.0,0.0,0.0,0.0,0.0,0.0,0.0,0.0
"108,142",2235.968067379422,0.0,0.0,0.0,0.0,0.0,0.0,0.0,0.0,0.0,0.0,14729.891106729881,33330.44824754397,29819.78578137791,17115.322218417183,11861.064799464917,1259.2761602364335,14776.326693440418,33522.00909981447,29794.790548817316,17050.645005820777,11838.483351790672,1252.8112053833756,14541.984153125799,33358.621967436295,29580.80739564896,16934.281112788703,11828.748544610715,1256.0465621910844,14580.695439992232,33222.96569254726,29549.179840803146,16817.905001519706,11718.807753003812,1246.347453590468,14597.106115562778,33287.822154507914,29503.165992375914,16813.060324287413,11663.14850617764,1217.258841272429,0.0,0.0,0.0,0.0,0.0,0.0,0.0,0.0,0.0,0.0,0.0,0.0,0.0,0.0,0.0,0.0,0.0,0.0,0.0,0.0,0.0,0.0,0.0,0.0,0.0,0.0,0.0,0.0,0.0,0.0
"109,142",2176.3501462020963,0.0,0.0,0.0,0.0,0.0,0.0,0.0,0.0,0.0,0.0,18417.798139437506,29912.216854530223,24915.483490257633,14267.997006497664,10999.857897878162,1443.9531702967251,18168.60958952156,29838.650304565243,24928.300060249774,14205.874911290524,10930.558715674459,1443.949554202136,17948.203568366927,29909.040276546104,24955.949364221797,14233.131111562017,10892.602146135592,1410.8291660664129,17697.92260568843,30025.456473213086,25172.83095073139,14398.522940129858,10955.022635795556,1420.5210756180334,17190.404563576565,29807.76851114105,25006.340367101217,14262.805657834631,10912.172811069675,1397.8977297661352,0.0,0.0,0.0,0.0,0.0,0.0,0.0,0.0,0.0,0.0,0.0,0.0,0.0,0.0,0.0,0.0,0.0,0.0,0.0,0.0,0.0,0.0,0.0,0.0,0.0,0.0,0.0,0.0,0.0,0.0
"110,142",1641.0896485326698,0.0,0.0,0.0,0.0,0.0,0.0,0.0,0.0,0.0,0.0,3573.1906967452924,1048.0458350125482,485.1283953526441,480.71512596560467,887.8613773701238,1187.7448773664587,3849.7589234856996,1068.407149328905,488.3547044136945,480.7125963444804,874.941038501029,1129.9759454390583,4032.6820006744533,1099.8819550121532,475.43580273179447,466.4016136823916,860.1874919825909,1117.0549125334796,4207.860323093451,1103.920163750181,491.58385494737064,454.142799913182,852.9206345371172,1117.0666262766895,4326.315343852136,1167.9133587594126,507.7293680050794,460.6003625981948,850.4988337451337,1120.2968830725727,0.0,0.0,0.0,0.0,0.0,0.0,0.0,0.0,0.0,0.0,0.0,0.0,0.0,0.0,0.0,0.0,0.0,0.0,0.0,0.0,0.0,0.0,0.0,0.0,0.0,0.0,0.0,0.0,0.0,0.0
"111,142",111.55304722376802,0.0,0.0,0.0,0.0,0.0,0.0,0.0,0.0,0.0,0.0,270.66727804015665,67.78424787521362,3.2278153896331787,0.0,0.0,0.0,245.97092801449347,64.55664706230164,3.2278153896331787,0.0,0.0,0.0,230.95846674582538,74.24018812179565,3.2278153896331787,0.0,0.0,0.0,240.6421821725135,77.4680507183075,3.2278153896331787,0.0,0.0,0.0,234.18689209339666,74.24020385742188,3.2278153896331787,0.0,0.0,0.0,0.0,0.0,0.0,0.0,0.0,0.0,0.0,0.0,0.0,0.0,0.0,0.0,0.0,0.0,0.0,0.0,0.0,0.0,0.0,0.0,0.0,0.0,0.0,0.0,0.0,0.0,0.0,0.0,0.0,0.0
"98,143",229.62214878921702,0.0,0.0,0.0,0.0,0.0,0.0,0.0,0.0,0.0,0.0,3935.979762349409,4733.753096606684,1150.7302653499678,136.7609365425858,71.21369712025512,22.679171323776245,3756.5158577105576,4537.759577064888,1134.5308777996138,131.10704696131688,64.73391000897277,22.679171323776245,3616.667365270502,4391.964897423164,1097.0881090566222,119.3799275267358,64.73391000897277,16.199400663375854,3443.1369550583413,4192.617091993257,1071.1691003247802,131.5136426046783,64.73390834004272,16.199400663375854,3391.298935687308,4103.50130090807,1038.770247738034,128.27373700889888,58.25413005024779,19.439255952835083,0.0,0.0,0.0,0.0,0.0,0.0,0.0,0.0,0.0,0.0,0.0,0.0,0.0,0.0,0.0,0.0,0.0,0.0,0.0,0.0,0.0,0.0,0.0,0.0,0.0,0.0,0.0,0.0,0.0,0.0
"99,143",1601.5424549207967,0.0,0.0,0.0,0.0,0.0,0.0,0.0,0.0,0.0,0.0,24049.404958486557,46119.30642414093,19761.53077363968,3829.6192932128906,2966.724762916565,568.7903797626495,23984.60634636879,45989.708706617355,19648.13259291649,3839.339371204376,2956.280472278595,584.9903652667999,23936.007127523422,45944.349395275116,19589.81396460533,3845.819381713867,2969.2404866218567,588.230357170105,23845.288669109344,45853.631991147995,19576.13045835495,3832.8594975471497,2984.716201066971,594.710287809372,23751.330424785614,45769.39402937889,19567.13508272171,3839.339495897293,3000.9161665439606,601.1902799606323,0.0,0.0,0.0,0.0,0.0,0.0,0.0,0.0,0.0,0.0,0.0,0.0,0.0,0.0,0.0,0.0,0.0,0.0,0.0,0.0,0.0,0.0,0.0,0.0,0.0,0.0,0.0,0.0,0.0,0.0
"100,143",2322.910120529622,0.0,0.0,0.0,0.0,0.0,0.0,0.0,0.0,0.0,0.0,10577.400426875844,26721.7884912014,28788.314497733583,18202.664757006776,27214.174775948246,9934.371407652836,10506.121234428181,26679.680894643185,28736.47485115575,18137.86543177904,27112.846845378128,9918.171193028431,10530.249446327545,26603.509972019754,28706.501616212438,18080.35955214594,27026.816540784464,9858.87396732779,10463.65908251089,26558.11234079529,28757.273148910674,18109.51875853632,26970.327354985595,9877.971039777642,10468.690464908936,26541.924737160807,28656.11055006233,18086.838875056248,26893.54561439028,9788.701292206257,0.0,0.0,0.0,0.0,0.0,0.0,0.0,0.0,0.0,0.0,0.0,0.0,0.0,0.0,0.0,0.0,0.0,0.0,0.0,0.0,0.0,0.0,0.0,0.0,0.0,0.0,0.0,0.0,0.0,0.0
"101,143",2504.815946949535,0.0,0.0,0.0,0.0,0.0,0.0,0.0,0.0,0.0,0.0,14916.107550092775,27255.155201037727,34580.65267269471,28502.4643139353,52025.903674523026,28716.04443913348,14916.106126495439,27311.297829289535,34645.994264318426,28628.812696169873,52507.26453458748,29099.400835073695,11324.959605644266,26383.97850597513,34027.18972265207,28230.31397027876,51990.69501069947,29116.32870886653,10429.332131099702,26108.34022016058,33820.01878974578,28071.81756173769,51813.53341825616,29053.511577328514,10411.33009428791,26008.720427177468,33805.99153518396,28010.515306508307,51604.382834908545,28990.50698501175,0.0,0.0,0.0,0.0,0.0,0.0,0.0,0.0,0.0,0.0,0.0,0.0,0.0,0.0,0.0,0.0,0.0,0.0,0.0,0.0,0.0,0.0,0.0,0.0,0.0,0.0,0.0,0.0,0.0,0.0
"102,143",2504.508371740456,0.0,0.0,0.0,0.0,0.0,0.0,0.0,0.0,0.0,0.0,8745.278674087338,21104.773358956507,28867.569021447496,25036.980125697453,38379.012639919914,18945.49331719829,8868.372918567471,21469.739132777384,29309.193886979418,25500.20404294332,39286.575724574635,19595.527401836247,9467.641732177548,23079.755797301084,31433.710291046256,27329.24277539627,41158.53980794328,20263.561962611067,9687.912539682202,23680.454162815506,32320.91836022676,28106.043184612307,41892.50813365263,20294.779295030297,9665.237566194348,23776.82185501398,32315.16032648928,28231.299029523245,42062.568498753564,20320.442747240442,0.0,0.0,0.0,0.0,0.0,0.0,0.0,0.0,0.0,0.0,0.0,0.0,0.0,0.0,0.0,0.0,0.0,0.0,0.0,0.0,0.0,0.0,0.0,0.0,0.0,0.0,0.0,0.0,0.0,0.0
"103,143",2504.0471332594875,0.0,0.0,0.0,0.0,0.0,0.0,0.0,0.0,0.0,0.0,8912.718253240399,21889.7034911137,29261.833299511556,28040.561668443675,52145.572339046696,30547.915954957287,9003.40234004002,21919.660492268733,29297.363290196772,28169.755994265684,52317.58262333403,30771.39573809212,9032.906351057689,22045.6149908926,29437.084177245346,28319.44457573984,52841.79243744308,31423.172976375095,8997.27976342837,22114.08078768768,29632.469655612877,28448.09382473441,53010.19859708244,31328.796896281896,9023.184502569835,22175.605870415184,29713.784066175016,28473.992705692966,52961.954914084614,31405.945205203225,0.0,0.0,0.0,0.0,0.0,0.0,0.0,0.0,0.0,0.0,0.0,0.0,0.0,0.0,0.0,0.0,0.0,0.0,0.0,0.0,0.0,0.0,0.0,0.0,0.0,0.0,0.0,0.0,0.0,0.0
"104,143",2503.4323806343814,0.0,0.0,0.0,0.0,0.0,0.0,0.0,0.0,0.0,0.0,35341.97934086276,71674.93561196608,44204.49652945761,16043.603206939324,12549.585167925965,3635.061487534467,35334.42600185824,71861.1164933457,44288.23346778365,16077.418643881294,12675.498917042041,3669.591632225934,35338.6541586932,71988.7424972796,44474.949788536745,16183.920289821252,12782.358315168642,3709.8849174593006,35355.109881140204,72132.5536505428,44624.27510356996,16308.77012583041,12963.688986717485,3720.6835178945576,35396.39148041594,72112.31424351486,44592.98389744852,16321.723186218975,13028.092353896534,3705.57591267567,0.0,0.0,0.0,0.0,0.0,0.0,0.0,0.0,0.0,0.0,0.0,0.0,0.0,0.0,0.0,0.0,0.0,0.0,0.0,0.0,0.0,0.0,0.0,0.0,0.0,0.0,0.0,0.0,0.0,0.0
"105,143",2502.664312582709,0.0,0.0,0.0,0.0,0.0,0.0,0.0,0.0,0.0,0.0,9758.989186216804,15800.159045207265,12541.179170410307,9525.572526064105,15070.858837101507,8930.668592139786,9827.218595819848,15887.552218425039,12658.071717799878,9625.293384880179,15103.680682322558,8769.089509410484,9761.302028340919,15823.707013002097,12563.839368754741,9500.87244179389,14843.684060879315,8381.397559086483,9762.029337565104,15861.992973760533,12659.882195468976,9567.495981002323,14893.859557778227,8319.632755201937,9687.57599679629,15792.58458913448,12654.73059110922,9566.067675550312,14673.769100577223,8172.114725990857,0.0,0.0,0.0,0.0,0.0,0.0,0.0,0.0,0.0,0.0,0.0,0.0,0.0,0.0,0.0,0.0,0.0,0.0,0.0,0.0,0.0,0.0,0.0,0.0,0.0,0.0,0.0,0.0,0.0,0.0
"106,143",2501.7431773094486,0.0,0.0,0.0,0.0,0.0,0.0,0.0,0.0,0.0,0.0,17198.040750043532,37745.376064509976,37517.15243440236,24203.85153172717,24448.96259650249,4723.967887672723,17277.23236543805,37721.98636577924,37538.34953837675,24125.81913565467,24297.215075043136,4656.015353473962,17264.929765846216,37843.425249838365,37591.559491555825,24030.19220730183,24042.674663422153,4574.934194032818,17284.241510594125,37798.12023093654,37504.90890472917,23942.813856227724,23856.715966124622,4384.010385219723,17121.627303981782,37719.293690680526,37407.09117631071,23696.965540366076,23465.875529573474,4174.47412427921,0.0,0.0,0.0,0.0,0.0,0.0,0.0,0.0,0.0,0.0,0.0,0.0,0.0,0.0,0.0,0.0,0.0,0.0,0.0,0.0,0.0,0.0,0.0,0.0,0.0,0.0,0.0,0.0,0.0,0.0
"107,143",2500.6692723783053,0.0,0.0,0.0,0.0,0.0,0.0,0.0,0.0,0.0,0.0,14881.30785314803,34667.14197775429,39393.228731602314,25139.072272413854,20350.457653814206,2070.4107941234815,15144.980951871124,34978.36991850255,39726.362484663616,25423.612058257124,20518.635258132337,2041.3034506881938,15034.208644556531,35037.47718431622,39820.15984079231,25442.188013192725,20525.108359977312,2021.8943000877605,15039.004035723445,35309.98942173509,40246.37671781521,25807.684904214453,20716.667995100397,1976.6128386104808,14564.397559867186,35172.70422877704,40026.36996666122,25680.50219482628,20489.552554585887,1860.1715949619518,0.0,0.0,0.0,0.0,0.0,0.0,0.0,0.0,0.0,0.0,0.0,0.0,0.0,0.0,0.0,0.0,0.0,0.0,0.0,0.0,0.0,0.0,0.0,0.0,0.0,0.0,0.0,0.0,0.0,0.0
"108,143",2499.442944558273,0.0,0.0,0.0,0.0,0.0,0.0,0.0,0.0,0.0,0.0,23352.28445275344,45004.17636589537,36751.45964763772,21934.242327084263,18260.360905996957,5287.442338410547,23411.17380958819,44822.33215939671,36719.85149260877,21863.124302267563,18124.567190996804,5251.882988873651,23217.874188656904,44661.35081032023,36648.735751594286,21801.699819445144,18114.868373266854,5261.578865948846,23256.63475110765,44435.69519472777,36358.603840779324,21594.093429701003,17756.042534939446,4838.117951813866,22837.990104976354,43984.73824458777,36098.44803304112,21327.400477328956,17348.713317982358,4615.796304338119,0.0,0.0,0.0,0.0,0.0,0.0,0.0,0.0,0.0,0.0,0.0,0.0,0.0,0.0,0.0,0.0,0.0,0.0,0.0,0.0,0.0,0.0,0.0,0.0,0.0,0.0,0.0,0.0,0.0,0.0
"109,143",2498.0645896418314,0.0,0.0,0.0,0.0,0.0,0.0,0.0,0.0,0.0,0.0,27759.606924986372,35108.56539612284,25363.07503466513,12820.680617918691,9297.892034737268,2516.220056564667,27328.88590073118,34794.698894689594,25308.242766585074,12709.023958568016,9226.782936064401,2477.4395156215214,26364.667810017454,34158.1778666889,24826.821832384787,12467.304368844689,8949.99604063221,2319.9129883214537,25399.50420076894,33356.30313814108,24387.87686169194,12148.147621511946,8714.892632935094,2245.5894788667265,24148.354075424344,32497.66274975889,23916.84285451384,11983.347089886198,8603.242885908425,2167.3138565689906,0.0,0.0,0.0,0.0,0.0,0.0,0.0,0.0,0.0,0.0,0.0,0.0,0.0,0.0,0.0,0.0,0.0,0.0,0.0,0.0,0.0,0.0,0.0,0.0,0.0,0.0,0.0,0.0,0.0,0.0
"110,143",2376.0183780395473,0.0,0.0,0.0,0.0,0.0,0.0,0.0,0.0,0.0,0.0,8757.022261355905,4958.344064619962,3706.385711101457,3072.7928278259205,4796.232338004954,3272.1124592397728,8885.129716932073,5022.24542739625,3783.894374040529,3129.4920473977636,4829.385529042225,3119.242266560536,8839.920039818335,4997.600345111361,3741.910353092119,3079.61738987343,4716.396243803174,2967.464393044453,8912.305865425222,4976.3420723690715,3726.143404101391,3108.6800140623955,4668.080851609099,2757.5682949075513,8956.434325996099,4965.837231131161,3713.233337735195,3105.4555675272854,4656.165891853969,2680.0610684404187,0.0,0.0,0.0,0.0,0.0,0.0,0.0,0.0,0.0,0.0,0.0,0.0,0.0,0.0,0.0,0.0,0.0,0.0,0.0,0.0,0.0,0.0,0.0,0.0,0.0,0.0,0.0,0.0,0.0,0.0
"111,143",1090.8411039557811,0.0,0.0,0.0,0.0,0.0,0.0,0.0,0.0,0.0,0.0,2066.907674671622,770.8603153920641,260.55988238278564,169.1830595811208,271.75279183200763,181.73822762732414,2122.7738423983255,791.7672005391588,265.8763552637662,172.9167295409184,268.5249692898171,169.94179861779307,2025.9096696077609,766.8106171907164,262.65105042177095,169.68882808217816,257.72774374905754,155.19579678516763,1979.7754334113174,757.8736666819628,248.0435257219801,163.23296985158734,254.5007566255682,156.53714260961496,1943.4894403092999,738.7084463876837,254.4991388582716,163.23296985158734,264.1830505174749,152.41192567582223,0.0,0.0,0.0,0.0,0.0,0.0,0.0,0.0,0.0,0.0,0.0,0.0,0.0,0.0,0.0,0.0,0.0,0.0,0.0,0.0,0.0,0.0,0.0,0.0,0.0,0.0,0.0,0.0,0.0,0.0
"112,143",27.90260224875557,0.0,0.0,0.0,0.0,0.0,0.0,0.0,0.0,0.0,0.0,21.035843747269872,12.24466405288846,15.710418984469246,0.0,2.8461666668162624,6.071805294822244,17.81020511926389,12.24466405288846,15.710418984469246,0.0,2.8461666668162624,6.071805294822244,17.81020511926389,9.019042591020174,12.484806105669808,0.0,2.8461666668162624,6.071805294822244,17.81020511926389,9.019042591020174,15.710418984469246,0.0,2.8461666668162624,6.071805294822244,21.03574933351255,9.019042591020174,15.710418984469246,0.0,2.8461666668162624,6.071805294822244,0.0,0.0,0.0,0.0,0.0,0.0,0.0,0.0,0.0,0.0,0.0,0.0,0.0,0.0,0.0,0.0,0.0,0.0,0.0,0.0,0.0,0.0,0.0,0.0,0.0,0.0,0.0,0.0,0.0,0.0
"99,144",2290.9008678611604,0.0,0.0,0.0,0.0,0.0,0.0,0.0,0.0,0.0,0.0,28565.866105275996,52214.7009405454,26373.918949850868,15267.058697028253,22766.7857250064,9143.099411905514,28429.78724284733,52072.14210074743,26313.17248698777,15206.94716314802,22611.265979418098,9020.703756273495,28346.361386115877,52010.5832332929,26284.013088670432,15255.547126813028,22748.971984022737,9085.503586471783,28236.11415310467,51676.868277724585,26199.686124094795,15284.707349343393,22962.811826103807,9241.023389757382,28268.514553504832,51625.75375169118,26177.00691700823,15310.627332253549,23030.851786488176,9289.623392999874,0.0,0.0,0.0,0.0,0.0,0.0,0.0,0.0,0.0,0.0,0.0,0.0,0.0,0.0,0.0,0.0,0.0,0.0,0.0,0.0,0.0,0.0,0.0,0.0,0.0,0.0,0.0,0.0,0.0,0.0
"100,144",2505.1742034292365,0.0,0.0,0.0,0.0,0.0,0.0,0.0,0.0,0.0,0.0,14725.381393532662,40574.50437191047,44579.18901290519,29326.523791918098,34515.29763751871,8437.18464500016,14631.892772874648,40478.068696149196,44502.4075759897,29231.11591208869,34374.53042305778,8368.420361581504,14593.013673982436,40479.51739268677,44473.248350525835,29208.43593276435,34334.202292411464,8331.33238830099,14642.68074969217,40591.125981068144,44628.042820836046,29292.67514193946,34504.94304808448,8354.013221402263,14646.733985118306,40626.041295027266,44618.324195052126,29269.99550808364,34456.34463998664,8389.652847428417,0.0,0.0,0.0,0.0,0.0,0.0,0.0,0.0,0.0,0.0,0.0,0.0,0.0,0.0,0.0,0.0,0.0,0.0,0.0,0.0,0.0,0.0,0.0,0.0,0.0,0.0,0.0,0.0,0.0,0.0
"101,144",2505.0203406141345,0.0,0.0,0.0,0.0,0.0,0.0,0.0,0.0,0.0,0.0,12020.671516147315,35848.84213360712,49185.45527506436,34793.17966660051,35361.308195972444,15462.217867266896,11949.763081044777,35731.50765261557,49047.574526790544,34729.44894439193,35279.02700831844,15641.47031556765,11887.13973425884,35749.508550740225,49083.21071911232,34765.087546648705,35400.08142379499,16131.041430363934,11814.06027387451,35651.17299326729,49152.31003105688,34735.928930582726,35193.222112913696,15924.804488827198,11801.09982107948,35593.111350155814,49155.547832608696,34810.18737794091,35236.40298700332,15907.49724401025,0.0,0.0,0.0,0.0,0.0,0.0,0.0,0.0,0.0,0.0,0.0,0.0,0.0,0.0,0.0,0.0,0.0,0.0,0.0,0.0,0.0,0.0,0.0,0.0,0.0,0.0,0.0,0.0,0.0,0.0
"102,144",2504.7126650315545,0.0,0.0,0.0,0.0,0.0,0.0,0.0,0.0,0.0,0.0,5154.975735039804,14405.146685769512,21537.665238077498,21853.41078522439,57535.21853949323,58519.61742387379,5112.863293261622,14301.131988312218,21512.566298754075,21793.666185817532,57367.04169383424,58522.141732778735,5088.026400577321,14256.136809518292,21424.74572432649,21696.48587962132,57142.993917115535,58552.732970388264,5019.998224031224,14102.805266629013,21268.07325879733,21498.06644582374,56561.24167948144,58109.54210974095,5026.476333867802,14114.68186029827,21231.98480638055,21550.15982813087,56781.590360254406,58836.23292332443,0.0,0.0,0.0,0.0,0.0,0.0,0.0,0.0,0.0,0.0,0.0,0.0,0.0,0.0,0.0,0.0,0.0,0.0,0.0,0.0,0.0,0.0,0.0,0.0,0.0,0.0,0.0,0.0,0.0,0.0
"103,144",2504.251276750373,0.0,0.0,0.0,0.0,0.0,0.0,0.0,0.0,0.0,0.0,6098.973128349639,16860.47907781227,23639.81076448104,25799.951740163913,64457.76760677263,50258.96948613371,6143.957040000429,16942.25442319384,23782.30967586181,25971.951605362985,64916.590295596216,50760.612943640874,6150.789520771362,17000.19325580971,23870.104499175504,26095.015454812143,65405.625590516065,51501.46586201143,6186.41527608142,17077.563115403234,23966.553646588793,26227.452796426474,66055.89503514627,52353.171055265484,6209.084254534103,17062.181135264564,24034.208631872665,26282.863897843454,66289.89918989666,52916.7219806269,0.0,0.0,0.0,0.0,0.0,0.0,0.0,0.0,0.0,0.0,0.0,0.0,0.0,0.0,0.0,0.0,0.0,0.0,0.0,0.0,0.0,0.0,0.0,0.0,0.0,0.0,0.0,0.0,0.0,0.0
"104,144",2503.636325806829,0.0,0.0,0.0,0.0,0.0,0.0,0.0,0.0,0.0,0.0,12105.257683603435,30153.723395744022,38716.335214893494,32146.091043882745,36302.061070309435,9212.448520475275,12286.934263657588,30504.852763171286,39008.81711081711,32372.738791399377,36569.99148505902,9316.885275530349,12450.630272714763,30854.54380265404,39513.66709557982,32677.104853086847,36753.48186370345,9403.142753126107,12424.734074918895,30833.05597495939,39452.151435770706,32651.567922363094,36793.612197823626,9425.270380405353,12470.067927925258,30852.480300663963,39562.24507442923,32887.588685922994,36865.29369265799,9483.557289031905,0.0,0.0,0.0,0.0,0.0,0.0,0.0,0.0,0.0,0.0,0.0,0.0,0.0,0.0,0.0,0.0,0.0,0.0,0.0,0.0,0.0,0.0,0.0,0.0,0.0,0.0,0.0,0.0,0.0,0.0
"105,144",2502.8680121246516,0.0,0.0,0.0,0.0,0.0,0.0,0.0,0.0,0.0,0.0,7612.870830651826,16843.80362431489,21336.75219348833,20615.53877448381,31737.107880054737,18973.196939715217,7740.5390723499595,17208.460083867056,21625.182632981097,20897.145376675737,32107.16847251163,19091.14948449602,7847.397545974395,17558.585365880706,21981.439855902805,21337.937725049374,32632.80632868655,19401.48268513399,7787.702434740815,17357.090729225387,21649.85610879543,21001.927958326713,31985.70986363187,18176.067674205817,7779.986954835817,17365.005790658095,21594.837536464955,20941.426567827486,31959.200323855643,18121.663657507237,0.0,0.0,0.0,0.0,0.0,0.0,0.0,0.0,0.0,0.0,0.0,0.0,0.0,0.0,0.0,0.0,0.0,0.0,0.0,0.0,0.0,0.0,0.0,0.0,0.0,0.0,0.0,0.0,0.0,0.0
"106,144",2501.9465854081486,0.0,0.0,0.0,0.0,0.0,0.0,0.0,0.0,0.0,0.0,11819.018486260433,26092.519699071432,32068.035443542514,24914.70704961197,25150.145651246054,10190.960043307847,12095.846885677413,26582.7510919814,32717.723593376195,25405.836438090195,25673.52207326889,10344.845124702828,12249.730728011038,27092.601435074153,33345.127462778844,25892.224046400483,26137.522090577146,10588.7251603968,12290.004914863437,27367.61534059936,33809.26597741071,26152.758984699438,26506.383811139123,10434.19642256101,12308.363375679652,27598.341104102605,34118.296540220115,26320.838713653415,26815.23387596093,10477.249033576365,0.0,0.0,0.0,0.0,0.0,0.0,0.0,0.0,0.0,0.0,0.0,0.0,0.0,0.0,0.0,0.0,0.0,0.0,0.0,0.0,0.0,0.0,0.0,0.0,0.0,0.0,0.0,0.0,0.0,0.0
"107,144",2500.872345007959,0.0,0.0,0.0,0.0,0.0,0.0,0.0,0.0,0.0,0.0,23229.67262283026,54503.931004065154,53166.582587072895,29262.796527262297,16894.252745689133,1266.9757968397703,23508.66315969299,54574.29822206965,53258.87210995918,29308.799059360168,16960.562510157568,1272.6291916529337,23440.749981964338,54432.81085870874,53202.62468905356,29293.44840317053,16930.72527819054,1253.2183831140105,22958.831931198347,54157.902448397996,53083.804782582265,29164.177019444636,16825.609675488755,1233.8122682973449,22497.040946421905,53824.787434701364,52811.33204604317,28987.103701936496,16593.550057593515,1202.2846664886847,0.0,0.0,0.0,0.0,0.0,0.0,0.0,0.0,0.0,0.0,0.0,0.0,0.0,0.0,0.0,0.0,0.0,0.0,0.0,0.0,0.0,0.0,0.0,0.0,0.0,0.0,0.0,0.0,0.0,0.0
"108,144",2499.6456397604356,0.0,0.0,0.0,0.0,0.0,0.0,0.0,0.0,0.0,0.0,12121.961757445806,23137.940090148586,20319.635361017896,13114.820108555812,18194.475023247214,10767.365848361746,12138.126735949987,23105.60661270291,20344.78563017284,13096.956936374365,18020.011508912667,10611.416406345368,12099.328348899358,23074.088700563767,20318.913528865924,13006.43192578858,17945.027333117465,10670.418318316517,12063.7614927535,22948.074734446585,20109.494488300992,12822.167077157075,17400.236916487822,10012.436466915467,12114.672700728624,22913.216726089926,20012.484680475904,12780.129440453471,17179.6622918344,9821.706066538307,0.0,0.0,0.0,0.0,0.0,0.0,0.0,0.0,0.0,0.0,0.0,0.0,0.0,0.0,0.0,0.0,0.0,0.0,0.0,0.0,0.0,0.0,0.0,0.0,0.0,0.0,0.0,0.0,0.0,0.0
"109,144",2498.2668677990823,0.0,0.0,0.0,0.0,0.0,0.0,0.0,0.0,0.0,0.0,1620.5385889389936,4595.9504674818,6969.473697371576,8774.71740614012,25115.32686775058,37192.28045414943,1638.1371677370632,4631.477750196644,7009.935868182837,8825.842069526747,25033.61052336506,36842.46506796164,1635.8782311336668,4656.507988887675,7022.852961936652,8796.754154344633,24959.1032433809,36408.697405788946,1632.6534286396177,4744.477388031342,7047.992965991824,8841.197965653737,25122.55724877657,36487.239620035776,1644.764417329489,4724.376066219105,7096.469327028125,8909.877174030567,25011.03818417624,36257.10800304133,0.0,0.0,0.0,0.0,0.0,0.0,0.0,0.0,0.0,0.0,0.0,0.0,0.0,0.0,0.0,0.0,0.0,0.0,0.0,0.0,0.0,0.0,0.0,0.0,0.0,0.0,0.0,0.0,0.0,0.0
"110,144",2496.362305182948,0.0,0.0,0.0,0.0,0.0,0.0,0.0,0.0,0.0,0.0,825.7544143031625,2131.373119388842,2947.0074928461336,3626.7543917225853,10647.540270664178,23823.05120157541,827.5500366257687,2150.7425179827446,2991.527945905573,3618.4895300594026,10659.652952861785,23189.38911027067,832.2110380958109,2131.3685801375145,2936.6303099688357,3586.2059673991853,10494.97676296234,22625.188048109358,828.9810435603647,2160.4290991175408,2981.8409966524905,3660.476745101517,10601.660818987266,22806.753340015224,812.8377935718088,2174.4592219390124,2926.947724967844,3590.54873898637,10459.604420595542,22140.68524063148,0.0,0.0,0.0,0.0,0.0,0.0,0.0,0.0,0.0,0.0,0.0,0.0,0.0,0.0,0.0,0.0,0.0,0.0,0.0,0.0,0.0,0.0,0.0,0.0,0.0,0.0,0.0,0.0,0.0,0.0
"111,144",2414.3359470101122,0.0,0.0,0.0,0.0,0.0,0.0,0.0,0.0,0.0,0.0,2662.778950577156,2859.165495296553,2915.5731725412256,2989.604542044098,8084.573930637509,19465.994738006593,2756.3223265012102,2917.247207304076,3049.065933480917,3090.2135493203705,8184.2355125520735,19499.117168789282,2704.700507720311,2920.084935803507,3043.4183286171333,3086.989289705426,8113.611171483993,19397.29775310591,2753.1084688504534,2974.133470189338,3091.825502727546,3117.20102018749,8248.830713734906,19588.063484324663,2736.9827884038286,2953.4641023420822,3081.3297313390995,3070.9032427236148,8127.7150600386585,19425.160481823194,0.0,0.0,0.0,0.0,0.0,0.0,0.0,0.0,0.0,0.0,0.0,0.0,0.0,0.0,0.0,0.0,0.0,0.0,0.0,0.0,0.0,0.0,0.0,0.0,0.0,0.0,0.0,0.0,0.0,0.0
"112,144",1220.2927432415142,0.0,0.0,0.0,0.0,0.0,0.0,0.0,0.0,0.0,0.0,4143.536161963145,3079.527711839302,2102.457225668664,1483.6708737990436,2071.164888911154,1196.3665885813095,4104.47108782039,3082.1746537358154,2118.583162415261,1496.572241940218,2087.6413962532492,1199.5943500883438,4061.3529158124734,3078.3839196738077,2131.4808899047325,1470.7680207869587,2035.6860378050335,1141.5379636175492,3971.21291216121,3035.071977601332,2098.4176016078277,1456.7044018764122,2028.4202282942977,1102.8334596044876,3909.1512696032432,2978.550584579917,2062.286886885587,1447.0279604453667,2015.5194497622695,1077.0328597910263,0.0,0.0,0.0,0.0,0.0,0.0,0.0,0.0,0.0,0.0,0.0,0.0,0.0,0.0,0.0,0.0,0.0,0.0,0.0,0.0,0.0,0.0,0.0,0.0,0.0,0.0,0.0,0.0,0.0,0.0
"99,145",1696.3492584525616,0.0,0.0,0.0,0.0,0.0,0.0,0.0,0.0,0.0,0.0,21143.840047212678,46080.82826748082,27824.01417989357,11467.408459155698,12813.977317699731,5168.147176086201,21182.719896884995,46015.304371501894,27849.12101744577,11504.661897510641,12816.493103155435,5132.5071571462295,21218.270903820154,46050.94444122502,27943.08082245752,11575.941695064657,12937.986447000503,5232.946920453801,21100.831191770707,45911.51146296708,27866.147165726685,11569.46180805599,12905.586548948288,5194.0670559995315,21042.511520378266,45868.50248436555,27782.631804656052,11537.061988205069,12821.346846961975,5181.107145129933,0.0,0.0,0.0,0.0,0.0,0.0,0.0,0.0,0.0,0.0,0.0,0.0,0.0,0.0,0.0,0.0,0.0,0.0,0.0,0.0,0.0,0.0,0.0,0.0,0.0,0.0,0.0,0.0,0.0,0.0
"100,145",2505.375997923257,0.0,0.0,0.0,0.0,0.0,0.0,0.0,0.0,0.0,0.0,38144.775504954654,90429.91922390884,72339.69251815105,19160.989332927442,7633.3415182263225,1740.4001890762179,38033.8034766861,90278.18771092006,72214.147053468,19047.590279353833,7522.279635633205,1685.3202013118594,37919.67991816483,90166.41520954583,72068.1832938531,19031.390644086576,7473.680325235103,1659.4002083881228,37856.32920030612,90054.63020531245,71982.33133881794,19011.95093871472,7518.227084649776,1695.040202294144,37737.42840126074,90032.85279659573,71965.57178985092,18982.7910273206,7482.587157376605,1685.3202008350222,0.0,0.0,0.0,0.0,0.0,0.0,0.0,0.0,0.0,0.0,0.0,0.0,0.0,0.0,0.0,0.0,0.0,0.0,0.0,0.0,0.0,0.0,0.0,0.0,0.0,0.0,0.0,0.0,0.0,0.0
"101,145",2505.2220854140437,0.0,0.0,0.0,0.0,0.0,0.0,0.0,0.0,0.0,0.0,18733.778094897552,55351.05610912268,69959.11553316771,43953.97102217581,32336.150118854937,7071.222849664501,18633.34570969133,55242.70647280825,69740.42426274058,43788.74336724188,32013.791469918047,6922.198419866375,18568.54989183931,55120.153862315536,69687.15245125715,43662.394033240336,31868.257746788106,6850.9252448652305,18440.761563670403,54911.99454270158,69577.01369542984,43545.76243858244,31679.539700179943,6876.84207778912,18418.451758056533,54903.08814532711,69555.7699236365,43522.27129482288,31679.538308530697,6926.503313578812,0.0,0.0,0.0,0.0,0.0,0.0,0.0,0.0,0.0,0.0,0.0,0.0,0.0,0.0,0.0,0.0,0.0,0.0,0.0,0.0,0.0,0.0,0.0,0.0,0.0,0.0,0.0,0.0,0.0,0.0
"102,145",2504.914310740217,0.0,0.0,0.0,0.0,0.0,0.0,0.0,0.0,0.0,0.0,16499.6732764188,41633.51721166536,46406.763689859254,34781.469118136054,43526.02165691245,23924.802127408046,16396.016632789724,41468.310168494434,46224.19328914343,34580.986354512796,42966.43165297415,23533.19429869652,16313.418327795289,41350.80478159961,46077.52161330897,34543.38493113985,42837.03997904647,23416.928941822986,16329.613775240205,41360.877290555545,46086.79539023942,34555.5319804977,43061.37259910715,23764.71265380616,16411.678774502696,41458.060355731555,46214.301816939376,34595.21779699606,43456.14171178481,24479.556628592807,0.0,0.0,0.0,0.0,0.0,0.0,0.0,0.0,0.0,0.0,0.0,0.0,0.0,0.0,0.0,0.0,0.0,0.0,0.0,0.0,0.0,0.0,0.0,0.0,0.0,0.0,0.0,0.0,0.0,0.0
"103,145",2504.4527745631026,0.0,0.0,0.0,0.0,0.0,0.0,0.0,0.0,0.0,0.0,10482.498233073366,27986.283074785682,34612.700526771354,28977.209438189337,52702.27575852169,35373.49235994115,10437.153892510545,27935.26443984836,34609.811377249505,28934.749426324695,52708.03241597623,35527.87402296814,10372.377729886186,27838.452954940236,34481.17096569304,28980.440093144247,52597.00402359214,35597.778093750334,10398.29041075052,27927.17405926574,34610.37158167034,29084.087649926016,52925.77332329282,36092.88509230988,10388.576318019044,27932.844908546936,34601.929709356904,29139.152177199194,52853.372046645476,36280.74302190986,0.0,0.0,0.0,0.0,0.0,0.0,0.0,0.0,0.0,0.0,0.0,0.0,0.0,0.0,0.0,0.0,0.0,0.0,0.0,0.0,0.0,0.0,0.0,0.0,0.0,0.0,0.0,0.0,0.0,0.0
"104,145",2503.8376278050796,6.475876331329346,0.0,0.0,0.0,0.0,6.475876331329346,0.0,0.0,0.0,0.0,9256.638413759307,25064.82829214545,35343.965526266664,36336.27665844805,63973.30657999656,32476.480797751738,9259.877950998381,25115.013162878447,35379.58445827541,36392.93710143613,64107.58110419629,32774.28814270356,9334.349759193496,25281.77708474982,35665.87312257898,36617.98661890872,64652.3047183364,33496.81233226832,9229.12426037695,25023.55784337474,35274.080829268816,36258.57932749636,63792.61552372072,33043.330568450096,9167.600052069683,24955.55894558383,35144.56092036379,36099.918212088414,63613.178101040336,32801.02596289691,3.2379348278045654,0.0,3.2379415035247803,0.0,0.0,0.0,0.0,0.0,0.0,0.0,0.0,0.0,0.0,0.0,0.0,0.0,0.0,0.0,0.0,0.0,0.0,0.0,0.0,0.0,0.0,0.0,0.0,0.0,0.0,0.0
"105,145",2503.069071565988,0.0,0.0,0.0,0.0,0.0,0.0,0.0,0.0,0.0,0.0,9329.729067961374,22744.97429361156,30912.307824147927,28204.288247413264,45799.32260086958,33503.24907501071,9380.088433094585,22751.4490844231,30980.28113604902,28278.73942834817,45978.96431591558,33831.99295337527,9476.398463022942,22938.383155159856,31290.03707103636,28567.633062531902,46753.02808489237,34298.69033163108,9348.345775708029,22592.834547214887,30938.63481644089,28308.04221218988,46090.24051278899,33226.04927758984,9328.911791215221,22521.622205191037,30870.657534393617,28258.864623109035,45959.249511193295,32936.640772249186,0.0,0.0,0.0,0.0,0.0,0.0,0.0,0.0,0.0,0.0,0.0,0.0,0.0,0.0,0.0,0.0,0.0,0.0,0.0,0.0,0.0,0.0,0.0,0.0,0.0,0.0,0.0,0.0,0.0,0.0
"106,145",2502.1473570121016,0.0,0.0,0.0,0.0,0.0,0.0,0.0,0.0,0.0,0.0,7327.070843889199,20713.31949524225,29058.05103153434,27523.36088996214,40404.77466827935,13154.994423246384,7318.812724202288,20813.643899835326,29117.196800837795,27570.300801800746,40435.50584781404,13215.605790519716,7328.526750653399,20891.313557065703,29192.547794928265,27634.96238652678,40614.328321499925,13405.749631806917,7333.556072904549,20791.743120150473,29066.54002167757,27530.28653200187,40410.52368364427,13452.603482934539,7323.851430131875,20722.995939845663,29052.701211341217,27455.727800126166,40274.31214798198,13442.107492105633,0.0,0.0,0.0,0.0,0.0,0.0,0.0,0.0,0.0,0.0,0.0,0.0,0.0,0.0,0.0,0.0,0.0,0.0,0.0,0.0,0.0,0.0,0.0,0.0,0.0,0.0,0.0,0.0,0.0,0.0
"107,145",2501.072785236709,0.0,0.0,0.0,0.0,0.0,0.0,0.0,0.0,0.0,0.0,11400.125094443678,33929.36412406529,35553.185200008695,25935.700841026683,22828.336672838996,3927.5614045395578,11472.089271598705,34085.41176917039,35832.87152622073,26183.136661681943,23333.810225128655,4055.2327275257485,11446.211745792278,34058.72916774095,35812.19494045201,26267.301890794904,23317.794707396453,4126.379662487553,11481.794230991252,34255.30280828663,36000.58903404123,26533.501641911153,23629.94086743897,4201.489921821332,11504.438686424144,34297.356710533066,36052.42708097158,26532.699185035744,23635.614757928663,4055.141444547504,0.0,0.0,0.0,0.0,0.0,0.0,0.0,0.0,0.0,0.0,0.0,0.0,0.0,0.0,0.0,0.0,0.0,0.0,0.0,0.0,0.0,0.0,0.0,0.0,0.0,0.0,0.0,0.0,0.0,0.0
"108,145",2499.84570709237,0.0,0.0,0.0,0.0,0.0,0.0,0.0,0.0,0.0,0.0,26489.164907786424,38950.49934392817,30443.318681152195,14539.558830496846,12011.519047064876,2679.212908482084,26591.88564452003,39136.38385879385,30634.067301290175,14787.659531667186,12140.910239069137,2712.3557310394212,26624.207422102198,39247.99513492491,30680.945559280994,14883.013243475149,12212.809758372403,2747.0938976184993,27073.562320554956,39582.51007472674,30886.383076060054,14934.011133491293,12284.726289886587,2637.1823823825985,27522.119979246923,39820.0997154292,31042.97378041137,15063.314988442964,12254.892646203321,2569.3009931405386,0.0,0.0,0.0,0.0,0.0,0.0,0.0,0.0,0.0,0.0,0.0,0.0,0.0,0.0,0.0,0.0,0.0,0.0,0.0,0.0,0.0,0.0,0.0,0.0,0.0,0.0,0.0,0.0,0.0,0.0
"109,145",2475.1656241845635,0.0,0.0,0.0,0.0,0.0,0.0,0.0,0.0,0.0,0.0,1960.0905831355674,5824.317303810868,8694.854189193014,9977.115868445937,24888.940312005023,28471.6542640284,1980.2051001174777,5890.548564555599,8700.340141048619,10021.058199802099,24742.86051329164,28067.486122580136,2039.172778040755,5959.2516173895665,8907.114177601947,10229.262729118385,25075.642955375184,28303.89183706115,2048.865706354964,5966.776415645375,8902.085390125538,10269.560219724506,25087.607219035017,27954.07694397814,2075.529404478447,5978.316902893665,8808.594115241369,10322.085861089183,25094.97819369073,27717.431840370213,0.0,0.0,0.0,0.0,0.0,0.0,0.0,0.0,0.0,0.0,0.0,0.0,0.0,0.0,0.0,0.0,0.0,0.0,0.0,0.0,0.0,0.0,0.0,0.0,0.0,0.0,0.0,0.0,0.0,0.0
"110,145",2496.9356827029314,0.0,0.0,0.0,0.0,0.0,0.0,0.0,0.0,0.0,0.0,2355.700145862617,5475.1088600093235,7877.672859099332,9298.753849611096,20911.89001182575,37435.513508347896,2381.5338887195962,5470.825491730371,7918.233628660089,9337.146214539398,20933.874738769904,36857.60645484924,2346.0184725742715,5422.403963390985,7850.427370935327,9261.090837269205,20685.81341172947,36257.75802167069,2336.33814609939,5429.222272558773,7868.1728005091345,9265.93633725503,20890.23886122797,36412.434651030744,2333.097530267753,5335.569645805919,7803.590387550989,9196.510058885462,20474.204874326668,35678.52908162229,0.0,0.0,0.0,0.0,0.0,0.0,0.0,0.0,0.0,0.0,0.0,0.0,0.0,0.0,0.0,0.0,0.0,0.0,0.0,0.0,0.0,0.0,0.0,0.0,0.0,0.0,0.0,0.0,0.0,0.0
"111,145",2495.253685058386,0.0,0.0,0.0,0.0,0.0,0.0,0.0,0.0,0.0,0.0,5087.495539398755,5710.566932136871,5044.641859368716,4160.0178925626415,8897.880127860053,14014.764080023298,5056.8452992093335,5762.55691999267,5128.882244553285,4266.497869693531,9064.06107918141,14213.808760763615,5017.776263125737,5698.025391281351,5063.5442382167375,4204.847387837428,8896.988307793936,13858.801645610845,4978.353211085936,5703.135677286222,5060.670460188622,4229.853082406287,8974.893721530952,13833.449206489675,4928.355528282651,5605.997765572865,5000.182009880215,4168.196148254357,8802.539515347575,13533.452634702944,0.0,0.0,0.0,0.0,0.0,0.0,0.0,0.0,0.0,0.0,0.0,0.0,0.0,0.0,0.0,0.0,0.0,0.0,0.0,0.0,0.0,0.0,0.0,0.0,0.0,0.0,0.0,0.0,0.0,0.0
"112,145",2493.4210777130747,0.0,0.0,0.0,0.0,0.0,0.0,0.0,0.0,0.0,0.0,41152.1018049212,22084.787376885324,13694.937882975973,9213.227400192562,12281.335939610239,4806.511279888714,40727.840496469005,21777.579418077654,13533.005879777087,9124.551232898002,12167.239993719026,4748.1199626305515,40184.805780459385,21645.370824232286,13503.98926104845,9063.631384372713,12109.548493847193,4743.2819630548065,39645.33259366728,21419.643776788897,13374.214848165886,8935.446107456732,11926.517325679926,4666.239073827219,39527.71262313151,21167.66955865598,13233.943728849934,8839.049404342504,11747.549729062059,4575.039521824145,0.0,0.0,0.0,0.0,0.0,0.0,0.0,0.0,0.0,0.0,0.0,0.0,0.0,0.0,0.0,0.0,0.0,0.0,0.0,0.0,0.0,0.0,0.0,0.0,0.0,0.0,0.0,0.0,0.0,0.0
"113,145",1897.4708593868852,0.0,0.0,0.0,0.0,0.0,0.0,0.0,0.0,0.0,0.0,7520.02817269774,5003.244693422318,3506.412683521533,2541.5160439388424,4693.690310296825,6790.415544015286,7316.486701408086,4866.289861074149,3437.4844694408716,2525.4014490024715,4551.553495229459,6459.617372574526,7240.80316119194,4888.845569959341,3472.9197557243647,2544.7267716304927,4638.543830693937,6490.76682454558,6960.207264276579,4830.833263984381,3464.4984611960017,2559.7583768741756,4668.973276486116,6462.287813051074,7097.068974972706,4869.493353477179,3478.988863685084,2565.996391252443,4754.346475686279,6509.521527313718,0.0,0.0,0.0,0.0,0.0,0.0,0.0,0.0,0.0,0.0,0.0,0.0,0.0,0.0,0.0,0.0,0.0,0.0,0.0,0.0,0.0,0.0,0.0,0.0,0.0,0.0,0.0,0.0,0.0,0.0
"114,145",306.21197739649375,0.0,0.0,0.0,0.0,0.0,0.0,0.0,0.0,0.0,0.0,2801.3211498054807,657.4044421934614,225.39829727902134,174.953239031399,453.4045002497878,377.76041577657065,2788.445847013885,660.6239403509626,222.17758747830112,178.17304498728583,443.74316764251853,383.1404388717576,2772.349599057553,689.6040293001661,231.83791801228244,184.61361915644477,461.4471469477111,393.86171307657276,2780.391574838115,702.4836660646924,231.8372053791495,188.8945983802571,471.65063805673634,399.7468537068834,2793.293074986514,696.0431901239881,254.37961813702304,192.10255456718744,490.97225232217824,407.2476501707937,0.0,0.0,0.0,0.0,0.0,0.0,0.0,0.0,0.0,0.0,0.0,0.0,0.0,0.0,0.0,0.0,0.0,0.0,0.0,0.0,0.0,0.0,0.0,0.0,0.0,0.0,0.0,0.0,0.0,0.0
"97,146",127.09310931112829,0.0,0.0,0.0,0.0,0.0,0.0,0.0,0.0,0.0,0.0,2531.4061267516195,3446.012766153672,2089.9208150985196,889.5607303965327,346.7114068106109,3.2395143508911133,2523.4408049387093,3440.3596717544633,2093.1601692321256,889.5605654108759,342.2649538797491,3.2395143508911133,2520.201383571064,3433.741099120122,2096.399469244714,890.7673159720852,342.26496127072505,3.2395143508911133,2520.2014534277077,3446.6985082635697,2086.6814209105924,887.5276869418575,332.54677608433894,3.2395143508911133,2541.669945327908,3451.411478270737,2093.160280096765,889.5601614409802,332.5469064993017,3.2395143508911133,0.0,0.0,0.0,0.0,0.0,0.0,0.0,0.0,0.0,0.0,0.0,0.0,0.0,0.0,0.0,0.0,0.0,0.0,0.0,0.0,0.0,0.0,0.0,0.0,0.0,0.0,0.0,0.0,0.0,0.0
"99,146",1489.354377473058,0.0,0.0,0.0,0.0,0.0,0.0,0.0,0.0,0.0,0.0,31036.010728851015,58998.162497147394,22623.14404356059,2344.7977094033185,825.930062006969,64.79977893829346,31076.097477137806,58977.99846243858,22623.14397656497,2336.691360055699,819.4500977506824,64.79977893829346,31143.908686171322,59045.161524480936,22672.67129092497,2322.0033743016857,806.4901496877857,64.79978322982788,31039.16189897481,58959.880101267496,22624.12245847197,2309.0435175531047,787.0502173414417,64.79978322982788,31005.427896951223,58828.95953277701,22529.082840441723,2292.9324882797164,767.6103660574146,58.31981015205383,0.0,0.0,0.0,0.0,0.0,0.0,0.0,0.0,0.0,0.0,0.0,0.0,0.0,0.0,0.0,0.0,0.0,0.0,0.0,0.0,0.0,0.0,0.0,0.0,0.0,0.0,0.0,0.0,0.0,0.0
"100,146",2505.5750918368713,0.0,0.0,0.0,0.0,0.0,0.0,0.0,0.0,0.0,0.0,46009.52286871555,103194.08755293548,73204.98955302425,11463.249099229364,901.3032627956541,0.0,45972.43438951081,103100.5355189763,73162.86987261959,11453.529192660837,893.197172391181,0.0,45956.23515287942,103009.40914951493,73096.45710986081,11440.569444631128,889.957211005454,0.0,45800.71664447784,102957.9768429719,72974.9645970597,11417.889693711786,886.7172937271642,0.0,45564.92213583086,102859.16384146074,72947.41768806402,11395.209872220545,893.1972553608465,0.0,0.0,0.0,0.0,0.0,0.0,0.0,0.0,0.0,0.0,0.0,0.0,0.0,0.0,0.0,0.0,0.0,0.0,0.0,0.0,0.0,0.0,0.0,0.0,0.0,0.0,0.0,0.0,0.0,0.0,0.0
"101,146",2505.4211302915983,42.11708855628967,29.15705156326294,59.52266203188429,194.3845283985138,796.1755087515887,42.11708855628967,29.15705156326294,59.52266203188429,194.3845283985138,796.1755087515887,30211.95975311317,84328.30885941841,80421.5662773525,29239.50795854681,9999.374202792786,392.01508116722107,30164.799067810472,84221.39704067566,80316.26623107125,29174.71220435255,9970.215724294327,398.4946382045746,30054.646911457476,84064.27636857313,80187.74322222822,29119.636189595392,9918.379215066574,395.2547562122345,29957.453611448702,83922.1325703247,80106.7620874433,29058.079928055933,9804.987378661774,392.0149955749512,29993.092045110818,83868.26409324197,79967.45364270492,29015.962763079475,9756.390593354843,388.7752273082733,0.0,3.2396295070648193,35.6378378868103,3.239621162414551,0.0,0.0,9.718969821929932,3.239661931991577,12.958769798278809,3.239650011062622,0.0,0.0,3.239652633666992,30.36473380350599,25.918275594711304,0.0,0.0,0.0,19.439037561416626,61.55549597740173,100.43133401870728,6.479451417922974,6.4792094230651855,0.0,61.556997776031494,382.30129408836365,313.4390976569232,38.878119230270386,0.0,0.0
"102,146",2505.1132578347547,0.0,0.0,0.0,0.0,0.0,0.0,0.0,0.0,0.0,0.0,32638.551095089257,87925.57640741851,78057.3084102771,31796.88688410497,8100.929551796819,64.78668189048767,32466.511053975424,87679.38476060418,77801.399176707,31712.306036220813,8010.228538947012,61.54747557640076,32375.403778869964,87472.98354849723,77610.47144397287,31623.231918833302,7932.486205058004,61.54747557640076,32378.642839748718,87456.7834979048,77618.93244758027,31618.364938484454,7922.768299536611,58.30812454223633,32391.60032208667,87411.43361339477,77648.08696403878,31596.04641975141,7916.288363890554,58.30805683135986,0.0,0.0,0.0,0.0,0.0,0.0,0.0,0.0,0.0,0.0,0.0,0.0,0.0,0.0,0.0,0.0,0.0,0.0,0.0,0.0,0.0,0.0,0.0,0.0,0.0,0.0,0.0,0.0,0.0,0.0
"103,146",2504.6515757054385,0.0,0.0,6.477510213851929,6.477507591247559,0.0,0.0,0.0,6.477510213851929,6.477507591247559,0.0,23972.834793133832,50207.621830951466,47523.34001663057,33286.1111707089,40383.45506397789,22329.741019452784,23921.011874097934,50141.929354863074,47428.20729470159,33199.01763662169,40196.32691480599,22086.847717727396,23762.662291236953,49776.64978314101,47132.57380607267,33021.24353708285,39772.48057141772,21821.281501020167,23732.311309038425,49726.45606813151,47161.36834561871,33001.8122204687,39871.62107617715,21953.657752141768,23717.32670158966,49548.32613572795,47004.29802162506,32823.68874386899,39434.42138655981,21529.760001575247,0.0,0.0,0.0,0.0,0.0,0.0,0.0,0.0,0.0,0.0,0.0,0.0,0.0,0.0,0.0,0.0,6.477510213851929,0.0,0.0,0.0,0.0,6.477507591247559,0.0,0.0,0.0,0.0,0.0,0.0,0.0,0.0
"104,146",2504.036235689707,0.0,0.0,10.920375800600238,123.05047345161438,3.2382304668426514,0.0,0.0,10.920375800600238,123.05047345161438,3.2382304668426514,13512.216047186013,33896.04571039443,48669.620212944814,44468.46740329967,60309.13584705428,27961.249029780374,13480.190770813066,33825.714051468225,48626.44499428319,44436.49697909169,60273.88848934828,27990.39038386439,13499.264077800866,33835.02145350213,48624.056944168304,44463.672114495675,60390.4568027085,28411.335169507944,13432.891822812138,33779.19202358676,48556.06058458159,44363.29977357809,60267.07128654555,28281.832598401987,13400.509924885808,33695.005515884885,48407.11398795912,44269.04159386392,60049.71840237449,27980.894590213255,0.0,0.0,0.0,0.0,0.0,0.0,0.0,0.0,0.0,0.0,0.0,0.0,3.2380030155181885,1.2063572173025094,0.0,6.476015567779541,0.0,0.0,12.952388048171997,45.33453369140625,45.3348286151886,16.190624952316284,3.23809814453125,0.0,0.0,0.0,3.2382304668426514,0.0,0.0,0.0
"105,146",2503.26744003452,0.0,0.0,0.0,0.0,0.0,0.0,0.0,0.0,0.0,0.0,12664.626181577232,27314.99577596608,36813.18268947882,35035.193534863225,53924.64840386334,38832.53590178115,12708.507546280878,27376.497137813003,36880.19051379317,35111.30013813879,54062.935204821006,38992.340226943816,12678.54706391727,27462.268447506653,36901.63654734108,35242.20031740525,54369.82513316379,39636.865092111104,12529.640626239776,27311.325979620797,36767.70985584634,35163.07640757467,54228.58746671209,39294.11918235946,12540.965660270054,27201.273322254998,36654.64578338418,34993.319326900964,53834.26842682782,38575.16460531085,0.0,0.0,0.0,0.0,0.0,0.0,0.0,0.0,0.0,0.0,0.0,0.0,0.0,0.0,0.0,0.0,0.0,0.0,0.0,0.0,0.0,0.0,0.0,0.0,0.0,0.0,0.0,0.0,0.0,0.0
"106,146",2502.3454413315894,0.0,0.0,0.0,0.0,0.0,0.0,0.0,0.0,0.0,0.0,6899.3046012121085,17880.767341042498,24653.620643826092,24230.9250260484,35065.04624497095,18376.343931178482,6923.3991817839005,18016.268262721976,24858.282549176496,24575.90118274502,35527.22895863851,18744.016387750587,6942.81649965118,18239.541929103812,25143.446533231174,24897.73145634801,36108.66354787491,19180.84114461132,6923.401336611018,18092.728463106527,25044.753978974215,24761.67043296777,35778.62160599373,18985.913090154234,6894.277309120403,18009.494224944767,25056.24229606554,24638.12457273895,35657.933394478816,18789.546368874755,0.0,0.0,0.0,0.0,0.0,0.0,0.0,0.0,0.0,0.0,0.0,0.0,0.0,0.0,0.0,0.0,0.0,0.0,0.0,0.0,0.0,0.0,0.0,0.0,0.0,0.0,0.0,0.0,0.0,0.0
"107,146",2501.2705423730513,0.0,0.0,0.0,0.0,0.0,0.0,0.0,0.0,0.0,0.0,4163.365120222054,13627.44439160216,20966.378304176706,23009.97404539351,37963.420378073526,9466.17830364564,4168.222156055301,13656.548219555498,21101.01485137285,23105.371336175875,38140.10236556016,9590.289947637857,4174.687968261569,13630.67640387404,21119.59210961379,23100.040146122723,38008.73256931585,9603.230275997461,4171.452537067264,13648.05312999183,21056.5323507898,23006.250340472012,37882.610102036415,9604.44489330591,4194.098475225299,13677.879380662767,21075.933393489613,23048.296674261837,38100.50137922343,9665.894668763292,0.0,0.0,0.0,0.0,0.0,0.0,0.0,0.0,0.0,0.0,0.0,0.0,0.0,0.0,0.0,0.0,0.0,0.0,0.0,0.0,0.0,0.0,0.0,0.0,0.0,0.0,0.0,0.0,0.0,0.0
"108,146",2500.0430959776727,0.0,0.0,0.0,0.0,0.0,0.0,0.0,0.0,0.0,0.0,6704.8136361524175,21398.003542426988,31410.47500830632,32175.07800467715,40106.71783638281,8762.803205863167,6762.998951522977,21638.815403758777,31689.163070927418,32495.09832188101,40493.47007776615,8907.553285884856,6730.6755579396795,21554.76511388947,31664.193150206178,32447.01476800301,40297.12695509499,8878.441791683083,6737.140766946943,21646.892803208968,31637.600767449778,32513.660156610895,40376.27490519168,8877.220544982423,6758.156319786521,21632.35147167748,31692.552293084653,32445.771829021673,40299.87848872858,8831.131626401228,0.0,0.0,0.0,0.0,0.0,0.0,0.0,0.0,0.0,0.0,0.0,0.0,0.0,0.0,0.0,0.0,0.0,0.0,0.0,0.0,0.0,0.0,0.0,0.0,0.0,0.0,0.0,0.0,0.0,0.0
"109,146",2465.646040580878,0.0,0.0,0.0,0.0,0.0,0.0,0.0,0.0,0.0,0.0,7958.293008109636,23695.154429720897,34092.60797095485,30373.855130750988,27014.34028531523,5643.510792602277,7919.638993056616,23751.97918158232,34209.42310043409,30489.891296032358,27032.72721874387,5690.255944213682,7893.794904263815,23727.267519629237,34120.622768533925,30511.08784148178,26943.68624935711,5693.50056015557,7867.066280985814,23705.375625172783,34032.310888786866,30439.31047012104,26856.516537576565,5648.2808777005075,7850.924672986012,23623.86548126071,33956.91637512655,30359.042066305752,26728.631623038127,5472.329266180713,0.0,0.0,0.0,0.0,0.0,0.0,0.0,0.0,0.0,0.0,0.0,0.0,0.0,0.0,0.0,0.0,0.0,0.0,0.0,0.0,0.0,0.0,0.0,0.0,0.0,0.0,0.0,0.0,0.0,0.0
"110,146",2497.132221038431,12.913958311080933,3.2285215854644775,0.0,16.142515182495117,54.8831422328949,12.913958311080933,3.2285215854644775,0.0,16.142515182495117,54.8831422328949,9564.837859492209,23003.717651716866,29627.510612042744,27299.85913148674,33506.25398154446,8611.605778939116,9540.075149173363,23128.708050918576,29659.378735171114,27238.521776588288,33424.461377453335,8562.445485373104,9507.787271375282,23052.42439600907,29772.389958725726,27094.643703613092,33079.767875540485,8355.795673151577,9535.065623730305,23155.90252382989,29954.091291235945,27186.67575540823,33044.22347246431,8350.38493898616,9531.819596666448,23232.531608792844,29921.831590937636,27173.954729657078,32815.60756889231,8066.1905515502485,0.0,9.685831546783447,3.2281267642974854,0.0,0.0,0.0,0.0,3.2285215854644775,0.0,0.0,0.0,0.0,0.0,0.0,0.0,0.0,0.0,0.0,3.228954792022705,0.0,6.457022666931152,6.45653772354126,0.0,0.0,3.228398323059082,25.827998161315918,12.913349390029907,3.2284059524536133,9.684990406036377,0.0
"111,146",2495.449746293599,0.0,0.0,0.0,0.0,0.0,0.0,0.0,0.0,0.0,0.0,9676.731714805903,20097.544261731353,23746.480025133435,20420.748237907188,24484.474295803142,7433.9514060749725,9577.24742713068,19905.7471159159,23637.955261357627,20257.385333999002,24122.511614156236,7226.350499464484,9547.858056691113,19857.347295349722,23615.371015914283,20156.993315682696,23906.178953920626,6955.285454346152,9519.31422073327,19926.31998785711,23501.006408369776,20158.194794706273,23962.676542352227,6976.799339128943,9420.910341574167,19946.743978807972,23503.021777845835,20093.653718522954,23865.707727470584,6899.338957859488,0.0,0.0,0.0,0.0,0.0,0.0,0.0,0.0,0.0,0.0,0.0,0.0,0.0,0.0,0.0,0.0,0.0,0.0,0.0,0.0,0.0,0.0,0.0,0.0,0.0,0.0,0.0,0.0,0.0,0.0
"112,146",2493.6166311574284,0.0,0.0,0.0,0.0,0.0,0.0,0.0,0.0,0.0,0.0,8796.526505505804,13763.291357825785,15515.845610750424,12149.342160671833,12273.906573881823,4523.73535362786,8744.92149046636,13805.55447474648,15451.008630912445,12115.473370238846,12178.808314618878,4475.021927783068,8652.103036195156,13751.940936986137,15409.095250766419,12096.475394410712,12111.096402940564,4422.161303207921,8556.071247029773,13726.873762547735,15362.711326423349,12042.888255561566,11924.11551028233,4338.34604661231,8331.959720009447,13695.00021872988,15267.180118436441,11976.36585235876,11804.258654664545,4268.677505008847,0.0,0.0,0.0,0.0,0.0,0.0,0.0,0.0,0.0,0.0,0.0,0.0,0.0,0.0,0.0,0.0,0.0,0.0,0.0,0.0,0.0,0.0,0.0,0.0,0.0,0.0,0.0,0.0,0.0,0.0
"113,146",2491.4998763869467,0.0,0.0,0.0,0.0,0.0,0.0,0.0,0.0,0.0,0.0,2200.2723560660493,3629.8366446812947,4718.136175729714,4972.738697993523,9814.231187106114,6412.564925510744,2176.1195372039197,3658.427206482607,4733.8474142027835,5004.951618420845,9833.55908274744,6414.134119587319,2156.437846514758,3674.5313119551715,4761.629843584696,5026.426882095899,9882.692182364182,6449.208652841344,2140.3234284849727,3639.090440239626,4811.569617115282,5002.793073483075,9959.198826089558,6499.128311304952,2166.098745438632,3658.0673952850643,4847.4132099376,5061.866219905779,10007.716233564825,6542.533074389252,0.0,0.0,0.0,0.0,0.0,0.0,0.0,0.0,0.0,0.0,0.0,0.0,0.0,0.0,0.0,0.0,0.0,0.0,0.0,0.0,0.0,0.0,0.0,0.0,0.0,0.0,0.0,0.0,0.0,0.0
"114,146",2321.6021325992438,0.0,0.0,0.0,0.0,0.0,0.0,0.0,0.0,0.0,0.0,4552.705336333256,4929.142559047774,5250.0507308595315,4138.254008310916,4275.577568603029,1404.3042370796202,4613.8673849115185,4909.845240589217,5214.653438245548,4146.723526476879,4304.557639670839,1442.9396442890165,4405.252287962858,4826.169402595595,5127.528507772146,4123.857866395689,4288.657065264384,1462.264330101013,4123.611524485606,4658.443254014557,5023.128528883878,4038.027810752158,4280.39979836894,1440.144477337482,4107.5485068022035,4658.446699163025,5079.876964343763,4022.8822022886834,4351.10154856794,1492.862625905579,0.0,0.0,0.0,0.0,0.0,0.0,0.0,0.0,0.0,0.0,0.0,0.0,0.0,0.0,0.0,0.0,0.0,0.0,0.0,0.0,0.0,0.0,0.0,0.0,0.0,0.0,0.0,0.0,0.0,0.0
"115,146",1410.5726212782074,0.0,0.0,0.0,0.0,0.0,0.0,0.0,0.0,0.0,0.0,3649.6786304193383,1350.2283676474703,1049.4742323258345,637.4156554764393,674.2677646225574,1040.3751952311572,3474.321835525363,1296.8478676908157,1017.2957548001234,618.1172560280445,669.8521182191138,975.3107293540356,3021.91949095165,1144.4729711551292,931.8817724779541,570.1094346626132,602.5468481353685,886.9723781856836,2591.348966172162,1037.4602981997473,843.2393938055226,526.2760866735496,568.6055032935797,832.6406452674491,2550.82982562383,1074.8654602069482,880.6506608570323,548.7966829393424,560.9768339147754,815.6365114707572,0.0,0.0,0.0,0.0,0.0,0.0,0.0,0.0,0.0,0.0,0.0,0.0,0.0,0.0,0.0,0.0,0.0,0.0,0.0,0.0,0.0,0.0,0.0,0.0,0.0,0.0,0.0,0.0,0.0,0.0
"116,146",337.09524588768886,0.0,0.0,0.0,0.0,0.0,0.0,0.0,0.0,0.0,0.0,1112.9039642979117,302.49980162639247,41.76725697517395,48.19117879867554,61.02730846405029,174.52421794685665,1096.8316710163565,296.8050310751971,41.76725697517395,48.19117879867554,61.02730846405029,168.84173558179072,1000.9547561224769,283.95388914557066,38.55332088470459,44.976625204086304,54.60079836845398,155.9911944669836,877.6577752506031,260.2663459777832,38.55332088470459,44.976625204086304,51.38897228240967,149.56591461125544,880.1406725088755,263.4794297218323,38.55332088470459,48.18795967102051,57.813469886779785,159.20370672169855,0.0,0.0,0.0,0.0,0.0,0.0,0.0,0.0,0.0,0.0,0.0,0.0,0.0,0.0,0.0,0.0,0.0,0.0,0.0,0.0,0.0,0.0,0.0,0.0,0.0,0.0,0.0,0.0,0.0,0.0
"117,146",521.6780145047708,0.0,0.0,0.0,0.0,0.0,0.0,0.0,0.0,0.0,0.0,621.23249131184,233.4663284077364,225.5509567746929,223.4742238446778,685.6926981458477,1520.67944169325,614.8146293733635,230.25455882689533,228.76025800798453,213.8438117429322,663.2244979390911,1507.840301516477,608.3965225790062,206.58752244781047,221.3491245765312,210.6345353051728,653.5959426412395,1501.419800761167,589.13279300671,206.58619207213908,218.1391910571678,210.63580512252508,648.3732656721975,1435.7048219521844,567.8546569356731,206.5862752802232,230.97930445858077,213.84560250487982,647.5577563809413,1447.8140490971364,0.0,0.0,0.0,0.0,0.0,0.0,0.0,0.0,0.0,0.0,0.0,0.0,0.0,0.0,0.0,0.0,0.0,0.0,0.0,0.0,0.0,0.0,0.0,0.0,0.0,0.0,0.0,0.0,0.0,0.0
"96,147",86.25284304256462,0.0,0.0,0.0,0.0,0.0,0.0,0.0,0.0,0.0,0.0,4006.9522256598752,2236.8168398782313,271.54865401959887,29.151635885238647,0.0,0.0,3993.9959358916562,2233.577735130459,271.54865401959887,29.151635885238647,0.0,0.0,4000.474149678735,2243.2949747487605,273.4158710274042,29.151635885238647,0.0,0.0,4000.474112247018,2253.0121790811127,276.6549648079218,29.151635885238647,0.0,0.0,4003.713170741586,2262.72934383598,289.6112655433954,32.39071011543274,0.0,0.0,0.0,0.0,0.0,0.0,0.0,0.0,0.0,0.0,0.0,0.0,0.0,0.0,0.0,0.0,0.0,0.0,0.0,0.0,0.0,0.0,0.0,0.0,0.0,0.0,0.0,0.0,0.0,0.0,0.0,0.0
"97,147",2434.3450510207795,0.0,25.915392637252808,3.239506244659424,3.239431619644165,0.0,0.0,25.915392637252808,3.239506244659424,3.239431619644165,0.0,67592.728034544,87718.95447389378,31067.190031407867,7650.587517799116,3823.936834108129,61.55118536949158,67777.36647968293,87908.14350825852,31093.1013096557,7604.8281667513,3825.1564179560723,58.31164765357971,67942.57265191078,88217.42072426385,31189.55887201534,7651.387268502103,3838.114153494555,61.55118536949158,67985.89887879316,88363.91156335533,31244.624816210133,7641.66862650572,3818.677607168871,64.79073691368103,68100.49403762538,88683.79311845724,31415.58759802931,7697.234282783433,3831.635741343218,64.79073691368103,0.0,0.0,0.0,0.0,0.0,0.0,6.478838920593262,3.2394213676452637,9.718287944793701,6.478844404220581,0.0,0.0,3.239506244659424,0.0,0.0,0.0,0.0,0.0,0.0,0.0,3.239431619644165,0.0,0.0,0.0,0.0,0.0,0.0,0.0,0.0,0.0
"98,147",2167.053492248736,0.0,0.0,3.2398462295532227,3.2398455142974854,0.0,0.0,0.0,3.2398462295532227,3.2398455142974854,0.0,52003.55496247516,85420.23700341242,29669.007199430464,4162.472816866519,728.4547345376482,6.479236125946045,52103.98827870593,85670.1060594063,29740.28274693489,4175.431864660861,738.1736449933519,6.479236125946045,52255.85096883587,85987.1962352659,29847.9156038677,4220.788035315158,770.5698103642931,6.479236125946045,52356.68953545795,86190.57305788899,29915.950187197854,4201.349502724292,764.0904614663591,3.239603281021118,52402.04497702823,86258.60854458716,29884.275666076996,4182.635300645641,738.1731724477281,6.479236125946045,0.0,0.0,0.0,0.0,0.0,0.0,0.0,0.0,0.0,0.0,0.0,0.0,3.2398462295532227,0.0,0.0,0.0,0.0,0.0,3.2398455142974854,0.0,0.0,0.0,0.0,0.0,0.0,0.0,0.0,0.0,0.0,0.0
"99,147",2493.0881941162743,0.0,0.0,0.0,0.0,0.0,0.0,0.0,0.0,0.0,0.0,57325.416786083515,85602.97506359793,24079.44224058319,3145.4316542765673,340.6038951079051,0.0,57137.40961231344,85655.2207349693,24111.435274833788,3161.631487192827,343.8438941637675,0.0,57150.95424914453,85755.34080242644,24093.697460376512,3148.671644034105,343.8438464800517,0.0,57020.631617686326,85473.0571570864,23967.33821126152,3109.79182249518,317.92384998003644,0.0,57031.800074717576,85300.93222299745,23882.78124106164,3083.871798100191,308.20385328928626,0.0,0.0,0.0,0.0,0.0,0.0,0.0,0.0,0.0,0.0,0.0,0.0,0.0,0.0,0.0,0.0,0.0,0.0,0.0,0.0,0.0,0.0,0.0,0.0,0.0,0.0,0.0,0.0,0.0,0.0,0.0
"100,147",2505.771434759674,0.0,0.0,45.35893392562866,34.190527991687546,66.5898626608007,0.0,0.0,45.35893392562866,34.190527991687546,66.5898626608007,22400.186694194756,74568.98052791614,82544.51489880974,25420.380382466785,3976.006645940332,223.5571789741516,22286.0629587669,74519.80932178965,82463.51607850486,25405.972181086447,3972.7668392882624,210.59733629226685,22465.71141796299,74503.11413493624,82438.32034495765,25386.532533888723,3963.04694201806,213.83731842041016,22392.729302013624,74403.48768246033,82370.28115323478,25354.132693533804,3966.286863111047,210.59740042686462,22272.038165117712,74237.50020273807,82351.56544664795,25318.492742781546,3972.7666592822357,213.83733558654785,0.0,0.0,0.0,0.0,0.0,0.0,0.0,0.0,0.0,0.0,0.0,0.0,6.479932546615601,12.959684133529663,25.9193172454834,0.0,0.0,0.0,0.0,17.99098833028008,12.95962381362915,3.2399158477783203,0.0,0.0,3.2399070262908936,25.919336080551147,34.190692262088554,3.239927291870117,0.0,0.0
"101,147",2505.6174248485972,113.38881945610046,167.32061924653897,443.6118023143095,115.89477131600474,369.40120075824217,113.38881945610046,167.32061924653897,443.6118023143095,115.89477131600474,369.40120075824217,22303.680873060228,86166.19577926843,94264.62664764815,25841.56729405815,3740.9871743688395,29.158336400985718,22228.505422221915,85955.24600641588,94096.16048043662,25719.891927177767,3689.1512526044658,29.158336400985718,22195.041493303637,85817.04126688454,93938.51864454793,25647.551460698076,3676.1924701700023,25.918516397476196,22142.79986177145,85562.36090842135,93717.1880949095,25592.4766571073,3666.4732831487468,25.918516397476196,22109.372755922057,85472.96737522892,93613.51647716315,25589.23721857352,3666.4731920728495,25.918516397476196,6.479753017425537,64.79342675209045,38.876025676727295,3.2396140098571777,0.0,0.0,9.719242572784424,63.68844719774583,70.16831942446092,20.505008916293875,3.2396011352539062,0.0,42.11556935310364,173.68701439464795,185.6933356930228,42.115882873535156,0.0,0.0,9.719589233398438,51.09938142533396,48.59624218940735,6.47955846786499,0.0,0.0,42.11764478683472,166.29797599736384,144.787292248595,16.19828772544861,0.0,0.0
"102,147",2505.309455942421,453.93409767150877,295.87595478693646,984.1308722907422,2004.5564442943123,1700.8696182933509,453.93409767150877,295.87595478693646,984.1308722907422,2001.316973097184,1700.8696182933509,23328.19471430591,92051.32250171457,78333.36799173728,23701.473483913087,3795.1990252251717,0.0,23160.825179257106,91745.3265709793,78116.32763557808,23626.966926448487,3785.4804547543617,0.0,22985.761685061916,91277.36464303712,77825.77276372444,23491.99531272346,3762.805080008039,0.0,22833.51176302479,90833.91244393424,77499.61230237532,23440.164525780023,3753.0871773476692,0.0,22573.95055892794,89830.80793042184,76773.97425324965,23261.588777051253,3743.369054626951,0.0,55.07078218460083,249.84701099395753,119.86112260818481,29.155181884765625,0.0,0.0,19.437032461166382,176.014209429423,98.2649797598521,2.159733136494954,0.0,0.0,110.14124417304993,460.00792527198786,365.39053634942746,48.591166496276855,0.0,0.0,165.21295022964478,993.4376276334127,670.5710015296936,165.61676530744515,6.478628396987915,0.0,126.33987736701965,864.2715661488327,622.7931114439871,74.50755381584167,12.957509517669678,0.0
"103,147",2504.8476298431774,572.9529656148424,595.1990419827256,1367.131721688252,1586.7040667776969,1106.094829713597,572.9529656148424,588.7217365704331,1367.131721688252,1583.4652652983573,1096.3785823934218,29386.36453152544,76424.36317971454,69665.72717820149,30838.043184711416,13246.317770598916,1577.4231325813369,29408.632523402044,76217.48875952327,69417.87058183634,30753.838177396734,13116.769716142206,1557.9913748928145,29409.0479374016,75877.427223688,69069.15634169673,30575.709275915106,12926.901332355947,1528.8430580326155,29160.891503003062,75322.84994977128,68505.2679631972,30400.46615924835,12784.402055717916,1498.4752387402104,29103.699484246383,74904.58973081532,67891.92517337146,30102.49871482849,12752.015491701573,1485.5206403133916,87.44804501533508,184.6087703704834,249.07655417685413,51.8195960521698,0.0,0.0,42.102185010910034,236.42034006118774,229.23306693656772,80.96614456176758,0.0,0.0,210.5173523426056,476.4911078939251,492.2795867919922,174.8893015384674,12.954373121261597,0.0,204.95916759079574,447.7637970213797,626.2974049418581,285.0126700401306,19.432225704193115,0.0,142.9157881091623,353.482736640818,431.56731765129985,152.21976137161255,16.192978620529175,0.0
"104,147",2504.2320991791576,1704.9341364897932,2557.6522122420515,3682.5775312760297,3251.764450410768,1580.5814383525474,1704.9341364897932,2547.9383891619887,3679.339726147932,3242.04962811844,1570.8669918079001,14693.158534017264,44589.713264023085,62020.365458452936,40717.30666914079,39305.62657316433,12487.33500586304,14570.11213442391,44056.53251317622,61306.23258028872,40408.36272331313,39246.93991356458,12517.144344077391,14445.984741496104,43172.40037349345,60294.0405720477,40013.33556076125,39112.41971913881,12675.794675336165,14144.845204876918,41860.873221460046,58896.698855384195,39251.685829890004,38840.42651597566,12634.778841243071,13894.798544354533,40825.07934009141,57539.533808998036,38684.61895752046,38561.817051400394,12508.503341899199,100.37900853157043,487.8520040512085,726.0047787226882,300.0411550998688,87.41955327987671,3.2376368045806885,148.95068669319153,847.2887859344482,1017.4432972468582,420.93010449409485,110.0877947807312,3.237720012664795,262.2813971042633,1215.2045297005598,1391.2795822620392,687.5323896408081,119.80414199829102,3.237685441970825,250.04636965171963,997.343020439148,1275.8108112812042,553.709065914154,165.14036083221436,0.0,123.05130958557129,499.03531246372296,550.4914841651917,327.0497553348541,71.23913025856018,0.0
"105,147",2503.4630673151387,112.20592987677631,14.016200960383696,13.978257658902336,19.424983978271484,12.94996166229248,112.20592987677631,14.016200960383696,13.978257658902336,19.424983978271484,12.94996166229248,10809.231459870993,29226.65405500076,46707.459724794666,48642.44985703113,58380.26532218129,18116.818130947562,10767.148854270636,29188.54177934049,46667.0272211851,48587.15973895764,58386.73725836042,18163.091795985838,10794.90775715697,29158.339296670994,46684.01183683171,48546.50625605676,58528.679854461254,18345.581930196986,10707.51069983688,29005.358784779386,46519.083555844256,48390.80851430893,58232.4932083429,18248.959322072944,10655.721447317272,28938.815621492915,46394.05672232684,48290.45775957107,57928.37761151183,18133.87452136582,3.2374260425567627,26.96599954436807,42.0867133140564,26.96603936027078,12.949751615524292,0.0,3.2374260425567627,1.066471279368681,3.237433433532715,3.237429618835449,3.237440586090088,0.0,3.2374370098114014,4.303908289180082,4.303969801173491,2.132942558737362,0.0,0.0,0.0,0.0,9.712491989135742,3.2374985218048096,6.474993467330933,0.0,0.0,0.0,0.0,12.94996166229248,0.0,0.0
"106,147",2502.540788232585,116.93938775249556,43.50690054613001,161.1977861554015,113.24069356918335,71.18013167381287,116.93938775249556,43.50690054613001,161.1977861554015,113.24069356918335,67.94473481178284,10755.057038199668,27147.149915876573,36449.988448427226,37181.449220116934,52353.974872547034,25914.954715334203,10702.155069375507,27120.768480428997,36431.28291677213,37099.82959633247,52293.06597218794,25898.347247562226,10766.868654513828,27162.841476330104,36535.32352422171,37218.19932883113,52635.835686290964,26322.94826587042,10671.902340871215,27038.117704977707,36430.64416112713,37141.66003625346,52362.88254931955,26062.921845305205,10682.014800065173,27017.657291893865,36382.818213483406,37105.56579850795,52192.42070806448,25698.25013868014,0.7231410727781409,20.134626506356632,27.417648154614017,42.781996367959415,25.881975650787354,0.0,0.0,22.647496223449707,7.194205878762638,6.470997333526611,7.194201110391056,0.0,45.7012407022364,35.99531729642082,52.89493436065374,23.370911477593815,3.235382318496704,0.0,12.941301345825195,35.589264154434204,38.82567834854126,22.649200201034546,3.2352495193481445,0.0,9.706564903259277,25.88345432281494,16.17678737640381,12.942219734191895,3.235708475112915,0.0
"107,147",2501.465566379699,229.98827195728526,215.25818443578834,768.4007675675784,168.20184063911438,181.12804436683655,229.98827195728526,215.25818443578834,765.1656680135166,168.20184063911438,181.12804436683655,24761.32058640461,50370.67682588053,51574.083080774195,33023.80182812728,32787.04965186305,10358.486687136632,24778.213580687836,50361.70077323726,51582.49056133944,33189.87821629375,32976.88391622375,10418.722819020702,24707.065813144043,50504.41551257395,51642.23535161299,33308.65914626214,33181.05355767081,10460.039604476853,24559.00457544981,50296.902582708055,51626.35890411956,33332.41843370456,33272.31090846809,10471.749356593338,24681.910141426906,50381.81907610051,51735.5982867456,33484.517487903664,33399.01153534066,10448.67902818848,38.088173510046566,89.83761656424579,60.732302071066464,15.450760723562802,22.64443588256836,3.234983205795288,38.80789017677307,87.3274564743042,57.49967348715838,25.876161575317383,5.747002722235287,0.0,158.48766016960144,271.70899415016174,196.59079635283527,51.035279871435726,84.10796451568604,3.2349729537963867,25.87716817855835,42.046945333480835,45.2861807346344,29.11412763595581,19.407477617263794,6.469941139221191,35.578800201416016,64.6884491443634,51.751763582229614,22.640573501586914,6.468457937240601,0.0
"108,147",2468.0384175840386,87.30184602737427,87.3021981716156,145.50522661209106,48.49189305305481,87.28573656082153,87.30184602737427,87.3021981716156,145.50522661209106,48.49189305305481,87.28573656082153,18371.714132153753,39788.82323572776,47759.13865815144,41320.34642059664,48276.99009513295,12193.275602921318,18361.99910768247,39850.22800896308,47821.771406021304,41381.7699390159,48324.26686269817,12358.226530809963,18361.99016936994,39892.2549102082,47857.466070284565,41395.92372693175,48424.47889406261,12426.118971129024,18361.993340098623,39905.17246101043,47896.25619374724,41435.24908521597,48513.12562554491,12452.504680700862,18514.782858871946,40134.01813751389,48006.1741055152,41534.783878674236,48605.67140355858,12511.501030731199,25.867321252822876,25.86753010749817,25.867293119430542,6.466602802276611,3.2330987453460693,0.0,38.8017795085907,35.56791305541992,9.70053482055664,3.23197078704834,0.0,0.0,45.2691924571991,64.66983962059021,22.634434461593628,6.464810132980347,6.466949939727783,0.0,9.697952032089233,6.4669904708862305,19.397278308868408,6.464385271072388,6.46528697013855,0.0,16.16683864593506,6.466306447982788,35.5600152015686,22.62758708000183,6.464989185333252,0.0
"109,147",2459.2163607265416,240.84027778401094,90.45384073257446,103.37537145614624,118.42810577224283,184.50118635682497,237.61015092625337,90.45384073257446,103.37537145614624,118.42810577224283,184.50118635682497,18189.004713479208,41848.86136834293,53585.75036265897,44942.09769948791,36305.34184133959,3526.7414467381495,18187.227639268425,41768.19667431606,53583.27885329303,44987.331357086405,36350.993652928104,3562.2861568974513,18221.286781194165,41914.545382492215,53707.29966861501,45016.412218654856,36348.16336340998,3591.770050064723,18192.21080625291,41946.40429250119,53781.57570004743,45050.447795099375,36374.4178692051,3608.609983805114,18340.8594707274,42131.46982987349,53907.55632560113,45030.60810138759,36417.86518849391,3618.9754791989044,50.24000655903536,87.22419333457947,58.14796996116638,35.537362575531006,6.460618495941162,0.0,16.152921438217163,25.84321618080139,32.304930686950684,16.152772426605225,0.0,0.0,19.381857872009277,35.534435987472534,29.076282262802124,12.92131781578064,6.461477518081665,0.0,22.610560178756714,32.305715560913086,29.07715606689453,26.186739643882305,8.247934321796192,0.0,41.99757218360901,43.788065784117755,24.400324933669147,58.160431146621704,16.154792308807373,0.0
"110,147",2497.3260417027514,1173.6868630016552,1243.2885646820068,813.7775835990906,414.41721734439625,432.355083100936,1147.850798186134,1230.3714213371277,797.6311523914337,407.95787915622486,422.6668289829703,28598.631479691525,49785.659250389355,40949.23955351512,22609.237290313198,13995.804348371541,411.12405675158783,28370.72524902026,49540.75977727853,40870.82026118485,22625.391655137493,13995.803006790196,404.6670040439157,28115.320533216705,49288.39211258421,40814.122630702754,22638.720592437072,13986.277796897699,404.6670257400064,28097.03689848956,49425.74381908903,40779.003791930634,22574.1802533131,13967.965126840736,414.35501116023346,28356.473624150894,49730.125501055816,40943.30162018795,22685.81557377553,14058.95788184895,414.35718363032623,308.22108107454636,435.96631121635437,274.49245500564575,100.10533809661865,29.06561279296875,0.0,393.9789535999298,561.900116443634,206.67647004127502,54.898165702819824,12.917715549468994,0.0,200.21266436576843,251.88514113426208,235.7372555732727,96.87958359718323,12.916507720947266,0.0,58.128026723861694,132.39430332183838,135.63408589363098,67.45363058669895,14.347832630194869,0.0,100.10485219955444,195.1881044471965,98.31033044702866,22.60521650314331,3.2285289764404297,3.2297964096069336
"111,147",2495.643095667881,122.97086037467508,45.17424297332764,22.583671808242798,33.323967613893394,38.71566033363342,116.51735199759989,45.17424297332764,22.583671808242798,33.323967613893394,38.71566033363342,30991.179823099395,46789.822093288574,46539.74529261121,29766.611295673894,18644.464354665608,1499.3726497491202,30774.55918696908,46535.634577421115,46273.2747883404,29543.856824296126,18473.453119434096,1509.0529664357505,30489.482934111238,46368.89297953026,46163.57744594462,29418.014380353103,18317.277101842094,1496.1449161370597,30462.209685014277,46065.512449372996,45780.28487041043,29109.598964496687,18035.884220917083,1521.9602828820548,30587.012147419126,46062.06165709029,45672.97549498688,29043.993646506704,17985.07005179536,1525.1865392525992,45.17727780342102,35.846633089289945,19.359763383865356,6.45319128036499,9.68048644065857,0.0,6.454273700714111,12.907901525497437,22.586398124694824,3.2256696224212646,0.0,0.0,0.0,12.904801845550537,3.2260522842407227,6.452817678451538,0.0,0.0,6.453069686889648,17.19163886519039,3.2262463569641113,6.453012704849243,0.0,0.0,9.678860902786255,9.679309606552124,16.13181161880493,3.2256782054901123,0.0,0.0
"112,147",2493.809478762586,287.46408228780706,257.99783539772034,342.1787271752077,405.2998674729291,161.65120143329398,287.46408228780706,257.99783539772034,338.95314290663777,405.2998674729291,158.4257726136376,21987.058284400493,46305.16146144867,56581.73215751835,36561.69417264508,21564.40497551712,1134.2476198514303,21669.857857058098,45989.11978002996,56317.74735975359,36431.554290119806,21455.949618896782,1140.6975273927053,21263.20751985569,45569.09333747508,56066.61044367061,36223.04386144713,21296.185520617164,1098.7885179360708,21244.250920203154,45449.39175442434,55979.96081078754,36154.12372821546,21244.600617853797,1085.8925249417623,21238.58445899627,45324.68825550266,55917.18410646776,36113.857484840875,21166.82212216059,1060.103321059545,48.37466049194336,116.14633025655559,99.96646165847778,22.97662988083035,0.0,0.0,54.830886125564575,109.65523028373718,77.3866879940033,16.125030994415283,0.0,0.0,64.50328588485718,139.0172772659975,87.06376361846924,41.91968297958374,6.4491331577301025,0.0,96.7583339214325,160.19723232774174,87.07352685928345,54.82291269302368,6.447861671447754,0.0,39.109081215016985,64.49924635887146,35.47114562988281,12.897240161895752,6.449059247970581,0.0
"113,147",2491.692179530513,119.62933959212958,83.78373694419861,103.56455958310295,174.4212903836194,80.56065726280212,119.62933959212958,83.78373694419861,103.56455958310295,174.4212903836194,77.3383309841156,12015.914201584985,29556.267351743278,39769.26993212513,31420.58776471942,34212.71232327573,7620.7266258856835,11873.731934260388,29290.427850195007,39585.44682565296,31313.907941720063,34173.67879934778,7555.063631231646,11663.862840970358,28939.63110372412,39285.53355373775,31095.069603622665,34005.985800935705,7461.620856220583,11391.460942169266,28575.060878535813,38993.37905116361,30987.6357476917,33951.99540030723,7461.612116749147,11401.103811880188,28556.364867642344,38972.361821964674,30882.32769650478,33775.87427540386,7395.967388357837,26.18462075439154,38.668596029281616,32.223673820495605,19.331369400024414,3.2210795879364014,0.0,3.2214221954345703,41.89306402206421,35.447614431381226,3.2216362953186035,0.0,0.0,22.55878734588623,45.153745662464814,13.29546844258028,12.890356063842773,9.666202068328857,0.0,35.44869899749756,64.8580832341138,45.11614680290222,22.555888652801514,6.442472696304321,0.0,32.22548985481262,29.004590034484863,9.666409492492676,3.22053599357605,3.2213056087493896,0.0
"114,147",2489.6834429857277,6.440009593963623,0.0,3.2201154232025146,12.881563663482666,0.0,6.440009593963623,0.0,3.2201154232025146,12.881563663482666,0.0,4860.332101736817,10997.173047382692,14910.844321107861,14455.931725053226,22363.75482684023,8436.040877885443,4741.2228046996925,10839.437432765963,14734.166786439744,14305.840317266126,22127.744819839325,8345.884601182563,4645.856372649997,10791.1480050087,14703.595351694143,14295.472792703029,22222.56180493972,8471.013350550333,4487.476183349945,10607.677802324297,14461.129196092194,14132.412172167908,22113.782484848358,8501.223469197515,4548.641042406418,10619.484205490002,14415.491398000717,14074.238845388561,21972.323164808982,8567.596598719614,0.0,0.0,3.2199645042419434,3.2200450897216797,0.0,0.0,0.0,0.0,0.0,0.0,0.0,0.0,0.0,3.2201154232025146,0.0,0.0,0.0,0.0,0.0,0.0,0.0,6.44077205657959,6.440791606903076,0.0,0.0,0.0,0.0,0.0,0.0,0.0
"115,147",2487.4016820980983,0.0,0.0,0.0,0.0,0.0,0.0,0.0,0.0,0.0,0.0,8887.111154056061,10195.230600785273,12429.331752759334,10733.83376856411,15760.90511343339,5278.5629187406275,8788.633940563948,10054.931780185887,12264.281387705894,10595.945857721215,15579.11431824834,5261.673253648421,8336.002346615698,9792.03873298776,11872.248445483749,10237.327109536003,15166.618824366962,5147.923213823168,7795.078546612869,9420.54263955378,11543.513269043902,9955.537624620923,14803.091923648235,5025.735218150942,7746.863628714691,9273.103225119909,11454.687119698057,9853.349380121044,14669.23122866668,4961.4226132467675,0.0,0.0,0.0,0.0,0.0,0.0,0.0,0.0,0.0,0.0,0.0,0.0,0.0,0.0,0.0,0.0,0.0,0.0,0.0,0.0,0.0,0.0,0.0,0.0,0.0,0.0,0.0,0.0,0.0,0.0
"116,147",2484.971953574503,0.0,0.0,0.0,3.2142906188964844,0.0,0.0,0.0,0.0,3.2142906188964844,0.0,7140.211559177847,10948.041863076825,15908.966108115514,16129.63829348695,33779.95226091404,22502.00327077753,7120.53066202145,10886.993600480695,15921.430551106321,16126.411321383832,33593.939072667854,22324.896278681474,6940.19952875399,10752.006053136374,15779.621539822745,16057.133729224111,33291.15404096772,22122.068933945076,6787.056630734836,10675.38414421923,15664.66238779741,15934.645174401412,33008.764889634826,21820.110100489037,6799.489893071792,10714.626919538834,15714.625637006759,15888.927662444581,32928.419748224,21653.46258481811,0.0,0.0,0.0,0.0,0.0,0.0,0.0,0.0,0.0,0.0,0.0,0.0,0.0,0.0,0.0,0.0,0.0,0.0,0.0,3.2142906188964844,0.0,0.0,0.0,0.0,0.0,0.0,0.0,0.0,0.0,0.0
"117,147",2189.8278897507053,0.0,0.0,0.0,0.0,0.0,0.0,0.0,0.0,0.0,0.0,7133.420440085729,4664.004128814212,6527.885886124068,7788.998242194045,24093.904587798024,37132.04937747413,7101.32007039388,4673.620255113116,6540.708094767027,7811.480064684737,24099.513877265592,37206.157139390125,7036.515076545641,4696.905596015033,6515.038503578597,7856.020025578667,24112.762240719327,37173.74853988629,6869.247585033903,4706.538084981021,6502.195923736983,7811.0688815986405,23951.06472700998,36676.14326422168,6972.265164765189,4828.917776749181,6672.341214588576,7949.099205819298,24249.908330670525,36792.09121856222,0.0,0.0,0.0,0.0,0.0,0.0,0.0,0.0,0.0,0.0,0.0,0.0,0.0,0.0,0.0,0.0,0.0,0.0,0.0,0.0,0.0,0.0,0.0,0.0,0.0,0.0,0.0,0.0,0.0,0.0
"118,147",784.4799945531832,0.0,0.0,0.0,0.0,0.0,0.0,0.0,0.0,0.0,0.0,630.4657423786088,285.505806016922,240.30067047418333,271.01022013682945,833.965532272937,1668.830851910161,604.8112082771225,285.505424785614,237.0917046958325,271.41181715890474,833.9628021417878,1661.7541678213606,569.5573019111857,283.0277758916219,220.65316836787204,261.78981264993257,808.3012137113833,1652.8406998980277,527.1500857717851,270.19795740445454,211.03273241473178,246.38178645489262,769.8169889150881,1588.3909432654286,482.25411757300884,266.990213282903,207.82544271899204,246.38137732861088,772.30775810223,1606.3189791193195,0.0,0.0,0.0,0.0,0.0,0.0,0.0,0.0,0.0,0.0,0.0,0.0,0.0,0.0,0.0,0.0,0.0,0.0,0.0,0.0,0.0,0.0,0.0,0.0,0.0,0.0,0.0,0.0,0.0,0.0
"96,148",437.9247897141927,0.0,0.0,0.0,0.0,0.0,0.0,0.0,0.0,0.0,0.0,14879.153545119714,10845.975654409445,3521.773484947167,845.3184398557626,305.53884239196776,9.717217922210693,15089.102458457384,11096.814314474777,3604.184374397876,860.9547354520536,299.0607680797577,9.717217922210693,15233.054678007198,11344.048071446137,3662.1185788650137,868.8681128006356,312.0170509338379,12.956302881240845,15321.943264591924,11430.282862517412,3676.510063665988,875.346221445121,308.7780186653137,12.956302881240845,15466.40426822737,11752.751427679435,3832.822369436189,898.0196640472786,323.16961051623025,12.956302881240845,0.0,0.0,0.0,0.0,0.0,0.0,0.0,0.0,0.0,0.0,0.0,0.0,0.0,0.0,0.0,0.0,0.0,0.0,0.0,0.0,0.0,0.0,0.0,0.0,0.0,0.0,0.0,0.0,0.0,0.0
"97,148",2505.502855363687,0.0,0.0,0.0,0.0,0.0,0.0,0.0,0.0,0.0,0.0,118592.76273112203,78310.79750312075,17692.131343513378,2608.271374795951,569.0087956428528,3.239123821258545,118712.20557234802,78540.15143913566,17820.25328441227,2641.071219808915,569.0087875366211,3.239123821258545,118922.03473412665,78732.58671079241,17878.491996826844,2653.392607603821,588.4440747737884,3.239123821258545,118965.20449693716,78926.21524168462,17967.738353123383,2679.304265414032,594.9223288536072,3.239123821258545,119221.10719950713,79342.28290480073,18175.047543396668,2711.6956080539553,616.1479560852051,3.239123821258545,0.0,0.0,0.0,0.0,0.0,0.0,0.0,0.0,0.0,0.0,0.0,0.0,0.0,0.0,0.0,0.0,0.0,0.0,0.0,0.0,0.0,0.0,0.0,0.0,0.0,0.0,0.0,0.0,0.0,0.0
"98,148",2505.8109193602477,0.0,0.0,6.4797585010528564,3.239784002304077,0.0,0.0,0.0,6.4797585010528564,3.239784002304077,0.0,93678.24104630994,101956.29564077061,23655.403256694004,2037.5820680655684,165.22698283195496,0.0,93920.00473221144,102059.96721250218,23629.4847245609,2037.5822135009016,168.46673727035522,0.0,94052.11406734504,102247.06019920649,23642.443213263676,2044.0616587199415,168.4666199684143,0.0,94084.82523707129,102251.43023487447,23580.88710884206,2037.5820768870558,165.2269790172577,0.0,94142.73099730717,102140.86709383423,23542.010791340992,2040.821618894502,161.98720240592957,0.0,0.0,0.0,0.0,0.0,0.0,0.0,0.0,0.0,0.0,0.0,0.0,0.0,3.2398922443389893,3.239866256713867,0.0,0.0,0.0,0.0,3.239784002304077,0.0,0.0,0.0,0.0,0.0,0.0,0.0,0.0,0.0,0.0,0.0
"99,148",2505.9649769539706,3.239943265914917,6.479979038238525,19.439889669418335,9.719963312149048,145.79923915863037,3.239943265914917,6.479979038238525,19.439889669418335,9.719963312149048,145.79923915863037,88866.80129820413,95009.57611897975,18592.86099239518,1000.9928371036755,64.39237793286641,0.0,89190.39305039575,95326.68681162012,18648.346777038016,997.7528556907879,64.39237793286641,0.0,89638.71782980152,95724.79721601243,18690.059745513696,997.7528733337628,64.39237793286641,0.0,89895.4003080901,95806.20363786082,18657.660623513955,994.5129634464489,64.39237793286641,0.0,89996.24640530044,95849.1356742214,18677.100424216776,991.272928389381,64.39237793286641,0.0,3.239943265914917,0.0,0.0,0.0,0.0,0.0,0.0,6.479979038238525,0.0,0.0,0.0,0.0,9.719937086105347,6.479954957962036,3.239997625350952,0.0,0.0,0.0,6.479982137680054,3.239981174468994,0.0,0.0,0.0,0.0,77.75956344604492,68.03967571258545,0.0,0.0,0.0,0.0
"100,148",2446.5337570597435,77.33851152027354,42.11883521080017,138.5539280386532,111.52892006425296,27.710874633228077,77.33851152027354,42.11883521080017,138.5539280386532,111.52892006425296,27.710874633228077,60756.091082550505,54902.124780732505,25436.14993505758,4003.824021129982,265.67792224884033,0.0,60595.50250481999,54792.32278310084,25383.967810052978,3997.34411314048,265.6779363155365,0.0,61207.707943118796,54778.06708917805,25377.487801450836,3981.1442044071123,262.43796372413635,0.0,62191.7015094056,54652.179198667116,25320.617595019055,3956.673094225865,252.718003988266,0.0,62294.455272549276,54567.190678037376,25229.213312384658,3938.681866046494,252.71804356575012,0.0,9.719714403152466,54.3161272020901,13.302669915030986,0.0,0.0,0.0,9.71973466873169,22.6793794631958,9.71972107887268,0.0,0.0,0.0,58.31857633590698,37.77350782226114,30.950667218601,11.511176661884084,0.0,0.0,17.99105151120354,29.50216499216416,55.7644255806418,8.271277980243458,0.0,0.0,8.271345452701343,16.199628353118896,3.239900827407837,0.0,0.0,0.0
"101,148",2505.8109193602204,188.24135922076655,155.5135383605957,1183.207857540542,1884.0888113236895,2042.5350999813454,188.24135922076655,155.5135383605957,1183.207857540542,1884.0888113236895,2042.5350999813454,71476.83885519084,102309.29098250633,47267.68862521135,6424.884381786981,389.8395204347723,3.2397704124450684,71549.35904148046,102322.21322560965,47290.736379741225,6421.6446280638365,389.8395204347723,3.2397704124450684,71525.24557235849,102248.43425920431,47206.50127947191,6424.884555832544,386.59972546521357,3.2397704124450684,71386.7472099351,101664.5615182437,46779.57845272643,6373.783500708784,386.5996749204748,3.2397704124450684,70823.05583739936,100735.12974249806,45995.20083229495,6242.753051320243,383.35981748524836,3.2397704124450684,16.19913363456726,117.33306192416771,54.709163662031585,0.0,0.0,0.0,12.959271669387817,74.517014503479,68.03725218772888,0.0,0.0,0.0,116.6348524093628,601.5080857024473,410.72408316369155,54.34083626504038,0.0,0.0,160.18889832309648,824.6914166974087,768.177908631867,127.79073023609087,3.2398574352264404,0.0,182.86541056446,1023.7875778675079,745.1659257411957,87.47634530067444,3.239840507507324,0.0
"102,148",2505.5028553637358,472.5386789798737,268.86749291419983,1334.2039323236427,2064.8348015009187,1785.0602991160224,472.5386789798737,265.6281530857086,1330.9644894983253,2064.8348015009187,1785.0602991160224,44999.400090744915,103820.54285115447,64343.968886457704,14974.276791593142,1996.9055395014148,3.2394237518310547,44908.69623642248,103563.19876272538,64171.9268993976,14948.00713839344,1983.9479939825396,3.2394237518310547,44808.27683048529,103299.4137282381,63923.30953355209,14867.377908965655,1948.3160827047686,3.2394237518310547,44348.289348414364,102461.5045749356,63325.513854103454,14712.970415056456,1932.1195814497332,3.2394237518310547,43947.01392860412,101529.62637610809,62465.28065692958,14515.775347935922,1922.4024410135607,3.2394237518310547,48.59085249900818,203.67214832305908,187.88262009620667,25.91426134109497,6.478796720504761,0.0,38.87197232246399,110.1389708518982,100.41970610618591,16.197503805160522,0.0,0.0,106.89767909049988,627.3530329068501,461.7422956214232,128.49283297856647,6.478648900985718,0.0,242.94740200042725,832.1306736796511,808.7590721448262,168.04078765008964,12.956866025924683,0.0,252.66909790039062,726.2594239309723,627.613458513746,168.80045664170208,9.717862129211426,0.0
"103,148",2505.0408873151828,951.4236123290716,582.5981959801094,1489.0511465044583,2597.1350403262118,2965.3773255722194,951.4236123290716,579.3597261410133,1485.8121814699734,2590.6576323939303,2958.899272479263,33845.60398747126,96631.4496425208,70582.36534296017,18675.541180418986,2883.761369793088,139.26113295555115,33584.07267277848,96171.3924749524,70322.31428213214,18562.544049189135,2880.523018686444,139.26113295555115,33351.24412351963,95653.60833668616,69955.93744922153,18448.83666853811,2828.704720108182,129.54526805877686,32862.20032435773,94879.59258022123,69386.26877957046,18358.153819607753,2806.034417001874,119.82935285568237,32365.01393137446,93655.43368089621,68455.06374928624,18122.083635426505,2793.079341022641,119.82935285568237,213.75968432426453,401.60194993019104,255.09543606907715,74.48941946029663,6.47712254524231,0.0,100.39451265335083,239.66057896614075,184.24743790439533,55.057196617126465,0.0,0.0,310.90694880485535,618.194786118526,456.3132476311104,90.68154215812683,9.715656757354736,0.0,451.4389519485773,1091.7745219277401,846.6427373521468,184.60803389549255,16.193387269973755,0.0,546.5465597386453,1306.2000667702916,918.6636975045298,184.24995577475605,3.238992691040039,0.0
"104,148",2504.4251686636176,507.91495431357737,829.2651901740654,1671.2099473971946,1137.920572717517,712.7178977031334,507.91495431357737,826.0270333785637,1671.2099473971946,1137.920572717517,703.0032821197136,34431.63105874249,78261.69935850723,60117.761275457866,25134.346360537587,15630.620958091698,3553.4609995991577,34159.61757068821,77831.1291397665,59894.036382737824,25019.268558438624,15608.36220457881,3518.252392996059,33903.449585437775,77327.80556359197,59486.052018503106,24870.31979530653,15468.723745824776,3430.828984487758,33420.9577562809,76341.61224125787,58986.63210529719,24744.038510974253,15475.198029519997,3482.6331851370196,33329.53847253089,75756.80803879476,58468.263297338104,24527.154744046347,15323.022560836755,3404.9228012449603,74.4778835773468,267.94805415377897,116.92149906345442,45.32976698875427,3.23775053024292,0.0,126.28268718719482,330.2695167064667,256.1519322890862,103.60994219779968,9.712954998016357,0.0,401.53587436676025,764.1964776515961,401.8649440307243,93.89923667907715,9.713414669036865,0.0,171.97245674320294,476.32376461216046,360.11175260917815,123.0372109413147,6.475387811660767,0.0,106.85788655281067,284.9418294429779,246.44552831836774,58.282647132873535,6.475390672683716,0.0
"105,148",2503.6559038633413,274.7610112190247,388.46754121780396,663.6419670581818,744.571780204773,385.2317774295807,274.7610112190247,388.46754121780396,663.6419670581818,741.3346893787384,385.2317774295807,23151.815403129534,62119.37376811738,64368.0264993303,39155.24545032184,20751.64413505629,2286.8136339589664,23012.62515797802,61706.88605769663,64066.990473090904,38968.276163012386,20706.32180748921,2283.5765211984226,22854.009467269858,61377.79052418822,63753.78601442692,38706.079593808056,20573.20599455366,2260.9192619725773,22675.977114107092,60886.50698262664,63186.27890032693,38492.84108696265,20489.45525940166,2244.7348399564335,22543.259897376975,60533.62549891192,62776.60659369674,38282.4319156198,20415.002719394834,2189.710659544141,22.660950899124146,83.76389799118041,77.69438171386719,67.98210406303406,22.659676551818848,0.0,22.66050148010254,87.40627074241638,135.96376180648804,113.3023533821106,29.1346538066864,0.0,55.03370213508606,220.1361846923828,275.16808700561523,100.35539269447327,12.94860053062439,0.0,58.26981258392334,200.71169090270996,252.50744247436523,190.998370885849,38.84737253189087,0.0,32.37208819389343,142.43886995315552,129.48928213119507,61.50774693489075,19.423790216445923,0.0
"106,148",2502.7333482504773,281.3811269853629,205.2749629245085,525.0502701263802,398.67793918777915,104.2550401799819,281.3811269853629,205.2749629245085,518.5796516399757,398.67793918777915,104.2550401799819,22371.707898228775,54804.11017577602,60054.52416249258,40659.491844980395,35028.781670772325,5735.877952230678,22278.270899134986,54637.646534662636,59921.954749177494,40509.20448603443,34977.72198870602,5706.751448286281,22262.09243114602,54519.71494432152,59857.21341426233,40508.88112905165,35032.72503474179,5736.269543657116,22184.117947515784,54236.52218619796,59724.24112719462,40430.81626828231,34863.821283092686,5736.264950284771,22148.123932764574,54221.71253326268,59737.189272528085,40437.286958771125,34797.96026362157,5693.384785639071,16.17663812637329,116.47164750099182,84.0285299871482,54.99853515625,9.70577621459961,0.0,48.531837940216064,66.15397312500897,58.235503911972046,25.882660627365112,6.470987319946289,0.0,55.31822790819055,217.807079076767,143.71168877190235,77.64850497245789,24.094150910657994,0.0,48.53064513206482,120.4328818433425,135.8863127231598,55.002134799957275,38.82596468925476,0.0,10.42870737244101,35.58949899673462,25.883375883102417,16.17692542076111,16.17653250694275,0.0
"107,148",2501.657807887628,1711.9014581698998,1003.2852627623315,1786.1482280506807,526.0643903844497,264.0809917160109,1702.1974808234795,1000.0508820402856,1782.9139012112337,516.362256490483,254.37860986672194,18834.098683318905,46661.776488146126,50374.72205342311,38110.01367745119,39271.01819754021,7162.863864819209,18637.20553207117,46119.19652412452,49738.66259639964,37666.89349247895,38921.38814880708,7091.702880303065,18507.82269239145,45897.86091265959,49508.694833936876,37480.0077836205,38840.509751103906,7075.52572576205,18304.761918368058,45345.467915145084,48964.23536132551,37143.216153146706,38680.24010506892,7085.224731842677,18382.396051945405,45403.602366108054,49001.61181721874,37126.243531963875,38719.767770271676,7121.208849758261,171.0189137103511,464.95092735664514,516.789752180436,397.42495336813084,152.01293420791626,0.0,129.37778902053833,282.7907996738658,281.00340764475806,196.90269108099096,109.97619462013245,0.0,199.82031911120697,519.328271074856,547.6901773536906,336.39101219177246,179.6841214797076,0.0,54.985350370407104,141.1864695184371,113.20006251335144,119.666330575943,84.08992958068848,3.234113931655884,18.681531656489653,67.5165922464109,90.55698800086975,48.512420415878296,29.111077547073364,0.0
"108,148",2441.4297059923156,1730.2790934104546,1173.9194339518453,2652.914958356408,939.6162105906244,510.416022977642,1714.1151188869103,1164.222755313387,2646.4492567763605,920.2201506006952,510.416022977642,16788.76634374974,37994.582293088766,36892.94751378601,24808.86245980263,25487.098234082205,11774.117792079964,16548.8746230088,37491.09961244079,36410.66809318674,24648.024619100608,25613.150853777868,11897.746545716827,16319.355744838715,37129.44319226789,36064.7813416266,24581.669013479644,25870.38285055628,12224.252350732391,15891.753087215799,36289.738014968236,35240.79788867819,24276.005677288653,25851.414616576363,12317.335383770513,15920.119623397379,36196.35144620316,35141.15396126578,24244.456942828496,25921.65832686144,12327.261116618736,252.13322830200195,571.7702499978683,593.5932653791764,215.78696432300643,64.66542053222656,16.165990352630615,164.85769176483154,394.3781187534332,409.32411776149974,156.86544491730484,38.79738211631775,0.0,395.9830494207494,933.458978883893,829.6370248962851,348.75261008131736,132.15107151573778,6.466521978378296,132.14990655300664,313.6084942817688,261.07053205733206,155.19270634651184,42.03325152397156,16.165259838104248,64.65954446792603,148.3096017454185,164.88394975662231,90.52976942062378,38.799659729003906,3.2334978580474854
"109,148",2486.7710540739236,542.4159653972176,891.3755377133688,1470.2932832241058,504.1002218723297,150.41995391004224,542.4159653972176,884.9123721917471,1463.8297641277313,491.17540097236633,150.41995391004224,20940.357531404497,43673.20664806459,43440.669908129945,31634.597500043754,24973.599710679526,4490.929287341061,20886.522909475774,43653.55577741884,43407.9598300242,31610.532694861467,25151.180787147263,4556.267688858742,20784.543805453355,43459.27184790723,43321.51640362179,31594.044117924746,25256.704575076765,4662.5001526841925,20510.93069026797,42979.81399166163,43039.9651405054,31345.246115204864,25302.244942719328,4731.059027683968,20492.248513401253,42993.1910065894,43098.5250434782,31371.081140038543,25423.249025418714,4804.696176008149,57.750881750443405,158.31497144699097,203.56316328048706,93.70566844940186,25.84998607635498,3.2312943935394287,184.18635892868042,268.2067370414734,273.8598132451375,152.1958592414856,6.463603734970093,0.0,284.37283277511597,513.8031475543976,332.8299951553345,274.6584961414337,58.165292501449585,0.0,103.3993067741394,158.34155368804932,116.33299279212952,61.395134687423706,45.24321532249451,6.463197708129883,45.2370126247406,40.56157478444717,42.00184154510498,16.15594720840454,6.463577747344971,0.0
"110,148",2497.517095714043,261.15931251282785,135.2215908499325,109.78816866874695,87.1803789138794,133.8276670811223,254.7001576685438,131.99323258119472,109.78816866874695,80.72206974029541,130.59899386144153,24591.341623880355,50832.65367821245,41840.82614869978,22047.95773187525,12617.127482335709,1266.761060812894,24212.256442155092,50176.995131133575,41527.88326352251,21894.83631202566,12506.958776476804,1253.84674725813,24007.016080885303,49974.56806258875,41438.56085160667,21838.485019152766,12481.123065951291,1253.8452681092654,23940.670269601484,49895.29780873411,41327.96494295738,21786.828942597145,12423.408917110108,1253.8436912087832,23997.726528420164,49970.234925587974,41390.79439161432,21809.032135543635,12481.175649153953,1239.8644435405731,29.060953378677368,93.6442699432373,74.2751579284668,35.11563899750803,22.604137420654297,0.0,51.260902258929086,38.751266956329346,16.147040843963623,16.145961046218872,9.688061475753784,0.0,29.057032346725464,19.37634301185608,25.834959745407104,19.373934984207153,16.145898580551147,0.0,6.456955671310425,16.145302057266235,25.831408262252808,16.14459538459778,16.143808364868164,0.0,25.8304603099823,49.870349490408806,32.29337406158447,16.147448301315308,6.457361698150635,0.0
"111,148",2495.8336843663606,87.12967538833618,41.95266032218933,54.86260223388672,67.76856827735901,58.091140270233154,83.9030213356018,35.49858570098877,54.86260223388672,67.76856827735901,58.091140270233154,14779.077350299498,31510.43604335878,33018.73040014342,22764.76799053491,22081.30743227192,5856.975739232231,14824.385219683367,31572.4137531187,33037.807494795554,22767.587375942865,22084.52367696388,5850.515599003959,14792.507034844044,31543.645314656045,33004.45086510602,22798.502730231186,22084.52034601791,5798.889777175117,14724.32572960947,31524.605276626695,33072.96063570135,22856.53240309696,22120.002899631792,5779.5328807746655,14809.308558637955,31522.730872414155,33109.78921174442,22862.9730206583,22101.981579957283,5713.255350679509,6.4543397426605225,35.49808430671692,25.814705848693848,6.45443868637085,9.681452751159668,0.0,3.227250814437866,6.45415186882019,16.135462284088135,6.454485893249512,3.2272348403930664,0.0,6.4534010887146,16.137258052825928,16.137346506118774,12.90736174583435,3.2272348403930664,0.0,9.682116508483887,16.13626265525818,25.81566548347473,12.906625747680664,3.227897882461548,0.0,3.2269418239593506,19.36583423614502,25.814788818359375,6.455732583999634,3.2278428077697754,0.0
"112,148",2493.999571900861,981.5045164257872,1105.8888952732086,1349.4576278162938,978.9895749232348,682.7302722556918,975.0567343861449,1102.6649086475372,1336.5601172877293,972.5411040923175,673.0570854766696,36870.24888548664,60854.866926316645,52060.4787630156,25090.04220682032,10816.828793435003,318.89776341120404,36519.59840322663,60316.82881710387,51712.17434192545,24916.749591341202,10789.827137581506,315.6724392573039,36149.22895216381,59633.29328510619,51370.83455349978,24739.427063694184,10718.901648155846,309.2230092684428,35820.341029614094,58947.23203800332,50928.37448066917,24568.613630217198,10628.976069031509,309.222847143809,35625.692021132454,58638.11353523591,50689.77856769374,24442.869746369008,10571.34490605429,302.77281681696576,193.46174836158752,363.9360863844554,289.1048681764042,109.21157035453646,19.342461109161377,0.0,228.92678475379944,470.73661279678345,248.25398445129395,128.95745515823364,25.790071487426758,0.0,267.216567957635,557.0876255287844,341.74458360671997,116.06036877632141,54.45097141826854,0.0,257.9460051059723,341.0105136693693,260.7477098782857,83.82164216041565,29.015233278274536,0.0,135.02315216625436,238.59166526794434,222.06592717638202,64.47844362258911,12.897897243499756,0.0
"113,148",2491.88173462159,1419.2642417627221,962.9803477960475,1246.7132616585377,889.2541331852184,702.4105026721954,1374.1593657213098,940.4256803232081,1224.1609736031178,857.0338983143077,670.185574054718,16280.236682185005,37991.737741949975,45791.85715387755,21557.969209318537,8899.372832346897,1477.2984369595847,15988.130678086189,37486.757704333686,45149.74775106019,21310.547182622613,8851.045265246372,1470.8572765191398,15818.197057580948,36990.461535307,44525.774375501336,21061.53320862826,8796.679689972074,1435.4248779614768,15524.654331958061,36459.04263280606,43940.23254690076,20871.865132334653,8753.362016819037,1432.2041443188987,15617.355492256202,36266.522290122266,43634.53901632907,20697.857041904037,8724.358124874152,1431.1301759084067,170.36026774200738,399.1043548219344,543.7039694795421,219.10230231285095,41.888471364974976,0.0,76.92132036265205,283.5364148616791,396.3088843822479,141.77415323257446,38.6628680229187,3.2220394611358643,122.42713570594788,386.91970309650196,501.81280686247584,161.09622764587402,51.90510029231801,0.0,106.33147740364075,273.81750508196217,293.21748065948486,157.89035654067993,25.77707862854004,0.0,48.328449964523315,196.53874588012695,277.0967707633972,125.66876173019409,22.55284571647644,0.0
"114,148",2489.8724655106016,171.7266262362985,167.44060587882996,193.17251443862915,141.6652865409851,126.98322212836322,171.7266262362985,167.44060587882996,193.17251443862915,138.44644021987915,126.98322212836322,10998.542514840294,22949.61018606354,33288.602958319236,30476.80913502656,39734.70774089683,10183.720095874749,10831.867226944718,22589.412132927948,32906.56566512631,30162.063820749172,39487.85819779285,10135.424836399041,10720.977174028696,22451.327933779885,32727.032464939937,29986.709122310902,39586.84739976397,10193.773199801351,10591.782292874654,22282.88057493322,32521.782431521133,29930.153302654566,39595.33873692682,10230.602839806501,10533.086310113646,22084.689840323317,32177.033313947566,29673.007871888665,39525.921083843954,10138.305364782671,12.880323886871338,70.84302425384521,49.36398680911344,28.980783939361572,9.658507347106934,0.0,12.880806922912598,45.08038687705994,74.05893516540527,22.540252685546875,12.880224227905273,0.0,16.101362943649292,45.07741689682007,51.514453649520874,61.167686462402344,19.311594486236572,0.0,9.660140037536621,28.981053352355957,48.29169774055481,32.197345495224,19.316203594207764,0.0,16.099863052368164,17.525071026297177,45.074506521224976,28.975146055221558,19.308635473251343,0.0
"115,148",2487.590137240261,6.435090065002441,6.435154438018799,0.0,0.0,21.084433319989373,6.435090065002441,6.435154438018799,0.0,0.0,21.084433319989373,6869.611659380033,12777.81886128351,18387.989352114997,23364.16631811647,49289.547698992385,32061.788539413377,6774.54432533395,12693.773742816029,18345.747789325902,23293.952942950116,49181.966984790924,31953.3303158545,6734.164744118148,12688.808996043485,18277.57174972553,23252.127378804074,49146.176522000635,31967.427118813757,6695.554864624434,12661.693136673348,18256.497569593732,23216.126015758517,49333.53084796925,32193.967225351524,6745.57220229448,12743.875461192225,18274.006078831357,23244.662042184907,49268.47360863779,31955.386586759603,3.217550277709961,3.2175397872924805,0.0,0.0,0.0,0.0,3.2176146507263184,0.0,0.0,3.2175397872924805,0.0,0.0,0.0,0.0,0.0,0.0,0.0,0.0,0.0,0.0,0.0,0.0,0.0,0.0,3.217625141143799,4.99667072576635,0.0,6.435100555419922,3.2175934314727783,3.2174434661865234
"116,148",2471.3926232111994,0.0,0.0,6.4234819412231445,0.0,0.0,0.0,0.0,6.4234819412231445,0.0,0.0,18747.42287613644,14460.540763790465,16973.35127067005,16985.6700964189,35237.75303295828,44032.408628043006,18503.67979234153,14325.644736940718,16870.964997263516,16882.861379644914,35129.90820365981,43880.908319685506,18359.110705789863,14194.652192219568,16784.783333308085,16805.763432762666,35043.566967615436,43773.54544449507,18157.52430140551,14098.275709256006,16780.186916531766,16809.39185751373,35042.38149672958,43879.00369424726,18212.52268851504,14053.313394888712,16776.996507109845,16748.364270815197,34916.42264768657,43728.985848326774,0.0,0.0,0.0,0.0,0.0,0.0,0.0,0.0,0.0,0.0,0.0,0.0,6.4234819412231445,0.0,0.0,0.0,0.0,0.0,0.0,0.0,0.0,0.0,0.0,0.0,0.0,0.0,0.0,0.0,0.0,0.0
"117,148",2482.582324636991,0.0,3.210336446762085,64.21554136276245,19.265443801879883,25.68755292892456,0.0,3.210336446762085,57.794660329818726,19.265443801879883,25.68755292892456,44389.78077964503,18432.991502509398,16788.754984304014,16305.283710941614,38724.3621678156,44745.61811358039,44110.116338309126,18401.618431248386,16750.229375049177,16289.227707609476,38641.685388962425,44646.802509704285,43724.8961558903,18308.92495402355,16663.571697160307,16202.972755146027,38566.40942370564,44532.35715492005,43210.87087762496,18155.55459231115,16583.314968749586,16138.769370031358,38547.19111907155,44616.869655326765,43078.90705309569,18070.968055405338,16487.436435619053,16087.410080385209,38448.11069419711,44516.278487251315,0.0,0.0,0.0,0.0,0.0,0.0,3.210336446762085,0.0,0.0,0.0,0.0,0.0,57.794660329818726,0.0,0.0,0.0,0.0,0.0,19.265443801879883,0.0,0.0,0.0,0.0,0.0,22.476728200912476,3.210824728012085,0.0,0.0,0.0,0.0
"118,148",2171.1504689851013,0.0,0.0,0.0,0.0,0.0,0.0,0.0,0.0,0.0,0.0,4517.3517327299305,8960.936877176808,13519.037657278659,17293.70972181021,52252.60935981414,61654.0233457369,4530.177577017803,8950.599507086883,13525.463486689212,17363.744270489267,52336.65812170739,61889.51996746717,4511.341550260432,8956.886049135994,13532.276787459617,17386.18566934829,52339.5103817463,61966.075002056,4492.103699117549,8940.145946275486,13506.618851601845,17380.168640804295,52325.29203053457,61972.83706498426,4476.072835355647,8950.08335107261,13474.556972682243,17357.728390169148,52155.33898087484,61663.13115326189,0.0,0.0,0.0,0.0,0.0,0.0,0.0,0.0,0.0,0.0,0.0,0.0,0.0,0.0,0.0,0.0,0.0,0.0,0.0,0.0,0.0,0.0,0.0,0.0,0.0,0.0,0.0,0.0,0.0,0.0
"119,148",640.4675605808214,0.0,0.0,0.0,0.0,0.0,0.0,0.0,0.0,0.0,0.0,175.35681971288196,289.5592969501719,483.3447323154001,688.4748198892556,1997.0838469654905,6611.516128088447,181.76367434239856,279.9507790649638,493.29299338284665,688.4747218992196,1993.8803457409726,6648.929393541112,175.35747464871875,283.1550072277293,496.49591620389157,694.8797323610269,1973.2566098446937,6532.747923095554,172.15394886708728,276.74801407701824,473.73401501879977,669.2515497114144,1904.1902400643216,6307.291566520579,168.95270308232776,279.95177231676433,480.14073875651644,678.8575971033059,1929.804055848776,6345.705602317698,0.0,0.0,0.0,0.0,0.0,0.0,0.0,0.0,0.0,0.0,0.0,0.0,0.0,0.0,0.0,0.0,0.0,0.0,0.0,0.0,0.0,0.0,0.0,0.0,0.0,0.0,0.0,0.0,0.0,0.0
"96,149",890.730079889056,0.0,0.0,0.0,0.0,0.0,0.0,0.0,0.0,0.0,0.0,34015.50778036211,22813.827256771157,6628.003360192916,1307.51941131517,292.6917865715775,6.4778664112091064,34180.15070904003,23053.69063909287,6705.738854568145,1305.3471571202372,292.69169716461033,6.4778664112091064,34235.848736491855,23295.114719929414,6767.279140632293,1334.49838793231,295.93059210403294,6.4778664112091064,34355.86859537853,23550.053996277788,6864.447925727508,1352.71279297249,299.169723554686,6.4778664112091064,34852.867441019356,24188.504759376185,7074.982367437026,1394.8195806540696,315.3647234879288,6.4778664112091064,0.0,0.0,0.0,0.0,0.0,0.0,0.0,0.0,0.0,0.0,0.0,0.0,0.0,0.0,0.0,0.0,0.0,0.0,0.0,0.0,0.0,0.0,0.0,0.0,0.0,0.0,0.0,0.0,0.0,0.0
"97,149",2505.6934070852412,0.0,0.0,0.0,0.0,0.0,0.0,0.0,0.0,0.0,0.0,122739.9589891817,64389.47536129111,12344.237098965923,1990.9285708174984,583.4371241092682,32.39242482185364,122909.94725512617,64531.060574248266,12379.867891345302,2007.1243437037747,573.7187617778778,32.39242482185364,123068.66951607817,64704.77218468517,12406.18637111327,2039.5185163722317,580.1978674888611,32.39242482185364,123062.18518184774,64678.930218875175,12367.311823870152,2062.193821023492,573.7183910369873,32.39242482185364,123523.96666673211,65068.12039192799,12541.510890660566,2094.5858669982235,570.4792886734009,32.39242482185364,0.0,0.0,0.0,0.0,0.0,0.0,0.0,0.0,0.0,0.0,0.0,0.0,0.0,0.0,0.0,0.0,0.0,0.0,0.0,0.0,0.0,0.0,0.0,0.0,0.0,0.0,0.0,0.0,0.0,0.0
"98,149",2506.0015647884456,3.2396492958068848,0.0,0.0,0.0,16.19916009902954,3.2396492958068848,0.0,0.0,0.0,16.19916009902954,103103.28181657138,98658.54825879546,21829.31563200857,1334.0537907450807,77.75440239906311,0.0,103087.08162798041,98652.06879044982,21783.959077023523,1330.8144447177065,74.51460909843445,0.0,103220.31843703962,98698.23866928885,21777.48012199308,1314.6155835955751,74.51460909843445,0.0,103077.77528975898,98689.64323404257,21767.761859559076,1317.855707582773,74.51460909843445,0.0,103188.33079694395,98677.08888383752,21710.170486440846,1314.6162745326174,68.03515291213989,0.0,3.2396492958068848,0.0,0.0,0.0,0.0,0.0,0.0,0.0,0.0,0.0,0.0,0.0,0.0,0.0,0.0,0.0,0.0,0.0,0.0,0.0,0.0,0.0,0.0,0.0,9.719516515731812,6.4796435832977295,0.0,0.0,0.0,0.0
"99,149",2506.1556693693274,0.0,0.0,55.079607009887695,71.27987408638,116.63959527015686,0.0,0.0,55.079607009887695,71.27987408638,116.63959527015686,100909.15584140665,104038.38876622985,18787.80848038898,827.2599475383759,6.479820489883423,0.0,100993.39367442972,104051.34834903548,18752.168738968234,820.7800302505493,6.479820489883423,0.0,101343.3077481354,104177.7078179724,18758.64871013866,817.5400493144989,6.479820489883423,0.0,101654.34221487887,104394.78618758987,18739.209352142672,814.3000526428223,6.479820489883423,0.0,101576.1787370018,104410.58016335168,18742.042933945562,807.8201808929443,6.479820489883423,0.0,0.0,0.0,0.0,0.0,0.0,0.0,0.0,0.0,0.0,0.0,0.0,0.0,32.39978790283203,22.679819107055664,0.0,0.0,0.0,0.0,32.399938344955444,35.639941692352295,3.2399940490722656,0.0,0.0,0.0,58.319883823394775,58.319711446762085,0.0,0.0,0.0,0.0
"100,149",2495.3782406271403,6.479831218719482,0.0,16.199564218521118,6.479825019836426,6.479896068572998,6.479831218719482,0.0,16.199564218521118,6.479825019836426,6.479896068572998,74834.66338964632,66240.84530714915,10375.56636337299,492.9217866813435,40.353147222481525,0.0,74784.98539797465,66283.37210498886,10407.966053285785,496.1617785846486,40.353147222481525,0.0,75037.29532287728,66406.0845847504,10433.886027136035,499.40177144162794,40.353147222481525,0.0,75045.38918250683,66392.71813568322,10397.051609393662,505.88183964841505,30.633429719887527,0.0,74496.63157733841,66369.41632206114,10410.011638518876,490.38090318231025,30.633429719887527,0.0,6.479831218719482,0.0,0.0,0.0,0.0,0.0,0.0,0.0,0.0,0.0,0.0,0.0,16.199564218521118,0.0,0.0,0.0,0.0,0.0,6.479825019836426,0.0,0.0,0.0,0.0,0.0,6.479896068572998,0.0,0.0,0.0,0.0,0.0
"101,149",2438.591975602638,6.479602575302124,6.4795215129852295,366.0839509963989,214.88501069966486,341.23059080067804,6.479602575302124,6.4795215129852295,366.0839509963989,214.88501069966486,341.23059080067804,57425.70539251496,86733.9085480802,23216.593695719104,2151.772008213342,620.0155240610534,19.438698053359985,57488.56719973228,86609.98442916774,23229.553107817035,2145.2926755278713,620.0157023981506,19.438698053359985,57263.76762644918,86510.78566514929,23174.287140943492,2137.8729093168295,619.8510801764096,16.199092626571655,57906.657493059305,86227.8669940378,23081.44083227457,2110.4818493824378,602.5862791706534,16.199092626571655,58295.73552983602,86081.39441801145,23013.405030387057,2091.04348988346,583.1486306358786,16.199092626571655,0.0,6.479602575302124,0.0,0.0,0.0,0.0,3.2396538257598877,3.239867687225342,0.0,0.0,0.0,0.0,119.86812853813171,217.05810523033142,29.15771722793579,0.0,0.0,0.0,98.25677440587212,100.42961120605469,16.198625087738037,0.0,0.0,0.0,130.65344880047968,187.89942717552185,22.677714824676514,0.0,0.0,0.0
"102,149",2482.6446331817488,191.13147735595703,84.22704291343689,220.2858121395111,138.2205291589101,203.01004656155902,187.89188194274902,84.22704291343689,220.2858121395111,134.98103340466815,203.01004656155902,51209.96161424318,131132.59518851392,35127.11245091755,4803.418705884148,1404.154843828725,184.64086079597473,51195.780578155136,130989.24406406925,35094.71756919224,4800.179706755806,1400.915245554494,187.88042068481445,51043.80820736137,130841.31048597541,35008.87873590973,4764.548144999672,1384.719067595052,168.44517350196838,50925.296725267515,130648.02225666888,34993.213352600724,4726.75259886536,1356.6422514335784,168.44517350196838,50858.20413452409,130592.9482474888,34977.01587812105,4723.511172874301,1350.1624693290862,165.20557522773743,55.07210612297058,110.14299464225769,22.676781177520752,0.0,0.0,0.0,29.155444383621216,42.11343193054199,9.718648433685303,3.239518165588379,0.0,0.0,80.98749995231628,136.058856010437,3.2394561767578125,0.0,0.0,0.0,76.66957267125447,55.07189631462097,3.2395644187927246,0.0,0.0,0.0,99.34512265523274,97.18578934669495,6.479134559631348,0.0,0.0,0.0
"103,149",2503.156890148525,438.3002396611606,204.02519965171814,594.1083735250959,832.6965386334589,1314.6168605159312,438.3002396611606,204.02519965171814,594.1083735250959,832.6965386334589,1311.7340480654848,43042.96647769891,116574.2593289366,43936.77631423053,5757.2174043225305,476.1076147556305,9.716488122940063,43010.16728074129,116342.61276454179,43885.92786880101,5757.216948466207,476.1076147556305,9.716488122940063,42799.529790727756,116025.67548648143,43750.660306622005,5728.068580346014,476.1080791950226,9.716488122940063,42509.4845563795,115582.70402451685,43633.717315103495,5711.875178770925,476.1080791950226,9.716488122940063,42286.63712358568,115146.39426267848,43542.32831585922,5695.681125836279,472.8691589832306,9.716488122940063,92.84846561095294,271.6768116717245,73.7749623784832,0.0,0.0,0.0,71.24669408798218,119.82442784309387,12.95407772064209,0.0,0.0,0.0,147.90243666312273,310.18713207338374,116.58682584762573,19.431978940963745,0.0,0.0,196.1246169539059,490.83391723352327,136.02191829681396,9.716086149215698,0.0,0.0,272.08349167692893,772.6310785536673,241.1111953165017,25.90828251838684,0.0,0.0
"104,149",2371.724362980385,883.8268002257627,1416.8530895139656,2026.827893703124,1284.1066733734278,1649.2084954439426,883.8268002257627,1416.8530895139656,2023.5895154167622,1277.6301661865382,1645.6149327913922,30292.347833472606,99659.04950497103,60862.69802931898,12022.289834796682,1784.8450280974894,12.95128846168518,30084.359478315655,99116.78057504448,60551.68758807463,11924.07473196516,1765.4178158591776,12.95128846168518,29905.037457588605,98402.79166963336,60164.02355601274,11860.398782789007,1752.4664179633646,12.95128846168518,29553.02100147453,97255.7138812037,59563.37693227039,11792.403186618581,1736.2774020980387,12.95128846168518,29457.115253369953,96560.59166792795,59152.69670866238,11754.626049259597,1739.5149800132303,12.95128846168518,140.44823730693145,444.7736381932801,240.32149677183114,58.28342795372009,0.0,0.0,169.5009633363462,730.5291519165039,435.8784494961009,80.94452476501465,0.0,0.0,270.6476762715508,1103.3716514222763,568.6225468270918,74.47192430496216,6.475716590881348,0.0,166.57364049238316,681.4535252122319,393.98353322347003,35.61946725845337,0.0,0.0,201.11624433947543,892.2508766482858,458.3481917474784,90.66177153587341,3.2378485202789307,0.0
"105,149",2442.9376407334594,780.1115610234878,1318.3138644190394,1633.1126739595452,1069.1250800385196,677.6422732568255,773.637874805226,1308.602832028445,1633.1126739595452,1065.8880361809452,677.6422732568255,27871.2676041547,67565.04651788542,51951.297829052986,20663.488519595645,9276.813782924766,925.6723413467407,27704.54464279343,67197.6177958666,51771.97006758429,20615.998502997787,9257.395752185936,919.1991491317749,27359.972786969764,66586.90851899407,51251.73277081041,20438.32602879112,9190.638688536254,909.489495754242,27015.19977310405,65931.92923495722,50743.8816327226,20270.809260594604,9161.505563469496,906.253258228302,26863.10356634925,65639.17630712377,50532.015245573195,20191.243801707842,9132.373013229933,909.4899716377258,132.41834376279047,379.16101613044736,207.0262804816751,51.7950553894043,3.2371790409088135,0.0,258.9690246582031,574.9875721566817,387.24313782243166,87.40309739112854,0.0,0.0,270.84759131693374,661.4438420351814,533.7092267597423,147.6896272014169,19.422386646270752,0.0,207.39906375267924,413.13119066743286,340.9680553492378,94.67792249847861,9.711803913116455,0.0,115.49122045834858,280.4115055953755,213.75744552425311,64.74489188194275,3.2372097969055176,0.0
"106,149",2465.261159535673,1025.9179934165056,2465.8384075183494,3418.288335900213,3180.038868213167,1992.4639787730048,1022.6824663779315,2462.6026949901207,3417.552508358862,3169.59760796416,1982.7576148566077,66499.88246940724,81513.52593908217,33137.300137527316,7077.206450713848,1752.5503063697442,113.39399419017866,66229.10917639731,81116.9938184654,32926.97897485191,7028.669085754132,1755.7868714828119,110.1580911655052,65498.45805193489,80119.02791990299,32368.279908741224,6905.4996354420955,1784.1842764873131,106.51569221533981,64331.62879582854,78626.34709454984,31781.26457974958,6731.263629134494,1764.3268040572896,106.51673863448349,63482.448289935724,77468.73720577742,31262.82402270916,6676.259618218738,1764.325714484383,106.92274488280802,313.83201789855957,475.88363324614136,203.8452661037445,29.121549129486084,0.0,0.0,730.8812378284978,1048.2889015814837,559.7522752285004,122.95713949203491,0.7231408596038819,0.0,1085.7232797117795,1551.096029393813,603.2608250047647,167.76470403671266,9.707670211791992,0.0,972.8609326334561,1387.941973027061,714.9594996097042,87.36281847953796,6.472384214401245,0.0,444.0676991210264,893.9596003364114,515.2931196212769,126.201016664505,3.2361791133880615,0.0
"107,149",2437.646713641568,2972.184846227309,3066.0405620958286,5590.968603818557,3300.547813312681,1970.9275739146212,2965.717095439574,3056.3385888959842,5582.001884763381,3275.406283902187,1948.284562583063,56824.00450736963,75659.28733940686,33526.49369283097,8080.020686686273,1222.6467338001028,3.234636068344116,55551.78554923769,74365.240277885,32996.88506707584,7976.11315819329,1196.7714035903707,3.234636068344116,54452.66633450098,73026.03854795438,32510.052109120876,7794.590958040836,1178.0871276294486,3.234636068344116,51180.190274115186,70348.3863491984,31394.48755166858,7568.90557200301,1132.8050631915823,3.234636068344116,50389.90880047669,68898.57405741635,30785.075456829632,7424.568261158701,1116.634894553353,3.234636068344116,1081.3260351751364,1306.2595388178734,477.45853103188904,74.79766020494348,25.875330209732056,0.0,1014.5574584306455,1363.696974213918,477.87695248454224,178.28916125017054,21.918042516708375,0.0,2028.2842390518563,2347.093507612453,977.704131490109,193.3413604259491,35.578646183013916,0.0,910.3122852101046,1582.2380435074078,599.7052528932983,157.27563291156991,25.87506937980652,0.0,560.4170809437247,903.8892221908943,386.9395819944494,97.03867745399475,0.0,0.0
"108,149",2489.041279052111,2707.016875659718,2705.10947896172,4255.446316473157,1071.1196931605245,621.2876906610003,2687.619099294438,2692.1780572049756,4242.515234462888,1048.4896205668356,618.0553646302691,45369.8027531175,72609.30829276197,42736.31916534106,16478.25255609961,3917.657362324584,32.325201988220215,44581.72551280751,71409.88322543162,42143.921802648845,16250.730725666122,3875.63291702925,29.092002868652344,43675.94728258171,70315.05738997366,41617.61091073074,16117.381191417284,3869.1649383133536,29.092002868652344,42108.108098959456,68592.90897255972,40826.0326508868,15879.562973440396,3830.695554463068,29.092002868652344,41834.841839291075,68185.15073231715,40595.84718899727,15805.61889054074,3820.9978503863013,29.092788219451904,756.4597234725952,1112.4692626840929,607.7536852126028,181.8429671268837,29.09346079826355,0.0,915.5741123900693,1151.377834407956,498.34233185917725,120.41775987101536,6.4660186767578125,0.0,1479.4377259067462,1758.4245461884666,769.6631077766418,205.49307845433552,29.49677613669751,0.0,334.6832549553291,387.9413721561432,241.82207072014901,74.34553980827332,9.697382926940918,0.0,190.5885443463045,256.1413703404221,106.68034672737122,58.18083071708679,6.464272499084473,0.0
"109,149",2499.2379151447485,830.8648144413444,1021.9882132745257,1488.2685283913331,473.97404274940493,567.3107624951531,821.1701437641593,1021.9882132745257,1481.8066131367402,467.51087222099306,567.3107624951531,27407.946119522578,65823.90448906,54750.87212191189,24693.999344735053,6137.702567837285,148.6374373435974,27356.54270075442,65367.550513519964,54568.11075799886,24574.442314772514,6111.8531143880355,151.8692910671234,27224.389635123454,65244.31825628001,54550.403450686325,24557.88238472845,6079.542707464741,151.8692910671234,26977.35705818662,64666.86425027286,54120.21997604464,24381.36369010888,6000.470036592669,148.63911747932434,26820.973357257655,64317.08012981695,53902.918473152095,24281.61328762466,5971.388654794879,148.6387312412262,119.96770779385287,407.15386414527893,200.34360671043396,77.54854464530945,16.156420469284058,0.0,197.8420927580665,428.71275667583245,252.85263487497966,97.3417834814857,45.23894548416138,0.0,264.98316621780396,644.8508483662325,378.07837772369385,148.65222573280334,45.241995096206665,0.0,87.97562069892884,229.44420528411865,111.31507458686829,25.851045608520508,12.924926042556763,0.0,92.6450119972229,242.01106619273915,164.79493021965027,61.39713001251221,6.4626240730285645,0.0
"110,149",2497.7053347657866,2530.631176442726,2084.016295519997,2177.7270638989467,1079.2155154424554,496.02774147987367,2475.736928433998,2042.042740431954,2103.461372380163,1050.1572399812585,424.9984946727753,25350.85675675448,33726.69496597027,20880.293032687317,7504.779629656848,2247.0609325334135,43.996407879100126,24605.29682995852,32813.69353607215,20325.220117575514,7376.331732526481,2216.392497327281,47.22616661857156,23838.265403453035,32065.745910993275,19611.641633755553,7150.309639707267,2123.541641511169,40.76724804709939,23261.70563893972,31103.843010911758,19023.698006708484,6940.00072245224,2029.4900077576733,31.07921851943521,22820.078642292578,30622.099082684053,18800.6727366008,6846.365420623855,1997.3503061836843,31.07921851943521,750.1508635100197,964.2516219756183,608.1163112528184,137.07457867697173,16.143553018569946,0.0,678.4313401250279,620.987094820247,555.3510081768036,164.67247867584229,22.600818634033203,0.0,565.0489163398743,815.1159472512263,523.0926673412323,184.05985379219055,16.14398765563965,0.0,284.1249599456787,471.3996229171753,237.7228082404417,54.895859718322754,2.013989159640144,0.0,164.66951894760132,156.99831037521363,90.41414213180542,12.916523218154907,0.0,0.0
"111,149",2496.0214642460605,2126.0385795471716,1539.3968526728013,754.4607562317568,667.7271667620715,469.36918370583476,2061.502998912101,1507.1298603422501,738.3272337212283,658.0488887927112,453.23149983742655,13214.184383660673,30400.85611708492,31025.3024725914,19503.558215607853,14085.30452859168,3226.4499031842925,12901.510928340986,29704.05450195051,30612.24497960128,19298.851564104414,13986.486120366115,3184.510232144711,12768.840656988294,29299.11369631992,30161.439212091296,19066.24547556709,13896.139326476115,3149.021352702496,12629.686569216672,29012.371752556635,30042.064833092223,19023.580690709285,13860.218563178007,3152.246345216153,12482.693866707297,28965.597485676004,29954.59366438716,19023.575064507655,13822.569156268064,3096.977752839818,376.39632074038184,850.870420960819,521.9624894469392,225.14155440984985,77.4508764743805,9.681336879730225,196.8066761493683,547.3933242162068,483.08342907195,231.44741929278655,45.172037839889526,3.22697377204895,112.92302465438843,292.3723892969244,206.4827253818512,84.59928626733668,38.72285032272339,3.2269577980041504,174.2267348766327,199.52586833822963,193.94521088226168,61.310380697250366,29.040693998336792,0.0,64.5349805355072,174.94753522592433,134.29319786183976,63.32084225205814,12.908926963806152,3.2260169982910156
"112,149",2494.1868626135115,1752.8356844284956,1513.1749052982705,1393.9536995803608,1124.3061388127944,805.4668505537744,1727.0398053029005,1506.725065944709,1374.6056384956137,1114.6340876214645,799.0184183466669,20524.16180262659,37689.94051532465,40798.068184530035,23082.586101245877,17106.86538481619,2963.6649133326964,20173.77080397045,37254.11552003973,40144.58284537091,22828.20086638787,17012.5539693608,2960.4397942187743,20021.03560945567,36564.43678096977,39556.89747641413,22483.105626656026,16861.019970633002,2885.06199911155,19664.2787470322,36027.09231468463,39050.659692982124,22196.444040309678,16716.28856354788,2862.4898231319357,19602.69353721095,35598.89333257395,38629.43485622312,22047.68313749257,16671.16133051947,2828.2371895659207,389.8661647637685,480.13507821700153,589.7645857324787,206.0144868149477,51.586326599121094,9.673163175582886,209.6029770374298,561.0724153518677,464.7656134867201,203.57926208552192,67.70479798316956,0.0,311.9894863455903,451.06010092567,354.6825737953186,195.97562771123998,60.89784971779468,0.0,193.46866655349731,389.86928458213805,372.86747663441827,126.19065612063689,32.238003730773926,0.0,151.55794072151184,260.48287611288185,251.90642508992963,122.17300165961771,12.89817476272583,0.0
"113,149",2492.068494081988,1186.8437799528533,996.8223303916408,1155.4130733443242,820.7013077623703,606.086849080815,1148.1881102636748,971.0471314551784,1132.8586979342442,785.2590985185959,596.4189852349898,14844.068840085758,29208.956989344428,24741.866500086875,10395.621145322279,4210.665073007695,371.3919862634995,14571.931159887126,28624.155255318623,24355.04840735734,10266.079275665099,4168.7809740010425,368.1688166982987,14332.972295625535,28170.413010442022,23810.9890652563,10057.32891613923,4068.890706628911,352.05372227500465,13957.833604014153,27526.19800175405,23333.369566359237,9849.781286336864,3987.9830823038137,342.3862916357377,13929.765471943685,27283.817928762994,22943.15061427191,9727.250299364914,3949.3116555307424,342.3862916357377,163.4454796781727,463.095099477207,331.55911715451407,135.3137550354004,54.77465891838074,0.0,171.1630833906286,312.49480390548706,330.60209918022156,134.23235114415485,22.55479383468628,0.0,167.5211899280548,412.7078152768752,322.5742198121314,178.1443471768323,51.911125740350464,0.0,80.54591417312622,306.0559272766113,289.95954966545105,86.14396380256204,22.553743600845337,0.0,109.54133796691895,170.75944685935974,170.76045179367065,106.69031606842489,35.445403814315796,3.2220287322998047
"114,149",2490.058698857438,1441.7327698875877,861.494129635306,1665.8811879859252,965.8115570545197,512.6662014063667,1406.3149174858543,848.6176380886751,1643.3449724421782,952.9317336082458,506.22784143055185,24428.339377257405,42541.74251080962,40909.63633058773,25354.814392489076,28538.053752443837,15288.573463044446,24044.798138405295,41889.936431848306,40311.94002250784,25007.812517473747,28356.374561633314,15217.774908623975,23724.961117130166,41400.00886332288,39877.06876681927,24866.07692056824,28348.485473543053,15242.090533639868,23090.551232430513,40417.2218364538,39148.668613937785,24563.612317988453,28375.98361942534,15312.884177352866,22897.205675411224,39994.274717470245,38788.0814470955,24353.525732734153,28155.684401311122,15126.213225509604,257.58237385749817,456.75408084532796,447.3310628806843,189.92672395706177,54.72067594528198,0.0,109.46963906288147,320.7572211125318,285.33502992461706,107.3020045785343,25.753743410110474,0.0,222.16157031059265,648.720149716209,498.9986951351166,192.99242531271543,80.47213196754456,0.0,170.63872408866882,341.2555112838745,280.08303022384644,128.7646780014038,32.18979001045227,0.0,67.607342004776,174.64184361065134,173.84435868263245,77.26000213623047,12.874294996261597,0.0
"115,149",2471.339415576099,138.33908820152283,0.0,19.30171847343445,38.60311937332153,6.430393695831299,138.33908820152283,0.0,19.30171847343445,38.60311937332153,6.430393695831299,6778.922544207292,14857.398103577483,21322.684158586053,28965.234475822082,70470.73503634884,57819.68675797033,6753.196474041658,14774.169106959363,21261.568590425042,28875.98345226214,70278.38916422433,57540.277243797456,6769.27576657744,14803.131480454465,21298.38234071451,28932.10449360773,70425.30191463957,57791.987174941045,6762.840637173372,14854.589992283842,21346.628218934115,28980.332810391636,70638.66550094754,58191.92990635517,6748.763636875152,14856.599803741306,21356.27493886667,29014.664182878016,70640.07125217775,58028.05872058495,12.868738412857056,32.171748638153076,41.82364749908447,25.737735271453857,25.737218379974365,0.0,0.0,0.0,0.0,0.0,0.0,0.0,0.0,0.0,6.434304714202881,0.0,9.650336980819702,3.2170767784118652,9.651435136795044,9.65147852897644,6.432982921600342,6.434293746948242,6.432929039001465,0.0,0.0,0.0,0.0,6.430393695831299,0.0,0.0
"116,149",2485.3449191457626,0.0,0.0,0.0,6.425287961959839,9.634306907653809,0.0,0.0,0.0,6.425287961959839,9.634306907653809,7507.935346182655,10420.866192032312,14059.03280922385,17583.726199205244,51683.1292250334,70498.81245601224,7541.273059623381,10436.928178001855,14065.451760496815,17656.42686646031,51957.866241710326,71011.7330721958,7541.27345420613,10469.057906080698,14141.363856455859,17714.27071564244,52308.596635131275,71569.01688895133,7526.410583333407,10497.961765934442,14189.553555151995,17772.108433890808,52578.02867646218,72474.8311961174,7542.473160581027,10507.602026392435,14228.111719748553,17858.864548373687,52882.09398354082,72812.47365420473,0.0,0.0,0.0,0.0,0.0,0.0,0.0,0.0,0.0,0.0,0.0,0.0,0.0,0.0,0.0,0.0,0.0,0.0,0.0,0.0,0.0,0.0,6.425287961959839,0.0,0.0,3.211452007293701,3.211439371109009,3.2114155292510986,0.0,0.0
"117,149",2456.679457861985,3.209322452545166,0.0,0.0,3.211258888244629,3.2093100547790527,3.209322452545166,0.0,0.0,3.211258888244629,3.2093100547790527,9062.45397536708,8420.972511637445,8782.136760122636,9578.548290946439,30340.088761689614,68931.10948591513,9107.77478948855,8440.935155908734,8750.041292316773,9570.567963354262,30412.16660193649,68951.03737182992,9094.930218851801,8437.233644528482,8699.694280675812,9538.465722791823,30262.451004278893,69043.04733714029,9111.378805728053,8427.612921280954,8687.569857819875,9516.71570317418,30223.59767763007,69225.79196594462,9124.204678864573,8410.846119275748,8690.379750479904,9490.32044553009,30142.085302334206,69000.07538372395,0.0,0.0,0.0,0.0,0.0,3.209322452545166,0.0,0.0,0.0,0.0,0.0,0.0,0.0,0.0,0.0,0.0,0.0,0.0,0.0,3.211258888244629,0.0,0.0,0.0,0.0,0.0,0.0,0.0,0.0,0.0,3.2093100547790527
"118,149",2453.5216426604643,0.0,0.0,0.0,0.0,0.0,0.0,0.0,0.0,0.0,0.0,17704.879357332342,14467.171348692389,15738.56401723974,15588.958570303635,37707.54079784879,62091.008682566986,17640.739533895605,14444.001537749347,15696.87633937948,15582.544662537295,37674.44151655739,62022.39812315304,17643.54634174085,14420.432703452016,15700.084016982248,15611.414989771562,37690.833532297846,62142.601114116915,17480.01122268415,14388.356608586217,15622.425071012272,15552.584645135728,37617.80926935065,61648.039759008534,17457.5601900456,14363.819230851004,15575.765426125245,15530.860545432331,37560.375460677984,61381.96396348989,0.0,0.0,0.0,0.0,0.0,0.0,0.0,0.0,0.0,0.0,0.0,0.0,0.0,0.0,0.0,0.0,0.0,0.0,0.0,0.0,0.0,0.0,0.0,0.0,0.0,0.0,0.0,0.0,0.0,0.0
"119,149",1097.960873263516,0.0,0.0,0.0,0.0,0.0,0.0,0.0,0.0,0.0,0.0,1576.6585619496364,3857.2199455420173,4930.550531711765,5757.97134959651,15935.34948613036,28755.756949250837,1580.418146642984,3862.059598290686,4949.769529428669,5738.55446563515,15903.958908866432,28895.563546751062,1583.6183812945496,3871.6719108459993,4918.950882077684,5744.967738731235,15877.833786129484,28590.95718469993,1572.007801960964,3858.8623855946107,4899.742872596254,5709.725646121829,15858.208408422097,28285.289691452883,1572.0071260442921,3849.263564669852,4907.533272572125,5688.513180156783,15790.960931844338,28065.47044606208,0.0,0.0,0.0,0.0,0.0,0.0,0.0,0.0,0.0,0.0,0.0,0.0,0.0,0.0,0.0,0.0,0.0,0.0,0.0,0.0,0.0,0.0,0.0,0.0,0.0,0.0,0.0,0.0,0.0,0.0
"120,149",105.60161894350091,0.0,0.0,0.0,0.0,0.0,0.0,0.0,0.0,0.0,0.0,265.02404781509847,596.3627328592188,762.6761792089426,977.9578389794218,2185.308979151295,3570.608670207567,265.02404781509847,599.5631091314203,759.4757748033487,980.4299493340885,2190.981091899497,3595.3824028669624,265.02404781509847,599.5631091314203,759.4757748033487,980.4299493340885,2181.3811499305793,3580.235312336567,268.22445222069234,599.5631091314203,759.4757748033487,983.6300292519962,2184.5812579818794,3568.5383133953696,268.22445222069234,596.8276453925114,756.2757373239481,980.4298220185673,2171.7808691688606,3562.138380295623,0.0,0.0,0.0,0.0,0.0,0.0,0.0,0.0,0.0,0.0,0.0,0.0,0.0,0.0,0.0,0.0,0.0,0.0,0.0,0.0,0.0,0.0,0.0,0.0,0.0,0.0,0.0,0.0,0.0,0.0
"92,150",155.6668686079585,0.0,0.0,0.0,0.0,0.0,0.0,0.0,0.0,0.0,0.0,5428.2580249907915,526.8340872082057,86.71517522942786,9.70385479927063,1.6743651670568132,13.34482889549405,5447.822162260729,523.5990067276301,89.94987066399817,9.70385479927063,1.6743651670568132,13.34482889549405,5467.220517506319,512.2834883465487,89.94991214883093,9.70385479927063,1.6743651670568132,13.34482889549405,5519.341798651452,518.7531135811525,86.71522195946936,9.70385479927063,1.6743651670568132,12.73593818253162,5537.686980599048,513.8951154503169,86.71522195946936,6.469274997711182,1.6743651670568132,12.73593818253162,0.0,0.0,0.0,0.0,0.0,0.0,0.0,0.0,0.0,0.0,0.0,0.0,0.0,0.0,0.0,0.0,0.0,0.0,0.0,0.0,0.0,0.0,0.0,0.0,0.0,0.0,0.0,0.0,0.0,0.0
"93,150",583.9467497501057,0.0,0.0,0.0,0.0,0.0,0.0,0.0,0.0,0.0,0.0,16476.44657894677,11609.837913575826,3466.587142031801,298.06668622633987,45.30879068374634,0.0,16714.492686439025,11839.039489197263,3509.3565528738736,304.5393155350405,45.30879068374634,0.0,16922.30002954801,12124.227610315997,3612.912404810214,301.3030706181246,35.599703788757324,0.0,17432.40962524414,12566.248738308514,3680.8717079508547,301.3030007614809,32.363351583480835,0.0,17678.629898034826,12718.332754154764,3698.6727588606827,301.30291135451375,32.363351583480835,0.0,0.0,0.0,0.0,0.0,0.0,0.0,0.0,0.0,0.0,0.0,0.0,0.0,0.0,0.0,0.0,0.0,0.0,0.0,0.0,0.0,0.0,0.0,0.0,0.0,0.0,0.0,0.0,0.0,0.0,0.0
"94,150",482.2867245907572,0.0,0.0,0.0,0.0,0.0,0.0,0.0,0.0,0.0,0.0,14839.378862813872,7184.041998039507,1974.1653712712077,208.41012440288767,16.18310523033142,0.0,14986.307952691059,7385.502807079577,2233.9690928384366,245.6229108183992,16.18310523033142,0.0,15042.235188586106,7531.414663738362,2332.674667689379,245.62239321166396,16.18310523033142,0.0,15108.658717890346,7597.02560042213,2342.3827053042014,248.85960443908095,9.70967721939087,3.236553430557251,15179.862261314953,7667.955372870203,2365.0396767588218,245.6228924601686,9.70967721939087,3.236553430557251,0.0,0.0,0.0,0.0,0.0,0.0,0.0,0.0,0.0,0.0,0.0,0.0,0.0,0.0,0.0,0.0,0.0,0.0,0.0,0.0,0.0,0.0,0.0,0.0,0.0,0.0,0.0,0.0,0.0,0.0
"95,150",612.3096162269285,0.0,0.0,3.2383415699005127,0.0,3.2379486560821533,0.0,0.0,3.2383415699005127,0.0,0.0,14964.883056437739,15365.054042876001,5764.5726707178,2907.7916244955622,3255.352040844338,1167.45037707067,14985.921999041242,15450.854308778167,5827.1394769490935,2940.173177907046,3299.0622903169374,1188.4926589975169,15006.33988372485,15541.279901665333,5882.187178307889,2959.602931210574,3396.2099574865083,1211.1604043493082,15020.903320478927,15622.230727118138,5951.787222860374,2962.8408126326167,3405.924566394208,1220.8753956804087,15088.900487112533,15770.937105974497,6003.253879381628,3008.1754857988917,3449.6345627616433,1230.5906497487833,0.0,0.0,0.0,0.0,0.0,0.0,0.0,0.0,0.0,0.0,0.0,0.0,3.2383415699005127,0.0,0.0,0.0,0.0,0.0,0.0,0.0,0.0,0.0,0.0,0.0,0.0,0.0,0.0,0.0,0.0,0.0
"96,150",1857.527543350635,0.0,0.0,3.239097833633423,0.0,3.2390363216400146,0.0,0.0,3.239097833633423,0.0,3.2390363216400146,81354.89896535405,58613.54284274906,7996.6397703937455,773.2163675326927,189.61342825235107,10.807388228061154,81501.72900286842,58739.6814234687,8049.117019875845,779.6947968501671,196.09025921167114,10.807388228061154,81585.11598659497,58765.18464615674,8076.638150223564,779.6947968501671,199.32915438951233,10.807388228061154,81586.05482987798,58750.90549650755,8073.399695881675,774.4241996774487,202.56796445192077,10.807388228061154,81572.07999408012,58770.33789077368,8072.547279204574,774.4234689245037,205.80636705697754,7.56898562300439,0.0,0.0,0.0,0.0,0.0,0.0,0.0,0.0,0.0,0.0,0.0,0.0,0.0,3.239097833633423,0.0,0.0,0.0,0.0,0.0,0.0,0.0,0.0,0.0,0.0,3.2390363216400146,0.0,0.0,0.0,0.0,0.0
"97,150",2505.8810627936346,0.0,0.0,3.2391064167022705,0.0,3.2391321659088135,0.0,0.0,3.2391064167022705,0.0,3.2391321659088135,149017.44420362826,51536.54794682148,5423.1925888500955,452.22256210458045,77.74464845657349,0.0,149343.0727565064,51870.67691542776,5510.472432763903,465.17996385705237,77.74464845657349,0.0,149701.9243930676,52015.42147144336,5534.7740603213215,468.4193764032102,77.74464845657349,0.0,149913.93424126957,52146.68759577414,5550.971079659929,474.89791682374243,77.74464845657349,0.0,150334.33495636543,52338.22986107621,5573.647561145296,487.8556595147825,77.74464845657349,0.0,0.0,0.0,0.0,0.0,0.0,0.0,0.0,0.0,0.0,0.0,0.0,0.0,0.0,3.2391064167022705,0.0,0.0,0.0,0.0,0.0,0.0,0.0,0.0,0.0,0.0,3.2391321659088135,0.0,0.0,0.0,0.0,0.0
"98,150",2506.189312794903,32.39819836616516,29.158286094665527,25.918529987335205,16.199021339416504,100.43422651290894,32.39819836616516,29.158286094665527,25.918529987335205,16.199021339416504,100.43422651290894,154321.6794171174,61376.7094461815,6706.033086284937,432.08145058669294,16.198888063430786,0.0,153934.82388565494,61231.82050771059,6693.073634371103,432.0810300163194,12.959089517593384,0.0,153744.40302044453,61220.312501550194,6683.354584440531,435.32085216559614,9.719290971755981,0.0,153439.8816797462,61058.39097987531,6650.957219824137,432.0812319568559,9.719290971755981,0.0,153270.52477918135,60906.11950241445,6637.9973547309055,428.84140980757917,9.719290971755981,0.0,25.918596982955933,6.4796013832092285,0.0,0.0,0.0,0.0,29.158286094665527,0.0,0.0,0.0,0.0,0.0,25.918529987335205,0.0,0.0,0.0,0.0,0.0,6.479563474655151,9.719457864761353,0.0,0.0,0.0,0.0,77.75552272796631,22.678703784942627,0.0,0.0,0.0,0.0
"99,150",2506.3434636553598,0.0,3.239949941635132,12.959720849990845,0.0,87.47826480865479,0.0,3.239949941635132,12.959720849990845,0.0,87.47826480865479,127888.10640113307,90213.2596249038,15082.874683581147,586.434832572937,0.0,0.0,127494.44681685299,90235.9396011287,15086.114555798325,586.434832572937,0.0,0.0,128081.58897918346,90307.21902007402,15095.834458075318,583.1948914527893,0.0,0.0,128304.42279356602,90463.64044389443,15102.314386568818,583.1948914527893,0.0,0.0,128272.74826806667,90415.04175147729,15095.834511004243,583.1948914527893,0.0,0.0,0.0,0.0,0.0,0.0,0.0,0.0,3.239949941635132,0.0,0.0,0.0,0.0,0.0,12.959720849990845,0.0,0.0,0.0,0.0,0.0,0.0,0.0,0.0,0.0,0.0,0.0,87.47826480865479,0.0,0.0,0.0,0.0,0.0
"100,150",2506.343463655387,0.0,0.0,3.239980936050415,9.719964742660522,3.239969253540039,0.0,0.0,3.239980936050415,9.719964742660522,3.239969253540039,102289.96427349672,92018.10520251686,12765.163479151448,403.5496626657598,6.479917049407959,0.0,102223.37414261501,92052.1195648156,12747.350248558381,393.82967217389273,9.719899654388428,0.0,102416.87958541946,92193.02567993147,12747.350465519288,387.3497117323034,9.719899654388428,0.0,102884.15199533537,92344.74472210922,12757.070591909745,390.5895372194402,6.479917049407959,0.0,103067.51925500049,92320.6175850008,12739.422583400503,382.31816029548645,3.239983081817627,0.0,0.0,0.0,0.0,0.0,0.0,0.0,0.0,0.0,0.0,0.0,0.0,0.0,3.239980936050415,0.0,0.0,0.0,0.0,0.0,3.2399697303771973,3.239997386932373,3.239997625350952,0.0,0.0,0.0,3.239969253540039,0.0,0.0,0.0,0.0,0.0
"101,150",2506.1893127949475,1046.4456782341003,249.4635660648346,194.3738306354074,252.70471358299255,335.312375311758,1043.2059741020203,249.4635660648346,194.3738306354074,252.70471358299255,335.312375311758,128846.64495163714,42531.10350249141,4978.928767485712,179.6074348823697,6.479274749755859,0.0,128324.62035939177,42551.746763578114,4985.407785935496,186.0871447460324,6.479274749755859,0.0,128704.4995609545,42511.24298042035,4987.021027200362,186.0871447460324,6.479274749755859,0.0,129169.65787460569,42753.86099961038,5022.65940081372,189.3267985717923,6.479274749755859,0.0,129357.18212680628,42792.54607302441,5017.615296011346,179.23898732241463,0.0,0.0,890.9357469081879,152.2702271938324,0.0,0.0,0.0,0.0,207.34619331359863,38.877623319625854,3.2397494316101074,0.0,0.0,0.0,155.4962144683389,38.87761616706848,0.0,0.0,0.0,0.0,178.1889932155609,74.51572036743164,0.0,0.0,0.0,0.0,260.79655242433734,74.51582288742065,0.0,0.0,0.0,0.0
"102,150",2407.8446280866037,38.87268686294556,19.435327291488647,58.30492281913757,113.36942672729492,61.54430818557739,38.87268686294556,19.435327291488647,58.30492281913757,113.36942672729492,61.54430818557739,85381.39181859071,67465.99121279344,12231.991714958116,756.097681945913,94.30593297434788,6.478224277496338,85410.61727388603,67635.64352794255,12225.512080196306,759.4640425775565,94.30593297434788,6.478224277496338,84789.53820473819,67497.27777637127,12170.542801210926,762.703476819805,91.43519539739572,6.478224277496338,76924.49791478454,67244.56953618012,12049.530461604922,729.25501759473,91.43519539739572,6.478224277496338,76945.67777389918,67180.85263409802,12056.009278591006,728.7085861243453,94.67467160131417,6.478224277496338,38.87268686294556,0.0,0.0,0.0,0.0,0.0,9.717942476272583,9.717384815216064,0.0,0.0,0.0,0.0,29.152523279190063,29.15239953994751,0.0,0.0,0.0,0.0,45.34777808189392,68.021648645401,0.0,0.0,0.0,0.0,19.435431003570557,38.86976718902588,3.239109992980957,0.0,0.0,0.0
"103,150",2474.710846561247,61.5405216217041,113.36350083351135,161.94228410720825,132.79706716537476,304.46374249458313,61.5405216217041,113.36350083351135,161.94228410720825,132.79706716537476,304.46374249458313,59530.45736721544,103414.11796595254,22332.139339515274,3852.9132930493824,1040.4912348635057,38.86495757102966,59535.47885252073,103465.93429757752,22361.287358590667,3852.9135820127003,1037.2526009924272,38.86495757102966,59205.58166448275,103205.61999632516,22335.377767869537,3827.0034229016774,1020.690539706922,38.86495757102966,58281.50018831422,103043.27558279599,22299.750602552,3820.52467696433,1014.2124131810431,38.86495757102966,58180.69206778114,102887.81835556592,22264.125434705322,3810.8082882619374,998.0199867379431,35.62629199028015,22.67222309112549,35.6292519569397,3.239046573638916,0.0,0.0,0.0,32.38961863517761,77.73505115509033,3.238831043243408,0.0,0.0,0.0,64.77684926986694,93.92663860321045,3.2387962341308594,0.0,0.0,0.0,58.30144143104553,58.30109715461731,16.194528579711914,0.0,0.0,0.0,158.70952129364014,142.515154838562,3.2390663623809814,0.0,0.0,0.0
"104,150",2452.561197972816,155.4160647392273,101.1600321414424,423.64930999980254,58.28178668022156,55.030635559792614,155.4160647392273,101.1600321414424,423.64930999980254,55.04399561882019,55.030635559792614,59416.647419893045,93531.54310378467,46042.541470439755,12795.185151025362,3018.6705808162687,12.951848268508911,59359.993684159075,93560.69167599117,46004.89671424884,12788.708252593584,3018.6701890945433,12.951848268508911,59244.209016194065,93421.87509345634,45964.833007359965,12756.329704925127,3015.4325046062468,12.951848268508911,58980.32875877737,93201.57228870297,45843.88718120818,12736.90303890378,3008.9571113109587,12.951848268508911,58891.91528455324,93086.21352269416,45790.04843404339,12688.332226678438,2979.813095283508,12.951848268508911,90.66014122962952,55.042656660079956,9.713266849517822,0.0,0.0,0.0,42.09180426597595,51.386224601783006,7.682003273683436,0.0,0.0,0.0,127.47754134851343,171.9880374740152,111.23212681097144,12.95160436630249,0.0,0.0,12.95157504081726,38.854496240615845,3.237924337387085,0.0,0.0,0.0,21.039745524350334,24.27731133442299,9.713578701019287,0.0,0.0,0.0
"105,150",2504.0330100196034,406.0466685968287,892.5224690390568,435.3152510979596,287.6327231491313,205.12449930695925,406.0466685968287,889.2850253535252,425.60558961419497,287.6327231491313,205.12449930695925,43214.168113584135,96246.45090530715,53073.81076109831,14449.882835799572,1744.5841887062672,0.0,43124.594735301696,96140.08441987695,53110.84336095886,14430.459729844448,1744.5843472546223,0.0,42994.05374897974,95730.67078145346,52933.23235688211,14404.563408786174,1743.377960253697,0.0,42865.6416072219,95549.76949534603,52703.04342445299,14343.480329375174,1741.7657700332943,0.0,42843.07135270623,95470.13857610177,52542.821536532574,14302.223276140174,1738.5291386398617,0.0,174.79560470581055,211.8286176401026,16.185138940811157,3.23730731010437,0.0,0.0,200.68212366104126,502.9050878870721,175.98705964929917,9.710754156112671,0.0,0.0,58.264201402664185,158.60039854049683,158.98255278082456,49.758436890209424,0.0,0.0,44.491249622083174,120.96742095199286,103.57796359062195,18.596088984433344,0.0,0.0,35.606021881103516,91.83783052949344,61.49790620803833,16.182740688323975,0.0,0.0
"106,150",2503.10991320834,1036.7217960647508,1185.7616002971051,1911.0264128769145,2217.4959963144047,2757.241773166843,1027.0161316684648,1176.0538738185285,1907.791238936256,2214.2603123964054,2747.536306419559,46075.86091533549,96118.76916855737,29305.080174089875,4862.871496554918,1352.3932884122812,20.62038948021683,46008.76031033666,95792.09359280922,29217.015209012865,4843.456646081514,1362.1007519151651,20.62038948021683,45820.89052607312,95462.32454349012,29081.132333093523,4840.224048492021,1362.100128927418,20.62038948021683,45285.2960982248,94698.94187533342,28668.400362561726,4784.0199779239365,1355.6299288656198,17.38509656868729,44719.42070959222,93687.62021703253,28247.523789517083,4703.140666839189,1355.6316934015238,17.38509656868729,244.82204594051137,630.1309563029047,129.41484713554382,22.648282289505005,0.0,0.0,396.1755630380967,572.8086160229702,194.1282660961151,12.941428661346436,0.0,0.0,602.4623383176092,875.2122860553218,386.8521494697122,40.02924609184265,3.2352190017700195,0.0,624.8163711931192,1105.8833636321274,402.67807835317126,71.17666506767273,9.705834150314331,0.0,808.7850136439006,1486.9579650850856,393.55623114249283,55.001657009124756,3.2354395389556885,0.0
"107,150",2502.033749352016,1474.5892145858093,1874.9103108228421,1983.4657681483848,1704.5161330064138,1415.2212209551942,1468.121121190576,1868.442412215588,1980.2308776874168,1694.8136936982473,1411.9862742274415,32117.462129400294,75629.07897214609,47676.80214134571,20178.4051356914,12198.137085143258,2273.3946218425153,31716.91697028852,74989.69015169705,47351.413480238814,20095.935322583886,12105.965809499517,2202.245494597566,31242.862057207145,73977.3782221925,46965.29102710087,19992.435775579186,12025.113779222265,2137.5690123969434,30521.034314388387,72992.08120188714,46733.84893200069,19892.167507947655,11976.60562843248,2101.996050828111,30046.745237499126,72211.51342984648,46481.03772564681,19819.80083971397,11928.092469634263,2072.892044776094,457.1519204195808,644.2473240936504,305.2657092178569,51.752386808395386,9.70378065109253,0.0,503.1677289383084,956.5073465066798,340.8419439044653,67.92539286613464,0.0,0.0,731.5294573344437,968.7311065066094,215.27685195137474,58.22500228881836,3.234614372253418,3.2338452339172363,530.8843622441385,806.422768721861,288.3777904641395,52.95859719257729,12.936465740203857,3.2337093353271484,353.4504153625638,626.8022765215705,344.4031175033719,84.09651279449463,3.233952045440674,0.0
"108,150",2500.8048786493437,261.8632698059082,260.24087563028525,266.68049418038015,267.89278534533935,218.15197165620094,258.6312494277954,260.24087563028525,247.28539001053454,261.42629626872497,218.15197165620094,19518.89856634327,55606.74280870942,57383.24905200005,33131.04781664867,21855.65881457422,7590.848372795068,19526.97685676182,55563.0831780284,57347.66797275544,33106.45702475099,21842.72373094652,7458.300806619607,19475.2475388583,55568.40504611613,57356.61288195218,33132.31246226816,21875.03513517473,7464.761333324395,19412.214300602558,55351.815154682416,57203.053103947175,33084.71071289194,21768.35016050432,7348.374727346383,19409.394581253386,55393.83313978793,57106.07024362041,33097.6354234041,21868.563855553606,7400.098531105004,42.02955746650696,90.5183584690094,80.82695889472961,38.79098415374756,6.46539044380188,0.0,38.794421911239624,59.80201449861713,84.05367946624756,58.192548990249634,12.933318614959717,6.464892148971558,35.560025691986084,100.21052670478821,67.88230061531067,30.702702155767703,6.4643874168396,6.465447425842285,48.07436350467158,48.48961925506592,96.97549343109131,42.025609493255615,16.163248300552368,9.697962284088135,40.00022288397247,86.57063123478609,43.08936920446508,32.326841831207275,9.698831558227539,6.4660749435424805
"109,150",2499.4237120996763,255.23057341575623,195.45340943055993,167.99878096580505,206.93351755703196,296.87533104840446,232.61586928367615,195.45340943055993,167.99878096580505,203.70203123653636,293.64517724934746,16966.055060332426,57785.87825012861,66919.85965265948,35615.16610875317,15312.653046463984,1977.3370226888096,17040.36869592012,57876.362967200366,66953.96008723765,35630.44038085562,15319.126438712137,1974.1063608197605,17061.547426312576,57966.478645800606,66983.7949086685,35701.53897170645,15429.008682106989,2048.434905913297,16954.932119523775,57612.7137658007,66794.01501751882,35597.678583782785,15361.989726656557,2032.2756639985478,16955.351066911917,57477.6516707037,66657.52828861219,35532.681637232905,15355.3586135163,2041.9710718659794,19.385934829711914,90.45955991744995,80.76877212524414,42.00160241127014,0.0,0.0,25.84781312942505,93.69013142585754,62.99180078225977,6.460925102233887,6.462738990783691,0.0,22.61278510093689,54.92264199256897,61.38739585876465,29.075958013534546,0.0,0.0,20.99358697498546,90.45911860466003,64.61469006538391,19.38536286354065,5.017400407791138,3.231872320175171,51.69114542007446,120.24986413226408,82.93152341562158,16.156237602233887,22.616406679153442,0.0
"110,150",2497.8907112398497,1633.332582356883,638.7371492862702,703.2816775097566,419.7789562580632,531.7394606450025,1565.5240842127332,599.9913266181946,693.5941474690156,403.6361125347661,509.13966101197633,12385.044609726177,34519.9947455079,28150.596373407516,11027.632081890108,3147.472036504745,311.23985169448105,12188.093098072914,33916.656323940624,27719.384379612235,10869.425849580766,3120.4398914346507,311.2413034252092,12102.349384964215,33720.75072563771,27504.67743031745,10837.703590063957,3138.99506779091,314.4709234050676,11919.94822289523,33420.113641622025,27203.331531347016,10732.214452358323,3154.6150153309686,317.7011253646776,11973.235134011624,33252.400734519026,27102.585380131597,10675.722376556958,3132.6018120008357,304.7821492961809,227.62589400983325,637.2580465700113,487.5382490158081,187.26975107192993,25.832143545150757,0.0,96.86545777320862,211.48654565998152,217.93256230634802,70.47840356359295,3.2283573150634766,0.0,101.68483821644503,280.88833379745483,246.44845877535204,61.343791484832764,3.2287251949310303,0.0,41.971765995025635,172.7269189311009,121.72775044160731,51.65829539299011,12.321528859231986,3.2298529148101807,71.02731084823608,198.1320235673119,162.49089020841262,61.34722876548767,16.142207622528076,0.0
"111,150",2496.2063878496524,2132.2434940721473,1166.087442931007,1006.8215172459097,766.6201987743377,1171.3171584896015,2080.616076507755,1143.49853831179,987.4614927937002,737.5803120613098,1158.4107404045033,10877.551234110664,26917.652658691593,24699.505812923584,10856.948069384518,6525.626390993829,3554.510488250209,10577.143130245395,26220.75604180168,24000.97954641417,10646.883799494948,6417.9520730401955,3548.05676744218,10409.370317402072,25884.864620825825,23641.61966457367,10491.887375918555,6350.2022780801735,3428.6874356054795,10225.437866869159,25476.308244316253,23341.00862498003,10363.34543369424,6239.409816208073,3305.738022409701,10115.729547681995,25262.50780891718,23166.05854079209,10239.139499742843,6184.905198122473,3267.0244749415156,325.87320947647095,723.8998976791606,708.2025319875455,200.03606700897217,106.47328972816467,16.131080627441406,174.223468542099,383.94103622436523,394.84231659010345,138.86792621425553,38.71796917915344,12.905821561813354,129.06911945343018,354.513966145235,294.1430334596073,119.38737869262695,80.67037916183472,9.677615880966187,80.66451740264893,249.64965676326378,213.66190097565743,132.2878440211801,61.31639289855957,0.0,119.38547801971436,516.2581610679626,336.0440171971041,120.58282380945542,58.07982110977173,8.060439200494804
"112,150",2494.3713036235667,1814.8232908847285,774.7792706115573,566.7467020212436,697.982497883778,1322.705002960504,1777.745270248488,752.2080344779819,529.6700855189679,688.3109428415112,1293.682945904077,17545.719497302933,40713.57413355041,34233.011826402995,18181.0697206198,14803.298620064119,5790.036673555188,17275.205392382188,39813.50615960756,33501.01553214297,17784.824313385347,14475.997164270926,5715.875651368909,16995.908914311723,39175.417480383665,33134.59346231946,17611.521234028012,14239.035746430418,5565.906645045561,16803.205069844862,38985.168540829305,33007.237525460296,17505.120131723554,14200.345604037306,5556.582958103629,16777.786343693264,38780.40502963533,32840.16560860428,17357.607552371308,14167.389366875443,5510.244048804863,241.85706853866577,717.1460838822758,503.09021186828613,225.3714787417767,77.38056254386902,12.899864673614502,64.48494911193848,317.2809772584952,221.32397202229967,99.14617656726463,33.84778134682599,16.124178171157837,100.80720720758625,156.3909609607622,159.62002297195733,67.71457576751709,38.68913245201111,6.448186159133911,96.37841362298704,232.18363070487976,189.6659327516369,92.69214835821413,61.268190145492554,16.12262725830078,254.76847553253174,465.6241356204537,373.71645437128404,141.53430265725828,35.46667790412903,22.57289981842041
"113,150",2492.2524108399516,2134.174872503094,1539.6813381279217,1663.8947869450437,1307.5283648808797,1112.2250072825188,2098.738900766186,1517.1250668133007,1648.8625995626635,1294.640778764089,1086.4476683008904,29087.976357850843,35019.11342529689,25051.481608647926,14274.437737760358,11114.423571228514,2842.5723836216275,28472.82511452413,34266.21072716432,24600.55262433781,14134.288584261314,11028.687795200534,2832.909015873367,27849.613741255744,33597.02108192911,24115.421171250993,13876.506401806251,10909.45982913036,2755.2230076331716,27149.6486187243,32829.102509741686,23815.264582966825,13713.127943091298,10806.349379816242,2742.3313326377493,26840.13663985215,32478.593365420544,23565.54454043426,13567.6943060155,10759.97833787413,2716.549982025109,563.3136742068273,810.1568918901331,489.7137759666817,140.50844820620966,88.60238300304786,6.443727493286133,528.2780694961548,542.6391063278796,288.3190238494499,122.44159054756165,35.44727659225464,0.0,543.7106127486509,615.2939600944519,304.99539828300476,123.63767550038357,58.00224208831787,3.2227108478546143,369.77187305151244,435.493264020658,285.1502326189303,142.99491981899035,48.33812999725342,12.892359256744385,296.3740760326385,380.51431420270137,251.31116223335266,87.35349159895205,64.44876170158386,6.445862531661987
"114,150",2490.242096177406,2171.359459945267,2061.338448386099,2380.1277619333828,818.105154467564,974.5341409636478,2097.3098221507726,1992.3021466498283,2350.0944275126735,779.4707915315441,958.4414068652134,29398.182776807334,46977.099520584175,35441.049225253686,18615.509333392685,13068.723445886724,3159.282996899474,28923.154633188245,46429.535304994206,34963.9319623676,18388.378594436832,12978.594080098468,3144.6155279711184,28566.823065351036,45843.08045247957,34587.02394871618,18181.999539940032,12941.387742133233,3159.2803966793363,27668.73106737043,45024.2486998502,34121.05447502791,17999.839624619017,12933.897072618147,3164.291929921917,27559.962269832573,44863.44291658775,33950.71879240765,17946.30982205821,12982.175019672804,3175.3727637188103,521.5884721279144,718.2677695470697,593.5041635999493,212.455260515213,48.27599239349365,3.2181639671325684,521.5917196273804,734.0853097289216,448.59645331981136,181.8196476506252,106.2090163230896,0.0,693.2941643462461,841.8324972171409,546.645305330613,203.95800825661303,64.36445236206055,0.0,107.29899152587441,279.4971893908931,247.84108185768127,106.21399521827698,38.61953353881836,0.0,122.34216904640198,329.1442159306769,302.57241675245996,168.9760752322627,35.406529903411865,0.0
"115,150",2487.95865341525,102.93053412437439,17.866603144477395,80.41646957397461,48.255810499191284,61.113529682159424,102.93053412437439,16.087440967559814,77.19888877868652,48.255810499191284,61.113529682159424,9009.839087255328,18859.68211839059,28171.986802509717,33357.88840591486,63165.153525411384,47035.8895578964,8977.682456739276,18841.80869313689,28146.42619310828,33330.70984863393,63264.39821917029,47418.042300926456,8976.956139353211,18832.174277725408,28247.908652818904,33495.446926142184,63648.20572374568,48030.76606548721,8954.44583013385,18837.009000730515,28236.47339521857,33569.607466235815,63795.64681030442,48390.09394315551,8991.022249384489,18873.582490092635,28297.739783788194,33644.28847879335,63888.16779099913,48691.71472810109,12.865820407867432,22.519180059432983,19.29941439628601,22.51647186279297,25.729647397994995,0.0,0.0,0.0,6.435128211975098,6.435021638870239,3.2172911167144775,0.0,6.433469772338867,6.434817552566528,22.515692710876465,22.51509165763855,16.082236289978027,3.217580795288086,0.0,3.2175159454345703,6.433555603027344,9.651146650314331,25.73609757423401,3.2174947261810303,3.216913938522339,6.431591272354126,16.085965633392334,22.51575517654419,3.2158732414245605,9.647430419921875
"116,150",2485.5271917406903,0.0,0.0,24.092979001063927,0.0,3.2119290828704834,0.0,0.0,20.880362557429894,0.0,3.2119290828704834,19955.930325421166,19558.61753300499,27064.504759658554,32337.830840537128,63620.368209102104,38896.733701276775,20022.21861458479,19651.8021984465,27104.716661647723,32358.33950795473,64000.76471631481,39552.92356278382,20005.26668004709,19629.315449035872,27128.419431773356,32373.69110761437,64101.52827215569,39824.217413830294,19981.57100683848,19606.824227607955,27171.788157980118,32370.48740405569,64234.44392467854,40081.12848317763,19930.185395065942,19597.197634971846,27202.33202762791,32421.20389312389,64356.883741402155,40313.7044161432,0.0,0.0,0.0,0.0,0.0,0.0,0.0,0.0,0.0,0.0,0.0,0.0,0.0,3.213608503341675,8.026967095393761,0.0,6.427194118499756,3.212592840194702,0.0,0.0,0.0,0.0,0.0,0.0,0.0,0.0,0.0,0.0,3.2119290828704834,0.0
"117,150",2482.9485162917626,0.0,0.0,0.0,3.209446430206299,6.418818235397339,0.0,0.0,0.0,3.209446430206299,6.418818235397339,15304.975026690727,14437.725595282576,18657.32488766932,22236.102121878608,55682.643193099066,64227.558722647496,15301.774186694389,14415.253919171355,18647.689874089,22258.57686166857,55680.6365305807,64181.934592017,15312.120423568465,14445.332122667165,18682.984271443125,22274.603136349662,55880.49536468188,65086.1872103476,15289.64152623532,14440.527897751566,18668.54875846377,22284.244784880622,56084.684683544496,65640.8717377887,15312.115787280776,14466.211949980494,18685.49353387029,22338.81767826174,56131.625078810896,65839.55786167033,0.0,0.0,0.0,0.0,0.0,0.0,0.0,0.0,0.0,0.0,0.0,0.0,0.0,0.0,0.0,0.0,0.0,0.0,3.209446430206299,0.0,0.0,0.0,0.0,0.0,3.2094340324401855,3.2093842029571533,0.0,0.0,0.0,0.0
"118,150",2480.223479483822,0.0,0.0,0.0,0.0,0.0,0.0,0.0,0.0,0.0,0.0,9860.92054612029,13662.035349771091,18146.904266349942,21822.686926319086,59374.26822326418,68586.76538166814,9852.73640297815,13636.39323823125,18153.14587646185,21824.44768588029,59377.65691165177,68779.86082124524,9852.025039494272,13620.370144530842,18162.76834946333,21846.897196931466,59424.915038684776,69041.82253388331,9802.330531455957,13617.181472036887,18175.613179499494,21835.69397486051,59471.487266480704,69274.66687245837,9805.541873313867,13578.718262407829,18136.267288539922,21829.29621566137,59354.90514016246,69021.39986097206,0.0,0.0,0.0,0.0,0.0,0.0,0.0,0.0,0.0,0.0,0.0,0.0,0.0,0.0,0.0,0.0,0.0,0.0,0.0,0.0,0.0,0.0,0.0,0.0,0.0,0.0,0.0,0.0,0.0,0.0
"119,150",2365.866086875616,0.0,0.0,0.0,0.0,0.0,0.0,0.0,0.0,0.0,0.0,3743.1924788334786,6909.452832999885,9758.638005770888,12524.399808462927,38188.72914502948,61161.65703184745,3645.7136915721144,6802.192581053341,9619.51789671767,12337.347546339035,37649.961529009954,60572.793795087295,3579.4187473362567,6723.743958592882,9563.886563343161,12224.727016867844,37389.7755366419,60108.690672940844,3530.197054400164,6637.289796472063,9370.69937531247,12082.777281265633,37002.31328664762,59246.10499644281,3494.9771468779622,6627.67228066968,9317.304009319756,11996.72761920761,36700.774729693185,58328.38735961261,0.0,0.0,0.0,0.0,0.0,0.0,0.0,0.0,0.0,0.0,0.0,0.0,0.0,0.0,0.0,0.0,0.0,0.0,0.0,0.0,0.0,0.0,0.0,0.0,0.0,0.0,0.0,0.0,0.0,0.0
"120,150",1771.970403174664,0.0,0.0,0.0,0.0,0.0,0.0,0.0,0.0,0.0,0.0,2624.8401360885773,5244.545322849237,7280.541429253186,8538.142837487016,25208.714415153805,45586.88145784209,2529.975203961952,5138.98575873562,7147.772013692295,8377.693856622658,24890.94535366788,44930.128603277015,2481.9924549766615,5030.227338268243,6997.023092856128,8273.977809816248,24401.5882662315,43850.788230060134,2459.2481754770465,4930.709404043123,6919.88586271791,8142.296131161148,23944.9406794118,42763.00738266215,2456.0431176176257,4900.327091682659,6881.960226328233,8091.88834234967,23734.68437370132,42392.22134777425,0.0,0.0,0.0,0.0,0.0,0.0,0.0,0.0,0.0,0.0,0.0,0.0,0.0,0.0,0.0,0.0,0.0,0.0,0.0,0.0,0.0,0.0,0.0,0.0,0.0,0.0,0.0,0.0,0.0,0.0
"121,150",1306.5476644108635,0.0,0.0,0.0,0.0,0.0,0.0,0.0,0.0,0.0,0.0,2162.5350112185756,4723.487906951529,6462.3546001004215,7737.483442183102,24907.50297800419,42859.480327949335,2152.598669043709,4701.57941376181,6427.240076689624,7726.313344351451,24739.47710924616,42197.46097557497,2114.2683997070085,4665.248236704806,6344.18333877769,7635.270398199792,24385.71703285797,41549.92743236972,2114.612702476277,4627.265225361842,6274.250213217266,7628.872807562585,24239.531247843013,41137.24349074364,2133.7869740458095,4620.871853302973,6277.442616772182,7628.853707134957,24250.367086743376,41135.39951726876,0.0,0.0,0.0,0.0,0.0,0.0,0.0,0.0,0.0,0.0,0.0,0.0,0.0,0.0,0.0,0.0,0.0,0.0,0.0,0.0,0.0,0.0,0.0,0.0,0.0,0.0,0.0,0.0,0.0,0.0
"122,150",1349.4203327174014,0.0,0.0,0.0,0.0,0.0,0.0,0.0,0.0,0.0,0.0,2812.2119958494227,5408.665489219217,8021.550981353311,8970.619019185795,27156.965243927632,46547.38100278985,2819.9953310985193,5398.731680824242,8014.950709101732,8948.259113853117,27011.47144362038,46021.9888430745,2813.616460134469,5395.5313012141805,7999.957019059798,8913.161061589857,26972.583949552798,45909.28271902029,2772.6791758509244,5374.916586171879,7990.763758619159,8908.19296612459,26959.813917146945,46038.635384588626,2782.2466859789456,5377.567893266678,7992.299934908922,8897.822873160418,26945.587211111473,45996.94937655973,0.0,0.0,0.0,0.0,0.0,0.0,0.0,0.0,0.0,0.0,0.0,0.0,0.0,0.0,0.0,0.0,0.0,0.0,0.0,0.0,0.0,0.0,0.0,0.0,0.0,0.0,0.0,0.0,0.0,0.0
"123,150",534.176605927582,0.0,0.0,0.0,0.0,0.0,0.0,0.0,0.0,0.0,0.0,1190.5020008517247,2507.776322217081,3311.6084841382276,3954.23832058626,11716.601095834432,19015.705450470305,1187.3193340731602,2510.964427323435,3317.981073011137,3947.8670387240013,11673.588292063918,18829.71376305561,1187.3207550478917,2504.587955565546,3305.235400785185,3951.0523757906517,11626.788091431414,18725.535182252584,1186.653279614916,2499.6592880594962,3301.5331060231906,3955.8266728569483,11626.88661745483,18798.961956231735,1186.1008992017485,2510.681572427002,3308.0576020212734,3946.2660625626063,11673.089450035843,18816.25005982717,0.0,0.0,0.0,0.0,0.0,0.0,0.0,0.0,0.0,0.0,0.0,0.0,0.0,0.0,0.0,0.0,0.0,0.0,0.0,0.0,0.0,0.0,0.0,0.0,0.0,0.0,0.0,0.0,0.0,0.0
"91,151",417.32999293840624,0.0,0.0,0.0,0.0,0.0,0.0,0.0,0.0,0.0,0.0,8764.49141755384,84.07167196273804,3.2333595752716064,0.0,0.0,0.0,9151.413135497703,92.32671220442828,3.2333595752716064,0.0,0.0,0.0,9703.890318781716,92.32679875037249,3.2333595752716064,0.0,0.0,0.0,9956.400202300496,94.11478820127599,3.2333595752716064,0.0,0.0,0.0,10021.07169225449,92.66919205609489,3.2333595752716064,0.0,0.0,0.0,0.0,0.0,0.0,0.0,0.0,0.0,0.0,0.0,0.0,0.0,0.0,0.0,0.0,0.0,0.0,0.0,0.0,0.0,0.0,0.0,0.0,0.0,0.0,0.0,0.0,0.0,0.0,0.0,0.0,0.0
"92,151",2502.217354031172,0.0,0.0,0.0,0.0,0.0,0.0,0.0,0.0,0.0,0.0,126740.78930976438,16670.58147203034,2375.259141932281,768.7396721867954,770.9015290344463,478.7211856842041,129386.37878783264,17078.493773689457,2462.603188048157,791.3813705472385,777.3709528053508,485.1892821788788,129881.65472879223,17334.565061717873,2520.8320098026124,797.8527405290042,767.668090542625,478.71984601020813,130982.15573744586,17530.866209434993,2596.301827401741,797.8578195599948,728.8549112880931,465.7797589302063,130848.96680982909,17540.351448463924,2600.604039839202,782.7515942685744,694.340715568206,449.60703015327454,0.0,0.0,0.0,0.0,0.0,0.0,0.0,0.0,0.0,0.0,0.0,0.0,0.0,0.0,0.0,0.0,0.0,0.0,0.0,0.0,0.0,0.0,0.0,0.0,0.0,0.0,0.0,0.0,0.0,0.0
"93,151",2503.293822687761,0.0,0.0,0.0,0.0,0.0,0.0,0.0,0.0,0.0,0.0,30019.935955824567,51491.25427536591,31576.73241340693,6775.542118662479,1291.6804001424828,142.3653643131256,31072.909813088067,53223.803674059294,32348.854015044606,6927.633432024601,1333.7440726850548,161.77893209457397,32128.154797737272,55278.202684635275,33058.97074739699,7035.135772205801,1343.4519195650137,161.77969932556152,33073.97002368628,57066.0085525092,34188.72868309488,7316.570825622595,1359.6313216779745,165.01534223556519,33538.8308525983,58246.0394788284,34983.211322395466,7537.51132346041,1411.0321759971919,165.01654148101807,0.0,0.0,0.0,0.0,0.0,0.0,0.0,0.0,0.0,0.0,0.0,0.0,0.0,0.0,0.0,0.0,0.0,0.0,0.0,0.0,0.0,0.0,0.0,0.0,0.0,0.0,0.0,0.0,0.0,0.0
"94,151",2486.86244692623,0.0,0.0,0.0,0.0,0.0,0.0,0.0,0.0,0.0,0.0,63402.26937706424,41684.897545610685,20297.121925700878,3471.5349658348987,311.5394676105649,6.473156929016113,64272.686555026565,42343.236945587974,20625.262241437387,3521.6973660599956,318.01259879037445,6.473156929016113,65109.27642099063,42759.71588503238,20864.97835272714,3553.351667362101,311.53968814775055,6.473156929016113,66416.32208226429,43644.49746847713,21515.32958979793,3636.796163678637,314.776093043533,6.473156929016113,67423.43210070835,44105.60359823002,21819.226166879427,3710.881791169971,336.72095909492646,6.473156929016113,0.0,0.0,0.0,0.0,0.0,0.0,0.0,0.0,0.0,0.0,0.0,0.0,0.0,0.0,0.0,0.0,0.0,0.0,0.0,0.0,0.0,0.0,0.0,0.0,0.0,0.0,0.0,0.0,0.0,0.0
"95,151",2490.3947734539483,0.0,0.0,0.0,0.0,3.237761974334717,0.0,0.0,0.0,0.0,3.237761974334717,56955.179631048086,54846.30304017348,22495.092802649855,7820.170072347042,6734.566634816749,3163.6712189309737,57281.39568257799,55404.037374737694,22686.133679515242,7927.023379832623,6794.467273207272,3184.7131043677236,57603.04537202143,55861.125593331286,22920.087862607546,8001.498499423382,6872.1842307763945,3213.8567825560476,58055.44889111425,56534.5198548691,23228.582968711853,8102.691571853675,6917.2508633454645,3243.0003677611257,58618.466500996605,57371.888512473015,23645.740484026366,8326.107225320853,6992.25887967839,3249.4754756693746,0.0,0.0,0.0,0.0,0.0,0.0,0.0,0.0,0.0,0.0,0.0,0.0,0.0,0.0,0.0,0.0,0.0,0.0,0.0,0.0,0.0,0.0,0.0,0.0,0.0,3.237761974334717,0.0,0.0,0.0,0.0
"96,151",2505.603393489435,0.0,0.0,0.0,3.2386269569396973,12.955096960067749,0.0,0.0,0.0,3.2386269569396973,12.955096960067749,85140.25502989341,75419.31782261624,27989.42504046852,7342.615190117967,2867.611295508403,181.35696530342102,85158.86506927342,75518.91082348544,28081.72878715478,7358.808292954576,2874.088989781398,181.35696530342102,85133.76287262302,75633.14600243382,28183.735241170027,7394.430008023393,2909.7133210172838,181.35696530342102,85188.82648413043,75721.28374435577,28288.429804954347,7468.916571944368,2923.734264577604,181.35696530342102,85203.21510756438,75800.61695989255,28381.278732354036,7475.389171450746,2915.084632996017,181.35697388648987,0.0,0.0,0.0,0.0,0.0,0.0,0.0,0.0,0.0,0.0,0.0,0.0,0.0,0.0,0.0,0.0,0.0,0.0,0.0,3.2386269569396973,0.0,0.0,0.0,0.0,0.0,6.477534294128418,6.477562665939331,0.0,0.0,0.0
"97,151",2506.0657748885196,3.23950457572937,9.718706846237183,9.718709707260132,0.0,0.0,3.23950457572937,9.718706846237183,9.718709707260132,0.0,0.0,140779.26940474138,56557.72099543551,4724.191838706708,669.7286209078395,289.01730426900525,71.26217675209045,140786.46646631372,56653.2715675223,4758.196905839209,676.2069903822505,292.25657328717847,71.26217675209045,140270.74177551738,56675.22432060241,4768.814464391447,666.4887627573573,292.2565613662495,80.9797728061676,140285.39214019777,56803.80958577323,4791.487996400571,682.6853064508998,295.4957474147572,84.21897339820862,140257.13703948754,56896.86423404824,4817.4012544762845,682.6848534555995,308.4524992381825,80.97977876663208,0.0,3.23950457572937,0.0,0.0,0.0,0.0,3.2395694255828857,6.479137420654297,0.0,0.0,0.0,0.0,9.718709707260132,0.0,0.0,0.0,0.0,0.0,0.0,0.0,0.0,0.0,0.0,0.0,0.0,0.0,0.0,0.0,0.0,0.0
"98,151",2506.3741157552163,45.35552167892456,12.958674907684326,12.95914077758789,3.239672899246216,29.15822124481201,45.35552167892456,12.958674907684326,12.95914077758789,3.239672899246216,29.15822124481201,176235.60276167528,34411.66239127364,3039.076683267893,444.63169780619006,138.58006111032822,0.0,175881.7308002612,34338.772984635594,3026.117933735193,447.87138596422534,138.58006111032822,0.0,175928.56492203262,34393.1289210759,3023.6029372935204,454.3507761085735,138.58006111032822,0.0,175734.92048628657,34326.708108736486,3000.924703670016,447.8715313995586,138.58006111032822,0.0,175710.70761324378,34316.26135824708,2995.258400466396,431.67287889368396,138.58006111032822,0.0,45.35552167892456,0.0,0.0,0.0,0.0,0.0,12.958674907684326,0.0,0.0,0.0,0.0,0.0,12.95914077758789,0.0,0.0,0.0,0.0,0.0,3.239672899246216,0.0,0.0,0.0,0.0,0.0,29.15822124481201,0.0,0.0,0.0,0.0,0.0
"99,151",2506.5283121755283,132.8386950492859,64.79918217658997,161.9976716041565,35.63925623893738,93.95881795883179,132.8386950492859,64.79918217658997,161.9976716041565,35.63925623893738,93.95881795883179,153031.53836038627,42699.29390518151,4449.440127054851,183.95457458496094,6.479944705963135,0.0,152142.1628115598,42578.614877079985,4442.960266749064,180.7145700454712,6.479944705963135,0.0,153489.97479920575,42760.052915669425,4491.5598658720655,180.71453213691711,6.479944705963135,0.0,154298.35731151994,42820.81273061434,4536.919586579005,180.71453213691711,9.719944715499878,0.0,154191.44289600992,42640.18811889723,4510.9997762839,183.954496383667,9.719944715499878,0.0,123.1187117099762,9.719983339309692,0.0,0.0,0.0,0.0,58.31926107406616,6.479921102523804,0.0,0.0,0.0,0.0,142.55798435211182,19.439687252044678,0.0,0.0,0.0,0.0,35.63925623893738,0.0,0.0,0.0,0.0,0.0,93.95881795883179,0.0,0.0,0.0,0.0,0.0
"100,151",2506.528312175505,3.2399842739105225,17.991241053973926,15.094126451716704,6.479979515075684,160.89096354316263,3.2399842739105225,12.959866046905518,11.854225624308867,6.479979515075684,160.89096354316263,96028.15946359633,90084.80136243222,8981.059482408038,226.8864671351863,6.479984283447266,0.0,95915.57152655264,90221.25935138254,8987.71736533408,223.64656416201126,6.479984283447266,0.0,96549.85402330323,90733.99608788115,9026.596785852955,223.646475947137,6.479984283447266,0.0,97726.30544614603,91449.89771305348,9107.595668623493,226.88635793947708,6.479984283447266,0.0,98137.77444028665,91661.3064447964,9084.915987322376,223.64638034128677,6.479984283447266,0.0,3.2399842739105225,0.0,0.0,0.0,0.0,0.0,3.2399990558624268,9.71986699104309,0.0,0.0,0.0,0.0,6.822850617240457,5.03137500706841,0.0,0.0,0.0,0.0,6.479979515075684,0.0,0.0,0.0,0.0,0.0,60.11030729237725,100.78065625078537,0.0,0.0,0.0,0.0
"101,151",2506.374115755223,42.1178035736084,406.4167454224007,474.07163889548355,735.4490737915039,504.8585691442676,42.1178035736084,395.2613790035248,474.07163889548355,735.4490737915039,504.8585691442676,74901.24979239167,93625.00858466017,10610.405291696623,314.5735364895241,6.479220628738403,0.0,75975.75624355896,94899.60632164245,10644.24148477947,317.81354770473405,6.479220628738403,0.0,76799.0365571742,95664.32984291435,10681.492946831386,314.5738132934944,6.479220628738403,0.0,77755.12320209671,96680.22625345625,10781.923894135158,317.8135176639931,6.479220628738403,0.0,78388.95793641877,97192.07209754364,10833.758631450055,314.5736745338814,6.479220628738403,0.0,19.438791513442993,22.679012060165405,0.0,0.0,0.0,0.0,220.30887985229492,171.71264791488647,3.239851236343384,0.0,0.0,0.0,219.92651255458009,234.70622253230974,19.43890380859375,0.0,0.0,0.0,236.50985836982727,469.78046894073486,29.158746480941772,0.0,0.0,0.0,278.43671727460975,216.70224260909885,9.719609260559082,0.0,0.0,0.0
"102,151",2506.0657748885287,0.0,0.0,3.23956298828125,0.0,0.0,0.0,0.0,3.23956298828125,0.0,0.0,72196.3142950647,98795.85621204937,14760.571077340259,718.9604431367388,19.435884475708008,0.0,73051.78968920707,99679.97884128794,14795.853211543139,712.4816867089739,19.435884475708008,0.0,73396.36383471583,100321.16051943817,14841.204423806246,715.7211853242388,19.435884475708008,0.0,74001.32313767601,102116.71468745494,15129.515408417757,738.3965758061876,19.435884475708008,0.0,74263.53390723864,102635.84540190604,15226.70021309572,754.2382824673372,19.435884475708008,0.0,0.0,0.0,0.0,0.0,0.0,0.0,0.0,0.0,0.0,0.0,0.0,0.0,0.0,3.23956298828125,0.0,0.0,0.0,0.0,0.0,0.0,0.0,0.0,0.0,0.0,0.0,0.0,0.0,0.0,0.0,0.0
"103,151",2498.85385441526,3.2384297847747803,0.0,12.954454898834229,0.0,0.0,3.2384297847747803,0.0,12.954454898834229,0.0,0.0,80978.39922281902,73905.6270020756,13593.172408365734,1664.9822432761098,315.7542944786595,0.0,81151.91416419721,73929.1134820003,13596.766045923792,1658.504917598238,315.7542615768956,0.0,80769.66482000725,73867.57436609454,13583.811809654795,1655.2666711573506,309.2768572208928,0.0,71425.82652204177,73571.22406369096,13502.843237991892,1616.4025659327413,299.5617450115727,0.0,71612.78674308832,73506.45025163537,13480.172389383875,1597.8347462233373,296.3237138626622,0.0,3.2384297847747803,0.0,0.0,0.0,0.0,0.0,0.0,0.0,0.0,0.0,0.0,0.0,0.0,9.715929508209229,3.238525390625,0.0,0.0,0.0,0.0,0.0,0.0,0.0,0.0,0.0,0.0,0.0,0.0,0.0,0.0,0.0
"104,151",2504.987127345011,80.94858837127686,53.41978718252743,35.61653780937195,38.85541868209839,51.79312416338453,80.94858837127686,53.41978718252743,35.61653780937195,38.85541868209839,51.79312416338453,44311.029781892255,109356.92719073578,55336.33453189718,12364.701104616652,1545.049959667991,0.0,44315.89102933547,109310.5196988134,55323.38545548307,12351.748208975325,1548.288195618461,0.0,44289.98228929183,109308.90119069886,55323.38395678388,12338.79524753047,1545.0501935566172,0.0,44121.42109154346,109259.97822350614,55284.529894941916,12329.080244755278,1535.3351466739878,0.0,44181.875669951536,109204.1214959902,55245.67472612249,12316.127190565596,1525.6206920231089,0.0,35.616854190826416,38.855713844299316,3.237736463546753,3.23828387260437,0.0,0.0,25.90380859375,24.277650131898767,3.238328456878662,0.0,0.0,0.0,6.475897312164307,12.950972318649292,16.18966817855835,0.0,0.0,0.0,12.95174264907837,6.4758055210113525,19.427870512008667,0.0,0.0,0.0,30.753238633099723,17.80190278034584,3.237982749938965,0.0,0.0,0.0
"105,151",2504.2171840130163,336.6351776674682,1161.2156201194316,1276.1083037656895,1917.0079918393901,1004.2117900698793,336.6351776674682,1161.2156201194316,1276.1083037656895,1913.771179486256,1004.2117900698793,31782.717097005654,88116.7151935568,75555.51365800187,22032.318214026618,3299.2849019415235,3.2374107837677,31756.823120794106,87926.98445655411,75327.31333045868,21993.47540983312,3289.5748163111066,3.2374107837677,31646.775784215737,87456.8300810178,74893.56534890851,21851.05599340551,3276.627616728053,3.2374107837677,31286.052137030805,86756.86504488366,74378.92232613658,21719.972416863722,3265.3044379860744,3.2374107837677,30823.17048658296,85796.50885408625,73752.59901161474,21551.657809005064,3236.172400584875,3.2374107837677,38.84131383895874,118.14885535614164,137.56732216255338,35.60452890396118,6.4731574058532715,0.0,129.47176837921143,470.1514220069436,428.8833240032196,126.23552584648132,6.4735798835754395,0.0,233.04870223999023,521.9366037649268,404.5983946323395,103.57703876495361,12.947564363479614,0.0,326.9174144268036,874.757216502171,569.6780796051025,129.4713385105133,12.94713044166565,0.0,161.83802700042725,385.1777262687683,360.0933437197816,90.62909770011902,6.473595380783081,0.0
"106,151",2503.2938226876613,582.7046520092908,547.6758498247932,831.6370890140533,237.03325109294815,276.5847853959775,582.7046520092908,547.6758498247932,831.6370890140533,233.79750613979263,276.5847853959775,33304.15306692685,99117.77982102001,62232.53018100963,13547.95649252873,1600.988132462782,0.0,33157.73211508452,98821.98774802544,62096.618152696945,13505.888254270369,1591.2792062619153,0.0,33075.29956252248,98559.87811791756,61959.891845633,13505.070252220305,1591.2792253354016,0.0,32837.28866594352,97977.42042338707,61649.240744282215,13456.528719703825,1591.2795493462506,0.0,32772.57091658629,97790.28124003317,61600.69818108222,13440.34756330696,1594.5144903519574,0.0,152.07894802093506,304.42454403428474,106.78469467163086,19.416465282440186,0.0,0.0,129.43191981315613,252.39680767059326,146.4301382597755,19.41698408126831,0.0,0.0,171.50365948677063,398.01878476142883,223.28184986114502,38.83279490470886,0.0,0.0,35.592796325683594,120.54219178966447,67.95393490791321,9.708583116531372,0.0,0.0,29.122499465942383,126.19837260246277,91.32886251842274,29.93505080914965,0.0,0.0
"107,151",2502.2173540312187,676.469451822954,534.4394999307744,823.9350460865918,540.9191499915778,443.93298338815276,676.469451822954,534.4394999307744,823.9350460865918,537.6853784290015,443.93298338815276,31791.71623043827,96087.72002046903,68542.14640953776,16296.952395125933,3829.1776646305534,747.0306625300764,31605.7467791015,95635.29865502565,68306.87527148117,16288.87627308135,3808.1617802030896,730.8599848681806,31468.20634633419,95371.7089945971,68141.13179688642,16282.40621773963,3801.6942318327283,721.1576785975813,31279.812406157507,94812.99610717718,67797.48017371028,16220.95281927352,3808.161789050757,721.1574497157453,31135.897980148646,94539.79580699324,67677.81205451816,16188.615505383063,3817.863969674765,730.8599567347883,113.1993522644043,362.7590080878314,187.57392978668213,9.70326042175293,3.233901262283325,0.0,92.98230397000032,249.83749970922284,188.38574444452922,3.2339518070220947,0.0,0.0,133.41339584799374,401.8569447966183,243.38615434029523,45.27855110168457,0.0,0.0,106.73267817497253,278.94604527623045,129.3698012828827,22.63685369491577,0.0,0.0,59.809065659840904,190.80500841140747,173.91483536327587,19.40407395362854,0.0,0.0
"108,151",2500.9881399702463,1157.3551371097565,1716.6274991540347,1333.1197612285614,741.9213028430938,919.9116883726681,1141.1907925605774,1703.6949823407565,1323.4216969013214,735.4556782722473,916.6783080549801,25124.326869262437,78588.22268622155,70033.96298037324,22158.23996612231,6748.352336186988,688.4329648373173,24983.704468457843,78139.65984275668,69671.88695798669,22082.271639421873,6767.749385137184,681.9688749668644,24643.457598979803,77346.8242568418,69131.90103926846,22011.141932800703,6796.83382155381,701.3621900436924,24311.113030792687,76615.06737603953,68612.24062150506,21893.15915962481,6777.44037248574,685.1995249149845,24224.641673685528,76174.59617722548,68445.83354781188,21879.503523044958,6809.76506783448,688.4327464458988,206.89455342292786,484.9263515472412,362.08008337020874,84.0562789440155,3.233525276184082,0.0,236.79949418049233,771.0231253193874,602.1197838671067,93.75257897377014,0.0,0.0,224.0441919270684,608.820857148077,391.9694928505841,98.58715497559191,0.0,0.0,99.40493321418762,428.34710872407055,188.30885736708547,16.162675619125366,3.2321033477783203,0.0,148.71286821365356,478.4664306640625,270.1031299086178,12.929089546203613,6.466789722442627,0.0
"109,151",2499.6065934611906,974.2495620792987,775.5087447446936,2000.3400560407079,987.0523960169623,983.957696019902,971.0191965645434,769.0468685907476,1990.6465171365178,980.5906784113715,980.7270925634048,33543.43026766683,91266.239559455,62845.79060227543,14694.925213959636,4650.781677118002,306.97865816845615,33384.285010968,90826.76355068917,62592.92980428022,14648.072081341463,4657.245872846304,303.7473935772391,33276.014667924246,90515.7259865527,62534.03291881692,14651.305059685426,4683.096907010733,319.9053756882163,32746.325007941672,89414.32231153788,62029.98647463929,14560.833375706392,4618.476755490958,306.9804384399863,32565.55201665747,88995.89992206891,61793.238309413304,14519.548192545946,4624.763072061539,310.2121543575736,168.83565634559181,465.30761098861694,285.1731234728121,48.47202205657959,3.230783700942993,0.0,162.3692515934215,424.11441843369425,159.94370412546044,19.388181447982788,3.2313129901885986,0.0,482.84047063939715,1010.2123024575851,449.12421917915344,32.31497311592102,16.15455174446106,0.0,234.23728867138135,452.3334057331085,255.24665689468384,35.54199409484863,3.231333017349243,0.0,180.91932916641235,460.56279204873476,290.7812772526461,38.771199226379395,9.692494869232178,0.0
"110,151",2498.07317821967,2219.89127145281,2052.0376746130923,2326.1054289191375,871.2473295754077,1301.669493524701,2184.374270062353,2052.0376746130923,2309.9601464121947,858.330342871535,1291.9831167146272,35082.6103778652,83402.13446147864,49058.56500742669,10314.268979202532,970.9943302210639,9.68517017364502,34860.912049363644,82372.6672593042,48515.27268918823,10214.164818416857,964.5361452635597,9.68517017364502,34528.315386365444,81446.23879785072,47992.17556892843,10133.994036012537,980.6808202799629,9.68517017364502,33909.99149861897,80117.58032598403,47297.96780764074,10050.0397158202,973.6899356056662,9.68517017364502,33893.68644414602,79719.65537378742,47060.64940596094,10019.371247225181,978.7182227190802,12.913565397262573,400.9220251186222,1085.978933281057,584.4552485942841,109.78847289085388,3.2295901775360107,0.0,419.787713766098,999.9062103187335,561.856767390756,70.48698313750472,0.0,0.0,453.6472074200125,1184.7095857302347,577.9635429382324,93.63981032371521,0.0,0.0,167.90950417518616,409.50984059034613,248.6210834980011,29.061023473739624,3.228891134262085,0.0,235.71812677383423,541.4547796539231,434.0933032624862,77.48834228515625,3.228564739227295,0.0
"111,151",2496.38840841833,2477.309869363261,1555.223345041275,1257.2920580499313,753.6864073024076,721.9804629475464,2419.233581378413,1497.1429901123047,1192.7665863626144,705.2880837664884,696.166816631018,25453.454553351683,52062.48253176913,22505.594948003803,4552.748316226286,1899.7776395545286,570.4123298009237,25152.235545780142,51002.71971918087,22065.93824208671,4415.606817163206,1873.966894792108,560.7356218179067,25074.406835194193,50511.17222492835,21894.924795755687,4358.6117844553555,1828.807064221887,557.5116897900899,24802.62887744249,49928.03246623861,21543.32817634414,4269.8666174926,1805.1458119616789,534.9284738381704,24616.270642513387,49551.294560059374,21312.104605140874,4184.378875641729,1772.8826245532316,522.0250960667928,462.499426205953,1263.8039006541758,521.1184896768308,139.5512577346727,22.58303713798523,9.677469968795776,316.2158589363098,769.003691514333,300.0793309211731,53.77373592058817,51.618911027908325,6.4514617919921875,277.84581333048203,560.9112394800374,286.2537228144851,45.17144155502319,16.132347106933594,6.452022075653076,158.11610794067383,283.69479345620846,192.5084356289284,41.931070406296676,22.585816144943237,6.451860189437866,158.11360597610474,354.94425106048584,142.7867088991053,22.5852632522583,9.678364276885986,8.058623166177787
"112,151",2494.5528483496882,2708.710877750434,1718.2273369845223,1083.5771249621523,785.0284355088777,688.0178270265168,2665.182634860394,1695.6537951048683,1043.2722720230327,729.4047410188937,652.5506470128602,19369.113295104453,30273.671266759608,18022.04826875668,7122.383636634489,5436.75992008658,2041.8852202826854,18884.997127074817,28897.6146028369,17468.779349838518,6925.707364559172,5279.481681636735,2016.0904655391093,18431.54914535354,28029.081216611114,17047.633815403544,6739.056192082984,5098.035015051037,1919.7306727530909,18160.590918506357,27554.65511320713,16788.33759620517,6661.675428313834,5049.66940612045,1845.5864519240808,18004.203464952167,27093.132240457166,16617.19010047445,6629.4261731334755,4998.069665376813,1768.2089852454615,554.2433832196629,1260.7776606223163,557.824378490448,170.528464606229,99.23971906736786,22.569028854370117,454.6188714504242,751.281941541036,327.28747627127404,106.04604919470992,53.19455377915326,3.224902868270874,215.68925279729507,478.00205266522426,233.50689586845098,61.25951290130615,48.36530089378357,6.449256896972656,128.9750485420227,363.9867179898655,168.735488095938,35.46870279312134,19.34490180015564,12.893881797790527,122.52976393699646,288.20792268958746,145.09132719039917,54.812851905822754,22.566283226013184,19.342498064041138
"113,151",2492.433438515706,3257.4735346625835,2074.577355309094,1437.0848402855445,1314.8438448073816,1758.4180260368423,3154.3738413642436,2039.1376299100764,1404.8645415184546,1289.0701474311304,1681.104618138893,24012.144910708594,35367.88704045053,28313.880308908574,13845.759374572715,10684.300351336424,3776.2631912203396,23229.947709218195,34214.97045889743,27691.213771417093,13509.039263334462,10478.97965145485,3750.486965891894,22689.24864153675,33734.73517659225,27228.703673263626,13311.334661609986,10233.389768783718,3656.6787641815113,22094.772161195793,33239.98812514474,26827.226717347727,13125.81540058267,10007.054754608753,3518.1260002426075,21567.462247004227,32672.090632533094,26475.529763190887,12977.067672273226,9825.036496344734,3344.1388982108997,715.0534115725873,1111.0380226789737,734.3321522665959,369.2936863674837,189.21698923017465,35.439579248428345,568.0555183887482,609.4371492077323,484.3236807187398,222.66354577027116,141.76794028282166,12.889795541763306,396.2872669696808,398.44657667477924,351.5709046550826,142.57115171843884,86.9922502040863,28.99639129638672,386.6079812049866,398.24061712657704,285.13005287039516,115.98866868019104,80.54723739624023,22.55559015274048,467.136270904541,509.43264135005427,428.51973032951355,195.46572597821552,64.43950724601746,16.110742330551147
"114,151",2490.4226113061763,2553.3133430817547,2127.4066861928677,2272.1943459735194,981.6727638384875,1435.9200844194374,2498.5720286705914,2098.4295059503293,2246.442153953103,968.7963009020862,1426.2608193780861,24471.840838741788,43795.51694960034,36388.31198996749,21523.044210391887,21588.159181935178,9708.29142551983,23955.664069210314,42798.572761654395,35948.37139666968,21296.26075566329,21616.291154091028,9811.893138873342,23628.366194341696,42304.166775989535,35568.28830849611,21253.62319648593,21821.081806680268,10089.706994894439,23047.29172433311,41425.890652476104,34981.60321285678,20955.307162066063,21819.44783224405,10255.585847455379,22938.37043686287,41234.0697000597,34696.462389715045,20789.28492060268,21758.260468408174,10316.708830528634,523.6698902130126,1042.0262986314062,590.1936486206803,238.23697018623352,91.5699811701681,12.875239849090576,427.1129593260148,741.5056416296492,619.1937116725771,194.7310622738857,103.00710606575012,12.879024982452393,456.34658164417044,809.0768539260416,575.4145823927487,309.036420583725,90.12912678718567,6.438588619232178,180.29505896568298,262.37433809205595,299.3843448162079,170.59521865844727,54.721487522125244,1.4258528475667915,229.39545320529564,432.99156559775855,424.96674749243493,263.4405847306345,59.369362372043085,16.097105979919434
"115,151",2429.3557283672094,17.864599053999957,21.08404833569246,19.304973125457764,33.95360738529878,88.64917408999275,17.864599053999957,21.08404833569246,19.304973125457764,30.736048762938555,88.64917408999275,6995.848854711944,15660.647045295376,23000.852851860196,28391.29746683999,69178.52392832906,41523.61261652405,6947.596222093994,15654.211528461117,23021.753856425195,28385.483863004978,69403.6942294906,41771.352820546956,6902.559256246978,15647.788112538467,23008.91167479029,28407.33404954274,69514.12506096315,41925.27649913676,6622.700512340957,15485.34627785963,22938.130973153024,28287.051507008306,69439.79586535435,42173.36260239657,6693.461682966644,15499.89750228115,22982.35686711517,28307.994759347388,69541.50827632978,42409.50754964959,0.0,3.217622756958008,0.0,9.650202751159668,4.996773545882281,0.0,0.0,0.0,11.431995456358965,3.2171716690063477,6.434881210327148,0.0,0.0,6.434847831726074,6.43523383140564,3.2172908782958984,3.2176005840301514,0.0,3.2174301147460938,3.2172367572784424,6.435083627700806,6.43488073348999,9.65225601196289,1.779161517760333,0.0,19.303999185562134,28.95682430267334,9.652032852172852,27.518909569347606,3.2174081802368164
"116,151",2485.7065964455433,0.0,0.0,14.455356883067711,6.4257566928863525,0.0,0.0,0.0,14.455356883067711,6.4257566928863525,0.0,9432.445342448178,19662.00776729397,29226.90627626438,36213.99285004746,72487.61290555469,36631.76145760499,9429.244110253278,19727.064804600737,29193.19364846267,36193.91656333045,72416.75851847237,36603.73467335421,9482.258407796598,19781.675621079467,29251.021197443384,36286.387999772094,72782.2910689008,36901.675192403796,9462.162013076333,19793.71436320941,29259.058770734187,36393.21405797005,72912.41618394291,37117.312319065546,9523.17491700509,19900.41616183917,29440.555197230504,36509.65589787165,73064.19472764614,37191.2131634011,0.0,0.0,0.0,0.0,0.0,0.0,0.0,0.0,0.0,0.0,0.0,0.0,0.0,3.2138853073120117,4.814070033092125,3.213874101638794,3.2135274410247803,0.0,0.0,0.0,3.2138278484344482,0.0,0.0,3.2119288444519043,0.0,0.0,0.0,0.0,0.0,0.0
"117,151",2483.127343486766,0.0,0.0,0.0,0.0,0.0,0.0,0.0,0.0,0.0,0.0,13637.47232865352,23168.546878894173,35945.79261861782,47136.13227336454,72489.94653134813,18147.619868815178,13547.623765697665,23069.090584119163,35850.26053569831,46962.85766809034,72221.11313447672,18131.604678690666,13579.749559393114,23081.949774583183,35847.80473678907,46980.39620478762,72310.22875115732,18141.97718661626,13602.21482323665,23077.173717630612,35911.13729860923,47000.41137698585,72423.4072058818,18200.21728376781,13875.866197931999,23242.473561891857,36110.941296973884,47177.756637091734,72593.44971959264,18229.10210296313,0.0,0.0,0.0,0.0,0.0,0.0,0.0,0.0,0.0,0.0,0.0,0.0,0.0,0.0,0.0,0.0,0.0,0.0,0.0,0.0,0.0,0.0,0.0,0.0,0.0,0.0,0.0,0.0,0.0,0.0
"118,151",2480.4017190755753,0.0,0.0,0.0,0.0,0.0,0.0,0.0,0.0,0.0,0.0,12540.314035032312,23016.012244796755,35585.373449917395,40843.987372233816,56382.59147237049,14385.283996932645,12492.212787960092,22898.81953257112,35430.929858451724,40649.84999219202,56078.063716718265,14300.1354474825,12460.147420499841,22789.798992095275,35345.712015491365,40555.41889358221,56018.58003842223,14344.305744274923,12370.198155615379,22672.635389873092,35261.64476509936,40479.394104259154,55877.86691756904,14314.194176861818,12405.469785425712,22669.42708713681,35301.72876458168,40537.72699942776,55926.03200675554,14302.976154498492,0.0,0.0,0.0,0.0,0.0,0.0,0.0,0.0,0.0,0.0,0.0,0.0,0.0,0.0,0.0,0.0,0.0,0.0,0.0,0.0,0.0,0.0,0.0,0.0,0.0,0.0,0.0,0.0,0.0,0.0
"119,151",2477.5306260859898,0.0,0.0,0.0,0.0,0.0,0.0,0.0,0.0,0.0,0.0,10771.644624705408,19096.47937732865,27832.824844368763,29406.208877262416,37559.60885208729,9258.975672191733,10660.38586812861,18802.62571875909,27387.38122549618,28898.34929721869,36973.642310558585,9076.6423001841,10612.354049500298,18630.486026883595,27077.078669329254,28726.194520987716,36638.923453267416,8966.166293057273,10470.02901583653,18368.905596176784,26568.406454191023,28140.15387205049,35961.80189707139,8792.206418702182,10454.030595359616,18233.932868492837,26471.073872826142,28070.769748295985,35836.53196402718,8622.566700647392,0.0,0.0,0.0,0.0,0.0,0.0,0.0,0.0,0.0,0.0,0.0,0.0,0.0,0.0,0.0,0.0,0.0,0.0,0.0,0.0,0.0,0.0,0.0,0.0,0.0,0.0,0.0,0.0,0.0,0.0
"120,151",2474.515013632406,0.0,0.0,0.0,0.0,0.0,0.0,0.0,0.0,0.0,0.0,7056.043414997587,15133.584494256973,20867.87011384964,23271.02974002315,41281.10537147335,20975.909270066837,6869.692134666443,14868.30924055623,20518.952134145475,22811.68776852945,40604.06127112332,20739.271357066023,6751.327325868607,14602.794536567202,20173.45538927434,22466.981746227604,39988.22557358461,20520.268137429743,6750.524911729027,14652.370499178007,20152.103660464756,22495.839545692186,39721.06660249934,20382.78043542843,6715.334947673012,14606.508797545526,20100.65869789404,22384.57159613161,39382.47958651617,20313.99431542976,0.0,0.0,0.0,0.0,0.0,0.0,0.0,0.0,0.0,0.0,0.0,0.0,0.0,0.0,0.0,0.0,0.0,0.0,0.0,0.0,0.0,0.0,0.0,0.0,0.0,0.0,0.0,0.0,0.0,0.0
"121,151",2471.355876446026,0.0,0.0,0.0,0.0,0.0,0.0,0.0,0.0,0.0,0.0,6047.187965281804,11412.895411129557,16000.196331833857,18102.691565775403,53204.84181664037,72605.61636920071,6145.870806461222,11361.796610947215,15927.176023853526,18047.157194464813,53069.89838522368,72455.81984990719,6085.175208097346,11239.62244494756,15789.011624119326,17888.247687768937,52616.17857988207,71687.0502155089,5970.5727687891795,11121.795604165394,15680.429970047519,17844.23856215477,52452.068384809114,71463.69063232554,5964.187748294718,11169.721387322743,15681.234199363109,17813.56112054469,52485.973364049314,71673.28820439134,0.0,0.0,0.0,0.0,0.0,0.0,0.0,0.0,0.0,0.0,0.0,0.0,0.0,0.0,0.0,0.0,0.0,0.0,0.0,0.0,0.0,0.0,0.0,0.0,0.0,0.0,0.0,0.0,0.0,0.0
"122,151",2468.0542542097064,0.0,0.0,0.0,0.0,0.0,0.0,0.0,0.0,0.0,0.0,8532.804314568464,14578.484612355514,18721.57323131561,21734.77653544837,61891.32526262789,77297.53031242969,8508.429895322462,14549.777119527145,18667.3343480587,21688.973455406638,61744.22613889471,76683.00554685314,8495.673020761153,14517.867689738556,18591.562576053657,21652.803900060466,61646.02735447417,76385.90068857998,8453.844554488798,14481.623374084398,18556.465594528236,21613.712546952564,61467.38386368285,76383.79034281899,8461.02254632501,14462.473385671541,18546.888849043375,21620.803700850058,61548.38312582035,76467.46734698144,0.0,0.0,0.0,0.0,0.0,0.0,0.0,0.0,0.0,0.0,0.0,0.0,0.0,0.0,0.0,0.0,0.0,0.0,0.0,0.0,0.0,0.0,0.0,0.0,0.0,0.0,0.0,0.0,0.0,0.0
"123,151",2464.61123087194,0.0,0.0,0.0,0.0,0.0,0.0,0.0,0.0,0.0,0.0,8164.725310540668,13860.305318480847,17328.104467606077,19175.567754529504,57999.84838427189,77960.37484762717,8148.784675574771,13866.670570021985,17312.16877744151,19150.841414245904,57940.86526480657,77550.15738683216,8129.669152713291,13825.25335372102,17299.425652956495,19123.209811692144,57786.90985165298,77302.25337066838,8129.665332293979,13834.805838948605,17302.60095546199,19141.51977880889,57952.54425917327,77548.87239615779,8139.221132493488,13882.591729050991,17371.08811054697,19245.593560565685,58159.752311221295,77927.14278799132,0.0,0.0,0.0,0.0,0.0,0.0,0.0,0.0,0.0,0.0,0.0,0.0,0.0,0.0,0.0,0.0,0.0,0.0,0.0,0.0,0.0,0.0,0.0,0.0,0.0,0.0,0.0,0.0,0.0,0.0
"124,151",617.9279286130677,0.0,0.0,0.0,0.0,0.0,0.0,0.0,0.0,0.0,0.0,1965.0262137665468,3783.760995354372,5087.018722999797,5402.787698294135,16097.263431344312,17395.625901355925,1965.024140478583,3774.211416210848,5093.381452787624,5393.23871328971,16091.696059010075,17339.18608177409,1958.6591304554659,3774.2117941042957,5083.836206186519,5393.2401263966285,16088.512334129857,17298.33243669715,1936.3812040104585,3780.5784175059375,5083.833744276271,5386.876158739539,16059.880909702824,17271.231788277153,1942.747289539786,3761.484199967104,5080.652293194042,5399.604532028648,16093.126115040683,17298.978874878783,0.0,0.0,0.0,0.0,0.0,0.0,0.0,0.0,0.0,0.0,0.0,0.0,0.0,0.0,0.0,0.0,0.0,0.0,0.0,0.0,0.0,0.0,0.0,0.0,0.0,0.0,0.0,0.0,0.0,0.0
"91,152",280.4487203621298,0.0,0.0,0.0,0.0,0.0,0.0,0.0,0.0,0.0,0.0,1380.6103547629186,29.10149335861206,10.663894729053272,3.2334582805633545,9.700287342071533,3.2587830954906987,1818.8531222231245,29.101602792739868,10.663894729053272,3.2334582805633545,9.700287342071533,3.2587830954906987,1984.6733633583665,52.07859218260821,10.663953141605152,3.2334582805633545,9.700287342071533,6.492223971497779,2281.573992708617,65.01237929007587,10.663953141605152,9.700275659561157,9.700287342071533,6.492223971497779,2492.095547192704,81.1798321022707,10.663953141605152,9.700275659561157,9.700287342071533,6.492223971497779,0.0,0.0,0.0,0.0,0.0,0.0,0.0,0.0,0.0,0.0,0.0,0.0,0.0,0.0,0.0,0.0,0.0,0.0,0.0,0.0,0.0,0.0,0.0,0.0,0.0,0.0,0.0,0.0,0.0,0.0
"92,152",2502.3979856832925,0.0,0.0,0.0,0.0,0.0,0.0,0.0,0.0,0.0,0.0,90892.9066666388,7421.824686757256,955.3074368130926,245.84299731254578,219.9645802974701,158.50328731536865,94181.30944473883,7556.566662782781,955.3074368130926,249.07773399353027,223.19973516464233,145.56401801109314,97507.97673097123,7692.042895808874,955.3072138917212,249.07755255699158,223.19973516464233,139.0944323539734,100613.14472357617,7866.956068154877,948.838279355741,242.60795092582703,223.1996157169342,122.92084646224976,100776.51670252762,7886.350392695969,981.1854044091467,242.60795092582703,236.1383535861969,116.45128512382507,0.0,0.0,0.0,0.0,0.0,0.0,0.0,0.0,0.0,0.0,0.0,0.0,0.0,0.0,0.0,0.0,0.0,0.0,0.0,0.0,0.0,0.0,0.0,0.0,0.0,0.0,0.0,0.0,0.0,0.0
"93,152",2503.4747543893723,0.0,0.0,0.0,0.0,0.0,0.0,0.0,0.0,0.0,0.0,38282.20567762524,32376.219973637075,25420.87168754129,8336.306716478572,2212.064302106932,572.70521235466,38721.14977140894,33021.62625502044,25962.207102276298,8484.814242625704,2280.027350565031,582.4164483547211,38782.8860169364,33098.51141253733,26082.669289352383,8517.187057996263,2212.078736921385,527.4121680259705,38890.74500172465,33359.101642345915,26502.212930624162,8871.100266263064,2205.9712845409617,488.58366799354553,38741.39505017879,33426.96459469047,26714.98420842863,9028.768034708733,2205.9751795852885,465.9367139339447,0.0,0.0,0.0,0.0,0.0,0.0,0.0,0.0,0.0,0.0,0.0,0.0,0.0,0.0,0.0,0.0,0.0,0.0,0.0,0.0,0.0,0.0,0.0,0.0,0.0,0.0,0.0,0.0,0.0,0.0
"94,152",2504.398376071177,0.0,0.0,3.2373459339141846,0.0,0.0,0.0,0.0,3.2373459339141846,0.0,0.0,80821.50585801835,29425.030177805467,13580.838751589083,4682.214638161191,1351.7607342130998,135.93776512145996,81720.17747726722,29596.231020200015,13668.939261495365,4711.701404034858,1380.891606462703,145.64834761619568,81970.71504936965,29676.797987782717,13632.62660125377,4698.756363570456,1374.4170397646287,152.1212317943573,82258.81797229168,29783.271506883582,13803.727823263056,4704.873244928846,1396.717146993151,152.1205928325653,82631.0822309148,29912.031526876897,13865.231488471873,4713.874538802165,1416.1377998595144,152.12122750282288,0.0,0.0,0.0,0.0,0.0,0.0,0.0,0.0,0.0,0.0,0.0,0.0,3.2373459339141846,0.0,0.0,0.0,0.0,0.0,0.0,0.0,0.0,0.0,0.0,0.0,0.0,0.0,0.0,0.0,0.0,0.0
"95,152",2505.1685386131367,0.0,0.0,0.0,0.0,12.953243017196655,0.0,0.0,0.0,0.0,12.953243017196655,89292.76210874016,63818.62419399654,16114.439713249956,1958.7058782773859,681.923207689734,171.6328625679016,89796.70530189814,64325.59419134084,16259.057342619055,1994.3204541402704,678.6848458542543,174.87122440338135,90722.09764342681,64833.77810194913,16344.596889197595,1987.8433387475854,698.1149610771852,165.1560890674591,91593.1408508338,65556.65178754939,16493.5395659802,2038.8397258795944,694.0636012049282,165.1560890674591,92309.8273443895,66252.81141379489,16755.806844413048,2058.265558389589,700.5403017492855,165.1560890674591,0.0,0.0,0.0,0.0,0.0,0.0,0.0,0.0,0.0,0.0,0.0,0.0,0.0,0.0,0.0,0.0,0.0,0.0,0.0,0.0,0.0,0.0,0.0,0.0,12.953243017196655,0.0,0.0,0.0,0.0,0.0
"96,152",2505.7849816008684,48.58465218544006,42.10473155975342,84.21400141716003,246.1669795513153,475.3886445269865,48.58465218544006,42.10473155975342,84.21400141716003,242.92798399925232,472.14964897492354,96771.0646554797,47298.79903164471,17165.873559824624,6242.724612480986,4322.461920997208,819.3776144981384,96778.35983231672,47414.949622801236,17236.563902422025,6197.383072859633,4364.567698499268,799.9461541175842,97040.94843759628,47705.32096482071,17418.9967648609,6294.54420114218,4455.251006146973,803.1851608753204,97397.58224224014,48001.84553485103,17567.97431083754,6339.8831508225085,4474.682089826172,812.9008858203888,97312.20659929537,48149.20189737058,17655.41696711615,6385.224579579222,4523.260875960892,809.6625010967255,42.10653781890869,6.478114366531372,0.0,0.0,0.0,0.0,29.150030851364136,12.954700708389282,0.0,0.0,0.0,0.0,68.01883625984192,16.195165157318115,0.0,0.0,0.0,0.0,226.7327585220337,16.195225477218628,0.0,0.0,0.0,0.0,391.17705638268416,77.73402237892151,3.238570213317871,0.0,0.0,0.0
"97,152",2506.2474964954768,9.717519760131836,6.478349924087524,22.67479634284973,61.543174266815186,104.33770527559167,9.717519760131836,6.478349924087524,22.67479634284973,61.543174266815186,104.33770527559167,139993.73279856236,57032.563448515124,6440.040744275672,954.779354391846,443.7808573246002,9.717753410339355,140061.76553033383,57091.05147535848,6449.759760589225,945.0618939979404,440.54126477241516,9.717753410339355,140141.94360379333,57086.18641233631,6440.041541547401,945.0616672618717,443.7806613445282,9.717753410339355,140486.5230179413,57148.36824099223,6459.477693528755,954.7795053108066,437.3020339012146,9.717753410339355,140723.55801019297,57125.693571964905,6440.041706771476,935.3430801017612,434.0627739429474,9.717753410339355,9.717519760131836,0.0,0.0,0.0,0.0,0.0,3.239176034927368,3.2391738891601562,0.0,0.0,0.0,0.0,22.67479634284973,0.0,0.0,0.0,0.0,0.0,55.064961433410645,6.478212833404541,0.0,0.0,0.0,0.0,71.94642939287073,32.39127588272095,0.0,0.0,0.0,0.0
"98,152",2506.555926771111,45.35684275627136,126.35069632530212,80.99525022506714,330.45725774765015,722.4773259162903,45.35684275627136,126.35069632530212,80.99525022506714,330.45725774765015,722.4773259162903,168139.94417405128,24490.30710698576,2410.438045978546,213.01752883406246,9.719544172286987,0.0,168301.92494225502,24561.58168770285,2423.397070646286,213.01760226698482,9.719544172286987,0.0,168833.2540819645,24606.937611832334,2449.3158898353577,219.49727565260494,12.959377765655518,0.0,169496.66509012802,24775.404073490812,2446.0762655735016,222.73712879629696,12.959377765655518,0.0,169503.395397837,24697.64889575453,2442.0239537220377,222.73712879629696,12.959377765655518,0.0,45.35684275627136,0.0,0.0,0.0,0.0,0.0,126.35069632530212,0.0,0.0,0.0,0.0,0.0,80.99525022506714,0.0,0.0,0.0,0.0,0.0,272.1415169239044,58.31574082374573,0.0,0.0,0.0,0.0,709.5180923938751,12.959233522415161,0.0,0.0,0.0,0.0
"99,152",2506.7101680197147,84.23858118057251,80.9986035823822,61.55895471572876,25.919546365737915,349.9144752025604,84.23858118057251,80.9986035823822,61.55895471572876,25.919546365737915,349.9144752025604,113894.98531063585,67163.77814433062,6229.509921027165,230.03785848617554,6.479974031448364,0.0,113914.42768223333,67241.61351851483,6278.109259081822,233.27777338027954,6.479974031448364,0.0,114452.26299984503,67677.56277564834,6313.024817419987,236.51774263381958,6.479974031448364,0.0,115154.43785342516,68631.0959102883,6426.424214554768,246.23769307136536,6.479974031448364,0.0,115433.07775020692,69078.46945293651,6546.303852749806,255.95760703086853,6.479974031448364,0.0,80.9986093044281,3.239971876144409,0.0,0.0,0.0,0.0,45.35921931266785,29.159497499465942,6.479886770248413,0.0,0.0,0.0,51.839123010635376,9.719831705093384,0.0,0.0,0.0,0.0,16.19971752166748,3.2399463653564453,6.479882478713989,0.0,0.0,0.0,210.5966546535492,132.8379306793213,6.479889869689941,0.0,0.0,0.0
"100,152",2506.710168019695,0.0,0.0,0.0,0.0,0.0,0.0,0.0,0.0,0.0,0.0,92415.78627816837,77623.80683660974,7800.03960464141,323.1843215624491,22.679707527160645,6.479994297027588,92622.67453765776,77764.6632130632,7801.831421905406,323.18430821100867,22.679707527160645,6.479994297027588,93275.5188535279,78550.52345438937,7890.377169575412,323.1842495600382,22.679707527160645,6.479994297027588,94629.7819866414,79990.72800369169,8009.149616673414,332.9040390650431,22.679707527160645,6.479994297027588,95356.21759270874,80587.13464273566,8017.077963470011,326.42410222689307,19.439780712127686,6.479994297027588,0.0,0.0,0.0,0.0,0.0,0.0,0.0,0.0,0.0,0.0,0.0,0.0,0.0,0.0,0.0,0.0,0.0,0.0,0.0,0.0,0.0,0.0,0.0,0.0,0.0,0.0,0.0,0.0,0.0,0.0
"101,152",2506.5559267711433,0.0,0.0,0.0,0.0,0.0,0.0,0.0,0.0,0.0,0.0,75678.8101189258,76703.96739006227,7921.056128488803,247.28955648366144,9.719618797302246,0.0,77316.14876987982,77716.8514305582,7959.191143001295,257.00847170773676,9.719618797302246,0.0,78536.72286251387,78641.91805700507,7903.745615920834,253.76847694340876,9.719618797302246,0.0,79966.05389370544,79983.72096337524,8014.967323736117,257.0082409185522,9.719618797302246,0.0,81962.0732510819,82008.0758982836,8190.6552719845495,266.7274939817541,9.719618797302246,0.0,0.0,0.0,0.0,0.0,0.0,0.0,0.0,0.0,0.0,0.0,0.0,0.0,0.0,0.0,0.0,0.0,0.0,0.0,0.0,0.0,0.0,0.0,0.0,0.0,0.0,0.0,0.0,0.0,0.0,0.0
"102,152",2506.247496495478,0.0,0.0,0.0,0.0,0.0,0.0,0.0,0.0,0.0,0.0,87542.97839250004,79968.60083644718,7876.656576007956,444.68243557892595,25.914933681488037,0.0,88808.75095242426,81899.17730165088,8053.745164802028,441.44294292412553,25.914933681488037,0.0,89745.72992136805,83015.38059730528,8092.616885592891,434.96431977234636,25.914933681488037,0.0,91226.37694521419,84847.21404537871,8231.911193063213,434.9645577140883,25.914933681488037,0.0,92232.73897651504,86163.1926599867,8310.736131996267,425.24642569504533,25.914933681488037,0.0,0.0,0.0,0.0,0.0,0.0,0.0,0.0,0.0,0.0,0.0,0.0,0.0,0.0,0.0,0.0,0.0,0.0,0.0,0.0,0.0,0.0,0.0,0.0,0.0,0.0,0.0,0.0,0.0,0.0,0.0
"103,152",2505.7849816009016,51.82033610343933,194.33104801177979,1250.2165710926056,822.6738276481628,1480.1771535873413,51.82033610343933,194.33104801177979,1230.7829971313477,822.6738276481628,1480.1771535873413,97651.8849273345,84933.82366280837,7221.543906912149,697.6842420839796,77.72599411010742,19.430677890777588,98233.220743529,85078.39402604946,7234.49863599235,739.7858467840681,90.68045020103455,19.430677890777588,98379.72396077361,84994.18174196132,7215.066367372812,733.3088222288618,84.20322704315186,16.192222595214844,96287.44477078214,84384.04769242047,7215.065208896936,733.3088222288618,87.44180989265442,16.192222595214844,96404.03802963987,84224.98925102274,7160.3612370313385,733.3088222288618,87.4421796798706,19.430677890777588,22.671446323394775,29.148889780044556,0.0,0.0,0.0,0.0,100.40497612953186,87.44858813285828,6.477483749389648,0.0,0.0,0.0,757.9105281829834,459.9166820049286,12.955786943435669,0.0,0.0,0.0,440.48747301101685,343.3197603225708,38.866594314575195,0.0,0.0,0.0,693.1242401599884,744.9476580619812,42.105255365371704,0.0,0.0,0.0
"104,152",2473.3014211247705,35.61432909965515,32.37687945365906,19.426126956939697,0.0,0.0,35.61432909965515,32.37687945365906,19.426126956939697,0.0,0.0,92857.50492185143,80654.47099365907,8343.182613064262,515.5585024300743,48.57262587547302,0.0,92523.66920828352,80713.46061335919,8336.705763746711,518.7961323205162,48.57262587547302,0.0,92085.86962454928,80638.99112815576,8314.040462900612,509.0820140782524,48.57262587547302,0.0,89840.01106453223,80510.9498181287,8271.947111774894,505.8439042512108,48.57262587547302,0.0,89746.1257185964,80495.93410546267,8248.924706868565,502.6058640423943,45.33429765701294,0.0,19.426191806793213,12.950557708740234,3.237579584121704,0.0,0.0,0.0,19.42630410194397,6.475289344787598,6.47528600692749,0.0,0.0,0.0,9.712979078292847,9.71314787864685,0.0,0.0,0.0,0.0,0.0,0.0,0.0,0.0,0.0,0.0,0.0,0.0,0.0,0.0,0.0,0.0
"105,152",2504.398376071272,1312.1818464185676,727.2269157194623,1225.8557424741632,932.0257787685769,644.3271314097385,1308.945240535923,723.9902142309675,1225.8557424741632,932.0257787685769,644.3271314097385,59533.77472427405,110735.50800274215,34618.37525699747,4268.636856358659,257.1400994871177,0.0,59271.27822073206,110019.34382896237,34264.347415520155,4226.562225621355,249.23213124275208,0.0,59063.061776374365,109591.53769770791,34102.34490063237,4199.234942277273,249.23213124275208,0.0,58295.92193624833,108716.26577115059,33720.42178275632,4165.067029040468,245.9954710006714,0.0,57771.55433795312,108148.15407685676,33485.94761902398,4129.463957589281,245.9954710006714,0.0,225.82307514115877,687.0232118943159,349.35312324131235,42.07507109642029,4.670759162715837,0.0,103.57088685035706,424.61330507035353,176.38668217658997,19.419340133666992,0.0,0.0,297.768994808197,581.7745056348688,307.4738028049469,35.601778984069824,3.2366602420806885,0.0,307.48474287986755,419.20399097274327,182.68096872311014,22.656076192855835,0.0,0.0,142.04047147713456,363.92741604786295,135.12261702126148,3.2366268634796143,0.0,0.0
"106,152",2503.474754389284,2856.3318033199685,2502.220245215472,3979.878736972809,2255.191863232968,1768.75606154928,2856.3318033199685,2495.7484813662136,3979.878736972809,2251.9556006730772,1759.0491669131259,37910.75003901557,81013.60979685502,46551.85707944608,6241.8289106743005,548.6115999249851,0.0,37211.94717683605,79281.85276303197,45783.927085482836,6147.995499457565,537.1151857376099,0.0,36711.22451004514,78034.28631195647,45100.55500207695,6098.482626346513,530.6433851718903,0.0,35691.273043024776,75665.74568352324,44129.85313354286,6025.851898104536,530.6433851718903,0.0,35123.5803611372,74523.00480075163,43477.69046459666,5941.727377087462,524.1724052429199,0.0,589.6080913655899,1527.9149386864083,669.0717856743756,67.94744777679443,1.7895398168002858,0.0,475.65402698516846,1289.6300275353824,675.4582508507897,48.53437542915344,6.4718005657196045,0.0,838.0219724178314,2171.155111312866,915.6952803134918,55.006372928619385,0.0,0.0,489.3170370887308,1052.2390453301225,616.5679283170139,87.36061000823975,6.470979928970337,0.0,325.35265276011296,975.3936018298654,410.5817155164831,47.721196806664565,0.0,0.0
"107,152",2502.3979856833366,2165.5101828911725,1357.4949075203317,2766.138043274599,1734.5402115952734,1406.1225692524629,2149.3398838379803,1344.5600902061838,2756.4363046786366,1721.6048182618383,1402.8887922062593,56288.49781066296,86428.61916041748,48507.022253731186,6879.282233845019,235.30231220581953,0.0,55334.4252362859,85394.36231683377,48125.27077228509,6821.0640543806785,225.59852964737837,0.0,54735.321025327605,84791.19970680219,47935.2698656905,6798.42445934894,225.59852964737837,0.0,53579.010304356554,83148.96727467238,47124.26194535237,6733.738072048449,222.36360413887923,0.0,52878.58596158401,81948.04586461761,46600.304089889345,6675.523178707384,222.36360413887923,0.0,873.2160999774933,879.0139925648184,325.95431687130645,67.92102003097534,3.234454393386841,0.0,592.6305478666343,539.2872990654964,199.705735095342,12.936508178710938,0.0,0.0,710.7141516545239,1283.228220465604,707.5116420521456,54.982290506362915,0.0,0.0,458.5386760403128,813.5087753735336,394.5771107673645,54.98025608062744,0.0,0.0,331.674846682829,595.4328168111689,430.50233132418464,45.27879738807678,0.0,0.0
"108,152",2501.168433562941,3321.5968906374537,3967.495084326875,3433.130121720071,3131.6407587705876,2644.623289677676,3315.130610892352,3938.3992855960246,3420.1992156627134,3112.2426486192967,2644.623289677676,66783.44748054487,59470.85359863393,22789.297413321103,3033.786615388534,201.39464148540122,6.4651172161102295,65065.73629637139,58071.81152776643,22312.99056464644,2991.7562260796044,204.6269026662789,6.4651172161102295,62778.46829097037,56661.493458733836,21764.209393790185,2930.3318882156823,191.69730958003623,6.4651172161102295,60595.596580846635,55300.60583081526,21296.26241611312,2872.140791432998,185.23092588443382,6.4651172161102295,58887.804858539625,53988.981112404435,20980.2633380039,2862.4423375297997,188.46321877498252,6.4651172161102295,1591.631736904032,1263.3531442978804,431.0480481680702,29.097681522369385,0.0,0.0,2096.5135221780515,1293.1055262088776,497.053059350743,45.26215744018555,6.465020418167114,0.0,1791.699983181673,1186.410310872396,393.59379369230834,42.02874422073364,6.466383695602417,0.0,1566.2536144911076,1249.3871473050585,286.90376861329173,9.698118209838867,0.0,0.0,1268.9442186551935,1010.3774255051331,339.4399290084839,25.861716508865356,0.0,0.0
"109,152",2499.786512890515,2866.5503366769526,3242.4434513120095,3979.800656890869,2449.1922848617332,3443.316718424068,2856.8597582162593,3229.5225512055795,3934.5679567813872,2429.8069539462826,3418.91399658147,47911.825068496255,66360.78134291872,32385.15084556692,4280.624119342542,263.4970414470224,0.0,46944.07417687249,64976.253138570224,31855.423669069885,4248.319496692396,240.8824651073007,0.0,45771.786669339395,63924.5922486726,31516.2097661196,4238.629431070066,244.1134176085977,0.0,44540.31674504375,62198.032978226154,30551.349046450032,4096.471765578962,242.32738367248984,0.0,43843.203626277405,61323.25385477122,30120.99406099974,4041.5507722508673,242.32737699676963,0.0,967.744894919676,1307.7019041285796,539.4151056504717,29.075286865234375,12.922566652297974,0.0,1341.1008475948781,1355.3586113789504,494.29557251930237,35.53717589378357,3.230343818664551,0.0,1166.671154790766,1694.9792107357696,956.6118830849143,116.30570816993713,0.0,0.0,778.9548641793868,1055.709318786509,540.2200698600096,54.92270112037659,0.0,0.0,1325.0321261826684,1438.0426458218517,600.918993473053,54.920231103897095,0.0,0.0
"110,152",2498.252689503422,4213.171190191718,3251.006084438399,6231.626238491956,2140.134693448684,4055.3498692979997,4167.967088629218,3199.344461675719,6183.19349828047,2094.927264039657,4031.3178425499036,37492.65746429294,74288.57808534679,34173.874364886564,4451.189814176747,420.43801841922834,19.36850619316101,36547.90664081107,72295.88043250196,33176.602562370485,4341.406671133229,413.9814163226707,19.36850619316101,35763.531384788774,70696.48463323724,32648.673226874478,4292.971375551411,417.2091966647728,19.36850619316101,34138.14656846663,67392.69084552971,31175.20601228639,4096.02090868015,409.32022331555686,19.36850619316101,33599.96531390489,66263.16445007606,30630.23316098288,4014.2407793764974,406.09181378682456,19.36850619316101,958.7248698215858,2091.6986120644738,1007.7607819884431,103.32435417175293,6.458470582962036,0.0,881.2428974712595,1640.568556652817,612.953529287787,64.57947826385498,0.0,0.0,1433.4369602867203,3161.478081653632,1381.6372486451091,193.72693586349487,12.914271831512451,0.0,487.9635770545286,1025.4078537473492,490.08854105799804,88.23888265104856,3.2284095287323,0.0,1144.2541068067737,2034.5978429513818,765.2834391593933,87.18245363235474,0.0,0.0
"111,152",2496.567479904931,1957.9998838452734,1308.4116906100628,2087.9300408363342,945.8023576801897,1661.1470372003669,1906.372699215833,1250.3329478675244,2026.6179220676422,881.2690634792925,1635.3309733194465,15469.63613279567,39201.26125749046,25696.728222961054,5409.7444094872935,1567.6419798308727,606.7001674175262,15300.725203751581,38470.03528543268,25165.94339212343,5314.557522958867,1577.3224440986035,603.4729113578796,15229.320312044667,38032.18003165676,24782.618912709928,5276.186022232092,1557.9632004672405,600.2462816238403,14900.13128731952,37026.378251830276,24134.786235560627,5189.053708265341,1538.6033417159435,616.3818233013153,14779.912836343166,36639.7460761117,23905.294962709093,5122.357425242779,1519.2387734824536,600.2459173202515,303.33857226371765,937.9949473539988,569.0385729471843,83.09165513001236,6.4543986320495605,6.454552888870239,223.02331612250384,576.5821724732717,389.4111147721609,45.180192947387695,12.90891146659851,3.2272400856018066,329.16219568252563,1032.6659591992695,574.4292282263438,87.1332585811615,3.227280378341675,0.0,151.6634006500244,430.54762181300737,242.04225993156433,44.106162230173744,9.682427167892456,3.227191686630249,300.10528802871704,709.9590222835541,473.59039872113397,116.17726469039917,29.044495105743408,6.454504489898682
"112,152",2494.7314509182984,1103.661728280198,483.2941121942857,348.2172796567281,298.6939805404813,335.33477234840393,1042.39682115854,470.39707373450784,341.76838110287986,286.6055995585872,322.4375810623169,13448.140574919009,10067.370053772833,4633.448520180757,1986.7506037375506,1657.8018467342154,225.3239020730935,13695.566302791296,9998.019021297903,4524.65276166411,1935.1608756205615,1625.5620546256796,218.87837308902368,13808.026263410902,9985.93618252511,4496.535159993638,1899.3464918716281,1554.6232850467459,212.4300121690713,13729.864570058558,9960.967184876461,4442.532199952181,1834.872420130524,1506.2606940185324,193.08594244975671,13750.838476096882,9917.53745305024,4397.291673169417,1796.185256062302,1474.0126523887411,193.08588713664636,406.28892278671265,384.61680330575683,135.42284154891968,74.15912055969238,35.462300300598145,6.446832656860352,138.30390980103437,204.74718135197958,66.0907380880094,29.015690565109253,32.239553928375244,0.0,106.40349292755127,107.20639648904988,54.0066715034784,48.35999298095703,22.568392276763916,3.2234349250793457,96.73686027526855,90.27465105056763,60.90718904757032,25.791168451309204,12.89573073387146,0.0,116.077219247818,87.0654525756836,80.60572838783264,25.794627904891968,12.894552946090698,0.0
"113,152",2492.6115314330796,3395.8179351264353,2035.5598451287137,1002.2085454613555,791.8169002570357,817.2159868876139,3286.2792190486307,1920.6595577389585,966.7689681202758,759.5976042784896,792.5137114524841,11382.510996003244,20654.832939556534,19749.075426674823,10445.7489688331,7205.686004222608,3247.9424097818487,11011.696282083849,19933.058243306477,18754.13455892077,10008.725966685426,7045.682452103671,3276.9432653071835,10760.383254437353,19325.781920068406,18149.594299797922,9755.040306121227,6868.510262867984,3247.939024476444,10554.181234984304,18932.732797655404,17873.624945724714,9575.445004478155,6759.757051201428,3170.590054778492,10540.227960019018,18729.603795592924,17575.831372897766,9378.943722024618,6588.995632143582,2945.0461497587316,447.7827740940393,953.7145368052463,1124.53081333123,531.5179550647736,209.4054696559906,19.327670097351074,296.4243242740631,652.416197457968,547.6545677185059,235.1630458831787,161.08108592033386,27.920336484909058,112.77263379096985,288.879191160202,285.63299584388733,140.94190789765003,103.09901523590088,35.44322419166565,90.2082850933075,244.84428119659424,218.33802962677152,83.75860667228699,80.55588984489441,41.89251184463501,115.9814510345459,283.48955845832825,235.1714437007904,77.32098698616028,54.77250862121582,25.77776265144348
"114,152",2372.171012940241,1806.3175062516157,1177.3885112210814,1474.9806705175663,1297.5437335481831,953.3028531822504,1761.1534365485695,1124.8101121855718,1417.0277600942875,1275.008411358852,929.7092148294636,16632.698723879977,35266.78850264362,41348.42596076424,28349.757465717837,24357.890421190445,7840.888556454229,16312.758328162921,34727.06226556067,40939.59109062495,28219.88919217072,24443.10897957016,7983.333012613595,16058.961903307483,34635.35180930717,40907.260455866424,28263.795397183472,24902.723769662898,8232.576029248332,15889.953413187288,34329.52471273366,40452.25617158273,27915.17612221568,24786.259800556592,8251.874166674708,15694.620173727297,33901.78522143083,40077.57281106594,27671.46859782443,24642.063914631864,8235.782968425752,351.05067469933454,574.1276450157166,507.58185206301073,202.83075785636902,112.68482327461243,12.877683639526367,271.0703774545707,300.3581682682037,282.4920093311983,189.3852826314814,77.22383073918961,4.2804437609279855,164.98939304912793,310.1101828547085,461.9654456849192,310.40279459298824,147.0241477470772,22.53579616546631,167.413645029068,389.965016337002,413.10569208089044,213.34558970413957,80.09564946773006,11.082818740021949,135.84383440298194,320.5163943963893,235.1647297148611,154.50259613990784,74.02460360527039,9.6570565700531
"115,152",2487.8961497232817,138.26823687553406,32.172861099243164,191.87510428148158,434.132477275063,356.27530369478114,135.05364418029785,32.172861099243164,188.6605227919186,434.132477275063,349.84033879953273,9001.975331583211,20429.59998717682,30989.910995639533,37918.53424028976,76843.11224646942,26824.074087566485,8998.750837364385,20504.280300503153,31063.88024464962,38076.94498627981,77344.74054918476,27335.407216734042,9025.204606655532,20584.674601440805,31170.009393371314,38232.134203815454,77813.58827550831,27809.95744563271,9005.900646332198,20558.94376767196,31232.546352026504,38137.121598002486,77789.28753607413,28006.110510360493,8983.388012531692,20534.024552565934,31202.06752957923,38038.829325502054,77818.4589929618,28169.06293071298,6.432805776596069,19.29672861099243,32.15869450569153,35.368391036987305,38.58234095573425,3.2146832942962646,9.651011228561401,6.434867858886719,12.86938190460205,3.217600107192993,0.0,0.0,12.869831800460815,28.9463369846344,17.866454640556782,56.45206179899328,72.5258375672733,0.0,6.432107448577881,28.945440769195557,81.12105343482074,167.59348755443796,148.26122694576486,1.7791611222659842,24.291123059216666,59.682719721513635,70.7612726688385,92.2026995939367,99.68743395805359,3.215089797973633
"116,152",2485.883088296356,244.23312973976135,73.92080688476562,176.74795031547546,484.53256466248456,595.6478796678431,237.8095624446869,73.92080688476562,176.74795031547546,481.3208887801451,595.6478796678431,13446.972179583943,28516.261865664463,44944.50394697751,41052.5955439577,40319.459731203904,10648.661720129086,13475.89942114774,28434.43072354653,44896.302888589744,40985.92350723417,40379.63604853854,10751.519669624402,13937.882570592095,28681.807083962944,45220.769824462775,41156.22806527288,40615.13872839423,11040.745110364987,14292.126690179228,29122.731892639047,45908.21467967594,41550.54340773377,41002.28275884086,11217.479379983975,15358.925693065046,29655.980775886423,46458.24369972453,41867.73876596059,41259.38954713578,11369.572924983268,12.855865716934204,41.76610279083252,41.782161235809326,102.83815121650696,35.35293936729431,3.2143421173095703,9.641427278518677,12.854375839233398,16.06966471672058,22.4988534450531,12.856485605239868,0.0,16.067201375961304,22.493283987045288,51.41909193992615,64.27263736724854,22.49573564529419,0.0,12.854089498519897,96.4081678390503,150.31333711007062,122.12489151954651,93.192049741745,6.4283530712127686,25.71272301673889,67.4889829158783,141.42003846168518,219.6102157312281,141.41591954231262,0.0
"117,152",2483.3032651285043,0.0,0.0,0.0,0.0,0.0,0.0,0.0,0.0,0.0,0.0,16213.710400629978,34164.457812501874,52324.89038619434,43578.77616334896,37900.95268333192,10205.165583244958,16213.721614647846,34218.32313410441,52353.78655299579,43571.62331660869,37850.32185394624,10157.751869318532,16341.421779355815,34414.109586397804,52527.11364683544,43687.16110213878,38090.22420306206,10212.295092621038,16585.416639528084,34798.62825636771,53359.263650077,44194.37417205455,38391.147762270535,10339.148849462996,16883.144714915517,35207.91107659621,53815.13642622724,44533.82538235234,38596.66815079988,10298.3186849538,0.0,0.0,0.0,0.0,0.0,0.0,0.0,0.0,0.0,0.0,0.0,0.0,0.0,0.0,0.0,0.0,0.0,0.0,0.0,0.0,0.0,0.0,0.0,0.0,0.0,0.0,0.0,0.0,0.0,0.0
"118,152",2480.577060230617,0.0,0.0,0.0,0.0,0.0,0.0,0.0,0.0,0.0,0.0,11856.866886628844,26503.429457820635,41502.98694776741,45639.58446589171,57992.81495002952,12672.293730314104,11795.94050694821,26430.3928067198,41422.800465099484,45470.37038119354,57874.25769838165,12684.402340223276,11913.895890680951,26542.63619084265,41551.53711633775,45544.10908754387,57835.60300859564,12694.025257477106,12144.805662361783,26671.655069653196,41586.111681291164,45553.69792731323,57784.102179076624,12710.801632512785,12646.897564460718,26915.420310322446,41664.157062206075,45570.605566293125,57585.25464862749,12634.568887746102,0.0,0.0,0.0,0.0,0.0,0.0,0.0,0.0,0.0,0.0,0.0,0.0,0.0,0.0,0.0,0.0,0.0,0.0,0.0,0.0,0.0,0.0,0.0,0.0,0.0,0.0,0.0,0.0,0.0,0.0
"119,152",2477.70538012025,0.0,0.0,0.0,0.0,0.0,0.0,0.0,0.0,0.0,0.0,11853.527842150485,25413.347432158975,37406.53783855251,38456.1212114811,45472.96813201063,6299.607575250138,11817.5153797907,25484.33505506796,37405.19681075881,38467.38842446009,45427.12695886949,6267.585134816636,11818.948337493224,25537.422933471902,37449.347077461316,38513.015254120735,45349.1456403134,6277.20740253972,11763.452811050416,25512.595484111822,37251.36399753234,38359.32081804743,45147.158901507246,6192.911189577626,11813.96004908973,25528.046705500285,37178.62434726884,38152.483973897666,44892.064987839905,6087.248185894536,0.0,0.0,0.0,0.0,0.0,0.0,0.0,0.0,0.0,0.0,0.0,0.0,0.0,0.0,0.0,0.0,0.0,0.0,0.0,0.0,0.0,0.0,0.0,0.0,0.0,0.0,0.0,0.0,0.0,0.0
"120,152",2474.6891776719726,0.0,0.0,0.0,0.0,0.0,0.0,0.0,0.0,0.0,0.0,11113.854081535339,19325.871168608763,27483.68973071154,28830.254260231468,41058.99954170152,9410.988328482123,11060.243754569221,19298.91670720063,27453.78250526166,28863.933224253557,41024.39599924836,9491.278164582158,10986.66371673696,19115.862690806858,27224.216674781306,28612.072997877647,40675.155414029665,9452.885041909123,10985.354791784286,19270.68383350746,27412.45355184405,28764.312515653346,40602.891631532184,9357.994610663955,11096.249919398624,19383.1860933201,27521.48634018991,28772.144566305946,40499.79380865097,9268.417327519957,0.0,0.0,0.0,0.0,0.0,0.0,0.0,0.0,0.0,0.0,0.0,0.0,0.0,0.0,0.0,0.0,0.0,0.0,0.0,0.0,0.0,0.0,0.0,0.0,0.0,0.0,0.0,0.0,0.0,0.0
"121,152",2471.5294514754805,0.0,0.0,0.0,0.0,0.0,0.0,0.0,0.0,0.0,0.0,6929.441022871056,15773.430916177524,22459.043763747868,26271.335682256547,59709.05884736472,54156.751881032826,6903.879896638909,15671.561845690596,22435.89059022735,26182.602630555397,59484.702362944096,53738.81431760601,6843.160042999306,15572.973488558038,22270.90051204644,25978.89690258643,58896.048126645175,53354.39480556412,6776.07631802372,15439.125147237028,22191.01212341271,25821.29040831865,58634.041917605486,53281.37488481109,6769.679421422997,15410.372151746,22100.737843762192,25812.9409817546,58572.96720628363,53329.252907958675,0.0,0.0,0.0,0.0,0.0,0.0,0.0,0.0,0.0,0.0,0.0,0.0,0.0,0.0,0.0,0.0,0.0,0.0,0.0,0.0,0.0,0.0,0.0,0.0,0.0,0.0,0.0,0.0,0.0,0.0
"122,152",2468.2272451599665,0.0,0.0,0.0,0.0,0.0,0.0,0.0,0.0,0.0,0.0,8008.392852391449,15421.317635468877,19996.896275519393,21960.37320638731,64244.10979980206,76304.21893249493,7983.664856249679,15347.588669666591,19910.73890495207,21887.788666864468,64022.56919681044,75719.66775299987,7965.586503559936,15309.303249010387,19886.024461429264,21878.20062841995,63933.58017319417,75558.34682277418,7952.826414877762,15316.502934995355,19876.451468866017,21882.18302066092,63883.58853127535,75676.71952128317,7958.414272631851,15313.30548221177,19886.020384207895,21863.042265007538,63832.57012679156,75673.54472041038,0.0,0.0,0.0,0.0,0.0,0.0,0.0,0.0,0.0,0.0,0.0,0.0,0.0,0.0,0.0,0.0,0.0,0.0,0.0,0.0,0.0,0.0,0.0,0.0,0.0,0.0,0.0,0.0,0.0,0.0
"123,152",2464.783646689301,0.0,0.0,0.0,0.0,0.0,0.0,0.0,0.0,0.0,0.0,7490.838915542527,13628.322190652174,17402.219491581825,20126.820085280546,59635.72727883189,92165.2254930253,7481.280746654435,13626.91099392386,17392.6681068944,20119.64020989642,59668.23902988808,92239.17479575287,7477.049269340551,13601.42280017348,17373.55808792582,20132.398389322614,59700.089106325075,92315.38787450417,7438.816695354498,13585.502886166292,17325.763452153114,20118.84634969094,59641.68451974533,92222.40954526547,7448.370072982824,13577.35882748155,17290.72173915377,20086.993333076025,59555.66537974022,92007.35791681608,0.0,0.0,0.0,0.0,0.0,0.0,0.0,0.0,0.0,0.0,0.0,0.0,0.0,0.0,0.0,0.0,0.0,0.0,0.0,0.0,0.0,0.0,0.0,0.0,0.0,0.0,0.0,0.0,0.0,0.0
"124,152",1753.4862020625808,0.0,0.0,0.0,0.0,0.0,0.0,0.0,0.0,0.0,0.0,5269.492421697167,8486.198222948524,10455.254788672692,11993.79754300772,39618.475589163165,65948.32098484696,5275.859441588906,8488.225885212656,10458.43928555227,12025.619415242065,39691.17594308947,66176.61303904945,5282.229396174935,8465.95363169932,10442.534747874504,12031.585579285904,39608.35177005319,66133.7365805841,5244.180636667737,8433.526989016815,10423.44947055555,11968.354105431426,39513.37474603092,65948.49691587804,5228.284031414518,8444.840426517936,10413.917080676323,11961.984870869506,39532.47136992847,66017.6779597619,0.0,0.0,0.0,0.0,0.0,0.0,0.0,0.0,0.0,0.0,0.0,0.0,0.0,0.0,0.0,0.0,0.0,0.0,0.0,0.0,0.0,0.0,0.0,0.0,0.0,0.0,0.0,0.0,0.0,0.0
"125,152",31.212633802517107,0.0,0.0,0.0,0.0,0.0,0.0,0.0,0.0,0.0,0.0,54.033026456832886,169.54994007465885,210.22175841331483,250.45304728115306,787.2702610389858,1254.7675242255718,54.033026456832886,169.54994007465885,213.39981298446656,253.63117170894847,787.2702610389858,1248.4111013244183,54.033026456832886,169.54994007465885,213.39981298446656,250.453134542353,790.4484376804501,1261.1855041859199,54.033026456832886,169.54994007465885,213.39981298446656,250.453134542353,790.4484376804501,1267.4801437686474,54.033026456832886,169.54994007465885,213.39981298446656,250.453134542353,790.4483854667812,1270.6584248374493,0.0,0.0,0.0,0.0,0.0,0.0,0.0,0.0,0.0,0.0,0.0,0.0,0.0,0.0,0.0,0.0,0.0,0.0,0.0,0.0,0.0,0.0,0.0,0.0,0.0,0.0,0.0,0.0,0.0,0.0
"91,153",165.7836131442948,0.0,0.0,0.0,0.0,0.0,0.0,0.0,0.0,0.0,0.0,3.2333991527557373,0.0,0.0,0.0,0.0,0.0,0.0,3.233602285385132,0.0,0.0,0.0,0.0,0.0,0.0,0.0,0.0,0.0,0.0,0.0,0.0,0.0,0.0,0.0,0.0,0.0,0.0,0.0,0.0,0.0,0.0,0.0,0.0,0.0,0.0,0.0,0.0,0.0,0.0,0.0,0.0,0.0,0.0,0.0,0.0,0.0,0.0,0.0,0.0,0.0,0.0,0.0,0.0,0.0,0.0,0.0,0.0,0.0,0.0,0.0,0.0
"92,153",2482.9778731408214,0.0,0.0,0.0,0.0,0.0,0.0,0.0,0.0,0.0,0.0,55841.78584527408,3110.595064051011,652.3474079833311,295.4427554242751,313.78828382492065,93.81416869163513,59539.84337134921,3324.0851639579323,678.2263800368589,305.1472322576186,329.9625301361084,97.04885816574097,61494.5045561005,3489.0508619617012,708.4060307839337,318.0870451562545,336.4320533275604,93.81378841400146,62377.48311034931,3547.2728797267464,718.1105748513165,327.7913326852462,355.84098625183105,93.81378841400146,63170.9980080857,3647.5455802749184,727.8144596913281,334.26090451408834,359.0755078792572,93.81418633460999,0.0,0.0,0.0,0.0,0.0,0.0,0.0,0.0,0.0,0.0,0.0,0.0,0.0,0.0,0.0,0.0,0.0,0.0,0.0,0.0,0.0,0.0,0.0,0.0,0.0,0.0,0.0,0.0,0.0,0.0
"93,153",2503.6526623958116,0.0,0.0,0.0,0.0,0.0,0.0,0.0,0.0,0.0,0.0,31521.07685016183,14180.644631021163,4044.2319408491544,983.3517478026596,595.3673319816589,385.3743603855956,33513.07618123877,15245.213193290374,4322.524671418994,1022.1833370246139,634.198558807373,340.07709795540455,34003.80335846134,16228.899311893127,4764.767497245003,1090.1376543559281,643.9099230766296,304.49036294525746,34233.52842917629,16549.936126554712,4904.253759075614,1093.3727317370622,673.3932719090405,255.95902687615038,34300.38730874248,16737.610688770517,4894.544597078772,1073.9612131633012,670.5167410093195,229.72103391441644,0.0,0.0,0.0,0.0,0.0,0.0,0.0,0.0,0.0,0.0,0.0,0.0,0.0,0.0,0.0,0.0,0.0,0.0,0.0,0.0,0.0,0.0,0.0,0.0,0.0,0.0,0.0,0.0,0.0,0.0
"94,153",2504.5765402028323,0.0,0.0,0.0,0.0,0.0,0.0,0.0,0.0,0.0,0.0,39405.026549547794,38355.10415258782,14660.81242553019,6079.198591313641,4649.311631973117,1376.9619099224315,39616.241407278474,38917.99336507928,14936.778174950094,6283.136012397093,4788.504625614017,1406.093871268104,39878.432351950105,39313.372398379266,15211.93131120345,6380.254625401776,4875.904871995776,1425.5175830448375,40124.45175707668,39865.14349214049,15621.982733579709,6610.084510884564,5059.710387897491,1454.6532157982097,40218.31851446956,40098.56266597486,15781.39046753154,6733.09417661218,5101.436517204958,1455.0101629416147,0.0,0.0,0.0,0.0,0.0,0.0,0.0,0.0,0.0,0.0,0.0,0.0,0.0,0.0,0.0,0.0,0.0,0.0,0.0,0.0,0.0,0.0,0.0,0.0,0.0,0.0,0.0,0.0,0.0,0.0
"95,153",2505.346918368989,0.0,0.0,0.0,0.0,3.237713575363159,0.0,0.0,0.0,0.0,3.237713575363159,65320.24615724508,60722.57549837899,15057.439556994157,2690.114020501866,1165.1935473236383,288.1517927646637,66270.59399574599,61578.83466584917,15333.468121758628,2749.209494498197,1200.8081258091272,288.15168809890747,67373.15051213713,62615.36643309594,15523.690113817476,2780.5081763136623,1226.7101090702356,288.15156269073486,69728.80930607459,64464.807967765664,15935.620896130917,2857.4046692801458,1271.5793719020544,304.33983969688416,70641.64376925769,65501.14392542746,16213.272937426847,2880.0706794215184,1271.5795538154302,304.3398184776306,0.0,0.0,0.0,0.0,0.0,0.0,0.0,0.0,0.0,0.0,0.0,0.0,0.0,0.0,0.0,0.0,0.0,0.0,0.0,0.0,0.0,0.0,0.0,0.0,0.0,0.0,3.237713575363159,0.0,0.0,0.0
"96,153",2505.963535292532,0.0,0.0,0.0,0.0,3.2389020919799805,0.0,0.0,0.0,0.0,3.2389020919799805,73803.72037529292,61222.747063361894,13129.942310841878,2999.9331758742237,1864.476603084452,626.1770689824048,74489.6752498739,61933.38829984384,13243.297766478856,3035.558893514147,1859.434081698399,632.654004607481,75491.05262945681,62801.360467663,13376.90043737748,3111.121342411228,1920.9740535268597,642.3701188900891,76755.52636985033,63965.36282556103,13597.13121845582,3120.836784353443,1945.4499135550332,661.803542170805,77570.10171733184,64619.36773343741,13799.370180719974,3166.179599752613,1994.034146123774,650.6517228509865,0.0,0.0,0.0,0.0,0.0,0.0,0.0,0.0,0.0,0.0,0.0,0.0,0.0,0.0,0.0,0.0,0.0,0.0,0.0,0.0,0.0,0.0,0.0,0.0,0.0,3.2389020919799805,0.0,0.0,0.0,0.0
"97,153",2506.4261814791325,22.676509141921997,9.717895030975342,6.479162693023682,19.437268257141113,22.676628828048706,22.676509141921997,9.717895030975342,6.479162693023682,16.197701930999756,22.676628828048706,106977.99872471679,51904.22416399601,16767.85673881419,4936.193483235789,2930.334976594588,617.6134629922755,107278.90502158801,52101.82164071682,16961.49248096803,5000.98132574792,2974.2367081081165,620.8526511865504,107429.9677176756,52223.212185699806,17057.85779687938,5023.654947640849,2990.433987084557,624.0930584150202,107701.3397148179,52445.91056935367,17310.522519560425,5113.544034264134,3040.475132148406,650.0080314355738,108008.36540018437,52613.20428819002,17483.994044298288,5210.724680683659,3066.388724963805,638.4993691893185,3.2392427921295166,12.958160877227783,6.479105472564697,0.0,0.0,0.0,3.239194631576538,3.2395856380462646,0.0,3.239114761352539,0.0,0.0,3.239581346511841,0.0,0.0,3.239581346511841,0.0,0.0,0.0,12.958189725875854,0.0,0.0,3.2395122051239014,0.0,16.19761037826538,3.2395107746124268,0.0,3.2395076751708984,0.0,0.0
"98,153",2506.734699683881,16.198696613311768,19.438767194747925,6.479379177093506,0.0,51.835062742233276,16.198696613311768,19.438767194747925,6.479379177093506,0.0,51.835062742233276,140462.19503046016,53920.562097668175,5978.567800306805,468.297723867379,271.40746685476864,283.4630711742476,140214.52942174836,54035.56851747737,6047.3268981550245,487.7361558456047,274.64714428396786,292.36890913645425,140173.7739908648,54125.55521224807,6069.192223437627,481.25667796321943,287.60563370199765,298.84826685587564,140784.54960536672,54302.926920123195,6085.390050299962,484.49599776455,281.1262814662036,298.84826780954995,141059.2006353967,54406.5979340385,6095.1090545009165,495.02817082685584,293.2717084174063,302.08791829744973,3.2396435737609863,12.959053039550781,0.0,0.0,0.0,0.0,6.479609489440918,12.959157705307007,0.0,0.0,0.0,0.0,3.239689588546753,3.239689588546753,0.0,0.0,0.0,0.0,0.0,0.0,0.0,0.0,0.0,0.0,35.63678765296936,16.198275089263916,0.0,0.0,0.0,0.0
"99,153",2506.888985017463,0.0,0.0,0.0,0.0,0.0,0.0,0.0,0.0,0.0,0.0,98579.42437152396,84200.64627917888,9747.383138649137,236.5177936553955,16.199867963790894,0.0,98534.79149608145,84331.69412025096,9731.183821432263,236.51787662506104,16.199867963790894,0.0,99150.3887691928,84790.95784479872,9746.659353010327,236.51794481277466,16.199867963790894,0.0,99530.28160645635,85204.04813655966,9749.899130098493,236.51794481277466,16.199867963790894,0.0,99531.89843277277,85125.28660807422,9752.326296312669,239.7578501701355,16.199867963790894,0.0,0.0,0.0,0.0,0.0,0.0,0.0,0.0,0.0,0.0,0.0,0.0,0.0,0.0,0.0,0.0,0.0,0.0,0.0,0.0,0.0,0.0,0.0,0.0,0.0,0.0,0.0,0.0,0.0,0.0,0.0
"100,153",2506.888985017466,0.0,0.0,0.0,0.0,0.0,0.0,0.0,0.0,0.0,0.0,47715.0013651156,70851.0449937942,8708.631314380496,200.87871313095093,38.87973713874817,0.0,48587.26849382438,71918.56154835738,8773.431119306415,207.35867547988892,38.87973713874817,0.0,50327.89389382624,73925.70233979131,8978.273435443054,207.35869193077087,35.63977909088135,0.0,52532.614151638634,76255.34232600249,9153.231481879366,210.5986886024475,35.63977861404419,0.0,53876.09741915533,77787.7201489252,9396.229656785143,223.5587067604065,29.159813404083252,0.0,0.0,0.0,0.0,0.0,0.0,0.0,0.0,0.0,0.0,0.0,0.0,0.0,0.0,0.0,0.0,0.0,0.0,0.0,0.0,0.0,0.0,0.0,0.0,0.0,0.0,0.0,0.0,0.0,0.0,0.0
"101,153",2506.7346996839033,0.0,0.0,0.0,0.0,3.239647150039673,0.0,0.0,0.0,0.0,3.239647150039673,72594.37320796929,75298.09344224182,5173.123233984966,93.95213079452515,6.479584217071533,0.0,73442.56851792522,76612.3701098283,5247.638167571086,93.95213079452515,3.2398440837860107,0.0,74679.03994008325,78275.98922551285,5377.228777836819,103.6712737083435,6.479584217071533,0.0,77277.5850330652,80698.33939862905,5561.8961300363735,113.3905622959137,6.479584217071533,0.0,78694.94870687093,82187.53637884177,5759.522931288739,123.11003065109253,9.719421863555908,0.0,0.0,0.0,0.0,0.0,0.0,0.0,0.0,0.0,0.0,0.0,0.0,0.0,0.0,0.0,0.0,0.0,0.0,0.0,0.0,0.0,0.0,0.0,0.0,0.0,3.239647150039673,0.0,0.0,0.0,0.0,0.0
"102,153",2506.426181479165,3.2394907474517822,0.0,0.0,0.0,9.718451023101807,3.2394907474517822,0.0,0.0,0.0,9.718451023101807,81832.29615431113,89309.30622251735,11738.337405526407,780.6810953617096,55.069013833999634,0.0,83297.29407330588,90516.05384471087,11832.279401147134,796.8780519962311,55.069013833999634,0.0,83978.63263250147,91395.41318584049,11887.349346005685,819.5540142059326,51.82965588569641,0.0,84857.0509978285,92278.61050612597,11958.615663611658,816.3144488334656,51.82965588569641,0.0,85502.75900579996,93032.27048697938,12127.051675402887,826.0325222015381,48.59023904800415,0.0,3.2394907474517822,0.0,0.0,0.0,0.0,0.0,0.0,0.0,0.0,0.0,0.0,0.0,0.0,0.0,0.0,0.0,0.0,0.0,0.0,0.0,0.0,0.0,0.0,0.0,9.718451023101807,0.0,0.0,0.0,0.0,0.0
"103,153",2505.963535292452,0.0,0.0,0.0,0.0,0.0,0.0,0.0,0.0,0.0,0.0,81706.24297677862,90674.28294070375,6343.587328691107,965.149582862854,236.42717838287354,0.0,80439.92172669055,89047.1549394458,6032.314934539793,686.6213066577911,148.98250722885132,0.0,79681.18816750095,88177.69115706239,5928.669676589964,631.5611572265625,136.02706909179688,0.0,78379.13065474079,86631.90102144225,5740.811368989943,557.0668144226074,119.83280873298645,0.0,78191.17551662594,86288.48653639067,5675.222607288173,544.1121060848236,116.59388637542725,0.0,0.0,0.0,0.0,0.0,0.0,0.0,0.0,0.0,0.0,0.0,0.0,0.0,0.0,0.0,0.0,0.0,0.0,0.0,0.0,0.0,0.0,0.0,0.0,0.0,0.0,0.0,0.0,0.0,0.0,0.0
"104,153",2427.874516057833,19.4252986907959,48.563130378723145,97.12646460533142,29.13845729827881,19.42528223991394,19.4252986907959,45.32558274269104,97.12646460533142,29.13845729827881,19.42528223991394,113386.64513621424,55004.22677198764,3257.8096240155833,378.8586778640747,45.33544898033142,0.0,111848.25628167507,54253.138660760946,3122.1587007344933,291.42658710479736,32.382479429244995,0.0,109941.68162496603,53722.54138853595,2979.6797125638695,236.37726879119873,22.667709589004517,0.0,109535.69673497163,53376.43400966699,2940.819390326855,236.37658667564392,22.667709589004517,0.0,108538.98467789817,52668.32079287322,2879.2988243402215,220.18663811683655,22.667709589004517,0.0,9.71277379989624,9.712524890899658,0.0,0.0,0.0,0.0,22.662899494171143,22.662683248519897,0.0,0.0,0.0,0.0,51.80099821090698,45.32546639442444,0.0,0.0,0.0,0.0,25.90091323852539,3.237544059753418,0.0,0.0,0.0,0.0,12.950169086456299,6.475113153457642,0.0,0.0,0.0,0.0
"105,153",2504.57654020294,924.9694458278955,885.2911423440073,1364.4314803029977,441.8260338250329,483.9067242201637,924.9694458278955,885.2911423440073,1361.1941327001534,441.8260338250329,480.6698358115028,81093.56678567402,108351.73513449034,17767.31217166489,1246.8020503474218,132.70135068893433,0.0,80565.64722104074,107797.41998685671,17621.66437169617,1233.856422181223,132.70135068893433,0.0,80028.85393445821,107177.03621097172,17466.29489370888,1220.9090390158635,132.70135068893433,0.0,78996.76997702544,106079.07833195014,17318.837413372712,1201.488642211054,126.22769618034363,0.0,78511.72477180537,105482.41358246242,17215.259795250608,1191.7782707167607,122.99076771736145,0.0,390.88956725924623,430.50772881507874,97.09912824630737,6.473021507263184,0.0,0.0,280.00107121000104,498.47533309880424,106.81473803520203,0.0,0.0,0.0,548.6999548818551,750.9953825473785,58.26233792304993,3.236457347869873,0.0,0.0,140.8027136269738,275.1298577785492,25.893462419509888,0.0,0.0,0.0,176.40678287113414,255.71321749687195,48.549835443496704,0.0,0.0,0.0
"106,153",2503.6526623957493,1141.864002424128,584.5912652296179,1037.847919469721,534.6073836579043,292.6496497182285,1141.864002424128,584.5912652296179,1037.847919469721,531.3712991966921,292.6496497182285,41515.73588457481,97927.43033915877,33498.59951651611,2559.2083532501674,183.53082737268187,0.0,41146.85930266754,97138.96572473939,33171.776768093485,2526.8509761978603,186.76619300187804,0.0,41032.885933377685,96957.85479749981,33006.756777172464,2513.908783881805,183.53075894654967,0.0,40618.78054505423,96370.3825611526,32761.827672610565,2513.9059247662044,183.53075894654967,0.0,40463.54998997987,96515.14583858884,32687.40744937448,2510.6704175163723,183.53075894654967,0.0,217.50738065383013,659.0178489965551,252.3959095478058,12.94286322593689,0.0,0.0,113.96791641852435,318.5467134503757,139.1337661743164,12.942869186401367,0.0,0.0,193.33209156055077,558.9720784720253,282.30779205303566,3.235957384109497,0.0,0.0,106.77321910858154,272.520816971274,152.07726311683655,0.0,0.0,0.0,77.65318584442139,139.85618178984697,71.90470831534442,3.2355737686157227,0.0,0.0
"107,153",2502.575598478806,1784.8959029777377,2928.1141643243677,2896.3742444113186,2491.3493162575887,1363.4269486876096,1781.6610239608615,2928.1141643243677,2893.1401879385403,2488.1153487149404,1353.7239183397855,56499.916671826795,83415.62639294044,31564.994629730896,3528.2845172797934,303.3261145395391,0.0,55630.69008685187,82801.66555120057,31455.840775741315,3515.3456163322226,303.3261145395391,0.0,54221.28804391599,81608.12523600447,31083.08091055365,3486.234720221688,313.0289942068212,0.0,52954.9572909832,79935.16765424129,30639.967260708527,3424.780729523827,313.03008878651787,0.0,52223.93939277518,79327.14360310516,30264.788384308533,3395.673685542275,309.79545963231254,0.0,913.7826846982919,722.3299700933344,142.3135678768158,3.2348012924194336,0.0,0.0,1415.8841877684874,1198.4928773851957,310.50231313705444,3.234786033630371,0.0,0.0,1041.4552637614456,1405.3311439074723,391.3699426651001,54.983837604522705,0.0,0.0,894.2902889924891,1121.607245276956,443.10986161231995,25.873323678970337,3.2346291542053223,0.0,523.939590215683,642.907281707315,180.4084556803984,6.46859073638916,0.0,0.0
"108,153",2501.3457137004348,1525.9136006832123,3568.748230064616,2649.498734842562,2173.3739983165965,1562.9725238024018,1519.447957277298,3539.6566441900586,2630.104188333773,2153.978482397865,1562.9725238024018,65756.38154786709,95455.2658976555,40283.3843867302,5099.624241338993,396.06076463250554,0.0,64996.64353626849,94869.31351897202,40122.47915663439,5080.231490360523,396.06076463250554,0.0,63226.59154398956,93232.54413038329,39695.52689841588,5043.06505091798,396.0621295788709,0.0,61898.701280911766,91886.96002527126,39329.381367398244,5005.002860758351,399.2941294529859,0.0,60932.13410027822,90815.8872277344,39094.12934577699,4944.3947835707195,399.2941294529859,0.0,737.1105802059174,633.6370599269867,135.76968097686768,12.930636167526245,0.0,0.0,1612.369707926582,1513.1886434190415,385.00718070759496,29.09111213684082,0.0,0.0,1114.519435641345,1140.3775969589458,346.8408192840277,28.366336449454813,0.0,0.0,934.2275121212006,957.9199127281413,219.809494972229,42.021562576293945,0.0,0.0,692.1110655896804,677.3886135634255,187.00749497507132,6.4653496742248535,0.0,0.0
"109,153",2499.9634247784134,1878.107182525186,2472.2151790675,2449.965444533965,1419.225463925156,1117.9420224517,1855.4925215468688,2459.291350227244,2446.735406367919,1412.7652953250736,1111.4799925177706,43250.01170098828,98463.01941518782,52130.85838311233,9336.147279431774,1029.16389281516,3.230713129043579,42691.86863688488,97433.17683215984,51747.11335330103,9281.224483182385,1029.164003202962,3.230713129043579,42142.763915465854,96159.47564172932,51289.2395956806,9255.374141147091,1029.1611848569385,3.230713129043579,41543.16118025686,94744.40858650395,50667.87349705788,9219.122606550478,1032.3946898675433,3.230713129043579,41127.19671973059,93985.22946514709,50335.97464324071,9141.583712373995,1032.3928452229968,3.230713129043579,452.33716011047363,961.9846959983602,392.7123197864084,48.45834565162659,0.0,0.0,568.5843689647376,1366.671240757026,462.6466053831811,58.15744662284851,3.2316884994506836,0.0,524.4754509477054,1280.0769564067616,573.617923004487,68.565076008965,0.0,0.0,361.0450140579074,654.0031071298263,346.02628978560955,51.69088435173035,0.0,0.0,233.88224487398185,638.8705740937999,225.8015999625711,12.925573587417603,0.0,0.0
"110,153",2498.4291996164743,5289.41732970032,3414.640153697893,5639.054976841983,2835.1148887849317,4010.5030386195463,5263.586554916232,3401.724891475603,5603.535112521228,2793.1323300576673,3978.2111127124112,28162.110155138314,69116.09913585793,40597.25340277354,6542.490625845217,507.2635976146249,0.0,27132.05908850128,66473.7120371164,39210.59417301066,6375.654417930865,494.34835398898406,0.0,26473.369084217033,64671.021575863226,38411.64892740343,6317.532841621661,500.80795229182525,0.0,25283.11094025257,61741.81765488362,36787.65163459498,6094.74530452373,484.6622647117166,0.0,24671.448997859396,60240.8913260329,36149.7888096613,5991.416716276431,478.2051283191232,0.0,1046.2030296325684,2697.2895562171934,1358.657209594577,151.7513234615326,9.685436010360718,0.0,682.4027235031128,1804.1321432553086,840.9269124105865,67.8061933517456,6.456918954849243,0.0,1056.8011538486855,2874.3053809596036,1472.240505985185,190.50189018249512,9.686181545257568,0.0,573.966805004606,1462.9058908023085,649.704147571676,106.55548667907715,0.0,0.0,878.5705952130112,1993.749010703143,983.1909540943071,122.70055270195007,0.0,0.0
"111,153",2496.743556986729,4250.522375710804,2613.105980525297,4887.390058376276,1734.347479685615,2434.531027984619,4137.588281997045,2564.701115021986,4806.720281459772,1660.1280010784374,2373.228268575668,24590.6757550464,56698.06700911428,30399.302291056687,4443.315413807888,390.7823813157923,0.0,23625.410466830872,54745.6693942472,29644.964602201126,4338.971809799531,390.7823813157923,0.0,23120.482740789306,53550.83457816442,29058.414196125665,4284.096872503617,390.78161074694464,0.0,21934.68592349595,51126.39475251272,27980.801003766526,4146.930698936127,394.0067558484919,0.0,21753.3624670571,50671.094880518256,27743.865097592858,4092.0597539593196,397.2332678037531,0.0,1056.7763661019942,2104.0640379793504,879.93155058225,96.81632733345032,0.0,0.0,590.5143421659282,1290.8248175938922,599.4472578534893,80.6871280670166,3.227569341659546,0.0,1212.671476911096,2353.4526988244525,1093.7488351260913,140.3920940062579,6.455176591873169,0.0,341.5990439181234,897.6422305406309,346.65507102199626,71.0037453174591,3.227910280227661,0.0,547.4854463736217,1209.3436580022176,545.3967051506042,64.54779005050659,6.454668998718262,0.0
"112,153",2494.9070661768965,2092.444772583831,1246.5824212897057,624.4931451012106,264.4716758176392,581.6863149914087,2050.5279308384543,1211.4726673687205,592.2498019863577,232.22494811263738,530.0929309639276,11770.065931967194,11067.838659475365,4667.426992526709,1872.4922657854418,1421.1761173603581,407.5993298960667,10906.615062084384,10132.661925854401,4539.272776137146,1854.7736162316567,1434.4230879923875,413.69262861738014,10356.945349568012,9635.289237301957,4390.96102214888,1819.3133227002388,1386.0700511118944,404.0222439719181,10034.738727089936,9381.303303381977,4287.89997107749,1787.073336280561,1376.3995377203996,391.12853598127174,10006.899060263353,9299.470126031429,4247.509388213064,1738.7193178307778,1334.846244470746,346.00129508504676,892.4700922218024,941.6181196053823,160.38733468523213,33.840108322629746,15.765748999165552,6.446527004241943,565.439445700365,446.14472169315115,148.3122479915619,19.34169363975525,25.787478923797607,6.447079420089722,219.81363271544961,224.9580849610123,108.79723332722982,16.11765146255493,16.11658000946045,6.446619510650635,95.56697223887724,83.0181290289935,40.745725913141285,9.670843362808228,0.0,3.2232775688171387,180.57717871665955,231.3311143360886,73.05543983683866,25.788179874420166,19.341018199920654,0.0
"113,153",2492.7866446332523,6083.108752080506,2884.3198031752718,2545.7168034768574,1308.3813637948504,1359.9449733537786,5970.335185357637,2801.0019134839376,2510.278643295812,1269.7158986783495,1347.0550421518437,11404.256933098213,29603.9995774961,26458.66312708948,16645.397309751137,14449.990477494632,4003.4367024627386,10530.985498164679,27404.655437048747,24936.36687549516,15951.382380567813,14171.250388259514,4106.891799613541,9905.658756685256,26015.351493240803,24187.25108109175,15562.615018211627,13977.939633721931,4098.305860683029,9595.974534060908,25413.883889318913,23865.770708619846,15196.400459610248,13719.376122398002,4040.30249468953,9586.311789300395,25116.03876128103,23669.329023967064,14929.267595721227,13418.827187270745,3781.4475127902683,886.0664546489716,2195.331694545933,1627.8184767227547,793.0838177409827,439.0374816053054,28.997260093688965,496.48069805257455,1098.9835383985558,610.5593406985788,367.2947235107422,206.20332598686218,21.480286836624146,338.68231861357594,895.7303750514984,592.8230683803558,393.0692641735077,254.52921056747437,35.444406509399414,161.0862066745758,399.5095806121826,319.3083502507677,228.72665762901306,157.86272525787354,3.2223782539367676,225.549387216568,347.9823548793793,422.33041942540336,222.31055235862732,122.43702101707458,6.44530725479126
"114,153",2429.4824487175792,394.8761511325836,335.89206275939944,331.57697010040283,309.0316677093506,193.15074563026428,391.65845685005183,335.89206275939944,328.35805654525757,302.59108805656433,189.9306468963623,12436.857263146196,37639.525233088294,56617.59037619384,40338.05435945941,30116.26000296742,9404.452108594482,12451.881376546036,37592.66143947676,56567.475657854826,40342.5975535907,30291.866551143983,9512.110454818314,12448.88275936538,37582.23468648406,56541.67272869185,40536.04361336091,30606.300525084665,9684.848982497757,12403.808335575402,37497.04538481843,56432.19670845666,40396.52790887215,30595.189615469353,9718.451428147857,12400.584400209726,37330.689129623715,56294.02210301978,40353.54987048729,30540.385479857872,9557.141954680985,19.32004737854004,109.44595770835876,173.83667330741883,68.67665085792541,17.15885720252991,3.2202703952789307,16.096819400787354,112.68525385856628,138.44500541687012,45.07059121131897,19.31322169303894,4.281171178817749,19.316182136535645,115.89313268661499,125.54943704605103,51.50595211982727,9.655686855316162,6.437665700912476,25.750138521194458,90.13405323028564,103.01107716560364,61.162959814071655,19.313491821289062,3.219367504119873,12.874438285827637,45.06727433204651,77.26010179519653,45.06941056251526,3.219285249710083,6.440136671066284
"115,153",2488.4897536668855,115.7905101776123,54.66515350341797,73.97072911262512,157.58610224723816,324.81469798088074,109.35797762870789,54.66515350341797,61.106664180755615,144.72223782539368,321.5971314907074,11997.330760520113,30331.090600048326,44447.19038603913,36896.488868119675,40843.762630620666,13963.704891567604,12029.494594615115,30300.703932176853,44513.90235735389,37057.277590157944,41119.969608254534,14258.148132782355,12029.48661832155,30309.534567836687,44533.19971658202,37188.34624688298,41340.461017491776,14577.173292108611,12134.809675060535,30393.886196566564,44712.229488081095,37330.588313931104,41604.18370731111,14745.393730156095,12167.772134942636,30462.871878105987,44794.07094487583,37444.59419423926,41781.6739148701,14869.035206453475,12.862639665603638,28.950016260147095,45.028562784194946,12.868720293045044,6.432147026062012,3.2158915996551514,9.646158456802368,22.510353565216064,19.293172359466553,0.0,3.2154691219329834,0.0,12.863338232040405,12.86500334739685,25.729036569595337,3.216057538986206,6.433228492736816,0.0,6.432544231414795,28.944804906845093,80.40228962898254,25.72686243057251,3.2157366275787354,0.0,41.812217712402344,93.25911140441895,112.5551598072052,45.02303409576416,22.51565957069397,6.431948900222778
"116,153",2486.0566230298477,0.0,0.0,0.0,0.0,0.0,0.0,0.0,0.0,0.0,0.0,8668.69134017346,20901.82916092966,31541.685090295938,24469.22850929522,26735.735441222845,16678.05169228292,8707.23683425305,20988.563565255146,31691.873236593543,24620.218200791114,26965.350114928973,16805.749596682715,8845.401606763578,21303.420283795338,31984.246234831153,24851.548049319023,27306.684063149427,17022.781890128637,9063.89001366017,21646.494201473164,32732.093871051187,25326.327754655536,27828.56112672113,17304.683067016973,9446.260680164074,22001.69332890324,33143.36272972237,25668.636391368564,27990.77430166356,17511.100135001012,0.0,0.0,0.0,0.0,0.0,0.0,0.0,0.0,0.0,0.0,0.0,0.0,0.0,0.0,0.0,0.0,0.0,0.0,0.0,0.0,0.0,0.0,0.0,0.0,0.0,0.0,0.0,0.0,0.0,0.0
"117,153",2483.4762372354094,0.0,0.0,0.0,3.211134433746338,0.0,0.0,0.0,0.0,3.211134433746338,0.0,11948.668780050091,28628.794545518642,44604.42147067108,33018.983824207266,25015.683735605307,9462.858881173413,12024.994011888319,28786.92639462433,44841.97457912483,33162.628245439715,25262.87071990592,9462.870339570323,12221.572104312861,29151.321405051734,45351.629944639586,33547.8984761369,25477.135132193092,9549.546527085582,12396.490735196134,29404.8764911876,45874.116520529176,33988.38039328538,25801.384590267662,9652.284243998805,12556.952675723096,29777.19417893746,46227.17646086731,34233.13881945609,26027.638956327064,9653.098127346411,0.0,0.0,0.0,0.0,0.0,0.0,0.0,0.0,0.0,0.0,0.0,0.0,0.0,0.0,0.0,0.0,0.0,0.0,0.0,0.0,0.0,3.211134433746338,0.0,0.0,0.0,0.0,0.0,0.0,0.0,0.0
"118,153",2480.749459272081,0.0,0.0,0.0,0.0,0.0,0.0,0.0,0.0,0.0,0.0,10341.726178878896,24373.270410867768,38954.420800415675,43626.38225568977,65661.86025822209,20341.47677192127,10369.53658082345,24331.60400733574,38976.062329737346,43596.72790250592,65642.66574442433,20338.274820417515,10372.74973966935,24329.128211303785,38986.58176373688,43610.259773008496,65563.91078587045,20261.31434187328,10447.358306447199,24306.690405651167,38846.10423720771,43326.51397705452,65155.19823367081,20136.292487234226,10649.39289359205,24303.499796672895,38805.23323783127,43233.72005806718,64828.285790327485,19993.46158581902,0.0,0.0,0.0,0.0,0.0,0.0,0.0,0.0,0.0,0.0,0.0,0.0,0.0,0.0,0.0,0.0,0.0,0.0,0.0,0.0,0.0,0.0,0.0,0.0,0.0,0.0,0.0,0.0,0.0,0.0
"119,153",2477.8771992076586,0.0,0.0,0.0,0.0,0.0,0.0,0.0,0.0,0.0,0.0,10219.961690976574,21236.6622650829,31992.523011906007,40257.358529843536,70959.47834953606,25312.452877290576,10215.330007863513,21156.601734181946,31888.975294758297,40182.625283783564,70797.14597287084,25274.0017416552,10160.90388495969,21076.533713838166,31735.364217195325,40018.54015882249,70481.91301062246,25183.3371062606,10052.0273259406,20962.60882371734,31543.960734386073,39763.0856704927,69911.10324788562,24939.952561172784,10068.022992921344,20899.352134195025,31428.659011249918,39491.26760321038,69485.16825056545,24760.005858113716,0.0,0.0,0.0,0.0,0.0,0.0,0.0,0.0,0.0,0.0,0.0,0.0,0.0,0.0,0.0,0.0,0.0,0.0,0.0,0.0,0.0,0.0,0.0,0.0,0.0,0.0,0.0,0.0,0.0,0.0
"120,153",2474.860413581024,0.0,0.0,0.0,0.0,0.0,0.0,0.0,0.0,0.0,0.0,8900.631065978254,21056.1389038114,30977.512861978306,37553.68537434878,73881.19282733879,23714.976255200894,8900.630586041654,21119.286090534813,31033.552092679343,37628.27913792928,74081.93062757884,23884.02082379098,8807.881787432874,20911.05243260627,30818.979489911766,37362.440629523415,73550.21933327374,23692.845384499604,8766.292743815626,20825.739873398987,30702.03036566716,37141.184656209574,73212.7616092635,23529.707994839722,8801.46339644357,20771.361218919006,30685.23447914217,37145.45096261642,73122.15648157269,23564.066685456855,0.0,0.0,0.0,0.0,0.0,0.0,0.0,0.0,0.0,0.0,0.0,0.0,0.0,0.0,0.0,0.0,0.0,0.0,0.0,0.0,0.0,0.0,0.0,0.0,0.0,0.0,0.0,0.0,0.0,0.0
"121,153",2471.7001047397102,0.0,0.0,0.0,0.0,0.0,0.0,0.0,0.0,0.0,0.0,5434.502440403957,12408.319893266638,17432.59592575466,21413.176963178787,57356.56993624183,35291.53487584544,5463.255348872203,12382.780011798819,17529.89457497316,21438.384061486115,57458.44417874673,35504.85440916361,5456.866038750667,12389.513916252174,17507.525832507188,21455.040835824668,57527.885121903695,35562.58488627135,5472.826055001277,12437.408062933006,17571.84181311364,21477.719011398392,57775.3438560196,36041.646361522115,5494.8396437560805,12533.210082290687,17610.168688800284,21525.256955776964,58153.244158070695,36357.15513893015,0.0,0.0,0.0,0.0,0.0,0.0,0.0,0.0,0.0,0.0,0.0,0.0,0.0,0.0,0.0,0.0,0.0,0.0,0.0,0.0,0.0,0.0,0.0,0.0,0.0,0.0,0.0,0.0,0.0,0.0
"122,153",2468.397320158825,0.0,0.0,0.0,0.0,0.0,0.0,0.0,0.0,0.0,0.0,4506.305669062746,10223.882944259458,14377.533429572162,17165.004270336674,51853.34940616383,69846.09600511251,4486.368010782729,10211.14000287991,14336.425698883393,17128.390997989503,51787.473026276566,69568.16687893867,4492.7455168004135,10236.668581399732,14352.369978077271,17140.818205521155,51973.25961100728,69691.86159562503,4486.378216290007,10249.43760457974,14355.60546744571,17194.760176937252,52273.28428314433,69955.80034041591,4525.006065780976,10211.174260530286,14307.780308849671,17160.04533074136,52063.89522455439,69452.0391578403,0.0,0.0,0.0,0.0,0.0,0.0,0.0,0.0,0.0,0.0,0.0,0.0,0.0,0.0,0.0,0.0,0.0,0.0,0.0,0.0,0.0,0.0,0.0,0.0,0.0,0.0,0.0,0.0,0.0,0.0
"123,153",2464.953151719099,0.0,0.0,0.0,0.0,0.0,0.0,0.0,0.0,0.0,0.0,4966.749046550078,11013.570833553988,14985.69509516791,18030.323133893107,58665.575121026886,90212.48493471707,4960.379154906554,11007.197846998888,14941.083859549319,18021.82648603589,58548.003019381504,90048.57611394022,4969.936202512068,11010.379625191408,14937.9070244892,17989.98037211568,58477.97499327753,89841.59262048778,4960.377343163771,10998.446087035945,14890.12534986571,18009.114932462282,58431.83759941961,89792.11484285242,4941.261389241499,10941.087076339534,14846.307800872655,17926.26098792226,58238.192124061956,89257.85199779809,0.0,0.0,0.0,0.0,0.0,0.0,0.0,0.0,0.0,0.0,0.0,0.0,0.0,0.0,0.0,0.0,0.0,0.0,0.0,0.0,0.0,0.0,0.0,0.0,0.0,0.0,0.0,0.0,0.0,0.0
"124,153",2461.3687349638412,0.0,0.0,0.0,0.0,0.0,0.0,0.0,0.0,0.0,0.0,4118.235464700998,8268.058402049308,11564.405415540581,14284.928788408579,50370.003007640094,101124.63258739546,4115.05455196792,8281.493777613547,11583.507669931298,14301.637678016403,50426.54935003262,101582.59605947945,4105.514564403833,8252.864906887915,11593.051523691063,14286.529213614558,50346.30700956793,101184.72092745914,4083.2453488200317,8240.14038548937,11580.329578405266,14267.442521281337,50271.575355325025,100521.05470831254,4054.618918308557,8246.506980042364,11542.15201116169,14261.081068701838,50212.56699813113,100153.75197469488,0.0,0.0,0.0,0.0,0.0,0.0,0.0,0.0,0.0,0.0,0.0,0.0,0.0,0.0,0.0,0.0,0.0,0.0,0.0,0.0,0.0,0.0,0.0,0.0,0.0,0.0,0.0,0.0,0.0,0.0
"125,153",820.384932595875,0.0,0.0,0.0,0.0,0.0,0.0,0.0,0.0,0.0,0.0,1402.4933766944737,2565.4971835678703,3571.4346581589944,4096.5123498991425,14585.605879251629,34036.9215614403,1399.3157767875523,2567.9646972553405,3565.080283988691,4115.581494386523,14616.675239872464,34118.70155611973,1399.3163179977269,2577.4993153946075,3577.789403785444,4131.4685433462555,14670.041373371609,34301.42996493788,1402.4931506736607,2577.498771800247,3580.965882886625,4118.759215648502,14586.025266547296,33956.6928918745,1396.935577029808,2567.9676586525115,3561.899222244001,4109.224912460178,14611.450229067896,34006.320364954896,0.0,0.0,0.0,0.0,0.0,0.0,0.0,0.0,0.0,0.0,0.0,0.0,0.0,0.0,0.0,0.0,0.0,0.0,0.0,0.0,0.0,0.0,0.0,0.0,0.0,0.0,0.0,0.0,0.0,0.0
"91,154",853.8247527491475,0.0,0.0,0.0,0.0,0.0,0.0,0.0,0.0,0.0,0.0,0.0,0.0,0.0,0.0,0.0,0.0,0.0,0.0,0.0,0.0,0.0,0.0,0.0,0.0,0.0,0.0,0.0,0.0,0.0,0.0,0.0,0.0,0.0,0.0,0.0,0.0,0.0,0.0,0.0,0.0,0.0,0.0,0.0,0.0,0.0,0.0,0.0,0.0,0.0,0.0,0.0,0.0,0.0,0.0,0.0,0.0,0.0,0.0,0.0,0.0,0.0,0.0,0.0,0.0,0.0,0.0,0.0,0.0,0.0,0.0
"92,154",2502.7501473344146,0.0,0.0,0.0,0.0,0.0,0.0,0.0,0.0,0.0,0.0,774.8748306218315,104.5808457178228,6.469550132751465,3.234316110610962,3.2350895404815674,0.0,745.7643743935753,101.34639490071464,6.469550132751465,3.234316110610962,3.2350895404815674,0.0,839.5575124207664,101.34639490071464,6.469550132751465,0.0,3.2350895404815674,0.0,832.016533944186,94.876737241184,6.469550132751465,0.0,3.2350895404815674,0.0,832.0159334463231,94.876737241184,6.469550132751465,0.0,3.2350895404815674,0.0,0.0,0.0,0.0,0.0,0.0,0.0,0.0,0.0,0.0,0.0,0.0,0.0,0.0,0.0,0.0,0.0,0.0,0.0,0.0,0.0,0.0,0.0,0.0,0.0,0.0,0.0,0.0,0.0,0.0,0.0
"93,154",2503.827501537339,0.0,0.0,0.0,0.0,0.0,0.0,0.0,0.0,0.0,0.0,8164.9835395242635,2464.6571959757334,1384.488150057138,892.9820125467637,926.9347851968279,568.8516257734859,8844.772522352256,2480.8288416170603,1397.4326993792663,876.8008454210618,923.3431013724384,576.5804979473937,8866.135185304343,2532.60555784936,1422.9662027134616,883.2727296717027,920.1068609854755,563.6349112660278,8739.796151754903,2542.3153769278056,1442.3838979973514,909.1618810064653,916.8705044886646,540.9807922512878,8665.398358264623,2584.3888866209513,1481.2183580174167,931.8159010774949,943.1162639356128,550.6900343567718,0.0,0.0,0.0,0.0,0.0,0.0,0.0,0.0,0.0,0.0,0.0,0.0,0.0,0.0,0.0,0.0,0.0,0.0,0.0,0.0,0.0,0.0,0.0,0.0,0.0,0.0,0.0,0.0,0.0,0.0
"94,154",2504.751631165901,0.0,0.0,0.0,0.0,0.0,0.0,0.0,0.0,0.0,0.0,58988.69166128028,32896.375838489155,9352.579854464064,3394.0935825198303,3420.1336871997983,1857.0111083301842,59833.604205377436,33326.9120475956,9448.874753533159,3471.779549965204,3517.588601014193,2058.0423563826316,60574.15818396082,33546.22824776219,9504.264222878102,3500.911255010904,3601.7461785288415,2138.9611958372825,61038.656946240226,33894.23441091986,9704.96162654746,3565.648808368982,3705.322438380297,2236.062180172228,61471.12668373913,34088.094938740076,9862.77409075008,3623.9144433825622,3769.7012631313473,2271.6655756342643,0.0,0.0,0.0,0.0,0.0,0.0,0.0,0.0,0.0,0.0,0.0,0.0,0.0,0.0,0.0,0.0,0.0,0.0,0.0,0.0,0.0,0.0,0.0,0.0,0.0,0.0,0.0,0.0,0.0,0.0
"95,154",2505.522221311076,0.0,0.0,0.0,0.0,0.0,0.0,0.0,0.0,0.0,0.0,55327.551832015844,52945.63348964334,11496.056630683412,2060.6092170275897,814.1047467568342,71.23187971115112,56190.25085150774,53825.257571175505,11854.661366223354,2163.407133925195,865.9092268326704,71.2315092086792,56993.66005707255,54672.512329790625,11997.94139070885,2215.2100933673337,885.3358594754163,74.46931457519531,58483.41062653485,55451.791855477335,12240.785132364199,2280.779377798006,902.3369433066424,77.70687055587769,59208.07526249418,56165.06490586317,12555.678980922701,2332.585528949663,895.8622030398425,77.70687055587769,0.0,0.0,0.0,0.0,0.0,0.0,0.0,0.0,0.0,0.0,0.0,0.0,0.0,0.0,0.0,0.0,0.0,0.0,0.0,0.0,0.0,0.0,0.0,0.0,0.0,0.0,0.0,0.0,0.0,0.0
"96,154",2506.1390092156144,0.0,0.0,0.0,0.0,0.0,0.0,0.0,0.0,0.0,0.0,67938.18969962736,61809.292461958124,15595.102756963057,3510.2774226356955,2098.5590938474616,663.9763123989105,68601.65161473515,62326.16771585988,15735.80767376937,3568.575708358428,2108.2755764867743,673.6931886672974,69441.2817103208,62702.93057185622,15825.86110972891,3594.4871949840995,2134.1858967687567,689.887508392334,70740.60704062122,63720.154897830995,16122.22061129832,3672.2206501652213,2216.7694268516466,715.7987794876099,71425.79689193238,64323.45236279357,16345.700417006252,3733.7581944157096,2255.6355727008745,709.320779800415,0.0,0.0,0.0,0.0,0.0,0.0,0.0,0.0,0.0,0.0,0.0,0.0,0.0,0.0,0.0,0.0,0.0,0.0,0.0,0.0,0.0,0.0,0.0,0.0,0.0,0.0,0.0,0.0,0.0,0.0
"97,154",2506.6017844559383,0.0,0.0,0.0,19.43660879135132,0.0,0.0,0.0,0.0,19.43660879135132,0.0,96410.84837913046,62585.162703530004,9915.65278695518,1468.1911877426446,491.74282066681803,51.827341079711914,97398.31297686801,63534.29707695645,10059.972945459216,1497.3440576824487,501.4609595999998,51.827341079711914,98048.63994210934,64260.37473705517,10140.704497597264,1516.7802685531915,507.93923489907206,55.06657385826111,99381.1257138757,65267.57088570596,10283.959718044132,1592.0975851853686,514.4182075724882,61.54534316062927,100320.5633934049,66164.82158285311,10384.381151731342,1611.5340547402698,524.1366261706632,61.54534316062927,0.0,0.0,0.0,0.0,0.0,0.0,0.0,0.0,0.0,0.0,0.0,0.0,0.0,0.0,0.0,0.0,0.0,0.0,9.71830439567566,9.71830439567566,0.0,0.0,0.0,0.0,0.0,0.0,0.0,0.0,0.0,0.0
"98,154",2506.910389086654,0.0,0.0,0.0,0.0,0.0,0.0,0.0,0.0,0.0,0.0,103585.06901038394,48907.18838430292,11867.160351836446,2223.3374895647457,1056.135320850447,158.74594681777205,104060.41334756682,49112.918823100066,11953.018259274724,2278.412169177859,1101.490915962294,166.03840039571128,104262.08573139977,49306.02208991517,12032.470131615097,2284.8915075853756,1111.209537931517,175.7574353059133,104631.49925023623,49648.05598630624,12190.48947471918,2294.6095738008908,1140.3667523346694,185.47650883992515,104916.59476977892,50016.824198684495,12380.005764395582,2327.8062784933577,1160.6179237225476,185.4764842828115,0.0,0.0,0.0,0.0,0.0,0.0,0.0,0.0,0.0,0.0,0.0,0.0,0.0,0.0,0.0,0.0,0.0,0.0,0.0,0.0,0.0,0.0,0.0,0.0,0.0,0.0,0.0,0.0,0.0,0.0
"99,154",2507.0647177504798,0.0,0.0,0.0,0.0,0.0,0.0,0.0,0.0,0.0,0.0,72624.15843501464,94797.33716714148,15161.52756202174,667.4311237335205,77.75979399681091,42.119940996170044,73349.19139686004,95571.6946829534,15261.967476009853,673.9111504554749,77.75979995727539,42.119940996170044,74599.8237725772,96973.80653464748,15381.846938728817,664.1911692619324,74.5198061466217,38.87994837760925,75416.21106546158,97719.56496730226,15550.326712011822,667.4312942028046,55.07984662055969,25.919968605041504,76438.43270721997,98621.84559767948,15735.81996024543,699.8313937187195,48.59986424446106,25.919968605041504,0.0,0.0,0.0,0.0,0.0,0.0,0.0,0.0,0.0,0.0,0.0,0.0,0.0,0.0,0.0,0.0,0.0,0.0,0.0,0.0,0.0,0.0,0.0,0.0,0.0,0.0,0.0,0.0,0.0,0.0
"100,154",2507.064717750494,0.0,0.0,0.0,0.0,0.0,0.0,0.0,0.0,0.0,0.0,54345.53105528868,90209.81403075665,11146.290753069112,278.63758087158203,6.479851245880127,0.0,55605.16481001611,92039.75848974433,11360.128921213338,285.1174623966217,9.719782829284668,0.0,57623.93324219853,95099.49040438332,11672.780455191929,323.99721455574036,16.199637413024902,0.0,59570.342321144366,98156.77046137977,12086.04750314974,359.6368033885956,19.439685583114624,0.0,60833.933080677896,100669.45406448886,12578.523939526312,411.47637367248535,29.159595251083374,0.0,0.0,0.0,0.0,0.0,0.0,0.0,0.0,0.0,0.0,0.0,0.0,0.0,0.0,0.0,0.0,0.0,0.0,0.0,0.0,0.0,0.0,0.0,0.0,0.0,0.0,0.0,0.0,0.0,0.0,0.0
"101,154",2506.9103890866795,0.0,0.0,0.0,0.0,0.0,0.0,0.0,0.0,0.0,0.0,66050.86126232147,85264.42172807337,9460.943945194693,387.14497189054305,12.95913314819336,0.0,67201.60636965527,86711.83224401661,9695.82292605288,396.86427764425093,12.95913314819336,0.0,69175.09915838615,88631.07005699661,9924.221731433683,390.38478307256514,12.95913314819336,0.0,71427.67897313715,91377.5790927999,10226.957931764455,403.3439243269902,12.95913314819336,0.0,73756.49847262607,94081.0100481744,10635.167831905217,416.30251459607894,16.198869705200195,0.0,0.0,0.0,0.0,0.0,0.0,0.0,0.0,0.0,0.0,0.0,0.0,0.0,0.0,0.0,0.0,0.0,0.0,0.0,0.0,0.0,0.0,0.0,0.0,0.0,0.0,0.0,0.0,0.0,0.0,0.0
"102,154",2506.6017844559165,0.0,0.0,0.0,0.0,0.0,0.0,0.0,0.0,0.0,0.0,74423.26025256363,92358.77660917395,6835.164194779301,119.85760188102722,0.0,0.0,76623.96719626631,94437.81640788903,6984.178383307362,126.33629393577576,0.0,0.0,77947.25437316707,96620.53323068525,7191.496284441853,129.57571053504944,0.0,0.0,78677.73416980762,97813.97761416434,7288.678460316563,139.29375290870667,0.0,0.0,79780.89968524447,99759.74878219995,7489.519930081273,136.05435371398926,0.0,0.0,0.0,0.0,0.0,0.0,0.0,0.0,0.0,0.0,0.0,0.0,0.0,0.0,0.0,0.0,0.0,0.0,0.0,0.0,0.0,0.0,0.0,0.0,0.0,0.0,0.0,0.0,0.0,0.0,0.0,0.0
"103,154",2506.1390092156785,0.0,6.4777991771698,0.0,0.0,0.0,0.0,0.0,0.0,0.0,0.0,88474.99814475191,100086.98258121622,5754.105827837364,184.6017689704895,19.43190622329712,0.0,88934.17946550893,100450.17304176257,5776.420259772094,184.6017689704895,19.43190622329712,0.0,88863.38095385233,100395.45026293924,5773.182074127944,184.6017587184906,19.43190622329712,0.0,88921.67853361765,100421.28335958182,5708.4069326503595,171.646790266037,6.477163791656494,0.0,88420.84479854435,100041.35519740253,5657.40101142023,168.40810918807983,3.2384748458862305,0.0,0.0,0.0,0.0,0.0,0.0,0.0,0.0,0.0,0.0,0.0,0.0,0.0,0.0,0.0,0.0,0.0,0.0,0.0,0.0,0.0,0.0,0.0,0.0,0.0,0.0,0.0,0.0,0.0,0.0,0.0
"104,154",2505.522221311077,0.0,0.0,0.0,0.0,0.0,0.0,0.0,0.0,0.0,0.0,95788.39350755262,82130.40675428614,6874.9096044680655,655.6812235860264,61.52185249328613,0.0,94995.46915702353,81532.10441248181,6726.320667871775,600.636250927869,51.80851888656616,0.0,94461.297417823,80924.19098315985,6603.2828530162,555.3058881310856,48.57076573371887,0.0,93727.41819235671,80013.16004307782,6561.196950563731,548.8309366254246,45.332985401153564,0.0,93053.68595192573,79339.09220815825,6564.436153778376,539.1175705937778,38.85704040527344,0.0,0.0,0.0,0.0,0.0,0.0,0.0,0.0,0.0,0.0,0.0,0.0,0.0,0.0,0.0,0.0,0.0,0.0,0.0,0.0,0.0,0.0,0.0,0.0,0.0,0.0,0.0,0.0,0.0,0.0,0.0
"105,154",2428.1421030057327,123.80507957608091,922.9774726774178,852.8825808618583,574.5200562533211,176.40562486087575,123.80507957608091,922.9774726774178,852.8825808618583,574.5200562533211,176.40562486087575,74527.94336568983,86710.28319318903,12827.67427287569,731.3806347575842,51.793314695358276,0.0,74475.35281443597,86766.14020640991,12817.966781239415,731.3803195682226,51.793314695358276,0.0,74043.18460074406,86028.99345370274,12730.573388914967,721.6697196689306,42.082275390625,0.0,73775.08681331242,85535.20469057327,12667.272425263534,724.9065232005773,35.60882544517517,0.0,73555.85031072766,85455.53401358548,12702.879326193939,731.3799993720709,45.31931710243225,3.236840009689331,65.5468610492407,51.784605264663696,6.473613262176514,0.0,0.0,0.0,332.82993925786485,551.3083720235263,35.60270857810974,3.23645281791687,0.0,0.0,289.69066606502906,498.45582008361816,64.73609471321106,0.0,0.0,0.0,212.00712204540474,333.382422208786,29.13051199913025,0.0,0.0,0.0,72.83203458225026,100.33681106567383,3.23677921295166,0.0,0.0,0.0
"106,154",2503.8275015373706,330.042156457901,868.1913988870733,628.5487310830284,702.1932106018066,404.4986379146576,330.042156457901,868.1913988870733,628.5487310830284,698.9569399356842,404.4986379146576,61487.445461943564,124000.42864624657,26060.549859008603,1325.4126773553737,96.18185033611223,3.236297130584717,61437.29694398057,123804.66463413143,26015.24639173489,1312.468675442303,96.18184604457781,3.236297130584717,61105.11372048059,123261.8878218875,25905.23376556378,1315.7035270410427,96.18184604457781,3.236297130584717,60793.675823981146,122935.09923797495,25852.82586865051,1318.940779991711,96.18184604457781,3.236297130584717,60456.51290345098,122475.5255303897,25781.643652959898,1322.1769662576564,99.41813864520952,3.236297130584717,87.36390924453735,194.14270877838135,48.5355384349823,0.0,0.0,0.0,260.98897720785703,513.3673319956836,93.83508968353271,0.0,0.0,0.0,185.24833703976051,334.0898381177117,105.97515620250329,3.2353997230529785,0.0,0.0,197.38737416267395,456.26757192611694,42.065789461135864,3.2362043857574463,0.0,0.0,119.73182153701782,239.4641604423523,45.302655935287476,0.0,0.0,0.0
"107,154",2502.750147334389,581.363182442796,816.6233801551894,1395.572768794789,1482.8450649663514,316.9673020839691,581.363182442796,816.6233801551894,1392.3388405912062,1479.6109534188813,316.9673020839691,39195.360280715715,110752.09698441076,58295.159844187205,9130.053358167761,1048.8335054790273,16.1725594997406,39213.94860461085,110601.71221176037,58234.51909056085,9155.92643198406,1052.0682922279134,16.1725594997406,38977.850283173015,110054.33295791571,57957.20749483671,9094.489652463502,1039.1333225642934,16.1725594997406,38554.95383652051,109173.80542073531,57570.73541020881,9060.528574385364,1045.602601853539,16.1725594997406,38261.450704187504,108298.2077439972,57111.501707438874,9008.781800903995,1029.430858222176,16.1725594997406,101.07793277104696,339.5989258139741,137.45152804898282,3.2347958087921143,0.0,0.0,161.71184277534485,422.06158281214095,208.59925583016638,24.25069873753716,0.0,0.0,266.8345294522304,758.4356579266342,328.26021824911527,38.80843496322632,0.0,0.0,273.2812669052797,760.0390391349792,397.7785571724761,42.044113874435425,6.467976331710815,0.0,45.281673431396484,161.72048449516296,103.49656915664673,6.4685750007629395,0.0,0.0
"108,154",2501.51993540019,836.4965103710399,1116.819246668909,1382.0197178906085,470.346414344451,256.1474864641825,833.2638143146739,1113.58720888624,1378.7869972771289,467.11293079151824,252.91488887468975,37651.627171203196,108992.0851387426,63254.32687189999,8742.611498216555,492.1809429813834,0.0,37588.44127960579,108689.05105936294,63040.98991778317,8710.288341859743,498.64691659702976,0.0,37157.778574764954,107914.85887478755,62697.52295243505,8669.87498403437,498.64638182415683,0.0,36707.54131985833,106983.04416640225,62311.240394039705,8632.700659879984,495.41377374424655,0.0,36566.916709411846,106760.87985212942,62115.651778836334,8618.957560805713,498.64622852101047,0.0,151.19970761186937,381.4411778450012,274.76274394989014,25.860184907913208,0.0,0.0,265.06426453590393,547.8991872263889,271.53121185302734,29.0925452709198,0.0,0.0,280.52258287317613,761.2824828736923,312.7420396440169,24.239891886243633,0.0,0.0,124.45851304390851,216.58056330119862,122.84039402008057,3.2334604263305664,0.0,0.0,50.10111533613766,140.59897218592027,58.98262314141966,3.232178211212158,0.0,0.0
"109,154",2500.1372842584137,1001.4240095606037,954.6762001851025,1748.3912692294402,1048.171589526943,815.0606977977004,1001.4240095606037,951.4458296635571,1745.160743974237,1048.171589526943,811.8305604495254,51020.65293954493,113833.12128349382,42808.22949057466,3545.8957367055555,188.20119611609215,0.0,50761.55985530871,113202.2982714672,42620.8433793152,3523.2784388177533,191.43151752341026,0.0,50573.11007773081,112767.76247918373,42435.07216445698,3529.7406025045057,188.20121018278832,0.0,49983.603695935824,111743.69660888187,42103.94572790744,3510.360371124043,184.97053901541466,0.0,49616.320764646334,111228.62666278354,41891.53483267298,3494.209733974232,181.74046508658165,0.0,276.9451902772866,569.4097177112803,148.60805869102478,6.461042881011963,0.0,0.0,231.7971523546705,499.15199630681207,207.5740213665308,12.922659635543823,0.0,0.0,449.7581497585072,959.4389836956473,303.6598628661212,29.073076486587524,3.2306711673736572,0.0,330.3112066642911,494.9554975705988,206.75318026542664,16.151705026626587,0.0,0.0,205.14120815968982,396.70393277804055,203.5244903564453,3.2306711673736572,3.230257987976074,0.0
"110,154",2498.6026638238586,4002.50512361807,1881.1101429714877,2137.6747812196318,1364.4237042370964,1922.0392554816076,3996.0489444760715,1868.192045475455,2111.8425196572844,1328.902253002279,1912.3517240103552,52213.37583141328,85305.60315854501,30447.882856477478,4740.41825171452,661.7438223053427,0.0,51061.101064850314,83320.72374481687,29637.39323054669,4669.379586181454,639.143224923751,0.0,50525.19841458472,82397.10157506325,29308.00454222081,4643.543254412858,642.3712680031272,0.0,49874.249528885826,81192.65095813602,28984.277472184687,4570.885113031724,635.9151425053092,0.0,49454.51199258356,80674.90695390046,28734.57680763076,4509.53835514293,635.9165913750144,0.0,1189.9412789372836,1966.5671501159668,771.7350373268127,54.891048192977905,12.914429903030396,0.0,542.5327968597412,989.8175397171693,310.00707936286926,25.83462953567505,0.0,0.0,638.0256595807916,1098.4351295770384,314.033811750599,58.11985206604004,3.2280666828155518,0.0,452.904080844393,614.4358462034487,222.81568574905396,38.7466402053833,0.0,0.0,565.9174639430701,1034.7997248789843,282.5708230682448,25.83440327644348,3.229308843612671,0.0
"111,154",2496.9165950778897,6602.660986540364,1841.0557505317763,3201.7322632518467,1497.6022795181648,2277.0774808565775,6531.677354214238,1812.0171825119094,3172.6955460754093,1465.3388064842597,2241.586710993449,78457.52209880772,56872.34589075014,10796.245816885259,1424.1220739869507,333.2361770274593,6.455645322799683,74871.81391078442,54521.3153185938,10297.568512762295,1372.4902037171753,326.78152924799457,6.455645322799683,73862.36521003199,53913.87163424773,10224.70298210967,1340.2168251065643,330.01122814440265,6.455645322799683,72212.97836425538,52765.89227894615,9973.77564251563,1335.3741373707262,330.01122814440265,6.455645322799683,71673.48684628804,52311.67652649693,9857.868735356424,1325.6921584297625,326.78345543169513,6.455645322799683,3573.419085872875,2399.985311731638,503.4145565032959,51.63151955604553,3.2268805503845215,0.0,1126.0517733097076,584.0577747821808,88.9991404243544,9.681613445281982,3.2268805503845215,0.0,1817.8744848503786,1124.8646148849937,212.2026975556916,17.75374878434574,0.0,0.0,778.7755306225197,559.8973796068453,110.52924640786414,12.90999174118042,3.2266581058502197,0.0,1392.1035622119903,688.1177060286204,148.4541118144989,9.683508157730103,3.227822780609131,0.0
"112,154",2495.0796497067413,4711.873652171154,2484.1087167954915,1682.0444967868282,427.35477365886464,1319.2437879955066,4679.630820702572,2464.75825698142,1649.799689543481,391.87866987621084,1299.895682326485,35776.4351573916,24503.712521398767,8858.821226774477,2395.990251810411,1136.9999934402167,188.06271993973678,33625.03631194806,22684.529810902648,8252.23823591494,2333.1067390030507,1107.9860283103644,184.83901107171005,32464.5814428423,21591.936484583686,7972.785573705038,2262.1859323567037,1104.7607408729255,194.50876510003036,31954.215991477406,20966.374090221816,7743.080450264613,2178.364887911666,1043.5118001666724,181.96921771647885,31992.45723804025,20952.235449692787,7700.356375922409,2142.901324231017,1024.1713002887427,162.6277853834863,2111.0886898732656,1857.873857346703,609.1009115789451,75.77717835949916,25.790183544158936,0.0,1096.3247005939484,998.7234755450603,285.89215944234064,74.14596486091614,9.671956539154053,0.0,639.787552610098,667.4710764697954,232.92789675394692,74.1514368057251,32.23818302154541,3.223543882369995,168.13964094554674,136.2313621857587,45.59411899061764,38.690096378326416,0.0,3.2234513759613037,561.073073387146,467.6400503813052,187.3702659821978,35.45895004272461,48.35334253311157,0.0
"113,154",2492.910396074129,6972.827173072217,3122.446145839317,3056.61680819287,735.0541900326224,1522.0923456678204,6937.384965497373,3073.3042859058755,3008.2860386539905,735.0541900326224,1512.4249534139446,20689.11696296393,49974.85158562006,44885.60392903159,26175.585156351914,18209.70145152971,5489.647491720611,19621.172641412886,47099.22467931298,43228.807043239176,25600.144257901695,17960.281805135688,5534.740270164901,18924.334922173446,45879.88952697305,42556.90547363897,25134.554710757497,17794.88946836976,5560.5047989041195,18491.3227855458,44755.33498170142,41822.22040295321,24840.26682993945,17590.56830768772,5461.891286699444,18352.751968552086,44513.28782978525,41705.35762712346,24688.537350040322,17441.799792233633,5287.897598592907,1100.6016995673085,2999.9324735463833,1786.4761653713156,656.7831870509128,387.1485447874256,6.442895174026489,613.0714672341066,1171.3531092120154,715.3624183907228,402.75871229171753,164.31397700309753,6.444601774215698,456.30605552243253,1189.0048583629084,863.5554105562322,312.54868173599243,177.20413732528687,9.666895151138306,106.34182667732239,264.226548910141,235.59210955395417,83.77974438667297,38.6681706905365,6.445789813995361,264.2438323497772,561.3992192604962,387.11082955902697,203.00090289115906,93.44808721542358,3.2220821380615234
"114,154",2449.7107118210793,64.32750975945416,3.2201685905456543,19.315964698791504,12.875789880752563,22.53412103652954,64.32750975945416,3.2201685905456543,19.315964698791504,12.875789880752563,22.53412103652954,9743.186748385897,31497.632362893983,44190.67428200105,30162.39614963812,24410.31034698299,11530.170605781965,9861.907219971861,31745.250202227573,44395.00369641173,30370.28678420291,24672.525649645748,11787.531026697157,9878.004431094374,31857.0972312413,44544.857443200846,30534.89328239759,24928.132244080185,11946.891754814224,9878.737903290168,32001.941598268582,44630.7432029266,30515.759462810965,24918.831350988497,11930.789870829674,9933.454549484626,32096.691782085567,44796.72005606166,30598.705406502184,25019.194237114403,11971.448367694778,3.220459461212158,20.381117601955637,27.883045235802143,11.782017031837912,1.060870428646312,0.0,0.0,0.0,0.0,3.2201685905456543,0.0,0.0,0.0,3.2177255153656006,3.21811842918396,3.220489501953125,9.659631252288818,0.0,0.0,3.2197134494781494,6.436444282531738,3.219632148742676,0.0,0.0,0.0,3.2186217308044434,9.655379056930542,0.0,0.0,9.660120248794556
"115,154",2488.660828582258,138.3272726535797,135.10295343399048,90.0696337223053,61.1168372631073,112.59476470947266,128.67567110061646,125.45204329490662,80.41827774047852,45.03214240074158,109.37767124176025,7544.286905422398,21513.831544953704,26142.32188307257,18158.600648415322,24070.311541984596,20027.70851445385,7528.544220909418,21510.622295218825,26127.037844020244,18234.192412071603,24175.743885173048,20023.084168004054,7525.331472381891,21527.501063789106,26109.17429045135,18226.790658954546,24252.557827557768,20075.34110422228,7543.652833862866,21587.008592781367,26231.4035959571,18393.327873598362,24559.152982867,20188.70205545893,7571.799169385199,21731.01798641448,26348.64360166905,18499.63683096661,24804.372822696085,20334.123224531435,22.517810821533203,28.95068669319153,38.604631662368774,28.951240062713623,9.651301860809326,0.0,16.083486795425415,38.599196672439575,25.733309745788574,32.168336153030396,12.867713928222656,0.0,3.216233253479004,35.383829832077026,16.0836021900177,19.30131435394287,0.0,6.433298110961914,0.0,22.513991832733154,22.518150568008423,0.0,0.0,0.0,12.867745161056519,45.03721284866333,28.954569816589355,12.866604089736938,9.651539325714111,0.0
"116,154",2486.227157095385,0.0,0.0,0.0,0.0,0.0,0.0,0.0,0.0,0.0,0.0,20626.84143132135,33294.225781871755,39270.84896166372,31927.798801742818,43164.96944895352,15681.07114236682,20673.431487842638,33374.54559345432,39345.55007971128,31995.24255331638,43344.76993903366,15662.589764952192,20752.130957912,33464.50827504513,39467.62482083639,32115.730585414287,43645.259332154776,15733.279367327223,20853.34021994273,33631.56674529431,39580.077678092326,32267.640151284726,44052.41710796076,15872.265431563996,20985.089164702098,33834.88895601011,39665.216942870386,32364.038605235608,44364.12685576047,15950.211042997886,0.0,0.0,0.0,0.0,0.0,0.0,0.0,0.0,0.0,0.0,0.0,0.0,0.0,0.0,0.0,0.0,0.0,0.0,0.0,0.0,0.0,0.0,0.0,0.0,0.0,0.0,0.0,0.0,0.0,0.0
"117,154",2483.646216534366,3.209167242050171,3.210109233856201,35.30837106704712,9.628695487976074,24.064676126779293,3.209167242050171,3.210109233856201,35.30837106704712,9.628695487976074,24.064676126779293,27667.797234607213,43927.01361234236,48412.92899736049,31971.2610446799,24451.649834720763,3447.3365864417133,27709.527628221702,43984.73342291327,48465.91142903309,32094.040752695117,24445.949201040643,3476.2139455935535,27835.5294657567,44147.64958823615,48526.931770191004,32061.16116498031,24449.99897937962,3429.517858081706,27960.700340105504,44175.656004016535,48531.64318593904,32019.461740475075,24545.42853435909,3419.177326463251,28101.899282792034,44279.26437703301,48531.49600263857,32096.416399986607,24604.691718688668,3437.634456137115,3.209167242050171,0.0,0.0,0.0,0.0,0.0,0.0,0.0,3.210109233856201,0.0,0.0,0.0,3.2101948261260986,3.210010290145874,6.41999626159668,16.047197341918945,3.2099242210388184,3.211048126220703,0.0,9.628695487976074,0.0,0.0,0.0,0.0,16.04710602760315,0.0,6.419093132019043,1.5984769671571022,0.0,0.0
"118,154",2480.918873225939,0.0,0.0,0.0,0.0,0.0,0.0,0.0,0.0,0.0,0.0,13505.538296757491,25656.283323075728,41201.34419248993,43385.46340492472,48743.3356524533,15108.755860446481,13495.918370066436,25615.31435408966,41250.203637108156,43423.15915316413,48713.74561788429,15124.786902783899,13496.070360127616,25604.06776860929,41237.522028238636,43302.879048937444,48503.67630720981,15091.277110130646,13482.098342542085,25587.14929819294,41211.8495160346,43281.34988845189,48292.90932394851,14922.053721728043,13536.581321461994,25629.51990083152,41308.94707271072,43415.42357053475,48182.33815691706,14918.852447094636,0.0,0.0,0.0,0.0,0.0,0.0,0.0,0.0,0.0,0.0,0.0,0.0,0.0,0.0,0.0,0.0,0.0,0.0,0.0,0.0,0.0,0.0,0.0,0.0,0.0,0.0,0.0,0.0,0.0,0.0
"119,154",2478.0460407013966,0.0,0.0,0.0,0.0,0.0,0.0,0.0,0.0,0.0,0.0,10927.986359012828,21602.670479938097,33951.35508730925,35657.31411579357,46546.3628968538,20399.86203500243,11036.888662946925,21849.54547681902,34320.765946578045,36028.331483602524,46729.88180461678,20634.09266822572,11065.531818091635,21891.184124613745,34373.69597965408,36037.172711786574,46750.11817281013,20575.403577362325,11107.540897487192,21932.224297137353,34481.188977927784,36157.15150514678,46671.45173277201,20388.045231353535,11192.434680499284,22149.246593539854,34644.57794575223,36337.96461783298,46631.977488199875,20295.985853242877,0.0,0.0,0.0,0.0,0.0,0.0,0.0,0.0,0.0,0.0,0.0,0.0,0.0,0.0,0.0,0.0,0.0,0.0,0.0,0.0,0.0,0.0,0.0,0.0,0.0,0.0,0.0,0.0,0.0,0.0
"120,154",2475.0286790644604,0.0,0.0,0.0,0.0,0.0,0.0,0.0,0.0,0.0,0.0,6069.304508172765,14579.26001648529,22702.299607444278,27139.71887651144,57052.255187697505,33096.715320031784,6061.315318863066,14551.269904928582,22756.432440708202,27218.29364950049,57230.33612786461,33172.16791525354,6037.311663204082,14514.489384050932,22650.59580155728,27213.508233380784,57142.90573106934,33164.84782029507,6038.898201286092,14383.350548302893,22513.065581287123,26973.600050886937,56662.570015583784,32814.268124143746,6038.887895404592,14408.91743997312,22464.26244012889,26944.81644800691,56550.1002900563,32706.336899442296,0.0,0.0,0.0,0.0,0.0,0.0,0.0,0.0,0.0,0.0,0.0,0.0,0.0,0.0,0.0,0.0,0.0,0.0,0.0,0.0,0.0,0.0,0.0,0.0,0.0,0.0,0.0,0.0,0.0,0.0
"121,154",2471.8677943272055,0.0,0.0,0.0,0.0,0.0,0.0,0.0,0.0,0.0,0.0,1111.68307205462,3016.1860786129446,4582.342790154849,5496.849123633142,14390.825000517041,9990.551397390926,1092.1745192452972,3000.21395165219,4569.907764720916,5524.004658855177,14441.927954666287,10034.899505848976,1098.5648955747192,2965.073217933318,4515.224915294086,5508.0424696576365,14412.363931743772,10046.445012371214,1082.9501747729732,2904.3743715931387,4396.227459910337,5444.1567410599955,14027.454534035103,9411.172018091353,1070.175542795892,2898.3331913190727,4361.109293702069,5393.048770583845,13931.618191938775,9156.119296271192,0.0,0.0,0.0,0.0,0.0,0.0,0.0,0.0,0.0,0.0,0.0,0.0,0.0,0.0,0.0,0.0,0.0,0.0,0.0,0.0,0.0,0.0,0.0,0.0,0.0,0.0,0.0,0.0,0.0,0.0
"122,154",2468.5644377091385,0.0,0.0,0.0,0.0,0.0,0.0,0.0,0.0,0.0,0.0,2711.7285628365535,6299.899475941937,9070.751410612405,11370.15745044222,34789.857004438665,62510.57946644483,2696.922684663885,6306.293841014188,9043.304967407152,11316.041951934028,34629.91442775726,61825.588713429956,2722.4556455556085,6331.818076024335,9081.957240604886,11400.08543811873,34826.158536190145,61845.673284699864,2779.5447790370267,6365.853478958092,9120.252736114988,11384.152087555678,35005.911927859925,62018.5736588665,2763.5810208068174,6339.991173695582,9126.633132719526,11380.979776249678,34921.405887292414,61878.337600493905,0.0,0.0,0.0,0.0,0.0,0.0,0.0,0.0,0.0,0.0,0.0,0.0,0.0,0.0,0.0,0.0,0.0,0.0,0.0,0.0,0.0,0.0,0.0,0.0,0.0,0.0,0.0,0.0,0.0,0.0
"123,154",2465.1197049090874,0.0,0.0,0.0,0.0,0.0,0.0,0.0,0.0,0.0,0.0,11851.739575615116,12943.427775260512,15158.361378462176,17594.01442654367,54860.556877113784,90723.79056352541,11762.552126159855,12862.21185947119,15116.940866978028,17537.755671457217,54757.58297761187,90387.69777818567,11781.678595771977,12852.671329981673,15056.789845932231,17528.754088538302,54684.31615932688,90042.20647141886,11818.303970263985,12862.485704764198,15093.407126210719,17535.111735242022,54683.2648990818,90100.23131917785,11799.192171977547,12814.705420121025,15051.195218111487,17484.14050926508,54551.196041682175,89768.3237352231,0.0,0.0,0.0,0.0,0.0,0.0,0.0,0.0,0.0,0.0,0.0,0.0,0.0,0.0,0.0,0.0,0.0,0.0,0.0,0.0,0.0,0.0,0.0,0.0,0.0,0.0,0.0,0.0,0.0,0.0
"124,154",2461.5347353414395,0.0,0.0,0.0,0.0,0.0,0.0,0.0,0.0,0.0,0.0,4817.4215368831865,9565.571446904949,12649.014441834242,16046.466283761754,52392.19282534543,100667.60093797327,4795.145744046043,9540.103399047664,12639.461719857009,16071.101039965011,52474.850903539096,100937.49777742554,4772.873843153785,9521.01160455685,12616.853970787568,16006.67519474123,52293.499737078535,100409.28762864038,4664.686359366248,9457.3685984705,12527.773381969972,15975.544600016463,52167.792650114316,99928.52807763139,4647.182277025896,9431.898143062404,12476.861444494767,15924.627221352446,52111.216338610175,99549.2091309725,0.0,0.0,0.0,0.0,0.0,0.0,0.0,0.0,0.0,0.0,0.0,0.0,0.0,0.0,0.0,0.0,0.0,0.0,0.0,0.0,0.0,0.0,0.0,0.0,0.0,0.0,0.0,0.0,0.0,0.0
"125,154",1968.246110912589,0.0,0.0,0.0,0.0,0.0,0.0,0.0,0.0,0.0,0.0,2896.7474133622413,6339.401133754206,8327.558685702903,10012.751917745554,34688.0631091791,92168.47424704516,2890.388518298841,6361.634077527476,8349.790058059318,10044.525358477762,34856.40418936785,92833.10968500588,2906.272788251615,6352.101527430964,8377.010853652393,10038.171394387415,34889.73874468522,93050.90288416266,2874.5017659318214,6317.14996860261,8343.650326875611,9989.81482246904,34718.57487660576,92333.66861874076,2867.3501380013486,6323.502779223872,8353.172541049882,9973.935150418563,34773.285741447,92522.08046351695,0.0,0.0,0.0,0.0,0.0,0.0,0.0,0.0,0.0,0.0,0.0,0.0,0.0,0.0,0.0,0.0,0.0,0.0,0.0,0.0,0.0,0.0,0.0,0.0,0.0,0.0,0.0,0.0,0.0,0.0
"126,154",792.9975512624254,0.0,0.0,0.0,0.0,0.0,0.0,0.0,0.0,0.0,0.0,1982.9883066326965,2571.1364214672763,3494.289108249253,3984.7676518505696,12684.021392110748,34942.684491097694,2011.546660533606,2574.3101940407473,3475.275280605578,3991.1166511124256,12699.87868953125,34888.4533829474,2017.8908201367249,2590.1727528824526,3478.4483233797782,4003.8037732189778,12718.911979202194,34935.88497203752,2022.6423970886306,2613.9596233629713,3491.1366082537406,4026.0101016110066,12867.952651567084,35504.15663421575,2019.4709388443068,2617.128600146724,3487.963078390383,4032.3549602573994,12928.231983251197,35807.62970201735,0.0,0.0,0.0,0.0,0.0,0.0,0.0,0.0,0.0,0.0,0.0,0.0,0.0,0.0,0.0,0.0,0.0,0.0,0.0,0.0,0.0,0.0,0.0,0.0,0.0,0.0,0.0,0.0,0.0,0.0
"91,155",1011.2166514825224,0.0,0.0,0.0,0.0,0.0,0.0,0.0,0.0,0.0,0.0,3.2325007915496826,0.0,0.0,0.0,0.0,0.0,3.2332756519317627,0.0,0.0,0.0,0.0,0.0,3.2332756519317627,0.0,0.0,0.0,0.0,0.0,6.466562986373901,0.0,0.0,0.0,0.0,0.0,6.466562986373901,0.0,0.0,0.0,0.0,0.0,0.0,0.0,0.0,0.0,0.0,0.0,0.0,0.0,0.0,0.0,0.0,0.0,0.0,0.0,0.0,0.0,0.0,0.0,0.0,0.0,0.0,0.0,0.0,0.0,0.0,0.0,0.0,0.0,0.0,0.0
"92,155",2502.9215879259514,0.0,0.0,0.0,0.0,0.0,0.0,0.0,0.0,0.0,0.0,2429.811794924268,5.366442214741427,3.233715534210205,2.1313629262587606,0.0,3.2336983680725098,2253.0343405620715,8.600665342106538,3.233715534210205,2.1313629262587606,0.0,3.2336983680725098,2543.0800058374207,8.60151125122519,3.233715534210205,2.1313629262587606,0.0,3.2336983680725098,2446.200404288721,8.60151125122519,3.233715534210205,2.1313629262587606,0.0,3.2336983680725098,2545.5159812609345,11.835734378590303,3.233715534210205,2.1313629262587606,0.0,3.2336983680725098,0.0,0.0,0.0,0.0,0.0,0.0,0.0,0.0,0.0,0.0,0.0,0.0,0.0,0.0,0.0,0.0,0.0,0.0,0.0,0.0,0.0,0.0,0.0,0.0,0.0,0.0,0.0,0.0,0.0,0.0
"93,155",2503.9992274051874,0.0,0.0,0.0,0.0,0.0,0.0,0.0,0.0,0.0,0.0,77554.75649759817,20494.255438254862,5944.5437714932,2036.2344179218887,1810.4895390660156,945.6105943782657,77899.0650983371,20749.512445443284,5944.537453877691,2062.1182956761004,1831.9315041831896,960.1616820690679,78964.1617070918,20964.265353084076,5992.717789942611,2110.6513042515394,1838.402152710335,979.5755366680669,79471.73555151901,20973.944726348393,5944.166561419356,2091.2311358517286,1783.3851775459216,950.0936715668323,80715.39004254996,21249.34709864224,5954.583614032409,2113.8796701496717,1802.801001482384,956.565742260802,0.0,0.0,0.0,0.0,0.0,0.0,0.0,0.0,0.0,0.0,0.0,0.0,0.0,0.0,0.0,0.0,0.0,0.0,0.0,0.0,0.0,0.0,0.0,0.0,0.0,0.0,0.0,0.0,0.0,0.0
"94,155",2504.9236044798763,0.0,0.0,0.0,0.0,0.0,0.0,0.0,0.0,0.0,0.0,50818.69630169961,9419.24546661377,1571.1128296029335,528.6688398529502,478.6542838283614,119.04059280320709,51507.06197978094,9685.062793093102,1597.009996808744,538.3780860115501,488.3640902706221,122.27706874772613,52481.75905754893,9973.17364819564,1629.7393103543452,551.3252221752616,498.0733488269881,131.98690403863495,53341.12278994859,10324.424764985662,1632.9848612252406,564.2751716782066,494.83664900742326,129.1058707901076,54671.89365239238,10852.061148330278,1684.0639543374382,557.801885287902,498.0733099647597,129.1058707901076,0.0,0.0,0.0,0.0,0.0,0.0,0.0,0.0,0.0,0.0,0.0,0.0,0.0,0.0,0.0,0.0,0.0,0.0,0.0,0.0,0.0,0.0,0.0,0.0,0.0,0.0,0.0,0.0,0.0,0.0
"95,155",2505.694402900397,0.0,0.0,0.0,0.0,0.0,0.0,0.0,0.0,0.0,0.0,31787.517428295283,22950.23051628225,2355.732828200097,205.57527382327063,87.41714859008789,22.663679361343384,32859.42490491774,23558.94208416097,2459.3394263389064,212.05075199557288,90.65482759475708,22.663679361343384,33210.38304453083,23814.7171201173,2491.717710793252,215.2885652299021,93.89243650436401,16.18830418586731,34104.621466060715,24499.51306350465,2595.3259952666713,221.76391203356727,93.89243650436401,19.425965785980225,35020.59950453253,25059.302294978912,2630.9412992598964,225.00158388567908,93.89246797561646,19.425965785980225,0.0,0.0,0.0,0.0,0.0,0.0,0.0,0.0,0.0,0.0,0.0,0.0,0.0,0.0,0.0,0.0,0.0,0.0,0.0,0.0,0.0,0.0,0.0,0.0,0.0,0.0,0.0,0.0,0.0,0.0
"96,155",2506.3113587852113,0.0,0.0,0.0,0.0,0.0,0.0,0.0,0.0,0.0,0.0,43587.71504814484,28015.598579014048,7533.91236707276,1249.9942124937093,775.6458678675633,145.74648761749268,45344.6611492961,28491.709207857355,7650.510219302832,1285.6214493368184,820.9892280531865,152.22397565841675,46134.87522313267,28679.56008323501,7697.467848506629,1282.3824258897816,833.94516973028,152.224200963974,48439.51774025992,29168.048959474934,7818.556943534402,1356.8746586893117,900.3342012741987,168.41803812980652,48254.64141331654,29403.749344931395,7875.423864868576,1384.5887839934403,903.5727762558881,178.13467049598694,0.0,0.0,0.0,0.0,0.0,0.0,0.0,0.0,0.0,0.0,0.0,0.0,0.0,0.0,0.0,0.0,0.0,0.0,0.0,0.0,0.0,0.0,0.0,0.0,0.0,0.0,0.0,0.0,0.0,0.0
"97,155",2506.7742608063204,0.0,0.0,0.0,0.0,0.0,0.0,0.0,0.0,0.0,0.0,42979.67991924566,67127.21461341056,21235.926525363735,5256.769458115335,3545.7627310341477,1498.1890117981854,43455.686973159456,68008.3131787506,21566.342724332622,5405.781351864571,3554.27568396026,1517.625657305998,44101.96869484678,68528.9466733381,21738.749124808404,5439.3820364839885,3534.839701256097,1514.3865117886487,44963.76410267961,69286.36468957546,22041.55933152367,5523.604130641151,3573.7121067851194,1504.6681089260999,45240.42737109989,69580.2194485973,22075.40294226478,5518.57291447415,3534.838516315759,1474.3072997261497,0.0,0.0,0.0,0.0,0.0,0.0,0.0,0.0,0.0,0.0,0.0,0.0,0.0,0.0,0.0,0.0,0.0,0.0,0.0,0.0,0.0,0.0,0.0,0.0,0.0,0.0,0.0,0.0,0.0,0.0
"98,155",2507.082950337187,0.0,0.0,0.0,0.0,0.0,0.0,0.0,0.0,0.0,0.0,65429.55367815542,77557.74836225042,22448.519389030047,4729.2672464838215,2425.4551760252784,973.5631182193756,65797.60042562953,78021.0351106597,22540.860707780426,4724.819766113805,2446.926740397659,983.2831165790558,66050.30066481105,78284.36192001925,22638.94387062671,4768.144605635662,2414.528206814972,947.6451327800751,66619.7633344538,78914.7480368951,22859.248972259782,4852.380767821331,2505.2436790363463,944.4053874015808,67061.0936786876,79520.16847071181,22971.016015624064,4902.591782540901,2518.203330983368,912.0071575641632,0.0,0.0,0.0,0.0,0.0,0.0,0.0,0.0,0.0,0.0,0.0,0.0,0.0,0.0,0.0,0.0,0.0,0.0,0.0,0.0,0.0,0.0,0.0,0.0,0.0,0.0,0.0,0.0,0.0,0.0
"99,155",2507.2373215651387,0.0,0.0,0.0,0.0,0.0,0.0,0.0,0.0,0.0,0.0,56129.474570454804,112063.50779065244,20274.075088378497,1343.7501670659758,359.6303286552429,58.31834292411804,56426.82827323839,112456.7540177579,20342.114651080676,1356.710096770642,357.5974771695978,51.838539361953735,57012.43775212812,113568.24531835761,20465.23371350438,1367.6370041136647,357.5974571424372,55.07844042778015,57634.06936741624,115044.12619020892,20624.716771003314,1383.8365769152547,362.0443822496078,55.07844042778015,58084.424549825526,115795.39079301123,20743.527579661913,1419.4762282137776,368.52420226265406,55.07844042778015,0.0,0.0,0.0,0.0,0.0,0.0,0.0,0.0,0.0,0.0,0.0,0.0,0.0,0.0,0.0,0.0,0.0,0.0,0.0,0.0,0.0,0.0,0.0,0.0,0.0,0.0,0.0,0.0,0.0,0.0
"100,155",2507.2373215651573,0.0,0.0,0.0,0.0,0.0,0.0,0.0,0.0,0.0,0.0,57997.6586107871,111432.01610956472,12304.143504180161,197.6388669013977,3.239997148513794,0.0,58487.61676570386,112363.50076341163,12414.302244939057,200.87878799438477,3.239997148513794,0.0,59307.32648989171,114129.5085840403,12769.072146575592,217.07851362228394,3.239997148513794,0.0,59567.69310080863,115175.01477497513,12962.74538938298,223.55850911140442,3.239997148513794,0.0,59812.48172016423,116011.67614464388,13175.859729850994,233.27841234207153,3.239997148513794,0.0,0.0,0.0,0.0,0.0,0.0,0.0,0.0,0.0,0.0,0.0,0.0,0.0,0.0,0.0,0.0,0.0,0.0,0.0,0.0,0.0,0.0,0.0,0.0,0.0,0.0,0.0,0.0,0.0,0.0,0.0
"101,155",2507.0829503371942,0.0,0.0,0.0,0.0,0.0,0.0,0.0,0.0,0.0,0.0,58285.68585515022,97084.1273759337,10915.391017748329,383.90754751691634,42.11774444580078,0.0,58854.77156396754,98333.83626455326,11098.430893477273,403.34638456830794,51.837156534194946,0.0,59980.57674786624,100164.23115185008,11219.914117631726,396.86697082052046,51.837156534194946,0.0,60785.29245285801,101821.69555080919,11420.780825195126,413.0663111639958,51.837156534194946,0.0,61275.935958667826,102807.83529914873,11635.586929398894,445.4641018343907,64.79614663124084,0.0,0.0,0.0,0.0,0.0,0.0,0.0,0.0,0.0,0.0,0.0,0.0,0.0,0.0,0.0,0.0,0.0,0.0,0.0,0.0,0.0,0.0,0.0,0.0,0.0,0.0,0.0,0.0,0.0,0.0,0.0
"102,155",2506.774260806283,0.0,0.0,0.0,0.0,0.0,0.0,0.0,0.0,0.0,0.0,69165.53635423418,86763.71604673911,4887.009576897528,265.625182390213,80.98273372650146,0.0,69865.04403014369,87956.87042820128,5026.300438265707,278.5827808380127,74.50391912460327,0.0,70250.13251628687,89001.98829938102,5087.849196295645,298.01900362968445,77.74333930015564,0.0,70731.00532881978,90014.47061996552,5152.640307288077,275.34343242645264,80.98284578323364,0.0,71325.73966520067,91021.93951230141,5272.502212386038,291.5406985282898,80.98312425613403,0.0,0.0,0.0,0.0,0.0,0.0,0.0,0.0,0.0,0.0,0.0,0.0,0.0,0.0,0.0,0.0,0.0,0.0,0.0,0.0,0.0,0.0,0.0,0.0,0.0,0.0,0.0,0.0,0.0,0.0,0.0
"103,155",2506.31135878525,0.0,0.0,0.0,0.0,0.0,0.0,0.0,0.0,0.0,0.0,76193.37571620476,103803.35971468102,5377.425871220757,171.64725279808044,12.95568060874939,0.0,77110.46098409354,105416.86717923387,5489.601848627539,178.1248321533203,12.95568060874939,0.0,77256.20440731704,105533.93597412296,5499.319420839758,178.12506556510925,12.95568060874939,0.0,77541.83284116634,105940.17604028757,5564.091885830374,174.8864724636078,12.95568060874939,0.0,77837.04711609168,105944.61753985274,5593.239330793829,178.12500834465027,12.95568060874939,0.0,0.0,0.0,0.0,0.0,0.0,0.0,0.0,0.0,0.0,0.0,0.0,0.0,0.0,0.0,0.0,0.0,0.0,0.0,0.0,0.0,0.0,0.0,0.0,0.0,0.0,0.0,0.0,0.0,0.0,0.0
"104,155",2505.6944029003967,0.0,0.0,0.0,0.0,0.0,0.0,0.0,0.0,0.0,0.0,86884.36170781641,90694.20096780552,9617.473943873949,1309.3017060261145,239.60886526107788,0.0,87533.54027762974,91159.59396288909,9666.403595079162,1286.6374828319922,239.60885882377625,0.0,87308.92034686219,90811.0464458877,9669.647779096344,1273.6868171196356,236.37133312225342,0.0,87328.38396871697,90769.51589946373,9740.89179955838,1284.6078116585227,226.65743899345398,0.0,88178.43888697716,91256.52046711023,9779.753347743728,1300.7976028610678,233.13340187072754,0.0,0.0,0.0,0.0,0.0,0.0,0.0,0.0,0.0,0.0,0.0,0.0,0.0,0.0,0.0,0.0,0.0,0.0,0.0,0.0,0.0,0.0,0.0,0.0,0.0,0.0,0.0,0.0,0.0,0.0,0.0
"105,155",2467.9665551895496,3.2368316650390625,3.2370035648345947,6.47380805015564,3.2368478775024414,0.0,3.2368316650390625,3.2370035648345947,3.2368481159210205,3.2368478775024414,0.0,78415.97925014776,92106.06723686389,22291.70599058002,2730.3734499706943,383.1734348792656,0.0,78632.87018127722,92352.0798194044,22388.815046337542,2759.5057062401493,383.17329278179244,0.0,78734.42619642743,92462.96295139933,22401.765373495517,2756.268824745627,379.9361149329765,0.0,78727.94334849843,92503.9692905258,22382.340440061984,2746.556005646201,379.9357818622215,0.0,78708.52998043322,92375.67675463174,22340.257108238635,2727.1337076916416,376.6983794231041,0.0,0.0,3.2368316650390625,0.0,0.0,0.0,0.0,0.0,3.2370035648345947,0.0,0.0,0.0,0.0,0.0,0.0,3.2368481159210205,0.0,0.0,0.0,0.0,0.0,3.2368478775024414,0.0,0.0,0.0,0.0,0.0,0.0,0.0,0.0,0.0
"106,155",2360.2037388124536,22.648969888687134,16.177396535873413,6.4717841148376465,3.2361419200897217,3.2352914810180664,22.648969888687134,16.177396535873413,6.4717841148376465,3.2361419200897217,3.2352914810180664,62743.37330829022,94865.74643989823,27797.165137074975,2261.1433856795816,268.54899072647095,0.0,62661.57324828728,94762.96119326795,27768.04504062989,2254.862051223306,262.077214717865,0.0,62548.640339354904,94724.16898659535,27735.689930699853,2246.359626230539,262.077214717865,0.0,62541.351159076126,94757.37923433076,27792.298280183008,2265.584220641267,258.84166073799133,0.0,62507.38668750969,94722.93001861758,27841.622418470008,2272.0559494429945,255.60603046417236,0.0,6.470881462097168,16.178088426589966,0.0,0.0,0.0,0.0,6.470902681350708,9.706493854522705,0.0,0.0,0.0,0.0,3.235790729522705,0.0,3.2359933853149414,0.0,0.0,0.0,0.0,3.2361419200897217,0.0,0.0,0.0,0.0,0.0,3.2352914810180664,0.0,0.0,0.0,0.0
"107,155",2483.958063871361,279.7648100469627,328.2563554950789,608.4156667260563,750.3014685275508,152.01757311820984,279.7648100469627,328.2563554950789,605.18180623335,747.0672203662349,152.01757311820984,59679.43266802676,121266.33456777124,32175.507575490432,2883.160483083538,644.128706070956,29.02000652481528,59667.68827069975,121001.83111980569,32135.088729621853,2899.332103929333,644.128706070956,29.02000652481528,59522.14927710272,120750.61735018749,31966.96588277443,2857.300407111411,631.1909152002895,29.02000652481528,59233.49596278528,120231.59986320758,31819.76283568775,2855.676437883751,608.5523787470424,29.02000652481528,58898.34583047698,119652.34002293793,31612.793798998293,2839.505972175972,620.2839472050761,29.02000652481528,100.26997113227844,152.01050899917004,27.48432991551418,0.0,0.0,0.0,67.91865563392639,189.19856763727523,59.826211243984744,11.312920979892507,0.0,0.0,154.82973727338455,351.71665330026667,95.40169678762848,3.2337188720703125,0.0,0.0,206.97223667817957,391.3445041179657,142.28209363525988,6.468385934829712,0.0,0.0,45.28371596336365,97.03074026107788,9.70311689376831,0.0,0.0,0.0
"108,155",2501.6910544366788,342.6212725639343,389.48299493322185,612.5204185616736,305.47069479717925,681.9873173713684,342.6212725639343,386.25084914693645,612.5204185616736,299.0061674286337,681.9873173713684,51142.41963772775,106680.00872943635,36378.02779998031,2912.0595595715095,161.62614583969116,0.0,50806.25171523095,106379.36611006493,36326.30542530265,2912.0630392906714,161.62631750106812,0.0,50518.56473093034,105932.15650839524,36213.17422713485,2905.599249350791,164.85864663124084,0.0,50264.825545890664,105532.95023673562,35984.391735205,2874.891458618875,161.62648820877075,0.0,50292.287720045395,105707.36223558537,35959.4102359912,2881.3531769397214,168.09109497070312,0.0,213.3233027458191,116.36901879310608,12.928951025009155,0.0,0.0,0.0,122.82147192955017,189.08774222860148,71.10926795005798,3.2323670387268066,0.0,0.0,184.24537444114685,318.3868804090163,101.8115279936323,8.076635717878155,0.0,0.0,153.55872776368085,109.8864524308373,35.5609872341156,0.0,0.0,0.0,273.12113439055054,340.99849592096666,64.63564355513628,3.232043504714966,0.0,0.0
"109,155",2458.055578428067,2136.062953858282,3106.2501653007434,1967.9561464281642,1348.8078763625201,1837.8234922007018,2123.1411177205105,3070.713574009316,1948.5722836943232,1326.1932633063373,1831.3619073942596,49535.63020514227,97049.71138886285,32232.533256383038,5309.606074627707,2193.5568872199337,100.14981818199158,48806.72820575097,95832.78522226859,31970.838217825985,5261.14220529444,2180.6334193454068,100.14981818199158,47773.55915478819,94295.5235218871,31579.900825114346,5245.326983440622,2158.019197057275,100.14981818199158,47091.84545960333,93233.79151574959,31265.38512730879,5180.707970369562,2132.1703499064724,96.919504404068,46688.33192164384,92705.68561965159,31079.12972943923,5178.682943655462,2103.0950129733365,100.14941906929016,725.6704675328498,1129.3169217025534,248.76798796653748,19.385740518569946,0.0,0.0,1061.0269079797408,1563.834753292682,413.54428243637085,25.84693932533264,6.460690975189209,0.0,657.4793002745685,984.1705692459556,264.92208682509033,38.76996421813965,3.230363130569458,0.0,463.5165760199229,633.2888155441658,210.00210571289062,12.923065185546875,3.2313504219055176,3.2313504219055176,587.7439912393982,939.9134209632874,261.70221757888794,42.00227761268616,0.0,0.0
"110,155",2498.7730381436363,1992.1125547923293,803.7928899839812,1981.0175563849655,1164.9851271676082,1751.2770794475782,1930.7541289366927,797.3332571104461,1948.7233528651443,1152.0668069886226,1737.157922081854,74222.36099049811,95209.35943476358,27134.877708160173,4017.074074462816,1192.4667745524762,399.5118970637228,73271.43955586004,94491.07975092306,27017.42137626667,4010.6138424433916,1192.4678347998974,410.402116392173,73115.54817355194,94225.18804885453,27028.565169106278,4042.5362539272687,1195.6969309741376,416.8602443676369,72280.18519052152,93334.344375414,26854.204281340393,4021.5418240939875,1202.1554509097455,420.08906492999955,71941.17662525832,92912.84456742325,26847.735367069992,4005.3984687244197,1218.3013966971753,423.3178478222267,986.3087497234344,824.9619414366928,113.02458763122559,6.458850145339966,0.0,0.0,353.4683322467056,385.7384385623184,54.8974244594574,3.2290618419647217,0.0,0.0,865.5013453960419,908.8501722373214,174.371835231781,0.0,0.0,0.0,556.8365389861312,524.1923460969738,71.03792190551758,0.0,0.0,0.0,807.7778108924043,837.7621110373852,75.47340667481515,16.144593477249146,0.0,0.0
"111,155",2497.086550342139,3252.4147088639875,1336.167094445696,2455.529833658069,1317.4757873712801,2939.4510882742265,3236.2839424722333,1300.6752991442586,2445.849109514087,1298.1155862509036,2929.7708886511186,93688.99873739974,76525.90887055024,14742.982107372845,1486.6506096325668,160.24798401196796,0.0,91727.97387041766,75495.45573333852,14599.424395493901,1483.42974319084,163.47398789723712,0.0,91175.61724443345,74989.4956747934,14537.181838061762,1470.5252176724227,160.24798401196796,0.0,89930.56257348343,73887.63716664034,14373.137309163227,1441.4864734612258,150.56889065106708,0.0,89265.68774191728,73506.90583634563,14318.299832848941,1437.439156774446,153.79653032620746,0.0,1953.149152248981,1112.1581809932109,158.07271242141724,12.903896808624268,0.0,0.0,593.570750061671,561.2251674100464,145.87938167254129,0.0,0.0,0.0,1256.8670638252706,1049.5513853727603,139.43066031605588,0.0,0.0,0.0,723.4887212005316,477.8414789648617,80.65363812446594,16.13174796104431,0.0,0.0,1860.6283221198062,932.5865036768072,136.55606285450506,0.0,0.0,0.0
"112,155",2485.656225484307,4111.548629199757,1999.4666475426918,1731.8033410586563,1019.0834476994534,2582.2198552730038,4088.9767016523024,1976.8949786793953,1712.4570955313889,983.6078145550747,2556.424124443765,41088.78966726789,53086.531837231516,23663.06730485804,5911.361918552248,2141.8073436278924,48.36004018783569,40022.96301166029,51311.536786870405,22831.74735131357,5721.133430583804,2122.458468582116,51.58353662490845,39096.74761829562,50314.47276863866,22520.053467042773,5646.972315891116,2106.338116790734,51.58353662490845,38666.73677291776,49635.13155739261,22169.282397358085,5582.483165128558,2099.8906656760796,51.58353662490845,38459.723772831516,49559.30987403814,22076.976167518947,5592.159314258425,2103.1161655444726,48.35939383506775,1098.5055151546703,1881.8731422377566,866.7811554506713,206.3489272594452,35.46796154975891,0.0,782.1813532885383,857.2190471312579,282.68258489907953,48.36485314369202,6.447140216827393,0.0,525.1387884411158,762.3684658976163,341.11532323687686,80.61040210723877,3.2241158485412598,0.0,382.98481075903953,403.92564232676636,180.5757896900177,12.896972894668579,3.2245988845825195,0.0,801.4585998264014,1133.7315200375574,527.738776289248,77.37771081924438,16.117517471313477,0.0
"113,155",2451.370566765439,2025.5815436868108,673.9355925541298,1291.7408173748092,574.7928397608739,1212.3649336169747,2007.3592342339311,670.7125114422219,1272.4055572219925,555.4573957873326,1193.0307806800392,14711.250373416788,36418.79446524545,39625.2397297878,25183.8416388334,20959.450017928146,9248.145411819569,14479.110775631547,35732.109252839924,39013.0227020189,25045.794159890156,21041.49284235543,9338.338723510853,14099.2906661632,35444.23616937375,38808.3414533933,24994.06388073809,20981.59881517373,9441.4534073652,13394.208964040232,34890.9758812895,38228.06364029249,24801.694201464747,20836.59399959527,9191.771888228022,13326.523275783014,34703.91631736007,37917.520683068855,24625.4217941761,20439.692004552544,8743.31324575368,238.45601243224797,751.1171062310536,688.4549618019778,205.71600583113877,84.94601069805668,38.66913723945618,132.12960720062256,222.34667014327704,200.23360815609203,80.55774784088135,35.44487810134888,0.0,165.9491335251752,487.7639417695064,418.89572422925164,93.45501112937927,106.34174656867981,0.0,41.89004039764404,138.5643448829651,206.23302745819092,81.76254605779461,77.34098887443542,9.66644811630249,128.90270256996155,365.6695713482651,362.11797850272234,210.66521717052834,106.34185886383057,19.333452224731445
"114,155",2490.8463589053654,38.643465995788574,25.759758949279785,99.79163384437561,35.416200160980225,38.632784843444824,38.643465995788574,25.759758949279785,99.79163384437561,35.416200160980225,32.19707012176514,8814.527938362196,19584.941908489487,26613.930574313334,25122.921556702786,30776.71199284815,7925.129546108432,8855.31022696682,19656.860206519854,26642.210504108316,25308.2017577162,30962.342422806047,7907.444994263555,8858.539293338737,19548.406723374945,26568.98168234919,25278.537108662556,30881.86623867072,7781.4706646545255,8917.551906741834,19417.48312455252,26390.47327960426,25185.0398865064,30547.03278453864,7622.296069867003,8920.773991740918,19419.284562603632,26449.847900264405,25105.617511646426,30418.299917519325,7598.8399590941035,25.762624740600586,12.880841255187988,0.0,0.0,0.0,0.0,22.539611339569092,0.0,3.2201476097106934,0.0,0.0,0.0,19.310584545135498,67.60501551628113,9.657413482666016,0.0,3.2186203002929688,0.0,3.2204084396362305,22.536301851272583,6.439453363418579,3.220036506652832,0.0,0.0,0.0,12.879526615142822,12.879793167114258,6.437750339508057,0.0,0.0
"115,155",2488.8288518637787,41.811809062957764,35.381150007247925,16.081462383270264,6.433338642120361,22.518789768218994,41.811809062957764,35.381150007247925,16.081462383270264,6.433338642120361,22.518789768218994,7532.49470988255,16838.738267215092,27414.41029874484,31875.14940213409,48188.67667423791,11587.954691072538,7555.00252405148,16995.214848293977,27674.613609788932,32176.516165969886,48752.61012813718,11643.922369828877,7561.420162830166,17148.134531689622,27887.568998520044,32420.428244770275,49292.82652560776,11712.177393201751,7612.861918601803,17214.04255764157,28136.126266891813,32693.75330680679,49928.79037781697,11771.480476758994,7622.511636171154,17338.39825233946,28486.428594904315,33137.36750020607,50430.46521689846,11912.973890815061,16.083253145217896,6.431922674179077,16.080644369125366,0.0,3.215988874435425,0.0,6.433106899261475,3.216538429260254,19.298451900482178,6.4330527782440186,0.0,0.0,6.433043956756592,9.648418426513672,0.0,0.0,0.0,0.0,6.433338642120361,0.0,0.0,0.0,0.0,0.0,9.651271104812622,3.216593027114868,3.2168972492218018,6.434028387069702,0.0,0.0
"116,155",2486.394647674406,0.0,0.0,0.0,0.0,0.0,0.0,0.0,0.0,0.0,0.0,15020.239254987006,28815.62090783587,35776.38943053788,34151.392954600095,50153.87642369271,12436.392850796383,15018.649062770955,28841.34629087916,35831.007952466665,34159.74896805988,50399.25056386835,12559.207312397864,15074.856640979355,28885.49137587547,35920.26601845891,34292.38172489709,50647.87722934554,12717.131987080857,15124.642230885636,29020.4312939167,36089.843568499884,34470.722472173096,51183.57257626197,13034.427796513428,15156.773465769898,29111.295614335115,36213.56153620458,34660.05762719266,51697.75386647617,13228.098265495488,0.0,0.0,0.0,0.0,0.0,0.0,0.0,0.0,0.0,0.0,0.0,0.0,0.0,0.0,0.0,0.0,0.0,0.0,0.0,0.0,0.0,0.0,0.0,0.0,0.0,0.0,0.0,0.0,0.0,0.0
"117,155",2483.8131604718014,60.97565531730652,105.90115118026733,292.03508019447327,298.45033597946167,226.2270832865846,60.97565531730652,105.90115118026733,292.03508019447327,295.2415075302124,226.2270832865846,40037.08726025935,57220.77958211712,52076.836559538744,29514.885557227044,16644.757657354952,516.1907120255863,40137.03890752604,57388.124749220115,52137.8787215345,29546.97553091517,16698.152183298967,519.3995223550236,40411.79237414621,57691.87358384506,52291.230684760034,29589.429427625622,16767.574138907825,532.2413695363438,40651.5703403398,58058.53035386402,52368.28963160795,29658.060027704054,16873.13104978449,545.0858009366428,40882.38556690215,58203.614930952295,52460.18524103165,29651.668032035643,16961.434266057666,542.5958037376404,3.2096145153045654,22.462965965270996,35.30307483673096,0.0,0.0,0.0,28.88269329071045,28.881832122802734,28.880808115005493,19.255817651748657,0.0,0.0,38.51046013832092,99.48637008666992,93.06557941436768,51.346134185791016,9.62653636932373,0.0,70.59822630882263,112.32169270515442,80.22946953773499,32.092118978500366,0.0,0.0,54.55644345283508,67.38433790206909,70.59759378433228,33.688708147348144,0.0,0.0
"118,155",2481.0852598326246,0.0,0.0,6.413404226303101,9.619876146316528,0.0,0.0,0.0,6.413404226303101,9.619876146316528,0.0,18171.516334424297,37312.435495618745,52040.90024199018,34544.860811744955,23382.670661156786,4629.251789246354,18326.160609163955,37784.5337073055,52480.881483881145,34847.81330612781,23626.27864951433,4722.216186438355,18520.13712626999,38183.636344368315,53077.92511715982,35214.492150849925,24045.83065520642,4814.062821418164,18587.94490193666,38542.338279048134,53460.83536127315,35480.570411510096,24273.429699280685,4952.218860176498,18757.284993146444,38759.94194497409,53670.97787447817,35662.0963237482,24356.743148663467,4980.350853043912,0.0,0.0,0.0,0.0,0.0,0.0,0.0,0.0,0.0,0.0,0.0,0.0,3.20739483833313,3.2060093879699707,0.0,0.0,0.0,0.0,0.0,3.2063353061676025,3.20690655708313,3.206634283065796,0.0,0.0,0.0,0.0,0.0,0.0,0.0,0.0
"119,155",2478.2118626572847,0.0,0.0,0.0,0.0,0.0,0.0,0.0,0.0,0.0,0.0,11761.968454680726,25435.190812021145,38031.2687501898,33462.89256897721,37000.55647372358,13642.939564332777,11805.767600079145,25603.334789515477,38430.23490673607,33738.67010220733,37455.22351693266,13763.003293072945,11877.802157517976,25724.206631698795,38604.2060404282,33983.28140657837,37823.67770553196,14017.02817127471,11951.456414818296,25779.730811358433,38701.6958965928,34084.70134802332,37987.529042298185,14040.674909898347,12023.55131868381,25931.65370011891,39044.731772721985,34369.59516078351,38373.971480443426,14119.127768177146,0.0,0.0,0.0,0.0,0.0,0.0,0.0,0.0,0.0,0.0,0.0,0.0,0.0,0.0,0.0,0.0,0.0,0.0,0.0,0.0,0.0,0.0,0.0,0.0,0.0,0.0,0.0,0.0,0.0,0.0
"120,155",2475.1939325252906,0.0,0.0,0.0,0.0,0.0,0.0,0.0,0.0,0.0,0.0,9313.49445606961,20090.19865280413,25941.349968906477,21281.945651159098,21624.870547099206,5007.389215124355,9239.417841686922,20090.250455677742,25745.614547610752,21198.022354492485,21611.808654902958,5029.797357929455,9196.267217471554,20025.93753783843,25608.67029583127,21046.61926894936,21567.191509243083,4979.034611229804,9127.520862181982,19839.40385509472,25498.447542362588,20865.83421171132,21449.608463134016,4951.858328282599,9057.169561465582,19759.818250945966,25322.056312047735,20775.247901642557,21238.82081009172,4932.663866221671,0.0,0.0,0.0,0.0,0.0,0.0,0.0,0.0,0.0,0.0,0.0,0.0,0.0,0.0,0.0,0.0,0.0,0.0,0.0,0.0,0.0,0.0,0.0,0.0,0.0,0.0,0.0,0.0,0.0,0.0
"121,155",2472.032479014311,0.0,0.0,0.0,0.0,0.0,0.0,0.0,0.0,0.0,0.0,2805.038815234689,6665.4456602722985,9575.450024674921,10875.901548738102,22820.65252136717,14127.91893189,2792.2570714698118,6665.439439454733,9469.643944768346,10755.740275619542,22646.452127405246,14006.525549579133,2792.2388975367826,6639.508609941894,9581.4263966364,10829.884072147628,22717.899361639393,14116.321819086636,2750.694640372781,6610.74498408168,9481.51283756892,10787.585054457419,22613.071174706663,13889.383926264445,2776.2578878150266,6626.333660730661,9478.294570128124,10777.93927201009,22545.157683124733,13676.852535901351,0.0,0.0,0.0,0.0,0.0,0.0,0.0,0.0,0.0,0.0,0.0,0.0,0.0,0.0,0.0,0.0,0.0,0.0,0.0,0.0,0.0,0.0,0.0,0.0,0.0,0.0,0.0,0.0,0.0,0.0
"122,155",2468.7285569925634,0.0,0.0,0.0,0.0,0.0,0.0,0.0,0.0,0.0,0.0,3097.2054983681323,7014.971490664575,10078.046112064285,12700.354704683903,30825.694074433457,32215.307536595476,3071.6885620659473,6971.375332319036,10008.260614887873,12651.313890821793,30740.08140667934,31978.8030530808,3068.4996425217273,6974.896526718139,10052.945060984293,12724.701044752084,30756.012607088272,32234.194935429332,3089.772884756911,7108.891313934326,10151.9631438648,12872.144348934586,31175.817027495887,33015.94046929491,3131.242890507567,7195.033761882782,10241.285567084482,13007.324196231131,31382.29020526736,33636.27384305187,0.0,0.0,0.0,0.0,0.0,0.0,0.0,0.0,0.0,0.0,0.0,0.0,0.0,0.0,0.0,0.0,0.0,0.0,0.0,0.0,0.0,0.0,0.0,0.0,0.0,0.0,0.0,0.0,0.0,0.0
"123,155",2465.2832658736766,0.0,0.0,0.0,0.0,0.0,0.0,0.0,0.0,0.0,0.0,6133.252484573101,6623.448628844466,7355.3896524298425,8248.378702534881,25927.811171374597,51533.50655537025,6152.3600740563625,6542.363801973941,7339.457405506396,8229.248772277084,25858.760288939753,51252.34002958373,6130.067991508221,6529.626675861957,7385.826704817192,8213.128771539763,25887.40607427148,51278.758986862034,6218.672164928213,6582.01391732646,7525.424427841223,8322.86287818142,26376.756389791823,52715.412007611405,6240.960001003042,6615.265093069451,7568.230240301057,8377.006544210397,26618.795221979475,53340.945578121675,0.0,0.0,0.0,0.0,0.0,0.0,0.0,0.0,0.0,0.0,0.0,0.0,0.0,0.0,0.0,0.0,0.0,0.0,0.0,0.0,0.0,0.0,0.0,0.0,0.0,0.0,0.0,0.0,0.0,0.0
"124,155",2461.697748847711,0.0,0.0,0.0,0.0,0.0,0.0,0.0,0.0,0.0,0.0,8941.511318822002,10018.143716336232,12092.647477332284,13790.828850297368,43025.16151864482,80416.20702172634,9030.631257433986,10026.522953543943,12102.204521838357,13816.29861023847,43062.67686593486,80368.47619834974,9033.809217352962,10007.447366271299,12109.999020556845,13792.6144068157,43056.32023131801,80027.30126650941,9247.043246407604,10200.14776038843,12203.480232289261,13943.935295060102,43402.93241024766,80486.0206528355,9566.89234733675,10364.22056575663,12303.915227904043,14020.348326876585,43577.32025051305,80473.6572908523,0.0,0.0,0.0,0.0,0.0,0.0,0.0,0.0,0.0,0.0,0.0,0.0,0.0,0.0,0.0,0.0,0.0,0.0,0.0,0.0,0.0,0.0,0.0,0.0,0.0,0.0,0.0,0.0,0.0,0.0
"125,155",2457.9731920665517,0.0,0.0,0.0,0.0,0.0,0.0,0.0,0.0,0.0,0.0,5947.361870066325,9657.57166533844,12577.88248950173,14456.114200400372,46061.909482029376,113594.8220787843,5921.965259806315,9644.865441135331,12575.88611035534,14483.137011116627,46056.29241130679,113567.60214982126,5921.967909113566,9628.981452278062,12566.346403886759,14518.07920891631,46032.44126048556,113589.54285186225,5887.006076351801,9546.38163333313,12558.420670820686,14511.746823137883,46008.25428190232,113274.60509872904,5855.259454981486,9533.679455570145,12504.422471119375,14445.069319313649,45834.31990495291,112397.4806116104,0.0,0.0,0.0,0.0,0.0,0.0,0.0,0.0,0.0,0.0,0.0,0.0,0.0,0.0,0.0,0.0,0.0,0.0,0.0,0.0,0.0,0.0,0.0,0.0,0.0,0.0,0.0,0.0,0.0,0.0
"126,155",2321.563255636981,0.0,0.0,0.0,0.0,0.0,0.0,0.0,0.0,0.0,0.0,10261.08341355698,13261.545225929747,15673.79489471398,16572.591711998917,48350.28608500255,86046.68378668393,10273.753227189945,13244.93303250799,15632.581133302987,16572.598761797883,48297.60004605311,85903.372343428,10301.464066763489,13298.857191557978,15723.837721400167,16670.922106028534,48679.32430064256,86807.53678431977,10299.859204840195,13284.556850906447,15688.957739643956,16629.691624165513,48530.66404750299,86121.32760703328,10256.459371882793,13275.03428697212,15654.067407421971,16566.264452696778,48441.87135937166,85491.07517159499,0.0,0.0,0.0,0.0,0.0,0.0,0.0,0.0,0.0,0.0,0.0,0.0,0.0,0.0,0.0,0.0,0.0,0.0,0.0,0.0,0.0,0.0,0.0,0.0,0.0,0.0,0.0,0.0,0.0,0.0
"127,155",203.84786241723003,0.0,0.0,0.0,0.0,0.0,0.0,0.0,0.0,0.0,0.0,2412.9452528355164,1364.3063249933953,1174.1500602207934,1337.3101200991987,3338.440897864922,7205.608394053403,2406.608886658911,1361.1383848536248,1174.1500602207934,1340.4756359988567,3335.27143613778,7200.1607520038,2406.608886658911,1367.4748635637993,1181.666631160998,1359.485034459245,3373.2918986507498,7247.841176783803,2393.936490714316,1367.4750690806145,1188.0012328016992,1353.1500019961713,3373.2925345131002,7239.854286272384,2402.7326633948906,1367.4739458906884,1188.0012328016992,1343.6448905402538,3344.7802735992514,7180.372856633803,0.0,0.0,0.0,0.0,0.0,0.0,0.0,0.0,0.0,0.0,0.0,0.0,0.0,0.0,0.0,0.0,0.0,0.0,0.0,0.0,0.0,0.0,0.0,0.0,0.0,0.0,0.0,0.0,0.0,0.0
"91,156",1212.3034364211496,0.0,0.0,0.0,0.0,0.0,0.0,0.0,0.0,0.0,0.0,244.3033725682427,194.00996851921082,116.81030709229263,61.43541479110718,48.50197505950928,25.868095636367798,219.88039207458496,197.24330806732178,116.81030709229263,61.43541479110718,48.50197505950928,25.868095636367798,268.3826746940613,219.87841796875,100.64329463921342,58.20244073867798,48.50197505950928,25.868095636367798,250.76896876727835,210.17830538749695,97.40993744812761,51.73555779457092,48.50197505950928,29.10129976272583,260.46902961169974,219.87867331504822,103.87683755837234,51.73555779457092,48.50197505950928,25.868095636367798,0.0,0.0,0.0,0.0,0.0,0.0,0.0,0.0,0.0,0.0,0.0,0.0,0.0,0.0,0.0,0.0,0.0,0.0,0.0,0.0,0.0,0.0,0.0,0.0,0.0,0.0,0.0,0.0,0.0,0.0
"92,156",2503.0898767005588,0.0,0.0,0.0,0.0,0.0,0.0,0.0,0.0,0.0,0.0,7053.926598820968,976.4059757999345,129.36677813529968,74.38604640960693,51.744773864746094,19.404775142669678,7064.230496720707,996.2215246275359,132.60259175300598,77.61979007720947,54.97889232635498,22.63878870010376,8621.846237701528,1058.083613244225,132.60190320014954,80.85458254814148,58.21308779716492,22.63878870010376,8767.213489248239,1058.0852218543782,132.60190320014954,80.85458254814148,58.21308779716492,22.63878870010376,8895.782654104045,1073.8499237116644,135.83608222007751,84.08887600898743,61.447348833084106,22.63878870010376,0.0,0.0,0.0,0.0,0.0,0.0,0.0,0.0,0.0,0.0,0.0,0.0,0.0,0.0,0.0,0.0,0.0,0.0,0.0,0.0,0.0,0.0,0.0,0.0,0.0,0.0,0.0,0.0,0.0,0.0
"93,156",2504.167796363174,0.0,0.0,0.0,0.0,0.0,0.0,0.0,0.0,0.0,0.0,14010.072182253294,988.1102865247167,108.3871464028078,42.86559214872473,18.19687985532424,9.707297801971436,14017.368494296541,975.1677213220037,111.62294356963214,42.86559214872473,16.17896604537964,9.707297801971436,13930.945372730144,957.7714187453776,105.1516031517702,39.62992182058447,12.943258047103882,9.707297801971436,13907.904326503416,954.535751993516,105.1516031517702,39.62992182058447,12.943258047103882,9.707297801971436,13880.797745659773,941.5927674125223,105.1513020291048,39.63003864568823,12.943258047103882,6.471519470214844,0.0,0.0,0.0,0.0,0.0,0.0,0.0,0.0,0.0,0.0,0.0,0.0,0.0,0.0,0.0,0.0,0.0,0.0,0.0,0.0,0.0,0.0,0.0,0.0,0.0,0.0,0.0,0.0,0.0,0.0
"94,156",2505.0924164384414,0.0,0.0,0.0,0.0,0.0,0.0,0.0,0.0,0.0,0.0,408.80502385532156,32.37321162223816,0.0,0.0,0.0,0.0,558.6800489397609,38.848034381866455,0.0,0.0,0.0,0.0,584.5796489687526,38.848034381866455,0.0,0.0,0.0,0.0,672.41944157563,35.61087393760681,0.0,0.0,0.0,0.0,725.4727839395111,38.84787893295288,0.0,0.0,0.0,0.0,0.0,0.0,0.0,0.0,0.0,0.0,0.0,0.0,0.0,0.0,0.0,0.0,0.0,0.0,0.0,0.0,0.0,0.0,0.0,0.0,0.0,0.0,0.0,0.0,0.0,0.0,0.0,0.0,0.0,0.0
"95,156",2505.8634193730873,0.0,0.0,0.0,0.0,0.0,0.0,0.0,0.0,0.0,0.0,3928.1122186698167,126.28556060791016,0.0,0.0,0.0,0.0,4225.324266227086,129.52416825294495,0.0,0.0,0.0,0.0,4128.177170070012,142.4764974117279,0.0,0.0,0.0,0.0,4218.672811335208,148.9523241519928,0.0,0.0,0.0,0.0,4146.570833972856,171.61830711364746,0.0,0.0,0.0,0.0,0.0,0.0,0.0,0.0,0.0,0.0,0.0,0.0,0.0,0.0,0.0,0.0,0.0,0.0,0.0,0.0,0.0,0.0,0.0,0.0,0.0,0.0,0.0,0.0,0.0,0.0,0.0,0.0,0.0,0.0
"96,156",2506.4805401919825,0.0,0.0,0.0,0.0,0.0,0.0,0.0,0.0,0.0,0.0,10922.391976362116,335.450273438061,3.239060401916504,0.0,0.0,0.0,11393.688038686678,358.12321583803964,3.239060401916504,0.0,0.0,0.0,11689.51798452209,354.8849591451533,3.239060401916504,0.0,0.0,0.0,13244.63736760102,362.7983898209591,3.239060401916504,0.0,0.0,0.0,13149.951496956393,346.6054088162441,3.239060401916504,0.0,0.0,0.0,0.0,0.0,0.0,0.0,0.0,0.0,0.0,0.0,0.0,0.0,0.0,0.0,0.0,0.0,0.0,0.0,0.0,0.0,0.0,0.0,0.0,0.0,0.0,0.0,0.0,0.0,0.0,0.0,0.0,0.0
"97,156",2506.943566687101,0.0,0.0,0.0,0.0,0.0,0.0,0.0,0.0,0.0,0.0,41695.51041021627,58118.23534080094,22222.544147976707,4764.200031634872,2199.808102447846,287.3918082489687,42043.29382397895,58863.28641888207,22578.869023331474,4880.817655679292,2311.164684304069,293.8706989063936,42229.66832211999,59401.43376099829,22805.621232518028,4924.94954386412,2333.8413710678324,310.0670556797701,42561.64865819426,60125.42685627844,22952.69265450029,4934.669590681675,2362.99777246363,326.2639755978304,41042.881121051076,60435.601035054526,23053.11605490236,4950.868214815739,2388.9132390106424,333.9613214548896,0.0,0.0,0.0,0.0,0.0,0.0,0.0,0.0,0.0,0.0,0.0,0.0,0.0,0.0,0.0,0.0,0.0,0.0,0.0,0.0,0.0,0.0,0.0,0.0,0.0,0.0,0.0,0.0,0.0,0.0
"98,156",2507.252339570218,0.0,0.0,0.0,0.0,0.0,0.0,0.0,0.0,0.0,0.0,57133.22715528245,69551.42207453112,18807.551012881595,5544.461900278166,4601.711825435302,2118.4676720133016,57554.49055708156,70312.77327915921,18946.86174023946,5578.079792156406,4638.568569486281,2134.66746654417,58195.965311653476,71097.6092395502,19189.84140003522,5628.696533247068,4683.923744981429,2154.1062001218984,58554.855267799605,71633.57450530578,19242.403873604417,5651.782101192661,4596.858234765484,2069.872173213024,58752.482625282515,72020.71947323014,19372.401422509025,5680.940450945087,4583.900409104778,2072.7049531600055,0.0,0.0,0.0,0.0,0.0,0.0,0.0,0.0,0.0,0.0,0.0,0.0,0.0,0.0,0.0,0.0,0.0,0.0,0.0,0.0,0.0,0.0,0.0,0.0,0.0,0.0,0.0,0.0,0.0,0.0
"99,156",2507.406752585112,0.0,0.0,0.0,0.0,3.2399990558624268,0.0,0.0,0.0,0.0,3.2399990558624268,62947.12848801052,81950.93304571357,22343.450415192397,7185.301324931313,4380.162700593238,1087.420945375106,63273.642152971384,82415.95336391505,22441.056082545074,7293.122434124291,4424.302647847756,1090.660847156188,63618.69357679591,82897.66775428734,22717.838576309354,7379.382559071335,4550.662443656547,1087.421296565673,63966.47539969612,83293.02067345356,22838.530406058067,7438.426552318124,4507.323278078378,1087.4214448620291,64213.52698365661,83545.64988794793,22896.850517167295,7425.466395877389,4500.843246588052,1057.8554950555167,0.0,0.0,0.0,0.0,0.0,0.0,0.0,0.0,0.0,0.0,0.0,0.0,0.0,0.0,0.0,0.0,0.0,0.0,0.0,0.0,0.0,0.0,0.0,0.0,3.2399990558624268,0.0,0.0,0.0,0.0,0.0
"100,156",2507.4067525851196,0.0,0.0,9.71983551979065,0.0,29.159954071044922,0.0,0.0,9.71983551979065,0.0,29.159954071044922,67047.51103598277,110014.43875030444,13816.298582248128,1859.436767679102,1105.944352388382,181.4398775100708,67372.63899232079,110650.19696549342,13910.258223466313,1882.8409827765295,1112.4243609905243,178.19988179206848,67757.15401936045,111527.65736422634,14042.52559278993,1895.8009584959814,1129.03092769548,174.9598834514618,68374.86707895409,112499.97622453466,14181.845211968703,1917.7566195544073,1164.6709225551754,181.4398775100708,68702.10152047288,113054.90908660421,14327.64361427812,1950.1566372927496,1158.1909344570308,184.67987513542175,0.0,0.0,0.0,0.0,0.0,0.0,0.0,0.0,0.0,0.0,0.0,0.0,3.2399635314941406,6.479871988296509,0.0,0.0,0.0,0.0,0.0,0.0,0.0,0.0,0.0,0.0,29.159954071044922,0.0,0.0,0.0,0.0,0.0
"101,156",2507.2523395702137,0.0,0.0,0.0,0.0,0.0,0.0,0.0,0.0,0.0,0.0,59876.890973064,97280.80110803958,6123.11958942133,220.75523824504776,55.483951124490474,0.0,60333.62570271305,97949.7775035325,6178.196819397984,211.0356003742592,55.483951124490474,0.0,61692.93749635921,99565.20079958484,6226.793656203327,213.86897171057907,58.723827394784664,0.0,62889.17546405138,101447.86444367147,6301.309366557179,213.86876547850815,61.963694843591426,0.0,64055.07216055908,103348.49000626638,6441.014029640311,213.8687716773912,61.963694843591426,0.0,0.0,0.0,0.0,0.0,0.0,0.0,0.0,0.0,0.0,0.0,0.0,0.0,0.0,0.0,0.0,0.0,0.0,0.0,0.0,0.0,0.0,0.0,0.0,0.0,0.0,0.0,0.0,0.0,0.0,0.0
"102,156",2506.943566687125,0.0,0.0,0.0,0.0,0.0,0.0,0.0,0.0,0.0,0.0,71734.38792510782,94188.73729166985,4214.813215424968,81.3761424260981,9.718136310577393,0.0,72631.70419593605,95290.14903821386,4299.036963870479,84.61495678004097,9.718136310577393,0.0,73362.5969994199,96381.4278642374,4350.868186643077,84.61495678004097,12.957245588302612,0.0,73972.019210692,97235.83338368921,4405.9392329954635,87.85438053187202,12.957245588302612,0.0,74375.72893861882,97973.68725905979,4431.8539253973495,87.85438053187202,12.957245588302612,0.0,0.0,0.0,0.0,0.0,0.0,0.0,0.0,0.0,0.0,0.0,0.0,0.0,0.0,0.0,0.0,0.0,0.0,0.0,0.0,0.0,0.0,0.0,0.0,0.0,0.0,0.0,0.0,0.0,0.0,0.0
"103,156",2506.48054019195,0.0,0.0,0.0,0.0,0.0,0.0,0.0,0.0,0.0,0.0,72897.17189674097,108723.16310699782,8211.224718641766,330.7586910864886,90.68562436103821,6.478168964385986,73524.2758138853,109413.01112622,8309.191030741673,333.9969921252307,90.68562436103821,6.478168964385986,73727.95494282575,109729.20181089477,8325.385330439549,337.23560930700864,87.44654536247253,6.478168964385986,73936.8768903994,110230.447767397,8348.058523417454,337.23560930700864,84.20799565315247,6.478168964385986,74327.20326723493,110669.11343238963,8419.312732935887,333.9966142317828,84.20799565315247,6.478168964385986,0.0,0.0,0.0,0.0,0.0,0.0,0.0,0.0,0.0,0.0,0.0,0.0,0.0,0.0,0.0,0.0,0.0,0.0,0.0,0.0,0.0,0.0,0.0,0.0,0.0,0.0,0.0,0.0,0.0,0.0
"104,156",2505.8634193730218,0.0,0.0,0.0,0.0,0.0,0.0,0.0,0.0,0.0,0.0,57115.64047044492,101063.57553365652,26970.130751391946,8241.097369534362,3591.1468029358803,722.058760881424,57405.84792998725,101458.19306103763,27138.50250556141,8309.096409422744,3610.575701031965,738.2485990524292,57469.35166545942,101546.17498071521,27143.901634952126,8338.239112002242,3569.562905118044,715.5826659202576,57663.63658972814,101866.74089892238,27186.400595125495,8411.494091623905,3617.7269731400056,702.6311748027802,57728.756363299304,102075.56509208305,27280.299660143195,8430.920731419208,3637.153944337134,683.2032082080841,0.0,0.0,0.0,0.0,0.0,0.0,0.0,0.0,0.0,0.0,0.0,0.0,0.0,0.0,0.0,0.0,0.0,0.0,0.0,0.0,0.0,0.0,0.0,0.0,0.0,0.0,0.0,0.0,0.0,0.0
"105,156",2505.092416438466,6.472917318344116,0.0,9.709472179412842,0.0,0.0,6.472917318344116,0.0,9.709472179412842,0.0,0.0,59032.355391772595,109565.2613353327,34349.69288093904,7071.717026844212,1500.1362896367616,0.0,59152.12029937109,109792.25504951848,34432.83096304033,7100.853451624104,1500.1363184854097,0.0,59280.407531629826,110045.03345234347,34498.67668963694,7097.614554062077,1492.594958637275,0.0,59361.329604994084,110216.59309990359,34547.22852112078,7078.189728393742,1489.356728408851,0.0,59367.79782045963,110263.52236054832,34529.647225571614,7055.121529370664,1499.068555210151,0.0,6.472917318344116,0.0,0.0,0.0,0.0,0.0,0.0,0.0,0.0,0.0,0.0,0.0,6.4729814529418945,3.2364907264709473,0.0,0.0,0.0,0.0,0.0,0.0,0.0,0.0,0.0,0.0,0.0,0.0,0.0,0.0,0.0,0.0
"106,156",2383.968145078828,3.236177444458008,0.0,0.0,0.0,6.471308708190918,3.236177444458008,0.0,0.0,0.0,6.471308708190918,70129.0622962316,93397.50490127357,26493.760252860946,2306.2959521013145,336.54512429237366,9.707318544387817,70150.50747890379,93384.56847511085,26498.442793431932,2316.0054412084464,330.07263946533203,9.707318544387817,70120.17097342342,93226.7421224304,26498.442566219026,2301.844890305575,336.5451419353485,9.707318544387817,70143.09049673547,93261.15365026043,26498.444876495058,2295.37438101488,336.54525804519653,9.707318544387817,70298.31073617561,93337.69361069436,26532.887887031888,2298.6109530420863,326.8368434906006,9.707318544387817,0.0,3.236177444458008,0.0,0.0,0.0,0.0,0.0,0.0,0.0,0.0,0.0,0.0,0.0,0.0,0.0,0.0,0.0,0.0,0.0,0.0,0.0,0.0,0.0,0.0,6.471308708190918,0.0,0.0,0.0,0.0,0.0
"107,156",2442.86033265255,200.53698134422302,375.1773841381073,1697.5198841571807,1914.652687549591,1562.1386489868164,200.53698134422302,368.7087585926056,1697.5198841571807,1911.418555021286,1558.904282093048,68081.45786019962,124693.27604859482,21174.19024628003,1174.254065393934,185.29502863322986,6.4673051834106445,68034.95985485433,124580.0778523548,21174.189685281115,1171.0190747971628,188.52955645953907,6.4673051834106445,67892.41899432763,124187.82161223094,21109.496729787188,1180.7232745881174,185.2952813569237,6.4673051834106445,67346.49358695722,123258.82687954529,20973.635647122064,1177.489473700056,188.5291134778191,6.4673051834106445,66584.16262006853,122130.5885740355,20808.557115055533,1182.1971424598319,183.27861420687506,6.4673051834106445,58.22168850898743,126.14282250404358,16.172470331192017,0.0,0.0,0.0,100.26559972763062,239.33441305160522,29.10874581336975,0.0,0.0,0.0,567.9953400892371,993.6858740526087,132.6045868396759,3.2340831756591797,0.0,0.0,701.8214328289032,1076.9952890872955,132.60183310508728,0.0,0.0,0.0,517.476823091507,912.0583684444427,129.3690905570984,0.0,0.0,0.0
"108,156",2501.8590273542245,3.23221492767334,3.2331719398498535,16.161712646484375,3.232062339782715,12.93118929862976,3.23221492767334,3.2331719398498535,16.161712646484375,0.0,9.698747634887695,54788.49843584977,116203.73233930176,30978.09242734535,3791.5739790252605,2575.278459966884,1841.854327810512,54825.1826025832,116118.4600304482,30900.512319894864,3759.2478820136944,2520.329587162242,1809.5287660486558,54763.7469608176,116014.50961330264,30819.296647639363,3720.0521059569187,2445.9884354479173,1770.7398601896623,54725.682858512926,116030.27754862075,30770.811096282094,3694.1955946024723,2436.291594207988,1737.6925096764285,54771.675177541445,116149.91101701026,30680.29412636289,3665.1033325728245,2407.1998559839585,1702.1362724556643,0.0,3.23221492767334,0.0,0.0,0.0,0.0,3.2331719398498535,0.0,0.0,0.0,0.0,0.0,9.697416067123413,3.232253313064575,3.2320432662963867,0.0,0.0,0.0,0.0,0.0,0.0,0.0,0.0,0.0,3.2332961559295654,6.46545147895813,0.0,0.0,0.0,0.0
"109,156",2500.4756703149114,16.15522599220276,14.93983904614168,37.557855488272274,54.92632532119751,49.26638554685256,16.15522599220276,14.93983904614168,37.557855488272274,54.92632532119751,46.03520297162673,43375.33472596523,105840.00109728928,43569.79866704568,6833.059268233355,5570.347083613452,3283.716251987569,43338.67147904376,106017.68608698006,43547.177797303484,6822.9582092715245,5559.275132078283,3244.9474796239065,43443.04215874484,106216.16904405988,43585.93483732729,6827.625676686156,5554.596659287284,3219.095856327169,43495.222574386404,106114.6122992338,43500.70412915174,6817.515825549294,5485.523132712233,3164.895318513758,43451.45337816219,105905.62467313,43375.09062319269,6780.759180254095,5433.826714188444,3103.917780533959,0.0,9.694975852966309,6.46025013923645,0.0,0.0,0.0,2.01498667492586,6.4626312255859375,6.462221145629883,0.0,0.0,0.0,21.40142595908221,12.925511837005615,3.2309176921844482,0.0,0.0,0.0,9.693523406982422,32.30949950218201,12.923302412033081,0.0,0.0,0.0,18.170987894955804,21.402051389918608,6.462163686752319,0.0,0.0,0.0
"110,156",2498.9402793578706,32.285781145095825,12.917142391204834,36.58307333834031,44.10236303105074,237.37555174547086,32.285781145095825,12.917142391204834,36.58307333834031,40.87358061566073,232.13422252150144,35183.80043234545,88798.25535190712,44137.84189376643,10981.076730715995,10993.858165908327,6851.425858062857,35336.0792737512,89340.79183621967,44375.1627063078,10960.639973905974,10956.911340897692,6821.15085312619,35587.08062322747,90064.18734244365,44781.72279220375,11039.934762017867,11016.463259387485,6817.9194657494045,35651.66784484994,90292.82744493579,44868.60310181449,11112.028175331565,11032.599178958408,6766.256308524749,35660.11854808284,90358.3647587056,45039.711268850406,11155.064259865705,11055.199937510959,6763.02251741185,3.22935152053833,6.45618462562561,16.14144492149353,0.0,3.2297911643981934,3.229008913040161,3.22993540763855,6.458107948303223,0.0,3.2290990352630615,0.0,0.0,1.0633186901316922,19.37464666366577,12.916069030761719,0.0,3.229038953781128,0.0,1.0633186901316922,33.35138936884263,3.2298636436462402,0.0,3.229008913040161,0.0,48.27136719647576,130.1955618465648,43.97965424201068,6.457891464233398,3.229747772216797,0.0
"111,156",2497.2533797044143,150.431307851567,108.42531637490964,157.0178638299306,201.13748637835187,606.6110922916263,150.431307851567,108.42531637490964,153.79171641667682,197.91011182467145,600.1577219589084,30644.898661588217,68930.24046966329,50695.6920328907,17826.99360506862,12055.661070020526,2225.766547638762,30733.121821537206,69298.88302988166,51044.62531682651,17909.094351734835,12126.638986738055,2238.6693057602524,30868.584836266084,69722.20433652542,51228.421381612854,17954.677067426608,12149.58418416977,2248.3465518540024,30881.48856141333,69881.12561429436,51367.4154583127,17999.16688888213,12184.73320737633,2245.1224529331803,30888.612805904126,69943.70957646931,51506.16003592249,18089.176248954325,12265.413649471133,2241.8939625805497,67.75650978088379,69.76940852333517,12.905389547348022,0.0,0.0,0.0,49.54789141112683,45.97054291612962,12.906882047653198,0.0,0.0,0.0,31.189337809880573,100.01897120475769,22.583407402038574,0.0,0.0,0.0,50.55192144711812,95.73117073376974,38.7217652797699,12.905254364013672,0.0,0.0,169.97047479947406,330.1364737772474,93.59771752357483,6.4530558586120605,0.0,0.0
"112,156",2495.4155476463334,851.1777052879333,731.8982449475457,546.1097016456081,363.1180247166577,343.7553395215203,825.3849384784698,725.4497264329125,523.5413828017665,356.6695669987622,337.3080483857323,43980.42412770028,64025.02605567259,36427.67198420132,12593.684423815035,7080.738347511666,981.508532261381,43917.4710252313,63931.12649592138,36427.67717576588,12567.53350259463,7132.731053907731,965.3847152943705,43934.416026160296,63716.29594672895,36362.85111821679,12506.25632836024,7132.380108347126,946.0342476124857,43988.34164212451,63594.17111422876,36359.64076293496,12477.242238775889,7168.197044689515,936.3576354737376,44239.4647152695,63493.385344738126,36393.51869102553,12505.908035418568,7238.371328935436,958.9238428826426,490.0511929988861,241.82273316383362,80.61194658279419,9.674299240112305,3.224766492843628,0.0,473.9639659825493,216.01976585388184,32.2413170337677,3.224677562713623,0.0,0.0,242.2191284497579,194.2664453310125,80.60590839385986,3.225161075592041,3.2247395515441895,0.0,145.08310413360596,156.77274907617007,38.68933439254761,6.451179027557373,9.673200368881226,0.0,206.32629561424255,92.2873069230248,32.24496054649353,6.4494853019714355,0.0,0.0
"113,156",2493.293667359012,93.42134618759155,151.4186339378357,146.974615464491,79.32845744806178,205.76136895348043,83.75622081756592,115.970871925354,146.974615464491,79.32845744806178,202.53853102852315,59875.46066045012,46135.30347103698,37354.30538890783,21176.712614932716,14610.752363462074,1670.6157890076734,61057.19071667521,46537.97786389613,37517.922887775014,21243.307323613823,14690.890689674077,1683.5000825638867,62076.3216446091,46781.7569640758,37575.99560470955,21277.665149926208,14667.675979925605,1677.0562096352674,62676.37063765992,46939.78801844354,37665.94144176596,21268.144207424277,14718.820228475683,1664.171599459181,62941.664411333484,47102.686616502084,37657.503462720386,21304.789401385366,14746.56032535796,1660.9523227925397,41.87489175796509,32.217108488082886,6.442583322525024,0.0,3.22163724899292,0.0,83.75729727745056,19.329724311828613,9.663282871246338,3.220567464828491,0.0,0.0,61.20758509635925,56.776181588453404,16.106383562088013,12.884465217590332,0.0,0.0,38.66288900375366,28.989977836608887,9.666451215744019,2.009139391955207,0.0,0.0,86.96654200553894,31.007912826538085,50.33912330234752,34.22495289409862,0.0,0.0
"114,156",2491.2803880512847,28.970749378204346,28.978509426116943,48.29633808135986,19.318525791168213,35.417768478393555,28.970749378204346,28.978509426116943,48.29633808135986,19.318525791168213,28.980518341064453,17663.932500978543,38055.50442692626,47997.69666651838,39009.78228395406,29417.230769355625,3243.684747224696,17787.711278232873,38066.60566316306,48030.9309538084,39075.20478800885,29527.015821780413,3234.4341047099992,17827.77211751377,38125.83481959082,48016.50237356541,39161.18147706705,29595.296459818823,3230.0076522219415,17827.80141462719,38184.84218827417,47916.354479259615,39079.11867460363,29466.083194126804,3184.9389800417657,17882.53152217304,38238.9089063897,48048.3112659791,39059.769143668345,29400.050565098776,3191.3724313352623,0.0,16.09740424156189,12.873345136642456,0.0,0.0,0.0,12.881589889526367,9.658701419830322,3.2180209159851074,3.2201972007751465,0.0,0.0,19.319988489151,9.660329103469849,12.877712965011597,3.219158887863159,3.219148635864258,0.0,9.661402702331543,6.438649654388428,3.218473434448242,0.0,0.0,0.0,12.881408452987671,3.219127655029297,9.661351919174194,3.218630313873291,0.0,0.0
"115,156",2488.993781187452,102.90640377998352,54.67203760147095,96.48380851745605,22.5156512260437,41.80239295959473,102.90640377998352,54.67203760147095,96.48380851745605,22.5156512260437,41.80239295959473,13005.377666087245,37961.502320071755,53110.00892766224,37592.94752776296,24274.81860715922,2321.0892982651203,13084.346257802552,38089.844805813766,53321.08695013383,37899.208546726375,24499.129224766,2278.0039995333727,13109.041897150115,38172.85996566847,53475.3972486683,38019.78913371423,24587.002870727985,2265.1389687678393,13134.775697084502,38191.73758573158,53517.00081493902,38194.4613092703,24654.510315993255,2268.358627619463,13170.551491830864,38348.22666019084,53835.71337549266,38446.385396800324,24750.26147639892,2252.2789626738604,6.431607723236084,25.725454568862915,57.887742042541504,9.646547794342041,3.2150516510009766,0.0,3.2160325050354004,16.080629110336304,22.514396905899048,12.860979080200195,0.0,0.0,6.43250846862793,35.37546467781067,45.025264501571655,9.6505708694458,0.0,0.0,0.0,6.430232763290405,16.085418462753296,0.0,0.0,0.0,6.430865287780762,12.86108112335205,22.510446548461914,0.0,0.0,0.0
"116,156",2486.559052683375,0.0,0.0,9.642367124557495,3.213474750518799,0.0,0.0,0.0,9.642367124557495,3.213474750518799,0.0,25259.685852837094,22684.361087971112,28444.923461497998,27390.513254341426,40167.81674064094,11936.551009965411,25327.16594154788,22780.038811592032,28531.65534097073,27571.70968537237,40460.99756479918,12080.382083886278,25356.08990867091,22906.538564451068,28655.18900834719,27745.228413390178,41008.86235974256,12287.959017309488,25375.371195050782,23089.656358011096,28922.265308818627,28056.860392378825,41703.61179967488,12508.010937221376,25429.990885945863,23225.3104131549,29121.14623240489,28141.322830771463,42045.68136317777,12662.197996147004,0.0,0.0,0.0,0.0,0.0,0.0,0.0,0.0,0.0,0.0,0.0,0.0,3.213486433029175,3.21444034576416,3.21444034576416,0.0,0.0,0.0,3.213474750518799,0.0,0.0,0.0,0.0,0.0,0.0,0.0,0.0,0.0,0.0,0.0
"117,156",2483.9770272254386,0.0,0.0,3.2081596851348877,3.2080202102661133,0.0,0.0,0.0,3.2081596851348877,3.2080202102661133,0.0,18781.731854493944,52251.69215052549,55175.326750032575,27178.21682602471,20917.611699506346,8647.16861484939,18858.254244194777,52455.44845991227,55319.79627506126,27303.483876493865,21014.321830904715,8685.303037853802,18902.74966243482,52703.06231134452,55580.011854540135,27392.945226771222,21099.367607437394,8711.397665493161,19078.519871455548,52950.94098973928,55804.65728319767,27529.75517103345,21285.165294352697,8769.193321935803,19253.80465438132,53167.257313433816,56026.11422319693,27603.982523339404,21491.010348987573,8862.310135357053,0.0,0.0,0.0,0.0,0.0,0.0,0.0,0.0,0.0,0.0,0.0,0.0,0.0,3.2081596851348877,0.0,0.0,0.0,0.0,0.0,0.0,0.0,3.2080202102661133,0.0,0.0,0.0,0.0,0.0,0.0,0.0,0.0
"118,156",2481.2485775557016,0.0,0.0,54.48317503929138,35.24959754943848,25.640657663345337,0.0,0.0,51.2782347202301,35.24959754943848,25.640657663345337,31475.845705371743,53660.83700703359,44209.78258924952,17036.549479752895,7196.711319549411,584.4591195976033,31894.299604264426,54281.28199892792,44564.94083882687,17111.008895693572,7228.779107911914,571.6417513286366,32604.409482922274,55451.60032036912,45231.47776059731,17293.770650683196,7326.948884676952,574.8472757732167,33294.86473773226,56285.95054755678,45810.519305517155,17386.345717561948,7352.203146237019,578.0541024600758,33897.27017556733,57177.090132371115,46117.48075835565,17361.92636175997,7310.131083982132,574.8478744422688,0.0,0.0,0.0,0.0,0.0,0.0,0.0,0.0,0.0,0.0,0.0,0.0,3.205693244934082,22.434204578399658,16.02331018447876,6.410392761230469,3.204633951187134,0.0,9.613166809082031,12.81796145439148,3.2046074867248535,9.613861799240112,0.0,0.0,0.0,9.616902828216553,6.409440755844116,6.409453868865967,3.204860210418701,0.0
"119,156",2478.3746238537638,0.0,3.2041656970977783,105.72637605667114,41.64936089515686,9.610324382781982,0.0,3.2041656970977783,105.72637605667114,41.64936089515686,9.610324382781982,30041.73630969758,56684.933783088934,41126.519142559475,16816.615562038794,9898.632851120068,2579.2358267625173,30542.43589728953,57716.97242011836,41463.794049674405,16808.20132439651,9975.05178303064,2579.2247529347737,30872.700196755162,58280.06431974242,41601.86659019883,16767.628265457526,9879.773829919217,2550.4015891869863,31273.50670661552,59126.54452976526,41732.78006672486,16700.374617891684,9767.67921875131,2503.458661935844,32031.650358240277,60051.13859631875,42008.223562713705,16675.95983873068,9732.46650074136,2516.2642287235635,0.0,0.0,0.0,0.0,0.0,0.0,3.2041656970977783,0.0,0.0,0.0,0.0,0.0,25.630295276641846,35.24299883842468,28.834044218063354,12.815222024917603,3.2038156986236572,0.0,16.01911950111389,22.426926374435425,0.0,3.203315019607544,0.0,0.0,0.0,6.406643629074097,3.2036807537078857,0.0,0.0,0.0
"120,156",2475.35613307809,0.0,0.0,0.0,0.0,0.0,0.0,0.0,0.0,0.0,0.0,22601.053850956523,45939.765528256285,39717.76880712696,23678.83637326933,24243.10974107069,5010.836794781218,22636.248970575893,46065.972430871516,39935.604155183304,23724.46521340726,24265.91419680446,5042.822228598127,22675.689909632998,46252.0205880109,39907.834498415745,23782.23923396878,24306.326787238027,5056.822809080049,22660.002590405707,46280.471420921065,39989.002752993154,23850.914927441474,24292.799613076568,5017.367663085228,22685.28974657339,46561.671191884954,40055.846586020794,23694.21358485877,24220.882067598086,4975.777442872291,0.0,0.0,0.0,0.0,0.0,0.0,0.0,0.0,0.0,0.0,0.0,0.0,0.0,0.0,0.0,0.0,0.0,0.0,0.0,0.0,0.0,0.0,0.0,0.0,0.0,0.0,0.0,0.0,0.0,0.0
"121,156",2472.194118280583,0.0,0.0,0.0,0.0,0.0,0.0,0.0,0.0,0.0,0.0,8152.144621097339,20738.636589906728,24783.777024507523,17553.471728458593,22096.64830639316,6779.915332703497,8171.3011591069835,20782.977499705667,24745.098021305308,17454.759613611186,22031.201701743932,6722.810827627369,8212.833275043264,20809.274738855922,24731.26311555189,17477.834014149277,21981.628031742806,6719.623140707203,8190.810878892973,20853.66872373936,24684.953890046887,17448.739791126816,21895.666223827066,6680.900089650061,8271.032560902015,21080.481133930356,24882.660074757598,17509.427014003082,22001.413731415134,6680.8907839345,0.0,0.0,0.0,0.0,0.0,0.0,0.0,0.0,0.0,0.0,0.0,0.0,0.0,0.0,0.0,0.0,0.0,0.0,0.0,0.0,0.0,0.0,0.0,0.0,0.0,0.0,0.0,0.0,0.0,0.0
"122,156",2468.8896378788722,0.0,0.0,0.0,0.0,0.0,0.0,0.0,0.0,0.0,0.0,1757.5496830940247,4890.278564285764,7183.836781929052,9251.462601685991,30920.92215616843,46947.11002513194,1795.8302476406097,4893.46445925189,7229.292072518666,9265.797689672545,30949.232070036494,47246.73480896576,1792.6398663520813,4883.883851599226,7149.522086842854,9139.243568337197,30689.971673560605,46899.13520170847,1853.2536833286285,4982.767558884153,7326.96762471012,9394.863737043679,31343.492362596477,48274.03951599645,1881.9700226783752,5043.373519968519,7486.795365532706,9504.901149689917,31955.93053517529,49308.85647731762,0.0,0.0,0.0,0.0,0.0,0.0,0.0,0.0,0.0,0.0,0.0,0.0,0.0,0.0,0.0,0.0,0.0,0.0,0.0,0.0,0.0,0.0,0.0,0.0,0.0,0.0,0.0,0.0,0.0,0.0
"123,156",2465.4437949081716,0.0,0.0,0.0,0.0,0.0,0.0,0.0,0.0,0.0,0.0,1535.3106068452198,3692.8977683086023,5059.408487300311,5948.355835748185,19418.397300424764,56176.99696392641,1527.5281361467696,3695.2835881167766,5116.350052389444,6040.7567229990855,19590.111577841817,56969.87625159658,1521.158598793254,3711.220367854249,5127.283849607729,6089.263352352029,19701.15134138687,57348.212612219424,1568.9383064634658,3809.978135054719,5366.560218538958,6352.250397013682,20491.049147237518,61024.37187840518,1575.3207310564376,3854.5810422355053,5447.611097430248,6415.959626482982,20745.918512929653,62442.7796771059,0.0,0.0,0.0,0.0,0.0,0.0,0.0,0.0,0.0,0.0,0.0,0.0,0.0,0.0,0.0,0.0,0.0,0.0,0.0,0.0,0.0,0.0,0.0,0.0,0.0,0.0,0.0,0.0,0.0,0.0
"124,156",2461.857736231554,0.0,0.0,0.0,0.0,0.0,0.0,0.0,0.0,0.0,0.0,11814.661030896503,13217.56227271884,14398.526404235876,14810.060537975909,42012.15908452762,61501.12147249708,11797.015224752238,13304.67348900309,14500.345985267675,14921.429356974246,42315.84072261698,61755.00435780357,11793.855419931224,13346.768136309644,14590.867140925166,15085.14144848188,42701.60277290625,61965.50521657888,11797.058464107327,13432.667908715268,14802.815848166334,15296.871956615823,43277.79991033125,63205.946098750246,11832.715148643418,13494.847992615607,14804.586594335706,15290.113481371076,43223.698294663904,63332.15859292255,0.0,0.0,0.0,0.0,0.0,0.0,0.0,0.0,0.0,0.0,0.0,0.0,0.0,0.0,0.0,0.0,0.0,0.0,0.0,0.0,0.0,0.0,0.0,0.0,0.0,0.0,0.0,0.0,0.0,0.0
"125,156",2458.1326517185967,0.0,0.0,0.0,0.0,0.0,0.0,0.0,0.0,0.0,0.0,8817.97698816318,13599.460027310426,15881.069719491285,17601.842660974988,51051.9250288795,107446.29882167462,8783.048842277713,13589.947980681587,15882.648400015925,17611.374040436276,51096.791821349834,107639.9411195568,8786.214341964907,13570.164962193545,15867.151137236988,17608.181092571744,51076.99544975243,107730.0058955819,8792.55372723598,13532.059101006564,15841.758344773685,17557.37685210658,50863.05689837138,106434.41514101964,8804.55080551727,13511.231439582038,15819.127629466151,17490.277923237107,50720.124800697966,105541.94501561091,0.0,0.0,0.0,0.0,0.0,0.0,0.0,0.0,0.0,0.0,0.0,0.0,0.0,0.0,0.0,0.0,0.0,0.0,0.0,0.0,0.0,0.0,0.0,0.0,0.0,0.0,0.0,0.0,0.0,0.0
"126,156",2454.2697734188596,0.0,0.0,0.0,0.0,0.0,0.0,0.0,0.0,0.0,0.0,7540.751837549957,11719.487053161507,14700.649692360563,16395.385674282148,48177.080917422914,96392.5346220269,7493.180161534103,11716.316376930123,14706.996537987394,16389.0569262944,48196.114373986864,96392.59306891105,7506.261242892695,11741.68407154644,14700.644626442594,16408.078634544447,48208.322983876395,96456.21652081996,7509.428627278758,11719.477656370049,14653.06789142291,16286.839153872283,47804.0182100511,94295.58367487683,7499.521875201019,11668.73587465847,14576.991168800992,16194.899351464064,47366.447656748336,92608.4520440457,0.0,0.0,0.0,0.0,0.0,0.0,0.0,0.0,0.0,0.0,0.0,0.0,0.0,0.0,0.0,0.0,0.0,0.0,0.0,0.0,0.0,0.0,0.0,0.0,0.0,0.0,0.0,0.0,0.0,0.0
"127,156",948.9853879100014,0.0,0.0,0.0,0.0,0.0,0.0,0.0,0.0,0.0,0.0,5850.484213820626,7681.830488204957,7894.589861178865,7848.836826255275,20764.604750721126,28666.475415008208,5853.6517970477835,7669.158804416657,7888.255688453188,7826.66356604333,20770.933560220867,28651.188959731306,5856.819062462975,7682.583426468046,7892.079299645331,7836.164243867351,20786.064509541382,28681.397616404174,5866.3237247382895,7682.582131616743,7911.08487220278,7840.039397108789,20808.23023882567,28505.748443023833,5850.086525757172,7644.570177547605,7866.33155262517,7833.702656138177,20643.509831339707,28106.32626827932,0.0,0.0,0.0,0.0,0.0,0.0,0.0,0.0,0.0,0.0,0.0,0.0,0.0,0.0,0.0,0.0,0.0,0.0,0.0,0.0,0.0,0.0,0.0,0.0,0.0,0.0,0.0,0.0,0.0,0.0
"91,157",250.52760818094092,0.0,0.0,0.0,0.0,0.0,0.0,0.0,0.0,0.0,0.0,260.88388301811966,247.5331320622388,178.03124414986254,90.53670525550842,116.40415239334106,19.40072512626648,216.19876214289198,247.5331320622388,178.03124414986254,90.53670525550842,116.40414071083069,19.40072512626648,324.6944045618469,283.1021561482373,178.03115140503527,97.00354766845703,125.60989215514239,19.40072512626648,329.67812099924276,283.10215567140017,171.56436764305712,93.77018451690674,125.60997941634234,16.167344570159912,361.92455913599804,312.2039668419782,194.19876944130542,97.00366973876953,138.54388501784382,16.167344570159912,0.0,0.0,0.0,0.0,0.0,0.0,0.0,0.0,0.0,0.0,0.0,0.0,0.0,0.0,0.0,0.0,0.0,0.0,0.0,0.0,0.0,0.0,0.0,0.0,0.0,0.0,0.0,0.0,0.0,0.0
"92,157",2375.933380506577,0.0,0.0,0.0,0.0,0.0,0.0,0.0,0.0,0.0,0.0,17966.1796737353,7809.381992179272,1934.1690196990967,873.2813918590546,679.2282042503357,122.90776062011719,18649.728966466115,7964.213948873445,2018.2610249519348,892.6853983402252,701.865556716919,116.43894720077515,20571.069870098898,8538.177801188302,2222.020825147629,963.8419811725616,776.254271030426,122.90823173522949,20703.29157735787,8583.457950886559,2322.287457704544,1012.3575570583344,750.3790481090546,129.37839031219482,21110.09963779543,8697.059921306723,2354.6329157352448,1025.2960522174835,789.1929371356964,129.3777334690094,0.0,0.0,0.0,0.0,0.0,0.0,0.0,0.0,0.0,0.0,0.0,0.0,0.0,0.0,0.0,0.0,0.0,0.0,0.0,0.0,0.0,0.0,0.0,0.0,0.0,0.0,0.0,0.0,0.0,0.0
"93,157",2504.33316555982,0.0,0.0,0.0,0.0,0.0,0.0,0.0,0.0,0.0,0.0,836.7058595442304,3.2360401153564453,0.0,0.0,0.0,0.0,862.5948966764936,3.2360401153564453,0.0,0.0,0.0,0.0,891.7189999842176,6.47223687171936,0.0,0.0,0.0,0.0,1192.6805454515943,19.416916847229004,0.0,0.0,0.0,0.0,1316.005844595853,32.361610889434814,0.0,0.0,0.0,0.0,0.0,0.0,0.0,0.0,0.0,0.0,0.0,0.0,0.0,0.0,0.0,0.0,0.0,0.0,0.0,0.0,0.0,0.0,0.0,0.0,0.0,0.0,0.0,0.0,0.0,0.0,0.0,0.0,0.0,0.0
"94,157",2505.2580241215055,0.0,0.0,0.0,0.0,0.0,0.0,0.0,0.0,0.0,0.0,1657.630838997224,25.89558243751526,0.0,0.0,0.0,0.0,1960.6728947676866,32.36998152732849,0.0,0.0,0.0,0.0,2002.4009899962182,38.844359159469604,0.0,0.0,0.0,0.0,2212.402398442287,42.081663608551025,0.0,0.0,0.0,0.0,2375.1221873545182,51.79095268249512,0.0,0.0,0.0,0.0,0.0,0.0,0.0,0.0,0.0,0.0,0.0,0.0,0.0,0.0,0.0,0.0,0.0,0.0,0.0,0.0,0.0,0.0,0.0,0.0,0.0,0.0,0.0,0.0,0.0,0.0,0.0,0.0,0.0,0.0
"95,157",2506.02922775246,0.0,0.0,0.0,0.0,0.0,0.0,0.0,0.0,0.0,0.0,3288.8459830695506,35.61777472496033,0.0,0.0,0.0,0.0,3966.266960398356,61.52171754837036,0.0,0.0,0.0,0.0,4163.052641472163,71.23560047149658,3.237924814224243,0.0,0.0,0.0,4605.57496698791,103.61550784111023,3.237924814224243,0.0,0.0,0.0,4775.967004977955,126.28017258644104,3.237924814224243,0.0,0.0,0.0,0.0,0.0,0.0,0.0,0.0,0.0,0.0,0.0,0.0,0.0,0.0,0.0,0.0,0.0,0.0,0.0,0.0,0.0,0.0,0.0,0.0,0.0,0.0,0.0,0.0,0.0,0.0,0.0,0.0,0.0
"96,157",2506.646510414383,0.0,0.0,0.0,0.0,0.0,0.0,0.0,0.0,0.0,0.0,13583.23853290689,278.1399865758185,0.0,0.0,0.0,0.0,14192.510338363461,300.8122015607123,0.0,0.0,0.0,0.0,14283.533618131341,304.0509906422858,0.0,0.0,0.0,0.0,14994.984314652052,284.61716491100833,0.0,0.0,0.0,0.0,15325.75809403027,281.3787437093024,0.0,0.0,0.0,0.0,0.0,0.0,0.0,0.0,0.0,0.0,0.0,0.0,0.0,0.0,0.0,0.0,0.0,0.0,0.0,0.0,0.0,0.0,0.0,0.0,0.0,0.0,0.0,0.0,0.0,0.0,0.0,0.0,0.0,0.0
"97,157",2507.109659044129,0.0,0.0,0.0,0.0,0.0,0.0,0.0,0.0,0.0,0.0,51033.76773588611,28684.162487924797,9027.10967279509,1912.4797510857675,917.0985141445608,140.02273872880374,52579.47438159176,28910.522065057005,9075.703025589737,1867.8511915300405,939.7752659965963,143.26215294389164,54061.33221936694,29095.493186729094,9171.439744892308,1893.7667753789938,950.9420055277208,140.02268293885624,55345.80996130026,29306.058259027144,9194.115652980992,1900.2457676027334,937.984146011577,140.02269962815677,55877.87996581769,29492.970871595302,9281.582468929479,1919.6826224420583,948.4268013701719,143.26190665749942,0.0,0.0,0.0,0.0,0.0,0.0,0.0,0.0,0.0,0.0,0.0,0.0,0.0,0.0,0.0,0.0,0.0,0.0,0.0,0.0,0.0,0.0,0.0,0.0,0.0,0.0,0.0,0.0,0.0,0.0
"98,157",2507.418513709273,0.0,0.0,0.0,0.0,0.0,0.0,0.0,0.0,0.0,0.0,86068.6330605058,60317.241009715035,20856.696014552024,5326.92083675347,3514.754900024451,1446.635526484134,86070.64946891092,60485.29763474839,20934.855267236748,5326.601809391321,3553.6311262112035,1446.6353195368074,86118.83592600822,60659.10698883394,21023.365571475497,5336.320299276651,3565.141221263362,1453.1142147241853,86173.90745420456,60584.5894263174,20909.973597741595,5229.407819317836,3484.1474483518036,1365.6390202699922,86268.26481701159,60670.60987458697,20968.287706920215,5197.010257290858,3476.9435146023247,1278.5706198243533,0.0,0.0,0.0,0.0,0.0,0.0,0.0,0.0,0.0,0.0,0.0,0.0,0.0,0.0,0.0,0.0,0.0,0.0,0.0,0.0,0.0,0.0,0.0,0.0,0.0,0.0,0.0,0.0,0.0,0.0
"99,157",2507.5729677230092,0.0,0.0,0.0,0.0,0.0,0.0,0.0,0.0,0.0,0.0,24323.65190608174,58862.2811199553,36153.01641786893,9074.185273269579,3480.634085238214,1545.925860674241,24610.38282435922,59520.07221796841,36650.2820305095,9160.762078724656,3513.0334108474212,1542.6859946559457,25181.100379898035,60592.65553350542,37165.350404288714,9297.159426241295,3551.9136219623047,1545.9259980033426,25216.332419466504,60747.35954890999,37177.521948361864,9271.238829391143,3552.637988627191,1477.8877353976754,25510.355214447132,61302.5987493216,37498.277564644355,9297.881768958709,3594.7574332358795,1478.2942976156871,0.0,0.0,0.0,0.0,0.0,0.0,0.0,0.0,0.0,0.0,0.0,0.0,0.0,0.0,0.0,0.0,0.0,0.0,0.0,0.0,0.0,0.0,0.0,0.0,0.0,0.0,0.0,0.0,0.0,0.0
"100,157",2507.5729677230033,0.0,0.0,0.0,0.0,0.0,0.0,0.0,0.0,0.0,0.0,47947.025577128166,94662.50074721694,21329.40893880994,4527.196106048659,1765.6582286750568,253.4441111087799,48800.11601926111,96349.73935685067,21802.10355966979,4652.831443401412,1830.458127299477,259.92410016059875,49477.17925453841,97717.00496809813,22148.62891884598,4765.507097574309,1865.6914811153038,243.72410559654236,50292.832556041074,99118.0463318825,22261.59558281431,4765.50695142372,1874.6872119922264,234.00411009788513,50979.29764925639,99992.25014041735,22240.92260848681,4729.142833562926,1858.4872076530082,243.72410249710083,0.0,0.0,0.0,0.0,0.0,0.0,0.0,0.0,0.0,0.0,0.0,0.0,0.0,0.0,0.0,0.0,0.0,0.0,0.0,0.0,0.0,0.0,0.0,0.0,0.0,0.0,0.0,0.0,0.0,0.0
"101,157",2507.4185137092522,0.0,0.0,0.0,3.239802837371826,0.0,0.0,0.0,0.0,3.239802837371826,0.0,78739.58970661911,92266.73740629214,8189.769125139947,1324.0390565844143,1173.9324624117683,258.76551099571526,79291.78821607196,93325.98862777598,8371.19627705836,1336.9975679369534,1180.4116026934455,262.0050429895812,80729.8556529232,95594.87657340741,8560.53960577086,1366.5605529448565,1199.8488640364478,268.48443694862664,81464.07549097491,96778.43700219323,8660.972638521944,1373.0396448275621,1180.4109196242164,285.08925914764404,81983.25916234277,97826.69337345478,8697.017745471469,1379.5185311934526,1177.1707646426032,281.849641084671,0.0,0.0,0.0,0.0,0.0,0.0,0.0,0.0,0.0,0.0,0.0,0.0,0.0,0.0,0.0,0.0,0.0,0.0,3.239802837371826,0.0,0.0,0.0,0.0,0.0,0.0,0.0,0.0,0.0,0.0,0.0
"102,157",2507.1096590441416,0.0,0.0,0.0,0.0,38.87397789955139,0.0,0.0,0.0,0.0,38.87397789955139,97827.4945390954,78466.24089759564,9020.922397241404,1600.9151953379314,1218.037453889847,220.28712344169617,98701.64988398741,78965.44450519411,9121.34516058903,1630.0689729372662,1227.7564620971682,213.80805802345276,99713.71941569555,79405.99309728472,9180.010399962404,1639.7875438849132,1211.5584762096407,213.8082981109619,100798.42786363623,80082.25766840449,9280.431483889559,1665.70323955218,1221.2772772312167,210.5688488483429,101801.47544673565,80428.86045923701,9378.015476614819,1675.4210041681927,1253.6724078655245,200.85010504722595,0.0,0.0,0.0,0.0,0.0,0.0,0.0,0.0,0.0,0.0,0.0,0.0,0.0,0.0,0.0,0.0,0.0,0.0,0.0,0.0,0.0,0.0,0.0,0.0,25.91598629951477,12.957991600036621,0.0,0.0,0.0,0.0
"103,157",2506.646510414364,0.0,0.0,0.0,0.0,0.0,0.0,0.0,0.0,0.0,0.0,94944.05184430516,90865.7736213572,9200.642273740206,1314.8783445040385,524.7830076385947,29.150540828704834,95475.27496106483,91380.40279088955,9278.37597687665,1324.5947806517283,540.9775231052847,32.38951659202576,95111.53340727207,91044.30034398472,9307.171592987284,1327.8340706507365,550.6930034328909,35.62850618362427,95201.45231567926,91131.74961528122,9310.409966028437,1331.4783079652225,550.6926829983206,35.62850618362427,95425.69604985852,91380.33526006587,9365.066091471092,1350.911724093381,550.6927628685446,35.62850618362427,0.0,0.0,0.0,0.0,0.0,0.0,0.0,0.0,0.0,0.0,0.0,0.0,0.0,0.0,0.0,0.0,0.0,0.0,0.0,0.0,0.0,0.0,0.0,0.0,0.0,0.0,0.0,0.0,0.0,0.0
"104,157",2427.2268990831058,0.0,0.0,0.0,0.0,0.0,0.0,0.0,0.0,0.0,0.0,45898.47954435909,81045.98518067058,29341.502440737742,10886.837214828007,10945.09264815181,3943.81248363794,46005.33109708393,81198.17522698101,29441.868945161033,10983.976641536228,11000.135161522325,3943.8133343154304,46028.20919173184,81312.55909788093,29574.621772328544,11013.117054105274,11031.0658855485,3953.44948050742,46100.474305763426,81432.72119814086,29690.781905773576,11103.780463815205,11122.136611427983,3930.7831508851514,46178.54170759425,81695.95171350497,29891.536407354768,11213.868441224568,11105.948924269398,3946.971181843327,0.0,0.0,0.0,0.0,0.0,0.0,0.0,0.0,0.0,0.0,0.0,0.0,0.0,0.0,0.0,0.0,0.0,0.0,0.0,0.0,0.0,0.0,0.0,0.0,0.0,0.0,0.0,0.0,0.0,0.0
"105,157",2492.0497687643306,0.0,0.0,0.0,0.0,0.0,0.0,0.0,0.0,0.0,0.0,52577.49076773606,114649.1659269679,27294.17839869705,5034.476033310797,3081.3303381115784,1696.8990634076738,52694.02119280778,115017.77622550984,27409.897803705815,5060.37354908457,3129.887709727942,1703.3730245225572,52761.99489595376,115258.35099858491,27490.822063368443,5092.745704512503,3153.601319000768,1732.5086413018846,52794.35868002854,115378.10667366235,27517.12534869886,5102.4555541085265,3160.075393126058,1745.4573345773363,52774.53292665108,115248.63387016316,27458.44866855285,5086.676068509794,3143.889358446645,1716.321546136632,0.0,0.0,0.0,0.0,0.0,0.0,0.0,0.0,0.0,0.0,0.0,0.0,0.0,0.0,0.0,0.0,0.0,0.0,0.0,0.0,0.0,0.0,0.0,0.0,0.0,0.0,0.0,0.0,0.0,0.0
"106,157",2452.263371597002,0.0,0.0,0.0,0.0,0.0,0.0,0.0,0.0,0.0,0.0,78049.77370899332,109031.78194343156,17135.75230206415,1627.4859836279177,838.8325427448049,209.94843779545204,78117.73220866335,109258.29746567315,17187.234631932017,1627.4858935056948,832.3604982768788,216.42095552425758,78189.00405889774,109445.5569010931,17180.18011993333,1627.486839312198,832.3604982768788,216.42095552425758,78510.9517597236,109701.68934760189,17247.721258284062,1624.251124161365,835.5967944537892,213.1845723245658,78712.11410324527,109795.67446690823,17281.602659020708,1640.4283466516756,835.5973170673146,213.1845723245658,0.0,0.0,0.0,0.0,0.0,0.0,0.0,0.0,0.0,0.0,0.0,0.0,0.0,0.0,0.0,0.0,0.0,0.0,0.0,0.0,0.0,0.0,0.0,0.0,0.0,0.0,0.0,0.0,0.0,0.0
"107,157",2479.0862730185877,0.0,0.0,0.0,0.0,0.0,0.0,0.0,0.0,0.0,0.0,80506.384441832,107506.00806181104,17104.15879818879,1409.4358528604696,360.2829408290339,38.8068163394928,80742.35015084042,107643.11430948856,17081.513501138314,1402.9639059057424,360.2829408290339,38.8068163394928,80820.82923728904,107630.57861900143,17039.457982987984,1396.492873286266,344.10995217585094,38.8068163394928,81270.381894178,107927.66404324232,17162.606608697482,1396.4933360567281,344.1100189330531,38.8068163394928,81425.49151764756,108220.43057497437,17252.87822149688,1396.4901109686086,340.87588068270213,38.8068163394928,0.0,0.0,0.0,0.0,0.0,0.0,0.0,0.0,0.0,0.0,0.0,0.0,0.0,0.0,0.0,0.0,0.0,0.0,0.0,0.0,0.0,0.0,0.0,0.0,0.0,0.0,0.0,0.0,0.0,0.0
"108,157",2502.0238114778917,0.0,0.0,0.0,0.0,0.0,0.0,0.0,0.0,0.0,0.0,47386.938127155874,94095.0735666032,36592.55947138188,7012.883004890704,5973.420978409636,5600.160589243384,47489.98947832258,94125.78484419842,36493.08097363827,7009.649851785922,5954.749785816903,5509.645133758993,47374.01328125469,94111.15443569071,36357.72874547453,6909.845354853424,5883.631868756051,5381.791133588903,47464.45180867234,94397.75901258693,36418.74010060721,6903.379767952713,5841.610006726021,5278.347199863546,47609.86331263057,94654.20564798656,36527.93587916224,6858.130628405365,5793.437726702409,5194.294816679113,0.0,0.0,0.0,0.0,0.0,0.0,0.0,0.0,0.0,0.0,0.0,0.0,0.0,0.0,0.0,0.0,0.0,0.0,0.0,0.0,0.0,0.0,0.0,0.0,0.0,0.0,0.0,0.0,0.0,0.0
"109,157",2500.6401109815306,0.0,0.0,0.0,12.922683000564575,9.286905895494947,0.0,0.0,0.0,12.922683000564575,9.286905895494947,37645.312605107996,94039.20197802898,38735.41487821877,6163.4033640880225,4334.363446500255,2109.292062290977,37720.43012069346,94392.41944730889,38906.94574827399,6133.285305562675,4278.297358426861,2080.2042419994577,37829.867731904975,94863.41888178002,39142.78166683234,6146.199509921729,4245.984532031825,2052.9007590686574,37919.216447187864,95193.30360371363,39145.98577919379,6088.455172616362,4104.691994810104,2001.2025481139913,38109.77018632795,95397.66908038926,39102.307735927425,6039.996110278486,4042.5810960236718,1942.6407336767984,0.0,0.0,0.0,0.0,0.0,0.0,0.0,0.0,0.0,0.0,0.0,0.0,0.0,0.0,0.0,0.0,0.0,0.0,0.0,12.922683000564575,0.0,0.0,0.0,0.0,2.824921261095533,6.461984634399414,0.0,0.0,0.0,0.0
"110,157",2499.104345025291,16.14508032798767,6.458218812942505,6.4560277462005615,6.457619667053223,77.49329686164856,16.14508032798767,6.458218812942505,6.4560277462005615,6.457619667053223,77.49329686164856,35072.19970917701,91654.87772932241,51605.85714247554,11726.828422767041,4399.0536783012685,820.9981927871704,35172.94423366995,92074.60536101098,51943.46783428006,11865.641264593834,4431.342722919875,830.6855957508087,35124.480204834654,92172.51754159835,52091.864255743414,11878.565954601998,4437.802751091414,814.5385193824768,35117.59889336473,92218.36664541096,52064.14546032981,11833.356839812035,4420.961281342599,817.7664272785187,35191.06892322278,92402.5029703019,52045.826986057626,11849.23887303857,4360.665676678863,814.5371904373169,12.916489601135254,3.228590726852417,0.0,0.0,0.0,0.0,0.0,6.458218812942505,0.0,0.0,0.0,0.0,6.4560277462005615,0.0,0.0,0.0,0.0,0.0,0.0,6.457619667053223,0.0,0.0,0.0,0.0,35.51739478111267,35.51734137535095,6.4585607051849365,0.0,0.0,0.0
"111,157",2497.417040863681,3.2264814376831055,29.03904676437378,6.453195095062256,3.226787805557251,38.71730303764343,3.2264814376831055,29.03904676437378,6.453195095062256,3.226787805557251,38.71730303764343,44364.269503162424,81532.96128328734,39235.20392128065,9490.536298103894,3826.790555891336,241.65388733732934,44633.55944614972,82307.45321997008,39616.03895705166,9510.269817162494,3833.2441043227327,244.88153368818993,45067.09599593294,82770.68773794457,39615.382123070136,9487.6280769077,3826.7912122576845,241.65418369162316,45528.52602818621,83448.38612994867,39742.71465881198,9503.349702532152,3853.6861032813204,244.4760020835727,45624.318900354236,84006.64592921687,39914.78175648615,9520.265696418988,3852.6071767180574,244.4760020835727,3.2264814376831055,0.0,0.0,0.0,0.0,0.0,6.453070878982544,9.679626941680908,12.906348943710327,0.0,0.0,0.0,0.0,0.0,6.453195095062256,0.0,0.0,0.0,0.0,3.226787805557251,0.0,0.0,0.0,0.0,12.9062340259552,22.58428120613098,3.226787805557251,0.0,0.0,0.0
"112,157",2495.578776996997,0.0,2.818890207889033,31.834502140680947,35.47253227233887,64.49989295005798,0.0,2.818890207889033,31.834502140680947,35.47253227233887,64.49989295005798,58700.99914526004,60760.62006837901,26692.797535557846,10095.75995157092,7434.309557388344,1721.205699262432,59208.69821594369,61600.327472937344,26870.85723299326,10070.277438228268,7408.122081609801,1730.5247399750879,59993.27608224456,62035.61341024661,26909.562825677913,10024.803525503006,7318.207596456304,1697.8817070484163,60458.024650584026,62222.30669171389,26986.550045222866,10038.110151652727,7324.658938562169,1703.52034833665,60991.22450451945,62635.05986130845,27198.00860637403,10106.5208729211,7383.45098121587,1738.9841285013686,0.0,0.0,0.0,0.0,0.0,0.0,2.818890207889033,0.0,0.0,0.0,0.0,0.0,18.939438740412392,12.895063400268555,0.0,0.0,0.0,0.0,22.5741868019104,12.898345470428467,0.0,0.0,0.0,0.0,54.824445724487305,9.675447225570679,0.0,0.0,0.0,0.0
"113,157",2493.4564268778395,0.0,19.332648038864136,6.4456353187561035,9.667492866516113,16.11320972442627,0.0,19.332648038864136,6.4456353187561035,9.667492866516113,16.11320972442627,48394.49843472499,41133.07685786322,27897.988736922132,18077.633791008182,16731.65155271923,2499.014726089964,48628.04266146585,41267.174884312764,28047.036463336386,18125.95927274087,16746.0156262697,2505.811045637318,48760.24754625956,41338.036967270986,28183.160047261852,18087.28404533723,16782.830895746454,2502.580914488026,48978.12522414525,41498.77944343324,28205.558431664635,18085.78234243954,16773.573271055782,2502.5826547052347,49062.391731506235,41643.703720883765,28482.91083529791,18283.35040204291,17075.636912128975,2518.699712982365,0.0,0.0,0.0,0.0,0.0,0.0,16.11074161529541,3.2219064235687256,0.0,0.0,0.0,0.0,3.2227799892425537,3.22285532951355,0.0,0.0,0.0,0.0,6.445672988891602,3.2218198776245117,0.0,0.0,0.0,0.0,6.444326400756836,0.0,9.668883323669434,0.0,0.0,0.0
"114,157",2491.442680666972,0.0,0.0,0.0,0.0,0.0,0.0,0.0,0.0,0.0,0.0,19757.62087406364,50623.55582319147,48284.5480284027,26371.151373506997,16878.838230729576,2212.696360833972,19786.5956882402,50649.32617531664,48321.39153336169,26350.06144019202,16821.62782620449,2231.607608064016,19817.72541040626,50765.83398525107,48154.02745483996,26341.82985076811,16726.157889923397,2238.0478000481926,19948.289292015743,50942.11738381105,48348.991888722245,26409.697291298475,16718.35624176568,2215.5204326947533,20079.56020482848,51351.55880245508,49017.933073530934,26817.90251020637,16975.106884066263,2205.8703739484154,0.0,0.0,0.0,0.0,0.0,0.0,0.0,0.0,0.0,0.0,0.0,0.0,0.0,0.0,0.0,0.0,0.0,0.0,0.0,0.0,0.0,0.0,0.0,0.0,0.0,0.0,0.0,0.0,0.0,0.0
"115,157",2489.1555749885983,0.0,0.0,0.0,0.0,0.0,0.0,0.0,0.0,0.0,0.0,37650.722213236484,55969.36529925663,43723.73177163087,26265.757983415268,26125.315905427,4933.193978194629,37811.562360493335,56123.34071011916,43828.85470323656,26270.756234138153,26161.41993964046,4933.18605316106,37959.85208920684,56226.84786790492,43936.12394000127,26294.639053704697,26119.601724747117,4936.407486800586,38087.14830224373,56423.12653900969,44029.336076283915,26461.577853924624,26185.673337556807,4929.960868482029,38178.192586911886,56498.457904463176,44256.876634236876,26577.36904454886,26288.585796215026,4942.822778348362,0.0,0.0,0.0,0.0,0.0,0.0,0.0,0.0,0.0,0.0,0.0,0.0,0.0,0.0,0.0,0.0,0.0,0.0,0.0,0.0,0.0,0.0,0.0,0.0,0.0,0.0,0.0,0.0,0.0,0.0
"116,157",2486.720330791429,0.0,0.0,0.0,0.0,0.0,0.0,0.0,0.0,0.0,0.0,26521.48769860922,31884.237588973137,32896.09916919072,29383.71056952851,51740.576358030354,17423.684664149376,26601.80835490881,31974.20172056684,32899.30071991284,29354.79611101525,51622.80869001969,17410.812832255455,26646.07438045483,32044.468112269573,33055.99386866046,29451.565961498378,51937.194555232105,17561.808420319652,26668.566076812556,32141.584734476313,33174.447102916005,29567.519026142945,52266.855697528044,17776.238234066495,26752.101713475993,32276.541842735514,33258.79675774855,29551.852943133374,52447.183653630455,17895.086867117418,0.0,0.0,0.0,0.0,0.0,0.0,0.0,0.0,0.0,0.0,0.0,0.0,0.0,0.0,0.0,0.0,0.0,0.0,0.0,0.0,0.0,0.0,0.0,0.0,0.0,0.0,0.0,0.0,0.0,0.0
"117,157",2484.137775721014,0.0,0.0,0.0,0.0,0.0,0.0,0.0,0.0,0.0,0.0,14731.327084258959,35549.367601950966,31978.557596149632,19747.628963812662,26667.77403112112,11328.082460390353,14832.867013301104,35780.76289284089,32062.386256657395,19804.592010132474,26594.74416930909,11302.80612039566,15092.754613961428,36102.02488506916,32197.547266071917,19933.362070358504,26758.453954277786,11347.346903541977,15280.91721714712,36363.25684719553,32328.716621361527,19892.028703647506,26735.980319108217,11376.248465994293,15368.90675134659,36648.55518014758,32418.121440235776,19839.85995976037,26431.404734876105,11238.20551798671,0.0,0.0,0.0,0.0,0.0,0.0,0.0,0.0,0.0,0.0,0.0,0.0,0.0,0.0,0.0,0.0,0.0,0.0,0.0,0.0,0.0,0.0,0.0,0.0,0.0,0.0,0.0,0.0,0.0,0.0
"118,157",2481.4087855994962,0.0,0.0,0.0,22.434768199920654,16.024799346923828,0.0,0.0,0.0,22.434768199920654,16.024799346923828,31420.31479788387,52328.339917024925,26191.870830860324,4911.7960313292115,1012.000363297556,32.06300067901611,31752.108794674215,52567.39170074276,26163.666201280146,4882.947699639377,1018.41011113653,32.06300067901611,32835.51105143603,54303.564707242745,26793.084657002433,4924.211884135826,1024.8194956255893,32.06300067901611,33652.986279398785,55399.63070520513,27209.850447320005,4932.462675569572,1012.3983405833152,32.06300067901611,34573.508767054125,56274.72012063009,27396.99635169459,4897.191215751685,1012.8007329716403,32.06300067901611,0.0,0.0,0.0,0.0,0.0,0.0,0.0,0.0,0.0,0.0,0.0,0.0,0.0,0.0,0.0,0.0,0.0,0.0,6.408545017242432,16.026223182678223,0.0,0.0,0.0,0.0,0.0,12.819554805755615,3.205244541168213,0.0,0.0,0.0
"119,157",2478.534283794426,3.2033283710479736,0.0,0.0,9.612159729003906,0.0,3.2033283710479736,0.0,0.0,9.612159729003906,0.0,33892.33547584496,56521.415954816104,26161.285395367006,6782.098562552882,2967.202223297194,643.2927992895538,33753.51905634076,56539.383570236314,26044.167501214903,6731.916639948826,2938.783069895763,636.883880670398,34147.88678036764,57111.00225061903,26102.105324878878,6690.2895306596565,2916.3676953783224,640.0842488363678,34298.16422696861,57081.59897639143,25987.238452509337,6661.10878609863,2900.356123494167,643.2847576692993,35216.73249634574,57622.08601722717,26198.158388758642,6715.5437741204805,2925.9613049497793,656.0945976332123,0.0,0.0,3.2033283710479736,0.0,0.0,0.0,0.0,0.0,0.0,0.0,0.0,0.0,0.0,0.0,0.0,0.0,0.0,0.0,0.0,3.2040443420410156,6.408115386962891,0.0,0.0,0.0,0.0,0.0,0.0,0.0,0.0,0.0
"120,157",2475.5152405562876,0.0,0.0,0.0,0.0,0.0,0.0,0.0,0.0,0.0,0.0,26413.14081470078,55389.451482241755,45768.075741547225,23375.274249818278,14832.24167569198,1886.8043976204067,26372.60814603076,55384.81984482185,45662.92535685745,23332.608705864703,14799.451457058216,1883.6106548683315,26470.722908893284,55383.783867537735,45736.35483180308,23259.048256264483,14866.167715325075,1877.2073498146206,26507.026938748826,55240.29361651552,45201.649677828245,22905.884912896625,14709.060761378794,1842.0307479278713,26540.06423238212,55444.518251727604,44901.86171415834,22684.572402874626,14492.023641803218,1848.7789469588035,0.0,0.0,0.0,0.0,0.0,0.0,0.0,0.0,0.0,0.0,0.0,0.0,0.0,0.0,0.0,0.0,0.0,0.0,0.0,0.0,0.0,0.0,0.0,0.0,0.0,0.0,0.0,0.0,0.0,0.0
"121,157",2472.352672313062,0.0,0.0,0.0,0.0,0.0,0.0,0.0,0.0,0.0,0.0,7068.420806846431,17772.141526254953,21350.430252914804,16226.372812248677,21519.49361051111,6896.556758839476,7030.11065288525,17866.27821487352,21363.206172113794,16268.954934034158,21545.769429566815,6881.6044401963545,7050.048608002942,17949.308780528052,21404.745781307596,16278.537959754232,21646.14668115354,6827.332734170614,7037.602631604437,17894.942688349183,21277.502327280417,16180.190403583003,21745.501370444017,6914.633595824709,7024.426519925922,17883.937345137318,21264.701279955283,16212.455105729196,21713.493949427324,6990.554272491791,0.0,0.0,0.0,0.0,0.0,0.0,0.0,0.0,0.0,0.0,0.0,0.0,0.0,0.0,0.0,0.0,0.0,0.0,0.0,0.0,0.0,0.0,0.0,0.0,0.0,0.0,0.0,0.0,0.0,0.0
"122,157",2469.047640941428,0.0,0.0,0.0,0.0,0.0,0.0,0.0,0.0,0.0,0.0,3134.23221674059,6867.015943367341,9830.072565925822,12243.530779515993,31055.34206175898,27472.84503767537,3022.5471483716783,6833.37594484535,9603.881371714087,12122.8616000297,30591.417752495938,27188.7208921741,2869.056502728369,6590.553534239413,9280.579974867316,11753.175604557524,29554.831897902957,26229.366223329653,2939.2387463139557,6743.693478077533,9548.579209543677,12033.52162356657,30290.537185989644,26926.669983128944,2980.702487139609,6858.510931938769,9679.355923868628,12228.025504638634,30973.98144165114,27538.04557035951,0.0,0.0,0.0,0.0,0.0,0.0,0.0,0.0,0.0,0.0,0.0,0.0,0.0,0.0,0.0,0.0,0.0,0.0,0.0,0.0,0.0,0.0,0.0,0.0,0.0,0.0,0.0,0.0,0.0,0.0
"123,157",2465.601252996744,0.0,0.0,0.0,0.0,0.0,0.0,0.0,0.0,0.0,0.0,4141.911546525768,7734.294352156507,10360.973187653222,12455.517749146855,38629.58181392258,56187.097250957115,4164.605557411793,7773.168154058269,10435.058094982072,12562.105209379572,39164.43202453501,57313.09287720755,4145.492979973438,7776.358564433864,10400.664347376543,12600.728817173078,39194.25347729851,57326.24911192538,4221.935321301105,7903.770181951335,10635.951186071658,12880.626435400458,40110.705697858095,59927.0125605125,4231.502578943851,7922.8751371477165,10709.229028354906,12963.450853229971,40381.50638932995,60658.46227800051,0.0,0.0,0.0,0.0,0.0,0.0,0.0,0.0,0.0,0.0,0.0,0.0,0.0,0.0,0.0,0.0,0.0,0.0,0.0,0.0,0.0,0.0,0.0,0.0,0.0,0.0,0.0,0.0,0.0,0.0
"124,157",2462.014658919969,0.0,0.0,0.0,0.0,0.0,0.0,0.0,0.0,0.0,0.0,4910.725925939224,6757.90399541855,8263.025213539833,8899.268256270652,27627.256089532137,67388.15667908987,4932.9897017647245,6803.141422975766,8348.119901153152,9048.77415450788,27876.69742196681,68140.63900867818,4942.518553512237,6815.865649212109,8367.184152576034,9071.036454999214,27902.106177746078,68614.35097240654,5162.583813530791,7118.052665407518,8726.921473588194,9510.661865348442,29383.290173112644,74801.27779244255,5232.543027502883,7191.1946350883045,8854.144452418532,9606.480480487675,30021.18655349881,76747.6777204766,0.0,0.0,0.0,0.0,0.0,0.0,0.0,0.0,0.0,0.0,0.0,0.0,0.0,0.0,0.0,0.0,0.0,0.0,0.0,0.0,0.0,0.0,0.0,0.0,0.0,0.0,0.0,0.0,0.0,0.0
"125,157",2458.289052198583,0.0,0.0,0.0,0.0,0.0,0.0,0.0,0.0,0.0,0.0,17148.25046115015,18413.479292096345,20962.97314711739,22010.04384204079,60600.71702292948,70305.66678164426,17087.89941721056,18346.05705437754,20963.377373834683,22019.556355916753,60543.81756070735,70251.63458846037,17081.536714125614,18365.11273012255,20956.608202182546,21978.27512165238,60448.54623178126,70106.26917196442,17055.10885883219,18381.01519933401,21000.378190688527,22012.552886895577,60655.16525081279,70792.00400708143,17026.507848986457,18355.617499739514,20972.207457412456,21958.991813056615,60622.82831144707,70782.30956299072,0.0,0.0,0.0,0.0,0.0,0.0,0.0,0.0,0.0,0.0,0.0,0.0,0.0,0.0,0.0,0.0,0.0,0.0,0.0,0.0,0.0,0.0,0.0,0.0,0.0,0.0,0.0,0.0,0.0,0.0
"126,157",2437.391773006844,0.0,0.0,0.0,0.0,0.0,0.0,0.0,0.0,0.0,0.0,9952.066787236345,13159.631741794887,15770.738658681572,17428.201866896947,53297.1674944326,101250.73389652943,9933.038158410203,13159.628208669963,15786.60836674279,17459.208292232775,53325.31076166864,101472.08276478914,9938.993622328253,13175.478166851344,15806.68181671629,17466.921468870314,53445.399247803405,101590.32160358707,9917.510744880228,13163.196873660181,15787.651044268703,17479.211279410007,53381.17310436566,101274.70074749834,9911.580181636997,13131.47990917692,15771.78775348196,17429.154838462902,53254.273181279495,100510.37167087724,0.0,0.0,0.0,0.0,0.0,0.0,0.0,0.0,0.0,0.0,0.0,0.0,0.0,0.0,0.0,0.0,0.0,0.0,0.0,0.0,0.0,0.0,0.0,0.0,0.0,0.0,0.0,0.0,0.0,0.0
"127,157",778.6523188412391,0.0,0.0,0.0,0.0,0.0,0.0,0.0,0.0,0.0,0.0,1535.894755716885,2631.5122520082136,3210.905826722874,3690.9889083974504,12423.266497367971,38484.904322622344,1526.3954125600703,2622.0120941751143,3220.405508910908,3699.5116947894003,12432.77030324375,38561.98900796292,1532.7270811754115,2641.015494739308,3223.5732246987955,3689.3900360397265,12448.319325342365,38595.69301996232,1525.6867531047146,2634.68139592339,3207.735905324711,3676.7257742217944,12413.478123216068,38272.688752823255,1532.4179732631235,2637.8485323541304,3204.9660487090837,3663.3697720078862,12385.007745894263,38156.9590360492,0.0,0.0,0.0,0.0,0.0,0.0,0.0,0.0,0.0,0.0,0.0,0.0,0.0,0.0,0.0,0.0,0.0,0.0,0.0,0.0,0.0,0.0,0.0,0.0,0.0,0.0,0.0,0.0,0.0,0.0
"92,158",2008.1922921092785,0.0,0.0,0.0,0.0,0.0,0.0,0.0,0.0,0.0,0.0,5709.424574210598,1053.5573989858815,181.118980884552,64.68751335144043,84.04148566676122,19.406543731689453,5848.151435061997,1079.4303194990343,174.65061497688293,71.15702247619629,90.51131331873876,19.406543731689453,5708.466716745788,1082.6669749727434,190.82295155525208,71.15759563446045,90.51131331873876,19.406543731689453,5595.269806841308,1076.1225285829282,203.7595031261444,74.39300632476807,93.79769611358643,19.406543731689453,5571.694013113134,1072.8894815744138,203.76029086112976,71.15821957588196,100.26593828201294,16.172202110290527,0.0,0.0,0.0,0.0,0.0,0.0,0.0,0.0,0.0,0.0,0.0,0.0,0.0,0.0,0.0,0.0,0.0,0.0,0.0,0.0,0.0,0.0,0.0,0.0,0.0,0.0,0.0,0.0,0.0,0.0
"93,158",2504.4952929404612,0.0,0.0,0.0,0.0,0.0,0.0,0.0,0.0,0.0,0.0,643.945369720459,42.067567586898804,0.0,0.0,0.0,0.0,673.0732226371765,42.067567586898804,0.0,0.0,0.0,0.0,695.7267162799835,38.83171534538269,0.0,0.0,0.0,0.0,673.0799648761749,51.7752685546875,0.0,0.0,0.0,0.0,818.7066750526428,67.95598530769348,0.0,0.0,0.0,0.0,0.0,0.0,0.0,0.0,0.0,0.0,0.0,0.0,0.0,0.0,0.0,0.0,0.0,0.0,0.0,0.0,0.0,0.0,0.0,0.0,0.0,0.0,0.0,0.0,0.0,0.0,0.0,0.0,0.0,0.0
"94,158",2505.4203854068905,0.0,0.0,0.0,0.0,0.0,0.0,0.0,0.0,0.0,0.0,2283.3155972723866,64.74680233001709,0.0,0.0,0.0,0.0,2354.3260859423995,71.22173023223877,0.0,0.0,0.0,0.0,2431.6655689267554,80.57839890461342,0.0,0.0,0.0,0.0,2735.950485566083,87.05325027447121,0.0,0.0,0.0,0.0,3489.3583449868593,155.03558274250406,0.0,0.0,0.0,0.0,0.0,0.0,0.0,0.0,0.0,0.0,0.0,0.0,0.0,0.0,0.0,0.0,0.0,0.0,0.0,0.0,0.0,0.0,0.0,0.0,0.0,0.0,0.0,0.0,0.0,0.0,0.0,0.0,0.0,0.0
"95,158",2506.1917858610495,0.0,0.0,0.0,0.0,0.0,0.0,0.0,0.0,0.0,0.0,2907.711588565041,55.04240441322327,0.0,0.0,0.0,0.0,3081.8243553816105,51.80524277687073,0.0,0.0,0.0,0.0,3133.852464809604,45.68510607738121,0.0,0.0,0.0,0.0,3825.5630823518713,61.87540153522117,0.0,0.0,0.0,0.0,3946.863748659807,78.06527380008323,0.0,0.0,0.0,0.0,0.0,0.0,0.0,0.0,0.0,0.0,0.0,0.0,0.0,0.0,0.0,0.0,0.0,0.0,0.0,0.0,0.0,0.0,0.0,0.0,0.0,0.0,0.0,0.0,0.0,0.0,0.0,0.0,0.0,0.0
"96,158",2506.8092272312106,0.0,0.0,0.0,0.0,0.0,0.0,0.0,0.0,0.0,0.0,6977.347275133693,71.25063681602478,0.0,0.0,0.0,0.0,7638.373520317264,71.25117945671082,0.0,0.0,0.0,0.0,8018.037146604761,68.01184606552124,0.0,0.0,0.0,0.0,9970.12415662653,90.68226861953735,0.0,0.0,0.0,0.0,10975.897180663838,124.5040626376283,0.0,0.0,0.0,0.0,0.0,0.0,0.0,0.0,0.0,0.0,0.0,0.0,0.0,0.0,0.0,0.0,0.0,0.0,0.0,0.0,0.0,0.0,0.0,0.0,0.0,0.0,0.0,0.0,0.0,0.0,0.0,0.0,0.0,0.0
"97,158",2507.272495623356,0.0,0.0,0.0,0.0,0.0,0.0,0.0,0.0,0.0,0.0,57303.46562806297,7967.834071876488,1953.4134973759747,207.37099245856788,151.91716989068425,19.43745183944702,60533.17305678479,8105.748823705373,1982.5695871586895,217.08974746535807,161.63587673692143,19.43745183944702,62266.506664263965,8180.257075610814,2014.9652146573162,222.84474158567542,161.6359046318952,19.43745183944702,63558.17202949523,8187.459759701935,1991.5641323463592,222.12060996784885,164.87548430947697,19.43745183944702,65442.28693749764,8364.186508535871,2033.678674592224,229.3239342661465,160.91176156997682,19.43745183944702,0.0,0.0,0.0,0.0,0.0,0.0,0.0,0.0,0.0,0.0,0.0,0.0,0.0,0.0,0.0,0.0,0.0,0.0,0.0,0.0,0.0,0.0,0.0,0.0,0.0,0.0,0.0,0.0,0.0,0.0
"98,158",2507.5814304788023,0.0,0.0,0.0,0.0,0.0,0.0,0.0,0.0,0.0,0.0,40031.76697735506,82313.85276049725,25613.954388065897,4870.172075789583,3040.1035885324663,1140.8276264302872,40367.271622873755,82577.2496666955,25789.71332304711,4906.620937492334,3095.179938982982,1160.266318284764,40587.98783019945,83251.52341877992,26086.96097032603,4902.886692741806,3114.618111323375,1182.945547067418,40657.24348296091,83266.59384007359,26003.450959163558,4803.569753199933,3020.2582419526343,1121.3882133596085,40771.44891745623,83548.85798521976,25980.365083951583,4763.966690828286,2991.8243180265613,1118.1487896077774,0.0,0.0,0.0,0.0,0.0,0.0,0.0,0.0,0.0,0.0,0.0,0.0,0.0,0.0,0.0,0.0,0.0,0.0,0.0,0.0,0.0,0.0,0.0,0.0,0.0,0.0,0.0,0.0,0.0,0.0
"99,158",2507.73592469271,0.0,0.0,0.0,0.0,0.0,0.0,0.0,0.0,0.0,0.0,30811.80438600428,67412.71724676152,30637.43853054047,7669.042191409129,2732.931913863911,366.11158514022827,31710.90246057043,69698.28388332573,31747.13770442944,7952.14002791199,2817.171462308659,362.8717746734619,32767.132409552032,72649.90796678489,33040.610852924045,8328.38427504371,3024.5305805318494,366.11172699928284,33049.41733418072,73442.98865563917,33393.8567819988,8368.483873420602,3043.246317159428,356.39180541038513,33626.47642482122,74889.26427594633,34017.22920429099,8553.887461954004,3075.646257411732,353.1518874168396,0.0,0.0,0.0,0.0,0.0,0.0,0.0,0.0,0.0,0.0,0.0,0.0,0.0,0.0,0.0,0.0,0.0,0.0,0.0,0.0,0.0,0.0,0.0,0.0,0.0,0.0,0.0,0.0,0.0,0.0
"100,158",2507.7359246926917,0.0,0.0,0.0,0.0,0.0,0.0,0.0,0.0,0.0,0.0,45013.55745433546,80241.60005321878,28016.85634985157,6572.269628343396,2946.7175927414614,735.3883905074176,45568.79962401764,81149.76769864793,28399.172002622192,6721.308178958707,3024.4768133415896,748.3480777403888,46265.04018978419,82195.17277013368,28929.156020165425,6931.906460103803,3131.3961456074435,764.5479397437152,46886.07473837815,83236.27311017468,29269.44290179552,7067.565928490957,3141.8400266422946,754.8280555865344,47200.41629437091,83921.57494165197,29494.945441731285,7147.841613801321,3138.5998680844027,741.8683440348682,0.0,0.0,0.0,0.0,0.0,0.0,0.0,0.0,0.0,0.0,0.0,0.0,0.0,0.0,0.0,0.0,0.0,0.0,0.0,0.0,0.0,0.0,0.0,0.0,0.0,0.0,0.0,0.0,0.0,0.0
"101,158",2507.581430478849,0.0,0.0,0.0,0.0,0.0,0.0,0.0,0.0,0.0,0.0,49716.82051274637,94173.666185365,21863.79317980935,4359.14428840525,2731.345566716848,1046.4012482876872,50450.07741629657,95599.22028810559,22246.089851199882,4517.4746100509865,2886.8562631279815,1085.2788794751261,51097.346015528135,96413.47142774078,22430.819757577483,4588.750644882987,2954.892767873465,1107.9566810841654,51583.50654955098,96996.26141124801,22730.31504666291,4676.226024111579,3039.1290933758605,1125.7698662645678,52520.32237420083,97757.96142012092,22882.544576702865,4660.027450045417,3015.23104911505,1122.5298359758713,0.0,0.0,0.0,0.0,0.0,0.0,0.0,0.0,0.0,0.0,0.0,0.0,0.0,0.0,0.0,0.0,0.0,0.0,0.0,0.0,0.0,0.0,0.0,0.0,0.0,0.0,0.0,0.0,0.0,0.0
"102,158",2496.453174030425,68.02608871459961,19.436965942382812,3.239227771759033,3.239490509033203,100.42359685897827,68.02608871459961,19.436965942382812,3.239227771759033,3.239490509033203,100.42359685897827,127413.48982044573,59663.92942823895,11242.317869706247,1631.9369716242247,593.7687970264285,76.52928245488334,127701.99504063175,60117.447734017456,11274.7111235095,1644.8948678568297,590.5294564826816,73.28973806325126,128230.54614869566,60421.95346989163,11406.448163711324,1683.7690677240782,597.0085261924594,73.28973806325126,128515.1900812738,60551.530374665344,11422.645522081151,1683.7691495016509,593.7690557105868,76.5292931837194,128470.48950088443,60594.086727962305,11402.799309688455,1667.5716206625395,577.5712216956942,73.28984249058891,42.10994911193848,25.916139602661133,0.0,0.0,0.0,0.0,12.957967042922974,6.478998899459839,0.0,0.0,0.0,0.0,0.0,3.239227771759033,0.0,0.0,0.0,0.0,0.0,3.239490509033203,0.0,0.0,0.0,0.0,25.9160475730896,74.50754928588867,0.0,0.0,0.0,0.0
"103,158",2449.5356017957233,3.2390077114105225,3.238943099975586,0.0,0.0,3.2390098571777344,3.2390077114105225,3.238943099975586,0.0,0.0,3.2390098571777344,90596.62839052815,88349.32728548425,18602.33108451413,3345.751657484092,1605.6316178190941,102.73528352999219,90639.08688928379,88436.6636799373,18615.285418296327,3355.467967269935,1602.3925733912224,102.73528352999219,89722.9387814503,87345.78069704188,18371.148765477945,3316.6046743374245,1599.1290875416175,99.49649039530286,89682.56433030107,87115.37370924762,18309.61299744587,3303.2425815694473,1580.5464234165115,102.73511568331251,89815.35136791208,87291.45935163592,18303.539765851638,3267.6142236821793,1554.63573048629,102.73483601831923,0.0,0.0,3.2390077114105225,0.0,0.0,0.0,0.0,3.238943099975586,0.0,0.0,0.0,0.0,0.0,0.0,0.0,0.0,0.0,0.0,0.0,0.0,0.0,0.0,0.0,0.0,0.0,0.0,3.2390098571777344,0.0,0.0,0.0
"104,158",2483.3429486398354,0.0,0.0,0.0,0.0,0.0,0.0,0.0,0.0,0.0,0.0,76938.63583415911,89165.59331495057,17176.999088104098,3167.584507099787,1685.2387389809478,352.76191573516996,77252.96306028367,89583.27448517572,17270.89557057175,3196.724089972178,1694.9521474511016,355.99939875976713,76645.44166780548,88703.59414940065,17225.561119134753,3212.912802569071,1685.2377965123046,353.980308303646,76366.97114730912,88196.6530977034,17154.32648926529,3187.010299078623,1662.571967092215,357.2182769868888,76423.39938403766,88247.10574033961,17191.025881425074,3196.724590651194,1659.3351144463409,357.21817232113256,0.0,0.0,0.0,0.0,0.0,0.0,0.0,0.0,0.0,0.0,0.0,0.0,0.0,0.0,0.0,0.0,0.0,0.0,0.0,0.0,0.0,0.0,0.0,0.0,0.0,0.0,0.0,0.0,0.0,0.0
"105,158",2505.4203854068824,0.0,0.0,0.0,0.0,0.0,0.0,0.0,0.0,0.0,0.0,51780.547841590065,103269.20840069173,27494.983587336075,6163.951017434924,3975.8794754841747,2641.57527738085,52000.513244625174,103730.88891411577,27641.06412319483,6170.426484163135,3988.827632556242,2596.263422541525,52157.906348802535,103957.48293785394,27702.571736853733,6180.1365874365265,3970.6243148972003,2593.027716450598,52231.72596028927,104121.73409221687,27737.777502369416,6183.372597987979,3962.9314854201148,2596.2636697815915,52387.73300650448,104469.65259722636,27798.182453759513,6207.4672374650545,3924.8873446576736,2576.8437247799893,0.0,0.0,0.0,0.0,0.0,0.0,0.0,0.0,0.0,0.0,0.0,0.0,0.0,0.0,0.0,0.0,0.0,0.0,0.0,0.0,0.0,0.0,0.0,0.0,0.0,0.0,0.0,0.0,0.0,0.0
"106,158",2504.495292940404,0.0,0.0,0.0,0.0,0.0,0.0,0.0,0.0,0.0,0.0,57946.3340918167,106543.79841163206,22519.770778241807,5435.953824496738,6112.7110133769465,4719.0353930155425,58104.89766779975,106969.73436388596,22606.735270264566,5465.07734081792,6161.247041046853,4709.328869597116,58234.25692942563,107277.15982541666,22689.64971816119,5455.370182252399,6203.308120787377,4754.630086676279,58344.11207963439,107490.57420288723,22735.358315404254,5442.4251968626895,6134.637726333094,4761.103297249475,58440.149025445826,107603.99050760084,22732.526187569485,5421.566425810609,6082.868562962962,4754.634335772195,0.0,0.0,0.0,0.0,0.0,0.0,0.0,0.0,0.0,0.0,0.0,0.0,0.0,0.0,0.0,0.0,0.0,0.0,0.0,0.0,0.0,0.0,0.0,0.0,0.0,0.0,0.0,0.0,0.0,0.0
"107,158",2450.7902805213585,0.0,0.0,3.234203338623047,0.0,3.2341978549957275,0.0,0.0,3.234203338623047,0.0,3.2341978549957275,63018.520108665216,103362.03933669631,23981.445070504204,2856.562655326432,1973.1925695615655,1411.4384488049677,63087.724505673206,103401.64431383561,23996.39949303982,2859.797228452271,1986.1320608335382,1414.672835010641,63041.762479546494,103388.54846664409,23931.70365363476,2846.860908385819,1989.3659432607537,1404.9689766350916,63108.4580457463,103523.78221849367,23973.752593578072,2853.3304246631324,1999.7939044054815,1408.2040971699885,63110.430358386504,103504.51904068366,23983.454196090323,2824.2194358077704,1948.0382734354803,1408.2039038125208,0.0,0.0,0.0,0.0,0.0,0.0,0.0,0.0,0.0,0.0,0.0,0.0,0.0,3.234203338623047,0.0,0.0,0.0,0.0,0.0,0.0,0.0,0.0,0.0,0.0,0.0,3.2341978549957275,0.0,0.0,0.0,0.0
"108,158",2445.834791290109,3.233330488204956,12.931302070617676,32.32831645011902,3.23245906829834,6.465681552886963,3.233330488204956,12.931302070617676,32.32831645011902,3.23245906829834,6.465681552886963,93987.78690188167,79441.75724799398,18095.55385653178,2730.487070491267,1100.25335818646,51.7170684337616,94247.68947872087,79528.6270265439,18124.64324418704,2730.4879266523844,1113.182848037458,51.71749305725098,94167.59440774078,79601.4483466896,18087.386135388355,2727.672106811112,1093.7879439008002,51.71749305725098,94264.56956313452,79823.78592023569,18146.464774465563,2743.835707732743,1116.4151938569312,54.949694871902466,94040.89625358861,79925.6562826493,18183.247418829975,2727.6733883109746,1107.1236348797293,48.484752893447876,3.233330488204956,0.0,0.0,0.0,0.0,0.0,9.698467493057251,3.232834577560425,0.0,0.0,0.0,0.0,25.862616539001465,6.465699911117554,0.0,0.0,0.0,0.0,3.23245906829834,0.0,0.0,0.0,0.0,0.0,6.465681552886963,0.0,0.0,0.0,0.0,0.0
"109,158",2500.8013274439554,135.6700804233551,521.4369038189159,328.7182691714343,399.1056605675641,723.8876672258564,135.6700804233551,518.2068687523113,325.4879077097949,399.1056605675641,722.1016557459739,64242.91124562562,101825.60163896598,26952.758473370122,4814.263372750376,2119.6573919314965,134.49356086674857,64406.086135492136,102085.07047139709,27008.524325131435,4841.326485309414,2126.122519638024,134.49259121838736,64264.34661186628,101776.08939252273,26905.863019311193,4799.323988590054,2075.636733892852,128.02952750149893,64250.951837059096,101658.18150171483,26900.53607856152,4813.463485250286,2077.6507169265374,121.56792123738457,64385.32001337724,101713.14867219175,26951.035082047594,4826.393419513515,2103.50120678135,121.56792123738457,48.45351314544678,74.29575896263123,12.9208083152771,0.0,0.0,0.0,114.84389794854556,272.3655945777893,124.5366461501402,6.460730075836182,0.0,0.0,89.34196296299206,190.92347422487595,41.9923996925354,3.2300708293914795,0.0,0.0,111.61446417359744,197.044531583786,83.98628163337708,6.460383176803589,0.0,0.0,175.17794635062123,419.1621160310857,121.30138757088605,6.460205793380737,0.0,0.0
"110,158",2499.2651934929863,125.94529175758362,403.40808870184657,359.19353957082717,609.3803428341361,739.5510114520202,125.94529175758362,403.40808870184657,359.19353957082717,609.3803428341361,734.8900389250587,60329.62083443005,92165.05627382129,30276.056221753468,6932.874187974368,5078.879335961621,1819.181966234656,60450.276297284094,92254.03818073649,30398.36127589169,6991.406231015337,5150.7288030876825,1857.9304675354679,60585.505491492324,92230.66504556527,30438.90338629928,7046.300663083208,5163.647483517141,1899.7535045735979,60584.8023961544,92013.00782787007,30342.6911088102,7030.153183549059,5104.4657369080705,1886.8403533094072,60486.46350124584,91878.82325765198,30310.403644429935,7016.436420687507,5010.826740783803,1809.5091908146353,54.90492129325867,67.81168103218079,0.0,0.0,3.228689432144165,0.0,164.9301491765415,189.82668141944737,42.1936587043837,3.228848934173584,3.228750467300415,0.0,101.18462081235998,238.63036918266144,19.378549575805664,0.0,0.0,0.0,253.32991344227509,301.1438632488251,48.44714665412903,3.2296078205108643,3.229811668395996,0.0,280.6020870171341,404.4097054303861,46.6484059604944,0.0,3.2298405170440674,0.0
"111,158",2497.577492304101,12.910699844360352,9.68198823928833,67.77970957756042,183.96998524665833,413.1339280605316,12.910699844360352,9.68198823928833,67.77970957756042,183.96998524665833,409.9064826965332,41017.15362062922,69476.63243476831,39866.417588423756,17125.157913109837,14756.736980090423,5858.059205237558,41130.10584273806,69573.45450963413,39911.64430016724,17119.854407504965,14876.469797883314,5878.6368832588205,41377.963208430425,69901.77516877324,40199.194779457765,17239.246293262408,15037.084740095512,5993.354799021928,41519.91750048937,70089.73941440771,40290.029326881144,17254.163026572212,15104.858381756614,5940.934758222805,41572.71734566596,70149.6097846265,40390.917659522034,17303.423612799364,15099.274918084986,5876.688457352508,9.683070659637451,3.2276291847229004,0.0,0.0,0.0,0.0,0.0,6.455624580383301,3.2263636589050293,0.0,0.0,0.0,54.8695924282074,12.910117149353027,0.0,0.0,0.0,0.0,100.05597043037415,64.54921531677246,16.137595891952515,3.227203607559204,0.0,0.0,193.65472435951233,200.11512684822083,16.13663148880005,0.0,0.0,0.0
"112,158",2495.7388045239477,0.0,0.0,22.56707763671875,22.56738305091858,16.121634483337402,0.0,0.0,22.56707763671875,22.56738305091858,16.121634483337402,30571.395374839452,36775.06857941103,31934.396478788527,20317.14208304835,20261.18696089913,7225.585616537168,31398.095388711674,37146.24151239114,32184.23242281465,20502.962970484936,20639.652574799107,7306.206018396451,31800.599660798624,37392.47608091784,32434.15217994615,20657.73442219659,20861.624562867484,7387.588730590483,32203.24870170706,37702.0271805062,32797.53376531695,20845.961279662446,21108.138291051346,7438.760497162388,32473.274188758816,38045.82441812496,32989.36238020729,20972.05345483854,21293.06027617268,7503.246857473896,0.0,0.0,0.0,0.0,0.0,0.0,0.0,0.0,0.0,0.0,0.0,0.0,19.341588497161865,3.2254891395568848,0.0,0.0,0.0,0.0,12.896467447280884,9.670915603637695,0.0,0.0,0.0,0.0,16.121634483337402,0.0,0.0,0.0,0.0,0.0
"113,158",2493.6159930738754,3.222440004348755,0.0,3.2220873832702637,0.0,0.0,3.222440004348755,0.0,3.2220873832702637,0.0,0.0,26772.311193077243,53135.37717423533,51695.64905337726,28022.881365413297,20629.64084897602,1683.4093056893817,27025.692352981197,53412.91273821569,51872.36720448289,28096.725413726366,20730.255331606026,1686.6314531541339,27274.03090317951,53451.58813179708,52018.826555186635,28199.831513093508,20840.888197432316,1689.8517097211352,27637.877616772006,54024.569679756736,52514.19673091197,28473.41836616479,21031.366977156846,1696.2948583341113,27752.56500228901,54316.493613125305,52839.29815547233,28610.889346173233,21147.35210126802,1693.0733545995226,0.0,3.222440004348755,0.0,0.0,0.0,0.0,0.0,0.0,0.0,0.0,0.0,0.0,0.0,3.2220873832702637,0.0,0.0,0.0,0.0,0.0,0.0,0.0,0.0,0.0,0.0,0.0,0.0,0.0,0.0,0.0,0.0
"114,158",2491.601788241515,0.0,0.0,0.0,0.0,0.0,0.0,0.0,0.0,0.0,0.0,23408.57370191275,47885.12755476072,45779.104115388895,27342.406734175773,18931.576430986443,3386.8327353954314,23573.41714741108,48075.01032172277,45991.9013557967,27448.26493611242,18943.40273276591,3383.616714811325,23741.821120550117,48116.418554047035,46050.79265312587,27474.81142513518,18956.626481735002,3348.2178267002105,23969.38302074227,48294.976369700715,46159.52875654089,27450.186105581357,18826.098570312235,3306.380319213867,24113.111590081568,48635.93760249381,46375.280015720105,27613.252226043216,18932.311622346613,3309.596781826019,0.0,0.0,0.0,0.0,0.0,0.0,0.0,0.0,0.0,0.0,0.0,0.0,0.0,0.0,0.0,0.0,0.0,0.0,0.0,0.0,0.0,0.0,0.0,0.0,0.0,0.0,0.0,0.0,0.0,0.0
"115,158",2489.31419247356,0.0,0.0,3.2145862579345703,0.0,0.0,0.0,0.0,3.2145862579345703,0.0,0.0,27831.60475853658,44709.46780892353,39441.83555570211,30454.88716203185,32729.51905131434,6032.997557426901,27779.795800569947,44625.87835665684,39415.02237709926,30446.890838979274,32757.278996325476,6020.137502695532,27669.73954414667,44604.76017996283,39385.85231328385,30371.712511141162,32662.299419900486,5997.628894115896,27689.361675604654,44534.35350248393,39237.727823457535,30234.179468654187,32384.331424890777,5963.322523818297,27660.838822010453,44581.274283471765,39284.55568376243,30178.286380955757,32251.79749999701,5879.720370755476,0.0,0.0,0.0,0.0,0.0,0.0,0.0,0.0,0.0,0.0,0.0,0.0,0.0,0.0,0.0,3.2145862579345703,0.0,0.0,0.0,0.0,0.0,0.0,0.0,0.0,0.0,0.0,0.0,0.0,0.0,0.0
"116,158",2486.878441434279,0.0,0.0,3.2122652530670166,6.424826383590698,0.0,0.0,0.0,3.2122652530670166,6.424826383590698,0.0,17472.292673075433,34644.7942901228,38557.160727966526,28316.643747492395,37173.13451548183,11470.438995529623,17559.743966142807,34741.184790429885,38658.052065515505,28380.6895086597,37235.41661377234,11452.363403592388,17660.023886611416,34802.05359344576,38753.848376195565,28444.520731758603,37347.30507949942,11427.863595968132,17823.155677358776,34829.6236623549,38691.93127234402,28518.042075925714,37100.103906109754,11266.063535735186,17997.835466503628,34958.83004602919,38850.122404020905,28617.775150115813,36986.2441871054,11169.635798022326,0.0,0.0,0.0,0.0,0.0,0.0,0.0,0.0,0.0,0.0,0.0,0.0,0.0,0.0,3.2122652530670166,0.0,0.0,0.0,0.0,0.0,3.212419033050537,3.212407350540161,0.0,0.0,0.0,0.0,0.0,0.0,0.0,0.0
"117,158",2484.2953656424247,0.0,0.0,0.0,0.0,0.0,0.0,0.0,0.0,0.0,0.0,13638.749729397716,35978.52034083161,38763.13821121664,26439.369849408842,24030.88720979223,4986.448497744168,13699.391503634173,35994.0583613751,38743.436155504336,26381.08590650465,23946.14612569903,4972.892890506632,13823.827671194078,36209.86619745236,38921.54679636207,26411.15951736581,24109.42179610028,4983.232383938397,13764.522213665645,36197.38153004646,38833.98010416872,26273.928099328394,24050.82944776778,4931.148912006266,13800.22059007626,36211.96219337688,38886.561542977535,26290.85720441201,23938.4955373951,4897.997970653983,0.0,0.0,0.0,0.0,0.0,0.0,0.0,0.0,0.0,0.0,0.0,0.0,0.0,0.0,0.0,0.0,0.0,0.0,0.0,0.0,0.0,0.0,0.0,0.0,0.0,0.0,0.0,0.0,0.0,0.0
"118,158",2481.5658439181184,0.0,0.0,0.0,0.0,0.0,0.0,0.0,0.0,0.0,0.0,32171.819406388797,40496.880135086474,15825.278368671268,3997.5568504202593,2770.4331519388684,832.6177212406607,32641.924363922608,40720.07723741532,15881.45690322016,3991.8581688104887,2750.479772521,849.3678019832162,33647.37396579911,42400.19373993687,16596.8121008312,4053.1821615181716,2763.310747444863,861.4823903252096,34334.486494975,43279.626669273195,16859.006361654694,4117.289243169859,2763.3076770904013,875.0224309752969,35031.01652273851,43984.49428310675,16991.807479781728,4118.000175951976,2737.666781962151,853.6250393979689,0.0,0.0,0.0,0.0,0.0,0.0,0.0,0.0,0.0,0.0,0.0,0.0,0.0,0.0,0.0,0.0,0.0,0.0,0.0,0.0,0.0,0.0,0.0,0.0,0.0,0.0,0.0,0.0,0.0,0.0
"119,158",2478.6908027302106,0.0,0.0,0.0,0.0,0.0,0.0,0.0,0.0,0.0,0.0,36271.48886464063,49471.95896896756,27711.480798345452,11186.619921602922,8815.135150127786,2247.0813398192913,36391.981452299566,49496.98991515029,27466.143214249147,11069.911301071503,8690.241633587259,2206.65549938819,36667.90504897061,49492.7019370986,27396.881919258718,10999.481512005188,8651.816792183297,2198.2537453931923,36784.07783090367,49555.44387413474,27356.510545588477,10914.229243957296,8578.15745418586,2124.6050489706154,37629.19128637875,49935.093036143924,27418.94346920275,10875.79615613152,8444.709779905806,2054.138200120365,0.0,0.0,0.0,0.0,0.0,0.0,0.0,0.0,0.0,0.0,0.0,0.0,0.0,0.0,0.0,0.0,0.0,0.0,0.0,0.0,0.0,0.0,0.0,0.0,0.0,0.0,0.0,0.0,0.0,0.0
"120,158",2475.6712155287105,0.0,0.0,0.0,0.0,0.0,0.0,0.0,0.0,0.0,0.0,45826.97651246761,71344.82065514488,42225.66450320598,16189.644308179966,10579.115880221008,3339.9511156044755,45515.80177055152,70993.5576567042,42148.30023398119,16174.837895225075,10579.515557299406,3365.534905429915,45341.00621718985,70820.73367231966,42097.22524454733,16181.210473369149,10614.742300710488,3365.535471912459,45173.52565227769,70508.4690046647,41885.66435771922,16165.22015983918,10610.300296368316,3371.9296765290055,45165.149769927935,70621.75337841277,41828.39421184389,16162.024086783913,10631.261717521442,3365.528519149855,0.0,0.0,0.0,0.0,0.0,0.0,0.0,0.0,0.0,0.0,0.0,0.0,0.0,0.0,0.0,0.0,0.0,0.0,0.0,0.0,0.0,0.0,0.0,0.0,0.0,0.0,0.0,0.0,0.0,0.0
"121,158",2472.5081020292855,0.0,0.0,0.0,0.0,0.0,0.0,0.0,0.0,0.0,0.0,4793.563165242064,10627.603159354714,14716.251723590553,12003.548023409938,10764.15232225493,3413.3719772282775,4767.999030405867,10629.922225446326,14679.09497185969,11999.466992856007,10699.361997297698,3387.4426179006996,4751.5808141970165,10645.886699647528,14679.106285298105,12015.070240342384,10712.092218247582,3291.598828561634,4703.631858184291,10482.94695088349,14592.831282103296,11960.343687771816,10641.482364298316,3250.0851423815193,4700.828944498885,10482.928069324118,14622.287535754373,12030.248534283917,10683.361703058317,3211.7541844919624,0.0,0.0,0.0,0.0,0.0,0.0,0.0,0.0,0.0,0.0,0.0,0.0,0.0,0.0,0.0,0.0,0.0,0.0,0.0,0.0,0.0,0.0,0.0,0.0,0.0,0.0,0.0,0.0,0.0,0.0
"122,158",2469.20252746895,0.0,0.0,0.0,0.0,0.0,0.0,0.0,0.0,0.0,0.0,2062.759204864502,4150.96580283034,6378.398836150824,7800.079651877459,20431.705466062886,13189.555195650402,2018.107982635498,4142.060133848003,6330.533870473562,7687.00622751479,20224.04732466118,12951.608764491364,1998.9713735580444,4092.241359565772,6218.901896014868,7669.027974260554,20095.467053178712,12768.217623010338,2072.3344056606293,4210.26208743862,6418.766758138993,7869.929432285533,20704.004743482554,13191.588982818643,2085.073907852173,4403.608513984493,6648.062166787128,8233.462829511307,21634.16676530651,13975.707057676129,0.0,0.0,0.0,0.0,0.0,0.0,0.0,0.0,0.0,0.0,0.0,0.0,0.0,0.0,0.0,0.0,0.0,0.0,0.0,0.0,0.0,0.0,0.0,0.0,0.0,0.0,0.0,0.0,0.0,0.0
"123,158",2465.755601830439,0.0,0.0,0.0,0.0,0.0,0.0,0.0,0.0,0.0,0.0,3846.2772756754184,8120.536265833237,10596.28090673054,12389.20458926687,37411.656223826314,49746.526016722484,3886.8590173506263,8206.670412004694,10687.974450976242,12469.06329459957,37632.833026487686,50199.97073479727,3845.4307231688026,8175.994488300996,10588.77462869345,12449.514758856156,37501.75863750589,49763.35130004322,3864.5384294771675,8260.008637080473,10754.707100442814,12615.160398275711,37947.33073928403,50652.27152342142,3886.8405408644203,8307.792800793928,10837.537098220753,12744.619819357817,38539.10133869881,51309.51142077633,0.0,0.0,0.0,0.0,0.0,0.0,0.0,0.0,0.0,0.0,0.0,0.0,0.0,0.0,0.0,0.0,0.0,0.0,0.0,0.0,0.0,0.0,0.0,0.0,0.0,0.0,0.0,0.0,0.0,0.0
"124,158",2462.168479032983,0.0,0.0,0.0,0.0,0.0,0.0,0.0,0.0,0.0,0.0,5166.217449978286,8720.213983505846,11599.11943795167,12890.826643845614,40299.49858019866,72011.74675220883,5175.771545961791,8762.76727045938,11676.499194708058,13025.541890775456,40647.43982096466,72815.12182244132,5189.282347184537,8795.367375057818,11666.945341911503,13058.52433920748,40656.24680438228,73015.76804189775,5259.360693449133,8979.867117565753,11822.030518786114,13321.356821884827,41652.08433300279,75753.0389093904,5240.251726860159,8983.03862397063,11844.299026028317,13365.914360394196,41607.47691544645,75792.50699964598,0.0,0.0,0.0,0.0,0.0,0.0,0.0,0.0,0.0,0.0,0.0,0.0,0.0,0.0,0.0,0.0,0.0,0.0,0.0,0.0,0.0,0.0,0.0,0.0,0.0,0.0,0.0,0.0,0.0,0.0
"125,158",2458.4423560882483,0.0,0.0,0.0,0.0,0.0,0.0,0.0,0.0,0.0,0.0,17471.24548674752,17226.684598818014,19045.58197811819,20364.39814443495,55980.39157486523,84173.86048808659,17386.661503213993,17206.433818776935,19032.869770800837,20369.535197352427,56040.740757232554,84255.82323168307,17456.550932783237,17257.251852233738,19063.432782320884,20427.898887249066,56095.98272300047,84346.75959961554,17583.924577382964,17384.288238485187,19130.13487115374,20563.2738452902,56546.98634887022,85309.48085495165,17590.282503751678,17450.971392352913,19146.012408404258,20591.87427005674,56607.83743769141,85471.6524635717,0.0,0.0,0.0,0.0,0.0,0.0,0.0,0.0,0.0,0.0,0.0,0.0,0.0,0.0,0.0,0.0,0.0,0.0,0.0,0.0,0.0,0.0,0.0,0.0,0.0,0.0,0.0,0.0,0.0,0.0
"126,158",2454.5784722476865,0.0,0.0,0.0,0.0,0.0,0.0,0.0,0.0,0.0,0.0,7067.055636808918,11915.175734377843,15860.928989970449,16978.23953804689,52197.92514258927,99697.06635753218,7070.237001583622,11933.50003886036,15898.992409074071,17067.052020880754,52360.61931864046,100252.3250597056,7092.44085018401,12012.773955820123,15964.188286297927,17178.051926705415,52674.29969351619,100888.12599896916,7105.138133213566,12044.105979954964,15980.049570792327,17229.22934934672,52790.10970166337,101011.09857230373,7098.791801378773,12025.080408608681,15919.789098494659,17159.466886730752,52548.27471833416,100516.57891642532,0.0,0.0,0.0,0.0,0.0,0.0,0.0,0.0,0.0,0.0,0.0,0.0,0.0,0.0,0.0,0.0,0.0,0.0,0.0,0.0,0.0,0.0,0.0,0.0,0.0,0.0,0.0,0.0,0.0,0.0
"127,158",848.0763784567697,0.0,0.0,0.0,0.0,0.0,0.0,0.0,0.0,0.0,0.0,2167.2926612900756,3719.9058248884535,4681.93884063141,5405.003990146225,17431.62715481496,37082.707909796285,2167.2940343426726,3717.448680010963,4694.611901287004,5405.003504487579,17454.37507951493,37288.59116848778,2189.109524321089,3720.6161702548748,4706.411492875043,5430.341464253967,17507.129631760537,37317.00495996849,2179.606381010542,3730.1174183761373,4709.581968834821,5430.341086122101,17500.4041987709,37300.165340226304,2182.7770684475995,3733.2768267070546,4686.292386231704,5420.846003028458,17471.640108187996,37103.22613251443,0.0,0.0,0.0,0.0,0.0,0.0,0.0,0.0,0.0,0.0,0.0,0.0,0.0,0.0,0.0,0.0,0.0,0.0,0.0,0.0,0.0,0.0,0.0,0.0,0.0,0.0,0.0,0.0,0.0,0.0
"92,159",1313.6824140742904,0.0,0.0,0.0,0.0,0.0,0.0,0.0,0.0,0.0,0.0,218.84022418657938,92.82256644099367,16.172228574752808,0.0,0.0,0.0,207.10716586954453,89.58810179560793,16.172228574752808,0.0,0.0,0.0,303.7112754905925,125.1676017555536,16.172228574752808,0.0,0.0,0.0,295.4927445551928,112.22887556880127,9.703282117843628,0.0,3.2341232299804688,0.0,285.7881911894854,96.05643241732727,9.703282117843628,0.0,3.2341232299804688,0.0,0.0,0.0,0.0,0.0,0.0,0.0,0.0,0.0,0.0,0.0,0.0,0.0,0.0,0.0,0.0,0.0,0.0,0.0,0.0,0.0,0.0,0.0,0.0,0.0,0.0,0.0,0.0,0.0,0.0,0.0
"93,159",2504.6541372585357,0.0,0.0,0.0,0.0,0.0,0.0,0.0,0.0,0.0,0.0,446.5399799346924,3.235842704772949,0.0,0.0,0.0,0.0,495.0814654827118,9.707975625991821,0.0,0.0,0.0,0.0,495.08326745033264,9.707975625991821,0.0,0.0,0.0,0.0,495.08443212509155,9.707975625991821,0.0,0.0,0.0,0.0,669.8198754787445,16.179896593093872,0.0,0.0,0.0,0.0,0.0,0.0,0.0,0.0,0.0,0.0,0.0,0.0,0.0,0.0,0.0,0.0,0.0,0.0,0.0,0.0,0.0,0.0,0.0,0.0,0.0,0.0,0.0,0.0,0.0,0.0,0.0,0.0,0.0,0.0
"94,159",2505.579458982023,0.0,0.0,0.0,0.0,0.0,0.0,0.0,0.0,0.0,0.0,605.2267047283697,9.710769414901733,0.0,0.0,0.0,0.0,605.2304695961523,9.710769414901733,0.0,0.0,0.0,0.0,623.023013937707,9.710769414901733,0.0,0.0,0.0,0.0,715.2643544402777,9.710769414901733,0.0,0.0,0.0,0.0,1147.3241267251033,25.894896268844604,0.0,0.0,0.0,0.0,0.0,0.0,0.0,0.0,0.0,0.0,0.0,0.0,0.0,0.0,0.0,0.0,0.0,0.0,0.0,0.0,0.0,0.0,0.0,0.0,0.0,0.0,0.0,0.0,0.0,0.0,0.0,0.0,0.0,0.0
"95,159",2506.3510523320197,0.0,0.0,0.0,0.0,0.0,0.0,0.0,0.0,0.0,0.0,493.90281888830896,3.238147735595703,0.0,0.0,0.0,0.0,526.2810702024722,3.238147735595703,0.0,0.0,0.0,0.0,527.4872459505119,3.238147735595703,0.0,0.0,0.0,0.0,1011.1154711181043,6.476301670074463,0.0,0.0,0.0,0.0,1221.5945234233257,6.476301670074463,0.0,0.0,0.0,0.0,0.0,0.0,0.0,0.0,0.0,0.0,0.0,0.0,0.0,0.0,0.0,0.0,0.0,0.0,0.0,0.0,0.0,0.0,0.0,0.0,0.0,0.0,0.0,0.0,0.0,0.0,0.0,0.0,0.0,0.0
"96,159",2506.96864923277,0.0,0.0,0.0,0.0,0.0,0.0,0.0,0.0,0.0,0.0,5318.678297142889,38.86786222457886,0.0,0.0,0.0,0.0,6333.941392983643,38.86786222457886,0.0,0.0,0.0,0.0,7470.807793702332,45.34594249725342,0.0,0.0,0.0,0.0,9627.213767895979,55.06192636489868,0.0,0.0,0.0,0.0,11955.183710050582,71.25619888305664,0.0,0.0,0.0,0.0,0.0,0.0,0.0,0.0,0.0,0.0,0.0,0.0,0.0,0.0,0.0,0.0,0.0,0.0,0.0,0.0,0.0,0.0,0.0,0.0,0.0,0.0,0.0,0.0,0.0,0.0,0.0,0.0,0.0,0.0
"97,159",2507.4320349832,0.0,0.0,0.0,0.0,0.0,0.0,0.0,0.0,0.0,0.0,32186.241850928705,169.8992993438945,6.479125022888184,0.0,0.0,0.0,33433.8097278408,173.1389817798839,6.479125022888184,0.0,0.0,0.0,35963.02190299782,176.37841792948106,6.479125022888184,0.0,0.0,0.0,36995.186079149615,176.37868281252244,6.479125022888184,0.0,0.0,0.0,38778.00797427869,179.61818667299607,6.479125022888184,0.0,0.0,0.0,0.0,0.0,0.0,0.0,0.0,0.0,0.0,0.0,0.0,0.0,0.0,0.0,0.0,0.0,0.0,0.0,0.0,0.0,0.0,0.0,0.0,0.0,0.0,0.0,0.0,0.0,0.0,0.0,0.0,0.0
"98,159",2507.741048416339,0.0,0.0,0.0,0.0,0.0,0.0,0.0,0.0,0.0,0.0,63167.15572348296,58831.73103529426,13876.540371682597,2327.7252222351003,1114.4748691212899,254.3171568851845,63797.43593013146,59382.071227955355,14089.15719630952,2378.3543321880643,1138.778972782808,260.7966526489632,64804.99390576399,61077.24818324107,14663.810426274467,2402.2408877662588,1187.3752943656023,270.51545676998063,66069.78503418063,63555.61332749385,15229.14209432041,2424.0956195270314,1197.094588913637,276.99489531330033,66833.87599306481,65007.025614962855,15355.489071315878,2430.5752352153554,1180.8954540869768,257.55605349353715,0.0,0.0,0.0,0.0,0.0,0.0,0.0,0.0,0.0,0.0,0.0,0.0,0.0,0.0,0.0,0.0,0.0,0.0,0.0,0.0,0.0,0.0,0.0,0.0,0.0,0.0,0.0,0.0,0.0,0.0
"99,159",2507.8955820208603,9.719899892807007,0.0,0.0,0.0,0.0,9.719899892807007,0.0,0.0,0.0,0.0,41351.040161361874,69988.62432401319,22320.14929215768,5584.030912497464,3019.416871645871,379.07490825653076,41803.88876723775,71207.80911327904,22883.17105715602,5820.957003749585,3069.630138061561,372.59498023986816,42819.19420426405,73249.46371642563,23841.964130160388,6078.529266357422,3150.6299582939523,359.63510370254517,43051.024738006956,73791.36698786699,24061.078004427516,6118.718407500024,3118.230263374366,327.2355148792267,43586.524698312605,74810.691427401,24514.27051471916,6232.118247139688,3114.9903239231485,304.5559039115906,3.239966630935669,3.239967107772827,3.2399661540985107,0.0,0.0,0.0,0.0,0.0,0.0,0.0,0.0,0.0,0.0,0.0,0.0,0.0,0.0,0.0,0.0,0.0,0.0,0.0,0.0,0.0,0.0,0.0,0.0,0.0,0.0,0.0
"100,159",2507.8955820208485,0.0,0.0,0.0,0.0,0.0,0.0,0.0,0.0,0.0,0.0,32686.38126668369,71372.0726464552,29761.343000298853,5956.679585885067,1818.3340446322572,323.9815833129135,33566.07780239816,73092.03898485031,30850.695511517803,6176.996461104412,1866.933011230768,340.181165412828,34429.49911606453,75305.66622336236,31810.35040904868,6462.113456915875,1985.3626849782233,346.6610912837234,35030.506728979184,76687.68328890426,32394.992387713635,6709.455213376588,2056.6413569581273,349.9011649646011,35436.22891530617,77865.407989386,32911.76090726665,6856.702310316236,2144.119999421812,343.4214813269821,0.0,0.0,0.0,0.0,0.0,0.0,0.0,0.0,0.0,0.0,0.0,0.0,0.0,0.0,0.0,0.0,0.0,0.0,0.0,0.0,0.0,0.0,0.0,0.0,0.0,0.0,0.0,0.0,0.0,0.0
"101,159",2497.0319581075564,6.479270696640015,0.0,0.0,0.0,0.0,6.479270696640015,0.0,0.0,0.0,0.0,75384.42316239861,50080.79158714519,18348.80911324632,4795.684828385185,3450.5597314825245,1817.9133401627635,75718.5264107994,50729.62546202435,18831.541168910382,4991.522501712686,3615.7910521021076,1905.3892908806895,76091.34559010991,51479.63401267856,19258.37116105603,5156.75328350628,3709.567713989931,1885.950316738615,76804.94543065089,51840.677758305676,19548.52075123226,5287.41400995535,3858.599404587465,1887.1574634720298,76825.59285379203,51931.02772983476,19660.302698353225,5338.882953693352,3853.3262740770974,1832.0801204849693,0.0,6.479270696640015,0.0,0.0,0.0,0.0,0.0,0.0,0.0,0.0,0.0,0.0,0.0,0.0,0.0,0.0,0.0,0.0,0.0,0.0,0.0,0.0,0.0,0.0,0.0,0.0,0.0,0.0,0.0,0.0
"102,159",2461.38564138266,6.478380441665649,0.0,0.0,0.0,55.070985317230225,6.478380441665649,0.0,0.0,0.0,48.59207725524902,87026.57787428277,19936.15695353396,4770.250542006774,1153.8976091936524,388.1309410618801,56.27944068815194,87214.33813071811,20074.37120235013,4835.394891621085,1211.129767298231,403.97319351551585,62.75857024099312,87601.76749928792,20297.88126456784,4919.618411661597,1230.5670579667185,412.980590134976,69.23765735532723,88827.34784221182,20463.0793393855,4993.766416154189,1242.445754328896,435.3019285108529,69.23765735532723,89180.49315110188,20562.69551867691,5146.00846251039,1312.6299001768523,445.0194315816842,62.75853996183358,3.2391912937164307,3.2391891479492188,0.0,0.0,0.0,0.0,0.0,0.0,0.0,0.0,0.0,0.0,0.0,0.0,0.0,0.0,0.0,0.0,0.0,0.0,0.0,0.0,0.0,0.0,48.59207725524902,0.0,0.0,0.0,0.0,0.0
"103,159",2506.96864923286,0.0,0.0,6.477912187576294,3.238968849182129,3.238959550857544,0.0,0.0,6.477912187576294,3.238968849182129,3.238959550857544,34224.166601741075,57673.83963562368,45860.06776812404,19542.54850151679,9138.155357065387,1123.4198744820615,34217.68539055562,57774.59609310394,46016.79069955677,19688.291224028082,9125.55882285249,1123.4202127980252,34120.88459110446,57569.32359292367,45704.24365958607,19440.540180943994,8938.410884952544,1087.795765213873,34204.74815770223,57713.479757606285,45617.18864063936,19290.308465424707,8822.178836480309,1050.5445833224878,34322.79254574681,58254.704122727526,46090.03945873766,19468.446283761194,8942.02079094999,1063.4998390693293,0.0,0.0,0.0,0.0,0.0,0.0,0.0,0.0,0.0,0.0,0.0,0.0,0.0,3.238964319229126,3.238947868347168,0.0,0.0,0.0,0.0,3.238968849182129,0.0,0.0,0.0,0.0,3.238959550857544,0.0,0.0,0.0,0.0,0.0
"104,159",2506.3510523319937,25.904148817062378,22.66727042198181,3.2383480072021484,0.0,0.0,25.904148817062378,22.66727042198181,3.2383480072021484,0.0,0.0,61225.34388408193,70853.19913576351,33873.398230932275,12371.634473034914,7575.793667480058,2014.0309638434767,61418.40681552139,71197.13376008108,34053.10619019153,12460.670604573043,7572.553606196946,2014.031005566728,61563.73631937738,71257.18140360608,34049.309941989304,12457.430497513564,7572.552572890824,2032.253605082456,61443.92875392671,71243.1340755313,33980.7508478548,12389.072079368665,7540.170506402558,2022.5392233876623,61531.70349072662,71357.95301343319,34071.39431431901,12385.829728551938,7494.8374270644845,2029.0156800298132,9.714163541793823,16.189985275268555,0.0,0.0,0.0,0.0,16.190623998641968,6.476646423339844,0.0,0.0,0.0,0.0,0.0,3.2383480072021484,0.0,0.0,0.0,0.0,0.0,0.0,0.0,0.0,0.0,0.0,0.0,0.0,0.0,0.0,0.0,0.0
"105,159",2505.5794589819993,0.0,0.0,0.0,0.0,0.0,0.0,0.0,0.0,0.0,0.0,59015.08100624364,95934.44270842965,29607.86409129442,4902.900212378596,1355.0985054605148,40.46042618751526,59518.02274194605,96573.67562876496,29793.80553194682,4917.462000331691,1368.0472740762375,40.46042618751526,59885.001536707794,97095.71535749061,29927.032042320105,4951.63515699985,1392.7395711889455,43.697864627838136,60126.93469860788,97314.66898130436,29992.100221603996,4954.886295337304,1406.8938123347714,40.460470056533815,60484.20719836554,97597.60480596691,30079.49226042617,5003.443484086617,1419.0186039662829,40.460470056533815,0.0,0.0,0.0,0.0,0.0,0.0,0.0,0.0,0.0,0.0,0.0,0.0,0.0,0.0,0.0,0.0,0.0,0.0,0.0,0.0,0.0,0.0,0.0,0.0,0.0,0.0,0.0,0.0,0.0,0.0
"106,159",2504.654137258522,0.0,0.0,0.0,0.0,0.0,0.0,0.0,0.0,0.0,0.0,61369.904470504494,84448.46713255714,28070.038368486887,8260.00584951382,6580.09142111236,3400.4681304090163,61589.93891555187,84837.25371332542,28244.21463500939,8373.25937167149,6690.103971704782,3440.021484414269,61745.26051694271,85097.9192648897,28352.20194187071,8420.007852804893,6777.473330482782,3449.7336309348834,61735.55807668087,85166.34817108641,28342.656863400513,8407.065243733161,6759.666485288096,3423.850705424477,61729.091232122155,85193.91840218376,28439.737147042328,8403.8283822658,6762.904230573131,3387.539037578246,0.0,0.0,0.0,0.0,0.0,0.0,0.0,0.0,0.0,0.0,0.0,0.0,0.0,0.0,0.0,0.0,0.0,0.0,0.0,0.0,0.0,0.0,0.0,0.0,0.0,0.0,0.0,0.0,0.0,0.0
"107,159",2503.5754084109367,16.168095111846924,9.703375101089478,6.467228889465332,3.2340598106384277,37.14740432570963,16.168095111846924,9.703375101089478,6.467228889465332,3.2340598106384277,37.14740432570963,66296.06948486778,98994.42113044963,33184.25288035075,7159.377379864338,4107.034773937861,4737.28883245973,66288.40016658916,99054.34174552056,33237.93717436603,7194.958400934818,4139.382860771815,4752.739561134226,66314.27820234487,99096.79292751948,33250.878440664324,7201.4271428285865,4139.382897011439,4759.209429078944,66391.49392885227,99182.97417722497,33234.710637853655,7182.019637316349,4149.086201540629,4762.444994741328,66431.5027044044,99136.37721219622,33205.598563240084,7178.784502714756,4126.4426642576855,4711.410463790333,16.168095111846924,0.0,0.0,0.0,0.0,0.0,6.468502998352051,3.2348721027374268,0.0,0.0,0.0,0.0,6.467228889465332,0.0,0.0,0.0,0.0,0.0,3.2340598106384277,0.0,0.0,0.0,0.0,0.0,6.467440366744995,14.534991211049697,14.534342319825116,1.6106304280898152,0.0,0.0
"108,159",2502.343646622494,3.23264479637146,67.88623571395874,12.929979801177979,0.0,9.697785139083862,3.23264479637146,64.65388298034668,12.929979801177979,0.0,6.464426040649414,120105.14997199096,81637.67615866566,8767.290503212984,1162.0479981730966,234.3497766980938,6.464661359786987,120280.16402985068,81672.52628562217,8799.616342970903,1155.5829472373514,240.81554074380912,6.464661359786987,120217.52455539798,81693.54558463376,8786.687716195162,1165.2790748904733,234.35086793993034,6.464661359786987,120236.1429320803,81701.14789395893,8770.524448582704,1168.5109104941873,240.8157293329052,6.464661359786987,120347.25615129004,81707.28589902578,8760.826368519838,1158.8135542701273,240.815909577351,6.464661359786987,0.0,3.23264479637146,0.0,0.0,0.0,0.0,38.792338609695435,25.861544370651245,0.0,0.0,0.0,0.0,9.69758939743042,3.2323904037475586,0.0,0.0,0.0,0.0,0.0,0.0,0.0,0.0,0.0,0.0,3.232067108154297,3.232358932495117,0.0,0.0,0.0,0.0
"109,159",2500.959278730674,363.49852446855283,326.35682106018066,125.99737620353699,125.99885368347168,453.9680061452529,363.49852446855283,323.12662267684937,125.99737620353699,125.99885368347168,453.9680061452529,65168.40817593968,95199.75504722688,30757.994819410174,8563.233379804387,5383.27043170929,498.6823273172565,65035.52503772624,95038.50447896976,30825.466303477566,8607.258035328809,5388.2850496011615,492.2211883535572,64927.27935098947,94976.76228469585,30861.006384978573,8639.558010247174,5438.76388276231,498.6816840639301,64951.928391202295,95049.15276351535,30867.46656096963,8631.89241217258,5436.737496061885,521.2946694364734,65048.50863455698,95019.70913281439,30823.447359181384,8680.348500000262,5436.739443226421,524.525644825954,105.0047276431439,248.802588224411,6.461181402206421,3.230027198791504,0.0,0.0,148.65162801742554,161.55238890647888,9.691465616226196,3.23114013671875,0.0,0.0,74.31087851524353,38.76576089859009,12.92073678970337,0.0,0.0,0.0,32.31483006477356,51.6887788772583,35.53417205810547,6.461072683334351,0.0,0.0,206.81119346618652,198.70019603897543,41.99612760543823,0.0,6.46048903465271,0.0
"110,159",2453.612697519791,106.56402897834778,134.357514072867,113.02906346321106,257.5310974915823,245.44413113594055,106.56402897834778,134.357514072867,109.8004355430603,257.5310974915823,238.98721289634705,34685.40559495197,53643.07269838652,33472.81577909413,16106.071220440022,15956.031597779778,6195.619578393301,34664.24027890317,53559.11431411108,33600.311254265725,16264.277033371083,16304.354128869374,6256.964895518621,34823.984641243434,54085.36430939507,34119.3733271122,16544.117173958763,16724.048522743524,6406.687262094722,34917.602820087886,54530.53824388841,34305.5935202262,16576.089730761098,16710.58396523513,6293.672954118953,34814.611310255765,54529.99243049529,34293.1335825705,16618.039684159146,16791.272402361326,6188.077752607945,32.291781187057495,54.895575523376465,19.37667226791382,0.0,0.0,0.0,49.644117173026586,60.90866053805632,14.118751988691443,6.457302570343018,3.228681802749634,0.0,51.67147755622864,45.21197056770325,9.68835186958313,0.0,3.228635549545288,0.0,151.78589582443237,89.59887035687764,16.146331310272217,0.0,0.0,0.0,116.26178431510925,90.42858672142029,32.296841859817505,0.0,0.0,0.0
"111,159",2445.537585662554,0.0,0.0,9.682206630706787,3.227388858795166,9.681980848312378,0.0,0.0,9.682206630706787,3.227388858795166,9.681980848312378,13073.260280690476,41084.760629063036,53358.70547240201,31678.24040904232,22708.260448423087,7179.339926547629,13140.700491117967,41315.46452244591,53787.51671661769,32275.628458384905,23438.45375599861,7531.514812106713,13475.548242664338,42108.01979365443,54499.92177512225,32750.96680864727,23871.637675356393,7638.009007329568,13582.043664360983,42504.13171322112,54703.145436033556,32575.36417739158,23824.135722500665,7621.48271356377,13572.783887795842,42496.27135272213,54643.519779307244,32498.375647090466,23808.400269101647,7503.984188907286,0.0,0.0,0.0,0.0,0.0,0.0,0.0,0.0,0.0,0.0,0.0,0.0,3.227404832839966,3.227404832839966,3.2273969650268555,0.0,0.0,0.0,0.0,3.227388858795166,0.0,0.0,0.0,0.0,0.0,0.0,0.0,6.454591989517212,3.227388858795166,0.0
"112,159",2495.895589658525,0.0,3.2245333194732666,6.4512434005737305,0.0,0.0,0.0,3.2245333194732666,6.4512434005737305,0.0,0.0,17088.44340648651,48535.71506588506,51406.84311478559,26261.74028423721,16520.74081586015,2874.978192651973,17217.7772035552,48791.714956207834,51847.757414310116,26559.943092806203,16925.83933873831,2942.703490818248,17379.906561487795,48951.40558963476,52214.01611976904,26883.677572675784,17155.646925485835,2978.1793695337633,17399.636444188098,49134.01733710812,52601.38246109346,27123.46142917708,17323.77267871277,3011.635698295107,17439.946962641734,49491.498091856636,52935.980927255114,27333.06289106444,17555.477125447404,3043.88219759511,0.0,0.0,0.0,0.0,0.0,0.0,0.0,3.2245333194732666,0.0,0.0,0.0,0.0,0.0,0.0,0.0,6.4512434005737305,0.0,0.0,0.0,0.0,0.0,0.0,0.0,0.0,0.0,0.0,0.0,0.0,0.0,0.0
"113,159",2430.272562749281,0.0,0.0,0.0,0.0,3.2228353023529053,0.0,0.0,0.0,0.0,3.2228353023529053,14081.863992876166,44357.32129676856,46891.49140044661,26434.425663820908,18906.700623475805,2741.811475460202,14143.085662550086,44537.52316108778,47120.43478743796,26753.665353401975,19154.777251469855,2764.366742555768,14138.744270863255,44469.82185004178,46949.02988641869,26642.752573369533,19054.083531732187,2745.033698980481,14149.872304866829,44512.016626540346,46945.08652268671,26743.059574638628,19146.276553728065,2725.7026185437744,14140.209459016838,44597.102102693854,47186.17437386231,26837.591428791307,19238.10947981255,2759.5438689493667,0.0,0.0,0.0,0.0,0.0,0.0,0.0,0.0,0.0,0.0,0.0,0.0,0.0,0.0,0.0,0.0,0.0,0.0,0.0,0.0,0.0,0.0,0.0,0.0,0.0,0.0,3.2228353023529053,0.0,0.0,0.0
"114,159",2463.1115802692198,0.0,0.0,0.0,0.0,0.0,0.0,0.0,0.0,0.0,0.0,32565.32278991213,61063.07318872657,37162.7623864043,14754.309871614681,12658.816632585898,4854.4376788550735,32660.110513720792,61152.64211702908,36839.09428774516,14630.951620361853,12399.920369434356,4622.697239678514,32371.89062236524,60789.92206357133,36267.53246551308,14175.185569779078,11593.147162026049,4046.5713608676315,32016.580123177697,59817.02465313276,35331.1931863308,13415.072170706355,10385.83004637606,3391.5758306877287,31896.05772324637,59573.99239081962,34932.49471253227,13052.100735251106,9762.470343668321,3077.9487914646375,0.0,0.0,0.0,0.0,0.0,0.0,0.0,0.0,0.0,0.0,0.0,0.0,0.0,0.0,0.0,0.0,0.0,0.0,0.0,0.0,0.0,0.0,0.0,0.0,0.0,0.0,0.0,0.0,0.0,0.0
"115,159",2489.46959362844,6.429905652999878,3.215752363204956,16.07545781135559,3.215071439743042,0.0,6.429905652999878,3.215752363204956,16.07545781135559,3.215071439743042,0.0,40907.03828933941,44034.657975040696,27327.02272818883,13310.177753784143,13887.861626631604,5237.73364184043,40844.489293743594,44008.249198722835,27243.626477862334,13188.446080014284,13747.36316732706,5114.791602779838,40553.58089286862,43772.874855221955,26888.49890646934,12758.666332447761,13169.645090453767,4876.041241528007,40051.13439826966,42686.53474672636,25758.935810694977,11861.672213833002,11983.510446915909,4396.054966284247,39824.1746319827,42019.186160506455,25107.675049039426,11254.822906181857,11200.304740741207,4111.197871143678,6.429905652999878,0.0,0.0,0.0,0.0,0.0,3.215752363204956,0.0,0.0,0.0,0.0,0.0,3.215071439743042,9.64519190788269,3.2151944637298584,0.0,0.0,0.0,0.0,0.0,3.215071439743042,0.0,0.0,0.0,0.0,0.0,0.0,0.0,0.0,0.0
"116,159",2487.0333448145616,0.0,0.0,0.0,25.692307472229004,73.86257100105286,0.0,0.0,0.0,25.692307472229004,73.86257100105286,20774.775907771727,34090.344273247436,29022.004033892757,13357.102625745887,8008.015629267224,1763.3492663663976,20593.259133638123,33805.106187018224,29000.709940340006,13260.230786245946,7767.447598452662,1624.690065918717,20443.821348240795,33615.46675221686,28862.823485279085,13168.601367643767,7643.3101326503,1592.070354202682,20185.857651203754,32877.239615137434,28213.56299850333,12858.043740768057,7419.033663346721,1506.0071535381617,20239.18745200681,32541.294213187462,27811.36827528056,12695.32930295514,7189.646819038953,1430.491051499984,0.0,0.0,0.0,0.0,0.0,0.0,0.0,0.0,0.0,0.0,0.0,0.0,0.0,0.0,0.0,0.0,0.0,0.0,22.480902671813965,3.211404800415039,0.0,0.0,0.0,0.0,51.38270306587219,9.634082078933716,9.634465456008911,3.211320400238037,0.0,0.0
"117,159",2484.4497574391985,0.0,0.0,0.0,3.211296558380127,9.633913516998291,0.0,0.0,0.0,3.211296558380127,9.633913516998291,16376.087546745935,25899.821830871057,24826.148353105433,13402.796012692357,8687.24130836655,1274.629307011062,17235.966508506324,26456.363038851232,25052.476360678207,13432.897161508074,8571.218260645397,1281.0537359508814,17754.464743732,27297.0510650962,25406.025155917334,13468.608514009737,8596.908309054841,1306.0019038078833,18214.453713745228,28249.397185124602,26069.278440733517,13727.446469512639,8715.674580407609,1322.0487001297522,18421.484385754076,28731.235490988747,26438.758674549586,13838.564733196707,8722.000691356845,1299.57797554708,0.0,0.0,0.0,0.0,0.0,0.0,0.0,0.0,0.0,0.0,0.0,0.0,0.0,0.0,0.0,0.0,0.0,0.0,3.211296558380127,0.0,0.0,0.0,0.0,0.0,9.633913516998291,0.0,0.0,0.0,0.0,0.0
"118,159",2481.7197132274027,0.0,0.0,0.0,0.0,0.0,0.0,0.0,0.0,0.0,0.0,12169.093584480474,19957.113630062926,13314.006409782523,5253.450938803541,3853.564662351795,787.4555853207905,12477.361578907687,20396.310160950125,13507.746859976827,5314.350816590178,3875.295651095521,784.246858437856,13161.399664421644,20885.414936299418,13726.493286979901,5424.7997655092495,3893.0942815126155,800.9936702485178,13578.716513913287,21412.45777180055,14011.83923800693,5558.015099865782,3942.6156621428095,810.610008501539,14518.051560919894,22227.905818237046,14311.749490625718,5678.403069407331,3975.558890134213,817.0245380635355,0.0,0.0,0.0,0.0,0.0,0.0,0.0,0.0,0.0,0.0,0.0,0.0,0.0,0.0,0.0,0.0,0.0,0.0,0.0,0.0,0.0,0.0,0.0,0.0,0.0,0.0,0.0,0.0,0.0,0.0
"119,159",2478.8441416654077,0.0,0.0,0.0,0.0,0.0,0.0,0.0,0.0,0.0,0.0,12536.02837393611,20886.186071850272,15687.170701725341,7090.107391314413,5344.619249374726,1921.3426989676905,12192.01412059092,20626.76104832724,15531.514370821971,6929.957474665548,5239.9749237200795,1900.9414232441025,12172.08165311159,20563.448547805525,15288.19106330778,6739.620586103551,5111.7089174420225,1880.535379004011,12437.481854557524,20917.376256994172,15415.119004602058,6723.845017436906,5098.581439628788,1867.7277651543711,12988.906003138596,21835.407231861936,15534.237272070903,6770.097500232621,5095.390740289875,1854.9229062314128,0.0,0.0,0.0,0.0,0.0,0.0,0.0,0.0,0.0,0.0,0.0,0.0,0.0,0.0,0.0,0.0,0.0,0.0,0.0,0.0,0.0,0.0,0.0,0.0,0.0,0.0,0.0,0.0,0.0,0.0
"120,159",2475.8240193136803,0.0,0.0,0.0,0.0,0.0,0.0,0.0,0.0,0.0,0.0,43016.718295218896,41501.15359235465,17098.07466505275,7427.586823547587,7325.4413483806675,3034.960241512224,42713.21245596643,41586.7541987494,17088.59206507066,7445.575323871537,7340.351661589566,3018.9656028308123,42318.99206863852,41515.93160743246,17078.971809518105,7448.745833209916,7317.958403494778,2999.7750193633287,42334.66630480991,41580.58459185339,17115.75219444855,7432.068534065695,7293.314145594017,2985.395282089944,42533.94390859884,41648.6726669405,17138.483482080348,7425.661123205633,7238.940868168251,2946.668227580014,0.0,0.0,0.0,0.0,0.0,0.0,0.0,0.0,0.0,0.0,0.0,0.0,0.0,0.0,0.0,0.0,0.0,0.0,0.0,0.0,0.0,0.0,0.0,0.0,0.0,0.0,0.0,0.0,0.0,0.0
"121,159",2472.660369082361,0.0,0.0,0.0,0.0,0.0,0.0,0.0,0.0,0.0,0.0,4543.693983650207,8312.859379350439,6093.310541723289,2536.4410334605795,2153.5978496149473,1017.2288405390345,4553.632202105428,8356.283958523882,6146.438375323427,2569.572158059887,2170.759756773593,1004.4419877024256,4575.9930498169915,8355.04213502828,6156.010130017412,2563.18460484486,2186.72845861304,1001.2475859613978,4582.725297534232,8376.702264058356,6114.459920256746,2563.885979497199,2148.3962187467832,978.8844999762141,4604.040685756533,8439.56081727533,6178.00696867307,2575.059197017258,2167.197871417625,992.0088418549182,0.0,0.0,0.0,0.0,0.0,0.0,0.0,0.0,0.0,0.0,0.0,0.0,0.0,0.0,0.0,0.0,0.0,0.0,0.0,0.0,0.0,0.0,0.0,0.0,0.0,0.0,0.0,0.0,0.0,0.0
"122,159",2469.3542594771047,0.0,0.0,0.0,0.0,0.0,0.0,0.0,0.0,0.0,0.0,1030.507113457661,1868.9102817647597,2357.9339335320046,2294.9345926032347,3769.5393905835995,1715.1513848996628,1084.748054743748,1923.1401229970595,2391.4208366852185,2401.2433511799454,3905.648145475575,1654.4480951524247,1130.9999077694088,1947.4763422891206,2416.9466040115735,2428.7548576439126,3927.974219916849,1580.3075185383068,1204.3607430832058,2081.427646009595,2561.523817060508,2559.498883827995,4203.292020041335,1655.8826152249878,1236.2621460334926,2212.3374339215898,2679.531467435874,2699.4097210425957,4409.456657578899,1727.2168155183979,0.0,0.0,0.0,0.0,0.0,0.0,0.0,0.0,0.0,0.0,0.0,0.0,0.0,0.0,0.0,0.0,0.0,0.0,0.0,0.0,0.0,0.0,0.0,0.0,0.0,0.0,0.0,0.0,0.0,0.0
"123,159",2465.906803814331,0.0,0.0,0.0,0.0,0.0,0.0,0.0,0.0,0.0,0.0,2395.08394930503,4836.689514163896,6792.481700888802,8269.669740175732,21465.05391340256,20695.137188731926,2446.4106218076217,4943.7989503019,6877.246980934517,8443.761091530556,21849.739719549812,21003.64754898595,2440.034634914585,4974.4371355271805,6919.810834796755,8496.462087454514,21924.5491750792,21040.573836792217,2517.8757308370923,4974.653839794795,7002.34411275901,8547.40338212462,22012.181354548884,20991.271504814486,2540.166541660533,5063.494565028771,7056.494469528572,8655.114497171664,22309.897857858625,21506.007536017663,0.0,0.0,0.0,0.0,0.0,0.0,0.0,0.0,0.0,0.0,0.0,0.0,0.0,0.0,0.0,0.0,0.0,0.0,0.0,0.0,0.0,0.0,0.0,0.0,0.0,0.0,0.0,0.0,0.0,0.0
"124,159",2462.319159396117,0.0,0.0,0.0,0.0,0.0,0.0,0.0,0.0,0.0,0.0,6607.916199548572,10035.5395652397,12377.05572604385,14188.534562215618,39309.55370598213,40010.53742712339,6741.514073474735,10342.95247875382,12687.506430155623,14686.290995780158,40760.64119515699,41734.41984794467,6847.257658939736,10556.862259624519,12921.295100956337,14882.150012366912,41476.27664165964,42377.4898764975,6917.401380693211,10650.89313154314,13062.442352049024,15044.732479659247,41890.20558537221,42785.87219482684,6993.7611199968,10687.346563098945,13095.844970415154,15110.136492998457,42127.92159821847,43022.00985584821,0.0,0.0,0.0,0.0,0.0,0.0,0.0,0.0,0.0,0.0,0.0,0.0,0.0,0.0,0.0,0.0,0.0,0.0,0.0,0.0,0.0,0.0,0.0,0.0,0.0,0.0,0.0,0.0,0.0,0.0
"125,159",2458.5925266606864,0.0,0.0,0.0,0.0,0.0,0.0,0.0,0.0,0.0,0.0,8191.4930112240345,9848.116248516943,11981.690391524633,13709.166308863021,40166.69057089955,63049.01413492595,8314.205765286613,9922.377261178633,12015.938787865172,13776.363912456174,40581.248368316534,63865.690776764175,8415.830892602135,10039.891684548995,12229.925638313855,13889.52495108866,40998.8490233842,64740.5502811011,8511.118908444572,10084.350483911177,12302.970293875302,13991.607375201056,41376.77423379748,65469.53594321831,8539.708874741722,10087.5434200932,12322.03608786639,14010.678577479193,41491.73933358846,65475.0189724146,0.0,0.0,0.0,0.0,0.0,0.0,0.0,0.0,0.0,0.0,0.0,0.0,0.0,0.0,0.0,0.0,0.0,0.0,0.0,0.0,0.0,0.0,0.0,0.0,0.0,0.0,0.0,0.0,0.0,0.0
"126,159",2454.728148313928,0.0,0.0,0.0,0.0,0.0,0.0,0.0,0.0,0.0,0.0,5638.658432359321,9769.56993587251,11847.66800016796,13014.326097324783,38175.42193593885,66966.79849316,5632.305352563483,9825.919136261473,11974.471708959692,13122.11955674022,38579.25491200428,67961.34022963281,5727.44557201348,9993.286485072678,12199.627994245642,13344.097184017593,39514.75580956235,69808.51100750998,5755.981769675834,10021.831478473252,12316.275832978417,13429.749848679001,39719.734281519355,70311.30544022204,5717.910781259162,10002.799852010316,12297.240974513223,13428.157597788642,39630.82023742246,70080.14093101445,0.0,0.0,0.0,0.0,0.0,0.0,0.0,0.0,0.0,0.0,0.0,0.0,0.0,0.0,0.0,0.0,0.0,0.0,0.0,0.0,0.0,0.0,0.0,0.0,0.0,0.0,0.0,0.0,0.0,0.0
"127,159",2380.6975826009134,0.0,0.0,0.0,0.0,0.0,0.0,0.0,0.0,0.0,0.0,8447.98368921841,15142.090564188304,18899.321219006706,19791.116872266695,55889.74049587717,85660.83078174309,8441.64887753094,15130.135840213065,18905.656381169487,19765.79016752617,55907.17248944863,85548.49446552688,8447.97926464642,15160.927023250915,18930.986852208305,19825.964248613283,56010.12968799554,85696.50489899034,8443.060521606372,15151.430315573074,18915.871904033775,19849.473736359094,55987.99641606294,85387.51551812862,8468.396306041644,15170.427890140869,18890.540527481193,19817.817408873056,55865.02151612021,85318.68945763719,0.0,0.0,0.0,0.0,0.0,0.0,0.0,0.0,0.0,0.0,0.0,0.0,0.0,0.0,0.0,0.0,0.0,0.0,0.0,0.0,0.0,0.0,0.0,0.0,0.0,0.0,0.0,0.0,0.0,0.0
"128,159",1772.4003442564926,0.0,0.0,0.0,0.0,0.0,0.0,0.0,0.0,0.0,0.0,25178.984691585276,26500.029900220794,24976.69159118241,23162.65511761927,46621.99128090354,19442.826695074757,25169.497489179346,26481.066257385177,24957.72457806176,23153.164186346763,46621.98076354476,19436.49784790488,25178.976892675135,26481.06577029602,24954.562355437934,23165.808353293174,46606.1750320098,19423.847362866123,25067.149027434516,26316.70892587082,24749.127065101326,23052.003588545555,46309.02079187842,19218.346896042545,24980.286802286257,26285.108466056747,24739.636695066154,23045.6878155353,46261.603688587864,19191.47995667271,0.0,0.0,0.0,0.0,0.0,0.0,0.0,0.0,0.0,0.0,0.0,0.0,0.0,0.0,0.0,0.0,0.0,0.0,0.0,0.0,0.0,0.0,0.0,0.0,0.0,0.0,0.0,0.0,0.0,0.0
"129,159",186.2256713494482,0.0,0.0,0.0,0.0,0.0,0.0,0.0,0.0,0.0,0.0,4679.129602683759,3875.573276557174,2680.973638667312,2049.5404300484,2765.895096615249,1012.8883968222375,4670.053641622206,3872.4154787437583,2674.659161938873,2055.8553454670255,2765.895835712844,1016.0460341799493,4673.211098735472,3878.730094708648,2677.8165801899104,2055.8557841572106,2775.3680084499656,1017.4696792041555,4658.489946482227,3869.258060969558,2665.186330451217,2043.2264125141442,2750.0243765307405,1000.2590862143273,4626.916188118504,3853.471413649764,2652.5580583946376,2041.2828135920504,2740.5514036608674,1011.1542251979604,0.0,0.0,0.0,0.0,0.0,0.0,0.0,0.0,0.0,0.0,0.0,0.0,0.0,0.0,0.0,0.0,0.0,0.0,0.0,0.0,0.0,0.0,0.0,0.0,0.0,0.0,0.0,0.0,0.0,0.0
"92,160",1976.4834306521582,0.0,0.0,0.0,0.0,0.0,0.0,0.0,0.0,0.0,0.0,1495.327686792261,714.7683617227218,107.78786480567035,34.647841247857784,30.539668160793827,12.936825513839722,1579.4611421108243,785.7522879750121,116.79227982221866,37.88178661757824,33.77382953774695,12.936825513839722,1679.8182524765234,853.8059777250477,132.9630273407581,47.5836446612489,37.00776918542151,12.936825513839722,1689.5077385425566,853.9707381201725,139.4309123581531,54.05156877929089,37.00776918542151,12.936825513839722,1718.7276070314292,850.7368041945439,142.66546259580875,63.753376278222774,37.00776918542151,12.936825513839722,0.0,0.0,0.0,0.0,0.0,0.0,0.0,0.0,0.0,0.0,0.0,0.0,0.0,0.0,0.0,0.0,0.0,0.0,0.0,0.0,0.0,0.0,0.0,0.0,0.0,0.0,0.0,0.0,0.0,0.0
"93,160",2430.71242919518,0.0,0.0,0.0,0.0,0.0,0.0,0.0,0.0,0.0,0.0,560.9063548677108,6.472254037857056,0.0,0.0,0.0,0.0,564.1439559095046,6.472254037857056,0.0,0.0,0.0,0.0,687.1198880307815,6.472254037857056,0.0,0.0,0.0,0.0,720.1914492635166,6.472254037857056,0.0,0.0,0.0,0.0,1098.090926024493,6.472254037857056,0.0,0.0,0.0,0.0,0.0,0.0,0.0,0.0,0.0,0.0,0.0,0.0,0.0,0.0,0.0,0.0,0.0,0.0,0.0,0.0,0.0,0.0,0.0,0.0,0.0,0.0,0.0,0.0,0.0,0.0,0.0,0.0,0.0,0.0
"94,160",2505.735204355629,0.0,0.0,0.0,0.0,0.0,0.0,0.0,0.0,0.0,0.0,1785.3982657815895,25.896608352661133,0.0,0.0,0.0,0.0,1782.957981299419,25.895642042160034,0.0,0.0,0.0,0.0,2396.7864513846007,51.79250121116638,0.0,0.0,0.0,0.0,2612.1446181344054,67.97797584533691,0.0,0.0,0.0,0.0,3478.7065530552586,123.00266170501709,0.0,0.0,0.0,0.0,0.0,0.0,0.0,0.0,0.0,0.0,0.0,0.0,0.0,0.0,0.0,0.0,0.0,0.0,0.0,0.0,0.0,0.0,0.0,0.0,0.0,0.0,0.0,0.0,0.0,0.0,0.0,0.0,0.0,0.0
"95,160",2506.5069866207323,0.0,0.0,0.0,0.0,0.0,0.0,0.0,0.0,0.0,0.0,1685.7068423317928,9.713216543197632,0.0,0.0,0.0,0.0,1909.1153010415096,3.237705707550049,0.0,0.0,0.0,0.0,2417.8021224882086,3.237705707550049,0.0,0.0,0.0,0.0,3389.137263431736,3.237705707550049,0.0,0.0,0.0,0.0,3835.950922861286,12.950515508651733,0.0,0.0,0.0,0.0,0.0,0.0,0.0,0.0,0.0,0.0,0.0,0.0,0.0,0.0,0.0,0.0,0.0,0.0,0.0,0.0,0.0,0.0,0.0,0.0,0.0,0.0,0.0,0.0,0.0,0.0,0.0,0.0,0.0,0.0
"96,160",2507.124735832468,0.0,0.0,0.0,0.0,0.0,0.0,0.0,0.0,0.0,0.0,1794.4486862687504,0.0,0.0,0.0,0.0,0.0,1863.2807780695896,0.0,0.0,0.0,0.0,0.0,2706.0497747776553,0.0,0.0,0.0,0.0,0.0,3247.2941341661935,0.0,0.0,0.0,0.0,0.0,4120.806319789325,0.0,0.0,0.0,0.0,0.0,0.0,0.0,0.0,0.0,0.0,0.0,0.0,0.0,0.0,0.0,0.0,0.0,0.0,0.0,0.0,0.0,0.0,0.0,0.0,0.0,0.0,0.0,0.0,0.0,0.0,0.0,0.0,0.0,0.0,0.0
"97,160",2505.6443949890304,0.0,0.0,0.0,0.0,0.0,0.0,0.0,0.0,0.0,0.0,27309.414156687493,188.91912639655322,6.479163646697998,3.2395927906036377,0.0,3.239575147628784,28861.173881512063,188.91908848799915,6.479163646697998,3.2395927906036377,0.0,3.239575147628784,29543.24245849123,200.26344214420692,6.479163646697998,3.2395927906036377,3.2395737171173096,3.239575147628784,30907.620647927823,211.59494033514284,9.718752145767212,0.0,3.2395737171173096,3.239575147628784,34333.904671567085,204.39190452332593,9.718752145767212,0.0,3.2395737171173096,3.239575147628784,0.0,0.0,0.0,0.0,0.0,0.0,0.0,0.0,0.0,0.0,0.0,0.0,0.0,0.0,0.0,0.0,0.0,0.0,0.0,0.0,0.0,0.0,0.0,0.0,0.0,0.0,0.0,0.0,0.0,0.0
"98,160",2507.897326883071,0.0,0.0,0.0,0.0,0.0,0.0,0.0,0.0,0.0,0.0,79260.85431711908,62822.307284962895,12994.578478432635,2209.4988540322174,1117.7127491128213,173.32217917255326,79393.66736535466,63109.01538916382,13072.33108840082,2190.059764257132,1161.45609442206,179.80175385288163,79571.84604539964,63470.249690676676,13176.017179360108,2173.860828271567,1142.0172166010914,173.32258543781205,80040.83343682945,63458.103649016,13200.321855323455,2105.8254495770325,1112.8589831969318,166.84273991397782,80694.06024561022,63633.78663310538,13197.080767886779,2053.9886866719116,1067.50204650374,176.56169972232743,0.0,0.0,0.0,0.0,0.0,0.0,0.0,0.0,0.0,0.0,0.0,0.0,0.0,0.0,0.0,0.0,0.0,0.0,0.0,0.0,0.0,0.0,0.0,0.0,0.0,0.0,0.0,0.0,0.0,0.0
"99,160",2508.051899058518,0.0,0.0,0.0,0.0,0.0,0.0,0.0,0.0,0.0,0.0,51956.35857988807,68164.04619085742,12385.527525798947,1228.0322669440625,686.9573716107536,298.0752487182617,53450.772185286354,69942.94747660302,12855.307021519715,1252.3256629841,678.8513161556393,298.075231552124,55196.3823805809,72267.96470462669,13262.093314072663,1296.0589105849174,665.891500415054,288.35531282424927,55821.6998108387,72915.24994940757,13417.612079760605,1343.9341604475883,669.1316143886716,281.8754575252533,56475.722029523284,73827.23546931978,13642.97520492965,1366.6142503981498,688.5713281051785,265.67570757865906,0.0,0.0,0.0,0.0,0.0,0.0,0.0,0.0,0.0,0.0,0.0,0.0,0.0,0.0,0.0,0.0,0.0,0.0,0.0,0.0,0.0,0.0,0.0,0.0,0.0,0.0,0.0,0.0,0.0,0.0
"100,160",2465.6424529433784,0.0,0.0,0.0,0.0,0.0,0.0,0.0,0.0,0.0,0.0,30923.701434326173,46920.22443765472,16442.34267189456,3879.7878676442538,1828.9112772576948,841.7091290829228,31671.841008061987,48471.480379893736,17122.09761354783,4006.145521023694,1926.7576875798843,844.949240433936,32556.610672149476,50359.36777906699,17908.431106526245,4268.581754544201,2018.2892044338525,851.4293792126225,32994.17286575262,51144.93939066589,18374.261077522762,4422.396872879477,2094.4340782866757,825.5099558708714,33332.23514323422,51838.0653872462,18669.96098196927,4511.666547494776,2148.534581945457,835.2299480316685,0.0,0.0,0.0,0.0,0.0,0.0,0.0,0.0,0.0,0.0,0.0,0.0,0.0,0.0,0.0,0.0,0.0,0.0,0.0,0.0,0.0,0.0,0.0,0.0,0.0,0.0,0.0,0.0,0.0,0.0
"101,160",2470.2497446999096,64.7942304611206,38.877429723739624,136.06614685058594,3.2396137714385986,0.0,64.7942304611206,38.877429723739624,136.06614685058594,3.2396137714385986,0.0,76506.75237568127,44809.73943204506,17100.78194453015,5099.268221387676,3285.1698639318056,1399.3298904652688,76688.57419475575,45165.37740111725,17349.25446092755,5228.861614713482,3382.364298813016,1432.1089137198878,76782.52733406087,45384.05443717452,17558.22598582717,5266.126655224258,3404.3075317392163,1334.5971885138867,76839.45950792819,45454.24907110626,17683.839204908818,5253.129286666945,3378.809420827791,1271.7959341759774,77089.50048724531,45846.618828616425,17959.72855701914,5247.471261073094,3345.35665548923,1225.0028780843697,25.91802740097046,25.917564153671265,9.718964099884033,3.2396748065948486,0.0,0.0,22.67846965789795,12.959277391433716,3.239682674407959,0.0,0.0,0.0,55.07423973083496,61.553879737854004,19.438027381896973,0.0,0.0,0.0,3.2396137714385986,0.0,0.0,0.0,0.0,0.0,0.0,0.0,0.0,0.0,0.0,0.0
"102,160",2507.5882365056295,0.0,0.0,0.0,0.0,0.0,0.0,0.0,0.0,0.0,0.0,29849.02182372037,44254.09861365019,28157.845914444268,9109.703115366954,3798.3589486757915,588.8180305555754,30019.33040989427,44436.84039131988,28306.856225870168,9145.335992478389,3807.3674281924377,595.2960562303954,30149.963197478126,44867.20251912603,28585.07973776518,9252.587927999683,3797.2958572799084,579.0999631479674,30286.01428032763,45512.561363684894,29037.5004730449,9399.43347623208,3823.2100037032483,566.1432637766295,30525.724942931007,46394.74237941013,29742.67701956618,9697.444548629312,3968.974337428224,553.1863491133147,0.0,0.0,0.0,0.0,0.0,0.0,0.0,0.0,0.0,0.0,0.0,0.0,0.0,0.0,0.0,0.0,0.0,0.0,0.0,0.0,0.0,0.0,0.0,0.0,0.0,0.0,0.0,0.0,0.0,0.0
"103,160",2507.1247358324995,22.669899225234985,12.954254150390625,12.954355001449585,0.0,0.0,22.669899225234985,12.954254150390625,12.954355001449585,0.0,0.0,42640.51984347083,41132.19289317972,38109.55621627264,18169.33583076234,9682.980256657507,2329.0728151947847,42785.19704867719,41228.19749368873,38315.212342381936,18144.23575767629,9550.894955813652,2315.7603238591964,42988.521533276995,41373.592339135146,38343.11066692576,18184.377376601275,9534.6865986609,2299.5683806905563,43060.947178397466,41368.28889734792,38358.5224152995,18121.231072473525,9369.515355470134,2210.49841003231,43342.712196686705,42063.83514171114,39102.29754495245,18518.000466731013,9511.680762255426,2180.995474465688,0.0,16.192784309387207,6.477114915847778,0.0,0.0,0.0,3.238562822341919,3.238546371459961,3.238562822341919,3.238582134246826,0.0,0.0,12.954355001449585,0.0,0.0,0.0,0.0,0.0,0.0,0.0,0.0,0.0,0.0,0.0,0.0,0.0,0.0,0.0,0.0,0.0
"104,160",2506.5069866207136,6.475581884384155,6.475816965103149,16.190346002578735,0.0,0.0,6.475581884384155,6.475816965103149,16.190346002578735,0.0,0.0,53969.48488949141,70594.48301714075,44480.69268361259,15307.49892032567,6745.187396335602,832.959682297239,54086.049969180436,70974.75966869522,44828.78102755546,15417.853419359992,6804.278826232986,839.7919781105192,54345.55686542755,71218.14433425642,44985.81584778953,15498.803917940924,6844.567198165259,843.0302629367978,54255.35112313851,71005.2609827107,44687.1167991367,15336.907953080008,6807.867184050879,849.5057337181241,54245.63831023797,71022.52955735149,44602.10413920925,15220.342637780133,6766.127337024726,823.9585691966262,6.475581884384155,0.0,0.0,0.0,0.0,0.0,3.23752498626709,0.0,3.2382919788360596,0.0,0.0,0.0,12.952278137207031,3.238067865371704,0.0,0.0,0.0,0.0,0.0,0.0,0.0,0.0,0.0,0.0,0.0,0.0,0.0,0.0,0.0,0.0
"105,160",2505.735204355693,6.474992752075195,7.286863793578802,6.473834276199341,0.0,0.0,6.474992752075195,7.286863793578802,6.473834276199341,0.0,0.0,78740.77914362514,79808.43738076734,25085.23235864733,4432.732046072155,1788.2670626518775,244.39126334190368,79142.16313987339,80509.77324578715,25208.234193516713,4426.800298080257,1817.3990373489905,244.39148769378662,79461.79458435657,81143.64629119143,25415.21778970419,4446.2235139463455,1829.28352264423,254.10271916389465,79537.67139072418,81103.96065008311,25288.978048140394,4417.108173602234,1791.5085322735358,224.96908030509948,79483.47535499498,81049.29517116827,25206.63217924436,4397.691781037461,1785.0374238369513,221.7320457458496,0.0,6.474992752075195,0.0,0.0,0.0,0.0,7.286863793578802,0.0,0.0,0.0,0.0,0.0,3.236927032470703,3.2369072437286377,0.0,0.0,0.0,0.0,0.0,0.0,0.0,0.0,0.0,0.0,0.0,0.0,0.0,0.0,0.0,0.0
"106,160",2504.8096580877236,3.235175848007202,0.0,0.0,0.7231401134939756,6.47037148475647,3.235175848007202,0.0,0.0,0.7231401134939756,6.47037148475647,59888.88286689122,102264.18246529899,30685.279194613995,5079.055756360408,1316.7581714415082,344.4842234583462,59985.95276501973,102430.83686047442,30776.687334583316,5121.1210129560195,1317.5706095087762,344.4842234583462,60101.634580296166,102573.29303736874,30876.358954706375,5143.77257969987,1336.982957540774,347.72039589601405,59929.488245663924,102276.3922034273,30738.82155304235,5079.051087170955,1315.9424473566169,334.7778824301327,59845.440388465395,102111.52493362335,30597.877377897144,5066.9144758205775,1310.1938189057744,338.01306829172023,0.0,3.235175848007202,0.0,0.0,0.0,0.0,0.0,0.0,0.0,0.0,0.0,0.0,0.0,0.0,0.0,0.0,0.0,0.0,0.7231401134939756,0.0,0.0,0.0,0.0,0.0,6.47037148475647,0.0,0.0,0.0,0.0,0.0
"107,160",2503.7306702283945,368.73578691482544,132.61608982086182,142.32002520561218,316.25963986621184,1204.7730580694536,368.73578691482544,129.3815634250641,142.32002520561218,313.02517212138457,1204.7730580694536,114700.83175915548,84824.49603539635,9619.918510529575,994.7728515980291,281.58661701164993,3.2350351810455322,114645.0320613702,84644.17171139436,9600.504214856204,1001.2421537754583,284.8216772266463,3.2350351810455322,114732.34549406369,84682.07196550837,9615.863520310906,998.0068758842992,278.3530652710036,3.2350351810455322,114753.36397708162,84690.13957325244,9612.63151376107,988.3034316418218,281.58742548905167,3.2350351810455322,114678.07180612133,84583.40009013438,9596.454451249627,991.5366565105962,287.33317432029577,3.2350351810455322,122.90908789634705,239.3570191860199,6.469679832458496,0.0,0.0,0.0,35.57626295089722,87.33556723594666,6.469733238220215,0.0,0.0,0.0,51.750009536743164,84.10126113891602,6.468754529953003,0.0,0.0,0.0,157.76885903582854,152.02145671844482,3.234856367111206,0.0,0.0,0.0,378.4199151992798,716.4043731156518,101.86902693019194,4.844783937229829,3.2349588871002197,0.0
"108,160",2502.4986163064714,32.330137729644775,48.494123697280884,22.631627798080444,0.0,106.65770196914673,32.330137729644775,48.494123697280884,19.398274421691895,0.0,106.65770196914673,146150.07077753684,54705.71981740278,5822.386850162582,835.1283457195057,150.97310555775962,6.463973760604858,146155.8275325747,54817.96687265283,5840.963653650471,838.3648483669056,157.43762648900352,6.463973760604858,146168.7633181067,54842.93930259685,5834.498885002324,841.5979275619281,157.43762648900352,6.463973760604858,146223.63536253068,54880.117712459374,5860.357655611226,848.0627350723041,157.43904507954917,6.463973760604858,146291.61462363074,54878.50082058532,5873.288508024403,853.8039637341219,157.43904507954917,6.463973760604858,29.09792423248291,3.2322134971618652,0.0,0.0,0.0,0.0,48.494123697280884,0.0,0.0,0.0,0.0,0.0,16.16526508331299,3.2330093383789062,0.0,0.0,0.0,0.0,0.0,0.0,0.0,0.0,0.0,0.0,96.96164202690125,9.696059942245483,0.0,0.0,0.0,0.0
"109,160",2501.113924683411,11.29207782090879,53.47998078570646,27.635910351136154,38.781471252441406,114.71022225548239,11.29207782090879,53.47998078570646,27.635910351136154,38.781471252441406,114.71022225548239,57587.33420945429,78674.0483075572,31757.248933050676,11268.989257496478,9604.020088955935,3445.5341136072198,57711.63893423455,78765.37804480628,31967.227762936604,11380.60550628924,9741.478051177193,3477.845360956005,57756.086080559566,78877.7265215481,32170.752684830677,11572.649529092452,9847.261072951673,3484.3008010004082,57822.39913834871,79040.69319035774,32387.192596673023,11732.542726870144,10012.816733577205,3532.755921087078,57819.88363796029,79250.67876960998,32621.569640105376,11888.656893180401,10356.0675366196,3594.1367904756585,8.06032733262754,3.23175048828125,0.0,0.0,0.0,0.0,27.632463056900924,25.847517728805542,0.0,0.0,0.0,0.0,19.386255264282227,8.249655086853926,0.0,0.0,0.0,0.0,29.086153984069824,9.695317268371582,0.0,0.0,0.0,0.0,54.93517255783081,53.31232596565695,6.462723731994629,0.0,0.0,0.0
"110,160",2499.5770762296875,12.919070959091187,72.48462212038976,117.70640265894872,6.459531784057617,61.367496728897095,12.919070959091187,72.48462212038976,117.70640265894872,6.459531784057617,61.367496728897095,33666.36556791885,71160.50768296297,48472.64277861072,23132.859806401124,10338.274252278197,943.0361950752783,33698.644536968306,71326.18071330854,48849.79366825236,23520.60602868679,10617.385538910885,985.023055827384,33752.45132266119,71472.50516719723,49300.68143521384,23881.845043705962,10859.545199202556,1004.400599753623,33827.75117269871,71773.76333195553,49723.07263596386,24171.338855667676,11051.647542124168,1007.6311745998908,33950.450616515845,72133.7707682862,50233.007560830956,24635.889660866123,11339.016882923537,1033.4669173119116,6.459685802459717,6.45938515663147,0.0,0.0,0.0,0.0,27.270151018628887,35.52639985084534,9.688071250915527,0.0,0.0,0.0,64.59863948822021,40.19029056979161,3.22955584526062,9.68791675567627,0.0,0.0,0.0,3.2300124168395996,3.2295193672180176,0.0,0.0,0.0,35.528218030929565,19.379483938217163,6.459794759750366,0.0,0.0,0.0
"111,160",2497.8886039612894,0.0,0.0,0.0,0.0,0.0,0.0,0.0,0.0,0.0,0.0,17499.46442909147,46766.75413445398,33582.0971629816,13025.619873492858,8420.794490428063,2494.191622960334,17230.049588380138,47497.47098752378,34528.211177270554,13479.653126279047,8662.81698325475,2492.571900866078,17386.81725884606,48038.458384468046,35376.2997962185,13848.863539228254,8831.249291374168,2534.5215361333358,17663.248934328785,48566.750806289565,35926.34505210016,14087.9324906237,8956.277294943378,2458.7016685252097,17819.73833664071,49020.03614120858,36305.520415870815,14399.701769061183,9066.823949663312,2419.9855706934836,0.0,0.0,0.0,0.0,0.0,0.0,0.0,0.0,0.0,0.0,0.0,0.0,0.0,0.0,0.0,0.0,0.0,0.0,0.0,0.0,0.0,0.0,0.0,0.0,0.0,0.0,0.0,0.0,0.0,0.0
"112,160",2496.049092636503,0.0,0.0,0.0,0.0,0.0,0.0,0.0,0.0,0.0,0.0,16533.076079606075,44191.28905542598,39693.750783673444,17115.730702705012,8161.202266154571,862.4256228512409,16836.210875271816,44913.79244895541,40797.63781450777,17648.217491054536,8461.869934565413,868.8803564613941,16999.840855849958,45448.69771841553,41577.58266694125,18111.29231021545,8724.829419925167,904.3434292381885,17115.942750943876,45916.38157792278,42236.11196796286,18553.580448009456,8901.01847913499,891.4534098213794,17272.337746106878,46378.40476074312,42917.30831547812,18876.467996579526,9069.501610228595,904.3568369454028,0.0,0.0,0.0,0.0,0.0,0.0,0.0,0.0,0.0,0.0,0.0,0.0,0.0,0.0,0.0,0.0,0.0,0.0,0.0,0.0,0.0,0.0,0.0,0.0,0.0,0.0,0.0,0.0,0.0,0.0
"113,160",2493.925384702864,0.0,3.222825288772583,0.0,0.0,3.222712516784668,0.0,3.222825288772583,0.0,0.0,3.222712516784668,35879.3686231501,44690.112388288275,33556.80457657459,15303.657183353575,9479.55409456328,1255.4603393180698,36129.60694759968,44872.02498958064,33710.714103944636,15355.194658939512,9479.539920578753,1239.3510940177769,36477.4774560171,45006.93063314568,33793.25949011504,15326.673530561786,9474.99827606351,1232.9103295905918,36828.05917847016,45170.16084950578,33977.73628981628,15428.460164336597,9475.896930995641,1213.5782983405918,36940.80447733262,45608.07502190085,34171.081219740474,15560.601678637897,9590.28300209326,1202.3091793022902,0.0,0.0,0.0,0.0,0.0,0.0,0.0,0.0,3.222825288772583,0.0,0.0,0.0,0.0,0.0,0.0,0.0,0.0,0.0,0.0,0.0,0.0,0.0,0.0,0.0,0.0,0.0,0.0,3.222712516784668,0.0,0.0
"114,160",2482.5772716875376,0.0,0.0,0.0,0.0,0.0,0.0,0.0,0.0,0.0,0.0,61692.403192903475,48732.85052895078,20583.260654247504,9119.83427422374,6041.3069928571285,1883.9056355438981,62386.28180114147,49628.37654481309,21059.888934585157,9274.328457525666,6160.423182813794,1864.59683341606,62759.34006106058,49965.10733759451,21073.71333310183,9266.455066873514,6053.143408087188,1768.0436148129259,62990.43628628674,50083.77795953097,20956.384702902214,9057.209031774484,5857.866632847692,1673.1094485684937,63402.51751011866,50327.22773960525,20965.41856779398,8920.808764950434,5751.640945343877,1589.4306680127686,0.0,0.0,0.0,0.0,0.0,0.0,0.0,0.0,0.0,0.0,0.0,0.0,0.0,0.0,0.0,0.0,0.0,0.0,0.0,0.0,0.0,0.0,0.0,0.0,0.0,0.0,0.0,0.0,0.0,0.0
"115,160",2489.6217392259277,0.0,0.0,0.0,0.0,16.075955390930176,0.0,0.0,0.0,0.0,16.075955390930176,67036.11314702782,34047.87275185117,10638.262454517215,3879.361561896754,3159.3336548449947,1322.9342189461577,68088.18629756535,34449.69745623364,10701.02092698228,3914.752344968272,3122.351024764192,1277.8990650803435,68736.68958118008,34401.10995789696,10668.684035015105,3835.066170002432,2992.073132956262,1232.8630936772215,69200.34291524418,34307.69142273641,10582.476603645437,3712.8285868420317,2891.5424485234657,1158.8772068650114,70307.81353098738,34510.85325045959,10673.198954108182,3731.957770833782,2829.631317286398,1117.0559380680907,0.0,0.0,0.0,0.0,0.0,0.0,0.0,0.0,0.0,0.0,0.0,0.0,0.0,0.0,0.0,0.0,0.0,0.0,0.0,0.0,0.0,0.0,0.0,0.0,6.430633306503296,9.64532208442688,0.0,0.0,0.0,0.0
"116,160",2487.185001929278,41.778403997421265,286.0215344429016,112.48171710968018,3.2131571769714355,0.0,35.350953817367554,286.0215344429016,112.48171710968018,3.2131571769714355,0.0,63456.10380219946,37530.20629467684,13514.732624894497,4926.420048912834,3270.354762799132,436.9286654668696,64049.452287308384,37911.76312328788,13508.296163684246,4865.383489133797,3246.269517452577,427.28899199541877,63884.53137833839,38118.947836613195,13461.672820799024,4854.852855342977,3246.2621485298755,398.3730066495783,63529.97613933788,37945.45068961312,13344.397160423503,4776.147388758379,3185.222667167701,366.24061591204475,65251.73844649372,38254.6942813892,13252.817178208219,4756.8875731486905,3226.9732422333136,361.4233738039054,35.350953817367554,0.0,0.0,0.0,0.0,0.0,279.59601974487305,0.0,6.4255146980285645,0.0,0.0,0.0,112.48171710968018,0.0,0.0,0.0,0.0,0.0,0.0,0.0,3.2131571769714355,0.0,0.0,0.0,0.0,0.0,0.0,0.0,0.0,0.0
"117,160",2484.60091234213,44.94811153411865,154.10582756996155,105.94904780387878,64.21242237091064,99.52830076217651,44.94811153411865,154.10582756996155,105.94904780387878,64.21242237091064,96.31780576705933,22421.968535402706,37046.89758572205,19050.250676456155,7014.292697970072,3046.4256705115818,118.76972007751465,22605.6595248587,37338.92696083948,19153.04619807262,7056.030913893382,3091.366115934708,118.77116990089417,22812.68809914215,37745.549805818824,19514.928954292747,7166.788742946176,3139.522750027039,121.98296189308167,23144.833874130247,38641.08982016059,20165.739135172786,7297.6782567080345,3236.644460276996,115.56508207321167,23554.26368914118,39210.187601262456,20701.909008151408,7454.97304506863,3349.016000346576,115.56417679786682,12.842406511306763,19.263725757598877,12.841979265213013,0.0,0.0,0.0,67.42188048362732,64.21037316322327,19.263115644454956,3.210458278656006,0.0,0.0,35.31733441352844,32.105506896972656,22.473976135253906,16.05223035812378,0.0,0.0,12.842564582824707,48.15927743911743,3.210580348968506,0.0,0.0,0.0,22.47436809539795,28.895674228668213,32.10523509979248,12.842528343200684,0.0,0.0
"118,160",2481.870355016522,0.0,0.0,0.0,0.0,0.0,0.0,0.0,0.0,0.0,0.0,13444.790710437066,18185.4381989264,8421.870906299704,1886.3718799450817,1300.3185462409374,311.19861258338483,13789.443414289814,18786.719356592028,8740.289431554196,1895.9901317456188,1303.5343601161358,311.19861258338483,14635.333234826257,19709.217748480216,9112.135344964385,1956.8877889016094,1341.9907028132793,314.40564931701215,15285.114088661532,20803.49843192568,9431.989802362406,2021.7126349000368,1377.252233359393,314.40356863807233,15796.27057044927,21792.269596455146,9792.806445746328,2079.4178980378542,1366.0298524650873,314.40356863807233,0.0,0.0,0.0,0.0,0.0,0.0,0.0,0.0,0.0,0.0,0.0,0.0,0.0,0.0,0.0,0.0,0.0,0.0,0.0,0.0,0.0,0.0,0.0,0.0,0.0,0.0,0.0,0.0,0.0,0.0
"119,160",2478.9942623687825,0.0,0.0,0.0,0.0,0.0,0.0,0.0,0.0,0.0,0.0,58418.468630590636,26521.483245441024,6565.701135575537,2031.2083009401958,2666.0318415688535,1590.8825953249839,57939.321249019406,26507.773935157176,6552.536004455416,2002.3835889021557,2669.2374136971493,1603.6846313719657,59222.23194923962,27320.451384550917,6878.41823345446,2140.078029982249,2808.4920853736353,1648.5053904299643,60709.5726052705,27869.660040443083,7092.268014690922,2248.919228665034,2890.6272053727917,1678.3661859306635,62101.02374951699,28517.795866035944,7206.375670782724,2280.926425568263,2945.0542838582805,1719.9808438095392,0.0,0.0,0.0,0.0,0.0,0.0,0.0,0.0,0.0,0.0,0.0,0.0,0.0,0.0,0.0,0.0,0.0,0.0,0.0,0.0,0.0,0.0,0.0,0.0,0.0,0.0,0.0,0.0,0.0,0.0
"120,160",2475.9736139838146,0.0,0.0,0.0,0.0,0.0,0.0,0.0,0.0,0.0,0.0,8277.902420014027,12453.759383812137,8171.872098214954,3239.9807590409823,3497.522690248489,2676.1874648748662,8263.996497922784,12631.893234828876,8258.207746387932,3307.158246175916,3517.0735499858856,2672.985059898975,8261.359554398292,12686.607916787092,8273.729865312576,3294.357082979352,3504.280892690023,2597.0114679476796,8630.033221798318,13166.209804488164,8335.359444685542,3322.699449973013,3515.656858142217,2521.1538341905557,8934.68604442933,13476.855134807847,8332.891742252836,3310.2844683647154,3486.870348628362,2473.1793738271676,0.0,0.0,0.0,0.0,0.0,0.0,0.0,0.0,0.0,0.0,0.0,0.0,0.0,0.0,0.0,0.0,0.0,0.0,0.0,0.0,0.0,0.0,0.0,0.0,0.0,0.0,0.0,0.0,0.0,0.0
"121,160",2472.8094358728604,0.0,0.0,0.0,0.0,0.0,0.0,0.0,0.0,0.0,0.0,15949.857329255457,26790.567628085377,14313.353598688163,4422.175783634186,2138.055165563845,461.2407917125552,15863.18401478973,26902.07895115871,14563.28955936993,4454.104987382889,2182.4169649946925,470.82284871176176,15850.029170934826,26899.983328954848,14623.287789365357,4428.545778512955,2199.18628987331,461.2399784667819,15763.065900294921,26822.80708025483,14623.363111934477,4457.743095197865,2207.7245676956927,457.6988681419223,15880.08131399061,27052.42530602754,14509.203991660886,4433.064169462054,2185.357318922118,451.3121298415988,0.0,0.0,0.0,0.0,0.0,0.0,0.0,0.0,0.0,0.0,0.0,0.0,0.0,0.0,0.0,0.0,0.0,0.0,0.0,0.0,0.0,0.0,0.0,0.0,0.0,0.0,0.0,0.0,0.0,0.0
"122,160",2469.5027997219686,0.0,0.0,0.0,0.0,0.0,0.0,0.0,0.0,0.0,0.0,3603.8281068895376,3968.970120686176,3857.271182955948,2428.8810659137425,2483.9580365237066,893.5634476605584,3635.0042093426573,4104.614814084184,4005.6225453853613,2523.506198236054,2512.6713651236364,858.46601933872,3649.3418820100674,4152.8078512500315,4047.4414224998627,2580.9021259036717,2388.253156524546,742.018612650329,3822.324076565574,4270.824484760621,4154.378640342226,2567.0542472886104,2352.711213409199,646.332176474029,3937.209046276878,4443.144266064027,4307.577794745389,2625.625986141317,2321.618224351546,604.8788576397242,0.0,0.0,0.0,0.0,0.0,0.0,0.0,0.0,0.0,0.0,0.0,0.0,0.0,0.0,0.0,0.0,0.0,0.0,0.0,0.0,0.0,0.0,0.0,0.0,0.0,0.0,0.0,0.0,0.0,0.0
"123,160",2466.054822083728,0.0,0.0,0.0,0.0,0.0,0.0,0.0,0.0,0.0,0.0,1906.8808384100598,1581.5772051670972,1956.230290773803,2121.5888370915955,5357.843131089678,1873.4083148647755,1973.0234258044002,1722.7793317486257,2206.0455833173264,2457.4552869245117,6117.5242304736485,2099.313616836772,2246.1680164037966,1979.013292800679,2473.30361569255,2736.7288119418945,6724.79656161327,2277.0470860902,2591.0314545332217,2271.0785373743847,2798.612199287789,3035.554709118488,7319.930793458339,2451.585360308254,2748.710628209394,2416.52913720187,3041.0592163487977,3196.177062963037,7646.749974137661,2520.2359762135675,0.0,0.0,0.0,0.0,0.0,0.0,0.0,0.0,0.0,0.0,0.0,0.0,0.0,0.0,0.0,0.0,0.0,0.0,0.0,0.0,0.0,0.0,0.0,0.0,0.0,0.0,0.0,0.0,0.0,0.0
"124,160",2462.4666635525505,0.0,0.0,0.0,0.0,0.0,0.0,0.0,0.0,0.0,0.0,2125.172108998018,4474.88050681937,6010.667178837459,7194.5028030189815,17816.192151354808,9770.758226294609,2280.4401582736596,4788.247241200653,6435.516567568685,7808.754601544961,19147.53053511358,10363.45190034193,2336.8844670922153,5087.4028843225215,6923.238649829229,8347.306255526635,20223.487337287264,10496.961664956223,2512.626703404446,5448.639038056953,7440.692286177243,8956.47748559316,21334.713564677335,10610.578203920288,2699.5933436281543,5793.959662499146,7690.786189654294,9286.69768041162,21826.29884113611,10705.03218080109,0.0,0.0,0.0,0.0,0.0,0.0,0.0,0.0,0.0,0.0,0.0,0.0,0.0,0.0,0.0,0.0,0.0,0.0,0.0,0.0,0.0,0.0,0.0,0.0,0.0,0.0,0.0,0.0,0.0,0.0
"125,160",2458.7395277393234,0.0,0.0,0.0,0.0,0.0,0.0,0.0,0.0,0.0,0.0,2970.5906317000295,6293.807580514047,8119.69441108049,8708.534306761798,26284.030446441502,27060.263560895357,3002.3697473769093,6350.99203280935,8215.00815777124,8881.737943506241,26881.886198851644,27744.76794576738,3002.366297221651,6427.214062972162,8208.647595446717,9018.2878054142,27187.68509991683,28243.224191458085,2961.090072370043,6433.591887040231,8125.378743740156,8956.36683233953,26941.74480301352,27697.794141567454,2986.4891829256917,6432.882260839611,8111.978727667939,8915.108869397407,27093.63666074136,27757.374154801466,0.0,0.0,0.0,0.0,0.0,0.0,0.0,0.0,0.0,0.0,0.0,0.0,0.0,0.0,0.0,0.0,0.0,0.0,0.0,0.0,0.0,0.0,0.0,0.0,0.0,0.0,0.0,0.0,0.0,0.0
"126,160",2454.8746610207604,0.0,0.0,0.0,0.0,0.0,0.0,0.0,0.0,0.0,0.0,4365.374507079405,7685.300721195633,10008.60289832377,10602.527020382415,31477.61316168074,65440.00938051448,4346.336564669889,7688.466981438095,9986.393506014581,10643.747278141509,31515.63664805655,65818.78093304916,4367.822340757706,7770.905056026871,10002.25112625384,10768.13852932687,31813.027499368138,66287.29168938563,4393.213266403534,7796.299328115875,10058.580372034336,10774.520562913372,31784.65899980769,66049.6361736494,4378.086064944548,7755.095346239502,10050.703583498564,10658.801158864826,31503.44993124569,65162.080288049285,0.0,0.0,0.0,0.0,0.0,0.0,0.0,0.0,0.0,0.0,0.0,0.0,0.0,0.0,0.0,0.0,0.0,0.0,0.0,0.0,0.0,0.0,0.0,0.0,0.0,0.0,0.0,0.0,0.0,0.0
"127,160",2450.8733508365153,0.0,0.0,0.0,0.0,0.0,0.0,0.0,0.0,0.0,0.0,10384.795266981686,16658.748499195248,18767.77451101752,18428.549177338093,45900.39021711631,73360.09596911412,10400.63122570094,16636.558834831387,18747.64159268491,18400.081257273167,45883.004044908645,73334.95880495894,10379.20298168519,16630.09551470607,18762.712306406916,18350.340544672574,45811.08843524409,73307.42076035388,10271.57959577897,16521.669323244285,18533.230836522343,18158.854834284502,45176.38022373611,71987.45645953628,10160.098345394696,16387.137472296698,18286.380951953404,17895.371887303336,44468.1607218761,70626.4041165436,0.0,0.0,0.0,0.0,0.0,0.0,0.0,0.0,0.0,0.0,0.0,0.0,0.0,0.0,0.0,0.0,0.0,0.0,0.0,0.0,0.0,0.0,0.0,0.0,0.0,0.0,0.0,0.0,0.0,0.0
"128,160",1453.7184056606459,0.0,0.0,0.0,0.0,0.0,0.0,0.0,0.0,0.0,0.0,14157.187257509604,19939.48232190562,17873.920896654505,16329.097092607912,35037.385197048556,24469.973283995834,14109.760017376319,19917.34720246745,17862.546498018153,16294.319090345796,34977.28987404131,24377.477755707387,14128.726289015189,19905.22481363614,17859.385267215617,16250.834631513148,34811.27990580165,24094.648761166776,14086.055415294684,19891.775520644464,17818.284242349513,16231.867741178065,34642.91507612957,23909.655177387536,14008.57972030733,19794.55848925908,17653.86176224316,16124.347667287378,34219.188601129186,23464.131890194087,0.0,0.0,0.0,0.0,0.0,0.0,0.0,0.0,0.0,0.0,0.0,0.0,0.0,0.0,0.0,0.0,0.0,0.0,0.0,0.0,0.0,0.0,0.0,0.0,0.0,0.0,0.0,0.0,0.0,0.0
"90,161",207.4334051554819,0.0,0.0,0.0,0.0,0.0,0.0,0.0,0.0,0.0,0.0,0.0,0.0,0.0,0.0,0.0,0.0,0.0,0.0,0.0,0.0,0.0,0.0,0.0,0.0,0.0,0.0,0.0,0.0,0.0,0.0,0.0,0.0,0.0,0.0,0.0,0.0,0.0,0.0,0.0,0.0,0.0,0.0,0.0,0.0,0.0,0.0,0.0,0.0,0.0,0.0,0.0,0.0,0.0,0.0,0.0,0.0,0.0,0.0,0.0,0.0,0.0,0.0,0.0,0.0,0.0,0.0,0.0,0.0,0.0,0.0
"91,161",1723.1255780238641,0.0,0.0,0.0,0.0,0.0,0.0,0.0,0.0,0.0,0.0,232.75350832939148,3.232628107070923,0.0,0.0,0.0,0.0,294.1770091056824,3.232628107070923,0.0,0.0,0.0,0.0,349.1361789703369,3.232628107070923,0.0,0.0,0.0,0.0,332.97277188301086,3.232628107070923,0.0,0.0,0.0,0.0,349.1375148296356,0.0,0.0,0.0,0.0,0.0,0.0,0.0,0.0,0.0,0.0,0.0,0.0,0.0,0.0,0.0,0.0,0.0,0.0,0.0,0.0,0.0,0.0,0.0,0.0,0.0,0.0,0.0,0.0,0.0,0.0,0.0,0.0,0.0,0.0,0.0
"92,161",2498.4768413330426,0.0,0.0,0.0,0.0,0.0,0.0,0.0,0.0,0.0,0.0,3.2337818145751953,9.70116376876831,0.0,3.233764886856079,0.0,0.0,3.2337818145751953,9.70116376876831,0.0,3.233764886856079,0.0,0.0,3.2337818145751953,9.70116376876831,3.2337706089019775,3.233764886856079,0.0,0.0,3.2337818145751953,16.168557167053223,3.2337706089019775,3.233764886856079,0.0,0.0,3.2337818145751953,16.168557167053223,3.2337706089019775,3.233764886856079,0.0,0.0,0.0,0.0,0.0,0.0,0.0,0.0,0.0,0.0,0.0,0.0,0.0,0.0,0.0,0.0,0.0,0.0,0.0,0.0,0.0,0.0,0.0,0.0,0.0,0.0,0.0,0.0,0.0,0.0,0.0,0.0
"93,161",2504.9618158324524,0.0,0.0,0.0,0.0,0.0,0.0,0.0,0.0,0.0,0.0,323.5984773635864,16.179980278015137,0.0,0.0,0.0,0.0,294.473019361496,9.707770824432373,0.0,0.0,0.0,0.0,265.3498089313507,9.707770824432373,0.0,0.0,0.0,0.0,268.5859384536743,9.707770824432373,0.0,0.0,0.0,0.0,271.82127833366394,9.707770824432373,0.0,0.0,0.0,0.0,0.0,0.0,0.0,0.0,0.0,0.0,0.0,0.0,0.0,0.0,0.0,0.0,0.0,0.0,0.0,0.0,0.0,0.0,0.0,0.0,0.0,0.0,0.0,0.0,0.0,0.0,0.0,0.0,0.0,0.0
"94,161",2476.357204996248,0.0,0.0,0.0,0.0,0.0,0.0,0.0,0.0,0.0,0.0,1012.0132043417761,38.845351219177246,0.0,0.0,0.0,0.0,897.8931181402768,38.84511637687683,0.0,0.0,0.0,0.0,1214.2821263210444,58.26503849029541,0.0,0.0,0.0,0.0,1354.2280822997002,55.027631521224976,0.0,0.0,0.0,0.0,1577.5700714045881,80.92289638519287,0.0,0.0,0.0,0.0,0.0,0.0,0.0,0.0,0.0,0.0,0.0,0.0,0.0,0.0,0.0,0.0,0.0,0.0,0.0,0.0,0.0,0.0,0.0,0.0,0.0,0.0,0.0,0.0,0.0,0.0,0.0,0.0,0.0,0.0
"95,161",2464.9883933244096,0.0,0.0,0.0,0.0,0.0,0.0,0.0,0.0,0.0,0.0,880.3836717353148,19.425541162490845,0.0,0.0,0.0,0.0,898.720449106366,12.950058937072754,0.0,0.0,0.0,0.0,1162.0444340546926,19.42620015144348,0.0,0.0,0.0,0.0,1372.525275214513,19.42620015144348,0.0,0.0,0.0,0.0,1412.4862723948909,19.42620015144348,0.0,0.0,0.0,0.0,0.0,0.0,0.0,0.0,0.0,0.0,0.0,0.0,0.0,0.0,0.0,0.0,0.0,0.0,0.0,0.0,0.0,0.0,0.0,0.0,0.0,0.0,0.0,0.0,0.0,0.0,0.0,0.0,0.0,0.0
"96,161",2462.578735826086,0.0,0.0,0.0,0.0,0.0,0.0,0.0,0.0,0.0,0.0,8129.787443246094,48.58296728134155,0.0,0.0,0.0,0.0,8270.77207962485,48.58296728134155,0.0,0.0,0.0,0.0,11917.212959079181,82.40555022651074,0.0,0.0,0.0,0.0,14695.700521597208,98.59899638587353,0.0,0.0,0.0,0.0,16317.703434354182,105.07639788085339,0.0,0.0,0.0,0.0,0.0,0.0,0.0,0.0,0.0,0.0,0.0,0.0,0.0,0.0,0.0,0.0,0.0,0.0,0.0,0.0,0.0,0.0,0.0,0.0,0.0,0.0,0.0,0.0,0.0,0.0,0.0,0.0,0.0,0.0
"97,161",2463.779832767688,0.0,0.0,0.0,0.0,0.0,0.0,0.0,0.0,0.0,0.0,36728.50191275372,6272.011597653931,814.60357763627,234.89614048658632,204.09005188941956,35.63513159751892,39157.63542406887,6443.70463943014,895.5915622935576,264.05197706877016,236.48544192314148,45.35380744934082,44555.09738648826,6592.288644431619,934.4657898173613,280.2494212692859,249.4433798789978,45.353636264801025,47548.03777874031,6668.421621157141,953.902731441049,281.83729004859924,249.44317293167114,42.114136934280396,49228.7033324971,6783.12377389272,1018.693129085092,301.27458000183105,252.6824131011963,42.11414408683777,0.0,0.0,0.0,0.0,0.0,0.0,0.0,0.0,0.0,0.0,0.0,0.0,0.0,0.0,0.0,0.0,0.0,0.0,0.0,0.0,0.0,0.0,0.0,0.0,0.0,0.0,0.0,0.0,0.0,0.0
"98,161",2508.0114106780043,0.0,0.0,0.0,0.0,0.0,0.0,0.0,0.0,0.0,0.0,120874.58598493315,56183.481789300014,11159.317693192352,1435.1602060701332,450.3274552822113,38.87637639045715,121007.4195284722,56779.67550381772,11334.264499623168,1444.879098406025,466.5264995098114,38.87637639045715,120984.74189232565,57174.83979519769,11444.419954497207,1474.0374483968696,476.24592781066895,42.1159610748291,121398.71185494217,57433.21234762154,11522.088813758364,1503.1965703870735,482.72580122947693,42.1159610748291,121933.27916122231,57980.106250660094,11551.250018096438,1499.95693897266,476.24689960479736,38.876346826553345,0.0,0.0,0.0,0.0,0.0,0.0,0.0,0.0,0.0,0.0,0.0,0.0,0.0,0.0,0.0,0.0,0.0,0.0,0.0,0.0,0.0,0.0,0.0,0.0,0.0,0.0,0.0,0.0,0.0,0.0
"99,161",2499.533619571077,0.0,0.0,0.0,0.0,0.0,0.0,0.0,0.0,0.0,0.0,62033.17603015432,72877.87095187785,19069.89304969919,2886.32593347699,637.4620312269997,22.679883241653442,63437.78840237224,74676.94446096981,19390.650989037873,2986.7652616706546,640.7019938048195,22.679883241653442,64058.95816547824,75966.55435093898,19772.968721848847,3019.165210267609,637.461984020121,19.439913988113403,64525.5145309682,76792.91515865139,20060.602551442506,3106.644372245377,634.2221628245186,16.199936151504517,64955.01905817518,78352.14350092832,20472.969062386306,3164.9638102260287,653.6620486792397,19.43991708755493,0.0,0.0,0.0,0.0,0.0,0.0,0.0,0.0,0.0,0.0,0.0,0.0,0.0,0.0,0.0,0.0,0.0,0.0,0.0,0.0,0.0,0.0,0.0,0.0,0.0,0.0,0.0,0.0,0.0,0.0
"100,161",2468.4752070268655,0.0,0.0,0.0,0.0,0.0,0.0,0.0,0.0,0.0,0.0,34104.791273119874,50744.89043944864,19401.53726982977,4897.583407387079,1997.0901626811308,343.4331269264221,34881.765832187615,52157.94215087049,20308.36074854533,5114.66052387649,2116.968554662256,372.59262204170227,35410.796138654034,53612.320318214566,20977.507395258137,5410.5509528281655,2223.074210984099,375.83254861831665,35663.53995163301,54331.70970347629,21290.30921083151,5516.656419886796,2234.4078291528367,374.3840657037847,35945.41650802762,54957.021745267564,21720.87975641419,5711.053131236283,2346.9927383020813,380.8638830942266,0.0,0.0,0.0,0.0,0.0,0.0,0.0,0.0,0.0,0.0,0.0,0.0,0.0,0.0,0.0,0.0,0.0,0.0,0.0,0.0,0.0,0.0,0.0,0.0,0.0,0.0,0.0,0.0,0.0,0.0
"101,161",2491.9659478455574,0.0,0.0,0.0,0.0,0.0,0.0,0.0,0.0,0.0,0.0,25354.658238841042,50398.82967552017,27059.213657913955,8214.458792881873,3033.4408486964658,332.8879689618653,25669.00734507336,50970.54195270165,27428.712381203033,8313.78807830717,3101.47847591662,342.60740822997747,26074.51182982501,51651.961159938,27787.64456018186,8453.607819100922,3155.743272310145,319.92869657722173,26620.591918773276,52559.2285798559,28180.722752794565,8589.676524182862,3203.271982535194,321.3641752626382,26935.65818974551,53324.015714620145,28847.747509222405,8854.521777497086,3345.006237724716,344.04227680225,0.0,0.0,0.0,0.0,0.0,0.0,0.0,0.0,0.0,0.0,0.0,0.0,0.0,0.0,0.0,0.0,0.0,0.0,0.0,0.0,0.0,0.0,0.0,0.0,0.0,0.0,0.0,0.0,0.0,0.0
"102,161",2507.7410604077477,3.239398717880249,6.478440999984741,9.717644691467285,0.0,0.0,3.239398717880249,6.478440999984741,9.717644691467285,0.0,0.0,55868.87476224524,60672.47140746211,24785.26627455132,6595.307528774411,5159.190001943999,3697.083751796273,55825.96874166843,60732.69330215361,24675.133475103565,6485.894828876795,5058.771414736205,3632.299271462945,55816.25322748539,60796.87281717226,24622.23005409895,6354.886797151378,4811.872786661223,3408.790392278222,55917.756743046804,61133.773133649076,24776.650738595512,6364.958926917057,4796.046617171343,3318.4458092829755,56257.893475148245,61849.68265197511,25242.30882792753,6575.514197588902,4890.340219677196,3302.24828950377,3.239398717880249,0.0,0.0,0.0,0.0,0.0,0.0,6.478440999984741,0.0,0.0,0.0,0.0,6.478433132171631,3.2392115592956543,0.0,0.0,0.0,0.0,0.0,0.0,0.0,0.0,0.0,0.0,0.0,0.0,0.0,0.0,0.0,0.0
"103,161",2507.2774472779884,0.0,3.2390053272247314,51.82396173477173,0.0,0.0,0.0,3.2390053272247314,51.82396173477173,0.0,0.0,54778.01250343697,51308.468210635474,19289.05638746561,7344.070979077208,5802.685936963325,3786.8280217787797,54884.17493083898,51566.182383472784,19372.895602851757,7307.980514988246,5766.701707029343,3760.9146480700547,55152.625338689955,51802.94791219094,19417.870694178226,7184.901687277065,5524.505022508959,3556.866419090944,55249.312571915456,51965.68787796824,19444.233765917197,7158.639433953341,5505.781630577761,3365.423524831323,55683.65511707885,52653.10307496949,19749.478155971978,7225.049901692074,5537.825365327387,3268.267240260629,0.0,0.0,0.0,0.0,0.0,0.0,3.2390053272247314,0.0,0.0,0.0,0.0,0.0,42.106996059417725,9.716965675354004,0.0,0.0,0.0,0.0,0.0,0.0,0.0,0.0,0.0,0.0,0.0,0.0,0.0,0.0,0.0,0.0
"104,161",2506.659549016291,0.0,0.0,0.0,0.0,0.0,0.0,0.0,0.0,0.0,0.0,53996.72420666919,64284.54497526394,30805.892298044884,11999.303711094575,8741.577139360765,2878.387626281439,54253.229044682375,65029.274367792474,31158.112112317365,12170.109191082973,8854.4511503444,2901.0524617344727,54397.389985657675,65536.00855526458,31398.0826017118,12270.841521059298,8886.831568883446,2888.1002889782776,54207.3374417651,65049.470694613934,30954.00443634239,12089.50449088695,8593.248866405673,2778.0104221016754,54093.64879889397,64787.7256189683,30880.344938020145,11959.986617202385,8431.347082939334,2684.108745923697,0.0,0.0,0.0,0.0,0.0,0.0,0.0,0.0,0.0,0.0,0.0,0.0,0.0,0.0,0.0,0.0,0.0,0.0,0.0,0.0,0.0,0.0,0.0,0.0,0.0,0.0,0.0,0.0,0.0,0.0
"105,161",2505.8875818689494,0.0,5.661756287369073,3.237096071243286,0.0,0.0,0.0,5.661756287369073,3.237096071243286,0.0,0.0,109090.97702625874,70336.71473779585,15098.65901565926,3635.6083251036853,2143.9132445952473,1812.7247302532196,109348.47348324553,70909.62454675973,15303.659817331913,3716.5355189837665,2185.9942458769856,1838.620894908905,109717.58723376684,71290.16362850151,15342.509544008853,3765.09523806946,2208.6505099436818,1841.8587937355042,109644.60142834607,71258.77840062216,15222.699966156717,3700.353300908968,2097.5236072540283,1712.37273478508,109585.52243203181,71191.8705805068,15119.115094149347,3638.846806386873,2003.6506996154785,1624.9702961444855,0.0,0.0,0.0,0.0,0.0,0.0,5.661756287369073,0.0,0.0,0.0,0.0,0.0,3.237096071243286,0.0,0.0,0.0,0.0,0.0,0.0,0.0,0.0,0.0,0.0,0.0,0.0,0.0,0.0,0.0,0.0,0.0
"106,161",2504.961815832462,0.0,0.0,0.0,0.0,0.0,0.0,0.0,0.0,0.0,0.0,76024.38250062327,77437.09154341642,29365.304688631317,7465.555502038844,2991.833037769093,308.4549803313087,76395.4122603725,77697.5582820453,29478.647574104045,7497.911325078852,3007.200059035245,301.98412175739514,76808.9294418868,77995.88226574917,29565.196761435152,7546.4411560114695,3046.0306623963747,295.51343436802136,77102.94240063311,78093.58784337045,29490.778218334795,7527.027894597895,2984.55573497099,279.3368277129005,77389.36060987547,78123.59262946261,29517.377959190628,7522.254347678727,2963.6973513294665,269.63129158581006,0.0,0.0,0.0,0.0,0.0,0.0,0.0,0.0,0.0,0.0,0.0,0.0,0.0,0.0,0.0,0.0,0.0,0.0,0.0,0.0,0.0,0.0,0.0,0.0,0.0,0.0,0.0,0.0,0.0,0.0
"107,161",2503.8825744462665,16.16818881034851,38.80523467063904,16.171719551086426,6.468286514282227,29.1082706451416,16.16818881034851,38.80523467063904,16.171719551086426,6.468286514282227,29.1082706451416,139198.4732267249,45412.76424155796,6156.671852993498,1368.654420824612,1133.238809192882,341.8041971150567,139434.6793186412,45415.19884011325,6173.5673821374485,1375.12506053027,1133.2389052755693,338.56911186610955,139609.34829900126,45534.88226363238,6187.316782203375,1375.1264533716092,1139.7080295927385,341.8039737168481,139919.11554608907,45576.93497821864,6187.3175577790125,1375.1260554510006,1126.7684822923998,335.33392934238213,140189.89689283184,45652.052942836985,6212.473675582923,1398.4924467451433,1112.0391627059264,335.3340871754815,9.700892686843872,6.467296123504639,0.0,0.0,0.0,0.0,29.1042902469635,9.700944423675537,0.0,0.0,0.0,0.0,12.937495231628418,3.234224319458008,0.0,0.0,0.0,0.0,6.468286514282227,0.0,0.0,0.0,0.0,0.0,22.640077114105225,6.468193531036377,0.0,0.0,0.0,0.0
"108,161",2502.650234544998,96.9998300075531,171.36483097076416,129.32812976837158,80.8373122215271,87.29682850837708,93.76657724380493,171.36483097076416,129.32812976837158,80.8373122215271,87.29682850837708,106087.23870950397,63939.69889449792,21496.61363737537,5512.250044643177,2518.6410078104805,238.46169890515944,106026.69112317139,63892.81531830395,21529.752486830137,5505.783166467441,2550.963279872782,248.15780176274916,106123.680030747,63996.26815577114,21474.789388542555,5499.317453443302,2541.2667912539314,251.39039267652174,106255.40977643328,63947.05305609422,21439.23413646736,5483.156855403675,2530.5053638458253,251.39039267652174,106338.64606702933,64009.190837102775,21445.695741062544,5525.1746614568365,2556.3628760814668,261.08689059369704,67.90048933029175,25.866087913513184,0.0,0.0,0.0,0.0,129.33244562149048,35.565823554992676,6.466561794281006,0.0,0.0,0.0,77.59868454933167,48.496328830718994,3.233116388320923,0.0,0.0,0.0,51.73584246635437,22.634328603744507,6.467141151428223,0.0,0.0,0.0,32.333728075027466,45.26412534713745,9.698975086212158,0.0,0.0,0.0
"109,161",2501.26522596971,6.461659669876099,0.0,0.0,0.0,0.0,6.461659669876099,0.0,0.0,0.0,0.0,40024.54471867785,74196.41413031465,44921.69340028483,17410.68359302446,11977.154194355013,2521.8023916431503,39930.931797549296,74159.0962974464,44831.23555435854,17384.840741862503,12033.863739173554,2518.575408334358,39878.435545612774,74241.66601692086,44863.53921236712,17388.069203653522,12005.588231160595,2515.3446510978774,39898.64055884117,74284.39929744495,44864.992772904574,17425.225406682257,12027.013167851579,2521.8079382129745,39932.74734024533,74303.07904253846,44974.836774197756,17496.29447702146,12048.81242222038,2499.1903463550643,6.461659669876099,0.0,0.0,0.0,0.0,0.0,0.0,0.0,0.0,0.0,0.0,0.0,0.0,0.0,0.0,0.0,0.0,0.0,0.0,0.0,0.0,0.0,0.0,0.0,0.0,0.0,0.0,0.0,0.0,0.0
"110,161",2499.7280312383577,0.0,12.91826581954956,48.44366812705994,0.0,0.0,0.0,12.91826581954956,48.44366812705994,0.0,0.0,25489.8622275446,73920.76742362134,58643.51424817478,20527.610839840945,7268.71588810846,610.932704447765,25588.126092684503,74329.30200762655,58943.754416507836,20743.948609037026,7392.861793643354,623.8474066248127,25704.331701052422,74728.88808537465,59315.06783751881,20996.90451770577,7560.791163808225,646.4530596723744,25807.62984515452,74939.55051566666,59623.587752953696,21253.629526204688,7730.1584410994665,675.5181696405598,25857.491369061372,75156.96662846266,59912.57582087611,21423.6843061578,7862.5555599063055,704.5827746381947,0.0,0.0,0.0,0.0,0.0,0.0,3.229570150375366,3.229570150375366,3.229562759399414,3.229562759399414,0.0,0.0,12.918323993682861,25.83664846420288,6.459125518798828,3.229570150375366,0.0,0.0,0.0,0.0,0.0,0.0,0.0,0.0,0.0,0.0,0.0,0.0,0.0,0.0
"111,161",2498.039185176989,0.0,0.0,0.0,0.0,0.0,0.0,0.0,0.0,0.0,0.0,22122.69548567323,56725.187580508806,41595.20666044646,14690.480451748419,6884.29358422242,1426.0978589057922,22466.35807833578,57780.79944791046,42714.83037417823,15223.632719434476,7268.575248792125,1484.1740369796753,22807.257229309456,58549.688624245515,43559.673414910074,15664.50585311815,7481.261968776293,1513.2104852199554,23077.967719416523,59297.096618973046,44398.64909073138,16007.337732150509,7671.535887613484,1500.3059289455414,23207.03615174761,59799.65387627845,44989.11497970843,16295.56740307247,7851.403771753873,1516.435774564743,0.0,0.0,0.0,0.0,0.0,0.0,0.0,0.0,0.0,0.0,0.0,0.0,0.0,0.0,0.0,0.0,0.0,0.0,0.0,0.0,0.0,0.0,0.0,0.0,0.0,0.0,0.0,0.0,0.0,0.0
"112,161",2496.1992745104835,0.0,0.0,0.0,0.0,0.0,0.0,0.0,0.0,0.0,0.0,31487.022024218233,47235.171045439856,44702.01171645557,17825.722552571573,8420.106102998583,733.1961857431075,31835.55651852663,47709.1476339789,45311.08113013249,18134.134470419787,8612.45512957573,755.7680944554946,32161.09637353373,48117.248790159414,45748.91373157501,18404.645725323167,8797.341136805217,775.1172744386337,32461.25987563133,48641.28985397021,46372.47553051874,18699.34559794781,8905.110362787807,762.2181517236373,32696.635876989363,49110.986889798965,46943.596071266664,18985.499849440068,9119.992176831003,758.9930481069229,0.0,0.0,0.0,0.0,0.0,0.0,0.0,0.0,0.0,0.0,0.0,0.0,0.0,0.0,0.0,0.0,0.0,0.0,0.0,0.0,0.0,0.0,0.0,0.0,0.0,0.0,0.0,0.0,0.0,0.0
"113,161",2465.8634130085,0.0,0.0,3.2223331928253174,0.0,0.0,0.0,0.0,3.2223331928253174,0.0,0.0,43114.07762478381,45283.890199892194,23218.63079880359,8230.22156010983,3570.725899881475,378.9444170175814,43547.10287193692,45720.82491225916,23443.7974004493,8221.576411439859,3509.5121180478263,385.38720108855,44600.577763608875,46026.67020040306,23340.01047368143,8024.43775046012,3415.294178851446,353.1680631815218,45557.711970857556,46520.50415968428,23860.81960869677,8132.804180517384,3390.963405829785,337.06176688063374,46144.50057157536,47196.319479864724,24434.11470999998,8413.061323045282,3513.7702097060637,337.057930725696,0.0,0.0,0.0,0.0,0.0,0.0,0.0,0.0,0.0,0.0,0.0,0.0,0.0,3.2223331928253174,0.0,0.0,0.0,0.0,0.0,0.0,0.0,0.0,0.0,0.0,0.0,0.0,0.0,0.0,0.0,0.0
"114,161",2480.7344638574455,0.0,0.0,0.0,0.0,0.0,0.0,0.0,0.0,0.0,0.0,35417.90939002505,42353.71929831411,15515.344346944961,4210.01455540844,2949.8969297829794,935.7802691085666,36975.693989100175,43635.35731872951,16004.38798073694,4366.665300099055,3014.2737145844626,929.3428434951633,38105.75606359033,44245.171504839724,16137.694528647029,4370.959325803495,2875.8593604985404,890.7167262657016,38712.99649729635,44469.93564436296,16110.97663101589,4345.596363997927,2781.4549000235165,855.319516621384,39652.55794084773,45206.38258747773,16388.95697998159,4436.097488024655,2694.5473952265347,800.6044571025699,0.0,0.0,0.0,0.0,0.0,0.0,0.0,0.0,0.0,0.0,0.0,0.0,0.0,0.0,0.0,0.0,0.0,0.0,0.0,0.0,0.0,0.0,0.0,0.0,0.0,0.0,0.0,0.0,0.0,0.0
"115,161",2489.7705908515895,64.30529928207397,45.01269793510437,25.719308614730835,0.0,3.214651107788086,64.30529928207397,45.01269793510437,25.719308614730835,0.0,3.214651107788086,62299.453745494175,26406.000727957373,9807.803476773992,3494.0220190497002,2424.74608278929,781.69739985466,63414.90518535072,26957.699150316388,9965.431219541326,3558.3651660891137,2415.09670401274,784.9154257774353,63728.29780371329,27127.757091489493,10016.901144229665,3545.4999329062066,2373.279387957442,772.0467171669006,63784.630380794115,27368.120216699677,9971.055026222679,3506.55321580943,2358.0006391684215,752.7450268268585,64608.932740728524,27927.04574353181,10132.851067137251,3463.301187964047,2334.6730239456774,752.7444636821747,54.66044068336487,9.644858598709106,0.0,0.0,0.0,0.0,45.01269793510437,0.0,0.0,0.0,0.0,0.0,25.719308614730835,0.0,0.0,0.0,0.0,0.0,0.0,0.0,0.0,0.0,0.0,0.0,3.214651107788086,0.0,0.0,0.0,0.0,0.0
"116,161",2487.3333745730083,6.426023006439209,0.0,3.211965322494507,12.848005294799805,0.0,6.426023006439209,0.0,3.211965322494507,12.848005294799805,0.0,83013.24004963333,16952.177890056722,2565.03258470928,474.6402477769291,266.59710001945496,215.1934585571289,86096.9423238558,17261.268609854753,2664.6071191254787,474.641439631406,273.0205283164978,218.4048252105713,87389.90726050863,17287.70832094024,2581.0987430039577,465.00639171880835,266.59516286849976,221.61670684814453,85597.49904764774,16846.91549890462,2372.3265188161067,439.3141748456394,266.5947308540344,199.13447856903076,84640.05509372879,16547.5594017702,2218.1698038998775,416.83532567304724,250.53662633895874,189.49908351898193,0.0,3.2140696048736572,0.0,0.0,3.2119534015655518,0.0,0.0,0.0,0.0,0.0,0.0,0.0,3.211965322494507,0.0,0.0,0.0,0.0,0.0,12.848005294799805,0.0,0.0,0.0,0.0,0.0,0.0,0.0,0.0,0.0,0.0,0.0
"117,161",2484.7487923750496,0.0,0.0,0.0,9.628872394561768,0.0,0.0,0.0,0.0,9.628872394561768,0.0,42842.26271556593,21891.38672959851,5025.060287805632,1071.9710375458585,785.75190522811,314.6374680995941,43910.72701651536,22295.8591829543,5070.838665840673,1075.1894554287778,772.9273519768435,311.42642736434937,45110.518564956335,22694.7002710866,5219.2835001954845,1104.077829280554,788.9716859116274,314.63650465011597,45798.00564316395,23316.590422551773,5315.537609578114,1129.7461318165647,768.8987539571874,308.2144479751587,46734.374913228734,23763.38247283393,5398.937521458607,1123.3160845429288,759.2682908338659,308.2144844532013,0.0,0.0,0.0,0.0,0.0,0.0,0.0,0.0,0.0,0.0,0.0,0.0,0.0,0.0,0.0,0.0,0.0,0.0,9.628872394561768,0.0,0.0,0.0,0.0,0.0,0.0,0.0,0.0,0.0,0.0,0.0
"118,161",2482.0177315608107,0.0,0.0,0.0,0.0,0.0,0.0,0.0,0.0,0.0,0.0,25714.476438140868,26680.878026028244,6027.271866775962,1334.5506451382357,723.8395282549017,62.689297384374285,26208.363060134998,26976.207533617577,6102.611072916143,1337.7508936180789,707.8052970689886,62.689297384374285,26382.9890547743,26952.29260947564,6148.941594684826,1334.5215893044192,694.9770221037023,59.48466820155873,27237.56067319945,27867.948916406258,6395.798016393886,1360.169952179404,699.9465525010053,59.48466820155873,28342.6510990975,29286.30233614772,6679.332242519715,1417.8704536213595,699.9463651040021,65.89684290324941,0.0,0.0,0.0,0.0,0.0,0.0,0.0,0.0,0.0,0.0,0.0,0.0,0.0,0.0,0.0,0.0,0.0,0.0,0.0,0.0,0.0,0.0,0.0,0.0,0.0,0.0,0.0,0.0,0.0,0.0
"119,161",2479.141127390304,0.0,0.0,0.0,0.0,0.0,0.0,0.0,0.0,0.0,0.0,53438.64622868557,23570.741287183762,6595.0634248911165,3155.514617061615,3916.441536506952,1625.1431870582057,53982.20318805751,23789.38947920986,6662.294511383655,3225.9530082702636,3964.474615177454,1621.9355077865077,54748.79112104061,24025.442419237246,6821.76709223822,3281.432168587516,4028.5188139289035,1618.7390964152767,55877.61533114957,24821.688534281297,7104.587007617015,3412.721753462623,4087.5722658512636,1637.949239027734,57116.34052962697,25436.142445653088,7181.895457795087,3454.355028017829,4122.800317513709,1637.954048168893,0.0,0.0,0.0,0.0,0.0,0.0,0.0,0.0,0.0,0.0,0.0,0.0,0.0,0.0,0.0,0.0,0.0,0.0,0.0,0.0,0.0,0.0,0.0,0.0,0.0,0.0,0.0,0.0,0.0,0.0
"120,161",2476.119962380927,0.0,0.0,0.0,0.0,0.0,0.0,0.0,0.0,0.0,0.0,39196.09255616338,33845.52559251037,16703.792763276193,6962.8928193251295,7513.257304271062,5239.205460365145,39460.77461719606,34446.5423105698,16905.2780096961,7046.046323458354,7593.208401282628,5235.997616823046,39618.784217422144,34919.47795942718,17078.82590139894,7070.560713609059,7603.139406386544,5219.199807607426,40308.53573197196,35698.94260266715,17199.316561430576,7128.946463123021,7560.532403555104,5247.991046630635,40454.73023949137,36035.481434392,17201.451483279583,7061.799476876913,7464.632749405095,5235.1993751161235,0.0,0.0,0.0,0.0,0.0,0.0,0.0,0.0,0.0,0.0,0.0,0.0,0.0,0.0,0.0,0.0,0.0,0.0,0.0,0.0,0.0,0.0,0.0,0.0,0.0,0.0,0.0,0.0,0.0,0.0
"121,161",2472.955265564146,0.0,0.0,0.0,0.0,0.0,0.0,0.0,0.0,0.0,0.0,26591.54164134287,39843.491994788594,23677.972860250287,9632.037145733366,8272.651423182208,3681.2865914746826,26747.462526457915,40069.19644030309,23734.65477347561,9638.432662605772,8227.920693602282,3658.9226037904327,26680.03816946628,40290.86272858077,23792.862678971946,9619.276518225202,8185.253290417614,3601.406616632611,26918.913782646145,40583.467267782544,23786.369484695733,9580.127549733368,8023.342975238725,3572.647456113965,27186.328825215733,41240.147055024725,23864.933986872315,9640.77654894754,7917.868126253053,3543.8956601068085,0.0,0.0,0.0,0.0,0.0,0.0,0.0,0.0,0.0,0.0,0.0,0.0,0.0,0.0,0.0,0.0,0.0,0.0,0.0,0.0,0.0,0.0,0.0,0.0,0.0,0.0,0.0,0.0,0.0,0.0
"122,161",2469.6481117093526,0.0,0.0,0.0,0.0,0.0,0.0,0.0,0.0,0.0,0.0,5484.814200579886,7047.4071923031515,7187.549781158859,5446.863818079817,7115.950139772191,3203.183673143387,5424.595786327474,6949.354871216942,7089.775303120707,5328.883873135435,6963.965858947529,3050.072047472,5440.921607781392,6952.5863747035755,7028.4816976322845,5230.030949742186,6798.128320705189,2906.546741962433,5507.970500707626,7000.166110803566,7044.588173092114,5166.304325730192,6633.162720600764,2754.5113508701324,5542.415877658245,7108.343358936497,7015.5778635277475,5109.71462317822,6539.435273915647,2653.513124704361,0.0,0.0,0.0,0.0,0.0,0.0,0.0,0.0,0.0,0.0,0.0,0.0,0.0,0.0,0.0,0.0,0.0,0.0,0.0,0.0,0.0,0.0,0.0,0.0,0.0,0.0,0.0,0.0,0.0,0.0
"123,161",2466.199620514629,0.0,0.0,0.0,0.0,0.0,0.0,0.0,0.0,0.0,0.0,1333.1638453455532,1819.791889344945,2746.207442910999,2587.719655852224,3202.977118161146,1829.978839341332,1316.8382511064117,1816.1637695854788,2757.469548664841,2629.6373836910025,3430.9130474268222,2125.7149080145596,1352.66984630566,1867.0770631855612,2731.10256413572,2631.5569912583223,3535.119751001807,2242.726282801347,1460.8459550932341,1920.372079045165,2773.027216826233,2728.2583094531415,3616.2083853085837,2340.98423852827,1552.9787613728467,1939.4497744148857,2860.413068632986,2747.316058962953,3726.4236438975613,2255.7379245299917,0.0,0.0,0.0,0.0,0.0,0.0,0.0,0.0,0.0,0.0,0.0,0.0,0.0,0.0,0.0,0.0,0.0,0.0,0.0,0.0,0.0,0.0,0.0,0.0,0.0,0.0,0.0,0.0,0.0,0.0
"124,161",2462.6109557721365,0.0,0.0,0.0,0.0,0.0,0.0,0.0,0.0,0.0,0.0,2881.797240288118,6369.484125811446,8950.954314074797,10001.025511707043,25515.67405269286,20235.836336139604,3122.436547140046,6987.869477909687,9979.462852032046,11136.953456220439,28692.67072550923,22309.531589746475,3278.260654337266,7337.875466984394,10487.642792576435,11750.52356870782,30352.948979129043,22999.42347607706,3378.0946393246736,7671.365967299892,10764.939208332695,12281.59343430201,31354.836011510735,23020.30039538309,3463.3957044348995,7897.388715281207,11100.213867539984,12677.892323165779,32090.495929223413,22937.161676583575,0.0,0.0,0.0,0.0,0.0,0.0,0.0,0.0,0.0,0.0,0.0,0.0,0.0,0.0,0.0,0.0,0.0,0.0,0.0,0.0,0.0,0.0,0.0,0.0,0.0,0.0,0.0,0.0,0.0,0.0
"125,161",2458.883324489679,0.0,0.0,0.0,0.0,0.0,0.0,0.0,0.0,0.0,0.0,6267.6006444977775,11072.387643054888,11638.735473659926,9234.903481868669,16049.920215854458,13205.673062321719,6404.944351955489,11276.412616582009,11777.834645217074,9357.126467355092,16105.876556126275,13199.299853428674,6458.238016514685,11225.579597802254,11742.187747819751,9325.338083394368,15969.671297458572,13107.717439505632,6401.0296720551505,11010.188319908404,11416.372103109547,9000.39010456777,15449.88313215854,12817.252563928156,6391.49963870516,10930.777255283618,11289.99477098035,8889.884315607595,15203.421551263098,12527.381859599844,0.0,0.0,0.0,0.0,0.0,0.0,0.0,0.0,0.0,0.0,0.0,0.0,0.0,0.0,0.0,0.0,0.0,0.0,0.0,0.0,0.0,0.0,0.0,0.0,0.0,0.0,0.0,0.0,0.0,0.0
"126,161",2455.0179759853727,0.0,0.0,0.0,0.0,0.0,0.0,0.0,0.0,0.0,0.0,2201.6804073548783,5505.038300280477,7734.236476987951,9380.526084663354,28726.973641958426,46785.710953579684,2220.6978324151505,5482.834690813925,7654.93961223995,9317.0659883041,28541.278710647657,46653.28574063637,2239.7256475186814,5533.584056858923,7781.812537998312,9393.176489593468,28937.66485337837,47277.30259583604,2214.3845959401597,5502.619809491962,7701.628321720573,9355.22137761303,28600.962136734233,46003.847195857175,2192.1969159341324,5512.136931760639,7684.194071046979,9288.643920185052,28460.082823307373,45687.74686113806,0.0,0.0,0.0,0.0,0.0,0.0,0.0,0.0,0.0,0.0,0.0,0.0,0.0,0.0,0.0,0.0,0.0,0.0,0.0,0.0,0.0,0.0,0.0,0.0,0.0,0.0,0.0,0.0,0.0,0.0
"127,161",2451.0162009813484,0.0,0.0,0.0,0.0,0.0,0.0,0.0,0.0,0.0,0.0,4639.910964532927,9112.270189834111,11304.234939126407,11642.144693070768,31437.128423967544,59242.53631734473,4586.09739689453,9039.459675384038,11229.043630207287,11542.24245343115,31182.39381059104,59046.68866119572,4525.970094247893,8855.893451047414,11050.874621194953,11353.612205540901,30704.260634992635,58587.810790670614,4497.492872043685,8704.005395041262,10873.734833339617,11269.729465525757,30149.349654236958,57503.71699723262,4415.209396883086,8566.386917829515,10715.50777964966,11044.15306442859,29581.903334659688,56337.52126844818,0.0,0.0,0.0,0.0,0.0,0.0,0.0,0.0,0.0,0.0,0.0,0.0,0.0,0.0,0.0,0.0,0.0,0.0,0.0,0.0,0.0,0.0,0.0,0.0,0.0,0.0,0.0,0.0,0.0,0.0
"128,161",1928.6945711963251,0.0,0.0,0.0,0.0,0.0,0.0,0.0,0.0,0.0,0.0,7234.544817437378,12461.561537207808,14417.958144694687,13645.38341062957,30751.536929526985,34745.41646652502,7123.916091193405,12404.676096142974,14376.06647000874,13590.664190056745,30590.11468089515,34438.2802449058,6918.49759816095,12284.565383137908,14197.645247759538,13439.551182917052,30184.646205512217,33887.81826415155,6899.545597542969,12192.893421115126,14172.377004923539,13348.929615507874,30008.553537587555,33729.772596780924,6784.874280358296,12066.44775551721,14021.740120539012,13166.038786266367,29464.383914432336,32883.96152822177,0.0,0.0,0.0,0.0,0.0,0.0,0.0,0.0,0.0,0.0,0.0,0.0,0.0,0.0,0.0,0.0,0.0,0.0,0.0,0.0,0.0,0.0,0.0,0.0,0.0,0.0,0.0,0.0,0.0,0.0
"129,161",134.45824835919868,0.0,0.0,0.0,0.0,0.0,0.0,0.0,0.0,0.0,0.0,330.1440344090555,744.2192490082161,1003.1881275812786,957.5727434466868,2397.1731531451737,4469.873463835435,330.1440344090555,750.5341081600563,987.3980539480847,963.8874631236581,2368.756378872255,4419.357605900484,330.1440344090555,750.5335297565834,977.9261966387431,953.3637694826314,2345.2555923882655,4280.29866642391,320.67143609477023,753.6917068939583,974.5342200223139,958.6864591561111,2325.5906526752547,4156.298126321681,314.3567571873758,747.3765482883828,976.6022745188546,944.2603689567716,2310.893102319568,4077.0735860085956,0.0,0.0,0.0,0.0,0.0,0.0,0.0,0.0,0.0,0.0,0.0,0.0,0.0,0.0,0.0,0.0,0.0,0.0,0.0,0.0,0.0,0.0,0.0,0.0,0.0,0.0,0.0,0.0,0.0,0.0
"90,162",1063.7746021929038,0.0,0.0,0.0,0.0,0.0,0.0,0.0,0.0,0.0,0.0,264.99154019355774,0.0,0.0,0.0,0.0,0.0,284.3812828063965,0.0,0.0,0.0,0.0,0.0,303.7711236476898,3.23171329498291,0.0,0.0,0.0,0.0,423.3425757884979,3.23171329498291,0.0,0.0,0.0,0.0,413.64677691459656,3.23171329498291,0.0,0.0,0.0,0.0,0.0,0.0,0.0,0.0,0.0,0.0,0.0,0.0,0.0,0.0,0.0,0.0,0.0,0.0,0.0,0.0,0.0,0.0,0.0,0.0,0.0,0.0,0.0,0.0,0.0,0.0,0.0,0.0,0.0,0.0
"91,162",2502.7984627438914,0.0,0.0,0.0,0.0,0.0,0.0,0.0,0.0,0.0,0.0,908.7303002890419,82.43200143458796,8.888018342560413,17.776835427564734,6.4666218757629395,0.0,1157.6536322649788,82.43335040690852,12.120938989227893,17.776835427564734,6.4666218757629395,0.0,1751.6868294669132,88.89900382640315,18.586701604431752,17.776835427564734,6.4666218757629395,0.0,1906.0551947967679,92.13182147624445,18.586701604431752,17.776835427564734,6.4666218757629395,0.0,2032.131969870773,92.13254102351618,18.586701604431752,17.776835427564734,3.233313798904419,0.0,0.0,0.0,0.0,0.0,0.0,0.0,0.0,0.0,0.0,0.0,0.0,0.0,0.0,0.0,0.0,0.0,0.0,0.0,0.0,0.0,0.0,0.0,0.0,0.0,0.0,0.0,0.0,0.0,0.0,0.0
"92,162",2504.0310823846166,0.0,0.0,0.0,0.0,0.0,0.0,0.0,0.0,0.0,0.0,117.65964635867698,8.07846947183796,7.266771187501795,2.422270991755467,0.0,0.0,117.65964635867698,8.07846947183796,7.266771187501795,2.422270991755467,0.0,0.0,120.082006557315,11.312369065191232,7.266771187501795,2.422270991755467,0.0,0.0,129.7832594946319,11.312369065191232,7.266771187501795,2.422270991755467,0.0,0.0,107.14696083816827,8.07846947183796,7.266771187501795,2.422270991755467,0.0,0.0,0.0,0.0,0.0,0.0,0.0,0.0,0.0,0.0,0.0,0.0,0.0,0.0,0.0,0.0,0.0,0.0,0.0,0.0,0.0,0.0,0.0,0.0,0.0,0.0,0.0,0.0,0.0,0.0,0.0,0.0
"93,162",2505.110571739282,0.0,0.0,0.0,0.0,0.0,0.0,0.0,0.0,0.0,0.0,2405.970201597962,48.536757469177246,0.0,0.0,0.0,0.0,2240.917799578461,48.536757469177246,0.0,0.0,0.0,0.0,2348.5038745478087,45.300544023513794,0.0,0.0,0.0,0.0,2347.6792699028465,51.77207684516907,0.0,0.0,0.0,0.0,2265.9611046052446,51.77207684516907,0.0,0.0,0.0,0.0,0.0,0.0,0.0,0.0,0.0,0.0,0.0,0.0,0.0,0.0,0.0,0.0,0.0,0.0,0.0,0.0,0.0,0.0,0.0,0.0,0.0,0.0,0.0,0.0,0.0,0.0,0.0,0.0,0.0,0.0
"94,162",2506.0365527062904,0.0,0.0,0.0,0.0,0.0,0.0,0.0,0.0,0.0,0.0,20393.175697691302,210.06006674018562,0.0,0.0,0.0,0.0,11450.313561525532,171.2181468411988,0.0,0.0,0.0,0.0,10783.53354200382,164.74401525703132,0.0,0.0,0.0,0.0,10314.889811521418,161.50612310615242,0.0,0.0,0.0,0.0,9302.129886115767,155.03273824897468,0.0,0.0,0.0,0.0,0.0,0.0,0.0,0.0,0.0,0.0,0.0,0.0,0.0,0.0,0.0,0.0,0.0,0.0,0.0,0.0,0.0,0.0,0.0,0.0,0.0,0.0,0.0,0.0,0.0,0.0,0.0,0.0,0.0,0.0
"95,162",2506.8087006520846,0.0,0.0,0.0,0.0,0.0,0.0,0.0,0.0,0.0,0.0,4657.436967167199,87.77838655266108,0.0,0.0,0.0,0.0,4783.373720957251,91.01608868393244,0.0,0.0,0.0,0.0,6017.151339127035,97.49140520843805,0.0,0.0,0.0,0.0,6473.017101679596,107.20572515281977,0.0,0.0,0.0,0.0,7614.614510173424,142.82356639656365,0.0,0.0,0.0,0.0,0.0,0.0,0.0,0.0,0.0,0.0,0.0,0.0,0.0,0.0,0.0,0.0,0.0,0.0,0.0,0.0,0.0,0.0,0.0,0.0,0.0,0.0,0.0,0.0,0.0,0.0,0.0,0.0,0.0,0.0
"96,162",2507.4267446623608,0.0,0.0,0.0,0.0,0.0,0.0,0.0,0.0,0.0,0.0,21969.615036856892,756.1076278536927,84.21511054039001,19.434256553649902,9.717100143432617,3.2390198707580566,23559.8944569943,752.8687376826417,84.21511054039001,22.673233032226562,16.19520664215088,3.2390198707580566,29704.35040117526,769.0601508467805,71.25893497467041,25.91220736503601,16.19520664215088,3.2390198707580566,32194.122237325184,788.4910547583711,71.25893497467041,25.91220736503601,12.956166505813599,3.2390198707580566,32452.658792535,804.6848301737916,77.7369384765625,22.67323088645935,16.19519543647766,3.2390198707580566,0.0,0.0,0.0,0.0,0.0,0.0,0.0,0.0,0.0,0.0,0.0,0.0,0.0,0.0,0.0,0.0,0.0,0.0,0.0,0.0,0.0,0.0,0.0,0.0,0.0,0.0,0.0,0.0,0.0,0.0
"97,162",2507.8904677528076,0.0,0.0,0.0,0.0,0.0,0.0,0.0,0.0,0.0,0.0,66055.72498922909,1051.2242718733994,224.3701410415126,59.036765555774465,36.35965035382439,9.718785524368286,67989.60313326425,1073.0882754335216,227.6097295405818,59.036765555774465,36.35965035382439,9.718785524368286,71983.70523479124,1089.1969411382488,237.32850195192822,68.75554082814385,42.83882139149834,9.718785524368286,75894.41044832772,1108.6328058252147,243.8076760890437,68.75555990163018,46.078412751590506,12.958382606506348,78067.26940756684,1147.5071856984905,236.51539420240064,80.90080483567482,48.50493617525288,19.437575578689575,0.0,0.0,0.0,0.0,0.0,0.0,0.0,0.0,0.0,0.0,0.0,0.0,0.0,0.0,0.0,0.0,0.0,0.0,0.0,0.0,0.0,0.0,0.0,0.0,0.0,0.0,0.0,0.0,0.0,0.0
"98,162",2508.199707037685,0.0,0.0,0.0,0.0,0.0,0.0,0.0,0.0,0.0,0.0,88172.96047034263,63035.22295833756,15173.398427895938,4293.640532749774,4769.117162316454,1078.0456242168652,88406.22406544685,63563.307393323674,15370.213233100667,4342.237260836246,4752.917328208101,1074.8061017597424,88713.36193109774,63850.92608884082,15430.955358608097,4381.1159751592895,4706.744543410283,1081.2854411209332,88760.25295588549,63895.47364370496,15456.877189023822,4371.395206946017,4720.517741811042,1068.3259684646832,88904.41725383273,64097.95345361841,15534.633665664524,4416.753258246066,4788.55439342237,1075.6188434815876,0.0,0.0,0.0,0.0,0.0,0.0,0.0,0.0,0.0,0.0,0.0,0.0,0.0,0.0,0.0,0.0,0.0,0.0,0.0,0.0,0.0,0.0,0.0,0.0,0.0,0.0,0.0,0.0,0.0,0.0
"99,162",2508.354353855862,0.0,0.0,0.0,0.0,0.0,0.0,0.0,0.0,0.0,0.0,61292.5021183818,48589.57555718796,19986.103150028342,7258.787858926548,7970.26938365394,3359.0158290189856,61894.4097619384,49272.394365199405,20122.181645530814,7341.323965205398,8028.588887676538,3339.575872592365,62477.60335687095,49910.668859608966,20435.73442997372,7464.4425816405055,8029.402343754675,3328.229628303939,62791.06610952452,50467.130174972495,20745.95848298073,7532.393503722023,8100.681234364416,3218.0710267814934,63315.93864189223,51317.79087267109,21204.496503659793,7665.232053097557,8201.119817261602,3222.1235979744033,0.0,0.0,0.0,0.0,0.0,0.0,0.0,0.0,0.0,0.0,0.0,0.0,0.0,0.0,0.0,0.0,0.0,0.0,0.0,0.0,0.0,0.0,0.0,0.0,0.0,0.0,0.0,0.0,0.0,0.0
"100,162",2508.3543538559097,0.0,0.0,0.0,0.0,0.0,0.0,0.0,0.0,0.0,0.0,53427.77737585704,56867.776064177124,15894.415585226172,2015.5860745757234,560.6784911295947,27.533452828725178,54538.18539546611,59245.09152645317,16729.682502269745,2114.4883880970524,570.3985259673175,34.01335819562276,55832.55045452118,61335.04539920302,17493.594253138934,2194.6748290912774,580.1183085581836,31.586534659067787,56817.50135602951,62946.74944031473,18052.662737044167,2287.910054530349,580.1183233401355,28.34645311037699,57471.162983985036,64096.599925085146,18478.168899123808,2367.2958062742273,580.1183180949267,28.34645311037699,0.0,0.0,0.0,0.0,0.0,0.0,0.0,0.0,0.0,0.0,0.0,0.0,0.0,0.0,0.0,0.0,0.0,0.0,0.0,0.0,0.0,0.0,0.0,0.0,0.0,0.0,0.0,0.0,0.0,0.0
"101,162",2508.19970703763,0.0,0.0,0.0,0.0,3.2398483753204346,0.0,0.0,0.0,0.0,3.2398483753204346,27106.81220123067,44427.97377346825,20448.951525284258,6775.29291896446,5635.105491874732,2278.5302212631,27357.34624086829,44698.76038109649,20522.732748242917,6668.380998178556,5476.355464456596,2194.2968888675464,27684.56454144927,45654.864886016476,20906.456079930882,6712.923014550115,5302.220178276884,2059.0397035860547,27999.634223165704,46367.23786969372,21368.999633660034,6842.512250332738,5257.111153577356,2023.4008595728405,28365.72324723263,47225.39997038935,22125.625344424152,7140.569036154653,5408.563403293198,2083.0757686409297,0.0,0.0,0.0,0.0,0.0,0.0,0.0,0.0,0.0,0.0,0.0,0.0,0.0,0.0,0.0,0.0,0.0,0.0,0.0,0.0,0.0,0.0,0.0,0.0,3.2398483753204346,0.0,0.0,0.0,0.0,0.0
"102,162",2499.5749112283247,0.0,0.0,3.2395381927490234,0.0,0.0,0.0,0.0,3.2395381927490234,0.0,0.0,21905.277661517088,57711.69877131126,32219.212506807547,6306.883805734035,3038.5202591849306,1352.2515525387782,21957.766441655625,58087.573593814705,32312.13886042108,6264.788321246353,2976.615168575212,1339.2939910458583,22268.281731418534,59201.88750510589,32969.33162767185,6300.0669588547125,2905.3494210280624,1293.9433354901332,22736.16069042449,60344.7209750858,33807.602890992624,6430.391796163484,2907.5076317029843,1261.549320416357,23490.019907285652,62023.12476235465,34983.69229197128,6780.247211030885,3091.3408310394666,1274.7728614666883,0.0,0.0,0.0,0.0,0.0,0.0,0.0,0.0,0.0,0.0,0.0,0.0,0.0,0.0,0.0,3.2395381927490234,0.0,0.0,0.0,0.0,0.0,0.0,0.0,0.0,0.0,0.0,0.0,0.0,0.0,0.0
"103,162",2507.4267446623585,0.0,0.0,0.0,3.239027976989746,0.0,0.0,0.0,0.0,0.0,0.0,19480.67749004551,49216.0486206279,29688.50975552727,8714.189958959467,4741.968453074436,1377.6413455897687,19790.073648610767,50045.25083697916,30064.759184733557,8798.393957286722,4769.047612001381,1354.6125974496206,20218.052612671196,51454.21840331601,30948.93972601049,8957.448995062883,4650.381949421003,1280.118491156896,20865.813684361587,53072.88919653238,32165.54757635266,9384.968163201387,4831.750293012693,1296.3116221268972,21645.208822471952,54695.018609692066,33382.87016833717,9967.139874809864,5138.620537649415,1321.4111468604965,0.0,0.0,0.0,0.0,0.0,0.0,0.0,0.0,0.0,0.0,0.0,0.0,0.0,0.0,0.0,0.0,0.0,0.0,0.0,0.0,0.0,0.0,0.0,0.0,0.0,0.0,0.0,0.0,0.0,0.0
"104,162",2506.808700652079,0.0,0.0,0.0,0.0,0.0,0.0,0.0,0.0,0.0,0.0,25205.572172782937,59777.72948937977,35262.08476447592,11545.017510427213,8326.218203501607,3212.4204889652774,25727.136814312846,60909.720635706784,36236.233027577866,11984.56475409807,8497.836988167668,3248.3933556051816,25881.483359850157,61299.63813485166,36678.76892147625,12104.373540013445,8494.249179666182,3248.3932518930997,25602.665363243515,60947.51737498771,36048.16852424753,11744.961637585771,8100.29022191459,3018.492183682498,25514.51897060544,61077.75443240616,35947.08931778365,11530.17518012664,7829.377550507526,2898.6794476481045,0.0,0.0,0.0,0.0,0.0,0.0,0.0,0.0,0.0,0.0,0.0,0.0,0.0,0.0,0.0,0.0,0.0,0.0,0.0,0.0,0.0,0.0,0.0,0.0,0.0,0.0,0.0,0.0,0.0,0.0
"105,162",2506.036552706276,0.0,0.0,0.0,0.0,0.0,0.0,0.0,0.0,0.0,0.0,19208.920915877592,46107.805337477665,29394.03247094622,11686.650971187331,10316.975971562255,4555.944944197524,19838.62173088205,47611.70354445495,30461.437210105447,12082.184735836703,10633.393282909019,4643.346592957366,20183.59885785066,48412.987136204094,30993.372010273095,12306.96403506036,10805.124376974854,4643.346977049697,20317.717319318363,48999.0474333735,31060.561740907968,12098.605877932381,10412.364016862944,4293.745649630416,20500.6472554263,49615.634824246044,31329.0313139878,12020.367089092033,10222.111232775333,4141.602011734832,0.0,0.0,0.0,0.0,0.0,0.0,0.0,0.0,0.0,0.0,0.0,0.0,0.0,0.0,0.0,0.0,0.0,0.0,0.0,0.0,0.0,0.0,0.0,0.0,0.0,0.0,0.0,0.0,0.0,0.0
"106,162",2505.1105717393093,0.0,0.0,0.0,0.0,0.0,0.0,0.0,0.0,0.0,0.0,56521.91892577527,62502.458131057145,24666.798295323988,8285.038936476614,6000.892430486867,2133.5659714306103,57191.359506923094,63505.09761781973,25254.058949011447,8532.755806554533,6271.101888839871,2165.927838381599,57605.543251353636,64167.690557796814,25635.082074821697,8643.842344580446,6326.751132179709,2204.7642667854534,57782.163534773106,64225.66355523035,25674.631922326374,8526.068648803,6256.465610208699,2140.045648392509,58059.811186566076,64152.96965428801,25767.06035033955,8539.018764483695,6225.558955127118,2110.920531090568,0.0,0.0,0.0,0.0,0.0,0.0,0.0,0.0,0.0,0.0,0.0,0.0,0.0,0.0,0.0,0.0,0.0,0.0,0.0,0.0,0.0,0.0,0.0,0.0,0.0,0.0,0.0,0.0,0.0,0.0
"107,162",2504.0310823845666,0.0,3.233919858932495,0.0,0.0,0.0,0.0,3.233919858932495,0.0,0.0,0.0,59248.662176097605,89554.0603616032,33510.69181668431,10105.949727668949,7905.151935484831,2629.5522126525057,59223.52392985867,89583.18663165897,33550.237807448706,10093.015420808979,7833.996272471372,2593.974544700922,59356.135337377054,89507.99015687774,33510.61436187987,10092.93237081135,7863.107433464948,2568.095023807825,59288.109989304634,89362.42263029884,33390.935966846984,10008.015525972141,7831.475336756426,2516.3428897231233,59259.82878682847,89337.25438093579,33277.72076022391,9995.074633991017,7815.300129618365,2519.5761844485414,0.0,0.0,0.0,0.0,0.0,0.0,0.0,3.233919858932495,0.0,0.0,0.0,0.0,0.0,0.0,0.0,0.0,0.0,0.0,0.0,0.0,0.0,0.0,0.0,0.0,0.0,0.0,0.0,0.0,0.0,0.0
"108,162",2502.7984627438905,0.0,6.464889287948608,29.093056201934814,0.0,35.557461738586426,0.0,6.464889287948608,29.093056201934814,0.0,35.557461738586426,70239.15643449017,83690.59971311981,35808.93978612283,9535.58985729498,6300.429260645661,2031.1903436398975,70223.00035066792,83705.23379882926,35833.27498639332,9545.284496500914,6306.893276129517,2037.6548357224933,70319.9942163963,83853.85917514352,35897.93516815411,9632.579040482466,6358.622986708436,2044.1203325009815,70434.84123442596,84066.50640081798,35985.9536753935,9655.935924959183,6413.585457239899,2060.2820837712757,70537.48109632474,84108.54353904162,36017.557759849704,9676.056133219776,6387.72730699614,2057.050045273351,0.0,0.0,0.0,0.0,0.0,0.0,3.2325570583343506,3.232332229614258,0.0,0.0,0.0,0.0,16.162920713424683,12.930135488510132,0.0,0.0,0.0,0.0,0.0,0.0,0.0,0.0,0.0,0.0,25.8588707447052,6.465721368789673,3.2328696250915527,0.0,0.0,0.0
"109,162",2501.4131440931633,0.0,0.0,6.461117506027222,0.0,29.076740980148315,0.0,0.0,6.461117506027222,0.0,29.076740980148315,33763.62255250519,67349.55305232908,43847.40589389054,18618.025735357696,12329.690652345207,3327.6849927285143,33583.52782530785,67038.09476184378,43927.12170505898,18753.719056851256,12507.398133967903,3366.459802804274,33607.004121990765,67001.86978626065,44108.069925788805,18908.80684757887,12717.43613979676,3424.631508527083,33526.654405293746,66904.74865774642,44327.05942965208,18995.33843446713,12916.957760042302,3557.1223675587603,33394.21844857721,66702.09816494735,44478.358971301255,19207.86260439181,13101.132371133916,3576.514918027205,0.0,0.0,0.0,0.0,0.0,0.0,0.0,0.0,0.0,0.0,0.0,0.0,0.0,3.2304368019104004,3.2306807041168213,0.0,0.0,0.0,0.0,0.0,0.0,0.0,0.0,0.0,12.922909498214722,12.92295789718628,3.2308735847473145,0.0,0.0,0.0
"110,162",2499.8756105490124,0.0,6.457942962646484,3.2295987606048584,0.0,0.0,0.0,6.457942962646484,3.2295987606048584,0.0,0.0,25681.65159613197,70731.59747869454,49713.58470318082,20563.85293663997,9464.732005489575,773.418673732234,25665.485992494276,70601.99191720158,49747.627173568675,20617.62223450904,9542.474792370142,779.8741333269605,25668.700385394743,70585.78036222271,49790.372033144435,20658.216737398445,9594.121060976327,773.4107658648023,25633.53325622034,70510.01097334694,49861.339835192164,20819.643533834755,9721.082573359621,770.1779603743086,25712.07241589134,70497.83268564263,50009.84568787836,20987.53095830375,9869.607917016161,783.0925519251356,0.0,0.0,0.0,0.0,0.0,0.0,0.0,6.457942962646484,0.0,0.0,0.0,0.0,0.0,3.2295987606048584,0.0,0.0,0.0,0.0,0.0,0.0,0.0,0.0,0.0,0.0,0.0,0.0,0.0,0.0,0.0,0.0
"111,162",2498.186398693358,0.0,0.0,0.0,0.0,3.2277064323425293,0.0,0.0,0.0,0.0,3.2277064323425293,31643.221140063048,63824.285285665464,42896.78662481962,18385.29886071074,9695.631963292291,1046.6239433288574,32043.692002068317,64736.755902878445,43548.915184051846,18709.0670621152,9891.408158341577,1049.8515923023224,32465.61421136576,65577.20202883177,44142.63101413951,18999.459186916727,10010.803337851694,1056.3057956695557,32845.23473963363,66299.19828764972,44560.47685144929,19209.904639503067,10068.169335233464,1043.3987805843353,33114.32503312149,67021.82170974412,45073.710947649146,19389.804428780313,10152.063068019643,1033.7187688350677,0.0,0.0,0.0,0.0,0.0,0.0,0.0,0.0,0.0,0.0,0.0,0.0,0.0,0.0,0.0,0.0,0.0,0.0,0.0,0.0,0.0,0.0,0.0,0.0,3.2277064323425293,0.0,0.0,0.0,0.0,0.0
"112,162",2496.3460971593663,0.0,0.0,0.0,0.0,0.0,0.0,0.0,0.0,0.0,0.0,18220.43932991589,43320.58775655148,38299.19984704747,17825.29055428972,9701.856445857591,940.2956691096811,18700.054482533884,44170.92751148915,39333.870955650484,18457.26010993228,9937.237691709108,946.7430706332711,19047.471797915998,44771.577924284284,40105.744847396774,18899.183028526866,10186.314161066917,949.9688482593087,19473.04659669913,45468.03404835159,40952.53689758637,19424.003246716893,10508.371642765345,937.0745172809152,19833.465809277925,46220.28071914748,41885.11937888744,20055.92343564688,10889.153176790125,956.4172160933999,0.0,0.0,0.0,0.0,0.0,0.0,0.0,0.0,0.0,0.0,0.0,0.0,0.0,0.0,0.0,0.0,0.0,0.0,0.0,0.0,0.0,0.0,0.0,0.0,0.0,0.0,0.0,0.0,0.0,0.0
"113,162",2494.2215287325525,0.0,0.0,0.0,0.0,0.0,0.0,0.0,0.0,0.0,0.0,33879.08498969732,45497.8208457096,18743.341211592917,5316.561020862355,2513.2442554558024,454.7123299327551,34507.25823169783,46857.68184876255,19314.95246978741,5439.002302419438,2522.9098347748027,457.9331823077856,35481.83798725278,47781.98532859297,19732.484314715628,5414.907617616653,2452.0149449432597,451.4892118659674,36726.879282955095,48924.88678283971,20251.03664452235,5569.291452757517,2430.289086045471,438.59881431729184,37755.98439106006,49963.678797856504,21043.214071690807,5961.5686278043995,2558.835367314956,451.4898505893408,0.0,0.0,0.0,0.0,0.0,0.0,0.0,0.0,0.0,0.0,0.0,0.0,0.0,0.0,0.0,0.0,0.0,0.0,0.0,0.0,0.0,0.0,0.0,0.0,0.0,0.0,0.0,0.0,0.0,0.0
"114,162",2425.487597219594,0.0,0.0,0.0,0.0,0.0,0.0,0.0,0.0,0.0,0.0,36884.230866807105,50184.904511004795,22831.746910257898,7528.835353875627,3702.8956508683223,310.0042033709732,37338.613427933524,51060.7932407295,23207.734247589116,7700.888532960181,3707.910656370836,306.7858093299118,37908.725950477645,51306.1654590373,23068.514169613525,7591.318266584358,3562.9334622111974,274.58120864325883,38172.345088583825,51371.480206847664,22723.06556423038,7320.100071562971,3316.4211257410984,268.1440343230379,38533.560708712605,51700.059101807834,22187.893452342356,7035.218148556876,3155.648077238307,252.0528337329042,0.0,0.0,0.0,0.0,0.0,0.0,0.0,0.0,0.0,0.0,0.0,0.0,0.0,0.0,0.0,0.0,0.0,0.0,0.0,0.0,0.0,0.0,0.0,0.0,0.0,0.0,0.0,0.0,0.0,0.0
"115,162",2489.9161108927665,22.503812074661255,16.073989629745483,57.873414278030396,6.429989576339722,0.0,22.503812074661255,16.073989629745483,57.873414278030396,6.429989576339722,0.0,80060.44180343665,37274.67854771894,7664.805010667503,2598.4353588590434,3039.9343902167147,1874.6311983024373,81221.70063266568,37730.7966717103,7755.830517375236,2638.8152665848825,3047.8009484375225,1858.5378884231343,82531.94946118056,38322.92978379305,7825.9594301102225,2604.235179604736,3029.9335548513072,1848.0745315486308,83073.81842011471,38534.461459954575,7787.98365281423,2589.5829335137905,2996.3348432400644,1774.8935779562182,83666.45099348179,38931.8403775533,7858.75853229691,2586.3696850225033,2944.866234622282,1757.213649117713,22.503812074661255,0.0,0.0,0.0,0.0,0.0,16.073989629745483,0.0,0.0,0.0,0.0,0.0,54.656806230545044,3.2166080474853516,0.0,0.0,0.0,0.0,6.429989576339722,0.0,0.0,0.0,0.0,0.0,0.0,0.0,0.0,0.0,0.0,0.0
"116,162",2487.4784253390726,38.56231355667114,54.62791609764099,16.06513476371765,25.694345235824585,0.0,38.56231355667114,54.62791609764099,16.06513476371765,25.694345235824585,0.0,104473.8388264497,31012.29103618697,8470.099078503777,2457.464366150837,2205.360878976186,622.4266987996943,105436.66220095579,31455.625864802158,8584.944617721147,2495.9987608918955,2263.169664891561,635.2714971261867,105750.62103817041,31587.354756413257,8615.456264403287,2502.4232053289224,2292.0886686166127,632.0590404230006,105180.55553710976,31352.743859378967,8564.049287465039,2444.599241209965,2269.6042013486226,619.214506264294,104580.73849126592,31169.63956937042,8465.249033905478,2428.5367595681955,2263.1877422650655,622.4274049955256,38.56231355667114,0.0,0.0,0.0,0.0,0.0,51.41520595550537,3.21271014213562,0.0,0.0,0.0,0.0,9.639232635498047,6.4259021282196045,0.0,0.0,0.0,0.0,25.694345235824585,0.0,0.0,0.0,0.0,0.0,0.0,0.0,0.0,0.0,0.0,0.0
"117,162",2484.89336036191,0.0,0.0,0.0,0.0,0.0,0.0,0.0,0.0,0.0,0.0,19995.562322235106,28512.25688125666,11220.601378418416,3330.796447460324,2146.305949906742,483.22819073901456,20038.270017554714,28373.651736481985,11221.4418930035,3414.267306987912,2178.3879196447488,483.227587778428,20150.570699476728,28548.625199444155,11222.326970174265,3398.2058553144043,2220.10360548917,473.5934625457315,20463.42425724011,29138.180016727078,11401.996752335977,3435.8949777659245,2236.1346275610085,455.13527818100124,20926.418921929715,29890.889655502167,11660.401298849254,3483.9921872195073,2268.2020225328556,445.50280113594204,0.0,0.0,0.0,0.0,0.0,0.0,0.0,0.0,0.0,0.0,0.0,0.0,0.0,0.0,0.0,0.0,0.0,0.0,0.0,0.0,0.0,0.0,0.0,0.0,0.0,0.0,0.0,0.0,0.0,0.0
"118,162",2482.161805929863,0.0,0.0,0.0,0.0,0.0,0.0,0.0,0.0,0.0,0.0,35965.27464253108,28842.257965532004,8416.256625750486,1582.2190074378366,642.8486575883978,27.409702171998866,36440.30999559889,29058.78143165158,8477.219344237272,1580.4362225214638,649.2643790048712,27.409702171998866,36748.40581539753,29519.436596944284,8606.221554582258,1605.2856059289445,671.7144772810095,27.409702171998866,37390.434614922946,30376.444930670306,8888.43398362889,1615.7091831843056,674.92387435857,27.409702171998866,37761.30743474774,31269.92814917284,9166.638635600782,1659.186603968751,690.9567928117865,27.409702171998866,0.0,0.0,0.0,0.0,0.0,0.0,0.0,0.0,0.0,0.0,0.0,0.0,0.0,0.0,0.0,0.0,0.0,0.0,0.0,0.0,0.0,0.0,0.0,0.0,0.0,0.0,0.0,0.0,0.0,0.0
"119,162",2479.2847000635174,0.0,0.0,0.0,0.0,0.0,0.0,0.0,0.0,0.0,0.0,38906.11950122328,40268.642476632536,19333.573000715292,7907.267689417857,8038.901587892046,1088.0424002273412,39887.49252943431,41313.524330010136,19935.66936829324,8170.770498068191,8157.349592614642,1110.4528225524755,40965.5987476966,42310.60927233789,20320.91458618314,8298.830247671463,8227.772431779375,1104.0493165119024,42157.11242787604,43558.34392156881,20685.97198640973,8477.059165657267,8297.124064629685,1116.8532115085454,44163.80327135068,44878.02162570953,21209.24851844264,8603.371404577703,8524.450771992813,1097.64281855658,0.0,0.0,0.0,0.0,0.0,0.0,0.0,0.0,0.0,0.0,0.0,0.0,0.0,0.0,0.0,0.0,0.0,0.0,0.0,0.0,0.0,0.0,0.0,0.0,0.0,0.0,0.0,0.0,0.0,0.0
"120,162",2476.2630281305137,0.0,0.0,0.0,0.0,0.0,0.0,0.0,0.0,0.0,0.0,10825.444751042945,25261.030595733606,16726.263545614132,5313.1304272053285,4426.307062876458,501.1691011587779,10924.194060142367,25796.91426789246,17021.61787365558,5515.142494369956,4564.240977588354,520.3718866507213,11078.12121423179,26405.261484679053,17379.693346445234,5623.9447638287265,4650.64554697579,533.1693083445232,11388.124714218402,26916.61249399372,17782.11132716852,5688.672365014693,4709.322581433315,539.5687386194866,11737.135053276548,27594.914365789,18154.746605383178,5767.492768323188,4718.933282994289,536.3768417040508,0.0,0.0,0.0,0.0,0.0,0.0,0.0,0.0,0.0,0.0,0.0,0.0,0.0,0.0,0.0,0.0,0.0,0.0,0.0,0.0,0.0,0.0,0.0,0.0,0.0,0.0,0.0,0.0,0.0,0.0
"121,162",2473.0978220902475,0.0,0.0,0.0,0.0,0.0,0.0,0.0,0.0,0.0,0.0,17867.81923670208,34171.96422577091,24140.11432309244,10877.72061345998,9328.096838420046,4059.5569168044076,17755.58550849242,34120.80179386419,24187.950022066336,10823.767959334804,9241.502117052265,4002.0597020102487,17767.289361322626,34223.501248217566,24140.102067290096,10737.53299949403,9112.956408736285,3887.0770433855996,17815.611365162156,34371.34778483802,24361.551850348824,10689.954286578126,9087.410320517596,3829.5799902392373,17869.582823811324,34646.74665557076,24549.928080593367,10786.12652140225,9122.552200791415,3823.1884945345864,0.0,0.0,0.0,0.0,0.0,0.0,0.0,0.0,0.0,0.0,0.0,0.0,0.0,0.0,0.0,0.0,0.0,0.0,0.0,0.0,0.0,0.0,0.0,0.0,0.0,0.0,0.0,0.0,0.0,0.0
"122,162",2469.7901597069526,0.0,0.0,0.0,0.0,0.0,0.0,0.0,0.0,0.0,0.0,11579.151370935813,21615.77079382784,17219.220944117562,8832.291047076618,10493.740074746749,5114.116459942799,11520.76660708633,21581.086583238488,17179.317874222175,8830.219049434101,10416.425748265023,5079.054399586659,11477.696685194502,21502.631692667568,17059.24135714325,8686.72536704961,10229.090056394129,4967.424690581303,11475.316758060455,21489.910776317818,17066.40666384136,8547.253630818572,10061.695284066482,4884.496085740071,11525.585550211925,21614.9778400711,17176.584910087022,8568.813443701874,9974.558130547579,4811.1383622655685,0.0,0.0,0.0,0.0,0.0,0.0,0.0,0.0,0.0,0.0,0.0,0.0,0.0,0.0,0.0,0.0,0.0,0.0,0.0,0.0,0.0,0.0,0.0,0.0,0.0,0.0,0.0,0.0,0.0,0.0
"123,162",2466.3411637354225,0.0,0.0,0.0,0.0,0.0,0.0,0.0,0.0,0.0,0.0,3404.803496610417,5684.8519560963505,7541.4821666726875,4536.574596312467,2781.269150648865,894.6085252509397,3323.2980879418988,5652.956972566306,7300.6445856646,4447.673714090796,2727.0739368541567,942.341226790933,3227.6820679776806,5535.060725656211,7098.840034932716,4316.955829788658,2621.9151913268893,913.6628069625181,3218.110334502949,5550.942731586158,7024.439725445765,4178.525199862088,2349.2856441843746,841.7892964699689,3275.453919278874,5592.314198461234,6942.3486530509645,4106.591787443909,2216.4971781992444,768.5300894596998,0.0,0.0,0.0,0.0,0.0,0.0,0.0,0.0,0.0,0.0,0.0,0.0,0.0,0.0,0.0,0.0,0.0,0.0,0.0,0.0,0.0,0.0,0.0,0.0,0.0,0.0,0.0,0.0,0.0,0.0
"124,162",2462.752001067794,0.0,0.0,0.0,0.0,0.0,0.0,0.0,0.0,0.0,0.0,1521.9543373575398,4517.2802851620845,6772.6719067891445,8067.079264101328,19276.099866221,13598.440444913565,1553.762200831432,4654.028690380209,7014.393678506216,8404.322829746732,20392.498035976936,14520.832476583182,1849.6127099981495,4832.184927982443,7129.632180268158,8540.477787906984,20470.29030044126,14424.847965165682,1988.7886428842357,4898.9980631295375,7053.3560879772795,8411.593110283684,20102.55746978498,13952.942350756886,2099.2883737274246,5060.472641306298,7149.5116077292205,8466.707431126577,20180.51365518196,13926.842186616448,0.0,0.0,0.0,0.0,0.0,0.0,0.0,0.0,0.0,0.0,0.0,0.0,0.0,0.0,0.0,0.0,0.0,0.0,0.0,0.0,0.0,0.0,0.0,0.0,0.0,0.0,0.0,0.0,0.0,0.0
"125,162",2459.0238818572543,0.0,0.0,0.0,0.0,0.0,0.0,0.0,0.0,0.0,0.0,6236.636809117186,9632.496345330219,9644.096697060268,7726.931968045703,14025.130673487047,12283.317489677318,6265.230964905608,9759.575629998188,9791.824115172554,7904.168069936716,14369.088077366587,12470.767919116863,6262.0460906094195,9775.457424212436,9859.413644265192,7961.961870540358,14268.4367405078,12144.137445924796,6293.831143147338,9736.622558678831,9913.545240830439,8012.077172739367,13846.850393642164,11746.28877495504,6306.540916687834,9667.588206720351,9702.418846490336,7865.17459271001,13334.039655022529,11296.027481679357,0.0,0.0,0.0,0.0,0.0,0.0,0.0,0.0,0.0,0.0,0.0,0.0,0.0,0.0,0.0,0.0,0.0,0.0,0.0,0.0,0.0,0.0,0.0,0.0,0.0,0.0,0.0,0.0,0.0,0.0
"126,162",2455.1580585910237,0.0,0.0,0.0,0.0,0.0,0.0,0.0,0.0,0.0,0.0,6285.466821581709,10782.184324847016,10203.277349412207,9090.806495347677,19025.283875320474,14774.825634745055,6298.149971873152,10826.57767868042,10234.991913735632,9043.246197381673,18981.664320660573,14752.670899815654,6421.814198643553,10928.04198884964,10336.470176636938,9119.361459890066,19121.114920347813,14625.171338884504,6321.095004512749,10734.530026197433,10149.31354540563,8926.489841758503,18562.21101715331,13995.712238209855,6229.128416730843,10572.781289339066,9939.22871311599,8748.883371173633,17969.2081609754,13554.173236744076,0.0,0.0,0.0,0.0,0.0,0.0,0.0,0.0,0.0,0.0,0.0,0.0,0.0,0.0,0.0,0.0,0.0,0.0,0.0,0.0,0.0,0.0,0.0,0.0,0.0,0.0,0.0,0.0,0.0,0.0
"127,162",2451.1558251824094,0.0,0.0,0.0,0.0,0.0,0.0,0.0,0.0,0.0,0.0,12289.454821325751,14748.326888598647,12445.23677127034,9930.033354796617,22208.696689952583,30878.23346727876,12260.964210487815,14751.45711497232,12499.01687686116,9971.121140279023,22309.97990591292,31152.907602930067,12137.453636385413,14662.762239493575,12425.373697452918,9976.648067955879,22245.927411765675,31059.34226182769,11922.125401474448,14473.593416852576,12309.966223383884,9779.25272869129,21750.999575235324,30139.71612413537,11573.843463398429,14263.217327966877,12022.131997725544,9529.103544941137,21030.29354709363,29177.9625672892,0.0,0.0,0.0,0.0,0.0,0.0,0.0,0.0,0.0,0.0,0.0,0.0,0.0,0.0,0.0,0.0,0.0,0.0,0.0,0.0,0.0,0.0,0.0,0.0,0.0,0.0,0.0,0.0,0.0,0.0
"128,162",2447.0185159890407,0.0,0.0,0.0,0.0,0.0,0.0,0.0,0.0,0.0,0.0,6230.559197197708,9844.429339356517,11789.93050158912,11637.476619101506,29537.900577531145,37641.95173694386,6211.580544482025,9782.006232854432,11839.670149733973,11684.841048098546,29869.557959304137,38277.09799973731,6179.955094824585,9796.988529152964,11812.235819208856,11646.864559985142,29856.72897647409,38317.96085785791,6148.357031832489,9820.148134594338,11760.666930739086,11636.206966814341,29741.1174339818,37936.827332844456,6084.082982031503,9652.972618910846,11605.386104661344,11475.814217872246,29393.621530555272,37569.138467585806,0.0,0.0,0.0,0.0,0.0,0.0,0.0,0.0,0.0,0.0,0.0,0.0,0.0,0.0,0.0,0.0,0.0,0.0,0.0,0.0,0.0,0.0,0.0,0.0,0.0,0.0,0.0,0.0,0.0,0.0
"129,162",1486.7824676137711,0.0,0.0,0.0,0.0,0.0,0.0,0.0,0.0,0.0,0.0,2754.4888717417625,5850.2494871373265,8239.205981545356,9314.207077677109,26376.790252001152,39612.97887660102,2760.8067843203453,5847.531246773402,8232.88867359629,9371.037172729828,26562.483604482582,39803.15243931097,2754.495961833468,5800.206782929103,8213.458418385188,9317.588416062148,26344.801688254116,39268.8159947947,2755.2906209777384,5814.93251080513,8278.920854525471,9297.87708008523,26359.370820065113,39423.143135556056,2750.037782684027,5785.19835875081,8240.047343533646,9222.965939340405,26156.400865118176,39235.49359003142,0.0,0.0,0.0,0.0,0.0,0.0,0.0,0.0,0.0,0.0,0.0,0.0,0.0,0.0,0.0,0.0,0.0,0.0,0.0,0.0,0.0,0.0,0.0,0.0,0.0,0.0,0.0,0.0,0.0,0.0
"86,163",57.771253194792266,0.0,0.0,0.0,0.0,0.0,0.0,0.0,0.0,0.0,0.0,3231.726654449164,2044.1924043730196,88.15928333974352,7.470003164515775,0.0,0.0,3260.733035484015,2061.9129881681183,91.38213771558276,7.470003164515775,0.0,0.0,3281.3099304535813,2061.9131190599182,94.60528105473986,7.470003164515775,0.0,0.0,3288.9190721839086,2060.826296460395,97.82828491902819,7.470003164515775,0.0,0.0,3270.4792605615135,2046.329434646345,94.60541194653979,7.470003164515775,0.0,0.0,0.0,0.0,0.0,0.0,0.0,0.0,0.0,0.0,0.0,0.0,0.0,0.0,0.0,0.0,0.0,0.0,0.0,0.0,0.0,0.0,0.0,0.0,0.0,0.0,0.0,0.0,0.0,0.0,0.0,0.0
"87,163",450.4648458922675,0.0,0.0,0.0,0.0,0.0,0.0,0.0,0.0,0.0,0.0,6182.289366349052,3398.42565295182,636.7634781313877,115.02067663435842,9.67475175857544,0.0,7547.922234457615,3982.065628221923,733.5029693556767,121.46738364462759,9.67475175857544,0.0,8502.420425511342,4425.433944466535,859.0471706184687,131.13946535353568,9.67475175857544,0.0,11492.798265654435,6038.621493846295,1299.1483405674205,173.05674459700492,16.12346124649048,0.0,12378.729864320569,6756.065179959465,1394.2744532594493,177.88786250656727,19.34792423248291,0.0,0.0,0.0,0.0,0.0,0.0,0.0,0.0,0.0,0.0,0.0,0.0,0.0,0.0,0.0,0.0,0.0,0.0,0.0,0.0,0.0,0.0,0.0,0.0,0.0,0.0,0.0,0.0,0.0,0.0,0.0
"88,163",453.21536725572054,0.0,0.0,0.0,0.0,0.0,0.0,0.0,0.0,0.0,0.0,8925.892227048502,6778.368510598762,1467.9863462737962,312.97266125679016,201.6471623327218,140.33218800507342,9192.098434205149,6879.089638695062,1522.8387229732439,335.5602366924286,220.99393338876612,146.78648960076129,9415.596158491397,7024.27269242698,1523.024723034279,335.5610702037811,229.0533896109637,150.01300370178973,9581.739366615519,7167.851485175712,1545.6073505691454,345.2392272949219,232.2796419283923,146.78694736443316,9777.84773277395,7401.75972907029,1569.7969758585389,361.3679645061493,238.7193048402375,146.78694736443316,0.0,0.0,0.0,0.0,0.0,0.0,0.0,0.0,0.0,0.0,0.0,0.0,0.0,0.0,0.0,0.0,0.0,0.0,0.0,0.0,0.0,0.0,0.0,0.0,0.0,0.0,0.0,0.0,0.0,0.0
"89,163",455.8570407773133,0.0,0.0,0.0,0.0,0.0,0.0,0.0,0.0,0.0,0.0,11715.028791598714,1139.7785598259347,69.41161707896812,35.515018701553345,3.22853684425354,0.0,13189.338936976825,1323.9146040140413,109.76781878190882,45.20111036300659,3.22853684425354,0.0,13395.90003354409,1352.9764054476045,112.99744186120874,45.20111036300659,3.22853684425354,0.0,14530.752677562188,1446.6010608710494,125.91325244623071,45.20111036300659,3.22853684425354,0.0,14785.561788305582,1482.11936545746,122.684692475375,45.20111036300659,3.22853684425354,0.0,0.0,0.0,0.0,0.0,0.0,0.0,0.0,0.0,0.0,0.0,0.0,0.0,0.0,0.0,0.0,0.0,0.0,0.0,0.0,0.0,0.0,0.0,0.0,0.0,0.0,0.0,0.0,0.0,0.0,0.0
"90,163",1103.4075353552887,0.0,0.0,0.0,0.0,0.0,0.0,0.0,0.0,0.0,0.0,15914.382627788244,2788.874832437553,234.27468505934172,96.94617009162903,16.15771460533142,3.2314493656158447,17330.18021517548,3099.9649155065126,250.43093482092314,106.64044308662415,16.15771460533142,3.2314493656158447,17649.01668811873,3232.4410028382845,253.66121188238554,106.64044308662415,16.15771460533142,6.462905406951904,19677.704073809644,3604.0105655698217,260.12401000097685,108.24995334195155,19.38947343826294,6.462905406951904,21610.76526048978,4016.85117466216,298.9019967658847,111.48173172520656,19.38947343826294,6.462905406951904,0.0,0.0,0.0,0.0,0.0,0.0,0.0,0.0,0.0,0.0,0.0,0.0,0.0,0.0,0.0,0.0,0.0,0.0,0.0,0.0,0.0,0.0,0.0,0.0,0.0,0.0,0.0,0.0,0.0,0.0
"91,163",2502.9432631576633,0.0,0.0,0.0,0.0,0.0,0.0,0.0,0.0,0.0,0.0,20540.890757342884,5471.987263277465,602.489020279342,146.0197044512805,142.61287655830384,14.722306203842162,20740.229120188134,5610.620282679913,621.8897420677483,146.02001320334043,152.31366648674012,11.488776874542236,22618.19019504155,5911.282231837628,696.253266504699,162.18786655874814,197.58321943283082,17.955852699279784,24618.496305146873,6380.0115500179,790.013906887466,223.62261473150812,229.91859259605405,30.89014263153076,25123.276216032933,6679.603228729847,864.3716220173183,239.79021488638483,246.08626737594602,30.89010806083679,0.0,0.0,0.0,0.0,0.0,0.0,0.0,0.0,0.0,0.0,0.0,0.0,0.0,0.0,0.0,0.0,0.0,0.0,0.0,0.0,0.0,0.0,0.0,0.0,0.0,0.0,0.0,0.0,0.0,0.0
"92,163",2504.1761562146976,0.0,0.0,0.0,0.0,0.0,0.0,0.0,0.0,0.0,0.0,21469.985563166003,10108.440884172214,2269.0745473824295,858.8925927377214,774.1663323393055,276.32298113505044,22598.03692046708,10772.532965289844,2474.4360383912626,946.2132716870775,858.2534888735005,295.7274463335673,23828.6056916882,11496.992162334218,2624.8202045721164,1027.0520111102683,929.4028697958179,328.06779123942056,25007.729241686244,12247.83736179015,2815.635675267612,1145.0930103965834,994.086142872829,337.77016426722207,25886.05905777333,12760.632134909723,2991.8902396576077,1238.883744210823,1087.877327298183,324.83697916666665,0.0,0.0,0.0,0.0,0.0,0.0,0.0,0.0,0.0,0.0,0.0,0.0,0.0,0.0,0.0,0.0,0.0,0.0,0.0,0.0,0.0,0.0,0.0,0.0,0.0,0.0,0.0,0.0,0.0,0.0
"93,163",2505.255887907639,0.0,0.0,0.0,0.0,0.0,0.0,0.0,0.0,0.0,0.0,10199.670566343793,1561.7259427650301,157.2763693229825,51.76615071296692,58.23679256439209,3.23514723777771,10578.419991253872,1623.1966811759798,163.74684714242525,58.236271381378174,61.471919775009155,6.470433712005615,10971.667639585568,1729.419404148588,173.45267890855376,58.236271381378174,61.471919775009155,6.470433712005615,11164.833289757897,1711.4383848526898,176.68613265916412,55.00071716308594,61.47070908546448,6.470433712005615,11055.629722144557,1762.3048194380367,174.16347542837556,55.00071716308594,61.47070908546448,6.470433712005615,0.0,0.0,0.0,0.0,0.0,0.0,0.0,0.0,0.0,0.0,0.0,0.0,0.0,0.0,0.0,0.0,0.0,0.0,0.0,0.0,0.0,0.0,0.0,0.0,0.0,0.0,0.0,0.0,0.0,0.0
"94,163",2506.182078906706,0.0,0.0,0.0,0.0,0.0,0.0,0.0,0.0,0.0,0.0,21815.559420066726,2321.7520412258073,74.0874433891446,0.0,0.0,0.0,21905.278910566783,2410.749180170134,78.93591180969688,0.0,0.0,0.0,22165.463305334957,2450.132017846201,82.1725796811721,0.0,0.0,0.0,23156.919333469174,2487.008998795117,82.1725796811721,0.0,0.0,0.0,23211.593919398743,2551.031457423229,91.17113660831077,0.0,0.0,0.0,0.0,0.0,0.0,0.0,0.0,0.0,0.0,0.0,0.0,0.0,0.0,0.0,0.0,0.0,0.0,0.0,0.0,0.0,0.0,0.0,0.0,0.0,0.0,0.0,0.0,0.0,0.0,0.0,0.0,0.0
"95,163",2506.954403517261,0.0,0.0,0.0,0.0,0.0,0.0,0.0,0.0,0.0,0.0,12085.083866402681,462.49188520300623,3.2381534576416016,0.0,0.0,0.0,13103.115100988687,513.7661921183268,3.2381534576416016,0.0,0.0,0.0,13774.980791128382,555.8597547213236,3.2381534576416016,0.0,0.0,0.0,14687.86484568166,633.5707601706187,6.4762914180755615,0.0,0.0,0.0,14310.445016590755,627.0940956274668,3.2381534576416016,0.0,0.0,0.0,0.0,0.0,0.0,0.0,0.0,0.0,0.0,0.0,0.0,0.0,0.0,0.0,0.0,0.0,0.0,0.0,0.0,0.0,0.0,0.0,0.0,0.0,0.0,0.0,0.0,0.0,0.0,0.0,0.0,0.0
"96,163",2507.5725899352296,0.0,0.0,0.0,0.0,0.0,0.0,0.0,0.0,0.0,0.0,7563.239285929065,1570.6062811804752,626.4826688944124,234.8204465202257,59.91266461727666,29.14846968650818,9390.752770322913,1652.124721912309,644.2906115429073,239.67206133954664,69.62842365620183,32.38708209991455,9734.86412955172,1749.2788986112557,663.7241592781215,246.14916648023268,76.10598083851384,38.864625215530396,10529.189545352785,1810.816787853428,679.9180994407802,242.91039122693678,85.82198950169133,42.10378074645996,10722.633681696536,1870.5505211484199,709.0658090488582,246.14808525197645,93.91206366314607,45.34229493141174,0.0,0.0,0.0,0.0,0.0,0.0,0.0,0.0,0.0,0.0,0.0,0.0,0.0,0.0,0.0,0.0,0.0,0.0,0.0,0.0,0.0,0.0,0.0,0.0,0.0,0.0,0.0,0.0,0.0,0.0
"97,163",2508.0364204609177,0.0,0.0,0.0,0.0,0.0,0.0,0.0,0.0,0.0,0.0,43253.17429425295,26621.498573959572,7038.565586087283,1455.7306841242548,556.1111680629207,119.85990452766418,45911.78667181894,27667.012266178695,7372.218770262774,1496.229344562456,598.2241629722072,113.38177251815796,47236.69131691222,28835.43838282473,7628.835691991507,1552.022179778417,633.8583249213649,142.53782439231873,48986.41807589812,30091.557420730594,8022.404224173228,1636.246057923635,659.7732988955928,136.05868816375732,49950.74630147243,31258.775295751235,8308.290747644387,1727.7592483342862,718.8947576878118,149.01580786705017,0.0,0.0,0.0,0.0,0.0,0.0,0.0,0.0,0.0,0.0,0.0,0.0,0.0,0.0,0.0,0.0,0.0,0.0,0.0,0.0,0.0,0.0,0.0,0.0,0.0,0.0,0.0,0.0,0.0,0.0
"98,163",2508.345731669631,0.0,0.0,0.0,0.0,0.0,0.0,0.0,0.0,0.0,0.0,63455.12580437941,74848.97075240285,20402.181400978803,4659.04549553254,1987.8570072407817,337.7597730552449,63694.866354897444,75179.41022530723,20553.636457129087,4697.923846744088,2010.5357675309276,347.47887400739336,63839.83805740487,75173.10056728755,20582.88246554861,4706.918771070592,1991.9101028124492,331.2803302203908,64057.69628159205,75394.93883473358,20790.22779292593,4744.17071259162,1997.5774413875504,305.3625643646016,64198.63055208431,75776.33966706779,20987.85223382595,4796.0071851029115,2042.9339300922318,320.74797232384776,0.0,0.0,0.0,0.0,0.0,0.0,0.0,0.0,0.0,0.0,0.0,0.0,0.0,0.0,0.0,0.0,0.0,0.0,0.0,0.0,0.0,0.0,0.0,0.0,0.0,0.0,0.0,0.0,0.0,0.0
"99,163",2508.500414539993,0.0,0.0,0.0,0.0,0.0,0.0,0.0,0.0,0.0,0.0,49253.77103778895,55855.346169168806,24448.735981419508,10283.489718574636,10286.609704522525,2992.913362420774,49741.39290220971,56512.97045278269,24717.48833146843,10391.20961146635,10300.293808488284,2979.953416026807,49799.71202698221,56472.47712564562,24767.68845024296,10419.644676166423,10118.777702785006,2888.34434448691,50224.236264542036,56935.88193856876,25073.059212728578,10607.639764609992,10326.30232089641,2883.4779196505456,50658.39178068965,57429.98340761428,25296.70612165881,10697.635294261634,10397.582045971178,2867.188980516733,0.0,0.0,0.0,0.0,0.0,0.0,0.0,0.0,0.0,0.0,0.0,0.0,0.0,0.0,0.0,0.0,0.0,0.0,0.0,0.0,0.0,0.0,0.0,0.0,0.0,0.0,0.0,0.0,0.0,0.0
"100,163",2508.5004145399994,0.0,0.0,0.0,0.0,0.0,0.0,0.0,0.0,0.0,0.0,23116.0506206419,33458.277245104546,12000.03462207925,3270.709916820713,2998.987730958415,1416.425388722326,23583.127949007823,34540.69496960921,12528.199841337579,3331.4567508893847,3116.694108063567,1422.905311970617,23920.00518063751,35213.335326307904,12755.340631713118,3381.593231886508,3047.9302449768666,1395.448212930268,24081.799471993538,35516.851264511366,12956.562828264981,3466.5698954198874,3115.627518393947,1337.1297100272834,24239.57773005542,36022.449292136174,13153.818704556485,3569.3463407890467,3182.2182074135426,1349.3651650634467,0.0,0.0,0.0,0.0,0.0,0.0,0.0,0.0,0.0,0.0,0.0,0.0,0.0,0.0,0.0,0.0,0.0,0.0,0.0,0.0,0.0,0.0,0.0,0.0,0.0,0.0,0.0,0.0,0.0,0.0
"101,163",2508.3457316696263,0.0,0.0,0.0,0.0,0.0,0.0,0.0,0.0,0.0,0.0,24010.423554636454,29397.723498341617,15735.557591358824,5739.782840332329,5111.78461854972,2915.6292763990514,24137.84169194278,29689.925359975587,15760.740163000895,5692.812544732935,4967.430112055235,2831.3957141679875,24408.324640404946,30210.619218323274,15882.41804624352,5657.987637803134,4764.137356987187,2688.5654640356697,24555.802775196,30445.68493260496,15817.250803474353,5461.997739923701,4517.305215967403,2474.1934126311658,24654.799487644083,30626.9207176863,15887.964555455192,5466.863032236286,4429.4015412396075,2403.732044955796,0.0,0.0,0.0,0.0,0.0,0.0,0.0,0.0,0.0,0.0,0.0,0.0,0.0,0.0,0.0,0.0,0.0,0.0,0.0,0.0,0.0,0.0,0.0,0.0,0.0,0.0,0.0,0.0,0.0,0.0
"102,163",2462.927944135149,0.0,0.0,0.0,0.0,0.0,0.0,0.0,0.0,0.0,0.0,28092.316837377173,47375.48846527268,17331.187636508195,5382.931347483281,4515.56813380578,2319.2552514394124,28606.568920838596,48262.31971004242,17813.024470447093,5529.044715363373,4567.041481191971,2309.535962851842,29183.34585595131,49506.92034109339,18469.265330551185,5689.207431017185,4690.494288180856,2361.670812213187,29797.151788381496,50909.4241951503,19361.152001146245,6002.799149873211,4954.863297322217,2316.163933294895,30365.646051122625,52309.131830195816,20324.053804175062,6506.872580612408,5203.301982758092,2304.0185881343546,0.0,0.0,0.0,0.0,0.0,0.0,0.0,0.0,0.0,0.0,0.0,0.0,0.0,0.0,0.0,0.0,0.0,0.0,0.0,0.0,0.0,0.0,0.0,0.0,0.0,0.0,0.0,0.0,0.0,0.0
"103,163",2507.5725899352246,0.0,0.0,0.0,0.0,0.0,0.0,0.0,0.0,0.0,0.0,21414.126351038612,55827.89674909068,21744.15857297673,5973.707896330777,4538.918163264031,2413.3940633642906,21936.592135247065,56659.46934887007,22044.097881799586,6080.2312181584975,4567.253004345239,2364.460636640997,22084.415439851615,57558.90614137742,22549.373671537287,6203.674648144665,4575.8118962633835,2144.5954738962882,22430.61665704391,58540.64138167698,23346.214560964065,6539.447561655791,4758.098442790088,2173.7435015547508,22855.711155965284,60247.69174373756,24107.060702446393,6867.027636478461,5152.972235320597,2310.2230851930726,0.0,0.0,0.0,0.0,0.0,0.0,0.0,0.0,0.0,0.0,0.0,0.0,0.0,0.0,0.0,0.0,0.0,0.0,0.0,0.0,0.0,0.0,0.0,0.0,0.0,0.0,0.0,0.0,0.0,0.0
"104,163",2506.9544035172435,0.0,0.0,0.0,0.0,0.0,0.0,0.0,0.0,0.0,0.0,44244.8696533549,66236.19838096488,20608.75691875944,6011.37887157085,6012.440919839635,3812.1571293634524,44608.12459667523,67078.63825065014,21004.271937098223,6164.384448582518,6154.1912120865845,3835.1816849128872,44881.73494099729,67655.79814027713,21181.285851145723,6242.092503840316,6112.095679669287,3715.017485694324,44867.69856656766,67780.38538756465,21112.669080317257,6201.442096233369,5886.885759208716,3400.938796595966,44942.1701454041,68125.57683948068,21315.039714528066,6305.061796665193,5954.522317632974,3413.173765442418,0.0,0.0,0.0,0.0,0.0,0.0,0.0,0.0,0.0,0.0,0.0,0.0,0.0,0.0,0.0,0.0,0.0,0.0,0.0,0.0,0.0,0.0,0.0,0.0,0.0,0.0,0.0,0.0,0.0,0.0
"105,163",2506.1820789067683,0.0,0.0,0.0,0.0,0.0,0.0,0.0,0.0,0.0,0.0,25866.452842583374,66623.45250110906,40037.285300431526,14668.82992514068,14912.414514828664,5955.577190016765,26075.04818174044,67168.9471357514,40389.901991533756,14800.920956510658,14945.024397634059,5975.002349709529,26226.36967081369,67492.637931906,40606.216601871034,14826.819641727561,14906.007436619553,5855.234779929179,26098.17795731975,67170.3196281059,40294.76504719116,14557.52090164166,14408.057859407687,5424.71053013708,26178.47412558069,67286.84758567903,40302.3004942202,14507.340497323581,14295.827004450442,5370.747456516004,0.0,0.0,0.0,0.0,0.0,0.0,0.0,0.0,0.0,0.0,0.0,0.0,0.0,0.0,0.0,0.0,0.0,0.0,0.0,0.0,0.0,0.0,0.0,0.0,0.0,0.0,0.0,0.0,0.0,0.0
"106,163",2505.255887907625,0.0,0.0,0.0,0.0,0.0,0.0,0.0,0.0,0.0,0.0,23354.51929053606,58486.557217229565,43515.71957974155,19237.487854373227,17136.832957113493,6392.168490346272,23459.846520150877,58901.54191186473,44024.62823938015,19492.051343591545,17337.4707299139,6384.083905062955,23421.7359993168,58950.0753839259,44271.34237740741,19527.64282210388,17304.48240621511,6270.839164099973,23349.568133760902,58728.47730485879,44168.872115519465,19382.22949636871,16896.96439008526,5889.9234294732405,23424.624548721316,58907.24163287013,44265.22796120176,19498.717172512355,16940.642186599616,5802.560973151524,0.0,0.0,0.0,0.0,0.0,0.0,0.0,0.0,0.0,0.0,0.0,0.0,0.0,0.0,0.0,0.0,0.0,0.0,0.0,0.0,0.0,0.0,0.0,0.0,0.0,0.0,0.0,0.0,0.0,0.0
"107,163",2504.176156214682,0.0,0.0,0.0,0.0,0.0,0.0,0.0,0.0,0.0,0.0,30792.91595564356,73234.33980313095,52930.66141679895,19262.909858085593,15069.702058256373,7225.731242420159,30657.067298512364,73197.30939365181,52970.36774590437,19377.008092663335,15100.411284052157,7216.0170192737205,30594.880374287623,73304.85027265361,53026.15713771839,19342.23355109084,15093.932733856464,7274.238545181237,30476.0090282356,73234.40577968242,53013.92934564609,19283.367303765055,14940.099369327694,6987.06169386097,30481.65771957285,73234.40516866889,53121.39630722065,19343.21933710622,15041.989637403862,7019.403983547173,0.0,0.0,0.0,0.0,0.0,0.0,0.0,0.0,0.0,0.0,0.0,0.0,0.0,0.0,0.0,0.0,0.0,0.0,0.0,0.0,0.0,0.0,0.0,0.0,0.0,0.0,0.0,0.0,0.0,0.0
"108,163",2502.9432631576956,16.161672592163086,9.697618246078491,58.18180561065674,16.16200280189514,174.53542947769165,16.161672592163086,9.697618246078491,58.18180561065674,16.16200280189514,164.83869051933289,37744.1354149192,76420.2352368121,58438.8192660257,21923.353985351674,11671.46578188597,2599.7527007794847,37866.97535594398,76537.42468106419,58568.92723410644,21972.560892037785,11761.976594168533,2628.846384975957,38025.400094112694,76761.29985406352,58707.93597548523,22056.773656333662,11900.970723111022,2651.4764735436906,38084.407401141936,76894.76316420517,58740.278999023816,22144.779503970054,11976.765731843312,2703.1966392732133,38165.31125125324,77062.85718981705,58859.88946048232,22171.364245744782,11995.434714166793,2690.2679476476183,3.2321550846099854,12.9295175075531,0.0,0.0,0.0,0.0,3.232710838317871,3.2323570251464844,3.2325503826141357,0.0,0.0,0.0,16.161521196365356,22.625904321670532,12.929403305053711,3.2324883937835693,3.2324883937835693,0.0,0.0,6.464588642120361,9.69741415977478,0.0,0.0,0.0,22.626198768615723,100.19461917877197,32.32161235809326,9.696260213851929,0.0,0.0
"109,163",2501.5576414041257,54.92525577545166,9.693516492843628,12.921107769012451,9.692776918411255,29.07686138153076,54.92525577545166,9.693516492843628,12.921107769012451,9.692776918411255,29.07686138153076,28976.57684997483,58688.62520041092,54012.31413749526,26902.324646062476,18518.073453973324,4424.272579326816,28993.3743472707,58642.60307809605,54001.045305855136,27017.579833092404,18647.317879508526,4459.816126718708,29089.146708310815,58692.370764525745,54123.846085674624,27082.757555223907,18716.781699488212,4443.660801544376,29105.296818317147,58541.56468290254,54171.80531169573,27125.64206809623,18759.76579382747,4471.111010586047,29076.794482121746,58503.27242016699,54240.305544945775,27142.693961517478,18836.408544508624,4498.7376584062395,6.462215423583984,35.54013419151306,12.922906160354614,0.0,0.0,0.0,9.693516492843628,0.0,0.0,0.0,0.0,0.0,0.0,9.690531730651855,3.2305760383605957,0.0,0.0,0.0,0.0,3.2311251163482666,3.2311317920684814,3.230520009994507,0.0,0.0,0.0,9.69280457496643,19.38405680656433,0.0,0.0,0.0
"110,163",2500.0197766204774,22.608062982559204,16.149652004241943,19.376906156539917,0.0,3.2299535274505615,22.608062982559204,16.149652004241943,19.376906156539917,0.0,3.2299535274505615,17943.794001846687,49611.19235986448,50651.204079337214,27359.989755819362,19459.169117208552,2495.9038416236053,17851.931023559384,49551.98960562781,50771.18408198824,27516.958706643534,19693.536517653745,2579.865035423578,17805.45071378035,49577.100395764566,50867.22609694519,27498.215930193546,19848.52294734506,2599.2432252257477,17727.943591740554,49415.122460762665,50883.39311798134,27634.885040230845,20100.385048184675,2663.8248652308594,17750.728326131783,49330.67195901123,50978.7950683519,27736.59982734755,20303.808814559263,2716.9271030267078,9.689881801605225,9.689244031906128,0.0,3.2289371490478516,0.0,0.0,12.919799566268921,3.2298524379730225,0.0,0.0,0.0,0.0,12.918416500091553,6.458489656448364,0.0,0.0,0.0,0.0,0.0,0.0,0.0,0.0,0.0,0.0,3.2299535274505615,0.0,0.0,0.0,0.0,0.0
"111,163",2498.3302070915493,0.0,0.0,3.2278409004211426,0.0,0.0,0.0,0.0,3.2278409004211426,0.0,0.0,20202.109473034918,61487.14744782634,48023.15547382224,15699.17607697973,6252.338648731568,471.0699365868288,20802.279234161568,62934.766582055185,49180.79908828455,16130.265855296451,6260.9389076382495,471.0704181923586,21460.93593056623,64156.4841531127,50391.30955354373,16536.26338295843,6314.168243565279,472.6902369115867,21874.75842276087,65158.64919018932,51158.539545479005,16769.13526869755,6372.2509283206045,456.5560413454093,22228.47442222016,66089.25480290393,51779.66263737958,16982.935484951617,6441.968707511937,453.33081899624244,0.0,0.0,0.0,0.0,0.0,0.0,0.0,0.0,0.0,0.0,0.0,0.0,0.0,0.0,3.2278409004211426,0.0,0.0,0.0,0.0,0.0,0.0,0.0,0.0,0.0,0.0,0.0,0.0,0.0,0.0,0.0
"112,163",2496.4895233005623,0.0,0.0,0.0,0.0,0.0,0.0,0.0,0.0,0.0,0.0,28215.36499595455,35070.914733340695,26028.131278425102,11328.05392052613,7977.547650386772,1449.804942031,28928.47780586785,35859.975883985964,26796.651540656185,11619.528675451465,8119.428120185814,1427.237153668497,30174.335383871487,37001.60435279678,27676.790956234465,12045.140459008311,8374.957513237,1424.0135594798069,31038.844464149657,37799.6224748546,28339.141460956314,12406.272102542018,8510.730641550177,1404.6634913874607,31502.81801254702,38520.43070211317,28979.957265146106,12654.527069277858,8669.976410331914,1424.009331364725,0.0,0.0,0.0,0.0,0.0,0.0,0.0,0.0,0.0,0.0,0.0,0.0,0.0,0.0,0.0,0.0,0.0,0.0,0.0,0.0,0.0,0.0,0.0,0.0,0.0,0.0,0.0,0.0,0.0,0.0
"113,163",2494.316076907753,0.0,0.0,0.0,0.0,0.0,0.0,0.0,0.0,0.0,0.0,35390.19271864891,43253.0298896668,18975.859667049666,5621.198088441176,2828.3546853224434,404.78771786035276,37271.048306683,45266.155059001954,19967.005672387517,5867.691621024937,2952.3994618425186,424.1264465266583,38622.02843416719,47392.30481517269,20773.156079850476,6087.601606651382,3065.1766358384903,428.9691796723534,39261.13660919338,48944.73914501246,21697.396916887807,6356.900924125372,3147.7971866186926,430.57309044856646,40358.320185076016,50754.38926550359,22510.06240126946,6643.386853332145,3272.3821590002844,416.0779054585625,0.0,0.0,0.0,0.0,0.0,0.0,0.0,0.0,0.0,0.0,0.0,0.0,0.0,0.0,0.0,0.0,0.0,0.0,0.0,0.0,0.0,0.0,0.0,0.0,0.0,0.0,0.0,0.0,0.0,0.0
"114,163",2484.225844796579,0.0,0.0,0.0,0.0,0.0,0.0,0.0,0.0,0.0,0.0,47679.43549714649,54257.13036776804,17716.96694571738,6007.449105615241,6564.321588276881,3743.176873295915,48543.770936052475,55224.13410249785,18012.504751693497,6129.763641233069,6623.865685808892,3736.7354685820787,49392.415974954536,56387.942740491795,18251.503031409957,6167.591975537468,6634.944187967449,3738.163547717824,50018.82882246598,57214.224197212854,18364.288091023765,6142.350069552776,6502.784913394029,3644.8167588346146,50903.07249273412,58014.577310953886,18439.788682997463,6130.7122593384165,6452.3386020249,3646.7925931584605,0.0,0.0,0.0,0.0,0.0,0.0,0.0,0.0,0.0,0.0,0.0,0.0,0.0,0.0,0.0,0.0,0.0,0.0,0.0,0.0,0.0,0.0,0.0,0.0,0.0,0.0,0.0,0.0,0.0,0.0
"115,163",2490.058262575383,0.0,0.0,0.0,0.0,0.0,0.0,0.0,0.0,0.0,0.0,55141.46470953344,52852.29170662562,13540.519745424683,4266.053798958834,4478.852728119084,3719.2988425413764,56148.11386467336,53953.297084469894,13808.437207298655,4343.244538828905,4575.34479044933,3728.9431438492793,56619.45858115776,54531.31606491314,13933.775979873248,4364.957481224396,4596.411715220471,3715.4480577328623,56677.2189783302,54513.80595655068,13843.082533209934,4291.705182434531,4527.425223130806,3487.906223993675,56757.49317738028,54388.381687589725,13761.230798266915,4232.036669201008,4484.0128198754555,3471.471281934252,0.0,0.0,0.0,0.0,0.0,0.0,0.0,0.0,0.0,0.0,0.0,0.0,0.0,0.0,0.0,0.0,0.0,0.0,0.0,0.0,0.0,0.0,0.0,0.0,0.0,0.0,0.0,0.0,0.0,0.0
"116,163",2487.6201176512322,0.0,0.0,0.0,0.0,0.0,0.0,0.0,0.0,0.0,0.0,51338.018890154606,28034.55509282186,11751.030888865043,4504.196237945556,3913.9505160434574,1303.5636865344702,52985.45562579398,28969.502874623086,12069.898685638578,4571.665173673629,3949.2767427547305,1319.6126591289744,55173.787707549454,30249.074226652403,12483.464299784457,4696.956925851224,4052.0834410770267,1313.1893021190867,57151.25212078468,31048.09856614786,12573.24731487106,4709.0942439434575,4042.440979538712,1321.2128848412458,59048.74513136826,32130.895917985017,12827.89332599827,4689.839862048392,4048.879288254532,1350.1260349133436,0.0,0.0,0.0,0.0,0.0,0.0,0.0,0.0,0.0,0.0,0.0,0.0,0.0,0.0,0.0,0.0,0.0,0.0,0.0,0.0,0.0,0.0,0.0,0.0,0.0,0.0,0.0,0.0,0.0,0.0
"117,163",2485.034579943256,0.0,0.0,0.0,0.0,0.0,0.0,0.0,0.0,0.0,0.0,40273.65849612273,25208.40166555386,9356.738155240637,2745.567887921427,2714.0219832214657,1824.8749312569114,42193.90196829216,25593.81303337415,9418.703494914373,2745.5800420237524,2723.654053047592,1828.0846056152793,43298.22024941444,25669.263299964456,9423.528271664823,2758.41985597143,2733.27788718074,1834.5060166527244,43840.2154214457,25529.828854588897,9246.940655698028,2730.319895631192,2726.852844074661,1840.1222117386612,45678.84913482853,25415.770150501583,9189.132248868194,2736.7488068402986,2739.690100267822,1840.1218257389817,0.0,0.0,0.0,0.0,0.0,0.0,0.0,0.0,0.0,0.0,0.0,0.0,0.0,0.0,0.0,0.0,0.0,0.0,0.0,0.0,0.0,0.0,0.0,0.0,0.0,0.0,0.0,0.0,0.0,0.0
"118,163",2482.302542001394,0.0,0.0,0.0,0.0,0.0,0.0,0.0,0.0,0.0,0.0,18242.237799487397,8738.211192819183,2298.6153956890107,560.3515696422726,199.02630474333668,8.012016892900654,20539.899028443353,9377.666254033293,2437.9312104842243,595.6266074077755,227.89066316847712,8.012016892900654,22949.67598747365,10360.365913347166,2647.9492789492883,644.5280992348988,245.52220381381468,8.012016892900654,26461.24148117046,11922.406627291324,3024.693364469678,725.4782464120902,264.76399267795045,8.012016892900654,29943.41099257749,13458.412346078832,3358.972219379275,765.5493926908456,272.7712831637439,8.012016892900654,0.0,0.0,0.0,0.0,0.0,0.0,0.0,0.0,0.0,0.0,0.0,0.0,0.0,0.0,0.0,0.0,0.0,0.0,0.0,0.0,0.0,0.0,0.0,0.0,0.0,0.0,0.0,0.0,0.0,0.0
"119,163",2479.424944526623,0.0,0.0,0.0,0.0,0.0,0.0,0.0,0.0,0.0,0.0,35638.68096604347,43244.43697495087,16940.24021576713,4152.410459393146,1783.7691378574743,227.2918028831482,37394.19098729526,44854.70727107852,17482.12111808833,4329.302925154741,1886.2148489933386,243.29968786239624,39518.22257383104,46292.81943612846,17836.96701820785,4394.388922034993,1889.4154970627203,236.89728784561157,41865.903338977405,47667.90437342606,17989.587269100488,4445.603744804158,1915.0216476898565,230.49560952186584,45012.460815230545,49366.12584085651,18274.555275304647,4516.037123262181,1931.0386681538,230.4946732521057,0.0,0.0,0.0,0.0,0.0,0.0,0.0,0.0,0.0,0.0,0.0,0.0,0.0,0.0,0.0,0.0,0.0,0.0,0.0,0.0,0.0,0.0,0.0,0.0,0.0,0.0,0.0,0.0,0.0,0.0
"120,163",2476.4027756495716,0.0,0.0,0.0,0.0,0.0,0.0,0.0,0.0,0.0,0.0,12751.132943045859,31089.326479546227,18746.364755410774,5679.679049546112,1733.6208263649662,92.7632188796997,12697.46108711654,31488.1443084988,19009.87589887357,5723.666359872444,1789.6072548445534,92.7648458480835,13018.581864312115,32207.739386506175,19377.7701396138,5812.492021610222,1819.9895046963413,89.56461119651794,13724.60642525168,33368.681629640916,19872.042404546926,5876.454361011467,1839.160632730933,86.36697053909302,14471.43083152584,34713.020923011434,20325.25374574568,5975.346483287623,1883.923867823096,83.1671462059021,0.0,0.0,0.0,0.0,0.0,0.0,0.0,0.0,0.0,0.0,0.0,0.0,0.0,0.0,0.0,0.0,0.0,0.0,0.0,0.0,0.0,0.0,0.0,0.0,0.0,0.0,0.0,0.0,0.0,0.0
"121,163",2473.2370701692867,0.0,0.0,0.0,0.0,0.0,0.0,0.0,0.0,0.0,0.0,33718.87281244596,27177.317275605477,18226.52074088022,10251.48642481729,11027.820899756749,6909.611582478356,32707.73395812184,26950.911103501978,18292.497321974995,10277.047588719573,11008.996192305696,6781.827409943413,32812.07622911229,27388.27963498247,18626.025947864382,10516.300217364818,11190.628686357946,6788.21069785006,33601.84351283335,28315.119397098882,19149.274279038113,10749.523850177316,11382.279000689,6830.073993700626,34513.36739415468,29081.820179026738,19772.427178222057,11047.705407803667,11594.731012324724,6839.660142677905,0.0,0.0,0.0,0.0,0.0,0.0,0.0,0.0,0.0,0.0,0.0,0.0,0.0,0.0,0.0,0.0,0.0,0.0,0.0,0.0,0.0,0.0,0.0,0.0,0.0,0.0,0.0,0.0,0.0,0.0
"122,163",2469.928908758684,0.0,0.0,0.0,0.0,0.0,0.0,0.0,0.0,0.0,0.0,54461.18212737944,45886.57627753464,16847.040547654207,5808.047601944792,3766.380704580569,1372.6908122015934,54443.88339184126,45593.06923158964,16714.391232349357,5730.421986268548,3708.340777395286,1331.2078534079533,54698.372324457356,45670.054205340035,16598.509344176684,5677.257389710931,3671.0554061356715,1267.408454508875,54782.21380389157,45590.37717652508,16580.433334982627,5659.433937117633,3621.601388771394,1238.3424334862652,54850.42370514869,45716.39355324203,16556.822958447883,5648.533237879884,3576.959109834596,1178.8015476404453,0.0,0.0,0.0,0.0,0.0,0.0,0.0,0.0,0.0,0.0,0.0,0.0,0.0,0.0,0.0,0.0,0.0,0.0,0.0,0.0,0.0,0.0,0.0,0.0,0.0,0.0,0.0,0.0,0.0,0.0
"123,163",2466.4794171346657,0.0,0.0,0.0,0.0,0.0,0.0,0.0,0.0,0.0,0.0,3740.642791828455,8519.021716209489,8673.032660676918,4304.845251771516,2002.0480139620167,237.74026016347545,3634.15261204009,8478.093703935661,8652.561580148398,4270.848134420433,2019.0325507781085,244.1153099929585,3748.839615175771,8559.86332402884,8712.577880002003,4400.446853215087,2026.5046993367814,218.62761143796584,3853.972505877065,8814.707711955614,9006.207070716222,4508.2469336004815,2079.076367992513,215.44075802915236,4150.228933168861,9284.958387996636,9270.354676450468,4553.380115434235,2117.322062068827,214.39117943258844,0.0,0.0,0.0,0.0,0.0,0.0,0.0,0.0,0.0,0.0,0.0,0.0,0.0,0.0,0.0,0.0,0.0,0.0,0.0,0.0,0.0,0.0,0.0,0.0,0.0,0.0,0.0,0.0,0.0,0.0
"124,163",2462.8897652039514,0.0,0.0,0.0,0.0,0.0,0.0,0.0,0.0,0.0,0.0,2367.951145170249,4285.475857567319,5986.054424744027,6186.4499990472605,10032.348364605621,2711.950202656727,2369.5298104978074,4396.786363195904,6154.634113054651,6377.231940192802,10472.163505082035,2851.1997714360555,2412.281153167463,4524.710944459952,6283.417486103844,6447.819215572581,10541.240403239866,2805.8768060385014,2414.855350376578,4578.796554611243,6368.253527848861,6423.471563771192,10384.53640509119,2661.969076207105,2464.08967145097,4746.714685588724,6536.115158367157,6639.81258058735,10712.107440476322,2775.653059357288,0.0,0.0,0.0,0.0,0.0,0.0,0.0,0.0,0.0,0.0,0.0,0.0,0.0,0.0,0.0,0.0,0.0,0.0,0.0,0.0,0.0,0.0,0.0,0.0,0.0,0.0,0.0,0.0,0.0,0.0
"125,163",2459.161166166965,0.0,0.0,0.0,0.0,0.0,0.0,0.0,0.0,0.0,0.0,7804.169966792126,13422.094120614673,16558.755311797646,15027.103412773095,25319.39747615422,13343.825271640104,7839.130247733172,13563.462078513354,16716.020283125894,15080.401821890064,25651.157092886348,13706.554495289747,7942.580084927877,13643.769529452979,16825.617357234394,15190.990445775613,25665.527717964324,13621.64832932435,7993.254304958793,13735.089883116181,16909.299405120404,15157.38752082563,25418.804101178226,13474.065265706942,7997.323933745366,13896.295452039383,16959.98868650829,15141.405387398778,25215.56669325548,13362.122194682852,0.0,0.0,0.0,0.0,0.0,0.0,0.0,0.0,0.0,0.0,0.0,0.0,0.0,0.0,0.0,0.0,0.0,0.0,0.0,0.0,0.0,0.0,0.0,0.0,0.0,0.0,0.0,0.0,0.0,0.0
"126,163",2455.294875590364,0.0,0.0,0.0,0.0,0.0,0.0,0.0,0.0,0.0,0.0,3807.980644103592,7939.709573892518,10971.353967222512,10786.470281772987,22303.662051293424,18473.45076278705,3792.122596379822,7868.338133135028,10816.663619649176,10594.61751143418,22015.837803554532,18192.85018951191,3807.9506417480166,7955.70508464271,10994.251054660946,10675.472187866882,21892.117299253798,18052.469583954527,3842.016427113028,7951.781567836275,11009.408829954558,10592.203206369923,21731.859074652428,17734.36971117655,3809.5994696364683,7907.388329291811,10974.518922117644,10501.849452759237,21515.311991338167,17509.23346940489,0.0,0.0,0.0,0.0,0.0,0.0,0.0,0.0,0.0,0.0,0.0,0.0,0.0,0.0,0.0,0.0,0.0,0.0,0.0,0.0,0.0,0.0,0.0,0.0,0.0,0.0,0.0,0.0,0.0,0.0
"127,163",2451.29219048221,0.0,0.0,0.0,0.0,0.0,0.0,0.0,0.0,0.0,0.0,5121.864619925444,8044.1941952901725,8372.24264830795,7350.048476400563,16601.580392165277,19767.435411372837,5023.713940813963,7941.319839029687,8284.307422619242,7264.5673334028215,16504.98604023503,19543.379078793056,4973.067145779554,7841.630220871345,8273.900616276498,7214.738886332045,16332.63763764886,19123.860482338365,4928.784720375959,7792.547327544642,8170.24134166942,7081.672938775081,15951.672116983636,18474.74935823048,4926.341021114238,7732.379179265452,8072.559575154735,6958.244831275005,15609.021516491386,17928.69588716358,0.0,0.0,0.0,0.0,0.0,0.0,0.0,0.0,0.0,0.0,0.0,0.0,0.0,0.0,0.0,0.0,0.0,0.0,0.0,0.0,0.0,0.0,0.0,0.0,0.0,0.0,0.0,0.0,0.0,0.0
"128,163",2447.1544483053917,0.0,0.0,0.0,0.0,0.0,0.0,0.0,0.0,0.0,0.0,8663.675391077528,10854.2256188215,10226.172850415285,9467.211295804793,20065.748450707455,40535.86042395293,8644.683907627592,10908.165720372108,10270.79033629754,9492.43884035092,20129.572215777753,41010.72544169146,8650.99946510745,10916.647398084753,10288.34116378859,9487.677866571092,20031.70985041319,40123.66004122006,8564.085532070609,10812.368102401846,10190.616977573845,9355.35471056209,19526.95722735816,38795.69649866703,8349.157464148017,10555.379490846746,9908.760545451969,9032.302935692844,18776.549632941977,37150.318339828416,0.0,0.0,0.0,0.0,0.0,0.0,0.0,0.0,0.0,0.0,0.0,0.0,0.0,0.0,0.0,0.0,0.0,0.0,0.0,0.0,0.0,0.0,0.0,0.0,0.0,0.0,0.0,0.0,0.0,0.0
"129,163",2164.200100524672,0.0,0.0,0.0,0.0,0.0,0.0,0.0,0.0,0.0,0.0,28324.304255288254,34504.99076456275,22220.484409003166,13673.410116156412,20476.39531796773,23999.891730008403,28314.830175917756,34414.77051822905,22144.076804029242,13665.55936745195,20485.375210474987,24054.966219304588,28182.296759884965,34294.845647499606,22004.422321878697,13585.067466862061,20367.521232389,23586.810891348705,28247.77706221225,34294.84139363532,22130.380007646596,13601.363810115703,20320.383492215475,23448.137670061635,28097.393936965043,34140.44127740579,21856.853161714593,13313.362939187593,19793.27574537595,22426.005846427463,0.0,0.0,0.0,0.0,0.0,0.0,0.0,0.0,0.0,0.0,0.0,0.0,0.0,0.0,0.0,0.0,0.0,0.0,0.0,0.0,0.0,0.0,0.0,0.0,0.0,0.0,0.0,0.0,0.0,0.0
"130,163",175.40095214356626,0.0,0.0,0.0,0.0,0.0,0.0,0.0,0.0,0.0,0.0,3031.3202621759146,4637.00925246033,2943.8909800052643,1624.7612930110859,1705.0396684029522,1246.5640057049545,3006.1046974481314,4640.161041410296,2930.9370607151704,1624.7614572814869,1708.660693137786,1264.9062753798914,2996.647994977352,4630.705756814807,2908.8735319390016,1624.76160104789,1702.3575679947348,1261.6807623423783,2993.4952194513053,4639.159176932129,2905.722401977988,1615.3058837226795,1711.1696957475997,1270.0120145489188,2988.205126473483,4626.57567320618,2927.7849243893343,1609.0030875972675,1708.0184413320876,1271.9642944476184,0.0,0.0,0.0,0.0,0.0,0.0,0.0,0.0,0.0,0.0,0.0,0.0,0.0,0.0,0.0,0.0,0.0,0.0,0.0,0.0,0.0,0.0,0.0,0.0,0.0,0.0,0.0,0.0,0.0,0.0
"86,164",550.7766515271559,0.0,0.0,0.0,0.0,0.0,0.0,0.0,0.0,0.0,0.0,9461.682472507626,1882.1616576961444,599.2163508686366,162.22409677505493,2.1487741470336914,0.0,10300.91914306622,2145.1721807180666,652.9310480706833,159.0011122226715,2.1487741470336914,0.0,10703.201714719511,2469.5618847426244,794.7411692890468,170.81897068023682,2.1487741470336914,0.0,11536.099600420748,3132.044876354816,949.4424489292445,186.93342876434326,2.1487741470336914,0.0,11876.814749676574,3300.261505009147,963.4102462880752,180.4873287677765,2.1487741470336914,0.0,0.0,0.0,0.0,0.0,0.0,0.0,0.0,0.0,0.0,0.0,0.0,0.0,0.0,0.0,0.0,0.0,0.0,0.0,0.0,0.0,0.0,0.0,0.0,0.0,0.0,0.0,0.0,0.0,0.0,0.0
"87,164",2496.629516499824,0.0,0.0,0.0,0.0,0.0,0.0,0.0,0.0,0.0,0.0,42663.805436913164,7651.221953446256,1408.0146316724667,278.788867484822,47.63788337520524,16.127867460250854,44695.83799253912,8296.476997040765,1480.0109591427974,274.36460348858554,47.63788337520524,16.127867460250854,46095.53731755181,8587.0011372828,1502.3488203759287,249.63318669936237,41.189044902838916,9.676717042922974,50139.51227523578,10249.386690026637,1732.8303893136044,278.6452575936037,41.189044902838916,9.676717042922974,52127.1241418025,11084.047171217786,1792.854852528666,273.80538622818744,37.96570749095842,9.676717042922974,0.0,0.0,0.0,0.0,0.0,0.0,0.0,0.0,0.0,0.0,0.0,0.0,0.0,0.0,0.0,0.0,0.0,0.0,0.0,0.0,0.0,0.0,0.0,0.0,0.0,0.0,0.0,0.0,0.0,0.0
"88,164",2498.4705738043713,0.0,0.0,0.0,3.22776460647583,0.0,0.0,0.0,0.0,3.22776460647583,0.0,21801.196566133873,20055.280584930904,6983.522936679802,3585.997052614362,4705.476107366412,6112.562165238811,22866.76380064254,21357.21268364682,7372.030278471404,3711.8584060117314,4828.088270964342,6135.141863086177,25206.02506808861,23825.56145511889,8256.41240142654,4160.397193376691,5333.072255785324,6432.00211856599,26784.315667239363,24970.223250879026,8672.096492678513,4450.802411262663,5794.480222160676,6761.117585875942,27842.104766739118,26029.56322716731,9173.149839635922,4723.2972167529315,6275.221753034404,7225.756002166225,0.0,0.0,0.0,0.0,0.0,0.0,0.0,0.0,0.0,0.0,0.0,0.0,0.0,0.0,0.0,0.0,0.0,0.0,0.0,0.0,3.22776460647583,0.0,0.0,0.0,0.0,0.0,0.0,0.0,0.0,0.0
"89,164",2500.1604927667254,0.0,0.0,0.0,3.228095054626465,0.0,0.0,0.0,0.0,3.228095054626465,0.0,47449.823289545835,42976.03930859378,11274.852816965065,1874.506609098584,496.43674592410815,96.8409492969513,55275.11527716879,47932.96449241731,12937.71357726864,2145.7301875516478,541.6389923516442,90.38491582870483,57291.071061368086,49371.46183917195,13412.323609588662,2232.8972004815646,583.6103604260613,100.06967449188232,61229.18224755923,51675.80061976115,13953.322621893416,2329.7612198754855,609.4385981980492,103.29762053489685,64611.176023099935,53549.68350963499,14441.368529042076,2418.720513801949,644.9516818944146,112.98156833648682,0.0,0.0,0.0,0.0,0.0,0.0,0.0,0.0,0.0,0.0,0.0,0.0,0.0,0.0,0.0,0.0,0.0,0.0,0.0,3.228095054626465,0.0,0.0,0.0,0.0,0.0,0.0,0.0,0.0,0.0,0.0
"90,164",2501.6986811106344,0.0,0.0,0.0,0.0,0.0,0.0,0.0,0.0,0.0,0.0,83940.76415087568,23378.504396800436,1770.288986781064,248.82061100006104,169.834238652622,35.54820394515991,88536.49179819332,25291.72563079385,2009.3901651887334,283.6475837847766,198.1989099446465,38.78007912635803,90343.99803670155,26000.577673080854,2066.9310157738482,299.8054707667407,217.59003705417408,38.78007912635803,97194.06150100651,27845.032304164477,2138.0121369801313,324.03563703555693,246.67422384654773,38.78007912635803,99638.79288700983,29374.050556295995,2318.9431691609175,340.19318164844145,259.6003124180962,45.243608713150024,0.0,0.0,0.0,0.0,0.0,0.0,0.0,0.0,0.0,0.0,0.0,0.0,0.0,0.0,0.0,0.0,0.0,0.0,0.0,0.0,0.0,0.0,0.0,0.0,0.0,0.0,0.0,0.0,0.0,0.0
"91,164",2503.0845989010477,0.0,0.0,0.0,3.2325282096862793,0.0,0.0,0.0,0.0,3.2325282096862793,0.0,82168.40560051134,9583.20096500808,1438.6131805055284,573.3045743493473,402.23112856921034,113.12525367736816,87797.45592556936,10882.02276128881,1797.3731061093947,710.9767106972489,480.52117567623367,119.58934473991394,94014.86008753964,11646.875570989123,1900.220549996694,734.8053464178945,506.3772364195656,119.58934473991394,102254.23707656955,12909.761216540428,2048.9058434327444,760.6621383910085,522.5380323466134,126.05324339866638,104146.05896435905,13476.239793377295,2107.090686496099,770.3585991148855,538.6985590990853,129.28517651557922,0.0,0.0,0.0,0.0,0.0,0.0,0.0,0.0,0.0,0.0,0.0,0.0,0.0,0.0,0.0,0.0,0.0,0.0,3.2325282096862793,0.0,0.0,0.0,0.0,0.0,0.0,0.0,0.0,0.0,0.0,0.0
"92,164",2504.317758969637,0.0,0.0,0.0,0.0,0.0,0.0,0.0,0.0,0.0,0.0,42109.530975795264,16826.607153332465,4374.18527992099,1686.1892140472637,1629.5916849370096,534.7513642872082,43645.34943291067,18217.452238714926,4803.818863805135,1912.6067095363842,1862.4708298440073,628.5508738125072,45646.74414371136,19765.70301440276,5277.6705263811,2116.369764173732,2106.127684291204,702.942854460548,47690.45259432887,21288.9615787852,5808.126844044293,2331.4577383574315,2355.180288966497,783.8011284435497,48516.71378155691,22098.76889913783,6189.238073624816,2480.240165906794,2487.7886304219564,822.612850006889,0.0,0.0,0.0,0.0,0.0,0.0,0.0,0.0,0.0,0.0,0.0,0.0,0.0,0.0,0.0,0.0,0.0,0.0,0.0,0.0,0.0,0.0,0.0,0.0,0.0,0.0,0.0,0.0,0.0,0.0
"93,164",2505.397727300559,0.0,0.0,0.0,0.0,0.0,0.0,0.0,0.0,0.0,0.0,55196.445933371906,19297.46512339536,2230.56826672741,530.3625971335991,322.50534868240356,279.5824949086881,56714.99888253586,20401.070222400216,2400.161910504921,582.1362449187859,361.3366787433624,279.5832354367948,58100.32651873664,21260.385664086254,2565.1917643257216,617.7280582446679,418.4997556209564,263.4054338277555,58861.26210949936,22279.314643866408,2898.1247701729044,721.270019676171,509.0956199169159,281.61413221733244,58761.73807606604,22745.817738634934,3123.5523567283853,781.4263837524489,583.5170657634735,291.31958442108305,0.0,0.0,0.0,0.0,0.0,0.0,0.0,0.0,0.0,0.0,0.0,0.0,0.0,0.0,0.0,0.0,0.0,0.0,0.0,0.0,0.0,0.0,0.0,0.0,0.0,0.0,0.0,0.0,0.0,0.0
"94,164",2506.324123373845,0.0,0.0,0.0,0.0,0.0,0.0,0.0,0.0,0.0,0.0,81307.49164893673,18419.452737197687,1485.633523866242,266.24613975076113,181.24485778808594,87.38774847984314,82098.8901841089,18798.677922161893,1506.6614163342645,311.55709241418276,226.5552203655243,97.09689998626709,82278.4758988502,19036.57738577899,1500.187093299978,324.50290010957156,223.3187336921692,103.56986498832703,83039.18389794405,19363.962599047496,1555.565029625799,322.47179217432057,239.50119280815125,113.27944731712341,83089.0248203876,19765.979490208156,1611.800810617559,344.41723039570974,258.9199938774109,113.27941727638245,0.0,0.0,0.0,0.0,0.0,0.0,0.0,0.0,0.0,0.0,0.0,0.0,0.0,0.0,0.0,0.0,0.0,0.0,0.0,0.0,0.0,0.0,0.0,0.0,0.0,0.0,0.0,0.0,0.0,0.0
"95,164",2507.096620466609,0.0,0.0,0.0,0.0,0.0,0.0,0.0,0.0,0.0,0.0,31730.673424686174,3930.2764601520466,337.01995343787996,180.2620973587036,204.01134538650513,93.91043019294739,31744.911492669355,3918.5721291570103,346.7369161119648,186.73871040344238,210.48818349838257,100.3870153427124,32137.665477273044,3983.8006643800177,362.92880396749456,202.9308774471283,210.48840808868408,97.14869570732117,33448.353623464995,4271.865763290256,383.5656612059649,225.59871745109558,239.6329448223114,106.8635265827179,34278.17837675039,4497.334500182843,408.6452801087323,232.07535362243652,252.586190700531,119.81694221496582,0.0,0.0,0.0,0.0,0.0,0.0,0.0,0.0,0.0,0.0,0.0,0.0,0.0,0.0,0.0,0.0,0.0,0.0,0.0,0.0,0.0,0.0,0.0,0.0,0.0,0.0,0.0,0.0,0.0,0.0
"96,164",2507.7149459130287,0.0,0.0,0.0,0.0,0.0,0.0,0.0,0.0,0.0,0.0,24238.259130003873,12683.578974460153,3544.3451443195345,1234.2744136426963,1074.5002528405657,696.3473284244537,26157.60204285173,13273.229456794028,3731.7824838507413,1333.0538427072413,1163.3865628205094,712.542387008667,27091.673501361587,13576.616472613578,3931.998107749341,1399.0393990011776,1215.2086198292527,761.1225891113281,28810.637017975598,14096.62073206808,4121.053391749251,1515.6382857294643,1373.9157533608231,816.1824147701263,30503.72359647377,14990.404365475973,4342.49985055643,1611.0001375394709,1495.365324115753,910.1085689067841,0.0,0.0,0.0,0.0,0.0,0.0,0.0,0.0,0.0,0.0,0.0,0.0,0.0,0.0,0.0,0.0,0.0,0.0,0.0,0.0,0.0,0.0,0.0,0.0,0.0,0.0,0.0,0.0,0.0,0.0
"97,164",2508.178881319893,3.2393081188201904,0.0,0.0,0.0,0.0,3.2393081188201904,0.0,0.0,0.0,0.0,62350.73589076715,49436.616535242865,14075.97027723649,3819.557584272646,3425.56164507492,810.6053261560552,64084.0742475734,51232.59520319023,14679.700156840157,4000.078993876775,3646.9143541466965,907.7914438051336,64926.792794553905,52220.21911174737,15047.53097080717,4073.8611973323073,3734.38055473683,914.2695419592015,65488.38220167348,53043.86465192121,15472.300199279598,4256.47996558956,3851.0037863862285,943.4245362085454,66317.39103723413,53571.62461259319,15734.706897948769,4355.451315302942,3958.6272468978286,963.58559366114,3.2393081188201904,0.0,0.0,0.0,0.0,0.0,0.0,0.0,0.0,0.0,0.0,0.0,0.0,0.0,0.0,0.0,0.0,0.0,0.0,0.0,0.0,0.0,0.0,0.0,0.0,0.0,0.0,0.0,0.0,0.0
"98,164",2508.4882627403786,0.0,0.0,3.239647388458252,0.0,0.0,0.0,0.0,3.239647388458252,0.0,0.0,34565.06564297396,53879.26753744706,28472.45363044271,13261.791981218375,14957.609890139336,2548.1468399749083,34971.7263087067,54606.560095874,29168.975266604328,13640.12601925719,15471.429848437214,2648.5781444297118,35289.94650827203,55374.226431647476,29450.8391429471,13922.711087701835,15821.326578144932,2670.048183998407,35682.12051836276,56004.5365396668,30095.55658927431,14413.5325735382,16495.197952036764,2867.6739693492063,35931.581404602766,56484.36908321006,30377.415771623684,14646.797876911536,16834.651995444765,2978.307692665212,0.0,0.0,0.0,0.0,0.0,0.0,0.0,0.0,0.0,0.0,0.0,0.0,3.239647388458252,0.0,0.0,0.0,0.0,0.0,0.0,0.0,0.0,0.0,0.0,0.0,0.0,0.0,0.0,0.0,0.0,0.0
"99,164",2508.6429808040157,0.0,0.0,0.0,0.0,0.0,0.0,0.0,0.0,0.0,0.0,16400.43240653767,36933.30025969674,25335.589954356587,12731.844517257166,15956.87210951506,5367.961108558318,16738.04953101476,37887.845839952024,26197.014035522236,13369.698590031792,16766.036610111536,5552.639386766097,16964.847296582015,38277.440652105855,26586.685635143167,13518.496126026264,16814.64772958849,5487.839889161727,17380.044379961728,38968.27723877383,27489.808811998366,14334.954262043448,18261.28364673783,5917.852480724747,17485.65558222509,39117.7367025768,27812.98062502356,14476.306130733676,18725.90650072285,5991.6478009971925,0.0,0.0,0.0,0.0,0.0,0.0,0.0,0.0,0.0,0.0,0.0,0.0,0.0,0.0,0.0,0.0,0.0,0.0,0.0,0.0,0.0,0.0,0.0,0.0,0.0,0.0,0.0,0.0,0.0,0.0
"100,164",2508.642980804013,0.0,0.0,0.0,0.0,0.0,0.0,0.0,0.0,0.0,0.0,19507.774217088547,29985.36708207785,8597.025016021727,2264.482921410542,1720.536139677085,989.1555376632541,20090.865291682407,31509.322091110083,9187.48833228934,2411.894349464716,1833.9344892006293,1044.2350621803134,20535.66657147314,32516.81182477708,9611.823025552898,2477.7995159392267,1796.5033756433747,1000.3239245237089,20920.65230071498,33406.88956687871,10061.937875648573,2575.0119501749678,1851.5833157240174,972.4730608940124,21514.430752891654,34451.18777185608,10439.80813403597,2733.770393530528,1865.2674952684663,990.6042491604301,0.0,0.0,0.0,0.0,0.0,0.0,0.0,0.0,0.0,0.0,0.0,0.0,0.0,0.0,0.0,0.0,0.0,0.0,0.0,0.0,0.0,0.0,0.0,0.0,0.0,0.0,0.0,0.0,0.0,0.0
"101,164",2508.48826274038,0.0,0.0,0.0,0.0,0.0,0.0,0.0,0.0,0.0,0.0,21301.99313640688,25137.138211730886,10216.787316380296,3152.5145374400945,2627.0374705389436,2211.2628344582577,21945.899293772378,26230.97021671277,10566.687274275575,3275.221361324834,2688.595477302402,2169.146532683279,22746.925274850808,27353.88259871895,10790.054465421044,3234.681278439129,2636.9510242275164,2143.3935855650434,23156.194336716333,28094.21781381252,10885.300775630803,3117.3765182027632,2445.8167726956162,1927.9558494633318,23331.316014540433,28452.765354780127,10942.087566370123,3126.6893308415133,2424.766430579915,1846.961647351583,0.0,0.0,0.0,0.0,0.0,0.0,0.0,0.0,0.0,0.0,0.0,0.0,0.0,0.0,0.0,0.0,0.0,0.0,0.0,0.0,0.0,0.0,0.0,0.0,0.0,0.0,0.0,0.0,0.0,0.0
"102,164",2503.703542967746,0.0,0.0,0.0,0.0,0.0,0.0,0.0,0.0,0.0,0.0,19204.625776749963,43297.60839224048,19548.544829701445,4993.2736744684335,2703.9266541284674,529.4463399643992,19667.805517890407,44228.37034771489,19965.121627356028,5145.143473756079,2682.4614728946312,519.7287358040903,20267.073550253288,45457.27352153928,20443.666418344834,5252.043792617087,2692.180025245629,513.2504140133951,21020.372622103787,47090.31340352601,21082.2546611468,5406.945453065984,2716.8469938081853,513.2506817574595,21919.932589415006,49101.26979151146,22040.422644123377,5642.17210002226,2898.9821826532775,516.490081429014,0.0,0.0,0.0,0.0,0.0,0.0,0.0,0.0,0.0,0.0,0.0,0.0,0.0,0.0,0.0,0.0,0.0,0.0,0.0,0.0,0.0,0.0,0.0,0.0,0.0,0.0,0.0,0.0,0.0,0.0
"103,164",2474.145991912598,0.0,0.0,0.0,0.0,0.0,0.0,0.0,0.0,0.0,0.0,27275.92626635701,46754.440570660205,14807.202631371629,3753.606579870336,2098.3056418175793,557.8461191850549,28103.560247166017,47924.26466448634,15089.585582128226,3715.1077284653984,2030.289172338972,533.9681331419476,28867.808891483382,49313.68601689619,15491.945329703536,3698.5569855222516,2052.961958336363,527.4912194513806,29447.536729045944,50556.92057188446,16060.597173788969,3860.132333051457,2209.685283419665,527.4930958055982,30561.332893482842,52218.10166500316,16778.60087231094,4176.79160359046,2414.8250063148203,537.2102467321881,0.0,0.0,0.0,0.0,0.0,0.0,0.0,0.0,0.0,0.0,0.0,0.0,0.0,0.0,0.0,0.0,0.0,0.0,0.0,0.0,0.0,0.0,0.0,0.0,0.0,0.0,0.0,0.0,0.0,0.0
"104,164",2485.581355311372,0.0,0.0,0.0,0.0,0.0,0.0,0.0,0.0,0.0,0.0,95735.8350304641,51972.42376207558,7398.469623191684,1146.997217573839,839.0214844535378,469.5175986289978,96511.53949174975,52634.152963158675,7667.947309753942,1208.5219713828142,868.1652394126443,469.51885294914246,97522.5518418789,53383.58870363423,7839.571429989385,1228.3060896368588,890.8325515578774,472.75706934928894,98190.15811778425,53939.99670411185,8032.2423751382275,1302.7865784140195,932.9309957812814,466.28145122528076,98656.85087777587,54553.967018716474,8258.629218310001,1374.242910191592,945.8839999030617,466.28187227249146,0.0,0.0,0.0,0.0,0.0,0.0,0.0,0.0,0.0,0.0,0.0,0.0,0.0,0.0,0.0,0.0,0.0,0.0,0.0,0.0,0.0,0.0,0.0,0.0,0.0,0.0,0.0,0.0,0.0,0.0
"105,164",2506.324123373813,0.0,0.0,0.0,0.0,0.0,0.0,0.0,0.0,0.0,0.0,78604.34175254409,71779.85029795217,18097.069833062676,5263.567671942244,5276.2875540144305,1900.1236467099657,78923.24286993063,72206.73572736722,18242.302308039572,5299.170955585966,5304.994836413626,1867.7545842862596,79158.58091295467,72449.72261449683,18431.648917140214,5363.904000210295,5330.8854487774415,1840.4245918675965,79006.25385910763,72386.59394487587,18389.56942677685,5267.997885426354,5080.618784356584,1672.1170755311555,79202.50331961781,73009.34483548613,18494.773506880738,5355.39047261126,5085.060209039613,1659.1712125226563,0.0,0.0,0.0,0.0,0.0,0.0,0.0,0.0,0.0,0.0,0.0,0.0,0.0,0.0,0.0,0.0,0.0,0.0,0.0,0.0,0.0,0.0,0.0,0.0,0.0,0.0,0.0,0.0,0.0,0.0
"106,164",2505.397727300533,0.0,0.0,0.0,0.0,0.0,0.0,0.0,0.0,0.0,0.0,71532.41710061935,69191.18862375745,16585.391409629934,4625.808597520754,4939.398587515775,2725.9049245983947,72105.52356954651,70108.09759034455,17076.61487829171,4677.580117125605,4959.714789360644,2623.9802650143115,72463.04019662166,70531.7429561727,17315.319281712702,4763.498896865283,5006.320533664554,2570.4120528922363,72596.52750186174,70681.78339786154,17469.435896456478,4744.09614310358,4906.242485017402,2445.820974942749,73042.69619174847,71350.39431170389,17829.323491440566,4877.489143128489,4975.806381347133,2439.350121852463,0.0,0.0,0.0,0.0,0.0,0.0,0.0,0.0,0.0,0.0,0.0,0.0,0.0,0.0,0.0,0.0,0.0,0.0,0.0,0.0,0.0,0.0,0.0,0.0,0.0,0.0,0.0,0.0,0.0,0.0
"107,164",2504.317758969731,0.0,0.0,0.0,0.0,0.0,0.0,0.0,0.0,0.0,0.0,32481.491690583323,63372.389721689964,42417.75405013234,16137.48360238823,10993.78295758752,2984.5038624230556,32540.933566153286,63963.516912971754,43180.0698129654,16445.20398254301,11036.976115742851,2939.2290270749263,32343.890338320827,63749.295007791705,42855.00552919425,16317.302561920764,10853.362152748483,2858.3795245114497,32347.25256205447,63834.59471877603,43094.34512618102,16413.116864267053,10819.808223428914,2709.5989232484035,32389.30602813609,64166.852794150735,43580.0156697937,16595.166331657707,10926.12715963476,2654.61328200733,0.0,0.0,0.0,0.0,0.0,0.0,0.0,0.0,0.0,0.0,0.0,0.0,0.0,0.0,0.0,0.0,0.0,0.0,0.0,0.0,0.0,0.0,0.0,0.0,0.0,0.0,0.0,0.0,0.0,0.0
"108,164",2503.084598901077,48.48729205131531,58.18316960334778,32.32434391975403,3.232692241668701,25.859878301620483,48.48729205131531,58.18316960334778,32.32434391975403,3.232692241668701,25.859878301620483,27259.92616707484,56811.90004519108,44390.025040936,20601.68909203305,16035.0101049096,5193.552248037562,27226.7794001037,56916.93102348553,44509.633500647076,20763.322122209214,16122.288407579124,5193.548599994883,27332.72646896699,57003.946140060245,44564.326103447,20732.589900526345,16132.794699730593,5133.317002501208,27280.989333133137,56972.892427932515,44442.679014348985,20706.735654312022,16155.432903351504,5157.974154555564,27150.951242166408,56742.033739621045,44272.04681514011,20596.80393524731,16117.352627414815,5132.113062464958,16.16128921508789,22.628055572509766,9.697947263717651,0.0,0.0,0.0,32.32278037071228,25.860389232635498,0.0,0.0,0.0,0.0,12.928969144821167,9.697959423065186,3.2321479320526123,6.4652674198150635,0.0,0.0,0.0,3.232692241668701,0.0,0.0,0.0,0.0,0.0,12.929281234741211,3.232649326324463,9.69794774055481,0.0,0.0
"109,164",2501.698681110591,87.2537190914154,19.388384342193604,22.62248921394348,0.0,42.000282526016235,87.2537190914154,19.388384342193604,22.62248921394348,0.0,42.000282526016235,26333.107206163222,60061.88541309694,58675.20737681201,26626.890257263185,18773.309691351533,5273.046324830898,26446.173570213134,60136.183482150474,58691.18114355966,26681.813766622545,18854.073954981446,5371.7690084765945,26552.075576892556,60419.1406418735,58850.940710388444,26745.544228963292,18936.455204169888,5394.390884477953,26661.931783971602,60544.41957561176,59007.6330337328,26798.841988172717,19025.309138460718,5470.31712660883,26715.969580195,60587.645434801256,59113.520406680946,26868.317001559688,19074.993895438136,5498.808725860072,42.01134634017944,35.54850125312805,9.69387149810791,0.0,0.0,0.0,9.694204568862915,6.463334560394287,3.2308452129364014,0.0,0.0,0.0,9.695552349090576,12.926936864852905,0.0,0.0,0.0,0.0,0.0,0.0,0.0,0.0,0.0,0.0,29.077046632766724,12.923235893249512,0.0,0.0,0.0,0.0
"110,164",2500.1604927666717,0.0,0.0,0.0,0.0,0.0,0.0,0.0,0.0,0.0,0.0,14864.811988773536,41207.70119336258,43522.98513252314,22728.6488690208,22524.183934762434,8401.908091691897,14931.794167999195,41272.29258593109,43539.29654033418,22791.626376294153,22626.703996605967,8478.666553214953,14928.495419211484,41341.18870317047,43563.00019325182,22725.266226840486,22564.282671615187,8435.639089719924,14791.679756930298,41282.92077084054,43529.818832143144,22693.968055668058,22559.63703190392,8379.564295544344,14754.539798590718,41225.44142425199,43531.7345833769,22607.223380289823,22568.979013663644,8358.774625670678,0.0,0.0,0.0,0.0,0.0,0.0,0.0,0.0,0.0,0.0,0.0,0.0,0.0,0.0,0.0,0.0,0.0,0.0,0.0,0.0,0.0,0.0,0.0,0.0,0.0,0.0,0.0,0.0,0.0,0.0
"111,164",2498.4705738044654,0.0,0.0,0.0,0.0,0.0,0.0,0.0,0.0,0.0,0.0,13886.26364947394,29845.284965373954,38548.96185080958,24367.83013570636,19301.443724880035,2062.741924744961,14198.05030924947,30299.905752509254,39044.216004599766,24742.564298469882,19624.138708362396,2088.1899927859213,14465.746208651863,30779.122241569035,39601.73145229582,25258.281388148138,20066.37895477987,2103.436684055889,14727.103027327857,31250.900369407624,40360.04733890738,25600.464386528613,20368.230192879135,2103.4344956117516,14811.013494237266,31736.41203288191,40867.130339457,26018.366773837217,20525.576071937416,2067.589802200654,0.0,0.0,0.0,0.0,0.0,0.0,0.0,0.0,0.0,0.0,0.0,0.0,0.0,0.0,0.0,0.0,0.0,0.0,0.0,0.0,0.0,0.0,0.0,0.0,0.0,0.0,0.0,0.0,0.0,0.0
"112,164",1368.5768091973741,0.0,0.0,0.0,0.0,0.0,0.0,0.0,0.0,0.0,0.0,4517.548718131757,13041.467421805624,12279.286221393882,6156.6779502737745,4955.418809131548,1063.0613946363037,4588.419544044195,13157.687061707178,12388.982509517667,6155.878512361937,4968.313410238192,1033.3249645691292,4702.850274132747,13479.238497526503,12745.191193962095,6255.551563665913,5036.936664985208,1057.0686729580748,4958.921518251007,13849.507146344466,13068.655721297917,6411.277941250334,5061.6584344415105,1034.4940257698881,5104.04810850293,14031.270118037392,13312.848304257672,6518.34337055356,5141.029590817059,1034.8554206408708,0.0,0.0,0.0,0.0,0.0,0.0,0.0,0.0,0.0,0.0,0.0,0.0,0.0,0.0,0.0,0.0,0.0,0.0,0.0,0.0,0.0,0.0,0.0,0.0,0.0,0.0,0.0,0.0,0.0,0.0
"113,164",761.048322411929,0.0,0.0,0.0,0.0,0.0,0.0,0.0,0.0,0.0,0.0,16876.496787983764,14637.861335265403,6016.038734220056,1893.2673174830047,1120.7840034045425,185.26662111188853,17037.133699649923,14820.409669684428,6082.083976209864,1917.438592786415,1115.9457754976609,182.04400563146555,17280.106222568775,15215.373998472736,6273.033890982235,1985.1084355064468,1170.724863279567,177.21715545654297,17368.364981789684,15438.674576648078,6405.842999871573,2002.5264030821186,1173.9463910747977,175.6003182850632,17429.57013537463,15540.180342606938,6425.536846087027,2036.9090265414295,1157.8338067223044,157.88397240638733,0.0,0.0,0.0,0.0,0.0,0.0,0.0,0.0,0.0,0.0,0.0,0.0,0.0,0.0,0.0,0.0,0.0,0.0,0.0,0.0,0.0,0.0,0.0,0.0,0.0,0.0,0.0,0.0,0.0,0.0
"114,164",1996.56183537772,0.0,0.0,0.0,0.0,0.0,0.0,0.0,0.0,0.0,0.0,24312.59361527948,37627.80079589358,13137.28654759725,4032.274372679579,1894.6680175295062,228.45716472513536,24864.086594352535,38379.5120258004,13415.052144782683,4081.9782930785527,1902.7218284728478,231.67653413660386,25332.56213561413,39003.85918083845,13636.573516612894,4132.055926424849,1925.251584065194,234.8958770836101,25750.738450187793,39564.79024097031,13660.25699751237,4131.613126407885,1937.7174540800208,228.46167775041917,26130.49817523769,39949.943770364676,13717.851022478178,4116.37571478638,1911.9664765638465,223.63938202670977,0.0,0.0,0.0,0.0,0.0,0.0,0.0,0.0,0.0,0.0,0.0,0.0,0.0,0.0,0.0,0.0,0.0,0.0,0.0,0.0,0.0,0.0,0.0,0.0,0.0,0.0,0.0,0.0,0.0,0.0
"115,164",2485.031763347525,0.0,0.0,0.0,0.0,0.0,0.0,0.0,0.0,0.0,0.0,41759.23914090512,36967.785779463076,15976.426127609555,4830.848215565963,3318.7165419456996,1156.7375489496717,43032.76085292124,37933.39816355332,16253.646917065455,4906.173918874591,3389.486629903082,1156.7401460432538,44269.09612543723,38476.61758488861,16371.956971505111,4898.254143426933,3381.0417445884023,1150.3043267867147,44897.71918964292,38618.66600480641,16348.789538897723,4891.651618888332,3366.1518644454427,1113.3188000351774,45552.58711404613,38903.18538298888,16416.799510304136,4893.8862719124445,3367.7583472541733,1118.1379254724466,0.0,0.0,0.0,0.0,0.0,0.0,0.0,0.0,0.0,0.0,0.0,0.0,0.0,0.0,0.0,0.0,0.0,0.0,0.0,0.0,0.0,0.0,0.0,0.0,0.0,0.0,0.0,0.0,0.0,0.0
"116,164",2487.75841575997,0.0,0.0,0.0,0.0,0.0,0.0,0.0,0.0,0.0,0.0,55483.04884031987,21480.764642360165,6091.351143252616,2387.6819059830086,3053.46644951783,2122.4904998012616,57322.11459669319,22142.59620797868,6270.61058416273,2464.810936687507,3098.459181327446,2144.968896443236,58918.73631911371,22707.6249065689,6465.901845131668,2551.567772464191,3153.085573215111,2138.5389860218647,59982.2231809373,23229.342448464562,6570.336071687587,2593.337798671161,3174.3839405751696,2152.9931679566703,60810.25115608608,23435.739458964854,6668.342614215027,2673.677447633182,3229.0157885551453,2172.2740817864737,0.0,0.0,0.0,0.0,0.0,0.0,0.0,0.0,0.0,0.0,0.0,0.0,0.0,0.0,0.0,0.0,0.0,0.0,0.0,0.0,0.0,0.0,0.0,0.0,0.0,0.0,0.0,0.0,0.0,0.0
"117,164",2485.1724155819225,0.0,0.0,0.0,0.0,0.0,0.0,0.0,0.0,0.0,0.0,36237.6788554126,15166.854931021671,2765.3780236515345,675.9698425797856,349.83686208724976,179.81788182258606,37148.81089578797,15880.834683154611,2930.2233077114706,710.5439422887914,356.2546498775482,179.81788182258606,39319.13021465656,17301.99775420731,3361.396716079525,832.4725487989538,378.7173557281494,183.0279552936554,39336.91038181174,17591.587668426364,3537.1591495915955,858.1353534025304,385.13189911842346,186.23912620544434,39527.42077505822,17210.456556148158,3444.0998880311554,909.4688308996313,385.12958335876465,179.81910252571106,0.0,0.0,0.0,0.0,0.0,0.0,0.0,0.0,0.0,0.0,0.0,0.0,0.0,0.0,0.0,0.0,0.0,0.0,0.0,0.0,0.0,0.0,0.0,0.0,0.0,0.0,0.0,0.0,0.0,0.0
"118,164",2482.439904469933,0.0,0.0,0.0,0.0,0.0,0.0,0.0,0.0,0.0,0.0,19007.746226060153,16150.21218267983,4140.344208519131,1278.250614267237,464.86971788686867,4.803607821932026,19532.732932855568,17083.64969396965,4480.169662277372,1416.8222708028907,528.9960580377018,4.803607821932026,20594.79292393666,18042.22611702751,4799.1609682569315,1541.867712430393,581.8988534609476,4.803607821932026,22134.224631663867,19306.440798442505,5237.483758628135,1671.708747291565,668.4745692412058,4.803607821932026,23670.01306564948,20849.499899299473,5675.234873695,1846.426306181328,750.2268619967441,8.009463906755634,0.0,0.0,0.0,0.0,0.0,0.0,0.0,0.0,0.0,0.0,0.0,0.0,0.0,0.0,0.0,0.0,0.0,0.0,0.0,0.0,0.0,0.0,0.0,0.0,0.0,0.0,0.0,0.0,0.0,0.0
"119,164",2479.56182572456,0.0,0.0,0.0,0.0,0.0,0.0,0.0,0.0,0.0,0.0,27860.3704084976,19883.85415244009,5824.612969455532,1683.0100680117512,736.6754915003683,112.00338504174177,28311.138737652345,20136.12259897157,5855.599612433302,1689.4118173842335,723.8709217791463,112.00267097809736,29764.667427886703,20607.211578774917,5954.458033783295,1727.829484534731,733.4706787352468,115.20395634034101,31793.430170016196,21391.823744202593,6077.192578158659,1768.3949850942574,733.4716746096517,112.00279662468854,34413.21640533559,22092.02953518886,6261.100407028199,1781.2047611619912,756.931411371979,112.00279662468854,0.0,0.0,0.0,0.0,0.0,0.0,0.0,0.0,0.0,0.0,0.0,0.0,0.0,0.0,0.0,0.0,0.0,0.0,0.0,0.0,0.0,0.0,0.0,0.0,0.0,0.0,0.0,0.0,0.0,0.0
"120,164",2476.5391701539047,0.0,0.0,0.0,0.0,0.0,0.0,0.0,0.0,0.0,0.0,22348.022977040797,26284.866750640496,18519.107027673723,8563.995052928549,5258.856783194636,1676.8147321570152,22031.8037985783,26224.367102234035,18590.518285346498,8570.382259482962,5164.1558068023005,1584.0748625624415,22306.78012941398,26474.67588468907,18698.845945672427,8624.4017987859,5149.758491319769,1535.75492366342,22881.92935615334,26987.290707065542,19141.958982145086,8759.792934478497,5204.140010875814,1526.1671963551466,23365.083103215464,27389.28856674175,19394.54158540894,8932.814984249602,5244.639694017523,1417.0956130831848,0.0,0.0,0.0,0.0,0.0,0.0,0.0,0.0,0.0,0.0,0.0,0.0,0.0,0.0,0.0,0.0,0.0,0.0,0.0,0.0,0.0,0.0,0.0,0.0,0.0,0.0,0.0,0.0,0.0,0.0
"121,164",2473.3729753117254,0.0,0.0,0.0,0.0,0.0,0.0,0.0,0.0,0.0,0.0,28824.381265729084,36519.33258484392,24594.95340329245,8471.001086412693,5719.430102728863,1594.2203242236492,28195.12538362485,35474.84154991823,24010.4424251519,8276.132089554096,5528.083843374252,1549.5027353221294,28282.13547263894,35644.995964182126,24051.51458171957,8268.903644133548,5365.562625287561,1507.1325762253182,28846.74211702815,36275.051200686255,24521.934110618105,8399.907403279285,5368.776473163156,1475.1835556011574,29630.398820278697,36911.02701057828,25180.090398177916,8582.878466016173,5395.950503040763,1462.7531697740742,0.0,0.0,0.0,0.0,0.0,0.0,0.0,0.0,0.0,0.0,0.0,0.0,0.0,0.0,0.0,0.0,0.0,0.0,0.0,0.0,0.0,0.0,0.0,0.0,0.0,0.0,0.0,0.0,0.0,0.0
"122,164",2470.064324689761,0.0,0.0,0.0,0.0,0.0,0.0,0.0,0.0,0.0,0.0,119074.52533189832,25812.46516763089,3783.634666983287,741.099170923233,581.3945535818737,220.34109692947538,116729.04304685873,25412.072808915495,3707.4481049004726,684.7712265650431,559.0755485693614,204.39565616027983,116641.31093117116,25298.89793138691,3707.1369169179134,686.8958055973053,553.7619937260946,201.20214229004057,116998.38937036945,25335.426790767557,3701.101408316107,680.5160329341888,550.5756440957388,207.5812831439224,117479.28662703645,25393.959167215868,3644.6347523558375,672.0137736002605,534.6423123677572,215.02493283327888,0.0,0.0,0.0,0.0,0.0,0.0,0.0,0.0,0.0,0.0,0.0,0.0,0.0,0.0,0.0,0.0,0.0,0.0,0.0,0.0,0.0,0.0,0.0,0.0,0.0,0.0,0.0,0.0,0.0,0.0
"123,164",2466.614346879324,0.0,0.0,0.0,0.0,0.0,0.0,0.0,0.0,0.0,0.0,43256.96760998988,33042.7172025559,15423.093396448621,9268.410228882585,12986.100233884887,6741.412772763009,43011.76805843372,32890.18997377788,15335.857846311494,9152.700700425166,12868.257683607177,6670.103809609132,43121.21373561036,32964.68027246793,15375.662916753807,9118.71260849074,12742.976663908305,6580.913091911989,43124.40863000271,32945.678798941066,15396.349052242203,9155.336415443235,12766.850715588589,6603.194242968279,42709.791358543844,32745.433475171812,15182.334946546367,8967.911901725507,12572.536186800751,6398.243750813428,0.0,0.0,0.0,0.0,0.0,0.0,0.0,0.0,0.0,0.0,0.0,0.0,0.0,0.0,0.0,0.0,0.0,0.0,0.0,0.0,0.0,0.0,0.0,0.0,0.0,0.0,0.0,0.0,0.0,0.0
"124,164",2463.0242147077583,0.0,0.0,0.0,0.0,0.0,0.0,0.0,0.0,0.0,0.0,3310.051043804019,3574.77886519245,2719.1530890932268,1195.931531872469,1521.4958817949482,362.62130651847986,3435.685231573442,3757.2197687205144,2834.309542225856,1275.416391100603,1627.2983914384656,388.04403624908593,3489.735339290956,3922.5713114317723,2858.13596257135,1341.4776787421283,1673.38875542435,381.6815382041183,3701.545123385448,4262.272849634582,3134.1759619768927,1485.268585171419,1769.153090682684,397.56884465591577,4073.6012092104147,4761.197301992715,3534.8496003207038,1757.434642131656,1983.2616983161251,457.09158874680014,0.0,0.0,0.0,0.0,0.0,0.0,0.0,0.0,0.0,0.0,0.0,0.0,0.0,0.0,0.0,0.0,0.0,0.0,0.0,0.0,0.0,0.0,0.0,0.0,0.0,0.0,0.0,0.0,0.0,0.0
"125,164",2459.2951443342445,0.0,0.0,0.0,0.0,0.0,0.0,0.0,0.0,0.0,0.0,10929.851739449594,10586.75819283841,8896.897448385462,5078.569184328528,3746.592747929517,532.767126531227,11404.219230132945,11023.426221499725,9222.1586616647,5283.038773655423,3924.786732029447,583.607589931114,11989.642370022979,11587.016886267946,9594.913877496534,5438.5603344936,4094.69379639345,580.4351193615034,12715.333995262781,12317.632923828389,10188.614599195182,5753.853989079419,4226.52633155187,616.5623373788945,13694.20135525535,13108.838227603015,10911.235825706932,6186.678329324723,4531.96842751877,663.5098776088042,0.0,0.0,0.0,0.0,0.0,0.0,0.0,0.0,0.0,0.0,0.0,0.0,0.0,0.0,0.0,0.0,0.0,0.0,0.0,0.0,0.0,0.0,0.0,0.0,0.0,0.0,0.0,0.0,0.0,0.0
"126,164",2455.4283943102178,0.0,0.0,0.0,0.0,0.0,0.0,0.0,0.0,0.0,0.0,9590.740459833893,12328.301043544097,7300.400120456547,4251.664837519328,3671.60599231159,2354.7674220823774,9892.136921320707,12753.593018961887,7443.167551000446,4286.157227225396,3658.936370128744,2362.699369975632,10797.330061023375,13659.00159256131,7927.717403516583,4461.485221659903,3824.360841731464,2423.668188499937,11407.239988326091,14367.20223799406,8312.608429100936,4635.476223346299,3902.0611529509224,2344.3716232056713,11752.882865904827,15005.742029606125,8585.371264126721,4755.109419277603,3933.7601466337837,2306.307903933058,0.0,0.0,0.0,0.0,0.0,0.0,0.0,0.0,0.0,0.0,0.0,0.0,0.0,0.0,0.0,0.0,0.0,0.0,0.0,0.0,0.0,0.0,0.0,0.0,0.0,0.0,0.0,0.0,0.0,0.0
"127,164",1074.8132021891374,0.0,0.0,0.0,0.0,0.0,0.0,0.0,0.0,0.0,0.0,1569.4629034248055,2407.075611842847,1932.8261843447594,1823.04241493543,4291.491797401391,4087.0626550599636,1648.5854865756692,2464.730240450653,1999.2951112513451,1823.0288896878562,4328.328088866963,4115.533478109509,1679.7074292117475,2526.954120755663,2046.317238262588,1836.4176744330164,4320.711131899029,4126.66440355918,1754.0096735944935,2633.5384138322343,2065.51444217364,1856.1386620203655,4286.076480081035,3880.5382330352186,1779.3437342634388,2664.5695344186297,2059.170190302531,1871.2740915429358,4203.810033013774,3807.433446826187,0.0,0.0,0.0,0.0,0.0,0.0,0.0,0.0,0.0,0.0,0.0,0.0,0.0,0.0,0.0,0.0,0.0,0.0,0.0,0.0,0.0,0.0,0.0,0.0,0.0,0.0,0.0,0.0,0.0,0.0
"128,164",833.5102415203861,0.0,0.0,0.0,0.0,0.0,0.0,0.0,0.0,0.0,0.0,1181.5731505356584,2616.869124263876,2988.891198788437,2931.564403126286,9237.219548339468,19589.39228792284,1184.7405728302751,2635.837987035864,3017.3460547073214,2975.8018592095837,9386.230440150055,19936.373928586174,1181.5780619583877,2622.793576688393,2995.300392997031,2957.7580706493527,9419.542820755642,19902.338888043054,1170.5220121364969,2607.381582826727,2957.300273094925,2897.438161843431,9215.467367599525,19155.313803284775,1167.363307617225,2572.6165431443387,2900.3983048541872,2834.2144758635877,8867.162859358506,17951.45393129143,0.0,0.0,0.0,0.0,0.0,0.0,0.0,0.0,0.0,0.0,0.0,0.0,0.0,0.0,0.0,0.0,0.0,0.0,0.0,0.0,0.0,0.0,0.0,0.0,0.0,0.0,0.0,0.0,0.0,0.0
"129,164",115.83156866940001,0.0,0.0,0.0,0.0,0.0,0.0,0.0,0.0,0.0,0.0,580.3099727817611,802.4255805183859,888.8759676409702,851.9104269532597,2129.2671794994203,3567.2737183196864,586.6221721359328,805.581861035964,885.7190257502536,850.3379954618567,2143.4653774354974,3577.792017299988,586.6221721359328,802.4246792961569,882.5632478190403,855.079838777991,2124.523310289196,3515.48368059981,577.1533537098006,799.2689802814932,879.4061459494571,856.651830148697,2102.6690018850213,3456.915839917051,580.3091721721725,802.4261419941397,873.0927468729953,847.1813458919526,2077.409175701702,3396.5951557196813,0.0,0.0,0.0,0.0,0.0,0.0,0.0,0.0,0.0,0.0,0.0,0.0,0.0,0.0,0.0,0.0,0.0,0.0,0.0,0.0,0.0,0.0,0.0,0.0,0.0,0.0,0.0,0.0,0.0,0.0
"86,165",1173.120413608209,0.0,0.0,0.0,0.0,0.0,0.0,0.0,0.0,0.0,0.0,21187.124681972055,4391.890166886647,419.5241432292788,138.5799376964569,16.113621711730957,0.0,22188.578501994,4630.417076627881,431.1983888420404,122.46505570411682,19.33604145050049,0.0,25355.286895778132,5371.672914615332,497.1299282064625,112.79494452476501,19.33604145050049,0.0,26334.594471807108,5771.244353166281,558.3555813780018,112.79505777359009,16.113545656204224,0.0,26996.250709727232,6171.865433882732,657.1701032470255,109.57027840614319,16.113545656204224,0.0,0.0,0.0,0.0,0.0,0.0,0.0,0.0,0.0,0.0,0.0,0.0,0.0,0.0,0.0,0.0,0.0,0.0,0.0,0.0,0.0,0.0,0.0,0.0,0.0,0.0,0.0,0.0,0.0,0.0,0.0
"87,165",2496.7660411809225,0.0,0.0,0.0,0.0,0.0,0.0,0.0,0.0,0.0,0.0,54793.013760139416,2934.0248532865567,514.0092812005212,124.51775009772356,19.353687286376953,12.902443885803223,57075.588681541696,3174.0895813726916,520.4607725564172,122.50800848007202,19.353687286376953,12.902443885803223,59691.60656738001,3485.4278431854996,510.795041364782,120.71455961956697,19.353687286376953,12.902443885803223,62247.443476604945,3870.56585780499,584.946625513189,117.49080974354463,16.128087043762207,14.331846540114459,64357.85296763814,4353.369233020147,668.0428297987172,120.71419173969942,16.128087043762207,14.331846540114459,0.0,0.0,0.0,0.0,0.0,0.0,0.0,0.0,0.0,0.0,0.0,0.0,0.0,0.0,0.0,0.0,0.0,0.0,0.0,0.0,0.0,0.0,0.0,0.0,0.0,0.0,0.0,0.0,0.0,0.0
"88,165",2498.607463126763,0.0,0.0,0.0,0.0,0.0,0.0,0.0,0.0,0.0,0.0,62360.36178799422,33879.50746929879,11769.437351037008,3671.405690613915,2830.1028087831014,3598.5884944092995,65571.85836984597,36303.29978875833,12769.775436581816,4006.7096165404596,3077.5384985549777,3650.2368289124734,68061.31901315897,38129.852286549176,13411.64642983979,4238.75922852404,3232.0281922892027,3727.682173360563,69817.86433070313,39774.158611554725,14080.976407854228,4471.841199835609,3432.104927547305,3806.915261029262,71278.61110631158,41018.63993856392,14727.141865447926,4698.470039656583,3649.434709553625,3974.715159892101,0.0,0.0,0.0,0.0,0.0,0.0,0.0,0.0,0.0,0.0,0.0,0.0,0.0,0.0,0.0,0.0,0.0,0.0,0.0,0.0,0.0,0.0,0.0,0.0,0.0,0.0,0.0,0.0,0.0,0.0
"89,165",2500.297723166697,0.0,0.0,0.0,0.0,0.0,0.0,0.0,0.0,0.0,0.0,46307.7388569196,87944.67457287827,39825.12833221567,8126.4304657365765,2808.7026319802976,249.48810633958556,48022.22676482574,91247.96527329147,41788.143653316125,8642.902396542419,2986.915744197135,258.36671447753906,49309.81180910035,93816.46752350937,43367.26806644739,9139.380107176537,3119.2781285164406,271.2850019931793,50315.75814240773,95742.11021230828,44491.56553198216,9506.697388994928,3219.3635422108223,271.2850019931793,51147.64406885913,96812.98153971221,45302.19947390463,9838.500359314563,3305.8089895659805,268.0550034046173,0.0,0.0,0.0,0.0,0.0,0.0,0.0,0.0,0.0,0.0,0.0,0.0,0.0,0.0,0.0,0.0,0.0,0.0,0.0,0.0,0.0,0.0,0.0,0.0,0.0,0.0,0.0,0.0,0.0,0.0
"90,165",2501.836227288456,0.0,0.0,0.0,0.0,0.0,0.0,0.0,0.0,0.0,0.0,90364.37492455782,83511.89613722915,17267.150886301897,3434.6884227378696,1769.9242283232068,299.0820983325734,91730.90554642584,84354.40713368586,17398.890690923203,3460.529580889496,1779.6159161455487,291.49602276764665,92571.7470843446,84975.1630913426,17514.38959585545,3470.2182407958835,1837.0464019859535,307.6542022892073,93673.0892671688,85862.89774588418,17726.881821617422,3512.20970621109,1862.891671427558,327.4445275072958,94585.16783895399,86520.54140809005,17963.13375086784,3586.511543893814,1928.3126826566804,369.8482430149527,0.0,0.0,0.0,0.0,0.0,0.0,0.0,0.0,0.0,0.0,0.0,0.0,0.0,0.0,0.0,0.0,0.0,0.0,0.0,0.0,0.0,0.0,0.0,0.0,0.0,0.0,0.0,0.0,0.0,0.0
"91,165",2503.222433958622,0.0,0.0,12.931955814361572,29.097257375717163,0.0,0.0,0.0,12.931955814361572,29.097257375717163,0.0,92162.25987952364,43530.52691411225,7334.233127993229,2223.7980099229253,1747.4782446683623,756.0810226337583,95201.54258005666,43990.90748412936,7393.1526952248,2261.3718078781576,1744.2512751878478,714.3789650374767,98732.55151152612,44780.283114345395,7482.456111830356,2286.014643082899,1754.6711156471104,749.9337076121685,103556.9350637118,46221.81120678209,7757.951393888511,2386.2215861180252,1864.5714898212284,785.4878398352978,105547.95151877122,47329.89648543338,8000.395826147117,2437.9396585324234,1987.8007602093269,899.0202365099215,0.0,0.0,0.0,0.0,0.0,0.0,0.0,0.0,0.0,0.0,0.0,0.0,6.465977907180786,6.465977907180786,0.0,0.0,0.0,0.0,19.3982572555542,9.699000120162964,0.0,0.0,0.0,0.0,0.0,0.0,0.0,0.0,0.0,0.0
"92,165",2504.455854554605,0.0,0.0,0.0,48.51453876495361,0.0,0.0,0.0,0.0,45.28052282333374,0.0,51918.392130442226,15788.921345333962,1445.5406771351309,213.49759578704834,161.7474663257599,284.6731719970703,57004.66971084184,17094.85801240977,1594.3210392643423,245.84540581703186,181.1574194431305,271.73253774642944,59905.27534986851,18086.337890673618,1678.4149532963247,262.0206985473633,194.09695076942444,265.2628343105316,63170.14259064619,19326.80314624263,1833.664890830657,268.89609470460925,216.7410590648651,274.9673411846161,65675.26587797333,20129.668649117153,2018.017797534606,304.47499671075855,210.27109122276306,262.02750182151794,0.0,0.0,0.0,0.0,0.0,0.0,0.0,0.0,0.0,0.0,0.0,0.0,0.0,0.0,0.0,0.0,0.0,0.0,42.04649567604065,3.234027147293091,0.0,0.0,0.0,0.0,0.0,0.0,0.0,0.0,0.0,0.0
"93,165",2505.536053754774,0.0,0.0,0.0,0.0,0.0,0.0,0.0,0.0,0.0,0.0,35023.26071803991,12886.389731079926,2732.974812452466,566.5952528523464,443.6970843950907,819.8503456826303,36419.20107181867,13727.796495464736,3009.221660261528,657.1943858670254,501.94301983515425,842.9127813189637,37595.819093305,14578.74200797455,3242.2052992633744,750.6792439404657,531.0646500269572,846.1472292750489,38860.409305828696,15894.95350313561,3637.036697776645,821.8680337849786,615.1968867460887,798.8346795633727,39371.72199924133,16646.020502005373,3922.562114666023,872.4238847844741,650.7894935290019,798.8380300596648,0.0,0.0,0.0,0.0,0.0,0.0,0.0,0.0,0.0,0.0,0.0,0.0,0.0,0.0,0.0,0.0,0.0,0.0,0.0,0.0,0.0,0.0,0.0,0.0,0.0,0.0,0.0,0.0,0.0,0.0
"94,165",2506.4626498864845,0.0,0.0,0.0,0.0,0.0,0.0,0.0,0.0,0.0,0.0,31129.44592781721,22574.698675990574,4153.403936238382,600.8963868926553,191.37461990749136,77.67600083351135,32085.461458254795,23674.83604701547,4387.215564698799,620.3149426291972,230.21547192966239,77.67600083351135,33303.042032133366,24978.172890913724,4594.369769782646,640.0931897097943,275.5337783757378,74.43913674354553,34698.32129856558,26633.08528075779,4951.173403018128,651.8244029736986,337.03137535487906,90.62182331085205,35444.64638000563,27824.05128675255,5215.025097592671,684.194137022542,359.6879546109368,100.33132076263428,0.0,0.0,0.0,0.0,0.0,0.0,0.0,0.0,0.0,0.0,0.0,0.0,0.0,0.0,0.0,0.0,0.0,0.0,0.0,0.0,0.0,0.0,0.0,0.0,0.0,0.0,0.0,0.0,0.0,0.0
"95,165",2507.235315231613,0.0,0.0,0.0,0.0,0.0,0.0,0.0,0.0,0.0,0.0,50470.31156589564,22917.75767404986,2831.29845311595,250.1482623231177,405.0620479770735,718.2305985974331,50712.46967151679,22540.022885489925,2645.9855575514775,224.24434906361148,388.87068345032486,707.4365216778774,50187.97542227764,21805.831528269075,2464.667421574686,205.22334647459144,386.3065054182913,707.4365216778774,51174.30148457732,21659.25007422858,2447.2627731556986,215.34446419173597,396.0212669138815,723.6281398819942,53640.81982468622,22755.43817578858,2610.3636773894814,241.2509304373872,412.21258828686734,736.5814143704433,0.0,0.0,0.0,0.0,0.0,0.0,0.0,0.0,0.0,0.0,0.0,0.0,0.0,0.0,0.0,0.0,0.0,0.0,0.0,0.0,0.0,0.0,0.0,0.0,0.0,0.0,0.0,0.0,0.0,0.0
"96,165",2507.8537762894944,0.0,0.0,0.0,0.0,0.0,0.0,0.0,0.0,0.0,0.0,39644.14319786464,21183.861430727266,8546.119305261911,2955.1330581487396,2834.1531394631256,1591.259030018601,40553.45443301201,22152.237260323884,8907.25490672448,3090.7614282710883,2949.9422436854416,1615.0376061486263,41295.24660909035,22677.75266220149,9121.034817591835,3222.3385561625164,3010.819919185077,1639.1453266414942,42707.60710616392,23298.208099929958,9369.622830353532,3366.6925006146525,3205.155370311176,1723.3553767475428,43971.70249602654,24017.056058045,9680.367913118063,3493.4184435835073,3334.7119396490207,1762.2229421409907,0.0,0.0,0.0,0.0,0.0,0.0,0.0,0.0,0.0,0.0,0.0,0.0,0.0,0.0,0.0,0.0,0.0,0.0,0.0,0.0,0.0,0.0,0.0,0.0,0.0,0.0,0.0,0.0,0.0,0.0
"97,165",2508.3178139953393,0.0,0.0,0.0,0.0,0.0,0.0,0.0,0.0,0.0,0.0,84658.45908634334,49401.633088599934,13119.770479169547,5110.6916323745945,4600.87732665118,868.1804062478683,85924.15797544458,50552.99699844659,13958.70225507418,5577.179478749107,5261.73349682864,984.8027657621046,86662.53311176393,51319.937202625646,14225.06328062637,5746.355532968745,5501.454553051556,1051.383168848823,87633.07039144832,52272.55980427686,14653.88669551307,6087.069862233891,5890.189377232159,1164.764673384498,88017.73554926478,52603.558660692324,14884.955174829445,6193.970501052632,6120.191215916241,1206.8775941456065,0.0,0.0,0.0,0.0,0.0,0.0,0.0,0.0,0.0,0.0,0.0,0.0,0.0,0.0,0.0,0.0,0.0,0.0,0.0,0.0,0.0,0.0,0.0,0.0,0.0,0.0,0.0,0.0,0.0,0.0
"98,165",2508.627263896939,0.0,0.0,0.0,0.0,0.0,0.0,0.0,0.0,0.0,0.0,68038.7273867467,38231.13511824047,15372.234820940914,5310.055475767922,4412.741060711355,1206.3203744832206,68998.52240816472,39454.9460650762,15891.478959784788,5485.001051243615,4579.985197872274,1248.4353237096,70245.85213377335,40695.78806842169,16506.308635240443,5675.4211109441885,4774.36790689861,1307.9692425924188,70963.15184317758,41710.97579181335,16891.842140918623,5863.326193885244,5040.022262901418,1382.4821267324335,71835.47497999715,42773.21795121548,17278.099745497988,5931.36150176946,5104.818423599355,1397.4618394318748,0.0,0.0,0.0,0.0,0.0,0.0,0.0,0.0,0.0,0.0,0.0,0.0,0.0,0.0,0.0,0.0,0.0,0.0,0.0,0.0,0.0,0.0,0.0,0.0,0.0,0.0,0.0,0.0,0.0,0.0
"99,165",2508.7820162858875,0.0,0.0,0.0,0.0,0.0,0.0,0.0,0.0,0.0,0.0,89552.30662378142,38046.785629068625,7923.208158445358,1522.5141693620121,1062.288258891947,337.75686165304745,90982.43290111878,39542.50833159146,8391.783958794089,1647.6531595033757,1108.4483370135813,363.6765594145831,92285.31214312666,40635.90597067252,8773.69475051188,1733.9133282100454,1131.128114158967,347.47680851431454,93067.75541991906,41526.89591581774,9185.971056260314,1857.7563116943136,1205.6473113845375,366.9165064951953,93602.92082511116,42503.688198853466,9548.199215314902,1984.6112410825842,1317.026347280951,392.8362218997058,0.0,0.0,0.0,0.0,0.0,0.0,0.0,0.0,0.0,0.0,0.0,0.0,0.0,0.0,0.0,0.0,0.0,0.0,0.0,0.0,0.0,0.0,0.0,0.0,0.0,0.0,0.0,0.0,0.0,0.0
"100,165",2508.78201628588,0.0,0.0,0.0,0.0,0.0,0.0,0.0,0.0,0.0,0.0,44552.392165344834,35737.19763057279,7599.494194976956,1033.812455261455,468.5732815013212,143.35745448224685,45541.07460759668,36935.70176602252,8102.48781744826,1118.0511597044328,552.8121738181394,156.31724971883438,46021.718615875994,37713.368202957456,8443.484165680642,1189.3303526289324,581.9716481910032,156.31723255269668,46876.381328519186,38543.06436310656,8800.045397874419,1240.4457813150743,604.6514913783353,154.2970216105966,48003.79559480537,39548.542281195696,9128.908258166033,1254.1299510843614,611.1312699065488,146.5973393945133,0.0,0.0,0.0,0.0,0.0,0.0,0.0,0.0,0.0,0.0,0.0,0.0,0.0,0.0,0.0,0.0,0.0,0.0,0.0,0.0,0.0,0.0,0.0,0.0,0.0,0.0,0.0,0.0,0.0,0.0
"101,165",2508.627263896961,0.0,0.0,0.0,0.0,0.0,0.0,0.0,0.0,0.0,0.0,24311.18361930566,38933.30832274661,13315.111391129214,2529.8512247749404,1039.9673209190369,155.51144790649414,25338.02204616303,40399.09238223842,13940.795983735256,2729.498419488645,1108.4089398795484,155.51160979270935,26297.56342904614,41707.67870136896,14427.987586430945,2841.6722262765848,1144.0467551165937,161.99140286445618,27729.788871650133,43869.769622391344,15149.881738781463,3001.6416017971787,1202.7697775298475,165.23082852363586,29061.68115589385,46193.1903295143,16039.938560661616,3236.9294614221535,1293.4838478499769,171.71045017242432,0.0,0.0,0.0,0.0,0.0,0.0,0.0,0.0,0.0,0.0,0.0,0.0,0.0,0.0,0.0,0.0,0.0,0.0,0.0,0.0,0.0,0.0,0.0,0.0,0.0,0.0,0.0,0.0,0.0,0.0
"102,165",2508.3178139953425,0.0,0.0,0.0,0.0,0.0,0.0,0.0,0.0,0.0,0.0,12951.310107587364,26612.127241181388,12745.396318383311,4282.627019410975,2674.183439797046,557.4985921513801,13377.299872586304,27525.27648046998,13260.806777914833,4448.593408046984,2786.33850273338,586.6514272820716,14010.049221883102,29066.75314692235,14117.216564346763,4668.86899059894,2938.581460086972,589.8897256982093,14603.569110344903,30662.798672415225,15172.43768472578,5104.960083920348,3168.57083067146,619.0425844323402,15279.17785783188,32480.078965681674,16227.360940692006,5451.565652567732,3372.646220295102,638.478096259809,0.0,0.0,0.0,0.0,0.0,0.0,0.0,0.0,0.0,0.0,0.0,0.0,0.0,0.0,0.0,0.0,0.0,0.0,0.0,0.0,0.0,0.0,0.0,0.0,0.0,0.0,0.0,0.0,0.0,0.0
"103,165",2507.853776289423,0.0,0.0,0.0,0.0,0.0,0.0,0.0,0.0,0.0,0.0,68729.07177141975,24213.35024374326,6977.728516384199,2412.9369931015312,2032.627406840231,1932.431408334246,71197.79184392761,24952.946059336384,7233.648597135731,2535.659944262224,2068.2534577893275,1917.0506691801781,74059.208941656,25594.942665690065,7572.917028023214,2610.5632901790095,2107.1201570080775,1897.6222452986474,75556.25866368238,26231.660519867313,7896.7972397682715,2749.8353999259425,2256.1127228783625,2004.5079660284753,77031.24412062122,26747.83375916761,8215.160776631037,2859.9586766364528,2326.1505849436217,2046.6137881148095,0.0,0.0,0.0,0.0,0.0,0.0,0.0,0.0,0.0,0.0,0.0,0.0,0.0,0.0,0.0,0.0,0.0,0.0,0.0,0.0,0.0,0.0,0.0,0.0,0.0,0.0,0.0,0.0,0.0,0.0
"104,165",2453.70669926585,0.0,0.0,0.0,0.0,0.0,0.0,0.0,0.0,0.0,0.0,107034.24456583566,13479.330363470901,1060.3344796629513,213.723450422287,275.2504918575287,85.27318143844604,110584.99348233074,13731.894573170532,1076.5247319670284,207.24757957458496,281.72624015808105,77.71814489364624,116044.20348452214,14071.448960461337,1099.187438580569,207.2468922138214,281.7261850833893,74.4797739982605,119177.88239815657,14461.507694822198,1134.8061455221737,216.95947575569153,284.96455788612366,71.2414002418518,121763.68910029731,14750.0954624363,1154.235288474139,239.62720394134521,288.20206212997437,71.2414002418518,0.0,0.0,0.0,0.0,0.0,0.0,0.0,0.0,0.0,0.0,0.0,0.0,0.0,0.0,0.0,0.0,0.0,0.0,0.0,0.0,0.0,0.0,0.0,0.0,0.0,0.0,0.0,0.0,0.0,0.0
"105,165",2506.4626498864795,0.0,0.0,0.0,0.0,0.0,0.0,0.0,0.0,0.0,0.0,154385.05736979592,24179.26831763212,2944.850819794337,807.1581600039613,694.0761603168412,100.67010095633714,155471.09371808276,24238.122598692018,2950.107074254167,820.1041667788636,692.8582320951948,95.30061185874192,156685.19090997375,24262.418254906526,2933.9260382586835,797.4468970626008,709.0392285131941,95.2995671085283,157671.82535995127,24326.501776883182,2914.5056223803876,799.4646614598292,697.3113421253129,80.91940259933472,160034.74921002667,24459.23227114397,2901.5596473151563,786.5187641190547,699.3297830366621,74.44499826431274,0.0,0.0,0.0,0.0,0.0,0.0,0.0,0.0,0.0,0.0,0.0,0.0,0.0,0.0,0.0,0.0,0.0,0.0,0.0,0.0,0.0,0.0,0.0,0.0,0.0,0.0,0.0,0.0,0.0,0.0
"106,165",2505.5360537547676,0.0,0.0,0.0,0.0,0.0,0.0,0.0,0.0,0.0,0.0,147256.3395201767,34340.34979539759,3379.4397057645465,1037.712205945744,1355.9267848239226,784.3063813349779,147511.56918930353,34470.0004481512,3420.2863568221824,1050.6563428037305,1342.9866622195525,758.4224628111895,147603.78882421512,34463.042004989176,3433.226038352181,1070.068667709126,1295.6671723113338,716.3611949584063,147550.71904750992,34506.416360984134,3440.915474266165,1073.3041430108685,1230.7297486052794,656.3357172208673,147670.0402668635,34731.210325560845,3495.9230950776273,1112.1349654786725,1250.1483501181883,659.5773410993463,0.0,0.0,0.0,0.0,0.0,0.0,0.0,0.0,0.0,0.0,0.0,0.0,0.0,0.0,0.0,0.0,0.0,0.0,0.0,0.0,0.0,0.0,0.0,0.0,0.0,0.0,0.0,0.0,0.0,0.0
"107,165",2504.455854554611,0.0,0.0,0.0,0.0,0.0,0.0,0.0,0.0,0.0,0.0,51552.34604905633,64206.688368083924,18848.411400305988,5713.91226847873,5813.1991155026,3774.2347529299122,52168.92618666256,65546.55109491723,19206.23322213023,5814.992216701133,5837.061309336681,3741.8939705259663,52218.65337289081,65699.88929537793,19279.430538550543,5795.590018537931,5778.841078468397,3576.9563548929555,52206.56596360394,65871.20480005228,19431.84734415073,5819.0387251152715,5661.8380687031095,3411.6092648580966,52555.903925991064,66430.06278403041,19624.702229252045,5883.731002069922,5579.763384290771,3298.411809690326,0.0,0.0,0.0,0.0,0.0,0.0,0.0,0.0,0.0,0.0,0.0,0.0,0.0,0.0,0.0,0.0,0.0,0.0,0.0,0.0,0.0,0.0,0.0,0.0,0.0,0.0,0.0,0.0,0.0,0.0
"108,165",2503.2224339586755,6.464944124221802,0.0,0.0,0.0,0.0,6.464944124221802,0.0,0.0,0.0,0.0,23606.338637007913,56150.70138932583,52483.97939327558,25889.93358282201,20071.60996789839,5195.752965197844,23588.134180520563,56281.60050073137,52496.493919635286,25954.986344984463,20143.351011161245,5202.213246808333,23448.362870513687,56049.983414627524,52210.32185915779,25792.495932600545,20006.432649600272,5168.655990925958,23348.459750012786,55959.023316978004,51989.264687375464,25749.086100167853,19878.24047444194,5079.751769294926,23274.105050162703,55753.719452785976,51914.91079024615,25746.569156867383,19856.427456171372,5059.947479676266,0.0,3.232468843460083,3.2324752807617188,0.0,0.0,0.0,0.0,0.0,0.0,0.0,0.0,0.0,0.0,0.0,0.0,0.0,0.0,0.0,0.0,0.0,0.0,0.0,0.0,0.0,0.0,0.0,0.0,0.0,0.0,0.0
"109,165",2501.8362272884387,67.84634208679199,12.922375440597534,6.463320016860962,0.0,0.0,67.84634208679199,12.922375440597534,6.463320016860962,0.0,0.0,44727.47591023538,72239.59923018474,44148.84381174668,16677.60977525898,11638.460418793733,2469.9295839954825,44775.94699242068,72382.10594610234,44245.36776317616,16815.09930482098,11695.179751973994,2499.020526378295,44867.49065876381,72483.48834267973,44258.695292686025,16828.00793746967,11729.98376061776,2505.47823974385,44887.18003468513,72596.54303399443,44212.4927000532,16797.488856230528,11682.245662206764,2518.8087417004153,44840.1607953324,72538.37936488508,44103.03316263218,16709.524398802776,11551.21088628208,2524.0535542927532,29.07827925682068,38.76806282997131,0.0,0.0,0.0,0.0,3.2302236557006836,9.69215178489685,0.0,0.0,0.0,0.0,0.0,3.2316370010375977,3.2316830158233643,0.0,0.0,0.0,0.0,0.0,0.0,0.0,0.0,0.0,0.0,0.0,0.0,0.0,0.0,0.0
"110,165",2500.297723166648,140.441089962043,54.879525661468506,48.42187690734863,3.228440284729004,38.74608397483826,140.441089962043,54.879525661468506,48.42187690734863,3.228440284729004,38.74608397483826,22911.914215042078,48810.73345308209,31884.031228308588,14535.160986364592,12587.343065958396,3451.9420803939597,22817.43336536463,48746.01524028309,32028.921694249737,14643.136415200142,12726.967672873478,3432.564405337502,22770.64156526771,48638.63750300313,31781.330688763606,14546.255717340171,12651.314509407679,3368.3990530565675,22471.884128869748,48098.25407859671,31414.843463573266,14309.970744997852,12295.10514030363,3127.4526353658416,22304.951852254308,47801.975592723546,31093.509555110744,14172.302110053048,12269.972548661513,2991.8415327848174,69.41741285137101,64.5670325756073,6.456644535064697,0.0,0.0,0.0,16.142249584197998,35.50909924507141,3.2281768321990967,0.0,0.0,0.0,9.684598445892334,38.7372784614563,0.0,0.0,0.0,0.0,0.0,3.228440284729004,0.0,0.0,0.0,0.0,25.83038592338562,12.915698051452637,0.0,0.0,0.0,0.0
"111,165",2498.6074631267747,0.0,0.0,0.0,0.0,0.0,0.0,0.0,0.0,0.0,0.0,27943.392164397705,35241.41003244157,16106.647513771059,7504.118669565051,8944.773079752455,4366.989035291298,28531.359530714446,36335.16098811955,16637.80150571711,7753.354911295573,9251.298899769316,4347.621792716606,29301.61075085378,37468.367446230906,17099.705709319023,7917.471791528254,9416.022510769788,4354.048528833016,30254.304854254624,38799.82307353394,17612.388072687972,8184.943655659171,9680.940282757141,4273.741830124574,31301.852636086704,39577.08266072554,18105.513802802332,8305.521045867135,9929.221772691315,4192.990703087227,0.0,0.0,0.0,0.0,0.0,0.0,0.0,0.0,0.0,0.0,0.0,0.0,0.0,0.0,0.0,0.0,0.0,0.0,0.0,0.0,0.0,0.0,0.0,0.0,0.0,0.0,0.0,0.0,0.0,0.0
"112,165",1691.2890599423438,0.0,0.0,0.0,0.0,0.0,0.0,0.0,0.0,0.0,0.0,11231.77030411982,15168.753619109882,7214.817760343178,3236.553396798115,3928.5882971660767,2121.5471346443774,11489.053545010322,15816.807884613672,7686.462596875546,3459.405018050998,4218.6271558415665,2176.356668955672,12039.185743476828,16529.421372800716,8235.375775777593,3807.357143660153,4681.510994958878,2389.159994713465,12520.588166385536,17417.857590682834,8823.80192303564,4222.973930017621,5229.6557772636415,2608.9079458208644,12901.38181974654,17974.939928277334,9213.264843819186,4504.7663382829405,5630.788388489742,2920.9963811145108,0.0,0.0,0.0,0.0,0.0,0.0,0.0,0.0,0.0,0.0,0.0,0.0,0.0,0.0,0.0,0.0,0.0,0.0,0.0,0.0,0.0,0.0,0.0,0.0,0.0,0.0,0.0,0.0,0.0,0.0
"113,165",1209.8731569415424,0.0,0.0,0.0,0.0,0.0,0.0,0.0,0.0,0.0,0.0,4365.518588837455,10054.2147451728,3736.2944443347405,1720.0105022841813,2417.5309189076515,1656.0608066222248,4433.1654503906475,10200.14724623362,3821.3752848148347,1732.4913650989533,2430.0181141273647,1639.954342474657,4546.305735705881,10561.88665921828,4119.0386536196165,1850.4878317945145,2634.2336972133785,1739.8470113324186,4724.679333919637,11039.440407584694,4440.541698095844,2052.407893939112,3018.914345549602,2085.8040078948525,4908.698636562684,11626.740152666614,4796.473814105052,2275.217081431782,3482.3876486451013,2527.611416938258,0.0,0.0,0.0,0.0,0.0,0.0,0.0,0.0,0.0,0.0,0.0,0.0,0.0,0.0,0.0,0.0,0.0,0.0,0.0,0.0,0.0,0.0,0.0,0.0,0.0,0.0,0.0,0.0,0.0,0.0
"114,165",2192.619376221684,0.0,0.0,0.0,0.0,0.0,0.0,0.0,0.0,0.0,0.0,28926.525243758224,30812.600641874236,11927.66062481637,4020.134114551544,3452.276317252365,2309.325756138446,29095.091857805444,31085.307061454365,12055.072871549455,4058.155991664587,3447.4296590842455,2335.070072001102,29715.92866282183,31821.148631168817,12441.329592707578,4190.144125333487,3479.6319367446154,2331.863844936969,30465.916093658,32618.609081950843,12852.471409003876,4310.337669541789,3576.8610528104446,2409.1649001299165,31085.87091116251,33306.70722620066,13099.711352324019,4370.438983012181,3660.59954792191,2497.8972551317775,0.0,0.0,0.0,0.0,0.0,0.0,0.0,0.0,0.0,0.0,0.0,0.0,0.0,0.0,0.0,0.0,0.0,0.0,0.0,0.0,0.0,0.0,0.0,0.0,0.0,0.0,0.0,0.0,0.0,0.0
"115,165",2490.3323179147537,0.0,0.0,0.0,0.0,0.0,0.0,0.0,0.0,0.0,0.0,46217.95397111293,28158.075402034498,8307.220914595737,1732.7927646852006,1010.2154447583591,1107.6588932336545,47511.08669580665,29367.069331290677,8690.374275403865,1882.9225667018516,1068.1100170163547,1101.2290860475277,48786.410100879846,30309.835706753827,8986.635336691725,1947.2359712619407,1099.0536572119768,1110.865487350202,49047.43749873311,30479.961820449083,9001.776974713568,1953.2739901421116,1134.9984186677373,1085.1245286595588,49154.10006069577,30634.669180204357,8968.79215124448,1911.8636740899553,1131.785096505109,1057.6176394817876,0.0,0.0,0.0,0.0,0.0,0.0,0.0,0.0,0.0,0.0,0.0,0.0,0.0,0.0,0.0,0.0,0.0,0.0,0.0,0.0,0.0,0.0,0.0,0.0,0.0,0.0,0.0,0.0,0.0,0.0
"116,165",2486.0399943023854,0.0,0.0,0.0,0.0,0.0,0.0,0.0,0.0,0.0,0.0,45968.54762306774,18367.420085059897,3228.5612854807987,989.707239487592,636.6123280581306,739.8957733715282,47307.03348627652,19568.49749284913,3533.8492107241764,1070.0454064397252,691.2395918425392,775.2406270111309,48540.695780324,20498.73902671945,3720.2333061545505,1076.4749158410466,758.7221891936134,784.8841783607708,48958.044831774285,20721.324025388793,3777.3682463412197,1121.4672230271733,750.2942250420066,720.6207055652843,48839.764996782935,20431.455829179053,3697.4433306983874,1092.5492650060094,727.795049757116,672.4212841594921,0.0,0.0,0.0,0.0,0.0,0.0,0.0,0.0,0.0,0.0,0.0,0.0,0.0,0.0,0.0,0.0,0.0,0.0,0.0,0.0,0.0,0.0,0.0,0.0,0.0,0.0,0.0,0.0,0.0,0.0
"117,165",2483.961021003392,0.0,0.0,0.0,0.0,0.0,0.0,0.0,0.0,0.0,0.0,12176.253146942925,4675.295316482992,1095.492732325722,226.7279024629032,144.44323348999023,51.36566781997681,12403.449229652742,4945.744650686489,1187.390686262355,252.4092929868137,144.4461727142334,51.36566781997681,12791.050645854428,5288.027238052031,1311.3776151180268,268.4622641114628,157.29056763648987,51.368624687194824,12928.259369702433,5109.058824912239,1269.653893852234,255.61959200185888,141.24077892303467,44.94741368293762,13042.698893637751,4537.652140752007,1051.3616353511811,201.04315142912023,102.71623516082764,35.31351327896118,0.0,0.0,0.0,0.0,0.0,0.0,0.0,0.0,0.0,0.0,0.0,0.0,0.0,0.0,0.0,0.0,0.0,0.0,0.0,0.0,0.0,0.0,0.0,0.0,0.0,0.0,0.0,0.0,0.0,0.0
"118,165",2482.573858859322,0.0,0.0,0.0,0.0,0.0,0.0,0.0,0.0,0.0,0.0,12916.977837946833,3304.2938613274523,820.9511873441584,101.152437061422,57.72311854362488,83.37102675437927,13368.181338357925,3574.0889821015153,864.7209533354815,120.38332900439991,54.51700234413147,70.544273853302,14096.86324167906,4021.458518591114,940.2118300998911,129.99858650600208,54.51560711860657,70.5449481010437,14915.469023049112,4516.655241682015,1092.6145230910358,142.823148578756,60.92295861244202,70.54570055007935,15738.633240167768,4968.613541795694,1204.7834211966572,158.84265765582813,57.715638160705566,64.13251852989197,0.0,0.0,0.0,0.0,0.0,0.0,0.0,0.0,0.0,0.0,0.0,0.0,0.0,0.0,0.0,0.0,0.0,0.0,0.0,0.0,0.0,0.0,0.0,0.0,0.0,0.0,0.0,0.0,0.0,0.0
"119,165",2479.695309423709,0.0,0.0,0.0,0.0,0.0,0.0,0.0,0.0,0.0,0.0,6432.8045339930295,8219.856813517737,2514.7584140422296,350.5393177322313,115.2823498249054,19.212125301361084,6799.692904422797,8575.284994337606,2662.11520856315,363.35190165557117,112.08177900314331,19.212125301361084,7623.333172839294,9345.7804585728,2828.8515481948853,385.76891458548755,112.08177900314331,19.212125301361084,9210.327495384216,10359.205456411139,3035.2353139110637,401.7824591449663,108.87856793403625,19.212125301361084,10787.471376441506,11446.776823742252,3298.256357250961,433.80994046248645,118.48552751541138,19.212125301361084,0.0,0.0,0.0,0.0,0.0,0.0,0.0,0.0,0.0,0.0,0.0,0.0,0.0,0.0,0.0,0.0,0.0,0.0,0.0,0.0,0.0,0.0,0.0,0.0,0.0,0.0,0.0,0.0,0.0,0.0
"120,165",2476.6721776748022,0.0,0.0,0.0,0.0,0.0,0.0,0.0,0.0,0.0,0.0,24161.48695910023,11987.631149519191,4698.009141868704,1596.5349843417896,1247.8429807588166,647.4387150166082,24835.685477230592,12243.697495692386,4846.1899403198095,1584.1024310252246,1206.272485630185,637.8484018204259,26515.700731123186,12734.51302841037,5068.875776720047,1616.0840911528644,1180.3334487830891,602.6754186508703,27504.382394531654,13365.59820097194,5232.009146642685,1632.0762145182666,1209.120072261025,583.4888227341221,27908.778804199366,13627.176643575409,5254.43750090599,1635.2678117415485,1113.2381174872903,570.6983023045109,0.0,0.0,0.0,0.0,0.0,0.0,0.0,0.0,0.0,0.0,0.0,0.0,0.0,0.0,0.0,0.0,0.0,0.0,0.0,0.0,0.0,0.0,0.0,0.0,0.0,0.0,0.0,0.0,0.0,0.0
"121,165",2473.5055038341798,0.0,0.0,0.0,0.0,0.0,0.0,0.0,0.0,0.0,0.0,72635.26357711344,16671.877076546352,5268.138289999495,2069.115570670483,2411.410734695547,1831.8853552416258,72753.64288545682,16475.026993683274,5233.821510314006,2055.587363345015,2318.7700126591853,1656.180488355487,72867.10169946915,16509.75130505375,5175.515427905438,2047.2129583760802,2304.34789538477,1520.0148810769997,73057.3325766872,16577.64380751311,5158.762000383115,2047.215777675778,2275.5972743043712,1440.1475045110665,72970.28948057491,16661.887068909295,5193.92527014134,2049.215293032515,2253.586280958325,1357.0856861497841,0.0,0.0,0.0,0.0,0.0,0.0,0.0,0.0,0.0,0.0,0.0,0.0,0.0,0.0,0.0,0.0,0.0,0.0,0.0,0.0,0.0,0.0,0.0,0.0,0.0,0.0,0.0,0.0,0.0,0.0
"122,165",2470.19637412205,0.0,0.0,0.0,0.0,0.0,0.0,0.0,0.0,0.0,0.0,117570.16504951271,16085.918756075464,1496.6678676268634,342.12915282529946,350.9148049354553,319.8025561164407,114438.99901651962,15550.874387803731,1446.029553157208,313.4181991128361,338.1517505645752,310.2306786368875,114964.7000021551,15488.137293480891,1436.0569431445178,303.8526268510258,338.14970207214355,316.61176570163053,115633.38553831154,15545.579297684688,1432.472495137944,307.0408325700199,341.34086441993713,322.99324424968046,114639.99457110798,15481.653860046348,1408.1530122925253,310.23121147436257,341.34086441993713,319.8033374141244,0.0,0.0,0.0,0.0,0.0,0.0,0.0,0.0,0.0,0.0,0.0,0.0,0.0,0.0,0.0,0.0,0.0,0.0,0.0,0.0,0.0,0.0,0.0,0.0,0.0,0.0,0.0,0.0,0.0,0.0
"123,165",2466.745919918846,0.0,0.0,0.0,0.0,0.0,0.0,0.0,0.0,0.0,0.0,93649.78953618255,34393.82872264058,9197.117371144015,4921.38566270716,6713.78584838194,3341.7273259705185,92505.84951349707,34235.67616727025,9170.054501627006,4905.45681420214,6688.303009512845,3316.0374789658713,92401.4093194924,34233.43619525385,9148.170204024222,4899.089668902228,6609.055314536188,3239.9569291086755,92293.92176151744,34267.285052841784,9157.723562579062,4934.117018135856,6635.934481381435,3179.4377829046807,91057.35703982279,34049.95161786734,9097.219331364538,4894.4986645268455,6526.271747690088,3098.0079795220317,0.0,0.0,0.0,0.0,0.0,0.0,0.0,0.0,0.0,0.0,0.0,0.0,0.0,0.0,0.0,0.0,0.0,0.0,0.0,0.0,0.0,0.0,0.0,0.0,0.0,0.0,0.0,0.0,0.0,0.0
"124,165",2463.1553168813416,0.0,0.0,0.0,0.0,0.0,0.0,0.0,0.0,0.0,0.0,3519.3326482174443,4625.317900753021,3910.6654508945985,1847.1007112129064,1893.7598253362316,474.67304105758666,3581.151808757408,4764.0005930563975,3953.364463491066,1887.7231439749398,1903.2853144281048,469.7224052990184,3658.12957034298,4960.99488973898,4037.7445095417543,1847.0590761764379,1893.6961128337712,472.5710020682391,3749.105250340817,5212.34291080587,4196.18310359132,1990.154839859757,1937.9838594483397,475.75041562529174,3740.2470783476733,5358.245306859297,4320.162762194989,2060.3208093409444,1951.7004563013716,470.8109040007872,0.0,0.0,0.0,0.0,0.0,0.0,0.0,0.0,0.0,0.0,0.0,0.0,0.0,0.0,0.0,0.0,0.0,0.0,0.0,0.0,0.0,0.0,0.0,0.0,0.0,0.0,0.0,0.0,0.0,0.0
"125,165",2090.620386196192,0.0,0.0,0.0,0.0,0.0,0.0,0.0,0.0,0.0,0.0,8743.061819095237,9982.303258794896,7483.658362041735,3914.939789661707,3062.028517077951,453.6255667303123,9086.661327223685,10794.360488666272,8115.580525244918,4188.32284335716,3416.95090602613,491.7472982500114,9557.961229129867,11413.733044744005,8598.192045899934,4348.286406008403,3546.488629143846,514.0133639260835,10181.387509709713,11963.148250579834,8923.545160115933,4621.669619844474,3737.1359254528493,535.0598503094093,11083.307062894222,12483.815161530178,9282.400743306851,4877.338845544703,3848.2220612787737,548.901930992276,0.0,0.0,0.0,0.0,0.0,0.0,0.0,0.0,0.0,0.0,0.0,0.0,0.0,0.0,0.0,0.0,0.0,0.0,0.0,0.0,0.0,0.0,0.0,0.0,0.0,0.0,0.0,0.0,0.0,0.0
"126,165",1171.7019447762307,0.0,0.0,0.0,0.0,0.0,0.0,0.0,0.0,0.0,0.0,7954.05271319782,7992.2393430924885,4002.8384583819147,1914.9353834432713,1201.761430535597,63.45422077178955,8269.829156422147,8290.044415017672,4078.9677363264796,1935.9106330189052,1163.6774697640362,60.280855655670166,8741.36372791365,8892.035545102288,4294.6504121649505,1993.011464289123,1194.2162365801194,63.4532790184021,9163.594108980778,9423.635436019711,4499.041231413448,2071.0901271137536,1276.6755982529883,63.4532790184021,9423.62317662426,9856.413786674013,4695.792237337898,2090.121854427749,1324.2646268498663,63.4532790184021,0.0,0.0,0.0,0.0,0.0,0.0,0.0,0.0,0.0,0.0,0.0,0.0,0.0,0.0,0.0,0.0,0.0,0.0,0.0,0.0,0.0,0.0,0.0,0.0,0.0,0.0,0.0,0.0,0.0,0.0
"86,166",1634.5790341501504,0.0,0.0,0.0,0.0,0.0,0.0,0.0,0.0,0.0,0.0,41905.31884997873,15839.912792196466,2193.3422242015017,456.7764890567929,436.6562230652454,776.274603843689,43709.69348587615,16636.700660363367,2306.120867332758,495.4479782955319,488.21656871496464,901.9565095901489,46370.11938067697,17816.02986683004,2415.6840205753556,524.4510038273007,591.3364584511402,956.739494562149,48737.526689448074,18583.034610247145,2531.7030914390793,553.4554245845944,659.0103647774341,1040.5245826244354,49255.38927618475,19041.754497980604,2605.8208799923173,556.678322352615,655.7886598175647,1014.7467067241669,0.0,0.0,0.0,0.0,0.0,0.0,0.0,0.0,0.0,0.0,0.0,0.0,0.0,0.0,0.0,0.0,0.0,0.0,0.0,0.0,0.0,0.0,0.0,0.0,0.0,0.0,0.0,0.0,0.0,0.0
"87,166",2496.8990626372442,0.0,0.0,0.0,0.0,0.0,0.0,0.0,0.0,0.0,0.0,62406.69298239127,5401.126324844361,760.9380176918179,309.1593907926597,447.799262045879,690.4650969337015,67643.19860197889,5987.248245358935,828.6643446342617,322.0614436719932,465.35402844840405,640.2835228134604,70885.48825841697,6491.2923695854115,854.4646948234707,331.74095808010475,475.03194521361706,620.5334555401522,73444.7796736876,7091.768408679962,883.4844842807919,334.96444140415565,481.4830176680696,636.6635748638827,73866.42839932535,7470.338065407323,912.5027838604123,331.73902569752113,478.25967262679455,656.017136742087,0.0,0.0,0.0,0.0,0.0,0.0,0.0,0.0,0.0,0.0,0.0,0.0,0.0,0.0,0.0,0.0,0.0,0.0,0.0,0.0,0.0,0.0,0.0,0.0,0.0,0.0,0.0,0.0,0.0,0.0
"88,166",2498.740840225609,0.0,0.0,0.0,0.0,0.0,0.0,0.0,0.0,0.0,0.0,78930.53011558382,44591.768681866524,9914.806562946356,2564.262045838786,1948.21644876237,2674.9486879919086,80292.37544051807,44909.268917960755,10001.9059803944,2601.5348935248803,1959.6648461323157,2566.32229180149,81095.19379392793,45092.98356856926,10140.647497461356,2623.718089157927,1976.1990855703166,2592.130939910926,81954.8926855106,45707.129406115586,10362.255047953362,2668.8930826729415,2025.316951592763,2660.605505400078,82940.4063871954,46363.28337442548,10617.921187830905,2733.438772494185,2060.405745439903,2695.373850057639,0.0,0.0,0.0,0.0,0.0,0.0,0.0,0.0,0.0,0.0,0.0,0.0,0.0,0.0,0.0,0.0,0.0,0.0,0.0,0.0,0.0,0.0,0.0,0.0,0.0,0.0,0.0,0.0,0.0,0.0
"89,166",2500.431432874464,0.0,0.0,0.0,0.0,0.0,0.0,0.0,0.0,0.0,0.0,13661.71186125325,34907.8228195686,29370.204157098135,14402.969631190395,10217.901227884668,1328.494190943475,13818.479211985828,35162.895875074355,29593.39846018436,14582.412314616,10370.05913232448,1320.3316210157732,13983.16541308141,35389.25719753528,29735.478310858034,14721.266020499026,10495.995844351077,1330.0194180853227,14455.181973767747,36139.64904597601,30337.03587929875,15076.425873242175,10705.153186801836,1374.4978519495796,14835.779041339836,36620.0628963162,30720.164573269267,15247.559677325045,10885.961619857713,1443.0222981817583,0.0,0.0,0.0,0.0,0.0,0.0,0.0,0.0,0.0,0.0,0.0,0.0,0.0,0.0,0.0,0.0,0.0,0.0,0.0,0.0,0.0,0.0,0.0,0.0,0.0,0.0,0.0,0.0,0.0,0.0
"90,166",2501.97024489111,0.0,0.0,0.0,0.0,0.0,0.0,0.0,0.0,0.0,0.0,20681.73368286899,44303.23996711805,28335.227724982244,12963.759133780239,8787.810343276753,2279.7085721520816,20804.49949908069,44565.664726284434,28554.932803345662,13013.667044267468,8810.411237966313,2201.8430648532567,20914.35396623424,44795.0781197819,28694.590553783906,13097.671019420437,8929.950213205113,2201.833783456391,21050.059002874408,45030.967052963664,28894.18174023722,13210.754692812528,9052.72621179749,2340.3468420655117,21337.219925373673,45360.52878072589,29226.571043477346,13436.198189446506,9323.314429989983,2520.88008701661,0.0,0.0,0.0,0.0,0.0,0.0,0.0,0.0,0.0,0.0,0.0,0.0,0.0,0.0,0.0,0.0,0.0,0.0,0.0,0.0,0.0,0.0,0.0,0.0,0.0,0.0,0.0,0.0,0.0,0.0
"91,166",2503.3567331952854,0.0,0.0,0.0,0.0,0.0,0.0,0.0,0.0,0.0,0.0,73121.45971427619,53883.66752731472,18823.851113496105,8251.985672465493,8256.450577268413,3418.4792086573207,73064.24105496968,53919.56187770506,18786.669244641882,8220.640146786558,8139.681944324457,3351.321056989595,73825.73263276792,54473.94532381974,18914.799026424742,8256.198474223005,8205.535952474556,3357.7849630393234,74647.02505778612,55061.91870544657,19140.33432759023,8314.387824351179,8254.024052288018,3399.8078464545456,75160.56290186153,55735.74056027823,19402.160281908746,8421.390262465384,8347.355410552493,3442.229891273087,0.0,0.0,0.0,0.0,0.0,0.0,0.0,0.0,0.0,0.0,0.0,0.0,0.0,0.0,0.0,0.0,0.0,0.0,0.0,0.0,0.0,0.0,0.0,0.0,0.0,0.0,0.0,0.0,0.0,0.0
"92,166",2504.590407756954,1400.92134011306,624.306538105011,680.287425590964,553.0904197019689,1109.084388666527,957.1296755145577,462.5777425765991,578.9546453307657,479.7923638596254,947.7548351287842,85325.57590071921,29841.0215299036,3075.7260266117023,233.5532950148863,12.934904336929321,0.0,88338.1917130601,31055.454282793344,3230.9602514079975,272.35953914978927,16.168599128723145,0.0,90528.01880078223,31660.23761261772,3347.0238747381695,291.7631157622618,19.403273820877075,0.0,91693.8965767533,32620.18848555883,3612.2047385898286,356.03570577864554,38.80549192428589,0.0,93742.44367392856,33592.8619318345,3878.0922833395944,401.3101341462603,42.039180755615234,0.0,807.0173777000576,146.87784556688047,3.234452247619629,0.0,0.0,0.0,372.0004918575287,90.57725071907043,0.0,0.0,0.0,0.0,479.77980508243337,99.1748402483323,0.0,0.0,0.0,0.0,437.73945448538836,42.05290937423706,0.0,0.0,0.0,0.0,853.943309545517,93.81152558326721,0.0,0.0,0.0,0.0
"93,166",2505.6708319909276,754.2139935661766,493.38233462595474,544.0767322128894,987.5779591148975,472.36686515808105,681.28687173245,483.676306402917,474.38208542244104,918.5566045190774,433.54287481307983,69038.83248734099,17566.920224231835,2529.4914699619894,496.4528738825929,491.08057413381687,306.9744932193382,72076.77155549385,18231.751129517834,2609.985406007019,561.1718570559632,549.3296550301944,358.3436176225251,73404.55274071972,18703.269979944416,2729.717440928665,600.0048574774873,591.4001105813419,406.8848647519654,74542.09767543661,19123.687435713935,2863.056832807204,632.3642792075289,636.7051032571231,452.18829554763494,74147.91607027802,19108.36918549257,2923.0609452668364,680.9036123126161,672.3017991570865,471.6045326634949,567.3800016431247,100.96516152456695,12.9417085647583,0.0,0.0,0.0,428.67629376673233,55.00001263618469,0.0,0.0,0.0,0.0,405.7677439624188,68.61434146002227,0.0,0.0,0.0,0.0,815.0252279188119,100.29591488838196,0.0,3.235461711883545,0.0,0.0,323.5391044616699,106.76828932762146,3.235481023788452,0.0,0.0,0.0
"94,166",2506.597623109087,0.0,0.0,0.0,0.0,0.0,0.0,0.0,0.0,0.0,0.0,35825.52164518225,14999.73787759519,2160.461459657258,487.6313517271304,403.8229259519016,837.9379079977671,38166.56733352624,16533.347444121977,2409.641715269463,539.4189255415224,468.5542489556705,860.594267908732,42280.652379904546,18643.738608658547,2709.9508594746685,607.3898744760775,552.7047599820529,909.1426261107126,45231.731176502566,20462.796535102054,2967.785414510615,678.5959658800386,627.1446742085849,935.034736696879,46749.246454242624,21641.404549819345,3113.452782922632,717.0821732193816,665.983163502637,892.9558826128641,0.0,0.0,0.0,0.0,0.0,0.0,0.0,0.0,0.0,0.0,0.0,0.0,0.0,0.0,0.0,0.0,0.0,0.0,0.0,0.0,0.0,0.0,0.0,0.0,0.0,0.0,0.0,0.0,0.0,0.0
"95,166",2507.3704524302216,0.0,0.0,0.0,0.0,0.0,0.0,0.0,0.0,0.0,0.0,18923.310768777246,24354.437213792986,8922.612497204424,3096.5137168491588,2898.7658592476564,1751.3598571730595,19371.909413946378,24982.923245645972,8987.0176783356,3154.797767790626,2885.8117033257204,1754.598414511774,20462.115149900026,25915.331371356,9002.178379045747,3206.200707168205,2950.977428122128,1764.310700745676,21598.78965924955,27576.031057340027,9622.438303192925,3493.979739034877,3407.537062330807,1929.4485836935978,22652.311430640315,28990.020842547514,10372.160105244318,3892.61532758825,3773.430951281155,2091.3479009581547,0.0,0.0,0.0,0.0,0.0,0.0,0.0,0.0,0.0,0.0,0.0,0.0,0.0,0.0,0.0,0.0,0.0,0.0,0.0,0.0,0.0,0.0,0.0,0.0,0.0,0.0,0.0,0.0,0.0,0.0
"96,166",2507.989045645699,0.0,0.0,0.0,0.0,0.0,0.0,0.0,0.0,0.0,0.0,19470.5283096996,35413.925484915344,11036.297176779017,2336.6764080187854,1199.776731264825,464.57030839265565,20011.784955639934,36701.18403357244,11462.420012762032,2438.919684895347,1192.3085991261053,441.8983301574109,20726.755256566816,38118.58883550682,12115.821317615697,2610.5830707634195,1242.2879851303849,435.82745317851794,21338.563036851323,39457.04533848763,12745.825515421699,2718.489270065345,1343.7608558336894,442.3050740185906,21071.240197101295,40179.881967129426,13193.845064262316,2841.156017516641,1429.4040117647135,464.5694011015051,0.0,0.0,0.0,0.0,0.0,0.0,0.0,0.0,0.0,0.0,0.0,0.0,0.0,0.0,0.0,0.0,0.0,0.0,0.0,0.0,0.0,0.0,0.0,0.0,0.0,0.0,0.0,0.0,0.0,0.0
"97,166",2508.453183041224,0.0,0.0,0.0,0.0,0.0,0.0,0.0,0.0,0.0,0.0,57932.8516282493,28264.949450611603,5974.512501247257,1508.9554922786413,1346.827098634196,372.53249044979316,59347.79214122622,29781.27519309848,6523.750625658036,1650.0372219263338,1422.3987639380437,395.20897360409003,60783.88568996915,31787.73509741764,7256.819085250181,1805.523892658832,1492.5986931585796,408.16624637211066,62325.85250186452,33465.96553452622,7933.032725625881,2011.39250256127,1731.929700611152,498.8693210657905,63226.003179863386,34636.36497200984,8474.006172948726,2167.9228778006986,1840.6168286753634,557.178976016886,0.0,0.0,0.0,0.0,0.0,0.0,0.0,0.0,0.0,0.0,0.0,0.0,0.0,0.0,0.0,0.0,0.0,0.0,0.0,0.0,0.0,0.0,0.0,0.0,0.0,0.0,0.0,0.0,0.0,0.0
"98,166",2508.762699675223,0.0,0.0,0.0,0.0,0.0,0.0,0.0,0.0,0.0,0.0,62182.25341106583,31527.020634449225,6067.558221605712,1690.23568240334,1199.201832631055,568.3335588371052,64590.058814453616,32794.83786616138,6426.362144261715,1748.5521885507246,1235.5636397193462,561.854356805016,68647.66311019729,34600.124222060746,6924.478235420526,1932.405790650611,1283.029295465993,574.8134904300465,72769.06948239756,36150.51773538496,7270.72336098914,2055.920157980451,1324.0138952049556,574.8134982978596,75644.34634374171,37941.293869832916,7537.584717623393,2152.474103336708,1398.5264896663966,594.2512326633229,0.0,0.0,0.0,0.0,0.0,0.0,0.0,0.0,0.0,0.0,0.0,0.0,0.0,0.0,0.0,0.0,0.0,0.0,0.0,0.0,0.0,0.0,0.0,0.0,0.0,0.0,0.0,0.0,0.0,0.0
"99,166",2508.9174855123383,0.0,0.0,0.0,0.0,0.0,0.0,0.0,0.0,0.0,0.0,138274.48684308294,24705.053588793322,1659.0071795678605,116.63785672187805,3.239914894104004,0.0,141718.48761110677,25717.52851926018,1720.565559456395,126.35763955116272,3.239914894104004,0.0,144902.42498473093,27055.621531354678,1827.88960145595,132.83749794960022,3.239914894104004,0.0,147752.89481632665,27949.844313728106,1879.7287289965384,145.79718852043152,3.239914894104004,0.0,150007.69353236593,29008.898937805956,1957.4872236120932,161.99674606323242,6.479826211929321,0.0,0.0,0.0,0.0,0.0,0.0,0.0,0.0,0.0,0.0,0.0,0.0,0.0,0.0,0.0,0.0,0.0,0.0,0.0,0.0,0.0,0.0,0.0,0.0,0.0,0.0,0.0,0.0,0.0,0.0,0.0
"100,166",2508.917485512282,0.0,0.0,0.0,0.0,0.0,0.0,0.0,0.0,0.0,0.0,84654.42115465333,19474.454162043217,2119.0157811753893,404.22934999185446,152.2757432460785,6.479822635650635,88269.1323405855,20601.895718484768,2216.214289676442,407.4691330404843,158.75555086135864,6.479822635650635,90302.01410221774,21609.521686050004,2354.0829988395467,426.90881790834317,160.54709799710443,6.479822635650635,93391.46860110153,22615.929641532897,2511.7988452322347,448.13988087317523,167.0269168180578,6.479822635650635,95719.75100085129,23468.201863064485,2592.3906566713376,464.33962867400226,178.53818860895493,6.479822635650635,0.0,0.0,0.0,0.0,0.0,0.0,0.0,0.0,0.0,0.0,0.0,0.0,0.0,0.0,0.0,0.0,0.0,0.0,0.0,0.0,0.0,0.0,0.0,0.0,0.0,0.0,0.0,0.0,0.0,0.0
"101,166",2508.762699675252,0.0,0.0,0.0,0.0,0.0,0.0,0.0,0.0,0.0,0.0,45277.071223369305,28345.76170468518,8799.26112557299,1687.1144922705257,885.1219764092389,240.80446988554561,47652.91981530284,30386.44716215321,9556.554872574527,1913.9002090426052,1040.2275669499938,240.80446988554561,49901.19190510208,34070.57808172095,10530.586374004213,2107.8818681436424,1145.337808599659,234.32501369925106,52378.229143149256,36994.20196021866,11382.15996286168,2251.867945450427,1238.8837139989814,257.00268966169915,54208.51479958179,40648.12187659039,12742.857497184417,2568.96091262219,1311.5954947836258,266.7217584273394,0.0,0.0,0.0,0.0,0.0,0.0,0.0,0.0,0.0,0.0,0.0,0.0,0.0,0.0,0.0,0.0,0.0,0.0,0.0,0.0,0.0,0.0,0.0,0.0,0.0,0.0,0.0,0.0,0.0,0.0
"102,166",2508.453183041238,0.0,0.0,0.0,0.0,0.0,0.0,0.0,0.0,0.0,0.0,14224.620570640003,26155.50574049389,7383.299018711202,1938.6792310256583,1374.8769519749808,296.9493565559387,14939.318331625882,27127.336534379512,7810.904440969579,2074.7354758281335,1423.467854303472,313.1470284461975,15740.128957606295,28956.14016893798,8456.905832033532,2236.7092700500116,1523.891364139669,309.9079532623291,16784.574987087064,31653.122395085353,9735.139133558087,2667.559343625985,1734.4543633881735,355.2599425315857,17559.2042457459,33115.596265814354,10543.785321116915,2884.605498601876,1880.230151695364,371.45659351348877,0.0,0.0,0.0,0.0,0.0,0.0,0.0,0.0,0.0,0.0,0.0,0.0,0.0,0.0,0.0,0.0,0.0,0.0,0.0,0.0,0.0,0.0,0.0,0.0,0.0,0.0,0.0,0.0,0.0,0.0
"103,166",2507.9890456457206,0.0,0.0,0.0,0.0,0.0,0.0,0.0,0.0,0.0,0.0,72700.77842412275,17642.320742428536,3271.180208021987,618.1900748393115,695.557962325975,1233.5236490885418,73861.21423388741,18516.810434878105,3478.0607738008684,627.9081539294299,682.6050282992569,1217.7371397018433,76344.74695268893,19608.268334210148,3798.2952656530865,676.0841160456339,682.60627951996,1140.0099375247955,78113.16089743632,20806.591709196797,4074.4025498941833,734.3814552466074,724.7108692206589,1133.5314807891846,79346.43410724378,21686.31230292507,4304.356488378375,795.9188252131144,753.8593970813004,1146.486356973648,0.0,0.0,0.0,0.0,0.0,0.0,0.0,0.0,0.0,0.0,0.0,0.0,0.0,0.0,0.0,0.0,0.0,0.0,0.0,0.0,0.0,0.0,0.0,0.0,0.0,0.0,0.0,0.0,0.0,0.0
"104,166",2507.37045243019,0.0,0.0,0.0,0.0,0.0,0.0,0.0,0.0,0.0,0.0,84055.90440423628,4110.022576438679,226.6741168498993,3.2383968830108643,0.35558899150175205,0.0,85420.14027645634,4239.548083650364,223.43592500686646,3.2383968830108643,0.35558899150175205,0.0,89394.90269961358,4407.9272178285255,223.43492317199707,3.2383968830108643,0.35558899150175205,0.0,92943.93934773556,4595.32403697126,229.91075706481934,3.2383968830108643,0.35558899150175205,0.0,95378.36762709712,4811.873919608546,236.3869287967682,3.2383968830108643,0.35558899150175205,0.0,0.0,0.0,0.0,0.0,0.0,0.0,0.0,0.0,0.0,0.0,0.0,0.0,0.0,0.0,0.0,0.0,0.0,0.0,0.0,0.0,0.0,0.0,0.0,0.0,0.0,0.0,0.0,0.0,0.0,0.0
"105,166",2450.7510923279347,0.0,0.0,0.0,0.0,0.0,0.0,0.0,0.0,0.0,0.0,110813.95982020696,5063.7104458219865,226.61260908351227,19.419720888137817,6.473201513290405,0.0,112971.36235059571,5115.498418987499,220.13947933421417,19.419720888137817,6.473201513290405,0.0,114398.59619203268,5188.108723748899,210.42827957377716,16.182862997055054,9.709770917892456,0.0,115135.53196727435,5229.73253253862,216.9018446754007,16.182862997055054,9.709770917892456,0.0,116190.28848301197,5279.698626050762,223.37556951747223,16.182862997055054,9.709770917892456,0.0,0.0,0.0,0.0,0.0,0.0,0.0,0.0,0.0,0.0,0.0,0.0,0.0,0.0,0.0,0.0,0.0,0.0,0.0,0.0,0.0,0.0,0.0,0.0,0.0,0.0,0.0,0.0,0.0,0.0,0.0
"106,166",2492.188135744973,0.0,0.0,0.0,0.0,0.0,0.0,0.0,0.0,0.0,0.0,119557.00677113161,16721.730896443012,1603.7007923855501,560.462880933986,757.1064326763153,844.4646644592285,121529.40169904186,16853.31698582967,1658.7034545674044,573.4053872473099,773.2854540348053,860.6436502933502,123365.96071595026,17039.179927613688,1681.3500428929049,553.9924751169541,773.2855083942413,776.5218045711517,125472.05353963144,17226.836428191615,1677.3919446889092,560.4630323297837,744.1656172275543,715.0477619171143,127231.75181750786,17451.940875310524,1710.4687400593477,570.1695388204911,744.1653761863708,692.3997571468353,0.0,0.0,0.0,0.0,0.0,0.0,0.0,0.0,0.0,0.0,0.0,0.0,0.0,0.0,0.0,0.0,0.0,0.0,0.0,0.0,0.0,0.0,0.0,0.0,0.0,0.0,0.0,0.0,0.0,0.0
"107,166",2504.5904077570203,0.0,0.0,0.0,0.0,0.0,0.0,0.0,0.0,0.0,0.0,89871.949388418,52579.62522294381,5960.214302824994,1393.9827814999749,1090.6821921301823,484.29051836425185,90981.92956902372,53728.4419749849,6030.561667609682,1393.9833577473958,1045.4069934321385,461.65260418349624,91767.1292025379,54532.564680555755,6173.282346272002,1419.8572195370991,1042.171769661997,445.4839409201753,92605.53554630278,55158.40071519683,6319.14179392609,1403.6885464191437,1016.2962151003819,426.484848131853,93846.69836662608,56154.285781592014,6454.24421470212,1419.8626205921173,1029.233809037302,432.9544347426471,0.0,0.0,0.0,0.0,0.0,0.0,0.0,0.0,0.0,0.0,0.0,0.0,0.0,0.0,0.0,0.0,0.0,0.0,0.0,0.0,0.0,0.0,0.0,0.0,0.0,0.0,0.0,0.0,0.0,0.0
"108,166",2503.356733195267,16.15970754623413,0.0,0.0,3.2319555282592773,3.231961965560913,16.15970754623413,0.0,0.0,3.2319555282592773,3.231961965560913,15882.923018792097,34656.08407750036,28220.90845583841,15688.240461953481,15684.378763659794,5236.680333541421,16269.712770311507,34946.66541528609,28333.65113690507,15748.848063803654,15600.720073195063,5201.115177558449,16337.317537900513,34849.59153610305,28062.068062455044,15520.511547272812,15244.684494280345,4978.438584686728,16442.254796523674,34874.99734266412,27928.63989403949,15445.038489428689,15157.38815737986,4855.182523044885,16581.296551007847,35094.544608358316,27933.49452205172,15434.93486399931,15263.249872168371,4810.331689668169,3.23193621635437,12.92777132987976,0.0,0.0,0.0,0.0,0.0,0.0,0.0,0.0,0.0,0.0,0.0,0.0,0.0,0.0,0.0,0.0,0.0,0.0,3.2319555282592773,0.0,0.0,0.0,0.0,0.0,3.231961965560913,0.0,0.0,0.0
"109,166",2501.970244891099,64.62518072128296,106.62234735488892,145.38839626312256,71.084157705307,135.71313881874084,64.62518072128296,106.62234735488892,145.38839626312256,64.62193012237549,132.4825086593628,33837.743970439944,60567.23652543928,40963.28868316669,20439.79428462234,23966.473546013178,9836.119619090885,33926.012907797674,60832.139650010125,41138.161691757276,20533.503407518536,24136.296943338242,9900.748552043766,34036.575023859616,61028.08523401746,41256.25844254307,20581.96536616531,24274.82136517973,9929.421132816053,34054.92124391911,60941.558786931695,41254.304296178445,20564.100149446374,24232.81565839262,9932.655862005086,34138.91850520489,61023.050066157884,41289.43111832656,20520.245478524408,24197.67097436587,9929.82959304043,12.924625635147095,19.387957334518433,32.31259775161743,0.0,0.0,0.0,48.46431016921997,42.00335669517517,12.924084663391113,0.0,0.0,3.230595827102661,51.69262456893921,71.07921648025513,22.616555213928223,0.0,0.0,0.0,12.924697399139404,35.54242253303528,16.154810190200806,0.0,0.0,0.0,29.078951358795166,74.31721925735474,25.85449242591858,3.2318456172943115,0.0,0.0
"110,166",2500.431432874455,628.877571295757,283.00110026808346,511.2062144111185,404.67557523951814,997.7110736370087,625.6483733167836,273.3140833041247,478.9194376300363,362.7047891448526,975.1101655960083,42142.4309818165,49273.51095830133,25338.692639096582,15492.94018471942,21735.656606778914,12612.669423978468,41876.183557560864,49302.59256535699,25255.14468361724,15467.117372400618,21649.912116913703,12561.008000772139,41721.29241069158,49321.57763249173,25272.342751732063,15476.801875002242,21676.407443139135,12543.40362552007,41488.20063363991,48920.562285853375,25036.629152872985,15258.999367915882,21563.401488553776,12449.10478291605,41468.95260632178,48826.66180586534,24921.200816319975,15149.584238232817,21553.711788665547,12484.61501846407,475.00801148321113,105.43345408439637,29.061418771743774,6.458269119262695,9.687219858169556,0.0,157.07702776403988,48.42585372924805,29.06160855293274,29.062434911727905,9.687158346176147,0.0,104.3664636443643,96.86439204216003,113.01203966140747,129.15849709510803,32.28885459899902,3.2291905879974365,71.02714657783508,62.41373155818266,135.62236332893372,51.665507793426514,41.97603988647461,0.0,148.51385235786438,342.25470781326294,326.12054562568665,119.47281837463379,32.29061245918274,6.457628965377808
"111,166",2498.7408402256738,253.92610875765482,94.68328563372295,86.07658155759177,18.291114886601765,71.01200366020203,253.92610875765482,94.68328563372295,86.07658155759177,18.291114886601765,67.78410124778748,39620.843099681064,36606.24044522211,11071.249135498909,4208.742871550952,5323.824689560311,5046.912547434077,39409.92950720506,36719.42884953442,11220.37944231314,4305.883022831001,5433.151103438583,5008.487605092105,39809.23384835206,37023.4401188654,11410.303244041932,4351.033603822484,5365.865526075924,4900.235000716939,40573.098745440504,37774.39318641026,11600.97659010233,4419.446775388718,5300.887400826286,4829.593396528095,41102.98351509991,38303.88000647227,11774.842848679602,4459.595024581985,5288.337291016298,4823.9400189988755,165.6973965962728,81.77295502026877,6.455757141113281,0.0,0.0,0.0,68.86031190554301,25.82297372817993,0.0,0.0,0.0,0.0,57.02576073010762,29.05082082748413,0.0,0.0,0.0,0.0,9.683454275131226,8.60766061147054,0.0,0.0,0.0,0.0,64.55623054504395,0.0,3.2278707027435303,0.0,0.0,0.0
"112,166",2496.89906263724,0.0,0.0,0.0,0.0,0.0,0.0,0.0,0.0,0.0,0.0,26627.041269247213,34939.840289157044,14043.88305246503,4875.1238966100345,4862.955241952223,2906.5534363428746,26890.061689911647,35861.36369874431,14780.382271475888,5244.312309765348,5056.359717986164,2970.3215575236895,27423.40156385292,36809.86013863788,15442.976268617782,5721.115154483272,5413.945906410965,3102.125278005413,27941.112623912228,37731.66052322855,16341.017730388456,6104.438070521635,5787.54826017735,3186.650453638563,28174.932330328822,38221.73681789754,16867.218166624334,6592.966073355019,6221.654170858158,3495.3781726238776,0.0,0.0,0.0,0.0,0.0,0.0,0.0,0.0,0.0,0.0,0.0,0.0,0.0,0.0,0.0,0.0,0.0,0.0,0.0,0.0,0.0,0.0,0.0,0.0,0.0,0.0,0.0,0.0,0.0,0.0
"113,166",2494.772886127216,0.0,0.0,0.0,0.0,0.0,0.0,0.0,0.0,0.0,0.0,17704.371891133924,27189.17713510476,9069.211945289724,3080.297290800132,3059.693926389545,1286.094140285604,18022.573246969896,27850.307680372163,9359.544253336215,3166.963279677372,3068.9620831293223,1308.6542043629813,18591.57485197853,28754.23766950813,9842.039471803926,3301.8501774694405,3214.2823318743244,1341.2442548144097,19203.555195134297,29694.62260347254,10363.96677909926,3498.767089779237,3434.1756293801704,1431.0752445174198,19840.347455153747,30981.20617116666,10961.77826210284,3740.4000918491215,3750.3534105394406,1621.5589419766968,0.0,0.0,0.0,0.0,0.0,0.0,0.0,0.0,0.0,0.0,0.0,0.0,0.0,0.0,0.0,0.0,0.0,0.0,0.0,0.0,0.0,0.0,0.0,0.0,0.0,0.0,0.0,0.0,0.0,0.0
"114,166",2492.75533131666,0.0,0.0,0.0,0.0,0.0,0.0,0.0,0.0,0.0,0.0,58401.14095945264,17145.952678220412,1994.989172512877,603.002542255439,842.0528061427323,1454.4648411255257,60145.5438133997,17774.929674286937,2081.5075808020197,599.7865579109566,848.8954285808638,1438.3759531956093,62981.48986872412,18970.570023893844,2231.016481083515,644.8592717628853,851.7122376600902,1435.1600675564187,66360.43618264105,20262.432370890823,2321.159981411579,648.0767395477669,890.3415656725566,1402.9640202503579,70155.16219276354,21967.15331622105,2565.8259333788183,670.6158883552926,906.4380105177562,1415.845997093238,0.0,0.0,0.0,0.0,0.0,0.0,0.0,0.0,0.0,0.0,0.0,0.0,0.0,0.0,0.0,0.0,0.0,0.0,0.0,0.0,0.0,0.0,0.0,0.0,0.0,0.0,0.0,0.0,0.0,0.0
"115,166",2467.141111176042,0.0,0.0,0.0,0.0,0.0,0.0,0.0,0.0,0.0,0.0,40303.32452486262,15434.681896481794,4459.0106913388945,1285.2178582004472,1621.1315438457564,5219.439105723886,41299.0694643703,16088.51810314889,4764.05772114174,1330.5559537363988,1656.5079076000288,5209.787314866571,42353.81958583007,16793.52381212945,5063.024416530833,1389.6504787931256,1666.1525749870375,5152.610679295484,42879.814477209,17371.80104961863,5350.904644496768,1467.2329464108336,1682.2250148960188,5155.818810847227,43984.02562158714,18062.60959837764,5676.905535797045,1524.7240095905229,1711.170911283119,5197.229591536055,0.0,0.0,0.0,0.0,0.0,0.0,0.0,0.0,0.0,0.0,0.0,0.0,0.0,0.0,0.0,0.0,0.0,0.0,0.0,0.0,0.0,0.0,0.0,0.0,0.0,0.0,0.0,0.0,0.0,0.0
"116,166",2446.326221216142,0.0,0.0,0.0,0.0,0.0,0.0,0.0,0.0,0.0,0.0,22889.95813842381,17199.147223577314,4541.318033164154,979.6506924825557,891.5791504495284,970.6833618556752,23066.262843653734,17515.724569040187,4673.873599071128,1001.208271671744,885.1546042077681,964.2570644294515,23423.997212962546,18098.42997911958,4836.292090141072,1036.555266310187,901.221264850392,969.9664346330305,23697.599345413844,18508.32937079037,4967.418295431137,1073.7085651220061,918.9658216925228,934.6150397412916,24080.20818148501,18710.575957235636,5127.680226669125,1076.5150305701238,925.3303086673512,931.4019188039442,0.0,0.0,0.0,0.0,0.0,0.0,0.0,0.0,0.0,0.0,0.0,0.0,0.0,0.0,0.0,0.0,0.0,0.0,0.0,0.0,0.0,0.0,0.0,0.0,0.0,0.0,0.0,0.0,0.0,0.0
"117,166",776.2367312847933,0.0,0.0,0.0,0.0,0.0,0.0,0.0,0.0,0.0,0.0,1258.1784315286895,925.8525040289936,126.58777096318263,3.211071729660034,0.0,0.0,1209.1697005767448,961.8772226745008,132.60708771686927,3.211071729660034,0.0,0.0,1208.9745948034174,960.1342183215945,148.66284547787086,3.211071729660034,0.0,0.0,879.5596938918619,843.9138579256395,167.93002973537818,3.211071729660034,0.0,0.0,940.6796077316883,928.4267377694448,164.71796189289466,6.422192096710205,0.0,0.0,0.0,0.0,0.0,0.0,0.0,0.0,0.0,0.0,0.0,0.0,0.0,0.0,0.0,0.0,0.0,0.0,0.0,0.0,0.0,0.0,0.0,0.0,0.0,0.0,0.0,0.0,0.0,0.0,0.0,0.0
"118,166",1805.8646101534796,0.0,0.0,0.0,0.0,0.0,0.0,0.0,0.0,0.0,0.0,5976.644087284687,1090.019698672201,146.8995102405548,19.23885154724121,6.409021377563477,1.771754172269036,6050.679555372164,1045.0259769981983,134.9967545930077,14.0186692312652,6.409021377563477,1.771754172269036,6165.691441931444,1016.7584765359467,147.80780643855823,17.22337327751459,6.409021377563477,1.771754172269036,6153.8103353257275,971.2477758332795,138.17948598300708,17.22034011635126,6.409021377563477,1.771754172269036,6227.184029723148,929.522809307248,128.96004478230196,17.22034011635126,9.613672256469727,1.771754172269036,0.0,0.0,0.0,0.0,0.0,0.0,0.0,0.0,0.0,0.0,0.0,0.0,0.0,0.0,0.0,0.0,0.0,0.0,0.0,0.0,0.0,0.0,0.0,0.0,0.0,0.0,0.0,0.0,0.0,0.0
"119,166",2479.8253622237094,0.0,0.0,0.0,0.0,0.0,0.0,0.0,0.0,0.0,0.0,1021.5101875034034,220.99308896064758,9.60977292060852,0.0,0.0,1.4199164643007165,1031.122069236344,227.38964438438416,12.811292886734009,0.0,0.0,1.4199164643007165,1091.5825462705948,252.6163143784392,16.015381813049316,0.0,0.0,1.4199164643007165,1132.4006619640425,297.4533838898528,22.421139001846313,3.201324462890625,0.0,1.4199164643007165,1167.6250086017683,351.91110011643053,34.83040495760301,3.201324462890625,0.0,1.4199164643007165,0.0,0.0,0.0,0.0,0.0,0.0,0.0,0.0,0.0,0.0,0.0,0.0,0.0,0.0,0.0,0.0,0.0,0.0,0.0,0.0,0.0,0.0,0.0,0.0,0.0,0.0,0.0,0.0,0.0,0.0
"120,166",2476.801765068117,0.0,0.0,0.0,0.0,0.0,0.0,0.0,0.0,0.0,0.0,4016.030553336237,6260.332180418688,3946.3966954670705,1949.6814817905424,1422.2819587969311,166.48341722394906,4077.164546453251,6304.695660925847,3998.9541018785217,1972.0685936927794,1415.5416260850195,160.08941430952035,4068.295606734706,6430.108839116377,4069.291075668148,2004.0445811271666,1463.1449486947527,163.28589696790658,4167.388741137935,6670.261971611135,4106.864774950813,2013.640942764282,1453.906466513989,163.28610343839608,4387.99751794572,6910.780180227054,4263.571125224057,2099.962421607971,1495.065315324185,172.87588353063546,0.0,0.0,0.0,0.0,0.0,0.0,0.0,0.0,0.0,0.0,0.0,0.0,0.0,0.0,0.0,0.0,0.0,0.0,0.0,0.0,0.0,0.0,0.0,0.0,0.0,0.0,0.0,0.0,0.0,0.0
"121,166",2473.134903210662,0.0,0.0,0.0,0.0,0.0,0.0,0.0,0.0,0.0,0.0,43016.392466638594,10225.688625590006,2591.5625993345298,1097.498418937945,1073.4301787488603,503.8737407431883,44449.08543485193,10324.30508826293,2680.0477741634145,1062.7414640781926,1067.3875362639335,465.5269091830534,45272.87159249642,10384.304921471838,2648.0867048179402,1072.3289844391393,1051.7578509966534,449.54969508507673,45758.7531559514,10466.59295328271,2667.2567069287393,1040.3700260517644,1035.4291325167114,423.9849482283873,45840.44765295514,10372.919821274514,2648.445153268178,1008.4124497768926,974.7159361605552,395.2225914702696,0.0,0.0,0.0,0.0,0.0,0.0,0.0,0.0,0.0,0.0,0.0,0.0,0.0,0.0,0.0,0.0,0.0,0.0,0.0,0.0,0.0,0.0,0.0,0.0,0.0,0.0,0.0,0.0,0.0,0.0
"122,166",2078.9284097515606,0.0,0.0,0.0,0.0,0.0,0.0,0.0,0.0,0.0,0.0,89472.07266492936,10657.871086844276,1716.5471403729682,468.85685658454895,379.5273380279541,491.11769914627075,90051.48655493492,10663.20096668449,1744.869771716174,478.4248113632202,373.15111207962036,456.0380506515503,89876.0200338775,10650.560696582234,1729.3196857106452,478.4248113632202,376.33778643608093,456.0381920337677,89232.29789698355,10548.516829471027,1701.0229012171428,472.047563791275,369.95851135253906,443.28000354766846,88008.6205452283,10352.963558245638,1704.2046279112499,468.8612711429596,376.3329129219055,436.901230096817,0.0,0.0,0.0,0.0,0.0,0.0,0.0,0.0,0.0,0.0,0.0,0.0,0.0,0.0,0.0,0.0,0.0,0.0,0.0,0.0,0.0,0.0,0.0,0.0,0.0,0.0,0.0,0.0,0.0,0.0
"123,166",2197.7809031252345,0.0,0.0,0.0,0.0,0.0,0.0,0.0,0.0,0.0,0.0,36919.6759306786,14401.852982233086,7607.274880036186,4726.7887848302435,5507.5610157873125,1443.7808992432613,37945.924247460265,14595.454859353049,7662.424614988589,4733.162539093168,5564.867584886739,1416.8853237946828,38485.65497076557,14684.66967258547,7665.21012599889,4742.721879331739,5544.345492619159,1369.10979941686,39135.37141126931,14995.43140918601,7782.697203640844,4775.975334657408,5598.486175316455,1359.560023578008,39033.45770852051,15035.400991951252,7792.258652930166,4740.954223407484,5535.176918357026,1394.9998472129596,0.0,0.0,0.0,0.0,0.0,0.0,0.0,0.0,0.0,0.0,0.0,0.0,0.0,0.0,0.0,0.0,0.0,0.0,0.0,0.0,0.0,0.0,0.0,0.0,0.0,0.0,0.0,0.0,0.0,0.0
"124,166",847.075470162178,0.0,0.0,0.0,0.0,0.0,0.0,0.0,0.0,0.0,0.0,5086.780191456102,7757.4300647174605,6159.428664164449,3651.950413424361,3960.236492588005,1173.6021205266316,5083.190017973207,7817.164576977374,6178.313127131556,3683.9851964258683,3986.100032681109,1146.3709101265551,5194.8744604587555,7804.530290983237,6133.768879981135,3677.6243303560746,3983.0661118395183,1136.8183261936786,5235.710357666016,7813.02434406,6149.996252172134,3692.1221942939014,4005.3169257622135,1111.3702351635577,5165.95949378855,7765.711852247575,6099.067170862123,3654.112734916164,3962.4572328679697,1114.5607497280719,0.0,0.0,0.0,0.0,0.0,0.0,0.0,0.0,0.0,0.0,0.0,0.0,0.0,0.0,0.0,0.0,0.0,0.0,0.0,0.0,0.0,0.0,0.0,0.0,0.0,0.0,0.0,0.0,0.0,0.0
"86,167",1567.672295067386,0.0,0.0,0.0,0.0,0.0,0.0,0.0,0.0,0.0,0.0,30010.58761966836,7175.309034972097,1491.3683909687343,429.32702919081146,365.69337796510433,232.38765478134155,32421.813483747777,7653.147691765018,1594.477080753738,451.8827883823245,375.3597736293194,235.61001992225647,35381.31890573688,8238.416853513903,1642.4097590194028,493.77121802404815,410.80358552278256,280.72028732299805,36889.33067896413,8716.72924562529,1664.9743993029874,519.5513739211887,449.4720451766369,316.1648597717285,38228.32761570612,9339.788406334672,1729.4313950286191,532.4412777049869,443.0289938384411,287.1677596569061,0.0,0.0,0.0,0.0,0.0,0.0,0.0,0.0,0.0,0.0,0.0,0.0,0.0,0.0,0.0,0.0,0.0,0.0,0.0,0.0,0.0,0.0,0.0,0.0,0.0,0.0,0.0,0.0,0.0,0.0
"87,167",2497.028547039889,0.0,0.0,0.0,0.0,0.0,0.0,0.0,0.0,0.0,0.0,42555.28670186249,10012.78494881368,1265.4184772743897,357.9389989376068,444.59161126473373,286.9811382293701,45310.217836611875,10940.9641964875,1402.875927992428,390.1881377696991,463.9435356841368,270.8572483062744,47506.1328695559,11816.015330480126,1581.6609225020688,435.3322319984436,521.9870032058043,290.610360661675,49371.1600706222,12438.381165816736,1691.299258922128,441.78066992759705,505.86479985573715,290.6108911430135,52121.898496639966,13415.29887537395,1852.515022014169,448.22770643234253,502.64097201683944,297.06010560147905,0.0,0.0,0.0,0.0,0.0,0.0,0.0,0.0,0.0,0.0,0.0,0.0,0.0,0.0,0.0,0.0,0.0,0.0,0.0,0.0,0.0,0.0,0.0,0.0,0.0,0.0,0.0,0.0,0.0,0.0
"88,167",2498.8706711500104,0.0,0.0,0.0,0.0,0.0,0.0,0.0,0.0,0.0,0.0,18176.04585600367,14297.94781169798,4071.25778484999,1287.4112786115386,1160.7533568073723,629.1788377761841,18251.266314685112,14643.11848029997,4146.2502020536685,1358.38500178468,1228.4987031151268,671.1223473548889,18186.40873947611,14824.54922215705,4260.943644451628,1403.5503317178466,1296.2441140343162,738.8752167224884,18111.094497623635,15042.937452710845,4428.701770233641,1474.530171996472,1367.220347516677,800.1692807674408,18028.605331680825,15049.724993252288,4398.430224206401,1486.2183762120264,1399.4792562653038,787.2576818466187,0.0,0.0,0.0,0.0,0.0,0.0,0.0,0.0,0.0,0.0,0.0,0.0,0.0,0.0,0.0,0.0,0.0,0.0,0.0,0.0,0.0,0.0,0.0,0.0,0.0,0.0,0.0,0.0,0.0,0.0
"89,167",2500.5615878292792,0.0,0.0,0.0,0.0,0.0,0.0,0.0,0.0,0.0,0.0,4999.363605499268,1039.1582921252532,287.415256023407,87.19469356536865,41.98524618148804,0.0,5031.6446986198425,1045.6002851233764,277.72568678855896,87.19593143463135,45.21537470817566,0.0,4905.701227903366,916.423812459497,271.2691099643707,74.27979040145874,51.67455863952637,0.0,4721.641915559769,710.4737708568573,222.829345703125,71.04977822303772,54.90428924560547,0.0,4553.760444641113,636.208723783493,203.46145606040955,51.67420268058777,58.134047985076904,0.0,0.0,0.0,0.0,0.0,0.0,0.0,0.0,0.0,0.0,0.0,0.0,0.0,0.0,0.0,0.0,0.0,0.0,0.0,0.0,0.0,0.0,0.0,0.0,0.0,0.0,0.0,0.0,0.0,0.0,0.0
"90,167",2502.100699759898,0.0,0.0,0.0,0.0,0.0,0.0,0.0,0.0,0.0,0.0,24375.64339117723,3039.339690640393,424.346413006502,113.09212493896484,38.773566484451294,0.0,24769.113303557562,3364.5763495276956,425.06532724043905,119.5547571182251,32.31165885925293,0.0,25235.14173989015,3623.0732658217935,426.5068964958191,113.09116220474243,32.31165885925293,0.0,25209.30392484384,3733.6619755632737,442.6606547832489,109.85934805870056,29.080364227294922,0.0,25493.63475279527,3694.893534124599,432.96744179725647,103.39694118499756,29.080357313156128,0.0,0.0,0.0,0.0,0.0,0.0,0.0,0.0,0.0,0.0,0.0,0.0,0.0,0.0,0.0,0.0,0.0,0.0,0.0,0.0,0.0,0.0,0.0,0.0,0.0,0.0,0.0,0.0,0.0,0.0,0.0
"91,167",2503.487462365965,0.0,0.0,0.0,0.0,0.0,0.0,0.0,0.0,0.0,0.0,28024.12241790996,40720.417240349445,16430.549787952386,4952.5181916797865,2270.221858804366,368.52219967468113,28709.183973237585,41254.91153801656,16470.2424250182,4946.861121078567,2285.991764721216,349.53068069289714,29616.96501900262,42462.42184502377,17306.875056781955,5405.8831602536,2653.2986316531315,362.45973590682536,30687.182160392465,43580.38893119026,17649.987191057204,5477.005149265365,2719.1697829405466,394.78476718734294,32312.59506652122,45890.53776596668,18233.55810136047,5639.061501189774,2790.2912495772043,448.9263740492802,0.0,0.0,0.0,0.0,0.0,0.0,0.0,0.0,0.0,0.0,0.0,0.0,0.0,0.0,0.0,0.0,0.0,0.0,0.0,0.0,0.0,0.0,0.0,0.0,0.0,0.0,0.0,0.0,0.0,0.0
"92,167",2504.7213842561964,610.6931855781406,295.4393481198479,988.9974480039932,332.10204032729655,371.2854431058846,502.4700917131761,265.26222944259644,687.3634223152609,325.6321320898393,338.53042027529546,93221.22509926255,56790.20047868094,6891.343118988299,1013.6313670485627,798.8857858181,297.5703659057617,94308.21178536603,57621.83481082075,7025.1475425589315,1020.1018400996338,798.8886499404907,297.5716302394867,95569.04449952257,58360.481706738945,7072.446707092547,1058.9100693076264,815.0598418712616,300.8058943748474,96048.48744177632,58792.00896416365,7133.892711129843,1078.3156371920716,821.5249309539795,304.038179397583,96252.25476792375,59288.8481116566,7297.62134253371,1107.4271834700714,834.4637861251831,300.8041205406189,315.41068712309294,174.11958763833138,12.939816951751709,0.0,0.0,0.0,210.27051162719727,54.99171781539917,0.0,0.0,0.0,0.0,355.8278374671936,271.2965900112601,57.00446820259094,3.2345266342163086,0.0,0.0,277.10703138183146,48.52510070800781,0.0,0.0,0.0,0.0,244.7161085325129,84.1092255115509,9.70508623123169,0.0,0.0,0.0
"93,167",2505.8020276235093,2029.3959208955953,667.0762832202164,1991.5162445161857,3433.311001326056,1175.593001683553,1884.4656015424166,626.0929230091618,1900.5125805340563,3313.5938864006716,1120.5874458154042,130847.58608244073,41807.126808172114,5907.014864464367,1399.986317441978,1088.7864506057665,479.3245459706176,131907.0358023905,42070.285237960255,5978.562208105535,1445.2834887962717,1121.1433605960772,489.0319033772338,132551.5143539784,42249.76485959876,5994.748256136389,1449.736362699434,1117.9090463928148,495.50313531464224,131763.96132753594,42028.25847441636,6011.280857164719,1472.3877584971635,1121.1443192771837,505.2109783799041,128629.0212392143,41374.90665244122,5974.973279045142,1420.6158831156938,1098.4946067146227,479.3242150456298,1590.6924251528349,290.53775854671704,3.2354178428649902,0.0,0.0,0.0,561.3808663723515,61.47662901878357,3.2354276180267334,0.0,0.0,0.0,1644.4964540229125,252.78030884032157,3.2358176708221436,0.0,0.0,0.0,2834.7170810951907,469.16991901397705,9.706886291503906,0.0,0.0,0.0,958.809549887975,158.54255604743958,3.235339879989624,0.0,0.0,0.0
"94,167",2506.7290086012463,0.0,0.0,0.0,0.0,0.0,0.0,0.0,0.0,0.0,0.0,41802.578511896325,13822.189254176385,1905.9491255498403,572.5921543831919,558.9471777373669,258.95681405067444,43942.37333923321,14622.744234185127,2067.085081092049,627.622040867338,613.9755237990735,278.3780734539032,47290.935734242084,16311.789517409192,2381.0628635799185,721.4942868943308,669.3601061998629,301.03865671157837,50030.892300015796,17981.845791212716,2754.9779876680936,846.5193270860934,740.5743636785769,333.40702986717224,51330.77876649089,18985.48722130645,2988.7516314328886,895.0754715620303,766.4705757795596,372.2518756389618,0.0,0.0,0.0,0.0,0.0,0.0,0.0,0.0,0.0,0.0,0.0,0.0,0.0,0.0,0.0,0.0,0.0,0.0,0.0,0.0,0.0,0.0,0.0,0.0,0.0,0.0,0.0,0.0,0.0,0.0
"95,167",2507.5019975767723,0.0,0.0,0.0,0.0,0.0,0.0,0.0,0.0,0.0,0.0,38290.79474746012,19692.714225303425,2674.721203934913,780.7056525950338,583.954710967868,262.2734258174896,40953.3554666996,20962.823837459786,2869.762007246765,835.7515467409994,590.4317781999999,262.27618193626404,45647.222077624,23187.991743058785,3264.3904424433613,905.7687676504547,650.3811564978431,288.1798448562622,51499.84423410658,26834.24336587401,3905.2433240750256,1067.6711690977509,799.3331406649421,346.46658754348755,56074.08893840546,30217.91747278232,4444.911475771549,1171.2852678850586,877.0472481783698,414.46936798095703,0.0,0.0,0.0,0.0,0.0,0.0,0.0,0.0,0.0,0.0,0.0,0.0,0.0,0.0,0.0,0.0,0.0,0.0,0.0,0.0,0.0,0.0,0.0,0.0,0.0,0.0,0.0,0.0,0.0,0.0
"96,167",2508.1207194602507,0.0,0.0,0.0,0.0,0.0,0.0,0.0,0.0,0.0,0.0,29296.523955479788,16069.873184683742,2693.5539595239297,728.3005480859795,597.7656097486907,482.1766665337132,31634.019535906176,17791.846268308866,2909.3249206010028,783.3599464986839,661.3200938608132,501.60788348889815,34415.34202669649,19470.39697629985,3281.9898595482696,850.1543025082233,648.366431465336,452.6206621515985,37461.05318544332,22221.858875846865,3769.6552589706343,1014.1084347565969,726.0961809064828,491.4848105299707,38804.60394854452,24284.768237327127,4343.157192859462,1186.5579801372453,836.2107155229531,543.7087012777141,0.0,0.0,0.0,0.0,0.0,0.0,0.0,0.0,0.0,0.0,0.0,0.0,0.0,0.0,0.0,0.0,0.0,0.0,0.0,0.0,0.0,0.0,0.0,0.0,0.0,0.0,0.0,0.0,0.0,0.0
"97,167",2508.5849539093547,0.0,0.0,0.0,0.0,0.0,0.0,0.0,0.0,0.0,0.0,20493.6801108164,17494.829390508054,4650.345533871183,1143.7653664383233,426.56104006673775,64.78664922714233,21772.173555994035,18767.13304970311,5072.512014671401,1194.8696019219415,423.3218378057667,45.350669622421265,24304.580704998505,20921.263822273177,5480.772945156284,1314.7292663620965,455.71652235891304,42.11127185821533,27121.414222586387,23323.153749354675,6074.401456899268,1460.5056914853112,475.15333189870796,42.11127185821533,29453.64690667414,25644.312836981753,6782.047122875849,1652.7644643577873,552.8998059263416,42.11153602600098,0.0,0.0,0.0,0.0,0.0,0.0,0.0,0.0,0.0,0.0,0.0,0.0,0.0,0.0,0.0,0.0,0.0,0.0,0.0,0.0,0.0,0.0,0.0,0.0,0.0,0.0,0.0,0.0,0.0,0.0
"98,167",2508.894535509323,0.0,0.0,0.0,0.0,0.0,0.0,0.0,0.0,0.0,0.0,28683.509533873726,23085.090303272358,5564.171657403311,1580.8000442364637,1161.4712553753573,298.46912574768066,30800.14247557696,24682.208302953197,5793.5599901517235,1555.6073690498579,1171.1930182709414,324.3879234790802,33399.64852260141,26539.887539642932,6130.58004561125,1676.2901667912802,1242.8750187462451,372.9851312637329,35818.094019799144,28558.21309677947,6662.303078526141,1766.5959364853652,1298.3580739703834,395.6639070510864,37496.762100930304,30115.928196393746,7174.758781077815,1839.5691939540939,1340.4739704337776,418.3423361778259,0.0,0.0,0.0,0.0,0.0,0.0,0.0,0.0,0.0,0.0,0.0,0.0,0.0,0.0,0.0,0.0,0.0,0.0,0.0,0.0,0.0,0.0,0.0,0.0,0.0,0.0,0.0,0.0,0.0,0.0
"99,167",2509.049353908608,0.0,0.0,0.0,0.0,0.0,0.0,0.0,0.0,0.0,0.0,43363.00629709655,38100.147072971566,7519.187488371718,1846.0546402931213,1491.4471998214722,414.71336007118225,46258.1595628458,40480.78438771098,7958.678114190757,2001.5725214481354,1562.726381778717,453.5925180912018,48351.1017620255,42370.41050042732,8499.752418771444,2131.1707479953766,1655.9606173038483,492.47174191474915,51984.73211686751,45006.137958245185,8877.22833596772,2256.0813417434692,1759.6395292282104,541.0710804462433,53327.708212511214,46025.83859717612,9048.947100749672,2363.0005066394806,1821.1990978717804,541.071284532547,0.0,0.0,0.0,0.0,0.0,0.0,0.0,0.0,0.0,0.0,0.0,0.0,0.0,0.0,0.0,0.0,0.0,0.0,0.0,0.0,0.0,0.0,0.0,0.0,0.0,0.0,0.0,0.0,0.0,0.0
"100,167",2509.049353908598,0.0,0.0,0.0,0.0,0.0,0.0,0.0,0.0,0.0,0.0,46430.961063643066,42641.0536623478,11965.524331988538,2486.5791166670183,1023.142306580263,136.07844805717468,48600.89980991401,44359.71680357036,12411.572306260874,2580.538136586021,1037.3222005311181,139.31845092773438,50311.42849564926,46102.320361647886,12844.73803779471,2642.0980692947614,1080.1669132653406,126.35866951942444,52284.70988572158,48332.25699537221,13313.35199871437,2703.8861269558174,1134.026882351146,132.83857822418213,53572.34539155493,49627.67513394917,13686.17862678509,2808.3658964213205,1195.5863577730515,145.79846239089966,0.0,0.0,0.0,0.0,0.0,0.0,0.0,0.0,0.0,0.0,0.0,0.0,0.0,0.0,0.0,0.0,0.0,0.0,0.0,0.0,0.0,0.0,0.0,0.0,0.0,0.0,0.0,0.0,0.0,0.0
"101,167",2508.8945355093433,0.0,0.0,0.0,0.0,0.0,0.0,0.0,0.0,0.0,0.0,24363.399745723313,15305.250318958246,5686.788543963899,1088.8756085975497,689.3561889255748,434.1182460784912,25690.087678099615,15957.545257849786,5958.965814742855,1185.0013323746475,747.6722029770121,427.63937997817993,26533.592167989886,16426.465021840264,6263.50022944469,1240.4833339906206,771.4170343623441,427.6395764350891,27306.10206961539,17332.7140153193,6884.498622627819,1474.7317396407034,830.7987714178422,460.03741097450256,27850.05545151094,18456.581335481944,7551.517672812705,1674.8960968111073,895.5937383539537,476.23627638816833,0.0,0.0,0.0,0.0,0.0,0.0,0.0,0.0,0.0,0.0,0.0,0.0,0.0,0.0,0.0,0.0,0.0,0.0,0.0,0.0,0.0,0.0,0.0,0.0,0.0,0.0,0.0,0.0,0.0,0.0
"102,167",2508.584953909334,0.0,0.0,0.0,0.0,0.0,0.0,0.0,0.0,0.0,0.0,30038.76154542437,41497.813477979915,17409.542516631707,8099.4705390743175,6753.117687259,669.3220422267914,30678.06226720249,42800.11008869526,18241.788576646883,8394.507325917599,7005.789208684248,685.5186913013458,31994.174689290103,45197.220603520254,19433.198310356514,8919.289793044445,7475.641997833813,745.0461971759796,33910.979461160365,48262.89230549195,21448.30584705671,9962.10980673865,8304.653950334998,868.1399011611938,34867.14996859887,50271.52777795979,22989.96586193945,10771.827060849993,8888.554136259416,881.097576379776,0.0,0.0,0.0,0.0,0.0,0.0,0.0,0.0,0.0,0.0,0.0,0.0,0.0,0.0,0.0,0.0,0.0,0.0,0.0,0.0,0.0,0.0,0.0,0.0,0.0,0.0,0.0,0.0,0.0,0.0
"103,167",2508.1207194602916,0.0,0.0,0.0,0.0,0.0,0.0,0.0,0.0,0.0,0.0,74771.65872522708,16993.359498567206,3688.726947209414,1320.443313442492,1300.0130753788294,359.51637959480286,77321.25900719399,17557.35595763244,3862.409542341793,1391.7010525095695,1319.4460490021052,349.799684047699,80494.02024796804,18457.646028095132,4166.869362135494,1501.823925815844,1361.5517745289148,356.2768363952637,83098.88192831581,19231.738057428247,4318.233692231832,1571.8603584691589,1397.1794629368128,362.75407099723816,84165.8725689327,20081.890400174085,4567.628719630895,1617.204758159787,1461.9572265419306,378.94798040390015,0.0,0.0,0.0,0.0,0.0,0.0,0.0,0.0,0.0,0.0,0.0,0.0,0.0,0.0,0.0,0.0,0.0,0.0,0.0,0.0,0.0,0.0,0.0,0.0,0.0,0.0,0.0,0.0,0.0,0.0
"104,167",2507.501997576796,0.0,0.0,0.0,0.0,0.0,0.0,0.0,0.0,0.0,0.0,56176.32433878769,3547.864094221826,262.2791042327881,3.2383618354797363,32.38275218009949,42.098066568374634,59881.21604805928,3738.9102091433956,275.23228788375854,12.952958106994629,29.144478797912598,38.85981726646423,64476.28296503367,3968.65309956027,294.6617248058319,12.952958106994629,32.38274908065796,42.0980908870697,70738.38563578644,4306.611325764188,320.56678581237793,12.952958106994629,29.14493489265442,42.098037004470825,75552.83769250476,4627.965447351044,352.9462625980377,12.952958106994629,29.14493489265442,42.098037004470825,0.0,0.0,0.0,0.0,0.0,0.0,0.0,0.0,0.0,0.0,0.0,0.0,0.0,0.0,0.0,0.0,0.0,0.0,0.0,0.0,0.0,0.0,0.0,0.0,0.0,0.0,0.0,0.0,0.0,0.0
"105,167",2506.7290086012144,0.0,0.0,0.0,0.0,0.0,0.0,0.0,0.0,0.0,0.0,26622.628411382793,1827.1611509014579,142.41649651527405,58.26013803482056,45.31330752372742,19.4200918674469,28778.95159296336,1927.5101599384757,152.12875390052795,51.78688621520996,42.0771906375885,19.4200918674469,30011.972957372676,2060.2409979988547,178.02773642539978,51.787424087524414,42.0771906375885,19.4200918674469,30890.2572970727,2186.8996775991777,178.02946829795837,51.787424087524414,42.0771906375885,19.4200918674469,31648.377275440744,2241.940354431377,184.5031223297119,48.55052614212036,38.84026885032654,19.4200918674469,0.0,0.0,0.0,0.0,0.0,0.0,0.0,0.0,0.0,0.0,0.0,0.0,0.0,0.0,0.0,0.0,0.0,0.0,0.0,0.0,0.0,0.0,0.0,0.0,0.0,0.0,0.0,0.0,0.0,0.0
"106,167",2502.3365797192264,0.0,0.0,0.0,0.0,0.0,0.0,0.0,0.0,0.0,0.0,93247.06913352666,3672.6431689729875,84.85424140200895,0.0,0.0,0.0,96336.88035089268,3724.4248793592637,84.8544724296121,0.0,0.0,0.0,98313.61973283712,3768.50809043342,84.85397437320036,0.0,0.0,0.0,99050.9059211357,3781.4525944560182,84.85522154078764,0.0,0.0,0.0,100440.57052495434,3881.351323664422,88.091369898179,0.0,0.0,0.0,0.0,0.0,0.0,0.0,0.0,0.0,0.0,0.0,0.0,0.0,0.0,0.0,0.0,0.0,0.0,0.0,0.0,0.0,0.0,0.0,0.0,0.0,0.0,0.0,0.0,0.0,0.0,0.0,0.0,0.0
"107,167",2504.721384256232,0.0,0.0,0.0,0.0,0.0,0.0,0.0,0.0,0.0,0.0,117495.99968870291,45165.509351232,4733.592450673907,688.9409646987915,520.7643992900848,249.47192307734022,120248.6166942727,46345.14053328645,4843.55654722008,686.1106740053963,546.6409068107605,249.47238465570936,122051.98408109344,47189.225660202545,4866.196392114489,695.8130441721748,533.7045397758484,233.30102010988722,122767.95829680197,47383.24912641562,4911.470583017199,670.34137394849,527.2377645969391,204.18992301249037,123618.22558167866,47781.47010172208,4972.922794397204,676.8109536451452,540.1750957965851,207.42365499758253,0.0,0.0,0.0,0.0,0.0,0.0,0.0,0.0,0.0,0.0,0.0,0.0,0.0,0.0,0.0,0.0,0.0,0.0,0.0,0.0,0.0,0.0,0.0,0.0,0.0,0.0,0.0,0.0,0.0,0.0
"108,167",2503.487462365972,0.0,0.0,0.0,0.0,0.0,0.0,0.0,0.0,0.0,0.0,33011.80562939363,40965.756604103946,15406.28015314925,5966.23098509639,5722.593545349907,2254.493301349528,35035.969924862235,42835.1667832281,15690.855808952743,6045.441593470294,5797.351739389756,2251.259748655207,36099.38078431522,43948.9587742338,15776.53549936706,6030.175073468452,5658.351864321092,2192.6642665891086,36952.88823808689,44817.958629558605,15849.290213413798,6007.549823248621,5581.5870743162495,2111.846931714638,37886.34385672924,45945.35346195933,16181.377464360816,6114.143667112612,5663.130465168111,2128.010681886299,0.0,0.0,0.0,0.0,0.0,0.0,0.0,0.0,0.0,0.0,0.0,0.0,0.0,0.0,0.0,0.0,0.0,0.0,0.0,0.0,0.0,0.0,0.0,0.0,0.0,0.0,0.0,0.0,0.0,0.0
"109,167",2502.100699759838,0.0,0.0,0.0,0.0,0.0,0.0,0.0,0.0,0.0,0.0,25677.174219277324,43290.894733291505,26216.744770705463,13015.368153606678,16211.084271854512,9176.60441358323,25851.793114244232,43898.53218792746,26665.142648586567,13256.475417463453,16501.862881539848,9241.230443551492,25925.396943532716,44187.27542594834,26717.667568904275,13241.061987774046,16232.323779781193,9086.557060500687,25959.000281594777,44249.99883588154,26776.263682811397,13088.406997957418,16104.877138714695,9034.463172608732,25890.64015086398,44396.92386047512,26841.96441203566,13042.519316071155,16068.451318766089,8979.478656773474,0.0,0.0,0.0,0.0,0.0,0.0,0.0,0.0,0.0,0.0,0.0,0.0,0.0,0.0,0.0,0.0,0.0,0.0,0.0,0.0,0.0,0.0,0.0,0.0,0.0,0.0,0.0,0.0,0.0,0.0
"110,167",2500.56158782932,64.5905990600586,29.062608242034912,16.146340370178223,6.459141731262207,74.26670503616333,64.5905990600586,29.062608242034912,16.146340370178223,6.459141731262207,74.26670503616333,41169.507844644424,44789.86983945416,18079.347949234645,7256.169318437575,8003.325421353882,4713.963554139231,39928.196267107414,45303.66673468514,18282.192192993913,7365.815086446089,8116.358427068299,4746.2651812983495,39505.3468655072,45457.37805740972,18280.59968592139,7371.2153819561,8132.282967051337,4775.334161992167,39494.704129492995,45479.26039552407,18482.809552355375,7399.225613465029,8159.547582657197,4810.459521159939,39542.40058782708,45431.28001445975,18488.676375574225,7403.885112107968,8099.979095658134,4772.553115928875,45.21305823326111,19.377540826797485,0.0,0.0,0.0,0.0,25.83337378501892,3.229234457015991,0.0,0.0,0.0,0.0,16.146340370178223,0.0,0.0,0.0,0.0,0.0,3.2291972637176514,3.2299444675445557,0.0,0.0,0.0,0.0,67.80881190299988,6.457893133163452,0.0,0.0,0.0,0.0
"111,167",2498.87067115001,0.0,0.0,3.2276318073272705,0.0,3.227536201477051,0.0,0.0,3.2276318073272705,0.0,3.227536201477051,28957.750989018234,27556.062292681487,8229.451372637468,3301.9792224079956,4432.289759205837,4632.42887135861,29218.50504334581,27988.172314466214,8238.725618300718,3304.135039042492,4464.558167027492,4658.309820934371,29567.96731443405,28424.32792910314,8346.008742744783,3312.417133131214,4471.029707001705,4657.903638059018,30225.146049082512,29145.957705074197,8598.47133178711,3355.429634768355,4467.796499537487,4651.4023729314995,30837.580539375194,29955.482510956594,8810.570246555291,3414.4230833605225,4524.655127437442,4680.747488064859,0.0,0.0,0.0,0.0,0.0,0.0,0.0,0.0,0.0,0.0,0.0,0.0,3.2276318073272705,0.0,0.0,0.0,0.0,0.0,0.0,0.0,0.0,0.0,0.0,0.0,3.227536201477051,0.0,0.0,0.0,0.0,0.0
"112,167",2497.028547039931,0.0,0.0,0.0,0.0,0.0,0.0,0.0,0.0,0.0,0.0,5572.303505789065,8327.912517449433,3440.9424749168693,2023.8137844814974,2959.1118831784115,3093.8721176362506,6083.33609678979,9078.336901882582,3842.830390449599,2186.263506680844,3187.2528054415016,3194.188901320626,6207.487008508046,9461.750997841591,4103.996370285633,2300.774953074549,3302.519225563722,3222.854317382738,6599.266961312762,10010.771930778727,4363.240713300892,2427.738209975,3431.149560689926,3309.570628819746,6866.885768628588,10440.55363903139,4581.129486209271,2596.179725426319,3720.204839611989,3657.5231449015005,0.0,0.0,0.0,0.0,0.0,0.0,0.0,0.0,0.0,0.0,0.0,0.0,0.0,0.0,0.0,0.0,0.0,0.0,0.0,0.0,0.0,0.0,0.0,0.0,0.0,0.0,0.0,0.0,0.0,0.0
"113,167",2494.9019928778225,0.0,0.0,0.0,0.0,0.0,0.0,0.0,0.0,0.0,0.0,12411.933445661207,23040.08383371597,6965.839988409304,1596.3486946246205,958.3957852943272,602.5471479892731,12894.554843371521,23950.854680299763,7240.031985214645,1627.3547414976008,958.4080981834263,598.1136689073899,13898.383139862732,25340.717640734656,7740.3391795616535,1774.7545595187767,1036.138001353133,633.9113533178966,14636.313115084404,26369.476406105827,8283.443075857911,1919.7324607390983,1123.4846547809302,748.6979271935481,15166.755242630077,27298.94184460266,8787.563201877183,2115.0917377817864,1275.2640396249062,909.79217858782,0.0,0.0,0.0,0.0,0.0,0.0,0.0,0.0,0.0,0.0,0.0,0.0,0.0,0.0,0.0,0.0,0.0,0.0,0.0,0.0,0.0,0.0,0.0,0.0,0.0,0.0,0.0,0.0,0.0,0.0
"114,167",2492.8840616221128,0.0,0.0,0.0,0.0,0.0,0.0,0.0,0.0,0.0,0.0,46345.96114391065,11305.52590759595,2236.5805316971796,457.9987938852871,413.7529917455187,648.737764784869,47474.90208292662,11645.2953578977,2355.718194584753,513.9499474385206,410.12943068205146,658.3961381407345,49326.45302159646,12389.650858867866,2559.6472572513653,542.9314730980817,455.6100533102073,671.2745809050167,52636.14610488182,13213.508364315592,2752.8120522097047,599.6827091076796,484.5871696565666,684.153050849017,56259.64558086489,14410.617903351313,3011.43098264769,689.8441470959608,600.5033130739249,785.9727927292095,0.0,0.0,0.0,0.0,0.0,0.0,0.0,0.0,0.0,0.0,0.0,0.0,0.0,0.0,0.0,0.0,0.0,0.0,0.0,0.0,0.0,0.0,0.0,0.0,0.0,0.0,0.0,0.0,0.0,0.0
"115,167",2490.592479509879,0.0,0.0,0.0,0.0,0.0,0.0,0.0,0.0,0.0,0.0,119213.1541517613,10812.324294205273,792.6772434374866,305.88980667263854,492.4037342866262,962.6423074198703,122623.30765912673,11177.828088174148,799.1049596926746,305.8898622241675,485.9721301396688,962.6432932806949,124348.58502965535,11332.404481503545,803.0379378038294,305.8898622241675,479.5407050450643,959.4277252150516,125801.87508084539,11339.717306773804,815.9022089677699,305.8898622241675,492.4066060384115,981.9362396193485,124405.62212574529,11243.974995383096,825.5483934121974,296.2437862601935,495.621523698171,982.3397911773009,0.0,0.0,0.0,0.0,0.0,0.0,0.0,0.0,0.0,0.0,0.0,0.0,0.0,0.0,0.0,0.0,0.0,0.0,0.0,0.0,0.0,0.0,0.0,0.0,0.0,0.0,0.0,0.0,0.0,0.0
"116,167",2476.540233890746,0.0,0.0,0.0,0.0,0.0,0.0,0.0,0.0,0.0,0.0,29174.9236338578,33848.28412733639,22452.891568120318,9757.848106637655,8335.462898156224,8152.734450634788,29621.61101269068,34167.41389238321,22617.978162536434,9866.681789788077,8447.929536482869,8207.35987287409,29924.479662446418,34482.47423648367,22626.92586004874,9885.966025742362,8454.361970326481,8229.863855656455,30034.912971457314,34933.876381644084,22965.081806167902,9928.522831594242,8618.221132657109,8297.348456915686,30315.538071374336,35254.833945660495,23163.500187533507,10053.401931208255,8717.830572268544,8380.891956623862,0.0,0.0,0.0,0.0,0.0,0.0,0.0,0.0,0.0,0.0,0.0,0.0,0.0,0.0,0.0,0.0,0.0,0.0,0.0,0.0,0.0,0.0,0.0,0.0,0.0,0.0,0.0,0.0,0.0,0.0
"117,167",538.3538925643988,0.0,0.0,0.0,0.0,0.0,0.0,0.0,0.0,0.0,0.0,577.0166593981724,825.3284029493145,293.3992681035808,52.19715974377651,23.597177319433175,3.2109861373901367,534.380449034186,821.5778555739159,282.9742433220732,48.98626992749233,22.47657322883606,3.2109861373901367,518.3250071778017,837.1384876475614,266.919314065634,48.98594353245754,25.687182664871216,3.2109861373901367,492.6338224186617,766.4959502921384,241.23232928818348,45.77505371617336,25.687182664871216,6.42170524597168,505.4726893677431,698.6254536236033,238.02009264534595,42.56409165905971,25.687182664871216,6.42170524597168,0.0,0.0,0.0,0.0,0.0,0.0,0.0,0.0,0.0,0.0,0.0,0.0,0.0,0.0,0.0,0.0,0.0,0.0,0.0,0.0,0.0,0.0,0.0,0.0,0.0,0.0,0.0,0.0,0.0,0.0
"119,167",627.8446103280935,0.0,0.0,0.0,0.0,0.0,0.0,0.0,0.0,0.0,0.0,61.01525549327626,51.219401359558105,25.604589700698853,12.802006483078003,6.401052474975586,0.0,55.189877068762684,70.42452239990234,25.604589700698853,12.802006483078003,9.601550579071045,0.0,61.59111241078844,80.02793312072754,25.604589700698853,12.802006483078003,9.601550579071045,0.0,74.79847380974714,86.43013095855713,28.805130004882812,16.00256085395813,9.601550579071045,0.0,81.32740282357908,96.0325357913971,37.214387524361705,22.403557062149048,9.601550579071045,0.0,0.0,0.0,0.0,0.0,0.0,0.0,0.0,0.0,0.0,0.0,0.0,0.0,0.0,0.0,0.0,0.0,0.0,0.0,0.0,0.0,0.0,0.0,0.0,0.0,0.0,0.0,0.0,0.0,0.0,0.0
"120,167",2063.7306957023716,0.0,0.0,0.0,0.0,0.0,0.0,0.0,0.0,0.0,0.0,13461.654352749094,19607.824737180446,11166.55729908943,3799.005165088878,1968.2547308669373,322.8992166519165,13690.849397383485,19799.722473014568,11264.524213513205,3794.632012063382,1958.6673051581665,319.706068277359,13621.689759858451,19537.173397005303,10970.519206486495,3725.929404254988,1917.1161734328552,310.11814403533936,13608.35988219579,19287.127365405886,10760.845582032673,3610.4701299854355,1908.7678570364037,294.13225293159485,13248.355784189935,18961.106763894884,10540.245530017217,3482.504707396264,1844.8233196352044,258.9673504829407,0.0,0.0,0.0,0.0,0.0,0.0,0.0,0.0,0.0,0.0,0.0,0.0,0.0,0.0,0.0,0.0,0.0,0.0,0.0,0.0,0.0,0.0,0.0,0.0,0.0,0.0,0.0,0.0,0.0,0.0
"121,167",2032.5949543786105,0.0,0.0,0.0,0.0,0.0,0.0,0.0,0.0,0.0,0.0,31677.232065140972,11326.62623854151,2753.530889700908,666.5572386423746,637.7911563817192,329.1706528663635,32560.36821299254,11596.182651630103,2779.087866257686,657.3181183749555,618.6153117123772,319.5835099220276,32708.529125009805,11564.60037560463,2779.0794240942187,648.0799813457564,615.4190092984368,303.6041028499603,32885.62458689167,11590.163959720088,2734.693414542254,632.4518654309068,589.8506184521843,287.62536120414734,32722.014158397567,11497.820626827315,2658.3342986808098,606.5323202797011,535.5187791291405,278.0385274887085,0.0,0.0,0.0,0.0,0.0,0.0,0.0,0.0,0.0,0.0,0.0,0.0,0.0,0.0,0.0,0.0,0.0,0.0,0.0,0.0,0.0,0.0,0.0,0.0,0.0,0.0,0.0,0.0,0.0,0.0
"86,168",2190.7854624794186,0.0,0.0,0.0,0.0,0.0,0.0,0.0,0.0,0.0,0.0,51423.11462671616,5886.773811551636,1098.1328327478147,387.0056996934554,316.11135656319414,109.62102223003612,56046.19284088939,6639.317359285729,1289.8179866070839,480.314838662802,406.54976164219426,161.1563406046699,61858.207849128565,7407.38081057586,1529.4467718965866,562.493343222375,492.7277918020884,167.59786081875072,65308.99823368203,7992.172649317161,1631.147488335067,591.5544286410013,514.9472117910198,196.58811450565562,67081.56326116205,8634.09098185745,1833.0321657377133,629.2811628351025,533.7422024343527,193.36708355510936,0.0,0.0,0.0,0.0,0.0,0.0,0.0,0.0,0.0,0.0,0.0,0.0,0.0,0.0,0.0,0.0,0.0,0.0,0.0,0.0,0.0,0.0,0.0,0.0,0.0,0.0,0.0,0.0,0.0,0.0
"87,168",2497.154461448383,0.0,0.0,0.0,0.0,0.0,0.0,0.0,0.0,0.0,0.0,56880.72570620705,21167.40959839166,3941.438670809129,1235.0993447303772,792.067590930415,293.46579337120056,58304.55962057301,21647.74380158256,4089.3460110019237,1300.6571740318745,859.7928161406048,312.81675004959106,59093.57746630276,21985.09987281257,4195.704999012105,1327.8886568162955,925.9134747523888,335.3953549861908,59363.94327630717,22250.908600776333,4279.365159727546,1376.9639781091728,1004.9229602533228,367.63650749524436,59535.89031792995,22415.432344180463,4369.657721973868,1418.8934414957084,1035.5567350350175,367.64008878072104,0.0,0.0,0.0,0.0,0.0,0.0,0.0,0.0,0.0,0.0,0.0,0.0,0.0,0.0,0.0,0.0,0.0,0.0,0.0,0.0,0.0,0.0,0.0,0.0,0.0,0.0,0.0,0.0,0.0,0.0
"88,168",2498.9969228403997,0.0,6.455651044845581,19.36696147918701,3.22725772857666,0.0,0.0,6.455651044845581,19.36696147918701,3.22725772857666,0.0,30382.42573827949,4894.326540062474,235.7948902532166,93.95466393115474,17.33219570272109,0.0,32142.024864159375,5181.532173225926,257.55261829226623,103.63037437083675,23.78390616529128,0.0,33400.760291162194,5443.271675021975,279.03069475304846,124.76671228782804,39.9133438503041,0.0,34300.037471033545,5605.186068943435,303.39247150327645,143.36025886909636,46.36511391751907,3.2258381843566895,36401.37116038659,6031.831111006644,383.6451368977042,170.37122028014238,46.36511391751907,3.2258381843566895,0.0,0.0,0.0,0.0,0.0,0.0,3.2278175354003906,3.2278335094451904,0.0,0.0,0.0,0.0,3.2278175354003906,16.13914394378662,0.0,0.0,0.0,0.0,3.22725772857666,0.0,0.0,0.0,0.0,0.0,0.0,0.0,0.0,0.0,0.0,0.0
"89,168",2500.688154864952,0.0,0.0,0.0,0.0,0.0,0.0,0.0,0.0,0.0,0.0,5850.720765246598,523.0074831691445,17.753120286791933,0.0,0.0,0.0,5671.389571071139,518.1269904548049,20.9825945928985,0.0,0.0,0.0,6770.628879366667,513.2676982748744,17.753899200289858,0.0,0.0,0.0,6965.939742775521,506.8035161364315,11.293971164553774,0.0,0.0,0.0,7944.272937036028,518.104060132831,17.751254184573305,0.0,0.0,0.0,0.0,0.0,0.0,0.0,0.0,0.0,0.0,0.0,0.0,0.0,0.0,0.0,0.0,0.0,0.0,0.0,0.0,0.0,0.0,0.0,0.0,0.0,0.0,0.0,0.0,0.0,0.0,0.0,0.0,0.0
"90,168",2502.2275586335636,0.0,0.0,0.0,0.0,0.0,0.0,0.0,0.0,0.0,0.0,4408.500648162879,128.54121985435486,3.231287717819214,0.0,0.0,0.0,3936.72359456829,109.15114703178406,3.231287717819214,0.0,0.0,0.0,4075.682156465568,118.84672298431397,3.231287717819214,0.0,0.0,0.0,3943.221657417335,102.68939414024354,3.231287717819214,0.0,0.0,0.0,3813.9661783199685,92.99474706649781,6.462595462799072,0.0,0.0,0.0,0.0,0.0,0.0,0.0,0.0,0.0,0.0,0.0,0.0,0.0,0.0,0.0,0.0,0.0,0.0,0.0,0.0,0.0,0.0,0.0,0.0,0.0,0.0,0.0,0.0,0.0,0.0,0.0,0.0,0.0
"91,168",2503.61458812536,0.0,0.0,0.0,0.0,0.0,0.0,0.0,0.0,0.0,0.0,115169.37069182958,8375.194448718838,677.6950488025067,148.7275903224945,68.28040537647172,43.23869359726999,115236.53191335715,8459.265929946712,674.462965481889,151.96086716651917,62.63819323801527,43.23869955773447,115973.73011460585,8530.400704870037,693.861097090852,151.96099734306335,62.63819323801527,46.47215211625193,116536.58481099839,8727.455693644166,742.3616645270703,174.5950310230255,93.76778888702393,85.273295285655,116422.60389257786,8808.67757060668,783.1724568264157,161.6616027355194,93.76778888702393,88.50663078065011,0.0,0.0,0.0,0.0,0.0,0.0,0.0,0.0,0.0,0.0,0.0,0.0,0.0,0.0,0.0,0.0,0.0,0.0,0.0,0.0,0.0,0.0,0.0,0.0,0.0,0.0,0.0,0.0,0.0,0.0
"92,168",2504.8487506335396,15.348411728354062,9.703739166259766,29.87223384894577,9.703670263290405,0.0,15.348411728354062,9.703739166259766,14.523958313698863,9.703670263290405,0.0,98698.75577759369,18071.90743468696,2816.32541885563,353.7605760705237,174.6606035232544,164.9553346633911,99856.87830564647,19098.100884492724,3070.6527978438958,418.45225244877383,197.30260014533997,181.1288721561432,102311.28622475137,21027.139180824804,3425.4922325265175,502.5514307629828,239.35030889511108,242.58436679840088,104965.2550641574,23450.320957370834,3946.2717435481504,554.3083620679145,278.16669750213623,278.1675956249237,105441.84647914472,24076.98431647525,4054.206116931579,567.2437265527014,278.1668212413788,281.40128993988037,6.469175338745117,5.644662071676816,3.234574317932129,0.0,0.0,0.0,3.234574317932129,6.469164848327637,0.0,0.0,0.0,0.0,0.0,13.318922865624522,1.2050354480743408,0.0,0.0,0.0,3.2345478534698486,3.2345426082611084,3.2345798015594482,0.0,0.0,0.0,0.0,0.0,0.0,0.0,0.0,0.0
"93,168",2505.929607170489,0.0,0.0,0.0,0.0,0.0,0.0,0.0,0.0,0.0,0.0,65646.16013677916,46105.97725993325,7008.069153577206,1088.354991461249,688.4661698247872,326.85534596443176,67667.33709287643,47924.469257175224,7312.204031020519,1114.2400772824008,717.5864257719003,333.3263740539551,71330.62713334232,49763.37036313544,7604.84487822009,1213.337556396746,782.2949123289071,385.0935802459717,73521.86387734133,51466.872513791626,8025.4585035081,1320.1107471335167,834.0605809595071,385.0904052257538,74276.27197591557,51989.04116108745,8067.512257122526,1319.748732955783,811.4062611963235,352.7278904914856,0.0,0.0,0.0,0.0,0.0,0.0,0.0,0.0,0.0,0.0,0.0,0.0,0.0,0.0,0.0,0.0,0.0,0.0,0.0,0.0,0.0,0.0,0.0,0.0,0.0,0.0,0.0,0.0,0.0,0.0
"94,168",2506.856772827396,0.0,0.0,0.0,22.657829999923706,12.947304248809814,0.0,0.0,0.0,22.657829999923706,12.947304248809814,86415.0469838666,20598.157132562003,3036.286816409055,365.06876444162106,174.80434346199036,51.79454588890076,88239.40252972959,21896.330849503534,3282.2967637090123,390.9656934672711,190.98856329917908,58.26805400848389,90960.5594735295,23526.85040941518,3570.7577514022005,462.18256377519344,207.17491245269775,61.50528049468994,92347.44073925112,24452.681521327813,3838.6679182781895,511.946627998352,197.46491503715515,64.74223589897156,93381.7597239167,25173.930922500756,3929.3165109886845,544.6771219047846,197.46702122688293,51.79458713531494,0.0,0.0,0.0,0.0,0.0,0.0,0.0,0.0,0.0,0.0,0.0,0.0,0.0,0.0,0.0,0.0,0.0,0.0,22.657829999923706,0.0,0.0,0.0,0.0,0.0,12.947304248809814,0.0,0.0,0.0,0.0,0.0
"95,168",2507.629917091724,0.0,0.0,0.0,0.0,0.0,0.0,0.0,0.0,0.0,0.0,27878.84558456552,21192.466256789605,2767.1306501117406,517.0198615392048,132.76549005508423,12.953096151351929,29934.388411736018,23527.649560038248,3068.2546532836614,526.7326634724934,155.43210816383362,12.953096151351929,33204.239096945406,27430.804346341713,3518.6785253973567,615.3637369988011,185.7810159103543,16.19140934944153,36259.10464747841,30166.743054590035,4010.392268768946,754.5988193867254,224.63893965646332,22.66770315170288,38616.95498038181,32150.642087790544,4399.48454860706,897.0704764244604,292.6381016151578,32.382821798324585,0.0,0.0,0.0,0.0,0.0,0.0,0.0,0.0,0.0,0.0,0.0,0.0,0.0,0.0,0.0,0.0,0.0,0.0,0.0,0.0,0.0,0.0,0.0,0.0,0.0,0.0,0.0,0.0,0.0,0.0
"96,168",2508.248764118866,0.0,0.0,0.0,0.0,0.0,0.0,0.0,0.0,0.0,0.0,20351.385464989908,11942.794047129386,2362.5604805600406,481.1725336158977,259.0974326133728,239.67317295074463,21626.980098855263,12796.20141915714,2499.7915247449687,489.2741892047957,266.7818478462743,213.76266527175903,24766.55397632075,13569.293568882289,2624.0645811071586,522.86667081328,273.2578259823369,191.0924801826477,27280.544342805824,14533.502148288839,2940.4611571583096,592.0836256429261,318.598364722495,197.56972575187683,29045.4494695972,15362.549925274941,3117.623212051392,678.7021400965897,425.475682627921,294.73316621780396,0.0,0.0,0.0,0.0,0.0,0.0,0.0,0.0,0.0,0.0,0.0,0.0,0.0,0.0,0.0,0.0,0.0,0.0,0.0,0.0,0.0,0.0,0.0,0.0,0.0,0.0,0.0,0.0,0.0,0.0
"97,168",2508.713092959522,0.0,0.0,0.0,0.0,0.0,0.0,0.0,0.0,0.0,0.0,20966.26939427058,10318.67585577778,749.8879842384189,97.16686903729158,48.58984565734863,29.152887105941772,22048.514366137744,11145.601096200007,827.6321818454594,106.88430320515351,61.54650616645813,22.674497604370117,23261.38205928896,11921.417224788665,928.0506796462864,155.47315394177156,64.7857756614685,19.435372829437256,25224.30445004164,12960.161315407473,1075.6107116409378,197.5843413998099,68.02492165565491,12.9569993019104,27146.858375320247,13937.075254442178,1130.6786468692856,204.0631955791922,74.50355839729309,9.71781587600708,0.0,0.0,0.0,0.0,0.0,0.0,0.0,0.0,0.0,0.0,0.0,0.0,0.0,0.0,0.0,0.0,0.0,0.0,0.0,0.0,0.0,0.0,0.0,0.0,0.0,0.0,0.0,0.0,0.0,0.0
"98,168",2509.022737741872,0.0,0.0,0.0,0.0,0.0,0.0,0.0,0.0,0.0,0.0,16409.176129179374,11479.167918634414,738.6718014801249,161.9922308921814,93.9558253288269,35.63845610618591,17102.31332857749,11787.648945400762,819.6666559303508,187.91071844100952,110.15469479560852,25.918818950653076,19531.279621837653,12744.56262583078,842.3451091373668,191.15045547485352,97.19507694244385,19.43911075592041,21393.64061533236,13576.44936992608,907.1427163208232,213.82917284965515,110.15418839454651,16.19925832748413,23138.6827454595,14305.3863697239,997.8587392891154,226.7885241508484,116.63385605812073,16.19925832748413,0.0,0.0,0.0,0.0,0.0,0.0,0.0,0.0,0.0,0.0,0.0,0.0,0.0,0.0,0.0,0.0,0.0,0.0,0.0,0.0,0.0,0.0,0.0,0.0,0.0,0.0,0.0,0.0,0.0,0.0
"99,168",2509.1775878088497,0.0,0.0,0.0,0.0,0.0,0.0,0.0,0.0,0.0,0.0,43435.23010474467,32706.661095510743,1590.069807363959,113.39815831184387,48.59926509857178,12.959917068481445,45756.20844713099,34876.30263544905,1827.8567718599356,113.39806056022644,51.83932089805603,12.959917068481445,48747.6250984594,37492.0111181736,2008.570843848995,110.15813660621643,51.8393497467041,12.959917068481445,51536.43740337316,39899.97146290611,2139.3759191765503,119.87799763679504,58.319212436676025,12.959917068481445,54134.87544094348,42534.632078191345,2309.479617794822,116.63811826705933,61.55916714668274,12.959917068481445,0.0,0.0,0.0,0.0,0.0,0.0,0.0,0.0,0.0,0.0,0.0,0.0,0.0,0.0,0.0,0.0,0.0,0.0,0.0,0.0,0.0,0.0,0.0,0.0,0.0,0.0,0.0,0.0,0.0,0.0
"100,168",2509.177587808847,0.0,0.0,0.0,0.0,0.0,0.0,0.0,0.0,0.0,0.0,33528.1370933299,31726.959390473832,1156.9465654176825,200.0510983280107,161.5523515776092,29.159571647644043,35374.9241654957,33329.31515526398,1271.0700905603521,209.7710326652901,140.9058533416075,29.159571647644043,37329.21410016359,35380.88330664729,1371.4077799413717,225.97095951847004,134.4259846911711,29.159571647644043,38988.81609601507,36959.90728650561,1427.694181760152,262.8175420106626,138.87294775364444,25.9195773601532,40631.849168781206,38508.409099207674,1636.2587252224193,300.87082084954955,158.31267744419623,32.399460315704346,0.0,0.0,0.0,0.0,0.0,0.0,0.0,0.0,0.0,0.0,0.0,0.0,0.0,0.0,0.0,0.0,0.0,0.0,0.0,0.0,0.0,0.0,0.0,0.0,0.0,0.0,0.0,0.0,0.0,0.0
"101,168",2509.022737741871,0.0,0.0,0.0,0.0,0.0,0.0,0.0,0.0,0.0,0.0,19922.01257342824,5759.307399251414,260.797288868474,6.479709148406982,16.199201345443726,0.0,20635.324757825623,6234.455755684422,289.95519635443594,6.479709148406982,9.719568967819214,0.0,21951.509353313257,6797.598736000061,296.4342429376116,6.479709148406982,9.719568967819214,0.0,23464.49106692146,7392.277885393067,302.9136709905138,9.719400405883789,12.959361791610718,0.0,24401.872487998477,7751.892846944285,315.87293216948416,19.438812971115112,16.19921898841858,0.0,0.0,0.0,0.0,0.0,0.0,0.0,0.0,0.0,0.0,0.0,0.0,0.0,0.0,0.0,0.0,0.0,0.0,0.0,0.0,0.0,0.0,0.0,0.0,0.0,0.0,0.0,0.0,0.0,0.0,0.0
"102,168",2508.713092959453,0.0,0.0,0.0,0.0,0.0,0.0,0.0,0.0,0.0,0.0,37364.52756709772,28063.26386656107,5466.276594368617,1999.3763328187606,1750.3335732974258,172.88918018341064,38478.62370082818,29214.153986319376,5791.716773886774,2186.023593121884,1808.6398865737167,182.6065332889557,40684.301807730815,31343.60411246992,6580.311408015794,2484.0399121583678,2005.0293087286109,207.31405687332153,42786.011140340925,33214.51323300436,7356.854356861115,2794.1869536848626,2227.7159555968115,217.03219747543335,44123.44291780509,34448.27569869453,7990.777808815825,3041.579920030108,2486.034869145412,236.46809577941895,0.0,0.0,0.0,0.0,0.0,0.0,0.0,0.0,0.0,0.0,0.0,0.0,0.0,0.0,0.0,0.0,0.0,0.0,0.0,0.0,0.0,0.0,0.0,0.0,0.0,0.0,0.0,0.0,0.0,0.0
"103,168",2508.2487641188977,0.0,0.0,0.0,0.0,0.0,0.0,0.0,0.0,0.0,0.0,77486.60920391176,23805.97484547952,2138.4462420070868,585.4263961726544,404.03750270955703,77.73642706871033,81290.24208882463,25463.246900513594,2359.1819003189303,643.7231109553693,420.2305271064534,74.49739503860474,85866.95906481743,28025.17629524306,2788.88507399559,731.1741006785749,439.6629390155568,71.25836944580078,89089.73840948833,30158.473411217863,3184.875113609725,842.499976605995,485.0084380542531,71.25807213783264,91767.5029505608,31834.93316516222,3546.9022053774665,925.0846459631827,523.8735587035908,71.25807213783264,0.0,0.0,0.0,0.0,0.0,0.0,0.0,0.0,0.0,0.0,0.0,0.0,0.0,0.0,0.0,0.0,0.0,0.0,0.0,0.0,0.0,0.0,0.0,0.0,0.0,0.0,0.0,0.0,0.0,0.0
"104,168",2507.6299170916827,0.0,0.0,0.0,0.0,0.0,0.0,0.0,0.0,0.0,0.0,32241.916796373855,3997.85251788906,558.3994805392097,273.98806550549523,123.05456399917603,16.18769097328186,35145.27254674856,4261.754053720773,606.9736082133124,296.65593430481704,136.0079460144043,16.18769097328186,37674.3441349656,4434.925376829447,639.355959850199,316.0845508285597,136.0079460144043,16.18769097328186,38528.414813687756,4579.8137683709465,655.5468601759742,299.8929562278822,136.00707721710205,16.18769097328186,39629.87500416063,4702.031399070515,655.5468511160682,286.9396524139479,126.29197430610657,16.18769097328186,0.0,0.0,0.0,0.0,0.0,0.0,0.0,0.0,0.0,0.0,0.0,0.0,0.0,0.0,0.0,0.0,0.0,0.0,0.0,0.0,0.0,0.0,0.0,0.0,0.0,0.0,0.0,0.0,0.0,0.0
"105,168",2506.856772827392,0.0,0.0,0.0,0.0,0.0,0.0,0.0,0.0,0.0,0.0,31483.845176677143,1284.161215869118,213.6529245376587,90.64141511917114,132.7220323085785,187.75819087028503,33217.53526320177,1365.0930698787463,213.6533806324005,90.64174032211304,135.95915055274963,187.75819087028503,34642.08105870134,1507.540458050896,226.60238647460938,90.64213490486145,142.43391060829163,178.0471465587616,36506.545659537405,1737.392109481026,226.6025800704956,87.40374565124512,145.67168641090393,184.52192974090576,37775.91554981493,2096.738453236748,281.63854122161865,119.77715706825256,145.67216897010803,181.2844455242157,0.0,0.0,0.0,0.0,0.0,0.0,0.0,0.0,0.0,0.0,0.0,0.0,0.0,0.0,0.0,0.0,0.0,0.0,0.0,0.0,0.0,0.0,0.0,0.0,0.0,0.0,0.0,0.0,0.0,0.0
"106,168",2467.938764310526,0.0,0.0,0.0,0.0,0.0,0.0,0.0,0.0,0.0,0.0,70281.88093754357,6608.510213966931,653.667799949646,200.6352767944336,239.47097897529602,45.30526041984558,73058.59657972935,6790.664263125027,676.3180587291718,200.6353735923767,239.47158885002136,51.77786612510681,75145.35054123917,6914.826502335306,650.4301755428314,174.74718737602234,223.29132604599,45.30597710609436,75933.12967916657,6976.061313445896,660.138757944107,177.98348140716553,223.29132604599,45.30597710609436,75895.18098025324,7014.885047490925,653.6666104793549,177.98348140716553,220.05502319335938,45.30597710609436,0.0,0.0,0.0,0.0,0.0,0.0,0.0,0.0,0.0,0.0,0.0,0.0,0.0,0.0,0.0,0.0,0.0,0.0,0.0,0.0,0.0,0.0,0.0,0.0,0.0,0.0,0.0,0.0,0.0,0.0
"107,168",2504.8487506335464,0.0,0.0,0.0,0.0,0.0,0.0,0.0,0.0,0.0,0.0,147250.0975342096,24131.076531042774,1289.5774865692738,145.53357219696045,106.72286081314087,29.107930898666382,152243.39150793973,24610.902022242077,1312.2161310261372,139.06629753112793,93.78731656074524,32.3416109085083,154714.07339742885,24960.1880495782,1331.6192236488941,142.3002097606659,97.02101945877075,25.873297691345215,155521.5026754585,25042.246126932256,1338.0837171620014,145.53412199020386,97.02101945877075,22.639657735824585,155750.49452957173,25166.748187986075,1344.5524166172627,145.53305411338806,97.02111077308655,22.639657735824585,0.0,0.0,0.0,0.0,0.0,0.0,0.0,0.0,0.0,0.0,0.0,0.0,0.0,0.0,0.0,0.0,0.0,0.0,0.0,0.0,0.0,0.0,0.0,0.0,0.0,0.0,0.0,0.0,0.0,0.0
"108,168",2503.6145881253456,0.0,0.0,0.0,0.0,0.0,0.0,0.0,0.0,0.0,0.0,58088.93801196136,48321.372399809785,8396.751416030585,1527.2625641037437,1126.0847167688257,643.2333297729492,59807.00444894024,50467.86861522432,8743.34816390019,1584.2455481557286,1168.1102432924158,640.0011260509491,61793.53942007365,52258.80862944267,8995.907798510907,1591.9152847935172,1181.0431778150446,633.5362539291382,63790.165932005526,53683.329746898016,9184.109854859931,1585.450086038253,1199.2350351810455,617.3770787715912,66370.04545934807,55581.88774650237,9468.565457505805,1638.3751128991444,1208.9293718338013,630.3076701164246,0.0,0.0,0.0,0.0,0.0,0.0,0.0,0.0,0.0,0.0,0.0,0.0,0.0,0.0,0.0,0.0,0.0,0.0,0.0,0.0,0.0,0.0,0.0,0.0,0.0,0.0,0.0,0.0,0.0,0.0
"109,168",2502.22755863352,0.0,0.0,0.0,0.0,0.0,0.0,0.0,0.0,0.0,0.0,58928.11520195007,67226.73311857616,13331.183636675627,1901.6545628033432,1259.6333212048398,704.0954184784608,59646.191154390224,68605.7264689324,13682.623643414177,2003.0189063764085,1308.0983673394894,700.864998365851,60553.92824035905,69689.53672425137,14123.749491710289,2067.6366813397876,1314.561568623898,678.2529020561891,61148.93449866631,70376.46577388444,14415.430249006607,2072.307937528573,1314.5611344636654,684.7131312145906,61437.70941523571,70749.83620794427,14586.679968626358,2085.2264577407464,1331.917264469932,671.7912643208223,0.0,0.0,0.0,0.0,0.0,0.0,0.0,0.0,0.0,0.0,0.0,0.0,0.0,0.0,0.0,0.0,0.0,0.0,0.0,0.0,0.0,0.0,0.0,0.0,0.0,0.0,0.0,0.0,0.0,0.0
"110,168",2500.688154865023,0.0,6.457671880722046,12.914807081222534,3.2290472984313965,3.2286922931671143,0.0,6.457671880722046,12.914807081222534,3.2290472984313965,3.2286922931671143,56223.63729514982,55948.33736064293,20617.78963730102,6576.721113251705,5826.5118499503415,3483.511601779975,55038.73964409548,56409.07903040904,20830.26031840175,6660.271794920342,5823.278518031625,3489.9660185318367,54961.071649994585,56534.29991237977,20882.68648637136,6738.804072653078,5831.74826891282,3458.7337367572036,55212.25696128584,56891.31253188732,21149.67848408643,6895.0075266604335,5876.949152301339,3482.397455446393,55493.149741627196,57185.13828859423,21239.919185352326,7030.609696174136,5978.083136062061,3432.748528557198,0.0,0.0,0.0,0.0,0.0,0.0,3.2287073135375977,3.2289645671844482,0.0,0.0,0.0,0.0,12.914807081222534,0.0,0.0,0.0,0.0,0.0,3.2290472984313965,0.0,0.0,0.0,0.0,0.0,3.2286922931671143,0.0,0.0,0.0,0.0,0.0
"111,168",2498.9969228403847,0.0,0.0,0.0,0.0,0.0,0.0,0.0,0.0,0.0,0.0,27999.856841600646,25131.759919934182,9853.927048936544,4793.3084482295835,5601.901417038487,3477.2473998686846,24625.20513447687,25168.87210518613,9928.844877583371,4951.75314501968,5830.986642394347,3496.6048007628497,24118.777510676668,25314.713431564036,10084.50812680207,5086.893093398972,6020.647074668547,3560.0562496007656,24500.98370877902,26047.287226797554,10585.9513786372,5327.434674719268,6385.2055682481505,3702.536826839634,24872.49538937924,26656.348904861192,11036.5556438792,5603.940679640864,6719.245834019604,3801.2848588345096,0.0,0.0,0.0,0.0,0.0,0.0,0.0,0.0,0.0,0.0,0.0,0.0,0.0,0.0,0.0,0.0,0.0,0.0,0.0,0.0,0.0,0.0,0.0,0.0,0.0,0.0,0.0,0.0,0.0,0.0
"112,168",2497.154461448413,0.0,0.0,0.0,0.0,0.0,0.0,0.0,0.0,0.0,0.0,9949.660601262487,9571.744462377885,3473.8569385061073,1355.5948885085536,1715.168269294851,1364.5778571343888,7198.6412310254345,10446.309052415923,3776.518140202877,1487.434940511105,1809.8893647352852,1400.0518347001541,6774.915813415191,10891.202675419228,3937.7236620248527,1523.4019512877744,1868.6372276156555,1387.1530057168472,7162.303095564188,11473.995261464403,4104.60953282936,1561.240015740488,1899.2845628626205,1411.3469172748864,7765.616645314647,12339.28020875127,4336.05079816089,1627.8946516429676,2024.6461529208163,1472.258284778221,0.0,0.0,0.0,0.0,0.0,0.0,0.0,0.0,0.0,0.0,0.0,0.0,0.0,0.0,0.0,0.0,0.0,0.0,0.0,0.0,0.0,0.0,0.0,0.0,0.0,0.0,0.0,0.0,0.0,0.0
"113,168",2495.0275396564944,0.0,0.0,0.0,0.0,0.0,0.0,0.0,0.0,0.0,0.0,4334.207658603145,6551.125544721006,1946.4308493408503,636.4424557685852,685.9050245472029,341.5628545284271,4740.954861385682,7342.946392428641,2111.1281975849,676.3008302941042,692.362036485298,358.88180444754806,5124.055694642722,8033.692590601304,2201.7665054199742,732.2868611298355,753.5961432643966,342.77866447673125,5336.506423154532,8313.607793318057,2291.1424543390085,758.0723852597031,747.1491298862533,350.4226111056758,5513.343902747772,8635.94303520988,2454.9819138816756,820.4885497420443,770.7686410137252,398.7537556769801,0.0,0.0,0.0,0.0,0.0,0.0,0.0,0.0,0.0,0.0,0.0,0.0,0.0,0.0,0.0,0.0,0.0,0.0,0.0,0.0,0.0,0.0,0.0,0.0,0.0,0.0,0.0,0.0,0.0,0.0
"114,168",2493.009241858432,0.0,0.0,0.0,0.0,0.0,0.0,0.0,0.0,0.0,0.0,24639.414861386427,9999.53731749011,2920.5003973194193,904.968758242738,714.7021383350971,1083.7458576146294,24867.746098538937,10034.94228070764,2894.7482374855113,935.9658786839129,692.1603080338123,1051.5506683770348,25544.47872228436,10491.482480573653,2994.548696632011,971.3879978245379,708.2584780758502,1035.4596036854912,25908.833175253403,10971.025340204613,3168.40907179795,1020.8792186166725,762.9971636837604,1025.8059026185203,28065.965870418735,11760.919894635445,3525.76329552613,1159.3308055784187,871.3633985164118,1055.9839482279385,0.0,0.0,0.0,0.0,0.0,0.0,0.0,0.0,0.0,0.0,0.0,0.0,0.0,0.0,0.0,0.0,0.0,0.0,0.0,0.0,0.0,0.0,0.0,0.0,0.0,0.0,0.0,0.0,0.0,0.0
"115,168",2490.717267256375,0.0,0.0,0.0,0.0,0.0,0.0,0.0,0.0,0.0,0.0,129308.63986650074,19342.096444776944,944.4025437944076,255.66939270636612,308.760332365597,378.09181409910616,132110.61054004595,19714.477441757797,957.268301522498,255.66939246794755,303.929479006225,371.65861064032015,134410.61935051752,19991.006527871712,989.4387991783665,262.1033257260042,320.0127674373926,365.2270331962436,138033.90109953133,20274.101281712105,1026.421586964177,265.3196948780733,310.3608707222284,368.44285517767366,138472.8988243421,20359.89858395726,1032.8596193528642,268.53681814810807,307.1438983711542,368.44285517767366,0.0,0.0,0.0,0.0,0.0,0.0,0.0,0.0,0.0,0.0,0.0,0.0,0.0,0.0,0.0,0.0,0.0,0.0,0.0,0.0,0.0,0.0,0.0,0.0,0.0,0.0,0.0,0.0,0.0,0.0
"116,168",2172.674624223571,0.0,0.0,0.0,0.0,0.0,0.0,0.0,0.0,0.0,0.0,29521.470460600955,31715.5859526335,19856.506484904006,10644.094771098156,10716.47035924126,4215.877015843111,29546.190958283936,31758.09158507048,19842.464571913548,10628.030225228329,10726.115792428745,4238.373107924181,29534.416815396857,31618.93467771119,19707.514915314838,10573.3945147505,10671.495695983662,4212.667775406557,29653.352084912513,31747.36738222907,19823.985345564633,10675.412326371437,10845.04271069695,4251.241038336473,29825.530477720156,31802.013476789693,19895.488095021712,10665.779753005272,10864.325660144581,4273.739150299745,0.0,0.0,0.0,0.0,0.0,0.0,0.0,0.0,0.0,0.0,0.0,0.0,0.0,0.0,0.0,0.0,0.0,0.0,0.0,0.0,0.0,0.0,0.0,0.0,0.0,0.0,0.0,0.0,0.0,0.0
"117,168",150.8958275881362,0.0,0.0,0.0,0.0,0.0,0.0,0.0,0.0,0.0,0.0,28.8941650390625,16.052448511123657,9.631449460983276,3.210426092147827,3.210426092147827,0.0,22.473215103149414,12.841973543167114,9.631449460983276,3.210426092147827,3.210426092147827,0.0,19.262776851654053,16.052692651748657,3.2105116844177246,3.210426092147827,0.0,0.0,19.262715578079224,16.052875757217407,6.420937776565552,3.210426092147827,0.0,0.0,25.684080123901367,24.866415051852954,16.05302143096924,3.210426092147827,0.0,0.0,0.0,0.0,0.0,0.0,0.0,0.0,0.0,0.0,0.0,0.0,0.0,0.0,0.0,0.0,0.0,0.0,0.0,0.0,0.0,0.0,0.0,0.0,0.0,0.0,0.0,0.0,0.0,0.0,0.0,0.0
"85,169",543.1682882733619,0.0,0.0,0.0,0.0,0.0,0.0,0.0,0.0,0.0,0.0,6671.301678806192,421.1103731688331,202.14421692455517,41.130902200586654,0.0,0.0,7499.681559859069,475.49123917467455,208.5848483141731,41.130902200586654,0.0,0.0,7657.477741537843,504.4734650696025,227.90684357250439,41.130902200586654,0.0,0.0,7660.696245489869,523.7965298736797,227.90684357250439,44.35096207226024,0.0,0.0,7692.897307215486,568.8823259914623,295.1684838650273,44.35096207226024,0.0,0.0,0.0,0.0,0.0,0.0,0.0,0.0,0.0,0.0,0.0,0.0,0.0,0.0,0.0,0.0,0.0,0.0,0.0,0.0,0.0,0.0,0.0,0.0,0.0,0.0,0.0,0.0,0.0,0.0,0.0,0.0
"86,169",2463.631885359388,0.0,0.0,0.0,0.0,0.0,0.0,0.0,0.0,0.0,0.0,23497.621798794877,6379.002497953527,1514.9506296672073,523.3240210327447,388.3405956006518,128.63570614141577,27296.26113221318,6700.408126759062,1580.455028887356,545.070608587826,429.97062532294035,122.18992824834936,28017.52286538611,6927.014883525699,1608.3828808821884,560.1113212622847,450.38194569138926,125.41228814405554,28182.55179138932,6949.543667085498,1647.0473189709232,569.7789731539931,467.5706269759758,112.52210421842688,28093.125332779047,6906.862656292261,1669.9721429880926,578.3709801552343,464.0823545427884,112.52210421842688,0.0,0.0,0.0,0.0,0.0,0.0,0.0,0.0,0.0,0.0,0.0,0.0,0.0,0.0,0.0,0.0,0.0,0.0,0.0,0.0,0.0,0.0,0.0,0.0,0.0,0.0,0.0,0.0,0.0,0.0
"87,169",2497.276773819677,0.0,0.0,0.0,0.0,0.0,0.0,0.0,0.0,0.0,0.0,11159.157608579186,10053.215198442982,4788.773861453112,1606.3364447285148,913.8490399061466,107.45034663256477,12112.0932154964,11462.251944368958,5811.171163447698,2105.9443517993477,1127.661605316985,126.79092208918404,12623.305078762653,12466.965414121101,6473.905803408342,2384.2485418039214,1299.0340255335266,162.25662581499884,13002.080386595633,13422.810324836244,7092.0686365754,2719.528126211728,1531.654143145505,229.95743742363126,13646.103640766705,14466.52859359629,7814.20206657952,3068.761212166618,1779.3210009733837,249.29940071479948,0.0,0.0,0.0,0.0,0.0,0.0,0.0,0.0,0.0,0.0,0.0,0.0,0.0,0.0,0.0,0.0,0.0,0.0,0.0,0.0,0.0,0.0,0.0,0.0,0.0,0.0,0.0,0.0,0.0,0.0
"88,169",2499.1195631382416,0.0,0.0,0.0,0.0,0.0,0.0,0.0,0.0,0.0,0.0,67604.9871579273,2536.781048346501,328.25931076349,103.25919032096863,35.49584436416626,12.907267570495605,74487.73163958997,3257.075982097551,483.1333740168927,122.6171658039093,67.76280617713928,16.134092807769775,79018.0149499192,3952.2669717405356,602.5123119765636,161.3363492488861,80.66983485221863,32.26803708076477,80830.5185608733,4662.935257853713,840.2505222816093,190.37517666816711,100.0301251411438,35.494829177856445,85513.59485835282,5650.779642121933,1001.4237906184852,238.77342581748962,119.39146733283997,45.17519736289978,0.0,0.0,0.0,0.0,0.0,0.0,0.0,0.0,0.0,0.0,0.0,0.0,0.0,0.0,0.0,0.0,0.0,0.0,0.0,0.0,0.0,0.0,0.0,0.0,0.0,0.0,0.0,0.0,0.0,0.0
"89,169",2500.8111017190313,0.0,0.0,6.456744909286499,0.0,0.0,0.0,0.0,6.456744909286499,0.0,0.0,103694.29105063141,4585.219862949148,585.3173964659373,87.17686939239502,3.228710174560547,0.0,109416.99260281582,5144.632577209848,733.8248971144359,96.86318230628967,9.68629765510559,0.0,117912.97930981878,5745.327326266906,811.3144360224406,103.31976890563965,12.915060997009277,0.0,122922.27617328307,6487.087300480114,880.171547611087,119.46222686767578,19.372511863708496,0.0,128953.75681299789,7470.4908281840535,1001.4084423083885,138.8338165283203,22.601161003112793,0.0,0.0,0.0,0.0,0.0,0.0,0.0,0.0,0.0,0.0,0.0,0.0,0.0,0.0,3.2283878326416016,3.2283570766448975,0.0,0.0,0.0,0.0,0.0,0.0,0.0,0.0,0.0,0.0,0.0,0.0,0.0,0.0,0.0
"90,169",2502.350789157469,0.0,0.0,0.0,0.0,0.0,0.0,0.0,0.0,0.0,0.0,38760.27947976075,1481.22473952256,293.9799520969391,109.83972406387329,35.53696870803833,0.0,39156.00776054438,1529.6821212478712,303.6708106994629,113.0704116821289,35.53696870803833,0.0,40033.8559934401,1581.3631829925612,335.9721965789795,116.30047273635864,35.53696870803833,0.0,40618.54499333139,1607.2074460693434,342.43327283859253,119.53115344047546,35.53696870803833,0.0,40937.56093309721,1671.8200039573744,345.6649878025055,116.3005838394165,25.845322847366333,0.0,0.0,0.0,0.0,0.0,0.0,0.0,0.0,0.0,0.0,0.0,0.0,0.0,0.0,0.0,0.0,0.0,0.0,0.0,0.0,0.0,0.0,0.0,0.0,0.0,0.0,0.0,0.0,0.0,0.0,0.0
"91,169",2503.7380780370886,3.233299732208252,3.2328760623931885,0.0,0.0,0.0,3.233299732208252,3.2328760623931885,0.0,0.0,0.0,101655.49476177647,9389.727249505473,685.5618419357374,64.66229438781738,9.699658155441284,0.0,102930.45560984612,9777.723854901744,680.5406326060202,61.429088830947876,9.699658155441284,0.0,105568.65496776713,10356.472425343944,690.2406708006765,61.429088830947876,9.699658155441284,0.0,106515.15915012363,10448.60044576514,680.5416456465628,58.195871353149414,3.233217477798462,0.0,106880.52316884996,10547.202608201083,693.4613092889973,58.195871353149414,3.233217477798462,0.0,3.233299732208252,0.0,0.0,0.0,0.0,0.0,3.2328760623931885,0.0,0.0,0.0,0.0,0.0,0.0,0.0,0.0,0.0,0.0,0.0,0.0,0.0,0.0,0.0,0.0,0.0,0.0,0.0,0.0,0.0,0.0,0.0
"92,169",2504.972474381384,0.0,0.0,0.0,0.0,0.0,0.0,0.0,0.0,0.0,0.0,118972.68511393023,7461.27824567533,515.6501585296556,36.64107885080225,9.703574180603027,0.0,120158.21703780867,7693.336562008952,523.9230971336365,36.64219584184534,9.703574180603027,0.0,124273.74220395277,8515.660377264958,556.2648189067841,49.580435893114874,16.173239946365356,0.0,127041.6206685833,8822.922186614018,553.0330259799957,46.34673680978663,16.173239946365356,0.0,128135.83677809568,9065.176394054,569.2033751010895,49.58456291871912,12.938414812088013,0.0,0.0,0.0,0.0,0.0,0.0,0.0,0.0,0.0,0.0,0.0,0.0,0.0,0.0,0.0,0.0,0.0,0.0,0.0,0.0,0.0,0.0,0.0,0.0,0.0,0.0,0.0,0.0,0.0,0.0,0.0
"93,169",2506.0535380627484,0.0,0.0,0.0,0.0,0.0,0.0,0.0,0.0,0.0,0.0,80340.09009746103,13102.778008805068,1202.1363269329072,141.30297152201334,16.180243968963623,0.0,81136.15037669949,13345.477056608946,1231.2565452098847,141.30356685320535,16.180243968963623,0.0,84190.73791260626,14578.729320405511,1433.5088150230108,196.31396190325418,16.180243968963623,0.0,86193.57891492097,15543.315822428349,1634.4976092076768,244.85455266634622,19.416290521621704,0.0,88022.32794735103,16416.83816364513,1838.3652461266988,264.27025858561194,19.416290521621704,0.0,0.0,0.0,0.0,0.0,0.0,0.0,0.0,0.0,0.0,0.0,0.0,0.0,0.0,0.0,0.0,0.0,0.0,0.0,0.0,0.0,0.0,0.0,0.0,0.0,0.0,0.0,0.0,0.0,0.0,0.0
"94,169",2506.980883166469,0.0,0.0,0.0,0.0,32.370012044906616,0.0,0.0,0.0,0.0,32.370012044906616,36968.956054590264,18065.167051567747,1768.4035790032033,152.14611768722534,12.948925971984863,0.0,37229.328277079265,18165.85225926661,1758.6909058159474,155.38316774368286,12.94852066040039,0.0,37599.275739118166,18359.005037131963,1807.2438321179036,145.67189407348633,9.711661338806152,0.0,38007.73880310058,18659.28783811401,1860.2860496717342,145.67189407348633,9.711661338806152,0.0,38353.33477888201,19087.0684739197,1915.311371870602,152.14501428604126,9.711661338806152,0.0,0.0,0.0,0.0,0.0,0.0,0.0,0.0,0.0,0.0,0.0,0.0,0.0,0.0,0.0,0.0,0.0,0.0,0.0,0.0,0.0,0.0,0.0,0.0,0.0,9.710925340652466,22.65908670425415,0.0,0.0,0.0,0.0
"95,169",2507.7541783111087,0.0,0.0,0.0,0.0,0.0,0.0,0.0,0.0,0.0,0.0,83027.1790733992,25787.726841035546,1978.1931304679197,199.14017166156395,61.52288103103638,6.476253032684326,85479.20758848563,26401.542238601985,2081.8117172465604,221.80641807574852,67.99897575378418,6.476253032684326,88957.71001078005,27532.32526341513,2244.5273453301074,221.80607403773888,67.99870109558105,3.238100051879883,92174.68477945232,28816.937606201922,2396.71399083792,247.71140135783776,64.76070284843445,3.238100051879883,94872.36153769493,29879.14953245649,2552.6710631024603,257.42603649158104,64.76070284843445,3.238100051879883,0.0,0.0,0.0,0.0,0.0,0.0,0.0,0.0,0.0,0.0,0.0,0.0,0.0,0.0,0.0,0.0,0.0,0.0,0.0,0.0,0.0,0.0,0.0,0.0,0.0,0.0,0.0,0.0,0.0,0.0
"96,169",2508.3731469235186,0.0,0.0,0.0,0.0,0.0,0.0,0.0,0.0,0.0,0.0,74715.6899279987,7471.740252570544,748.4004755796171,89.05993760987823,32.38700008392334,0.0,80662.2149209125,8363.476041238448,816.4137917340971,84.20830154418945,25.909672498703003,0.0,91016.99056482501,9558.194534029677,1001.0240526975371,106.87914896011353,25.909672498703003,0.0,95911.1751075894,10154.627374238593,1035.0498058384542,113.35640239715576,22.670934677124023,0.0,101007.53987549426,10892.784553827958,1124.3724343047422,106.87870264053345,25.909672498703003,0.0,0.0,0.0,0.0,0.0,0.0,0.0,0.0,0.0,0.0,0.0,0.0,0.0,0.0,0.0,0.0,0.0,0.0,0.0,0.0,0.0,0.0,0.0,0.0,0.0,0.0,0.0,0.0,0.0,0.0,0.0
"97,169",2508.837567468374,0.0,0.0,0.0,0.0,0.0,0.0,0.0,0.0,0.0,0.0,39872.85302498667,12480.726458373723,1690.6448443188385,431.5474055206074,247.00447687915727,45.353251934051514,42037.649365441,13365.076064439847,1800.7858002438263,457.46287993543285,272.92037734798356,55.07191562652588,45862.75357532033,14883.891423219793,2001.6305284752564,509.29355815999645,298.8369205932991,68.0299129486084,47330.17985009679,15379.523475164526,2040.5051806225495,534.4853700329276,308.55609354785844,68.03011894226074,48262.14751797937,15628.952249137092,2040.5062001003937,524.7673774887534,299.65122627837985,74.50926613807678,0.0,0.0,0.0,0.0,0.0,0.0,0.0,0.0,0.0,0.0,0.0,0.0,0.0,0.0,0.0,0.0,0.0,0.0,0.0,0.0,0.0,0.0,0.0,0.0,0.0,0.0,0.0,0.0,0.0,0.0
"98,169",2509.1472736329747,0.0,0.0,0.0,0.0,0.0,0.0,0.0,0.0,0.0,0.0,24334.894393117753,12197.225417725245,2245.1590124691234,342.69322497984945,158.74764204025269,48.59468603134155,26309.571897181344,12602.184076413922,2335.873936327766,349.172996117087,152.2683002948761,51.83433198928833,29824.925871775198,12955.307839431014,2377.9936403358683,355.65317423483907,145.78924942016602,51.83433198928833,30816.29824081683,13003.915055202035,2335.8769046390757,346.65823912620544,142.5497007369995,38.87582540512085,31694.455262518866,13717.478608554951,2390.95281067736,343.418603181839,145.7894802093506,35.636188983917236,0.0,0.0,0.0,0.0,0.0,0.0,0.0,0.0,0.0,0.0,0.0,0.0,0.0,0.0,0.0,0.0,0.0,0.0,0.0,0.0,0.0,0.0,0.0,0.0,0.0,0.0,0.0,0.0,0.0,0.0
"99,169",2509.3021544648336,0.0,0.0,0.0,0.0,0.0,0.0,0.0,0.0,0.0,0.0,16638.181099405476,16964.873270684595,2624.4543099394027,562.1428093517527,405.811889071558,170.27127504348755,18776.53489540231,17886.739705595315,2708.7700971107856,594.5429637039408,444.6918326807957,172.78703618049622,19852.9376190812,18709.68521697007,2789.770923231162,604.2632548416361,457.6518475008946,172.78703141212463,21826.965697483927,19687.35819101521,2912.890695665397,645.6586036289439,473.85186495313457,163.06707406044006,22367.473407286292,19889.038657484805,2917.7575564197464,642.4188034141764,499.77178349027446,166.30705094337463,0.0,0.0,0.0,0.0,0.0,0.0,0.0,0.0,0.0,0.0,0.0,0.0,0.0,0.0,0.0,0.0,0.0,0.0,0.0,0.0,0.0,0.0,0.0,0.0,0.0,0.0,0.0,0.0,0.0,0.0
"100,169",2509.3021544648304,0.0,0.0,0.0,0.0,0.0,0.0,0.0,0.0,0.0,0.0,26059.25120398484,13087.88296198845,1873.468393236983,641.512669801712,756.7047531043781,521.6377486621632,27849.881077791662,13593.328129094258,1939.8046825362185,690.1118791103363,766.4245824252857,533.5303871631622,31147.73565053098,14828.620177037108,2079.122808737848,725.7513897418976,766.4246642028584,549.7302522659302,33137.82615497532,15734.220191772312,2205.481858534906,739.4354918003082,797.376056320527,572.4100215435028,35187.71561482186,16804.920710198086,2235.4549133123132,729.715678691864,823.2954975436716,578.8898930549622,0.0,0.0,0.0,0.0,0.0,0.0,0.0,0.0,0.0,0.0,0.0,0.0,0.0,0.0,0.0,0.0,0.0,0.0,0.0,0.0,0.0,0.0,0.0,0.0,0.0,0.0,0.0,0.0,0.0,0.0
"101,169",2509.1472736329347,0.0,0.0,0.0,0.0,0.0,0.0,0.0,0.0,0.0,0.0,39799.60573094685,24569.82900132385,2336.242541107477,404.42685247870054,176.38571418500413,11.1550701973485,41512.896463372665,25774.36268436301,2480.67032957451,423.86476422758665,173.14557088590135,9.719159603118896,43835.936287418066,27311.195305824283,2607.0205736197677,449.78286625357237,189.3443282959508,9.719159603118896,46170.79246545493,28688.42567987816,2780.048372248107,478.9403755805072,213.4583814377878,9.719159603118896,47585.12239993881,29774.640195086424,2958.2355377468407,491.89923144789304,232.89655973864535,6.479308366775513,0.0,0.0,0.0,0.0,0.0,0.0,0.0,0.0,0.0,0.0,0.0,0.0,0.0,0.0,0.0,0.0,0.0,0.0,0.0,0.0,0.0,0.0,0.0,0.0,0.0,0.0,0.0,0.0,0.0,0.0
"102,169",2508.8375674684476,0.0,0.0,0.0,0.0,0.0,0.0,0.0,0.0,0.0,0.0,47470.88024726008,39265.62980021028,4676.031457320381,1008.3279675446305,422.7259578592637,35.63181948661804,49709.13354395699,41505.7193596522,5106.592268469753,1107.133702026629,445.40076874564676,45.34960055351257,52035.9463984396,44399.04619653365,5894.1001894371175,1275.5776865351434,578.2126853353836,61.54593801498413,54342.836167849746,46821.86932732545,6534.93493138949,1427.8241236078973,717.5024778730728,93.93909549713135,54909.435801252665,48063.78667450512,6870.195090289209,1541.2003967631097,762.852655876384,106.89635038375854,0.0,0.0,0.0,0.0,0.0,0.0,0.0,0.0,0.0,0.0,0.0,0.0,0.0,0.0,0.0,0.0,0.0,0.0,0.0,0.0,0.0,0.0,0.0,0.0,0.0,0.0,0.0,0.0,0.0,0.0
"103,169",2508.373146923564,0.0,0.0,0.0,0.0,0.0,0.0,0.0,0.0,0.0,0.0,85350.63662111523,50979.08067339167,5951.151185711692,1465.7882748304628,531.1467788219452,42.10522389411926,88229.34445343952,52290.90010034897,6212.677040018754,1533.4430105817082,592.683783531189,45.34418511390686,90714.84300579838,53793.353304513286,6622.57854105351,1653.2760245930913,647.7453820705414,38.866493701934814,92607.45181998647,55404.46477467218,7149.6835929141325,1776.3530571591618,706.0462763309479,25.911175966262817,93525.73779559978,56193.08741101283,7356.960271237878,1884.8471179195476,741.321001477335,35.62809896469116,0.0,0.0,0.0,0.0,0.0,0.0,0.0,0.0,0.0,0.0,0.0,0.0,0.0,0.0,0.0,0.0,0.0,0.0,0.0,0.0,0.0,0.0,0.0,0.0,0.0,0.0,0.0,0.0,0.0,0.0
"104,169",2507.7541783111005,0.0,0.0,0.0,0.0,0.0,0.0,0.0,0.0,0.0,0.0,63567.66359134936,19232.955737361717,1952.804271994385,657.50525784025,518.094099521637,262.27319717407227,65341.41658781557,19787.03671191066,2027.2852233035892,657.863562816732,518.0943956375122,255.7974693775177,66565.99195521393,20396.633182951984,2112.545354342928,690.2455077115227,550.475857257843,255.79750156402588,67446.65133632025,20683.013621489208,2209.6886043314844,748.5291731301476,592.5722007751465,255.79792737960815,68421.96057978518,20999.900230154337,2313.3101963763147,803.5791263524223,599.4047174977321,252.55956149101257,0.0,0.0,0.0,0.0,0.0,0.0,0.0,0.0,0.0,0.0,0.0,0.0,0.0,0.0,0.0,0.0,0.0,0.0,0.0,0.0,0.0,0.0,0.0,0.0,0.0,0.0,0.0,0.0,0.0,0.0
"105,169",2506.980883166525,0.0,0.0,0.0,0.0,0.0,0.0,0.0,0.0,0.0,0.0,19109.561556072797,1153.9348783698738,113.28630256652832,6.474137783050537,16.184011697769165,93.86727476119995,20084.41918889775,1254.2736137118995,148.89007663726807,9.710930347442627,29.130761861801147,93.86727476119995,21310.07016086859,1364.3331830707252,178.0230474472046,19.421619415283203,29.130761861801147,93.86727476119995,22711.64118460674,1458.2044058051765,187.73374366760254,19.421619415283203,32.36744785308838,93.86727476119995,23912.450696056967,1490.5744238105476,184.49749374389648,22.659027338027954,32.36744785308838,90.63046979904175,0.0,0.0,0.0,0.0,0.0,0.0,0.0,0.0,0.0,0.0,0.0,0.0,0.0,0.0,0.0,0.0,0.0,0.0,0.0,0.0,0.0,0.0,0.0,0.0,0.0,0.0,0.0,0.0,0.0,0.0
"106,169",2480.7264986983805,0.0,0.0,0.0,0.0,0.0,0.0,0.0,0.0,0.0,0.0,11893.388485326019,413.83155774228715,6.471375226974487,0.0,0.0,0.0,14228.962759790233,483.9463511326734,3.236156940460205,0.0,0.0,0.0,16056.416888844735,532.4740141251508,3.236156940460205,0.0,0.0,0.0,17250.17467784975,581.0086296418133,3.236156940460205,0.0,0.0,0.0,17795.034369162953,643.9387028142518,3.236156940460205,0.0,0.0,0.0,0.0,0.0,0.0,0.0,0.0,0.0,0.0,0.0,0.0,0.0,0.0,0.0,0.0,0.0,0.0,0.0,0.0,0.0,0.0,0.0,0.0,0.0,0.0,0.0,0.0,0.0,0.0,0.0,0.0,0.0
"107,169",2497.226514571109,0.0,0.0,0.0,0.0,0.0,0.0,0.0,0.0,0.0,0.0,91047.00450316691,32795.611859315984,2850.2656380148496,188.41258436932281,16.17275619506836,0.0,93834.70462513813,34146.17880985129,2963.464846989688,191.64692456021027,16.17275619506836,0.0,96691.3735106113,35004.91612768642,3050.7899021120634,202.16160405102897,16.17275619506836,0.0,98946.39937457758,35811.09168895741,3163.996328494128,208.63053119603325,16.17275619506836,0.0,100957.88366849469,37195.593405346786,3422.7554985495176,231.26997888508964,16.17275619506836,0.0,0.0,0.0,0.0,0.0,0.0,0.0,0.0,0.0,0.0,0.0,0.0,0.0,0.0,0.0,0.0,0.0,0.0,0.0,0.0,0.0,0.0,0.0,0.0,0.0,0.0,0.0,0.0,0.0,0.0,0.0
"108,169",2503.738078037085,0.0,0.0,0.0,0.0,0.0,0.0,0.0,0.0,0.0,0.0,108177.35883550083,27661.389352056085,1695.5745297833985,171.31846421933642,93.01915561451631,41.294023149153766,110617.15316863342,28024.86461089732,1672.9431837960785,158.38680380559435,89.78633081211763,41.294023149153766,113226.39839723532,28347.955963823842,1698.0018602072025,164.8516082165288,86.55364667668061,35.552560329437256,114687.02304957427,28797.29120687971,1782.0510550199772,164.85241311765185,86.55364667668061,34.830113999983844,116399.59542848924,29411.47389954305,1824.0720418154026,174.550078570609,86.55474674000459,25.134090297362384,0.0,0.0,0.0,0.0,0.0,0.0,0.0,0.0,0.0,0.0,0.0,0.0,0.0,0.0,0.0,0.0,0.0,0.0,0.0,0.0,0.0,0.0,0.0,0.0,0.0,0.0,0.0,0.0,0.0,0.0
"109,169",2502.3507891574372,0.0,0.0,0.0,0.0,0.0,0.0,0.0,0.0,0.0,0.0,66431.54583105573,52161.498749851715,10539.151764428381,1828.4117954226099,1259.900170247695,745.7722475902708,66954.00373376023,52824.24337627935,10569.041820864584,1834.8774416895471,1272.8223888088676,752.2331490890654,66829.42386380644,52699.190106782735,10559.34994189038,1786.0735878663904,1190.2624634013457,732.1252829140308,67321.93615306872,53566.618085413356,10842.335959627113,1815.1442539411432,1224.3543143552893,736.0789864437254,68015.83543116998,54664.43446303816,11067.377146812514,1853.9100436883814,1192.0501053613775,710.2315657512816,0.0,0.0,0.0,0.0,0.0,0.0,0.0,0.0,0.0,0.0,0.0,0.0,0.0,0.0,0.0,0.0,0.0,0.0,0.0,0.0,0.0,0.0,0.0,0.0,0.0,0.0,0.0,0.0,0.0,0.0
"110,169",2500.8111017190995,0.0,0.0,0.0,0.0,0.0,0.0,0.0,0.0,0.0,0.0,63696.50042748452,62654.437706206816,13356.301467495337,2555.854944756452,1825.076773144217,935.781364885966,64084.392277591374,62823.84095399706,13504.047224144842,2570.3976564098803,1823.469002528284,942.2394129912059,64665.116869228026,63803.74106137892,13621.910154646519,2605.473106577817,1864.011386789995,932.5480324904124,65506.53260035235,64781.639836486174,13884.172586930034,2642.598880821116,1880.5301161083519,915.3394599540561,66123.07482879022,65592.83014389113,14154.074057371477,2726.5563581522774,1889.4028439727483,912.1074464900821,0.0,0.0,0.0,0.0,0.0,0.0,0.0,0.0,0.0,0.0,0.0,0.0,0.0,0.0,0.0,0.0,0.0,0.0,0.0,0.0,0.0,0.0,0.0,0.0,0.0,0.0,0.0,0.0,0.0,0.0
"111,169",2499.1195631382384,0.0,0.0,0.0,0.0,0.0,0.0,0.0,0.0,0.0,0.0,13689.809678142214,19357.188008628174,8474.878468743495,4412.314838686176,6309.143978476992,3470.7281762562543,13688.179786935509,19425.727873082258,8594.248282662562,4550.709187923692,6454.348545444713,3548.1667376957685,13871.594118544637,19755.683279112272,8857.232039253386,4709.526225015228,6615.695697439418,3603.0212031803876,14029.441566996484,20022.401373940826,9140.807686472874,4845.052311822479,6794.218603072447,3615.375835804846,14170.967828319588,20234.221382327174,9422.813401032428,5028.977699443405,7008.787454104891,3694.413249629152,0.0,0.0,0.0,0.0,0.0,0.0,0.0,0.0,0.0,0.0,0.0,0.0,0.0,0.0,0.0,0.0,0.0,0.0,0.0,0.0,0.0,0.0,0.0,0.0,0.0,0.0,0.0,0.0,0.0,0.0
"112,169",2497.2767738196626,0.0,0.0,0.0,0.0,0.0,0.0,0.0,0.0,0.0,0.0,4699.33272839995,8096.210579346675,4790.574707798864,1961.9377765945358,2583.0578963980956,1630.7546755024032,4517.019251352198,8697.468329549305,5136.051473592309,2162.1720258086334,2821.2612323508542,1691.9971805759506,4632.359763797124,8900.552392125599,5336.370637044719,2203.8119334314383,2805.1105210528654,1685.1756628223495,4787.583251919466,9305.668647821276,5546.520670712228,2248.9605466459307,2755.1503333353526,1706.1452837710287,5002.897365998287,9515.266613854614,5664.588225634892,2279.6271617917455,2737.4385183194104,1767.4139350180533,0.0,0.0,0.0,0.0,0.0,0.0,0.0,0.0,0.0,0.0,0.0,0.0,0.0,0.0,0.0,0.0,0.0,0.0,0.0,0.0,0.0,0.0,0.0,0.0,0.0,0.0,0.0,0.0,0.0,0.0
"113,169",2495.1494947241663,0.0,0.0,0.0,0.0,0.0,0.0,0.0,0.0,0.0,0.0,3829.559544256622,3344.6210529879027,604.2999990510006,242.38149840598012,361.73328529993694,267.4610929489136,4196.921213081771,3880.2587466735467,685.9341292212991,329.3969488835802,416.87213007609046,313.3841528724222,4374.837359582676,4060.711472799264,774.902900393804,381.31119668249994,487.77294055620825,339.52020552859585,4582.958732087005,4364.986085357853,891.2476146324008,413.5353988385668,529.6636604468027,374.9520750354318,4612.300248254514,4669.016203683031,962.9410539393332,458.64433943991565,574.7632853190104,416.8384104083566,0.0,0.0,0.0,0.0,0.0,0.0,0.0,0.0,0.0,0.0,0.0,0.0,0.0,0.0,0.0,0.0,0.0,0.0,0.0,0.0,0.0,0.0,0.0,0.0,0.0,0.0,0.0,0.0,0.0,0.0
"114,169",2493.130840424272,0.0,0.0,0.0,0.0,0.0,0.0,0.0,0.0,0.0,0.0,2418.2056200803495,4040.871096573624,1039.8459137486477,258.33342440642565,193.12632361112856,202.5748522749134,2755.1741489990086,4462.011815645181,1137.222816248501,288.1106199320625,231.7509204453113,202.57503704931221,2997.391597142874,4870.827041617562,1240.2365682321436,300.9869157370399,241.40424433408998,202.57487039472542,3209.846433988272,5198.126565537733,1336.8191757398492,326.7408310469459,263.9337488716724,215.45026020910225,3423.7436024263798,5647.401876912398,1488.1175816255454,387.89864006603466,321.86988344846986,225.10718922521554,0.0,0.0,0.0,0.0,0.0,0.0,0.0,0.0,0.0,0.0,0.0,0.0,0.0,0.0,0.0,0.0,0.0,0.0,0.0,0.0,0.0,0.0,0.0,0.0,0.0,0.0,0.0,0.0,0.0,0.0
"115,169",2490.8384838464585,0.0,0.0,0.0,0.0,0.0,0.0,0.0,0.0,0.0,0.0,70558.76495173118,13837.82475084791,1963.4415957086226,966.5340813412386,1836.6367261606104,3080.0580408647947,73277.6717335168,14425.32306578954,2059.940393149619,976.1836959137636,1815.7246233257592,3070.4073422029905,76039.01694531816,14779.976851058473,2059.942114054923,979.4051219238954,1818.9442731174768,3054.327970750659,79233.91667371453,15288.797949321595,2080.8414176679125,1001.9208968891817,1806.0771552357019,3060.762766607135,81434.79249519367,15947.082657378329,2132.3089283681384,1021.2229882492738,1822.160730007583,3070.4126641825133,0.0,0.0,0.0,0.0,0.0,0.0,0.0,0.0,0.0,0.0,0.0,0.0,0.0,0.0,0.0,0.0,0.0,0.0,0.0,0.0,0.0,0.0,0.0,0.0,0.0,0.0,0.0,0.0,0.0,0.0
"116,169",2031.219440674017,0.0,0.0,0.0,0.0,0.0,0.0,0.0,0.0,0.0,0.0,36055.98829134399,28487.692018904403,11731.952073660084,5390.594327723746,5920.76719604754,2540.984510417078,36108.26032871265,28600.998797598077,11780.162934389302,5419.521275794272,5949.695483792062,2582.7572164488774,36432.70534062292,28678.879460101038,11780.181152429768,5406.674039160971,5879.004151213403,2576.332142348383,36773.83121039166,28848.505718120876,11849.271275533416,5419.529567038779,5917.5692447307065,2634.1757912589055,37195.27284841911,29202.087493053135,11994.672043761087,5452.462952429641,5978.622505057092,2650.2431909991246,0.0,0.0,0.0,0.0,0.0,0.0,0.0,0.0,0.0,0.0,0.0,0.0,0.0,0.0,0.0,0.0,0.0,0.0,0.0,0.0,0.0,0.0,0.0,0.0,0.0,0.0,0.0,0.0,0.0,0.0
"86,170",1763.5872487741262,0.0,0.0,0.0,0.0,0.0,0.0,0.0,0.0,0.0,0.0,13065.88279129103,13575.2623334707,6053.136697355906,2066.995368912641,1058.4769541843264,115.17995576578028,13568.642290523005,14329.781321024428,6671.242038168627,2454.471474324021,1260.6645758133309,134.51183752733118,13802.538427586647,14621.82384246658,6892.07267146952,2570.659330546622,1363.7800962906258,144.17801646905787,14229.206819263158,15135.196825296738,7292.650680952446,2841.3464383480596,1668.8463412107205,176.39780907350428,14463.087133629182,15466.183396602144,7543.885551380644,3028.2476927635716,1770.206087877236,186.06485442834742,0.0,0.0,0.0,0.0,0.0,0.0,0.0,0.0,0.0,0.0,0.0,0.0,0.0,0.0,0.0,0.0,0.0,0.0,0.0,0.0,0.0,0.0,0.0,0.0,0.0,0.0,0.0,0.0,0.0,0.0
"87,170",2497.3954530170245,0.0,0.0,0.0,0.0,0.0,0.0,0.0,0.0,0.0,0.0,2567.007413298476,2503.71970705425,1328.7637913956362,592.0029067348031,357.71284139577085,22.562546968460083,2908.9374448084363,2976.7501019047754,1522.1352801463183,717.715959484437,389.9475840372198,29.009204387664795,3182.1067819623386,3193.7823045552946,1595.4661488738714,759.621018822053,418.9196635751164,29.009204387664795,3362.0860010698734,3465.573410411909,1733.2637113365472,878.8856126616984,542.4670770112206,61.24165916442871,4071.0101431126686,3849.426340297624,1932.0169382675022,1043.2760788749247,684.2915222588706,74.13470554351807,0.0,0.0,0.0,0.0,0.0,0.0,0.0,0.0,0.0,0.0,0.0,0.0,0.0,0.0,0.0,0.0,0.0,0.0,0.0,0.0,0.0,0.0,0.0,0.0,0.0,0.0,0.0,0.0,0.0,0.0
"88,170",2499.238560794854,0.0,0.0,0.0,0.0,0.0,0.0,0.0,0.0,0.0,0.0,21305.140245422666,3197.435038208494,159.7607310809341,32.274885177612305,19.366995096206665,0.0,23400.117706070698,3581.885345535652,182.3520592250076,32.274885177612305,19.366995096206665,0.0,24724.08084855267,4170.713553917642,210.33483946557138,35.50280547142029,19.366995096206665,0.0,24729.449888587467,4318.447665854997,223.24372065301034,35.50280547142029,19.366995096206665,0.0,25871.920056549712,4756.578002028372,374.9444001936445,32.275211334228516,19.366995096206665,0.0,0.0,0.0,0.0,0.0,0.0,0.0,0.0,0.0,0.0,0.0,0.0,0.0,0.0,0.0,0.0,0.0,0.0,0.0,0.0,0.0,0.0,0.0,0.0,0.0,0.0,0.0,0.0,0.0,0.0,0.0
"89,170",2500.9303970423966,0.0,0.0,0.0,0.0,0.0,0.0,0.0,0.0,0.0,0.0,86960.29638073865,4962.940723734276,936.4028841439416,206.68928599357605,135.63614630699158,19.375550985336304,90049.95324821753,5430.822014927397,1094.6627177182368,268.05209398269653,142.09417700767517,19.375550985336304,94270.10691627054,6126.93595737663,1318.569795961941,339.1055598258972,184.0829038619995,19.376010179519653,96436.54006260142,6327.92418363889,1344.4126111226924,348.79386472702026,209.91945481300354,22.605409622192383,98664.69300859675,6692.85871198972,1389.6254638391383,355.251131772995,232.5250015258789,25.835269451141357,0.0,0.0,0.0,0.0,0.0,0.0,0.0,0.0,0.0,0.0,0.0,0.0,0.0,0.0,0.0,0.0,0.0,0.0,0.0,0.0,0.0,0.0,0.0,0.0,0.0,0.0,0.0,0.0,0.0,0.0
"90,170",2502.470359892687,0.0,0.0,0.0,0.0,0.0,0.0,0.0,0.0,0.0,0.0,29048.59616431442,1844.8911736273296,245.52041721343994,41.99417567253113,22.612439155578613,3.2301464080810547,30624.172414325265,2063.864277983647,264.903235912323,54.91603374481201,29.072014331817627,3.2301464080810547,32399.307468222636,2425.6909133443646,323.0465843677521,90.44773197174072,35.53217172622681,3.2301464080810547,33820.868490027446,2826.276367331486,432.8698546886444,129.20864081382751,41.99184274673462,3.2301464080810547,35400.34012019401,3162.2467588434033,478.0977203845978,122.74856209754944,48.45250844955444,3.2301464080810547,0.0,0.0,0.0,0.0,0.0,0.0,0.0,0.0,0.0,0.0,0.0,0.0,0.0,0.0,0.0,0.0,0.0,0.0,0.0,0.0,0.0,0.0,0.0,0.0,0.0,0.0,0.0,0.0,0.0,0.0
"91,170",2503.8579005829383,0.0,0.0,0.0,0.0,0.0,0.0,0.0,0.0,0.0,0.0,117179.00547240012,9070.509789809994,691.8017930984497,71.12202405929565,0.0,0.0,122575.93927456632,10313.02624621204,753.2261006832123,84.05433869361877,0.0,0.0,128939.29966862622,11397.872985462112,830.8208045959473,119.61938309669495,0.0,0.0,130972.37247769131,11779.362502912445,846.9913022518158,122.85164594650269,0.0,0.0,133458.37248922235,12416.963115146114,882.5522730350494,113.15158820152283,0.0,0.0,0.0,0.0,0.0,0.0,0.0,0.0,0.0,0.0,0.0,0.0,0.0,0.0,0.0,0.0,0.0,0.0,0.0,0.0,0.0,0.0,0.0,0.0,0.0,0.0,0.0,0.0,0.0,0.0,0.0,0.0
"92,170",2505.0925239121148,0.0,0.0,0.0,0.0,0.0,0.0,0.0,0.0,0.0,0.0,33407.49829897414,14137.060847542332,1167.6239821910858,122.91190266609192,12.935715436935425,0.0,36125.79766734909,14678.61597809885,1225.8346962928772,126.14668607711792,12.935715436935425,0.0,40376.699786477926,16422.494653668124,1342.273954629898,148.78669714927673,16.169950485229492,0.0,43327.39484813166,17302.209833111483,1426.36958360672,155.25465393066406,16.169950485229492,0.0,47122.02163401491,18817.49917508761,1552.5086624622345,161.72423124313354,16.170491695404053,0.0,0.0,0.0,0.0,0.0,0.0,0.0,0.0,0.0,0.0,0.0,0.0,0.0,0.0,0.0,0.0,0.0,0.0,0.0,0.0,0.0,0.0,0.0,0.0,0.0,0.0,0.0,0.0,0.0,0.0,0.0
"93,170",2506.173788653178,0.0,0.0,0.0,0.0,0.0,0.0,0.0,0.0,0.0,0.0,21205.572538160814,16769.576670648537,2932.715281834322,385.08865118026733,19.41748356819153,0.0,23455.778445309286,17966.477884832082,3162.8174468881944,404.50381207466125,22.653197526931763,0.0,26459.256754654532,19808.05792019601,3494.4938155333202,475.6938602924347,42.06874966621399,0.0,27529.229198105197,20768.35044306213,3675.7117882887524,520.9992718696594,45.30465531349182,0.0,27483.989116794924,20849.276511844935,3798.6861177603405,517.7642960548401,45.30439233779907,0.0,0.0,0.0,0.0,0.0,0.0,0.0,0.0,0.0,0.0,0.0,0.0,0.0,0.0,0.0,0.0,0.0,0.0,0.0,0.0,0.0,0.0,0.0,0.0,0.0,0.0,0.0,0.0,0.0,0.0,0.0
"94,170",2507.101307920835,0.0,0.0,0.0,0.0,0.0,0.0,0.0,0.0,0.0,0.0,30129.957069083757,12517.801478058682,2000.2495118047677,187.73035764694214,6.473362445831299,0.0,31729.477700271793,12977.499879959518,2070.397233315075,203.91470432281494,9.7100830078125,0.0,33806.63881136016,13728.12455683222,2131.898885794247,207.15250706672668,9.7100830078125,0.0,39949.79671485845,14773.676452927495,2348.766253777111,220.10089945793152,9.7100830078125,0.0,43461.84880254877,15525.046955969754,2442.6428254323846,223.33781695365906,9.7100830078125,0.0,0.0,0.0,0.0,0.0,0.0,0.0,0.0,0.0,0.0,0.0,0.0,0.0,0.0,0.0,0.0,0.0,0.0,0.0,0.0,0.0,0.0,0.0,0.0,0.0,0.0,0.0,0.0,0.0,0.0,0.0
"95,170",2507.8747494957206,0.0,0.0,0.0,0.0,0.0,0.0,0.0,0.0,0.0,0.0,133098.45500875267,14803.72688730651,1175.8976488926833,46.942148074916766,0.0,0.0,137953.63718947896,15694.468675898568,1280.218760281918,50.18041549663918,0.0,0.0,141926.72554327647,16678.846973704356,1415.4023595791236,53.41829596500771,0.0,0.0,144185.60275777275,17354.515012946777,1495.2742638728198,53.418957338146136,0.0,0.0,146290.83148512934,18069.743406884805,1547.081144585329,63.13267193775551,0.0,0.0,0.0,0.0,0.0,0.0,0.0,0.0,0.0,0.0,0.0,0.0,0.0,0.0,0.0,0.0,0.0,0.0,0.0,0.0,0.0,0.0,0.0,0.0,0.0,0.0,0.0,0.0,0.0,0.0,0.0,0.0
"96,170",2508.493836102246,0.0,0.0,0.0,0.0,0.0,0.0,0.0,0.0,0.0,0.0,63978.5396922953,8045.334149406471,719.2597133346633,68.01288366317749,3.2388651371002197,0.0,66572.74252403484,8604.56342574101,855.2831105419234,80.96665811538696,6.477466583251953,0.0,73170.5845450794,9968.019850924436,966.8344427894144,97.16048383712769,16.19396710395813,0.0,76523.45531097392,11047.543590837366,1097.4459200101742,84.20554518699646,12.955365657806396,0.0,82901.01104747267,12619.14696022389,1245.6142784520691,103.638263463974,12.955365657806396,0.0,0.0,0.0,0.0,0.0,0.0,0.0,0.0,0.0,0.0,0.0,0.0,0.0,0.0,0.0,0.0,0.0,0.0,0.0,0.0,0.0,0.0,0.0,0.0,0.0,0.0,0.0,0.0,0.0,0.0,0.0
"97,170",2508.958345639411,0.0,0.0,0.0,0.0,0.0,0.0,0.0,0.0,0.0,0.0,54572.18366213686,3771.3596625262617,383.76422327453014,22.675523042678833,2.4263788718803254,0.0,57822.171827554695,3863.672997271781,435.59365671569225,22.675523042678833,2.4263788718803254,0.0,65527.567145977766,4316.367646415561,508.65174655259824,22.675523042678833,2.4263788718803254,0.0,70241.54913505011,4711.570485074847,560.4829316550611,25.914782762527466,2.4263788718803254,0.0,76060.17289138588,5456.608972757003,677.0957177096722,29.153814792633057,4.852748636170929,0.0,0.0,0.0,0.0,0.0,0.0,0.0,0.0,0.0,0.0,0.0,0.0,0.0,0.0,0.0,0.0,0.0,0.0,0.0,0.0,0.0,0.0,0.0,0.0,0.0,0.0,0.0,0.0,0.0,0.0,0.0
"98,170",2509.2681113695066,0.0,0.0,0.0,0.0,0.0,0.0,0.0,0.0,0.0,0.0,21297.470864761577,2582.8775902617213,203.3817783131319,16.198906421661377,0.0,0.0,27799.613987516892,3357.1787543698856,307.05609781882345,16.198906421661377,0.0,0.0,34538.386954180394,4086.125561515958,345.9330867066103,19.438730478286743,0.0,0.0,41649.062336876814,5553.763867528766,543.5653846993166,42.11747932434082,0.0,0.0,46043.09192323124,6379.103751551871,543.5645843281466,45.35713601112366,0.0,0.0,0.0,0.0,0.0,0.0,0.0,0.0,0.0,0.0,0.0,0.0,0.0,0.0,0.0,0.0,0.0,0.0,0.0,0.0,0.0,0.0,0.0,0.0,0.0,0.0,0.0,0.0,0.0,0.0,0.0,0.0
"99,170",2509.4230220552963,0.0,0.0,0.0,0.0,0.0,0.0,0.0,0.0,0.0,0.0,52229.70838260556,14113.603651700301,1826.520305707408,228.4132392799153,44.54680476656147,0.0,55429.118906727956,14933.223287978824,1963.4121153008705,234.89323262326857,47.78680429926106,0.0,59444.01402213433,16189.606353440937,2209.650702680326,247.85315469854018,51.02680383196064,0.0,62809.60493471482,17537.68375228901,2536.164441550947,264.0530651008381,51.02680383196064,0.0,65335.46475752288,18625.495564848774,2895.7998926293617,264.0529899989857,51.02680383196064,0.0,0.0,0.0,0.0,0.0,0.0,0.0,0.0,0.0,0.0,0.0,0.0,0.0,0.0,0.0,0.0,0.0,0.0,0.0,0.0,0.0,0.0,0.0,0.0,0.0,0.0,0.0,0.0,0.0,0.0,0.0
"100,170",2509.4230220552777,0.0,0.0,0.0,0.0,0.0,0.0,0.0,0.0,0.0,0.0,27777.279903114544,9578.659848948086,1219.2103922273598,71.27946543693542,9.71993088722229,0.0,30315.94747317258,10830.347190343631,1347.9954763431174,77.75945210456848,6.479954481124878,0.0,33887.1995901996,12724.991063502255,1626.6315575618369,106.91913723945618,6.479954481124878,0.0,37781.46253597876,15061.595730027031,2012.911156274758,129.59889221191406,16.199803829193115,0.0,42374.619467418335,17181.48872736295,2468.9326812893737,181.438410282135,19.43978762626648,0.0,0.0,0.0,0.0,0.0,0.0,0.0,0.0,0.0,0.0,0.0,0.0,0.0,0.0,0.0,0.0,0.0,0.0,0.0,0.0,0.0,0.0,0.0,0.0,0.0,0.0,0.0,0.0,0.0,0.0,0.0
"101,170",2509.268111369459,0.0,0.0,0.0,0.0,0.0,0.0,0.0,0.0,0.0,0.0,31958.42963140525,18382.038518088473,2488.188951158523,173.32008223533632,12.958957195281982,0.0,35640.22405702273,20591.0812552985,2905.3079421473485,218.677023935318,16.19876718521118,0.0,39569.55665792296,22999.604331671962,3345.916380877588,257.5546126842499,19.438576221466064,0.0,43737.42828200284,25934.635783447004,3998.9898070952468,315.8716187953949,19.438576221466064,0.0,47936.187042733734,28566.224284590928,4436.360580410676,332.07050399780275,19.438576221466064,0.0,0.0,0.0,0.0,0.0,0.0,0.0,0.0,0.0,0.0,0.0,0.0,0.0,0.0,0.0,0.0,0.0,0.0,0.0,0.0,0.0,0.0,0.0,0.0,0.0,0.0,0.0,0.0,0.0,0.0,0.0
"102,170",2508.9583456394657,0.0,0.0,0.0,0.0,0.0,0.0,0.0,0.0,0.0,0.0,56634.12517555181,21964.1153010733,1629.096725323621,90.70299553871155,9.717655181884766,0.0,61950.82394331203,23670.58487941331,1830.7472705710168,87.46337580680847,9.717655181884766,0.0,65544.34220723265,24756.01998363757,1999.1907577383752,97.18154907226562,12.95695447921753,0.0,70191.18123565655,26549.325249326,2169.794578777575,100.42099118232727,12.95695447921753,0.0,71573.38383817206,27301.370935438197,2260.4959475863216,116.61788487434387,12.95695447921753,0.0,0.0,0.0,0.0,0.0,0.0,0.0,0.0,0.0,0.0,0.0,0.0,0.0,0.0,0.0,0.0,0.0,0.0,0.0,0.0,0.0,0.0,0.0,0.0,0.0,0.0,0.0,0.0,0.0,0.0,0.0
"103,170",2508.4938361022055,0.0,0.0,0.0,0.0,0.0,0.0,0.0,0.0,0.0,0.0,76546.66729973904,33697.43049703392,2121.5431475648693,151.40866653498483,32.387773752212524,0.0,78874.69633837868,34840.436175581985,2322.797992696949,177.31813780840707,35.62657380104065,0.0,81830.79430331809,36418.26060736787,2584.777948556227,212.58883892601614,51.82004737854004,0.0,84267.92049879373,37839.386753645136,2873.48695470866,235.25981270378713,58.297404766082764,0.0,86393.734808042,38628.945204239266,2967.409538288677,241.73751508301382,51.82015514373779,0.0,0.0,0.0,0.0,0.0,0.0,0.0,0.0,0.0,0.0,0.0,0.0,0.0,0.0,0.0,0.0,0.0,0.0,0.0,0.0,0.0,0.0,0.0,0.0,0.0,0.0,0.0,0.0,0.0,0.0,0.0
"104,170",2507.874749495827,0.0,0.0,0.0,0.0,0.0,0.0,0.0,0.0,0.0,0.0,49133.61674907534,26195.659089924306,3648.895448131187,913.0561835765839,319.4552755355835,61.51657509803772,49843.77010650541,26660.68180785553,3807.9128899331185,938.9576635360718,319.45617604255676,61.51657152175903,50577.86648750398,27029.03868926553,3853.6060819906347,958.7399004029293,296.7917158603668,55.04124665260315,51165.626845515006,27460.087462129777,3999.672659477533,1004.0686474370021,293.5544857978821,55.04124665260315,51510.29811212689,27753.05647257543,4041.765624603571,1017.0210133122463,290.3168103694916,58.27899789810181,0.0,0.0,0.0,0.0,0.0,0.0,0.0,0.0,0.0,0.0,0.0,0.0,0.0,0.0,0.0,0.0,0.0,0.0,0.0,0.0,0.0,0.0,0.0,0.0,0.0,0.0,0.0,0.0,0.0,0.0
"105,170",2507.10130792084,0.0,0.0,0.0,0.0,0.0,0.0,0.0,0.0,0.0,0.0,6134.913028277603,414.3385947788463,90.64738368988037,80.93563723564148,130.56287832540625,139.2074716091156,6318.712259598339,433.7621835315929,84.17244386672974,80.93563723564148,127.32538337988012,139.20740246772766,6360.799375228321,427.28839813120226,84.17246961593628,74.4607925415039,130.56279487890356,129.4953806400299,6764.241713751064,420.81527672655443,90.64752578735352,67.9859549999237,120.85064120573156,123.02063536643982,8669.412210751514,579.4438680256114,90.6476058959961,64.7485876083374,114.37586994451635,126.2580873966217,0.0,0.0,0.0,0.0,0.0,0.0,0.0,0.0,0.0,0.0,0.0,0.0,0.0,0.0,0.0,0.0,0.0,0.0,0.0,0.0,0.0,0.0,0.0,0.0,0.0,0.0,0.0,0.0,0.0,0.0
"106,170",2506.170710957859,0.0,0.0,0.0,0.0,0.0,0.0,0.0,0.0,0.0,0.0,11807.825871536777,214.27767282373765,6.471088171005249,0.0,0.0,0.0,13022.351066869845,220.74846940882065,6.471088171005249,0.0,0.0,0.0,16208.713895389144,258.850626707077,6.471088171005249,0.0,0.0,0.0,19155.311026820014,317.09154176712036,6.471088171005249,0.0,0.0,0.0,19584.724936323542,349.4481201171875,6.471466779708862,0.0,0.0,0.0,0.0,0.0,0.0,0.0,0.0,0.0,0.0,0.0,0.0,0.0,0.0,0.0,0.0,0.0,0.0,0.0,0.0,0.0,0.0,0.0,0.0,0.0,0.0,0.0,0.0,0.0,0.0,0.0,0.0,0.0
"107,170",2409.626223284082,0.0,0.0,0.0,0.0,0.0,0.0,0.0,0.0,0.0,0.0,45831.04724676188,15996.245967271281,2052.6408502242143,206.15091627345367,3.233708143234253,0.0,46913.995563877324,16176.522862382964,2065.573730864244,206.15096181140228,3.233708143234253,0.0,49310.346506326336,16301.740214460971,2101.1428202769334,215.03972923334908,0.0,0.0,50603.1655920786,16573.406105244394,2130.247368254381,221.5062793451197,3.233708143234253,0.0,53053.488200992695,16971.166449272867,2201.3902038714464,234.44225489672493,3.233708143234253,0.0,0.0,0.0,0.0,0.0,0.0,0.0,0.0,0.0,0.0,0.0,0.0,0.0,0.0,0.0,0.0,0.0,0.0,0.0,0.0,0.0,0.0,0.0,0.0,0.0,0.0,0.0,0.0,0.0,0.0,0.0
"108,170",2503.85790058292,0.0,0.0,0.0,0.0,0.0,0.0,0.0,0.0,0.0,0.0,105592.49768774463,45085.71692821746,8774.642847776413,1248.0053980350494,145.48853302001953,3.2327327728271484,107776.05908135806,45544.76248261695,8829.621371030807,1257.7030038833618,151.95419430732727,3.2327327728271484,109279.46149667852,46285.94496000794,9013.08455083417,1319.1322629451752,164.88759875297546,3.2327327728271484,110141.01728048791,46778.925707868504,9187.6729936366,1377.3300342559814,174.5857982635498,3.2327327728271484,111582.95542776537,47628.431074651075,9407.511001086703,1399.9603521823883,184.28476428985596,3.2327327728271484,0.0,0.0,0.0,0.0,0.0,0.0,0.0,0.0,0.0,0.0,0.0,0.0,0.0,0.0,0.0,0.0,0.0,0.0,0.0,0.0,0.0,0.0,0.0,0.0,0.0,0.0,0.0,0.0,0.0,0.0
"109,170",2045.2212070651894,0.0,0.0,0.0,0.0,0.0,0.0,0.0,0.0,0.0,0.0,95474.2089593345,22171.84527150603,1982.065502204147,599.015449590309,855.1195469865612,556.2144034366983,96005.50924182967,22291.58490391152,1968.3319906917272,599.0164616771773,851.890522814732,536.8343863945382,97022.69623669643,22461.162454999667,1952.182093593186,550.5602968402937,784.0504578122906,523.9142656784433,98436.74153794587,23041.12787052323,2010.0404831531,545.5186899325427,774.3591338167004,514.2222836475746,100352.34748742067,23706.624837374227,2032.6573719146204,561.6737845561083,771.1287320623211,507.7614772777931,0.0,0.0,0.0,0.0,0.0,0.0,0.0,0.0,0.0,0.0,0.0,0.0,0.0,0.0,0.0,0.0,0.0,0.0,0.0,0.0,0.0,0.0,0.0,0.0,0.0,0.0,0.0,0.0,0.0,0.0
"110,170",2404.0034136831487,0.0,0.0,0.0,0.0,0.0,0.0,0.0,0.0,0.0,0.0,89517.03926168234,46190.8531193163,5533.203708203634,915.7320457121905,795.3742719435224,493.92900064692776,89830.97113306476,46483.89057104729,5651.802496869892,928.6497653147753,829.278203495811,506.8447978805093,90446.56561691151,46614.59022441005,5658.242145498127,903.6223017767364,803.4409387195811,500.38554361567776,91571.10430250355,47546.7368178508,5790.627286155552,915.1316394684361,835.7363793934093,500.3855181048898,92841.57056184279,48344.18658243348,5977.109064787511,944.1901564476536,833.3166883141387,493.92587164149563,0.0,0.0,0.0,0.0,0.0,0.0,0.0,0.0,0.0,0.0,0.0,0.0,0.0,0.0,0.0,0.0,0.0,0.0,0.0,0.0,0.0,0.0,0.0,0.0,0.0,0.0,0.0,0.0,0.0,0.0
"111,170",2291.46220184006,0.0,0.0,0.0,0.0,0.0,0.0,0.0,0.0,0.0,0.0,39803.767179885566,22421.361680505794,4615.5692989536365,1192.6257947818906,673.5856210540323,442.9496572662802,40137.35621360891,22887.345325766357,4901.3368973956385,1274.3925576443767,744.5670775722056,436.4967728306265,40887.71458379147,23703.727610031765,5144.135503013461,1340.6253681051967,835.3080914291681,449.3994739700766,41847.62091483042,24542.311810323303,5399.627890981412,1366.843824941972,919.6080428534864,471.9813743282767,42442.88840659086,25383.59155585345,5735.224065858242,1416.2149332009112,990.5891634398815,517.1451962639304,0.0,0.0,0.0,0.0,0.0,0.0,0.0,0.0,0.0,0.0,0.0,0.0,0.0,0.0,0.0,0.0,0.0,0.0,0.0,0.0,0.0,0.0,0.0,0.0,0.0,0.0,0.0,0.0,0.0,0.0
"112,170",1418.6636503529712,0.0,0.0,0.0,0.0,0.0,0.0,0.0,0.0,0.0,0.0,9231.422744448046,11963.064616193958,2638.3031503714765,481.09681458847194,363.09043153781516,248.75249726912554,9217.658967525818,12321.849473309048,2683.457085565492,471.42464418785244,392.1167319681131,248.75250609061297,9404.622597579393,12703.630391086317,2844.696764602848,483.5122713023541,378.8187215272118,245.52871711394366,9637.957569265367,13402.108231182661,3022.0626806165656,508.9092138262356,426.7700680536383,251.9779637589174,9928.760426466139,14034.086357640284,3239.7161810360703,545.126824835235,481.5924691003912,274.54816897055684,0.0,0.0,0.0,0.0,0.0,0.0,0.0,0.0,0.0,0.0,0.0,0.0,0.0,0.0,0.0,0.0,0.0,0.0,0.0,0.0,0.0,0.0,0.0,0.0,0.0,0.0,0.0,0.0,0.0,0.0
"113,170",1007.0119604761475,0.0,0.0,0.0,0.0,0.0,0.0,0.0,0.0,0.0,0.0,227.94864924468246,138.83363293385975,103.11529088020325,67.66776657104492,95.86692202885945,70.89311480522156,250.4971438220903,151.72371124005787,96.67118668556213,70.89020776748657,99.09090293248494,79.75038601650911,299.89734848714346,171.22065665581647,93.44917750358582,74.11524868011475,102.31273377736409,82.97252036823946,337.4660385805018,202.3798994513119,131.0546356902403,93.44887900352478,150.65168345769246,115.19975139393526,392.53125830164146,252.04843535797266,162.46882878191332,132.1174294948578,192.54593528111775,134.53484584583956,0.0,0.0,0.0,0.0,0.0,0.0,0.0,0.0,0.0,0.0,0.0,0.0,0.0,0.0,0.0,0.0,0.0,0.0,0.0,0.0,0.0,0.0,0.0,0.0,0.0,0.0,0.0,0.0,0.0,0.0
"114,170",1412.0064615987117,0.0,0.0,0.0,0.0,0.0,0.0,0.0,0.0,0.0,0.0,2387.053499779982,2172.087243103513,307.90448287982565,97.16266882840326,101.1894318674125,165.51790352896148,2933.0029085000356,2760.8716529724643,401.8619224501591,122.10322504417569,123.720005235485,171.95530601576263,3301.1952121229733,3138.9352175665836,475.8833028746586,138.19534569160612,133.37512298565287,178.39460512236053,3531.087294284035,3440.3847093946792,541.2945827783323,167.15935759918364,178.4262165639915,181.61424466207916,3911.772234895183,3866.2416034062703,618.5299348176694,167.15779881851347,224.91164199791703,195.91282097872565,0.0,0.0,0.0,0.0,0.0,0.0,0.0,0.0,0.0,0.0,0.0,0.0,0.0,0.0,0.0,0.0,0.0,0.0,0.0,0.0,0.0,0.0,0.0,0.0,0.0,0.0,0.0,0.0,0.0,0.0
"115,170",2203.4916193344384,0.0,0.0,0.0,0.0,0.0,0.0,0.0,0.0,0.0,0.0,36293.64485981885,21126.381660531548,3077.4746968802283,793.5496382292579,928.6407820757697,860.4658568943248,37003.5513792814,21832.508636547536,3159.4860417805467,799.9828016337226,947.9436690386603,870.1126381004558,37530.264187631416,22451.46174275454,3220.6011233292375,823.2195645360385,938.3067092474769,850.8131781662212,39281.485572530706,23931.117154899297,3464.4785833770156,890.759169438306,968.1428354908438,863.67655526049,40912.864302454735,25200.30229345864,3723.0346796428457,919.7074290303623,1018.281485338772,862.2433544271132,0.0,0.0,0.0,0.0,0.0,0.0,0.0,0.0,0.0,0.0,0.0,0.0,0.0,0.0,0.0,0.0,0.0,0.0,0.0,0.0,0.0,0.0,0.0,0.0,0.0,0.0,0.0,0.0,0.0,0.0
"116,170",1993.8664292688209,0.0,0.0,0.0,0.0,0.0,0.0,0.0,0.0,0.0,0.0,32190.58671785149,21537.471407624787,8669.869540007909,3535.734219455719,3452.165037092508,1224.452652980767,32412.93811337901,21485.26390475853,8669.870852263768,3529.31011095047,3445.7331158488405,1205.1698518294913,32543.348283297404,21483.805462266882,8669.863263877232,3522.1605687169467,3394.3161417811525,1198.7442088622672,33054.74244217966,21936.874650623282,8894.79829767545,3676.406375172559,3474.6557795375,1208.3873224753959,34002.42208397248,22361.67745705212,9073.940911854013,3752.7244939645134,3532.4995242922914,1195.5347726840598,0.0,0.0,0.0,0.0,0.0,0.0,0.0,0.0,0.0,0.0,0.0,0.0,0.0,0.0,0.0,0.0,0.0,0.0,0.0,0.0,0.0,0.0,0.0,0.0,0.0,0.0,0.0,0.0,0.0,0.0
"117,170",69.42488960111181,0.0,0.0,0.0,0.0,0.0,0.0,0.0,0.0,0.0,0.0,2366.9709366536613,38.48104215883741,0.0,0.0,0.0,3.211165428161621,2366.9709366536613,38.48104215883741,0.0,0.0,0.0,3.211165428161621,2366.9709366536613,38.48104215883741,0.0,0.0,0.0,3.211165428161621,2360.549101946401,38.48104215883741,0.0,0.0,0.0,3.211165428161621,2360.549101946401,41.69214726709852,0.0,0.0,0.0,3.211165428161621,0.0,0.0,0.0,0.0,0.0,0.0,0.0,0.0,0.0,0.0,0.0,0.0,0.0,0.0,0.0,0.0,0.0,0.0,0.0,0.0,0.0,0.0,0.0,0.0,0.0,0.0,0.0,0.0,0.0,0.0
"86,171",635.9785769468651,0.0,0.0,0.0,0.0,0.0,0.0,0.0,0.0,0.0,0.0,6686.297455107931,2010.689376783371,1049.98153517667,381.27002357408116,466.2708240331388,122.46580195426941,6863.0146196356,2151.4184881743263,1215.641862999224,477.780163824792,633.8402257741666,151.4672830104828,6939.222039461135,2230.9132176932167,1309.1015657294029,531.4916658999873,758.4526801885343,199.80642986297607,7161.473552367266,2432.880108981974,1473.2367517817254,602.3929529788447,893.8075319112515,248.14471244812012,7736.855996954673,2984.8325021977516,1785.2619303011427,705.5248871447993,1006.6065176309323,283.5953071117401,0.0,0.0,0.0,0.0,0.0,0.0,0.0,0.0,0.0,0.0,0.0,0.0,0.0,0.0,0.0,0.0,0.0,0.0,0.0,0.0,0.0,0.0,0.0,0.0,0.0,0.0,0.0,0.0,0.0,0.0
"87,171",2497.5104688192278,0.0,0.0,0.0,0.0,0.0,0.0,0.0,0.0,0.0,0.0,53.98915984396841,62.3110760941225,67.14404946962992,47.25403485578649,22.52645829144646,16.117713689804077,60.4366514897814,73.04395828527564,74.65101575196958,44.029791214886835,35.41856124821831,16.117713689804077,63.66024162535574,96.6686902326696,77.87266635240293,57.98450854245354,39.70376129711376,16.117713689804077,83.00300338034536,155.75685592258677,74.64625858606077,57.983602075015796,49.37385817135082,16.117713689804077,89.44929363493826,189.01859466047847,110.07087924527187,90.22152116719414,52.59703345859752,16.117713689804077,0.0,0.0,0.0,0.0,0.0,0.0,0.0,0.0,0.0,0.0,0.0,0.0,0.0,0.0,0.0,0.0,0.0,0.0,0.0,0.0,0.0,0.0,0.0,0.0,0.0,0.0,0.0,0.0,0.0,0.0
"88,171",2499.3538854803583,0.0,0.0,0.0,0.0,0.0,0.0,0.0,0.0,0.0,0.0,465.6352602706237,191.1508452695959,32.2768828868866,19.367040634155273,0.0,0.0,562.4726895556732,229.88416169110468,41.9600613117218,25.822736740112305,0.0,0.0,581.1174892846278,246.02152202550104,48.41351342201233,25.822736740112305,3.2278637886047363,0.0,579.6744243958419,246.02156160298517,48.41351342201233,25.822736740112305,3.2278637886047363,0.0,576.4469334938949,246.02126787129572,48.41351342201233,25.822736740112305,3.2278637886047363,0.0,0.0,0.0,0.0,0.0,0.0,0.0,0.0,0.0,0.0,0.0,0.0,0.0,0.0,0.0,0.0,0.0,0.0,0.0,0.0,0.0,0.0,0.0,0.0,0.0,0.0,0.0,0.0,0.0,0.0,0.0
"89,171",2501.0460104077715,0.0,0.0,0.0,0.0,0.0,0.0,0.0,0.0,0.0,0.0,9891.394085241765,667.7474813657648,74.26461553573608,9.686750650405884,25.836185693740845,12.917326211929321,11480.298217846364,929.33926393565,125.93962740898132,22.60512089729309,41.98322367668152,9.68782377243042,13877.351474338418,1439.6258440214044,206.68442487716675,83.96698999404907,67.81858396530151,22.60466241836548,15939.266145004945,2166.2789037423972,371.40161633491516,132.40936660766602,100.11306524276733,35.522324085235596,18668.199950232225,2896.1668853956107,494.1269283294678,180.85404443740845,119.49002695083618,45.210400342941284,0.0,0.0,0.0,0.0,0.0,0.0,0.0,0.0,0.0,0.0,0.0,0.0,0.0,0.0,0.0,0.0,0.0,0.0,0.0,0.0,0.0,0.0,0.0,0.0,0.0,0.0,0.0,0.0,0.0,0.0
"90,171",2502.586240324828,0.0,0.0,0.0,0.0,0.0,0.0,0.0,0.0,0.0,0.0,23142.385232542074,2937.1032841205597,565.4275195598602,121.9611239788579,157.4870760422127,12.922097206115723,24584.446076312717,3537.1904732292774,632.460759158228,150.2270604021409,176.87500428966447,16.15244197845459,27110.213001565367,3729.4013242057727,703.5412654829961,168.80102208829393,195.44995707530603,12.921350717544556,28593.41645332785,3855.3865620426104,755.2265970660192,188.18453243947496,205.14685601253137,12.921230792999268,32360.009447856042,4310.909021072762,826.3015108061772,207.5692382214116,214.84080881137476,12.921230792999268,0.0,0.0,0.0,0.0,0.0,0.0,0.0,0.0,0.0,0.0,0.0,0.0,0.0,0.0,0.0,0.0,0.0,0.0,0.0,0.0,0.0,0.0,0.0,0.0,0.0,0.0,0.0,0.0,0.0,0.0
"91,171",2503.974025171874,0.0,0.0,0.0,0.0,0.0,0.0,0.0,0.0,0.0,0.0,44591.684523654454,6221.2693831901925,685.3209528923035,64.65643644332886,0.0,0.0,47269.52605701802,6515.434997079887,746.746702671051,61.423842668533325,3.2332229614257812,0.0,49656.21585388371,6755.411024112327,762.9069845676422,58.19131684303284,3.2332229614257812,0.0,52786.85787148943,7540.990343589408,850.2044851779938,61.42456912994385,6.4664695262908936,0.0,55966.7423413604,8117.2438633441925,898.7002358436584,71.12283444404602,9.698598861694336,0.0,0.0,0.0,0.0,0.0,0.0,0.0,0.0,0.0,0.0,0.0,0.0,0.0,0.0,0.0,0.0,0.0,0.0,0.0,0.0,0.0,0.0,0.0,0.0,0.0,0.0,0.0,0.0,0.0,0.0,0.0
"92,171",2505.208868567581,0.0,0.0,0.0,0.0,0.0,0.0,0.0,0.0,0.0,0.0,13693.760089223524,4869.840215336108,393.51746714535886,35.582810401916504,3.235034465789795,0.0,15804.578329476188,5601.961003972035,484.09542787495775,54.99262976646423,3.235034465789795,0.0,15609.077285289764,5521.103005124073,480.86245525304,54.9929575920105,6.470109462738037,0.0,16053.473095259013,5598.908017402537,499.4247097136927,58.228002071380615,6.470109462738037,0.0,17715.266922306546,5841.501919752009,577.0554250838709,64.69769287109375,6.470109462738037,0.0,0.0,0.0,0.0,0.0,0.0,0.0,0.0,0.0,0.0,0.0,0.0,0.0,0.0,0.0,0.0,0.0,0.0,0.0,0.0,0.0,0.0,0.0,0.0,0.0,0.0,0.0,0.0,0.0,0.0,0.0
"93,171",2506.29032822548,0.0,0.0,0.0,0.0,0.0,0.0,0.0,0.0,0.0,0.0,16170.813279048134,9788.691964626312,1599.4573738574982,197.374413728714,3.2354753017425537,0.0,17973.05538167112,10370.016301870346,1816.2328510284424,210.3166720867157,9.70668363571167,0.0,19627.299785614014,11240.371266365051,2262.7217705249786,268.5535786151886,19.41242480278015,0.0,21171.839327398,12186.513517094592,2547.4426069259644,346.20496892929077,22.647585153579712,0.0,21888.519472081054,12854.67756892466,2682.5231173692964,385.0327844619751,22.647585153579712,0.0,0.0,0.0,0.0,0.0,0.0,0.0,0.0,0.0,0.0,0.0,0.0,0.0,0.0,0.0,0.0,0.0,0.0,0.0,0.0,0.0,0.0,0.0,0.0,0.0,0.0,0.0,0.0,0.0,0.0,0.0
"94,171",2507.218016325198,0.0,0.0,0.0,0.0,0.0,0.0,0.0,0.0,0.0,0.0,65432.06190340192,13886.42110931359,1330.8727864134544,168.33115768432617,9.71152663230896,0.0,69320.51795706002,15277.523166874344,1444.1660891878837,184.51613211631775,9.71152663230896,0.0,74214.72039675713,16475.93517666237,1586.5913959849113,190.99078130722046,9.71152663230896,0.0,80135.58150507142,18110.229325040185,1926.4626537668937,233.0705909729004,12.948880672454834,0.0,83808.24272995089,19075.120166489658,2094.420569482504,249.25510454177856,12.948880672454834,0.0,0.0,0.0,0.0,0.0,0.0,0.0,0.0,0.0,0.0,0.0,0.0,0.0,0.0,0.0,0.0,0.0,0.0,0.0,0.0,0.0,0.0,0.0,0.0,0.0,0.0,0.0,0.0,0.0,0.0,0.0
"95,171",2507.991599840044,0.0,0.0,0.0,0.0,0.0,0.0,0.0,0.0,0.0,0.0,136691.00185447396,11211.824526108012,1054.0305196874283,58.28231191635132,3.2378101348876953,0.0,139263.2869000921,11724.11684387151,1151.1675045125626,58.28231191635132,0.0,0.0,144305.00752157698,12847.687325171864,1348.6837119691513,61.51980805397034,3.2378101348876953,0.0,147394.67393334146,13544.179159879684,1426.3970985047958,71.23356294631958,0.0,0.0,150621.28832227015,14528.976823811437,1582.170995981553,87.42247247695923,0.0,0.0,0.0,0.0,0.0,0.0,0.0,0.0,0.0,0.0,0.0,0.0,0.0,0.0,0.0,0.0,0.0,0.0,0.0,0.0,0.0,0.0,0.0,0.0,0.0,0.0,0.0,0.0,0.0,0.0,0.0,0.0
"96,171",2508.6108008170877,0.0,0.0,0.0,0.0,0.0,0.0,0.0,0.0,0.0,0.0,106696.7871154654,16358.471759590448,1602.5956131766825,126.30980467796326,16.19364023208618,0.0,110897.47099614513,17339.81673020662,1790.4489652465372,158.69709515571594,22.671085119247437,0.0,116739.53231238287,18591.5714255548,2031.7298317703544,168.41376972198486,25.909825563430786,0.0,120039.57073726557,19700.018545584586,2167.7616525444328,171.65286016464233,32.38715648651123,0.0,126723.953450734,21076.523426966574,2395.9188517009507,191.08560943603516,32.38715648651123,0.0,0.0,0.0,0.0,0.0,0.0,0.0,0.0,0.0,0.0,0.0,0.0,0.0,0.0,0.0,0.0,0.0,0.0,0.0,0.0,0.0,0.0,0.0,0.0,0.0,0.0,0.0,0.0,0.0,0.0,0.0
"97,171",2509.0753966112156,0.0,0.0,0.0,0.0,0.0,0.0,0.0,0.0,0.0,0.0,26747.05552080098,5164.444559676974,673.6173757796194,55.070486068725586,0.0,0.0,28866.465181665793,5748.261261731503,782.9429224219977,58.309786319732666,0.0,0.0,31867.515313556145,6619.648055821774,999.980824061936,84.22612309455872,0.0,0.0,34635.460038505815,7992.092078258477,1273.5391918836856,87.46578741073608,0.0,0.0,37753.08933902721,8873.92123839902,1531.150060813567,103.66237878799438,0.0,0.0,0.0,0.0,0.0,0.0,0.0,0.0,0.0,0.0,0.0,0.0,0.0,0.0,0.0,0.0,0.0,0.0,0.0,0.0,0.0,0.0,0.0,0.0,0.0,0.0,0.0,0.0,0.0,0.0,0.0,0.0
"98,171",2509.385220074373,0.0,0.0,0.0,0.0,0.0,0.0,0.0,0.0,0.0,0.0,9728.472685347351,5029.9645586210145,617.3300143746769,35.636301040649414,0.0,0.0,10646.010036765829,5523.284485845004,724.2386523751652,35.636301040649414,0.0,0.0,11760.627627604616,5981.692669388827,827.9088474778569,45.35543370246887,0.0,0.0,13613.025390261297,7051.8448683991155,1065.3825793294345,51.834742307662964,0.0,0.0,14204.061966089175,7361.318210657905,1138.357767724056,55.0743989944458,0.0,0.0,0.0,0.0,0.0,0.0,0.0,0.0,0.0,0.0,0.0,0.0,0.0,0.0,0.0,0.0,0.0,0.0,0.0,0.0,0.0,0.0,0.0,0.0,0.0,0.0,0.0,0.0,0.0,0.0,0.0,0.0
"99,171",2509.540159695353,0.0,0.0,0.0,0.0,0.0,0.0,0.0,0.0,0.0,0.0,17579.460695618276,4832.457166581995,883.7024090252671,38.87966799736023,0.0,0.0,19734.40339505065,5380.016276985056,993.8622446022782,38.87966799736023,0.0,0.0,21089.49542363204,5931.704890012741,1091.0618991814408,35.63969802856445,0.0,0.0,21748.282023983375,6235.5405604839325,1138.9377186260972,38.87967777252197,0.0,0.0,22903.5123980812,6698.136023759842,1287.2534570656571,45.359673738479614,0.0,0.0,0.0,0.0,0.0,0.0,0.0,0.0,0.0,0.0,0.0,0.0,0.0,0.0,0.0,0.0,0.0,0.0,0.0,0.0,0.0,0.0,0.0,0.0,0.0,0.0,0.0,0.0,0.0,0.0,0.0,0.0
"100,171",2509.5401596953293,0.0,0.0,0.0,0.0,0.0,0.0,0.0,0.0,0.0,0.0,3543.060674989925,1184.03323413344,102.22957700841567,3.2399027347564697,0.0,0.0,4391.586494053111,1378.4307739874896,150.82907289617202,6.479861736297607,0.0,0.0,6150.874439323649,1852.186129584032,179.98861950986526,6.479861736297607,0.0,0.0,7562.415184343562,2311.5327133711644,287.63067978971145,6.479861736297607,0.0,0.0,8837.176095569834,2817.6933764990636,372.59420913808486,6.479861736297607,0.0,0.0,0.0,0.0,0.0,0.0,0.0,0.0,0.0,0.0,0.0,0.0,0.0,0.0,0.0,0.0,0.0,0.0,0.0,0.0,0.0,0.0,0.0,0.0,0.0,0.0,0.0,0.0,0.0,0.0,0.0,0.0
"101,171",2509.385220074396,0.0,0.0,0.0,0.0,0.0,0.0,0.0,0.0,0.0,0.0,6802.310596495984,2018.7046683919195,283.29411448216905,6.4794371128082275,0.0,0.0,7844.384149943147,2277.8823255193,325.41093338704576,6.4794371128082275,0.0,0.0,8621.911036406313,2556.4979849946267,393.4449325916814,6.4794371128082275,0.0,0.0,9759.072074805055,3024.4616820821575,503.597157609229,6.4794371128082275,0.0,0.0,10649.98906103209,3426.185779572468,610.5076989052343,6.4794371128082275,0.0,0.0,0.0,0.0,0.0,0.0,0.0,0.0,0.0,0.0,0.0,0.0,0.0,0.0,0.0,0.0,0.0,0.0,0.0,0.0,0.0,0.0,0.0,0.0,0.0,0.0,0.0,0.0,0.0,0.0,0.0,0.0
"102,171",2509.075396611197,0.0,0.0,0.0,0.0,0.0,0.0,0.0,0.0,0.0,0.0,20673.70278681587,3145.6916577292427,541.3130123484368,42.1106116771698,0.0,0.0,23149.6722725756,3498.778734870051,619.0566358435387,45.34984278678894,0.0,0.0,28070.059072626336,4188.736236996745,761.5812666285271,77.74195122718811,0.0,0.0,30444.0514856834,4554.772720999812,874.9555005896325,80.98112535476685,0.0,0.0,31062.737295772517,4671.385170407389,910.587675558352,80.98112535476685,0.0,0.0,0.0,0.0,0.0,0.0,0.0,0.0,0.0,0.0,0.0,0.0,0.0,0.0,0.0,0.0,0.0,0.0,0.0,0.0,0.0,0.0,0.0,0.0,0.0,0.0,0.0,0.0,0.0,0.0,0.0,0.0
"103,171",2508.610800817144,0.0,0.0,0.0,0.0,0.0,0.0,0.0,0.0,0.0,0.0,73909.28078810652,11310.38800273783,1338.0708733670851,9.716455936431885,0.0,0.0,75120.56697890336,11641.265269171021,1389.532615000594,9.716455936431885,0.0,0.0,76461.68359518984,11901.169730285568,1425.1590335911396,9.716455936431885,0.0,0.0,77748.76258574933,12271.01585759649,1479.0469390429703,12.95485806465149,0.0,0.0,78904.27491794097,12552.737695757549,1514.6689724005905,16.19327473640442,0.0,0.0,0.0,0.0,0.0,0.0,0.0,0.0,0.0,0.0,0.0,0.0,0.0,0.0,0.0,0.0,0.0,0.0,0.0,0.0,0.0,0.0,0.0,0.0,0.0,0.0,0.0,0.0,0.0,0.0,0.0,0.0
"104,171",2507.9915998400934,0.0,0.0,0.0,0.0,0.0,0.0,0.0,0.0,0.0,0.0,49619.77765637939,27157.900357870963,4009.957907183965,971.3069472312927,479.17606377601624,9.712977170944214,51617.03674202619,28472.53038166738,4274.742892301783,1016.6356244087219,475.9382348060608,9.712941884994507,55533.00135572003,30208.324554020754,4607.438040334103,1058.7256462574005,479.1755142211914,12.95059609413147,58110.84841268763,31841.233267041753,4983.392688378165,1123.4806005954742,469.46261525154114,12.95059609413147,59936.55558706265,33424.54954073102,5477.715287312339,1177.4443795681,453.2743926048279,12.95059609413147,0.0,0.0,0.0,0.0,0.0,0.0,0.0,0.0,0.0,0.0,0.0,0.0,0.0,0.0,0.0,0.0,0.0,0.0,0.0,0.0,0.0,0.0,0.0,0.0,0.0,0.0,0.0,0.0,0.0,0.0
"105,171",2507.218016325191,0.0,0.0,0.0,0.0,0.0,0.0,0.0,0.0,0.0,0.0,21427.5543838903,7384.952293611976,1411.5001225471497,229.8534505367279,110.07107520103455,0.0,22563.454033878737,7706.520861319935,1480.5516249684727,233.09093928337097,113.308664560318,0.0,23877.73711363568,8498.578607640546,1603.5715169457828,278.413943529129,119.78358912467957,0.0,25627.727781575333,8880.552206224555,1700.6921534089481,307.550573348999,119.7837426662445,0.0,27526.63767740586,9191.344232982749,1798.8799921568702,353.94094605726355,142.44606733322144,0.0,0.0,0.0,0.0,0.0,0.0,0.0,0.0,0.0,0.0,0.0,0.0,0.0,0.0,0.0,0.0,0.0,0.0,0.0,0.0,0.0,0.0,0.0,0.0,0.0,0.0,0.0,0.0,0.0,0.0,0.0
"106,171",2506.290328225389,0.0,0.0,0.0,0.0,0.0,0.0,0.0,0.0,0.0,0.0,18777.087685148388,342.98436069488525,25.885776042938232,0.0,3.2358055114746094,0.0,18777.973692413405,372.1061029434204,29.12165093421936,0.0,3.2358055114746094,0.0,19205.87488508131,394.75952672958374,25.885977029800415,0.0,3.2358055114746094,0.0,20125.828111901938,407.70227885246277,25.885977029800415,0.0,3.2358055114746094,0.0,19724.62017895287,414.17387890815735,25.885977029800415,0.0,3.2358055114746094,0.0,0.0,0.0,0.0,0.0,0.0,0.0,0.0,0.0,0.0,0.0,0.0,0.0,0.0,0.0,0.0,0.0,0.0,0.0,0.0,0.0,0.0,0.0,0.0,0.0,0.0,0.0,0.0,0.0,0.0,0.0
"107,171",2043.8226122362396,0.0,0.0,0.0,0.0,0.0,0.0,0.0,0.0,0.0,0.0,15907.864540710634,339.0915530934053,19.40405297279358,0.0,0.0,0.0,17643.944943227954,362.00983882604856,19.40405297279358,0.0,0.0,0.0,20546.159763281954,378.1801958149554,19.40405297279358,0.0,0.0,0.0,25190.274922570057,417.7619862958496,19.40405297279358,0.0,0.0,0.0,28761.064645859773,430.6999872132843,22.6386559009552,0.0,0.0,0.0,0.0,0.0,0.0,0.0,0.0,0.0,0.0,0.0,0.0,0.0,0.0,0.0,0.0,0.0,0.0,0.0,0.0,0.0,0.0,0.0,0.0,0.0,0.0,0.0,0.0,0.0,0.0,0.0,0.0,0.0
"108,171",925.4057942314045,0.0,0.0,0.0,0.0,0.0,0.0,0.0,0.0,0.0,0.0,35121.00928946476,16056.375986583562,2424.37364635748,252.15664744377136,12.931787729263306,0.0,35905.54685543472,16405.25693312533,2543.9914296655093,265.0880722999573,9.698632717132568,0.0,37192.91917812123,16820.075161871257,2589.2486189393435,281.25197172164917,9.698632717132568,0.0,39260.01306475658,17214.952652782555,2673.300693133298,303.88145422935486,9.698632717132568,0.0,40570.00687016974,17882.5243560202,2747.652445891324,320.0448567867279,9.698632717132568,0.0,0.0,0.0,0.0,0.0,0.0,0.0,0.0,0.0,0.0,0.0,0.0,0.0,0.0,0.0,0.0,0.0,0.0,0.0,0.0,0.0,0.0,0.0,0.0,0.0,0.0,0.0,0.0,0.0,0.0,0.0
"110,171",711.5682063207734,0.0,0.0,0.0,0.0,0.0,0.0,0.0,0.0,0.0,0.0,24458.719916217466,10335.13908892613,1221.2851808370326,112.64518836339315,25.82523512840271,0.0,24412.361033638783,10371.72712229093,1276.1646814645505,112.6458175500234,25.82523512840271,0.0,24238.435725997475,10485.772709665112,1331.0439517797206,122.58385587580065,25.82523512840271,0.0,24558.202987072513,10710.722185903438,1410.6514889567504,132.26859618074755,29.053370475769043,0.0,24848.634887686894,10946.191374922733,1452.621972498239,135.49743748552658,32.281606912612915,0.0,0.0,0.0,0.0,0.0,0.0,0.0,0.0,0.0,0.0,0.0,0.0,0.0,0.0,0.0,0.0,0.0,0.0,0.0,0.0,0.0,0.0,0.0,0.0,0.0,0.0,0.0,0.0,0.0,0.0,0.0
"111,171",540.8184032607168,0.0,0.0,0.0,0.0,0.0,0.0,0.0,0.0,0.0,0.0,16103.98005512836,5115.618896777956,823.1443203598844,134.43189509335684,81.17947067933923,25.816988945007324,16259.553118190579,5167.572074446023,831.4352442778792,128.61103447371835,84.4071983309353,29.044217586517334,16506.123149828818,5320.79235810766,847.5720731772627,120.05709093972749,84.9386325078852,25.81704568862915,16821.781902326322,5594.417302523407,903.572290503745,121.27206475407469,97.84746625002693,19.362677812576294,17183.26668049214,5854.168307799919,1010.6762242027359,141.76107990507984,112.92034065583172,12.908760070800781,0.0,0.0,0.0,0.0,0.0,0.0,0.0,0.0,0.0,0.0,0.0,0.0,0.0,0.0,0.0,0.0,0.0,0.0,0.0,0.0,0.0,0.0,0.0,0.0,0.0,0.0,0.0,0.0,0.0,0.0
"116,171",239.17204686479613,0.0,0.0,0.0,0.0,0.0,0.0,0.0,0.0,0.0,0.0,2000.8828849502643,2392.0405333042145,956.8321573229397,395.8600257630442,341.4715873353622,171.33196099786198,2015.6929662639022,2421.2553828921973,956.8306734057034,402.2859228844736,336.2565641851986,171.33196099786198,2051.7616618567827,2456.9812495325127,975.7425971816568,411.92286598635656,355.53619055467493,171.33196099786198,2113.2880988308034,2584.6406779233153,994.7045957845801,421.56171023798925,374.8159256430234,168.11884864358342,2152.912405999502,2638.3304379640845,1031.024716952268,424.77524101687413,390.88148789125336,174.60914185187397,0.0,0.0,0.0,0.0,0.0,0.0,0.0,0.0,0.0,0.0,0.0,0.0,0.0,0.0,0.0,0.0,0.0,0.0,0.0,0.0,0.0,0.0,0.0,0.0,0.0,0.0,0.0,0.0,0.0,0.0
"87,172",1917.243515364363,0.0,0.0,0.0,0.0,0.0,0.0,0.0,0.0,0.0,0.0,309.8600970212151,481.2812853962767,203.63962334932066,22.56595540046692,6.449669599533081,0.0,367.4977725730223,523.4198805930569,210.08728260339475,29.012592792510986,12.8983793258667,0.0,409.03620779654557,578.2184354903652,218.27870431974821,29.012592792510986,19.347115755081177,0.0,484.9452290114235,650.8071589226817,249.4370987359215,38.45607580016641,16.122756481170654,0.0,516.6493129421683,720.9530734099594,303.2789739449819,51.34957755874185,21.937403164657894,0.0,0.0,0.0,0.0,0.0,0.0,0.0,0.0,0.0,0.0,0.0,0.0,0.0,0.0,0.0,0.0,0.0,0.0,0.0,0.0,0.0,0.0,0.0,0.0,0.0,0.0,0.0,0.0,0.0,0.0,0.0
"88,172",2499.4655077922616,0.0,0.0,0.0,0.0,0.0,0.0,0.0,0.0,0.0,0.0,6.452542304992676,3.2267165184020996,3.226840019226074,0.0,0.0,0.0,6.452542304992676,9.680240154266357,6.453647136688232,0.0,0.0,0.0,6.452542304992676,9.680240154266357,6.453647136688232,0.0,0.0,0.0,6.452542304992676,12.907047271728516,6.453647136688232,0.0,0.0,0.0,6.452542304992676,19.36060380935669,6.453647136688232,0.0,0.0,0.0,0.0,0.0,0.0,0.0,0.0,0.0,0.0,0.0,0.0,0.0,0.0,0.0,0.0,0.0,0.0,0.0,0.0,0.0,0.0,0.0,0.0,0.0,0.0,0.0,0.0,0.0,0.0,0.0,0.0,0.0
"89,172",2501.157912318264,0.0,0.0,0.0,0.0,0.0,0.0,0.0,0.0,0.0,0.0,16.144166231155396,12.918834209442139,12.916244506835938,0.0,0.0,0.0,29.063029289245605,32.29755878448486,12.916244506835938,0.0,0.0,0.0,61.36060309410095,54.905293703079224,12.916244506835938,0.0,0.0,0.0,80.73884797096252,93.65950131416321,29.064335823059082,0.0,3.2293694019317627,0.0,71.04858446121216,87.20011711120605,25.834397554397583,0.0,3.2293694019317627,0.0,0.0,0.0,0.0,0.0,0.0,0.0,0.0,0.0,0.0,0.0,0.0,0.0,0.0,0.0,0.0,0.0,0.0,0.0,0.0,0.0,0.0,0.0,0.0,0.0,0.0,0.0,0.0,0.0,0.0,0.0
"90,172",2502.698400873073,0.0,0.0,0.0,0.0,0.0,0.0,0.0,0.0,0.0,0.0,5994.648427698659,3891.435285492504,982.5064249029347,210.84834500574598,33.12385368534163,0.0,7359.099223994274,4153.988286746717,1070.5638783015456,227.81795827080222,36.35564136692122,0.0,7867.253345708286,4282.523327780705,1091.5621458493029,231.8605734946681,37.166871366313856,0.0,8711.80215686069,4890.0335809717,1303.2134052482304,283.56189867281444,43.62983017902748,0.0,10125.902495115879,5522.6788219115315,1563.342312329423,346.5694089683832,56.55523377399818,0.0,0.0,0.0,0.0,0.0,0.0,0.0,0.0,0.0,0.0,0.0,0.0,0.0,0.0,0.0,0.0,0.0,0.0,0.0,0.0,0.0,0.0,0.0,0.0,0.0,0.0,0.0,0.0,0.0,0.0,0.0
"91,172",2504.086422148579,0.0,0.0,0.0,0.0,0.0,0.0,0.0,0.0,0.0,0.0,20306.934350897285,9500.101408513387,1825.2238015661053,330.2457341848635,29.09403944015503,0.0,21243.389784021005,10472.13917111883,2050.1110865994997,385.21224209654565,32.32648992538452,0.0,21826.072275371178,10845.749162932938,2203.863041802949,417.544253319385,29.09422755241394,0.0,24078.447571879737,12476.696793689915,2882.8084446635903,530.6986853777194,32.32710266113281,0.0,27384.313350239918,14766.351915841942,3735.062092494965,705.2847699819827,45.259645223617554,0.0,0.0,0.0,0.0,0.0,0.0,0.0,0.0,0.0,0.0,0.0,0.0,0.0,0.0,0.0,0.0,0.0,0.0,0.0,0.0,0.0,0.0,0.0,0.0,0.0,0.0,0.0,0.0,0.0,0.0,0.0
"92,172",2505.32147862731,0.0,0.0,0.0,0.0,0.0,0.0,0.0,0.0,0.0,0.0,9043.128884792328,4058.515241129258,807.4958311604519,133.68053691153432,0.0,0.0,9487.280855820227,4386.196429373236,860.6682182237214,169.25464551215077,3.2336184978485107,0.0,9682.02872042843,4492.520338032292,891.1991480733834,159.55054275755788,3.2336184978485107,0.0,11144.545072606967,4880.359019517899,1027.8442185411266,182.1912223554125,3.2336184978485107,0.0,11852.945065848968,5406.080436601826,1244.1582877981896,227.4631516194811,6.467627286911011,0.0,0.0,0.0,0.0,0.0,0.0,0.0,0.0,0.0,0.0,0.0,0.0,0.0,0.0,0.0,0.0,0.0,0.0,0.0,0.0,0.0,0.0,0.0,0.0,0.0,0.0,0.0,0.0,0.0,0.0,0.0
"93,172",2506.4031270030396,0.0,0.0,0.0,0.0,0.0,0.0,0.0,0.0,0.0,0.0,6346.54787847201,1779.778023454255,332.22264488538104,22.65148138999939,0.0,0.0,9147.240218074649,3032.2862122517004,772.329649661569,32.360411405563354,0.0,0.0,13025.087124057844,5203.274637436399,1518.2269874236163,107.14390139205783,0.0,0.0,15942.62428914145,7126.474738386566,2301.3528500220355,178.33640651328892,3.236321449279785,0.0,17345.090140822354,7661.84409961233,2527.7779469985585,200.98794536216587,3.236321449279785,0.0,0.0,0.0,0.0,0.0,0.0,0.0,0.0,0.0,0.0,0.0,0.0,0.0,0.0,0.0,0.0,0.0,0.0,0.0,0.0,0.0,0.0,0.0,0.0,0.0,0.0,0.0,0.0,0.0,0.0,0.0
"94,172",2507.330978555496,0.0,0.0,0.0,0.0,0.0,0.0,0.0,0.0,0.0,0.0,39154.9486911942,10524.133596707323,1514.0645323884253,200.69295382499695,9.711651802062988,0.0,42865.71647884238,11950.273594887116,1803.7390018565982,220.1149091720581,9.711651802062988,0.0,46456.4071422418,13359.658259737726,2101.707745407142,234.31868100633807,9.711651802062988,0.0,51309.373142822114,15115.487128568164,2541.9040339928047,272.80472653800365,9.711651802062988,0.0,55521.25551131567,16427.328850721846,2718.864201245588,263.09501999312755,9.711651802062988,0.0,0.0,0.0,0.0,0.0,0.0,0.0,0.0,0.0,0.0,0.0,0.0,0.0,0.0,0.0,0.0,0.0,0.0,0.0,0.0,0.0,0.0,0.0,0.0,0.0,0.0,0.0,0.0,0.0,0.0,0.0
"95,172",2508.1046994808057,0.0,0.0,0.0,0.0,0.0,0.0,0.0,0.0,0.0,0.0,79788.85518460836,8321.873187467163,407.709913595985,29.139069080352783,0.0,0.0,89992.37185110204,10229.014679206586,482.1843525017009,35.61413335800171,0.0,0.0,100297.12713352278,11747.390545249453,590.4515253459706,58.277039527893066,0.0,0.0,114813.95998076459,14215.167318701278,718.3427337936326,74.82103211458991,3.237546443939209,0.0,122563.63913749339,15661.63573139602,841.7425682554058,87.77264625605414,3.237546443939209,0.0,0.0,0.0,0.0,0.0,0.0,0.0,0.0,0.0,0.0,0.0,0.0,0.0,0.0,0.0,0.0,0.0,0.0,0.0,0.0,0.0,0.0,0.0,0.0,0.0,0.0,0.0,0.0,0.0,0.0,0.0
"96,172",2508.7240111741303,0.0,0.0,0.0,0.0,0.0,0.0,0.0,0.0,0.0,0.0,66845.62539050626,17996.682739823475,2096.362085645339,210.5231909751892,16.194385528564453,0.0,70110.45135388468,18909.252242431456,2353.670897216423,236.43357062339783,19.43324065208435,0.0,77146.2584873536,20394.426216503216,2581.647320392085,262.3450028896332,19.43324065208435,0.0,83648.17595308903,22443.859179669733,3031.85596502061,291.49537992477417,19.43324065208435,0.0,89409.7130047153,24313.704541337254,3457.5836165231817,336.8398766517639,19.43324065208435,0.0,0.0,0.0,0.0,0.0,0.0,0.0,0.0,0.0,0.0,0.0,0.0,0.0,0.0,0.0,0.0,0.0,0.0,0.0,0.0,0.0,0.0,0.0,0.0,0.0,0.0,0.0,0.0,0.0,0.0,0.0
"97,172",2509.188690466409,0.0,0.0,0.0,0.0,0.0,0.0,0.0,0.0,0.0,0.0,22291.670790608725,7651.183805303947,1707.1096645458072,198.30804971900642,3.2392518520355225,0.0,24501.00344234635,8394.76714329813,1852.2414624073926,214.5042829915589,3.2392518520355225,0.0,27460.250315001435,9396.250468682307,2093.9019693814066,237.17931799140632,3.2392518520355225,0.0,30087.00197091103,10990.337802028655,2503.66774889254,272.8106649324006,3.2392518520355225,0.0,32851.166890996115,12233.979130460702,2869.0582219217335,272.8108327790803,3.2392518520355225,0.0,0.0,0.0,0.0,0.0,0.0,0.0,0.0,0.0,0.0,0.0,0.0,0.0,0.0,0.0,0.0,0.0,0.0,0.0,0.0,0.0,0.0,0.0,0.0,0.0,0.0,0.0,0.0,0.0,0.0,0.0
"98,172",2509.498569814896,0.0,0.0,0.0,0.0,0.0,0.0,0.0,0.0,0.0,0.0,8563.871271285823,2797.4095605962416,568.7465013532078,60.829992605658134,0.0,0.0,9224.78778961406,3103.571098308002,636.7806023625767,64.06961090704974,0.0,0.0,10068.921494878507,3334.496681774364,708.0557846097386,73.78895075461443,0.0,0.0,12561.111811051649,4423.0314277106645,864.3775488909553,80.26853902480181,0.0,0.0,14243.991255266526,5179.436058531555,978.582794080996,86.7478967442232,0.0,0.0,0.0,0.0,0.0,0.0,0.0,0.0,0.0,0.0,0.0,0.0,0.0,0.0,0.0,0.0,0.0,0.0,0.0,0.0,0.0,0.0,0.0,0.0,0.0,0.0,0.0,0.0,0.0,0.0,0.0,0.0
"99,172",2509.653537444666,0.0,0.0,0.0,0.0,0.0,0.0,0.0,0.0,0.0,0.0,9193.222006616406,2325.4706555441317,422.0098125972,29.159717082977295,0.0,0.0,9698.659469423108,2468.0306168631014,480.3295443095413,32.399693965911865,0.0,0.0,10132.067536720577,2644.6159896981485,535.4092211760726,38.87960910797119,0.0,0.0,11374.58807226443,2968.6126277577646,603.4482018985,58.319512128829956,0.0,0.0,12385.46061917567,3300.7045472023533,749.2472934760299,68.0394959449768,0.0,0.0,0.0,0.0,0.0,0.0,0.0,0.0,0.0,0.0,0.0,0.0,0.0,0.0,0.0,0.0,0.0,0.0,0.0,0.0,0.0,0.0,0.0,0.0,0.0,0.0,0.0,0.0,0.0,0.0,0.0,0.0
"100,172",2509.6535374446894,0.0,0.0,0.0,0.0,0.0,0.0,0.0,0.0,0.0,0.0,45.35934066772461,3.2399184703826904,0.0,0.0,0.0,0.0,42.11950135231018,0.0,0.0,0.0,0.0,0.0,38.87958359718323,0.0,0.0,0.0,0.0,0.0,35.639745473861694,0.0,0.0,0.0,0.0,0.0,35.639745473861694,0.0,0.0,0.0,0.0,0.0,0.0,0.0,0.0,0.0,0.0,0.0,0.0,0.0,0.0,0.0,0.0,0.0,0.0,0.0,0.0,0.0,0.0,0.0,0.0,0.0,0.0,0.0,0.0,0.0,0.0,0.0,0.0,0.0,0.0,0.0
"101,172",2509.49856981492,0.0,0.0,0.0,0.0,0.0,0.0,0.0,0.0,0.0,0.0,149.02533435821533,29.157171964645386,3.239628791809082,3.2396275997161865,0.0,0.0,139.30669236183167,38.87623071670532,6.479318857192993,3.2396275997161865,0.0,0.0,168.46443438529968,45.3560905456543,6.479381322860718,0.0,0.0,0.0,168.4646441936493,45.35594987869263,12.958757400512695,0.0,0.0,0.0,139.3067445755005,45.355777978897095,12.958757400512695,0.0,0.0,0.0,0.0,0.0,0.0,0.0,0.0,0.0,0.0,0.0,0.0,0.0,0.0,0.0,0.0,0.0,0.0,0.0,0.0,0.0,0.0,0.0,0.0,0.0,0.0,0.0,0.0,0.0,0.0,0.0,0.0,0.0
"102,172",2509.1886904664116,0.0,0.0,0.0,0.0,0.0,0.0,0.0,0.0,0.0,0.0,5490.039449248595,432.5865836564232,81.3354019726024,0.0,0.0,0.0,8242.177664838118,670.6462302675434,108.86212188122319,0.0,0.0,0.0,8941.85427149324,784.3629581825406,134.77597981808233,0.0,0.0,0.0,8885.168791530647,819.9950041668088,141.25446301815558,0.0,0.0,0.0,8081.158151464837,830.0681831341163,144.4935324799781,3.239253044128418,0.0,0.0,0.0,0.0,0.0,0.0,0.0,0.0,0.0,0.0,0.0,0.0,0.0,0.0,0.0,0.0,0.0,0.0,0.0,0.0,0.0,0.0,0.0,0.0,0.0,0.0,0.0,0.0,0.0,0.0,0.0,0.0
"103,172",2508.724011174108,0.0,0.0,0.0,0.0,0.0,0.0,0.0,0.0,0.0,0.0,39586.18126345709,4872.555205887439,697.6744444201975,6.477555513381958,0.0,0.0,46733.79323189211,5622.316058358024,762.4469842742471,6.477555513381958,0.0,0.0,50619.94419637941,6537.337740187551,911.4272908996131,6.477555513381958,0.0,0.0,57988.366695562065,8208.931106587954,1206.9563184812957,9.71633267402649,0.0,0.0,60621.66974916832,9186.675311938456,1354.3210921932668,12.95503044128418,0.0,0.0,0.0,0.0,0.0,0.0,0.0,0.0,0.0,0.0,0.0,0.0,0.0,0.0,0.0,0.0,0.0,0.0,0.0,0.0,0.0,0.0,0.0,0.0,0.0,0.0,0.0,0.0,0.0,0.0,0.0,0.0
"104,172",2508.1046994808103,0.0,0.0,0.0,0.0,0.0,0.0,0.0,0.0,0.0,0.0,60947.23839004367,12927.579625010025,1124.7692778793037,167.2763373851776,29.138249158859253,0.0,69215.0457277167,14046.27226299772,1251.0556128707588,176.98902201652527,29.138249158859253,0.0,73344.42355878306,15007.001951125088,1371.6723127636255,176.98902201652527,29.138249158859253,0.0,75126.30379142855,15549.48439300294,1455.862415340835,176.98902201652527,29.138249158859253,0.0,76190.48275372374,15782.631257893992,1494.7212603363337,176.98902201652527,29.138249158859253,0.0,0.0,0.0,0.0,0.0,0.0,0.0,0.0,0.0,0.0,0.0,0.0,0.0,0.0,0.0,0.0,0.0,0.0,0.0,0.0,0.0,0.0,0.0,0.0,0.0,0.0,0.0,0.0,0.0,0.0,0.0
"105,172",2507.330978555548,0.0,0.0,0.0,0.0,0.0,0.0,0.0,0.0,0.0,0.0,34437.576289532226,26613.702854177063,9919.641763777825,3777.2124167180527,2128.465288058449,90.63923144340515,38270.13808197975,29589.992214736747,10979.801809841978,4219.084345670775,2429.525810614754,110.06157112121582,42178.21087983075,33578.35601586547,12616.195111181223,4775.885778995589,2843.893062726189,116.5358247756958,45719.03687869801,35718.91925810926,13093.680247846303,4953.929005237655,2989.5657054340136,126.2471215724945,46535.35401126543,36673.07967405039,13454.429718391568,5005.722343536452,3038.1228784477007,123.01009345054626,0.0,0.0,0.0,0.0,0.0,0.0,0.0,0.0,0.0,0.0,0.0,0.0,0.0,0.0,0.0,0.0,0.0,0.0,0.0,0.0,0.0,0.0,0.0,0.0,0.0,0.0,0.0,0.0,0.0,0.0
"106,172",2506.403127002997,0.0,0.0,0.0,0.0,0.0,0.0,0.0,0.0,0.0,0.0,6525.782592197494,296.26779380125157,12.944885730743408,0.0,0.0,0.0,6893.76362471674,336.8899202879737,19.41701912879944,0.0,0.0,0.0,7450.516555535561,401.9554031961104,22.65329909324646,0.0,0.0,0.0,7809.602984030106,491.1206541201648,29.12580442428589,0.0,0.0,0.0,8259.603938369191,601.8308435692506,40.62474336904638,0.0,0.0,0.0,0.0,0.0,0.0,0.0,0.0,0.0,0.0,0.0,0.0,0.0,0.0,0.0,0.0,0.0,0.0,0.0,0.0,0.0,0.0,0.0,0.0,0.0,0.0,0.0,0.0,0.0,0.0,0.0,0.0,0.0
"107,172",682.3404882027353,0.0,0.0,0.0,0.0,0.0,0.0,0.0,0.0,0.0,0.0,413.3005622901169,3.2348015308380127,0.0,0.0,0.0,0.0,434.1502198022955,3.2348015308380127,0.0,0.0,0.0,0.0,500.8096464811587,12.787021662207211,0.0,0.0,0.0,0.0,626.9218007265353,16.83336081785314,0.0,0.0,0.0,0.0,685.0784098512986,26.53764024061315,0.0,0.0,0.0,0.0,0.0,0.0,0.0,0.0,0.0,0.0,0.0,0.0,0.0,0.0,0.0,0.0,0.0,0.0,0.0,0.0,0.0,0.0,0.0,0.0,0.0,0.0,0.0,0.0,0.0,0.0,0.0,0.0,0.0,0.0
"108,172",133.84368572156362,0.0,0.0,0.0,0.0,0.0,0.0,0.0,0.0,0.0,0.0,76.23145278014388,6.466640472412109,0.0,0.0,0.0,0.0,131.98588669533822,6.466640472412109,0.0,0.0,0.0,0.0,180.74060351521362,9.699925184249878,0.0,0.0,0.0,0.0,248.66839658232297,9.699925184249878,0.0,0.0,0.0,0.0,358.03359041400984,12.933303833007812,0.0,0.0,0.0,0.0,0.0,0.0,0.0,0.0,0.0,0.0,0.0,0.0,0.0,0.0,0.0,0.0,0.0,0.0,0.0,0.0,0.0,0.0,0.0,0.0,0.0,0.0,0.0,0.0,0.0,0.0,0.0,0.0,0.0,0.0
"86,173",342.5331249211604,0.0,0.0,0.0,0.0,0.0,0.0,0.0,0.0,0.0,0.0,0.0,0.0,0.0,0.0,0.0,0.0,0.0,0.0,0.0,0.0,0.0,0.0,0.0,0.0,0.0,0.0,0.0,0.0,0.0,0.0,0.0,0.0,0.0,0.0,0.0,0.0,0.0,0.0,0.0,0.0,0.0,0.0,0.0,0.0,0.0,0.0,0.0,0.0,0.0,0.0,0.0,0.0,0.0,0.0,0.0,0.0,0.0,0.0,0.0,0.0,0.0,0.0,0.0,0.0,0.0,0.0,0.0,0.0,0.0,0.0
"87,173",2472.2456415240417,0.0,0.0,0.0,0.0,0.0,0.0,0.0,0.0,0.0,0.0,112.83976316452026,132.18882250785828,22.57016134262085,0.0,0.0,0.0,116.06387066841125,135.4134578704834,22.57016134262085,0.0,0.0,0.0,106.39275026321411,125.73976492881775,19.345296144485474,0.0,0.0,0.0,90.27116179466248,125.73976492881775,19.345296144485474,0.0,0.0,0.0,112.847177028656,128.96560788154602,16.12042212486267,0.0,0.0,0.0,0.0,0.0,0.0,0.0,0.0,0.0,0.0,0.0,0.0,0.0,0.0,0.0,0.0,0.0,0.0,0.0,0.0,0.0,0.0,0.0,0.0,0.0,0.0,0.0,0.0,0.0,0.0,0.0,0.0,0.0
"88,173",2499.5733992639844,0.0,0.0,0.0,0.0,0.0,0.0,0.0,0.0,0.0,0.0,958.7957908873464,1151.1971028645833,456.2172776110032,148.4547188282013,132.32520580291748,67.7798719406128,1097.5729386572743,1302.8811209996543,485.26093443702246,161.36393880844116,142.00805592536926,80.69073557853699,1229.8980932001973,1467.4817255338035,492.91752825063816,161.36393880844116,148.4630570411682,90.37356162071228,1352.5339281325246,1699.8253963788352,541.3190420655643,171.04401016235352,158.14586734771729,109.73948383331299,1433.2077040438558,1786.9453802903495,580.0397380380069,180.72609686851501,171.05644583702087,112.96709251403809,0.0,0.0,0.0,0.0,0.0,0.0,0.0,0.0,0.0,0.0,0.0,0.0,0.0,0.0,0.0,0.0,0.0,0.0,0.0,0.0,0.0,0.0,0.0,0.0,0.0,0.0,0.0,0.0,0.0,0.0
"89,173",2501.266074215973,0.0,0.0,0.0,0.0,0.0,0.0,0.0,0.0,0.0,0.0,2818.469932500054,4124.5358730110465,1307.933685541153,417.7911359235352,303.54552698135376,19.374918460845947,3038.0679242049946,4457.176070049697,1417.7338314056396,463.005520956189,319.6914494037628,19.374918460845947,3370.689696255852,4849.125207321316,1556.5865218639374,524.3567346498078,403.64529490470886,29.061235666275024,3855.0730404292835,5528.487588017594,1850.459076166153,621.2344120904511,516.6621322631836,51.662429332733154,4420.212747517754,6309.965372174393,2095.874749183655,750.3947199746674,655.5043873786926,58.11997723579407,0.0,0.0,0.0,0.0,0.0,0.0,0.0,0.0,0.0,0.0,0.0,0.0,0.0,0.0,0.0,0.0,0.0,0.0,0.0,0.0,0.0,0.0,0.0,0.0,0.0,0.0,0.0,0.0,0.0,0.0
"90,173",2502.806812898001,0.0,0.0,0.0,0.0,0.0,0.0,0.0,0.0,0.0,0.0,18374.507307253632,11655.65759215916,2002.216256687688,394.1929636001587,71.07809138298035,0.0,22034.80102901833,13262.044213924222,2394.4132289222644,458.8207392692566,80.77115654945374,0.0,26428.40872106365,15794.8474019462,2812.851421186971,546.0537114143372,90.46254634857178,0.0,29946.060259297312,18211.945817694945,3594.375438937019,702.3584245840708,100.15489172935486,0.0,33790.43436577835,21100.810528311074,4500.671954279321,910.7571316073922,142.1532862186432,0.0,0.0,0.0,0.0,0.0,0.0,0.0,0.0,0.0,0.0,0.0,0.0,0.0,0.0,0.0,0.0,0.0,0.0,0.0,0.0,0.0,0.0,0.0,0.0,0.0,0.0,0.0,0.0,0.0,0.0,0.0
"91,173",2504.1950628016057,0.0,0.0,0.0,0.0,0.0,0.0,0.0,0.0,0.0,0.0,16722.768240040426,11467.623456366859,1751.8409796677383,260.2056097572925,32.324925899505615,0.0,19152.745594404263,13174.284987676847,2065.389681192473,311.925795990813,38.79010629653931,0.0,21828.817694278798,15511.329866193322,2469.4551533184804,402.4385029858234,106.67738604545593,3.2326672077178955,25077.193609929556,18284.989535953482,3211.2558599659046,606.088295657027,164.86504077911377,3.2326672077178955,29835.247120920816,21058.389058363675,3872.308653523876,722.460828739989,187.49229860305786,6.465408086776733,0.0,0.0,0.0,0.0,0.0,0.0,0.0,0.0,0.0,0.0,0.0,0.0,0.0,0.0,0.0,0.0,0.0,0.0,0.0,0.0,0.0,0.0,0.0,0.0,0.0,0.0,0.0,0.0,0.0,0.0
"92,173",2505.4303253169396,0.0,0.0,0.0,0.0,0.0,0.0,0.0,0.0,0.0,0.0,2317.737644625645,1581.5206664683772,318.1564504071778,85.29857702816234,4.438954629150091,0.0,3222.530800062067,2400.9620168302577,506.93495723312975,92.97209347463122,10.907169856277166,0.0,4434.198945241816,2906.556407365612,624.5698410155726,122.07817829823962,10.907169856277166,0.0,6910.856410458509,4190.626833352855,934.7086477158116,184.73773730969899,20.61025933190888,0.0,8134.035129702326,5023.834339267132,1178.4894685436698,246.19113553739064,27.07932428285187,0.0,0.0,0.0,0.0,0.0,0.0,0.0,0.0,0.0,0.0,0.0,0.0,0.0,0.0,0.0,0.0,0.0,0.0,0.0,0.0,0.0,0.0,0.0,0.0,0.0,0.0,0.0,0.0,0.0,0.0,0.0
"93,173",2506.5121561572005,0.0,0.0,0.0,0.0,0.0,0.0,0.0,0.0,0.0,0.0,6129.046897771312,2972.525517842349,730.8453583053514,106.78429841995239,3.2362778186798096,0.0,6850.949900716894,3795.9518852439583,982.7681791679531,163.00223609512926,6.472564458847046,0.0,9192.688968862272,5666.267024406733,1621.8596218398973,211.54255267685534,9.708292245864868,0.0,11357.719359994404,7509.805838008955,2239.9149299434584,337.7427987725127,12.944015264511108,0.0,12575.968272468157,8417.9573885927,2550.956032005011,376.57113882607104,9.707728624343872,0.0,0.0,0.0,0.0,0.0,0.0,0.0,0.0,0.0,0.0,0.0,0.0,0.0,0.0,0.0,0.0,0.0,0.0,0.0,0.0,0.0,0.0,0.0,0.0,0.0,0.0,0.0,0.0,0.0,0.0,0.0
"94,173",2507.4401657372155,0.0,0.0,0.0,0.0,0.0,0.0,0.0,0.0,0.0,0.0,14355.942312788495,5662.466095511119,1184.3279696006402,284.8486099243164,64.73825812339783,0.0,16959.70389637573,7100.84546229512,1720.8649282950983,366.97248265790006,84.1591854095459,0.0,19271.844009994053,8307.03545846004,2168.3133030433282,424.81323626649146,90.6324474811554,0.0,21651.19251290957,9639.515771598442,2566.4284470576868,502.4924018682218,93.86908054351807,0.0,23867.885559072685,10192.325006606532,2611.736937095605,517.4706294789034,93.86909699440002,0.0,0.0,0.0,0.0,0.0,0.0,0.0,0.0,0.0,0.0,0.0,0.0,0.0,0.0,0.0,0.0,0.0,0.0,0.0,0.0,0.0,0.0,0.0,0.0,0.0,0.0,0.0,0.0,0.0,0.0,0.0
"95,173",2508.2140195054135,0.0,0.0,0.0,0.0,0.0,0.0,0.0,0.0,0.0,0.0,38770.443803948045,7854.464267979416,703.8434236049652,48.56904888153076,0.0,0.0,42770.274194384554,8600.2751182472,810.6978735923767,51.80678749084473,0.0,0.0,53470.215770308176,10020.13768384036,975.8393695354462,55.044090032577515,0.0,0.0,63447.03954931148,12505.27191808364,1316.3542912380367,64.75764584541321,0.0,0.0,69831.03485773777,13799.187771957995,1506.5723756762113,71.23352098464966,0.0,0.0,0.0,0.0,0.0,0.0,0.0,0.0,0.0,0.0,0.0,0.0,0.0,0.0,0.0,0.0,0.0,0.0,0.0,0.0,0.0,0.0,0.0,0.0,0.0,0.0,0.0,0.0,0.0,0.0,0.0,0.0
"96,173",2508.833438230701,0.0,0.0,0.0,0.0,0.0,0.0,0.0,0.0,0.0,0.0,73773.71651239209,12853.439364840002,1972.8991454330146,142.5146586894989,6.478015899658203,0.0,87478.77385605643,15485.620306964012,2280.5971961703954,184.62177753448486,6.478015899658203,0.0,99372.7585218392,17778.738530138427,2560.206392314387,194.33916401863098,6.478015899658203,0.0,109187.8109081904,19919.581191370533,2885.157940657933,213.77233862876892,9.71709942817688,0.0,114064.8219614375,21559.492345748225,3262.5259681486614,229.96624994277954,9.71709942817688,0.0,0.0,0.0,0.0,0.0,0.0,0.0,0.0,0.0,0.0,0.0,0.0,0.0,0.0,0.0,0.0,0.0,0.0,0.0,0.0,0.0,0.0,0.0,0.0,0.0,0.0,0.0,0.0,0.0,0.0,0.0
"97,173",2509.2981982401125,0.0,0.0,0.0,0.0,0.0,0.0,0.0,0.0,0.0,0.0,35680.794283353585,10265.726570330413,2409.378345885931,427.5713545023226,19.436461448669434,0.0,38980.88831742511,11113.320280430364,2633.6160553352506,472.92126476156943,22.67561984062195,0.0,43830.308360235365,12169.04937293576,2988.4153242363654,515.0323797403597,22.67561984062195,0.0,48609.97658314331,13826.873440765865,3459.729986231935,553.9048250852846,25.91493320465088,0.0,51760.515300129904,15300.729217418033,4059.714805944293,608.9750834642672,25.91493320465088,0.0,0.0,0.0,0.0,0.0,0.0,0.0,0.0,0.0,0.0,0.0,0.0,0.0,0.0,0.0,0.0,0.0,0.0,0.0,0.0,0.0,0.0,0.0,0.0,0.0,0.0,0.0,0.0,0.0,0.0,0.0
"98,173",2509.6081316113905,0.0,0.0,0.0,0.0,0.0,0.0,0.0,0.0,0.0,0.0,2045.9105808220656,383.50130110628464,155.50948286056519,12.959146976470947,0.0,0.0,2485.2089282035827,436.5437852120867,177.46318729064043,19.43836498260498,0.0,0.0,3912.088233484941,588.0894829740712,235.7791181339937,25.917765617370605,0.0,0.0,5293.865654726589,958.6128076693591,375.0911436810213,45.356595277786255,0.0,0.0,6184.787574310863,1303.231880863975,511.15982659003316,71.27448225021362,0.0,0.0,0.0,0.0,0.0,0.0,0.0,0.0,0.0,0.0,0.0,0.0,0.0,0.0,0.0,0.0,0.0,0.0,0.0,0.0,0.0,0.0,0.0,0.0,0.0,0.0,0.0,0.0,0.0,0.0,0.0,0.0
"99,173",2509.7631263161334,0.0,0.0,0.0,0.0,0.0,0.0,0.0,0.0,0.0,0.0,6343.676250866348,1086.9804575574165,200.87865900993347,9.719916343688965,0.0,0.0,6333.956175735885,1096.7002821099525,184.6786630153656,9.719916343688965,0.0,0.0,6100.703927721697,1074.020263446546,194.39862942695618,12.95983362197876,0.0,0.0,6380.953415673387,1164.7389094960456,255.9580135345459,16.199809551239014,0.0,0.0,6572.110376399171,1247.3510794994877,298.07750511169434,16.199809551239014,0.0,0.0,0.0,0.0,0.0,0.0,0.0,0.0,0.0,0.0,0.0,0.0,0.0,0.0,0.0,0.0,0.0,0.0,0.0,0.0,0.0,0.0,0.0,0.0,0.0,0.0,0.0,0.0,0.0,0.0,0.0,0.0
"100,173",2509.7631263161597,0.0,0.0,0.0,0.0,0.0,0.0,0.0,0.0,0.0,0.0,61.558615922927856,25.919492483139038,0.0,0.0,0.0,0.0,77.75847601890564,25.91958713531494,0.0,0.0,0.0,0.0,32.399494647979736,25.919660806655884,0.0,0.0,0.0,0.0,29.15925407409668,25.919660806655884,0.0,0.0,0.0,0.0,25.919254302978516,25.919817209243774,0.0,0.0,0.0,0.0,0.0,0.0,0.0,0.0,0.0,0.0,0.0,0.0,0.0,0.0,0.0,0.0,0.0,0.0,0.0,0.0,0.0,0.0,0.0,0.0,0.0,0.0,0.0,0.0,0.0,0.0,0.0,0.0,0.0,0.0
"101,173",2509.6081316113955,0.0,0.0,0.0,0.0,0.0,0.0,0.0,0.0,0.0,0.0,651.1112376577713,75.58047467680538,0.0,0.0,0.0,0.0,631.6739622480728,98.25848132582271,3.2398571968078613,0.0,0.0,0.0,614.4084916816038,91.77893215628231,6.479582786560059,0.0,0.0,0.0,620.888914416818,88.53994280310238,6.479582786560059,0.0,0.0,0.0,604.6901684508604,104.73902923079098,9.71930718421936,0.0,0.0,0.0,0.0,0.0,0.0,0.0,0.0,0.0,0.0,0.0,0.0,0.0,0.0,0.0,0.0,0.0,0.0,0.0,0.0,0.0,0.0,0.0,0.0,0.0,0.0,0.0,0.0,0.0,0.0,0.0,0.0,0.0
"102,173",2509.2981982401,0.0,0.0,0.0,0.0,0.0,0.0,0.0,0.0,0.0,0.0,25021.044569566202,1411.5387477678412,220.2809977531433,0.0,0.0,0.0,26252.36167985785,1516.043279357985,267.2445004986782,0.0,0.0,0.0,29216.000601876018,1704.6261695338233,312.5956395672817,0.0,0.0,0.0,31463.168057625902,2080.0342651713127,357.9466761158962,0.0,0.0,0.0,34229.49544544407,2392.078965199227,416.25550184717366,0.0,0.0,0.0,0.0,0.0,0.0,0.0,0.0,0.0,0.0,0.0,0.0,0.0,0.0,0.0,0.0,0.0,0.0,0.0,0.0,0.0,0.0,0.0,0.0,0.0,0.0,0.0,0.0,0.0,0.0,0.0,0.0,0.0
"103,173",2508.8334382307107,0.0,0.0,0.0,0.0,0.0,0.0,0.0,0.0,0.0,0.0,62193.52894382572,5390.790587062462,576.1311627070108,16.193519115447998,0.0,0.0,67576.20774032088,6272.484248073428,683.0131321589151,19.432064533233643,0.0,0.0,68406.78185865459,6472.2275192382285,780.1798256079355,22.670942783355713,0.0,0.0,68652.21470432563,6765.281502452551,867.6276193300882,25.909849882125854,0.0,0.0,69389.94806157376,7191.731505717483,1050.623867298575,45.34221649169922,0.0,0.0,0.0,0.0,0.0,0.0,0.0,0.0,0.0,0.0,0.0,0.0,0.0,0.0,0.0,0.0,0.0,0.0,0.0,0.0,0.0,0.0,0.0,0.0,0.0,0.0,0.0,0.0,0.0,0.0,0.0,0.0
"104,173",2508.214019505387,0.0,0.0,0.0,0.0,0.0,0.0,0.0,0.0,0.0,0.0,43537.921527483886,9221.263320304834,944.8148194602891,223.39504170417786,52.879490772883095,0.0,45451.98049977527,9362.094160244511,999.8578716567918,233.10813760757446,52.879490772883095,0.0,48210.57862024215,9794.175143591563,1084.0430840305253,226.63313746452332,52.879490772883095,0.0,49931.244513919315,10405.325956985062,1161.7496925643845,235.39484800544437,52.879490772883095,0.0,50993.11414459266,11048.845081637886,1305.423403588463,256.0279887330298,52.879490772883095,0.0,0.0,0.0,0.0,0.0,0.0,0.0,0.0,0.0,0.0,0.0,0.0,0.0,0.0,0.0,0.0,0.0,0.0,0.0,0.0,0.0,0.0,0.0,0.0,0.0,0.0,0.0,0.0,0.0,0.0,0.0
"105,173",2507.4401657372136,0.0,0.0,0.0,0.0,0.0,0.0,0.0,0.0,0.0,0.0,48492.73702852867,22937.418230074527,8112.1013050079355,3181.60016912479,1942.692404873231,352.81848073005676,50744.99588414735,25389.614631325596,9042.365212025363,3448.667516435361,2085.126672632554,346.34509563446045,51980.00683304563,26311.860494231245,9251.547420425042,3549.0184783589602,2088.3708599875954,336.63470101356506,53856.34839105513,27476.13878459743,9695.842074501748,3713.047506898057,2191.961833364823,349.5831480026245,54850.04089366034,28160.819453873355,9865.380089334414,3756.3372404949337,2295.5489765475777,378.71691250801086,0.0,0.0,0.0,0.0,0.0,0.0,0.0,0.0,0.0,0.0,0.0,0.0,0.0,0.0,0.0,0.0,0.0,0.0,0.0,0.0,0.0,0.0,0.0,0.0,0.0,0.0,0.0,0.0,0.0,0.0
"106,173",2506.5121561571905,0.0,0.0,0.0,0.0,0.0,0.0,0.0,0.0,0.0,0.0,6530.409374328688,605.1757760047913,67.96215033531189,6.4726479053497314,0.0,0.0,7168.600678312077,621.3574216365814,77.67053294181824,6.4726479053497314,0.0,0.0,8694.215198970309,682.8444633483887,74.43429231643677,6.4726479053497314,0.0,0.0,10616.915127967386,736.4143115548527,90.61468744277954,6.4726479053497314,0.0,0.0,11685.663134726357,856.4994177425609,116.5053219795227,3.2363152503967285,0.0,0.0,0.0,0.0,0.0,0.0,0.0,0.0,0.0,0.0,0.0,0.0,0.0,0.0,0.0,0.0,0.0,0.0,0.0,0.0,0.0,0.0,0.0,0.0,0.0,0.0,0.0,0.0,0.0,0.0,0.0,0.0
"107,173",608.8394403348698,0.0,0.0,0.0,0.0,0.0,0.0,0.0,0.0,0.0,0.0,702.7504060146856,32.3477840423584,0.0,0.0,0.0,0.0,728.8465903160619,32.34779453277588,0.0,0.0,0.0,0.0,755.9062320746627,29.113008737564087,0.0,0.0,0.0,0.0,734.4675707704881,32.34779977798462,0.0,0.0,0.0,0.0,796.0305540496228,32.34779977798462,0.0,0.0,0.0,0.0,0.0,0.0,0.0,0.0,0.0,0.0,0.0,0.0,0.0,0.0,0.0,0.0,0.0,0.0,0.0,0.0,0.0,0.0,0.0,0.0,0.0,0.0,0.0,0.0,0.0,0.0,0.0,0.0,0.0,0.0
"86,174",266.6682855987437,0.0,0.0,0.0,0.0,0.0,0.0,0.0,0.0,0.0,0.0,0.0,0.0,0.0,0.0,0.0,0.0,0.0,0.0,0.0,0.0,0.0,0.0,0.0,0.0,0.0,0.0,0.0,0.0,0.0,0.0,0.0,0.0,0.0,0.0,0.0,0.0,0.0,0.0,0.0,0.0,0.0,0.0,0.0,0.0,0.0,0.0,0.0,0.0,0.0,0.0,0.0,0.0,0.0,0.0,0.0,0.0,0.0,0.0,0.0,0.0,0.0,0.0,0.0,0.0,0.0,0.0,0.0,0.0,0.0,0.0
"87,174",2496.0627827224957,0.0,0.0,0.0,0.0,0.0,0.0,0.0,0.0,0.0,0.0,0.0,0.0,0.0,0.0,0.0,0.0,0.0,0.0,0.0,0.0,0.0,0.0,0.0,0.0,0.0,0.0,0.0,0.0,0.0,0.0,0.0,0.0,0.0,0.0,0.0,0.0,0.0,0.0,0.0,0.0,0.0,0.0,0.0,0.0,0.0,0.0,0.0,0.0,0.0,0.0,0.0,0.0,0.0,0.0,0.0,0.0,0.0,0.0,0.0,0.0,0.0,0.0,0.0,0.0,0.0,0.0,0.0,0.0,0.0,0.0
"88,174",2499.6775323724173,0.0,0.0,0.0,0.0,0.0,0.0,0.0,0.0,0.0,0.0,7673.333130903803,7781.110733041576,2034.655001458,773.9476978853636,431.5148352819331,26.63079271597021,8135.587616648391,8264.48987024625,2189.5770364368664,852.1313749808891,492.8396367269404,33.80811781041763,8642.697168790592,9084.349800675524,2486.023296796575,1003.8279429931266,563.8473748403436,46.719182196785425,9188.190103856254,9909.52647434029,2819.9043147031007,1140.8297766002952,689.7230197626001,66.80605605069329,9618.8910752044,10642.1783536509,3216.903028196448,1376.447106913024,851.1021424966699,86.89371334805207,0.0,0.0,0.0,0.0,0.0,0.0,0.0,0.0,0.0,0.0,0.0,0.0,0.0,0.0,0.0,0.0,0.0,0.0,0.0,0.0,0.0,0.0,0.0,0.0,0.0,0.0,0.0,0.0,0.0,0.0
"89,174",2501.3704684897602,0.0,0.0,0.0,0.0,0.0,0.0,0.0,0.0,0.0,0.0,26414.830967608617,33127.978298757596,11748.553568288391,3517.361519971548,2166.791900672165,203.41697645187378,28144.94790711403,35286.113818418286,12556.194585529964,3843.561429047117,2392.815835990158,260.8112138860366,30531.251734406338,37850.71183643061,13551.211883488824,4290.374989511453,2731.437237998551,293.09836307693934,33550.745240244214,40838.56516891367,14913.209594916363,4770.844087814818,3131.809218904084,334.3500412211699,35277.27245757346,42999.59964508356,16101.45318598654,5238.619981258991,3506.3444230762184,394.9750470974866,0.0,0.0,0.0,0.0,0.0,0.0,0.0,0.0,0.0,0.0,0.0,0.0,0.0,0.0,0.0,0.0,0.0,0.0,0.0,0.0,0.0,0.0,0.0,0.0,0.0,0.0,0.0,0.0,0.0,0.0
"90,174",2502.911448709993,0.0,0.0,0.0,0.0,0.0,0.0,0.0,0.0,0.0,0.0,34376.2886240632,20195.075605950635,4368.967917181464,1573.7003501331105,779.7933632495356,22.615182876586914,37551.76731793554,21893.758347508487,4803.892025557686,1751.3860908424153,848.4481497960932,29.077070236206055,40218.53122566915,23638.121479741265,5288.495285597969,1913.724131749658,909.8304368215448,32.307392597198486,44149.16868023312,25940.446946565775,6124.090795510423,2279.1880516753477,1059.1616482594434,45.22985124588013,46079.775460736884,27809.145049128812,6960.823473446977,2492.4134497390073,1182.7342716647129,48.46061992645264,0.0,0.0,0.0,0.0,0.0,0.0,0.0,0.0,0.0,0.0,0.0,0.0,0.0,0.0,0.0,0.0,0.0,0.0,0.0,0.0,0.0,0.0,0.0,0.0,0.0,0.0,0.0,0.0,0.0,0.0
"91,174",2504.299919371782,0.0,0.0,0.0,0.0,0.0,0.0,0.0,0.0,0.0,0.0,34142.509868006615,22582.959201412577,2518.8964663458805,384.872294662513,178.187297001072,29.089382648468018,41112.488162433416,26932.531634457908,3147.1110416646097,501.24898385814595,200.81478442210778,32.32140874862671,46173.88006719421,30451.260041804413,3713.2902035329857,569.138104913749,200.81478442210778,32.32140874862671,53128.94555029309,35684.044517797585,4631.3487874386365,737.2432968597788,255.8576084884943,36.364645947662055,56036.10176669009,37914.803182231684,5064.545310389763,856.8619406204599,301.111265114242,36.364645947662055,0.0,0.0,0.0,0.0,0.0,0.0,0.0,0.0,0.0,0.0,0.0,0.0,0.0,0.0,0.0,0.0,0.0,0.0,0.0,0.0,0.0,0.0,0.0,0.0,0.0,0.0,0.0,0.0,0.0,0.0
"92,174",2505.535380816385,0.0,0.0,0.0,0.0,0.0,0.0,0.0,0.0,0.0,0.0,37108.080598731125,26410.3026020209,3723.769367510665,598.29615557521,115.21389229157391,0.0,43291.20644312184,31436.869230624743,4715.166645325868,829.9489901421117,209.00517136910383,3.2341134548187256,47981.06717764535,34727.8643438629,5242.210248847103,956.0961094257879,247.81778437951033,6.469030141830444,55341.32285626261,40158.851297067195,6680.88720613087,1395.8381982373255,464.5240355239195,9.703221321105957,60669.976984038076,44963.0625305344,8234.370629863179,1774.2870302723902,535.688241075067,9.703221321105957,0.0,0.0,0.0,0.0,0.0,0.0,0.0,0.0,0.0,0.0,0.0,0.0,0.0,0.0,0.0,0.0,0.0,0.0,0.0,0.0,0.0,0.0,0.0,0.0,0.0,0.0,0.0,0.0,0.0,0.0
"93,174",2506.617387815548,0.0,0.0,0.0,0.0,0.0,0.0,0.0,0.0,0.0,0.0,28057.498534160506,21625.306642030268,3589.055855970757,596.4651107788086,77.6557457447052,0.0,31801.887398489787,24041.588325691228,4256.455902151033,718.6173066812403,100.30787181854248,0.0,34992.99799856111,26142.84909235263,4763.75364429717,822.1667279916651,135.90235447883606,0.0,39374.80440990503,30006.54122760063,5976.497586215712,1105.8263001161465,165.02275824546814,0.0,42299.690591161394,33186.20043849291,6907.806416672351,1409.9751329141507,232.96948957443237,0.0,0.0,0.0,0.0,0.0,0.0,0.0,0.0,0.0,0.0,0.0,0.0,0.0,0.0,0.0,0.0,0.0,0.0,0.0,0.0,0.0,0.0,0.0,0.0,0.0,0.0,0.0,0.0,0.0,0.0,0.0
"94,174",2507.5455499532845,0.0,0.0,0.0,0.0,0.0,0.0,0.0,0.0,0.0,0.0,13942.553115658666,5985.061131371704,980.7572681903839,148.89435338974,16.182722568511963,0.0,14991.23447465616,6691.377925668978,1183.4427635473364,180.0422499516431,16.182722568511963,0.0,15930.25694810362,7399.457931994457,1326.2920426836201,204.71517895530252,19.419169187545776,0.0,17113.88341798969,8554.365286919648,1762.653824966094,314.41492003927044,38.840819358825684,0.0,17845.806216818673,9424.07097634521,2125.1933986355275,393.3237166329926,42.07823920249939,0.0,0.0,0.0,0.0,0.0,0.0,0.0,0.0,0.0,0.0,0.0,0.0,0.0,0.0,0.0,0.0,0.0,0.0,0.0,0.0,0.0,0.0,0.0,0.0,0.0,0.0,0.0,0.0,0.0,0.0,0.0
"95,174",2508.3195319603815,0.0,0.0,0.0,0.0,0.0,0.0,0.0,0.0,0.0,0.0,13270.52401042826,2143.481998308967,248.09859619140624,32.378422021865845,6.476341724395752,0.0,14700.622913925323,2336.6817023202484,296.66629753112795,58.28115892410278,6.476341724395752,0.0,19750.464550499823,3110.585379068524,393.80889616012576,67.99588799476624,6.476341724395752,0.0,24742.10528062933,4451.846060648151,688.0811059661941,123.39188746751523,12.951423406600952,0.0,30552.41046472811,6228.477045445348,1125.989689573587,214.0488429480908,16.188994646072388,0.0,0.0,0.0,0.0,0.0,0.0,0.0,0.0,0.0,0.0,0.0,0.0,0.0,0.0,0.0,0.0,0.0,0.0,0.0,0.0,0.0,0.0,0.0,0.0,0.0,0.0,0.0,0.0,0.0,0.0,0.0
"96,174",2508.9390540042114,0.0,0.0,0.0,0.0,0.0,0.0,0.0,0.0,0.0,0.0,26876.032464185413,9667.51617420047,1164.4140909288444,168.42426466941833,3.238701581954956,0.0,29715.189652719688,10541.443550407186,1376.3767811887406,184.61864471435547,9.715999841690063,0.0,32828.10597309693,11487.568025281382,1562.4229119908575,213.76810145378113,9.715999841690063,0.0,40806.710745745084,16454.986084405115,3127.2163566486506,479.3394305706024,32.79284965477738,3.2386090755462646,42739.46870314748,17730.684165998533,3591.5816122372944,557.0678961277008,42.50849139176163,3.2386090755462646,0.0,0.0,0.0,0.0,0.0,0.0,0.0,0.0,0.0,0.0,0.0,0.0,0.0,0.0,0.0,0.0,0.0,0.0,0.0,0.0,0.0,0.0,0.0,0.0,0.0,0.0,0.0,0.0,0.0,0.0
"97,174",2509.403891928063,0.0,0.0,0.0,0.0,0.0,0.0,0.0,0.0,0.0,0.0,21540.005488310606,5478.991416769401,1210.364115111968,197.59982252120972,9.718045949935913,0.0,23637.42146078372,6079.72759979005,1380.6028047449447,229.9933717250824,9.718045949935913,0.0,27301.301740852054,6963.567703359267,1624.1242075274972,265.6253101825714,12.957261800765991,0.0,31809.918562710525,8776.870775224646,2157.981522279627,336.89060521125793,12.957261800765991,0.0,33929.35319797011,9890.654289455038,2530.8112147499537,372.52357387542725,9.718045949935913,0.0,0.0,0.0,0.0,0.0,0.0,0.0,0.0,0.0,0.0,0.0,0.0,0.0,0.0,0.0,0.0,0.0,0.0,0.0,0.0,0.0,0.0,0.0,0.0,0.0,0.0,0.0,0.0,0.0,0.0,0.0
"98,174",2509.713877445321,0.0,0.0,0.0,0.0,0.0,0.0,0.0,0.0,0.0,0.0,18213.07816018778,4361.544786930084,869.3119096559637,110.55831156898947,0.0,0.0,20754.564666933176,5129.925341979196,1170.6050150198096,142.95575295616598,0.0,0.0,23256.051997156705,5839.101123267529,1345.9553730534574,165.63401971985311,0.0,0.0,26124.60138321484,6947.649444447312,1647.2496042298337,198.03211699654074,0.0,0.0,27106.24003363217,7616.328116763809,1876.5450831235626,210.99064050842733,0.0,0.0,0.0,0.0,0.0,0.0,0.0,0.0,0.0,0.0,0.0,0.0,0.0,0.0,0.0,0.0,0.0,0.0,0.0,0.0,0.0,0.0,0.0,0.0,0.0,0.0,0.0,0.0,0.0,0.0,0.0,0.0
"99,174",2509.8688982840245,0.0,0.0,0.0,0.0,0.0,0.0,0.0,0.0,0.0,0.0,8489.528100757972,1950.0568293917413,425.24740418733336,68.03884387016296,0.0,0.0,10007.0491636136,2361.531104742312,593.7246371203778,103.67820692062378,0.0,0.0,11235.401188053806,2727.6457082617517,716.8430281573651,129.59806609153748,0.0,0.0,13877.596083744837,3885.5303552150726,1060.277966111314,191.1571536064148,3.239919424057007,0.0,16288.561193494235,5079.05874045129,1403.7131725245831,249.47628831863403,3.239919424057007,0.0,0.0,0.0,0.0,0.0,0.0,0.0,0.0,0.0,0.0,0.0,0.0,0.0,0.0,0.0,0.0,0.0,0.0,0.0,0.0,0.0,0.0,0.0,0.0,0.0,0.0,0.0,0.0,0.0,0.0,0.0
"100,174",2509.86889828407,0.0,0.0,0.0,0.0,0.0,0.0,0.0,0.0,0.0,0.0,1312.198838710785,207.35990715026855,25.919992208480835,6.479999542236328,0.0,0.0,1918.0784516334534,311.03980803489685,29.159987926483154,6.479999542236328,0.0,0.0,2251.7979509830475,366.11974811553955,35.63998317718506,6.479999542236328,0.0,0.0,2523.957796573639,395.2797405719757,32.399991035461426,6.479999542236328,0.0,0.0,2721.597680568695,343.43983697891235,29.159995317459106,6.479999542236328,0.0,0.0,0.0,0.0,0.0,0.0,0.0,0.0,0.0,0.0,0.0,0.0,0.0,0.0,0.0,0.0,0.0,0.0,0.0,0.0,0.0,0.0,0.0,0.0,0.0,0.0,0.0,0.0,0.0,0.0,0.0,0.0
"101,174",2509.7138774453074,0.0,0.0,0.0,0.0,0.0,0.0,0.0,0.0,0.0,0.0,19.43770456314087,3.2398264408111572,0.0,0.0,0.0,0.0,16.198086977005005,0.0,0.0,0.0,0.0,0.0,19.43790316581726,0.0,0.0,0.0,0.0,0.0,22.677722454071045,0.0,0.0,0.0,0.0,0.0,19.438052892684937,0.0,0.0,0.0,0.0,0.0,0.0,0.0,0.0,0.0,0.0,0.0,0.0,0.0,0.0,0.0,0.0,0.0,0.0,0.0,0.0,0.0,0.0,0.0,0.0,0.0,0.0,0.0,0.0,0.0,0.0,0.0,0.0,0.0,0.0,0.0
"102,174",2509.403891928068,0.0,0.0,0.0,0.0,0.0,0.0,0.0,0.0,0.0,0.0,29094.355644383148,1873.503706367343,375.75905776023865,3.2392780780792236,0.0,0.0,29864.49043669794,1980.4007295683318,417.87064504623413,3.2392780780792236,0.0,0.0,30007.019496346453,2019.6781316299066,434.0674800872803,6.478594541549683,0.0,0.0,29721.957378531435,1961.3697729606256,434.067364692688,6.478594541549683,0.0,0.0,29572.952991152742,1912.3740338400298,421.10989904403687,6.478594541549683,0.0,0.0,0.0,0.0,0.0,0.0,0.0,0.0,0.0,0.0,0.0,0.0,0.0,0.0,0.0,0.0,0.0,0.0,0.0,0.0,0.0,0.0,0.0,0.0,0.0,0.0,0.0,0.0,0.0,0.0,0.0,0.0
"103,174",2508.9390540042577,0.0,0.0,0.0,0.0,0.0,0.0,0.0,0.0,0.0,0.0,59538.775558486646,7232.459708913168,913.3640656461903,32.38621139526367,0.0,0.0,62767.80441571779,7465.650466903051,987.8556067934223,32.38621139526367,0.0,0.0,62451.1384328085,7362.015154584249,1004.0498135080525,35.624773263931274,0.0,0.0,62370.540790148356,7385.273668060116,1042.9137110700794,42.102455139160156,0.0,0.0,62251.50716887643,7407.58927656155,1088.25712537672,42.102455139160156,0.0,0.0,0.0,0.0,0.0,0.0,0.0,0.0,0.0,0.0,0.0,0.0,0.0,0.0,0.0,0.0,0.0,0.0,0.0,0.0,0.0,0.0,0.0,0.0,0.0,0.0,0.0,0.0,0.0,0.0,0.0,0.0
"104,174",2508.3195319604015,0.0,0.0,0.0,0.0,0.0,0.0,0.0,0.0,0.0,0.0,69399.87124619483,25489.699576623767,4262.701336856917,1268.4994857825486,411.1832902431488,11.871524413426716,71399.54421469184,26555.38012552542,4619.822082649493,1355.9226995028703,443.5633852481842,11.871524413426716,74511.72198860504,30662.816161270704,6563.320878869412,2200.9901915110795,799.723311662674,37.7739802201589,76920.60385211215,32629.698954930027,7197.944386130688,2364.90456756517,906.5751519203186,37.7739802201589,77616.34387948092,33414.42315474118,7562.596479375689,2486.7202214643066,968.0938301086426,37.7739802201589,0.0,0.0,0.0,0.0,0.0,0.0,0.0,0.0,0.0,0.0,0.0,0.0,0.0,0.0,0.0,0.0,0.0,0.0,0.0,0.0,0.0,0.0,0.0,0.0,0.0,0.0,0.0,0.0,0.0,0.0
"105,174",2507.5455499532623,0.0,0.0,0.0,0.0,0.0,0.0,0.0,0.0,0.0,0.0,47565.08074906666,19528.82374964602,4044.009622714099,1333.4841039321002,676.5692821614882,10.778673525417553,48876.13716641968,20119.624761738494,4310.915941981709,1424.1303846976336,738.0781630151412,14.01592838343452,49765.78775405977,20472.203434371946,4501.50194996385,1466.2175750872668,776.9269245736739,14.01592838343452,52529.354864889036,21521.835334525385,4871.341683056775,1560.0991490027484,857.8584130876204,17.253313656414257,54718.65087914559,22382.923995584595,5336.268535773895,1711.033826906541,938.7913042180678,20.49055349406074,0.0,0.0,0.0,0.0,0.0,0.0,0.0,0.0,0.0,0.0,0.0,0.0,0.0,0.0,0.0,0.0,0.0,0.0,0.0,0.0,0.0,0.0,0.0,0.0,0.0,0.0,0.0,0.0,0.0,0.0
"106,174",2506.61738781555,0.0,0.0,0.0,0.0,0.0,0.0,0.0,0.0,0.0,0.0,31465.27654973198,493.9627512623282,22.64719843864441,6.470345497131348,16.175853490829468,3.2351627349853516,31609.11965351011,500.435072295806,22.64719843864441,6.470345497131348,12.940695762634277,3.2351627349853516,31785.778096180333,497.19986020817475,25.88330078125,6.470345497131348,12.940695762634277,3.2351627349853516,32228.247428693023,510.8678631333744,25.88330078125,6.470345497131348,12.940695762634277,3.2351627349853516,32523.73261311288,517.3400775937473,29.118473529815674,6.470345497131348,12.940695762634277,3.2351627349853516,0.0,0.0,0.0,0.0,0.0,0.0,0.0,0.0,0.0,0.0,0.0,0.0,0.0,0.0,0.0,0.0,0.0,0.0,0.0,0.0,0.0,0.0,0.0,0.0,0.0,0.0,0.0,0.0,0.0,0.0
"107,174",505.75735700540736,0.0,0.0,0.0,0.0,0.0,0.0,0.0,0.0,0.0,0.0,7860.27961841471,384.88406012385497,89.71169376373291,3.2347958087921143,0.0,0.0,8023.081815003413,394.58947728007445,92.9465000629425,3.2347958087921143,0.0,0.0,8189.0675737521215,412.4132709764967,92.9465000629425,3.2347958087921143,0.0,0.0,8403.65150529824,450.5102273866242,96.18159222602844,3.2347958087921143,0.0,0.0,8497.921912176469,453.7454182550019,96.18159222602844,3.2347958087921143,0.0,0.0,0.0,0.0,0.0,0.0,0.0,0.0,0.0,0.0,0.0,0.0,0.0,0.0,0.0,0.0,0.0,0.0,0.0,0.0,0.0,0.0,0.0,0.0,0.0,0.0,0.0,0.0,0.0,0.0,0.0,0.0
"83,175",537.851825305282,0.0,0.0,0.0,0.0,0.0,0.0,0.0,0.0,0.0,0.0,1793.1077632043875,3564.4989124700132,2028.300392007828,1291.8189979450376,1869.8709603122638,1619.8056858464781,1848.1410348658467,3644.8356064721647,2131.6078812496335,1348.4506919309206,1989.5606923000487,1653.1361460816624,1915.2215810139974,3778.709052778693,2211.0626399629255,1453.286765492196,2135.3252659825716,1787.839150094051,1983.8515373977962,3921.705405704648,2350.8422587413415,1599.3158778807697,2289.2579490474627,1989.5695570599798,2006.345150164062,4021.750058205923,2447.298679145177,1674.0440219701507,2421.23528547474,2133.6805298403197,0.0,0.0,0.0,0.0,0.0,0.0,0.0,0.0,0.0,0.0,0.0,0.0,0.0,0.0,0.0,0.0,0.0,0.0,0.0,0.0,0.0,0.0,0.0,0.0,0.0,0.0,0.0,0.0,0.0,0.0
"84,175",1253.5699647426916,0.0,0.0,0.0,0.0,0.0,0.0,0.0,0.0,0.0,0.0,434.9044032900941,618.4838328726152,444.0682253977832,166.49733108632705,95.28169428600984,16.44052475012985,460.6428182929169,643.8172470345216,457.6937456289927,176.14859527700088,104.93566691174226,16.440149240867765,470.2951439231049,675.182321953306,496.30344082140454,176.14859527700088,111.37037503018098,19.65735881842819,518.5556763022553,770.8451024541667,550.8713648627786,185.79988974683425,137.10938131108003,48.61241667784897,524.9878881781708,790.1485618600657,573.3907833407907,205.10288852803848,146.7609985996695,51.829883747474824,0.0,0.0,0.0,0.0,0.0,0.0,0.0,0.0,0.0,0.0,0.0,0.0,0.0,0.0,0.0,0.0,0.0,0.0,0.0,0.0,0.0,0.0,0.0,0.0,0.0,0.0,0.0,0.0,0.0,0.0
"85,175",1285.1219973331583,0.0,0.0,0.0,0.0,0.0,0.0,0.0,0.0,0.0,0.0,1253.6730679829916,1317.3642930554408,476.3730306298125,148.03321313858032,71.99135527423783,12.517405814750521,1339.751624172809,1376.8916118771422,474.3995082369038,144.81575655937195,71.99112138561173,12.517405814750521,1479.742443296956,1441.2515345246184,509.7994112959095,154.47008872032166,78.42664298824235,12.517405814750521,2010.7494709108391,1762.7306553223555,612.7834057798573,173.77630639076233,120.26473102382585,51.13929969750198,2207.0556220624962,1901.1009425023024,639.724607742534,194.28302396512498,142.78913554958268,64.01037437401565,0.0,0.0,0.0,0.0,0.0,0.0,0.0,0.0,0.0,0.0,0.0,0.0,0.0,0.0,0.0,0.0,0.0,0.0,0.0,0.0,0.0,0.0,0.0,0.0,0.0,0.0,0.0,0.0,0.0,0.0
"86,175",1789.2343921256245,0.0,0.0,0.0,0.0,0.0,0.0,0.0,0.0,0.0,0.0,0.0,0.0,3.222837448120117,3.222837448120117,3.222837448120117,0.0,0.0,0.0,3.222837448120117,3.222837448120117,3.222837448120117,0.0,0.0,0.0,3.222837448120117,3.222837448120117,3.222837448120117,0.0,0.0,3.2227156162261963,12.890993595123291,22.559401988983154,41.8959481716156,3.2227063179016113,0.0,6.4453654289245605,12.890993595123291,25.782042264938354,45.118597984313965,3.2227063179016113,0.0,0.0,0.0,0.0,0.0,0.0,0.0,0.0,0.0,0.0,0.0,0.0,0.0,0.0,0.0,0.0,0.0,0.0,0.0,0.0,0.0,0.0,0.0,0.0,0.0,0.0,0.0,0.0,0.0,0.0
"87,175",2497.9333261580655,0.0,0.0,0.0,0.0,0.0,0.0,0.0,0.0,0.0,0.0,0.0,0.0,0.0,0.0,0.0,0.0,0.0,0.0,0.0,0.0,0.0,0.0,0.0,0.0,0.0,0.0,0.0,0.0,0.0,0.0,0.0,0.0,0.0,0.0,0.0,0.0,0.0,0.0,0.0,0.0,0.0,0.0,0.0,0.0,0.0,0.0,0.0,0.0,0.0,0.0,0.0,0.0,0.0,0.0,0.0,0.0,0.0,0.0,0.0,0.0,0.0,0.0,0.0,0.0,0.0,0.0,0.0,0.0,0.0,0.0
"88,175",2499.777880546348,0.0,0.0,0.0,0.0,0.0,0.0,0.0,0.0,0.0,0.0,2993.4165557356437,3090.093396954443,944.6016454556409,474.0435791614009,344.550323491938,92.79076280313379,3264.51586875635,3548.7891483157287,1109.201573119444,525.6831710936976,402.64692521656264,102.47305860238916,3939.036589953478,4392.9030687257355,1585.0824233644148,732.9652601728252,532.4723299447228,115.38371600824243,4394.113836619433,4982.854790298612,1993.917704035254,971.8053781041912,666.244407673443,141.20310988145715,4728.371987491496,5571.374710356021,2414.606509348925,1256.5482765459546,929.8407413763159,187.8299563632292,0.0,0.0,0.0,0.0,0.0,0.0,0.0,0.0,0.0,0.0,0.0,0.0,0.0,0.0,0.0,0.0,0.0,0.0,0.0,0.0,0.0,0.0,0.0,0.0,0.0,0.0,0.0,0.0,0.0,0.0
"89,175",2501.4710684835095,0.0,0.0,0.0,0.0,0.0,0.0,0.0,0.0,0.0,0.0,18262.296809676114,31489.1174647163,13266.314570588691,3946.874100970287,2003.7110390990388,219.56329894065857,19528.534192467672,33765.72963059837,14402.606389879713,4453.057907625273,2397.6855426161897,261.547345161438,21226.618535420475,36800.53173686944,15956.394474105275,4974.242206793205,2765.483309472776,280.9217393398285,23825.543557777593,40426.19758504325,17567.934267830376,5567.563687640545,3106.30374768949,303.5248086452484,25993.139887486253,44167.017548159994,19581.308877196032,6481.022403107438,3604.6252952369987,318.22352297165816,0.0,0.0,0.0,0.0,0.0,0.0,0.0,0.0,0.0,0.0,0.0,0.0,0.0,0.0,0.0,0.0,0.0,0.0,0.0,0.0,0.0,0.0,0.0,0.0,0.0,0.0,0.0,0.0,0.0,0.0
"90,175",2503.0122815770937,0.0,0.0,0.0,0.0,0.0,0.0,0.0,0.0,0.0,0.0,20794.26021906441,23990.144821210935,6483.210293312633,2332.1314448440776,1494.5959962246466,161.54240369796753,21850.34547075571,25114.02813235638,6917.075167657815,2564.732266815971,1623.0145403188817,190.61696314811707,23094.76059902509,26683.11527021165,7588.3868135499015,2970.2070551507613,2003.9038543289785,235.8521921634674,24420.55534549507,28450.819330374397,8543.413931725072,3442.262977811402,2476.953190346325,377.99873518943787,26072.89811186136,30352.75871708346,9512.201993961895,3813.377643277598,2701.4855751851023,423.2291090488434,0.0,0.0,0.0,0.0,0.0,0.0,0.0,0.0,0.0,0.0,0.0,0.0,0.0,0.0,0.0,0.0,0.0,0.0,0.0,0.0,0.0,0.0,0.0,0.0,0.0,0.0,0.0,0.0,0.0,0.0
"91,175",2504.400965059919,0.0,0.0,0.0,0.0,0.0,0.0,0.0,0.0,0.0,0.0,19809.110606929367,20173.509349882836,4586.693891661775,1520.9539763020537,791.5663698766746,132.52925086021423,23244.287242757575,23301.575000564724,5506.32422431684,1769.8950227784178,917.6402753446616,132.53027057647705,25169.489807861923,25383.68035427449,6140.3129783621025,1963.8643409298918,1004.9252439592399,142.22845339775085,28671.480183012347,28608.776596254454,7202.434013179704,2398.8603941627575,1280.3470970415601,183.44318438604768,31283.06501640152,31535.04678661963,8404.33178506926,2787.1712291820377,1503.4204131388196,215.76821137503083,0.0,0.0,0.0,0.0,0.0,0.0,0.0,0.0,0.0,0.0,0.0,0.0,0.0,0.0,0.0,0.0,0.0,0.0,0.0,0.0,0.0,0.0,0.0,0.0,0.0,0.0,0.0,0.0,0.0,0.0
"92,175",2505.6366182678094,0.0,0.0,0.0,0.0,0.0,0.0,0.0,0.0,0.0,0.0,25929.21442249616,33833.91866368125,9188.781755047217,1785.5416679307527,663.0111634731293,35.57488560676575,27837.790053195575,36236.21149113131,10142.051557441786,2060.4431781694,750.3347544670105,35.575031757354736,28782.42184961356,37336.6867944493,10557.100578750349,2189.804658167035,785.9121572971344,42.043447494506836,32248.1593325082,41025.040354352845,11957.82327825322,2652.6418322834315,1016.6176454880658,54.982019901275635,34396.1467468215,43211.591111655325,13052.418142194376,3127.7420506468006,1310.9694766858045,74.38983988761902,0.0,0.0,0.0,0.0,0.0,0.0,0.0,0.0,0.0,0.0,0.0,0.0,0.0,0.0,0.0,0.0,0.0,0.0,0.0,0.0,0.0,0.0,0.0,0.0,0.0,0.0,0.0,0.0,0.0,0.0
"93,175",2506.718795069518,0.0,0.0,0.0,0.0,0.0,0.0,0.0,0.0,0.0,0.0,26630.6627448858,24511.381955230943,4848.796790400674,879.056568702062,375.6942212497487,74.41993546485901,30353.382225115158,28315.27808704283,5654.504695693185,962.7826536580628,398.69887326464936,67.94825792312622,33026.06836172927,30113.600419100592,6109.673742095161,1092.216036646039,421.34758804545686,71.18206810951233,39211.79696141598,36580.18928384501,7934.48622433625,1504.5777020454407,510.8615706593383,84.12402868270874,42471.41665961883,39563.76915407742,9059.012881422977,1860.491537809372,640.2832122475493,100.30134677886963,0.0,0.0,0.0,0.0,0.0,0.0,0.0,0.0,0.0,0.0,0.0,0.0,0.0,0.0,0.0,0.0,0.0,0.0,0.0,0.0,0.0,0.0,0.0,0.0,0.0,0.0,0.0,0.0,0.0,0.0
"94,175",2507.647104252164,0.0,0.0,0.0,0.0,0.0,0.0,0.0,0.0,0.0,0.0,6150.050525115518,4110.507158201815,762.3495432274015,245.98895025253296,232.69059491999008,32.3692741394043,8730.407719303581,5667.423431642382,1043.5546949106104,336.62133169174194,297.07527806057647,51.79307961463928,10018.136496202618,5909.861544575409,1095.3466661172754,362.51556158065796,297.075582521102,55.03027153015137,10780.409578856299,6155.815183715258,1161.7958859883101,384.8187615955577,274.41535927548125,32.369293451309204,12405.13717489336,6675.870951271057,1281.5652837239058,430.13845301515914,287.3642466236563,29.132166624069214,0.0,0.0,0.0,0.0,0.0,0.0,0.0,0.0,0.0,0.0,0.0,0.0,0.0,0.0,0.0,0.0,0.0,0.0,0.0,0.0,0.0,0.0,0.0,0.0,0.0,0.0,0.0,0.0,0.0,0.0
"95,175",2508.4212098588814,0.0,0.0,0.0,0.0,0.0,0.0,0.0,0.0,0.0,0.0,11810.44076360347,6169.964299461888,1230.8396000366583,253.78028341274637,199.54097563145208,41.2803478381213,15181.863782090768,8003.817969741073,1609.6962480049508,431.8787433717765,361.4456608903174,76.89903737516964,18687.263816207065,9191.071906302022,2103.646073399338,560.3248274737714,429.44541508076236,109.27917696447935,22269.864574175255,11478.488060334152,2677.065023766312,731.9471693450329,623.3282976477753,161.08800126524534,26139.469175973594,12907.193355351805,3000.471815444909,816.1398473197338,639.5215466349732,177.27908088179194,0.0,0.0,0.0,0.0,0.0,0.0,0.0,0.0,0.0,0.0,0.0,0.0,0.0,0.0,0.0,0.0,0.0,0.0,0.0,0.0,0.0,0.0,0.0,0.0,0.0,0.0,0.0,0.0,0.0,0.0
"96,175",2509.040831479874,0.0,0.0,0.0,0.0,0.0,0.0,0.0,0.0,0.0,0.0,19829.94534054644,17357.18191036991,4448.443692703808,1326.48390509568,869.207916098015,181.37325978279114,23440.893348087986,19353.236675518634,4949.631984316134,1449.554952878578,885.4017649463578,184.61211013793945,24830.08410952886,20283.001525436663,5250.464128358691,1521.465748538223,921.0275059513017,197.56526637077332,34450.5874438772,26383.056896977334,6177.703712686838,1803.2335646049648,1182.9529215915531,262.3390030860901,38172.509913102316,29044.17035674675,6714.946080448114,1935.6201968567043,1270.3982169254155,285.01120018959045,0.0,0.0,0.0,0.0,0.0,0.0,0.0,0.0,0.0,0.0,0.0,0.0,0.0,0.0,0.0,0.0,0.0,0.0,0.0,0.0,0.0,0.0,0.0,0.0,0.0,0.0,0.0,0.0,0.0,0.0
"97,175",2509.5057444945473,0.0,0.0,0.0,0.0,0.0,0.0,0.0,0.0,0.0,0.0,34483.301020529696,24010.22253552231,6766.324009415683,2707.587710232828,1439.288228923199,93.93945980072021,36566.09483461941,24958.137525121834,7096.740493294773,2766.2133379029297,1468.7595231635896,103.65738725662231,39139.74820163016,26268.287801111434,7350.859724308464,2876.3515963601135,1500.7459288699954,110.13585829734802,43404.60937281403,28497.784649181358,7894.672632480137,3084.3965863498993,1595.411064895929,116.61450219154358,44731.504476857655,29533.87174815289,8186.530394444747,3175.0987035545654,1624.5657494395386,116.61450219154358,0.0,0.0,0.0,0.0,0.0,0.0,0.0,0.0,0.0,0.0,0.0,0.0,0.0,0.0,0.0,0.0,0.0,0.0,0.0,0.0,0.0,0.0,0.0,0.0,0.0,0.0,0.0,0.0,0.0,0.0
"98,175",2509.8157802670507,0.0,0.0,0.0,0.0,0.0,0.0,0.0,0.0,0.0,0.0,25769.10051244287,15758.482318884719,2760.7940158011866,676.9624116991081,231.41061386688082,6.479732513427734,29206.624579128566,17871.554702367033,3362.169963768417,838.2253359663721,301.9600626683703,12.958940505981445,33088.53784318905,20150.46370658968,3912.1175283862094,1009.5266390931372,347.3182093358508,19.438687324523926,38980.10694136526,24155.631752149733,5286.99515784862,1345.7405709650002,472.9477214803883,22.678288459777832,42030.75679509219,26946.36797704229,6538.441818071814,1608.1627127553902,550.7030792226979,25.918165922164917,0.0,0.0,0.0,0.0,0.0,0.0,0.0,0.0,0.0,0.0,0.0,0.0,0.0,0.0,0.0,0.0,0.0,0.0,0.0,0.0,0.0,0.0,0.0,0.0,0.0,0.0,0.0,0.0,0.0,0.0
"99,175",2509.9708262918393,0.0,0.0,0.0,0.0,0.0,0.0,0.0,0.0,0.0,0.0,22632.21896429249,6278.9967721658595,922.5721847122791,210.59565377235413,84.23793601989746,0.0,25540.06726610988,7156.617104191873,1167.995633053312,259.1947765350342,110.15735864639282,0.0,27855.82384219076,7988.066762868095,1388.312756466398,298.0743131637573,145.7966024875641,0.0,34355.15142195739,10787.87015404888,1952.0640959019754,404.99253273010254,207.35520720481873,6.479867458343506,39205.52288535155,13117.881313030393,2576.9693351811056,505.4312198162079,239.75447130203247,12.959711790084839,0.0,0.0,0.0,0.0,0.0,0.0,0.0,0.0,0.0,0.0,0.0,0.0,0.0,0.0,0.0,0.0,0.0,0.0,0.0,0.0,0.0,0.0,0.0,0.0,0.0,0.0,0.0,0.0,0.0,0.0
"100,175",2509.970826291906,0.0,0.0,0.0,0.0,0.0,0.0,0.0,0.0,0.0,0.0,2094.6233627786823,451.5634528393839,106.51247568971971,3.2399680614471436,0.0,0.0,2097.8632638445088,448.323461412916,106.51247568971971,3.2399680614471436,0.0,0.0,2097.8631978025624,448.32346522761327,106.51249714739183,3.2399680614471436,0.0,0.0,2136.7430818071552,455.9342964789447,109.75250001795152,3.2399680614471436,0.0,0.0,2280.751023530025,498.77839862318604,112.99251266367295,3.2399680614471436,0.0,0.0,0.0,0.0,0.0,0.0,0.0,0.0,0.0,0.0,0.0,0.0,0.0,0.0,0.0,0.0,0.0,0.0,0.0,0.0,0.0,0.0,0.0,0.0,0.0,0.0,0.0,0.0,0.0,0.0,0.0,0.0
"101,175",2509.8157802670166,0.0,0.0,0.0,0.0,0.0,0.0,0.0,0.0,0.0,0.0,129.5904483795166,16.198601961135864,0.0,0.0,0.0,0.0,123.11097145080566,16.198601961135864,0.0,0.0,0.0,0.0,58.31497931480408,9.71911072731018,0.0,0.0,0.0,0.0,64.79426670074463,9.71911072731018,0.0,0.0,0.0,0.0,67.62736343121996,6.479417085647583,0.0,0.0,0.0,0.0,0.0,0.0,0.0,0.0,0.0,0.0,0.0,0.0,0.0,0.0,0.0,0.0,0.0,0.0,0.0,0.0,0.0,0.0,0.0,0.0,0.0,0.0,0.0,0.0,0.0,0.0,0.0,0.0,0.0,0.0
"102,175",2509.505744494523,0.0,0.0,0.0,0.0,0.0,0.0,0.0,0.0,0.0,0.0,43312.77049696679,6575.183322394128,294.9749253955542,12.957053899765015,0.0,0.0,51060.28622490938,7180.932992422814,359.7615817752539,16.196362733840942,0.0,0.0,52838.64368445452,7462.339181965473,440.74334442288267,16.196362733840942,0.0,0.0,52385.13910133417,7404.029906338336,434.6201945117876,12.957053899765015,0.0,0.0,52706.528952587345,7547.672106628792,444.3374110034868,12.957053899765015,0.0,0.0,0.0,0.0,0.0,0.0,0.0,0.0,0.0,0.0,0.0,0.0,0.0,0.0,0.0,0.0,0.0,0.0,0.0,0.0,0.0,0.0,0.0,0.0,0.0,0.0,0.0,0.0,0.0,0.0,0.0,0.0
"103,175",2509.040831479903,0.0,0.0,0.0,0.0,0.0,0.0,0.0,0.0,0.0,0.0,63429.46229877378,22660.360449734857,1629.7391894200268,168.414977312088,9.716100692749023,0.0,64055.91992602254,22938.49694945204,1688.0383339264813,181.37049269676208,9.716100692749023,0.0,65700.49246212828,23853.887720215556,1794.9228756764355,223.476979970932,9.716100692749023,0.0,66798.48722955573,24391.54084669375,1904.6877449288088,233.19332695007324,9.716100692749023,0.0,67163.36932287403,24617.554029412364,1940.316460682364,229.95498919487,9.716100692749023,0.0,0.0,0.0,0.0,0.0,0.0,0.0,0.0,0.0,0.0,0.0,0.0,0.0,0.0,0.0,0.0,0.0,0.0,0.0,0.0,0.0,0.0,0.0,0.0,0.0,0.0,0.0,0.0,0.0,0.0,0.0
"104,175",2508.421209858894,0.0,0.0,0.0,0.0,0.0,0.0,0.0,0.0,0.0,0.0,75667.29837649007,20067.735206213187,2669.7298457463585,666.643963285521,262.2924301624298,77.71778964996338,79766.81493845079,21183.98847403994,2800.455914188834,705.5006820641312,278.4821710586548,77.71778964996338,83882.65474435955,22425.75012556151,3032.784225398419,767.0246176205429,304.38732719421387,74.47958016395569,87684.07347703728,23436.25690437766,3255.1333635788337,812.3582288704666,330.2923262119293,77.71786189079285,89122.92465686986,24171.66755218973,3358.746136043586,838.2624861679825,362.6735374927521,77.71786189079285,0.0,0.0,0.0,0.0,0.0,0.0,0.0,0.0,0.0,0.0,0.0,0.0,0.0,0.0,0.0,0.0,0.0,0.0,0.0,0.0,0.0,0.0,0.0,0.0,0.0,0.0,0.0,0.0,0.0,0.0
"105,175",2507.647104252137,0.0,0.0,0.0,0.0,0.0,0.0,0.0,0.0,0.0,0.0,16751.256165557752,817.9288538231569,58.271984815597534,3.23746919631958,0.0,0.0,17570.478247622883,885.9126315846163,64.7457263469696,3.23746919631958,0.0,0.0,18160.662264001137,944.1475445663228,71.22039675712585,6.474465370178223,0.0,0.0,19445.04605994879,1085.4870872665854,70.4845453673718,6.474465370178223,0.0,0.0,21208.96352837693,1287.4125328035916,70.4845453673718,6.474465370178223,0.0,0.0,0.0,0.0,0.0,0.0,0.0,0.0,0.0,0.0,0.0,0.0,0.0,0.0,0.0,0.0,0.0,0.0,0.0,0.0,0.0,0.0,0.0,0.0,0.0,0.0,0.0,0.0,0.0,0.0,0.0,0.0
"106,175",2506.718795069535,0.0,0.0,0.0,0.0,0.0,0.0,0.0,0.0,0.0,0.0,20498.34583934522,323.55492544174194,32.35541081428528,25.88541841506958,22.649248123168945,3.2354140281677246,20682.354300588722,310.6130840778351,32.35541081428528,22.650043487548828,22.649248123168945,6.47083306312561,20588.42601352299,307.37892508506775,32.35541081428528,22.650043487548828,22.649248123168945,6.47083306312561,20280.331671016353,317.085657119751,34.14595139166888,19.4146146774292,22.649248123168945,6.47083306312561,19783.94306129381,304.1410086154938,30.91023147246417,19.4146146774292,16.178410291671753,6.47083306312561,0.0,0.0,0.0,0.0,0.0,0.0,0.0,0.0,0.0,0.0,0.0,0.0,0.0,0.0,0.0,0.0,0.0,0.0,0.0,0.0,0.0,0.0,0.0,0.0,0.0,0.0,0.0,0.0,0.0,0.0
"107,175",821.3338426670132,0.0,0.0,0.0,0.0,0.0,0.0,0.0,0.0,0.0,0.0,4946.0564748820125,64.62281253758599,6.470108509063721,0.0,0.0,0.0,5187.20248141943,67.85768893185784,6.470108509063721,0.0,0.0,0.0,5484.2537122296335,80.79695442143608,6.470108509063721,0.0,0.0,0.0,5684.623657179814,87.26621511403252,6.470108509063721,0.0,0.0,0.0,5799.491022674711,80.79576328221489,9.705190658569336,0.0,0.0,0.0,0.0,0.0,0.0,0.0,0.0,0.0,0.0,0.0,0.0,0.0,0.0,0.0,0.0,0.0,0.0,0.0,0.0,0.0,0.0,0.0,0.0,0.0,0.0,0.0,0.0,0.0,0.0,0.0,0.0,0.0
"83,176",1029.7965715197427,0.0,0.0,0.0,0.0,0.0,0.0,0.0,0.0,0.0,0.0,6744.337018617929,8367.541998646306,1995.7031524293561,796.1357262845133,720.8429700365253,615.9589863889357,8370.126193302753,10650.408908650454,2665.341610770132,1069.3279798741432,1054.2847911479425,932.7916152785806,8810.829709540161,11298.888839242038,2993.56434693243,1234.2741595333698,1276.0487782123041,1133.1272505956538,10293.450711732752,13085.911190764109,3447.7545027779597,1486.8612404309067,1621.5054072585763,1419.1463185983546,10772.04132402364,13901.72090579014,3779.1259662235484,1588.854534330555,1650.430818244523,1444.8543316560633,0.0,0.0,0.0,0.0,0.0,0.0,0.0,0.0,0.0,0.0,0.0,0.0,0.0,0.0,0.0,0.0,0.0,0.0,0.0,0.0,0.0,0.0,0.0,0.0,0.0,0.0,0.0,0.0,0.0,0.0
"84,176",2491.5845413811785,0.0,0.0,0.0,0.0,0.0,0.0,0.0,0.0,0.0,0.0,10514.229979431864,7615.100128674974,1535.977793296178,438.26170489741304,250.82507920265198,161.81823587417603,11649.299058115717,8366.426348313162,1748.2038141091664,508.9992336983774,279.76146149635315,208.96904627482098,12517.575813448664,9010.652841035992,1934.7103932698567,587.2368877485686,392.2880575656891,355.7797730763753,14158.561901406681,10589.390845243604,2465.2273627122245,812.3053877905303,524.1091637611389,432.9406514962514,14727.65501912061,11595.800146047743,2789.9792745908103,911.9798076704436,585.2019603252411,458.659419854482,0.0,0.0,0.0,0.0,0.0,0.0,0.0,0.0,0.0,0.0,0.0,0.0,0.0,0.0,0.0,0.0,0.0,0.0,0.0,0.0,0.0,0.0,0.0,0.0,0.0,0.0,0.0,0.0,0.0,0.0
"85,176",2493.8792591182755,0.0,0.0,0.0,0.0,0.0,0.0,0.0,0.0,0.0,0.0,3348.423180103302,1207.3251149654388,247.88923597335815,86.91793179512024,25.755672931671143,3.2197515964508057,3393.4860112667084,1239.5124123096466,276.8588240146637,86.91793179512024,25.755672931671143,3.2197515964508057,3419.2368371486664,1297.4592034816742,324.79812814488133,96.57672834396362,28.975282192230225,3.2197515964508057,3482.9118283131543,1365.0534286499023,369.51360872773563,112.67160177230835,32.19479966163635,3.2197515964508057,3486.1312353947583,1390.811841726303,392.0520518162671,125.54864692687988,32.19479966163635,3.2197515964508057,0.0,0.0,0.0,0.0,0.0,0.0,0.0,0.0,0.0,0.0,0.0,0.0,0.0,0.0,0.0,0.0,0.0,0.0,0.0,0.0,0.0,0.0,0.0,0.0,0.0,0.0,0.0,0.0,0.0,0.0
"86,176",2495.9001170804127,0.0,0.0,0.0,0.0,0.0,0.0,0.0,0.0,0.0,0.0,225.48942613601685,209.37964057922363,83.75359964370728,45.09733438491821,28.990170001983643,22.546390056610107,222.2694067955017,212.60186910629272,93.4182436466217,54.76004409790039,28.990170001983643,22.546390056610107,222.26941657066345,222.27179431915283,93.77186463580412,57.982871770858765,28.990170001983643,22.546390056610107,229.42054649801815,238.37678861618042,100.5672721526202,57.982871770858765,32.21101403236389,28.988226175308228,232.64337417097653,244.8205590248108,103.79009982557858,61.20505666732788,32.21101403236389,35.42994403839111,0.0,0.0,0.0,0.0,0.0,0.0,0.0,0.0,0.0,0.0,0.0,0.0,0.0,0.0,0.0,0.0,0.0,0.0,0.0,0.0,0.0,0.0,0.0,0.0,0.0,0.0,0.0,0.0,0.0,0.0
"87,176",2498.0296042860073,0.0,0.0,0.0,0.0,0.0,0.0,0.0,0.0,0.0,0.0,522.287951257182,533.397419423683,353.5715932313134,189.87204634722542,321.30185250113993,132.2254559993744,554.538574960185,601.9221671319476,402.3290155298569,241.6921334921145,398.7073467142442,148.35226559638977,657.7425577902326,682.5457077718249,492.2662921176237,283.25447755233915,465.22055552707,174.15334224700928,928.6754312777051,947.8131789843242,682.5600359664244,362.3065918800878,532.9505445788889,199.95494151115417,1031.8865511679182,1095.8086570178762,751.720539294037,401.00885761952867,544.6399676266839,180.60575819015503,0.0,0.0,0.0,0.0,0.0,0.0,0.0,0.0,0.0,0.0,0.0,0.0,0.0,0.0,0.0,0.0,0.0,0.0,0.0,0.0,0.0,0.0,0.0,0.0,0.0,0.0,0.0,0.0,0.0,0.0
"88,176",2499.8744181734887,0.0,0.0,0.0,0.0,0.0,0.0,0.0,0.0,0.0,0.0,7748.99608249384,8751.96608354344,3216.007831918492,1449.4767690939061,744.9030720822952,175.00654022272897,8868.601787278234,10433.04902626767,3806.476022826924,1712.6153271759256,861.0653977029465,178.2321211534388,9967.657946844663,12189.10586412374,4503.7196360419775,2051.748558072483,1086.9255213372849,249.93997987859393,11163.92275724411,13930.767704167087,5589.866043550828,2580.5234164630665,1471.4659216263715,320.925102559258,12747.02734164911,15860.608667847691,6334.609359197057,2985.866772359961,1594.0843925335828,320.9208746825948,0.0,0.0,0.0,0.0,0.0,0.0,0.0,0.0,0.0,0.0,0.0,0.0,0.0,0.0,0.0,0.0,0.0,0.0,0.0,0.0,0.0,0.0,0.0,0.0,0.0,0.0,0.0,0.0,0.0,0.0
"89,176",2501.5678485031603,0.0,0.0,0.0,0.0,0.0,0.0,0.0,0.0,0.0,0.0,10608.264226829306,12987.074156221688,5554.375161521575,2262.0709787004134,1620.6467728783102,537.2579563926248,11435.759342245963,13790.316790548026,5975.773786589678,2439.6745751493117,1749.8059046436758,566.3103534053354,12084.737712912467,14534.152212550594,6324.478254363115,2584.9642813794753,1877.747317493663,626.9345624082229,12789.271706395057,15710.081485278,6905.670578987459,2915.0376996825726,2066.4687192720526,655.9995483987472,13026.216148549436,16302.615708806468,7262.49164968472,3120.482007697049,2050.337600736057,617.2608716123244,0.0,0.0,0.0,0.0,0.0,0.0,0.0,0.0,0.0,0.0,0.0,0.0,0.0,0.0,0.0,0.0,0.0,0.0,0.0,0.0,0.0,0.0,0.0,0.0,0.0,0.0,0.0,0.0,0.0,0.0
"90,176",2503.1092857320555,0.0,0.0,0.0,0.0,0.0,0.0,0.0,0.0,0.0,0.0,4770.051960419673,3695.2927297489305,1117.1357440555796,369.66403648993537,316.61315965652466,74.32302165031433,5549.141717263764,4477.185601367201,1447.492665084203,456.8935410752015,345.6885325908661,71.08930110931396,6376.348476239747,5089.061858940124,1644.591008456548,544.224135166056,397.7908889508715,67.85750150680542,7035.893617853464,5777.682274679109,2107.003351580863,783.7991871459811,557.0909418498769,105.41484654370475,7378.432947376663,6354.368723067116,2524.961148607965,946.4535987816605,709.7461445967357,118.33509481373954,0.0,0.0,0.0,0.0,0.0,0.0,0.0,0.0,0.0,0.0,0.0,0.0,0.0,0.0,0.0,0.0,0.0,0.0,0.0,0.0,0.0,0.0,0.0,0.0,0.0,0.0,0.0,0.0,0.0,0.0
"91,176",2504.498174034541,0.0,0.0,0.0,0.0,0.0,0.0,0.0,0.0,0.0,0.0,8182.1514325665485,10247.596441356809,3771.0345345216633,1458.6427507652957,979.6158428192139,290.9414932727814,8961.930626941195,11036.594050433589,4143.621266076144,1565.3324530377108,1002.2425127029419,248.92371606826782,11321.690248596904,14415.845525246976,5649.584082572601,1986.288564454808,1363.0759090058943,307.11570048332214,12601.062130206239,16068.948517467461,6530.89378619755,2442.4071827579946,1745.3301049092236,378.23072504997253,14075.517335890789,17863.92798346538,7262.7004108419615,2786.3700853263626,1976.8676410422606,410.5528390407562,0.0,0.0,0.0,0.0,0.0,0.0,0.0,0.0,0.0,0.0,0.0,0.0,0.0,0.0,0.0,0.0,0.0,0.0,0.0,0.0,0.0,0.0,0.0,0.0,0.0,0.0,0.0,0.0,0.0,0.0
"92,176",2505.734011783033,0.0,0.0,0.0,0.0,0.0,0.0,0.0,0.0,0.0,0.0,2681.1689029805802,3124.9009034717783,835.0402181120479,329.50067419444815,203.75715231895447,48.51974034309387,3124.835885966993,3575.9270808724796,925.6015951605403,371.5418810311486,213.45904541015625,51.75446534156799,3299.5069617879153,3773.2473397282993,1016.166556593951,398.48162167493035,261.976523399353,71.1642963886261,3399.790114129758,3867.05164623541,1056.9974588366115,395.24740975323846,266.6443867627312,67.92957139015198,3390.045683784111,3878.8797690615934,1088.2377763916463,401.71339767399957,260.17267989551317,64.69485688209534,0.0,0.0,0.0,0.0,0.0,0.0,0.0,0.0,0.0,0.0,0.0,0.0,0.0,0.0,0.0,0.0,0.0,0.0,0.0,0.0,0.0,0.0,0.0,0.0,0.0,0.0,0.0,0.0,0.0,0.0
"93,176",2506.8163519820478,0.0,0.0,0.0,0.0,0.0,0.0,0.0,0.0,0.0,0.0,5506.545837049858,5206.73019082219,848.8297747770946,223.2561674118042,90.60230612754822,42.06048560142517,5970.770170875624,5751.177080592922,929.727280775706,242.6707706451416,119.72328352928162,67.94659471511841,6151.567430424222,5993.039098985521,1033.2696785132089,264.24034269650775,106.77792572975159,67.94602489471436,6410.408588814267,6258.354701049654,1110.924026886622,283.6549158891042,110.01198220252991,77.65332388877869,6591.212613280613,6398.538928436765,1131.4102178414664,299.82986839612323,97.06712579727173,77.65332388877869,0.0,0.0,0.0,0.0,0.0,0.0,0.0,0.0,0.0,0.0,0.0,0.0,0.0,0.0,0.0,0.0,0.0,0.0,0.0,0.0,0.0,0.0,0.0,0.0,0.0,0.0,0.0,0.0,0.0,0.0
"94,176",2507.7448026557936,0.0,0.0,0.0,0.0,0.0,0.0,0.0,0.0,0.0,0.0,10148.193265180027,11308.276385168001,3936.0920262729423,1360.8418584898404,644.1888961791992,123.01908993721008,11458.53806641242,12814.261406258976,4456.427019641914,1532.8435645084755,725.1121881008148,129.49346733093262,12120.690558805652,13888.91541581715,5009.289177068075,1754.9853550667856,830.7185497592477,141.2231722130495,12598.774505293602,14577.609700355344,5548.012040341134,2036.8711749376034,963.0928654829661,192.6666274173587,13135.697174160152,15044.195690413086,5856.852315610063,2108.0911029638028,1001.9386077086131,202.3790083034366,0.0,0.0,0.0,0.0,0.0,0.0,0.0,0.0,0.0,0.0,0.0,0.0,0.0,0.0,0.0,0.0,0.0,0.0,0.0,0.0,0.0,0.0,0.0,0.0,0.0,0.0,0.0,0.0,0.0,0.0
"95,176",2508.5190271885735,0.0,0.0,0.0,0.0,0.0,0.0,0.0,0.0,0.0,0.0,38490.8562728779,25011.63577590737,4117.788344979754,1031.9417936652312,844.0494628392014,188.6195752480451,43033.69048153279,27991.725928112104,4790.979260736352,1239.517763376236,1015.6558695278916,201.57114027528203,48852.24071214526,32724.093647414564,6023.92048238773,1712.2495834827423,1358.8701751671585,272.80369757203493,58759.69429659656,40568.8136048504,8547.851997635411,2527.688814533458,1971.595365372826,448.00385046098745,61884.05108605365,43463.03608280537,9562.013489502551,2951.853532922969,2252.214161085615,508.445093235315,0.0,0.0,0.0,0.0,0.0,0.0,0.0,0.0,0.0,0.0,0.0,0.0,0.0,0.0,0.0,0.0,0.0,0.0,0.0,0.0,0.0,0.0,0.0,0.0,0.0,0.0,0.0,0.0,0.0,0.0
"96,176",2509.138744618265,0.0,0.0,0.0,0.0,0.0,0.0,0.0,0.0,0.0,0.0,108089.46805156165,61554.45045327861,10465.780445757098,3116.688276374107,2434.290039544012,482.5630922317505,109825.46626603276,62559.56726971421,10661.9690809708,3142.5918603775553,2395.423213486578,463.13099551200867,111381.95402670749,63349.96522873806,10861.871055873233,3159.1899505054253,2432.4815298622734,466.36765456199646,113999.47078708853,65112.204901388606,11608.62492066645,3544.4295280765086,2959.114499317431,608.8637521266937,114629.42686616768,66089.7259971862,12146.63631872663,3852.5006115745095,3316.7915652808015,684.4175559745115,0.0,0.0,0.0,0.0,0.0,0.0,0.0,0.0,0.0,0.0,0.0,0.0,0.0,0.0,0.0,0.0,0.0,0.0,0.0,0.0,0.0,0.0,0.0,0.0,0.0,0.0,0.0,0.0,0.0,0.0
"97,176",2509.6037298802034,0.0,0.0,0.0,0.0,0.0,0.0,0.0,0.0,0.0,0.0,77980.56039110821,61556.07679740119,14136.510340766345,5355.987546841304,5236.740567369087,793.6630239486694,78914.17850976833,62608.445603677326,14652.313024285259,5550.76067464866,5444.47156883595,864.9297916889191,82117.35303016646,65080.38837028671,15348.296433277688,5928.060554855946,5785.0184936345795,916.7609527111053,85030.27101484375,68252.55342848254,16861.3209278088,6748.363436500699,6538.73846745678,997.7465291023254,86112.02598664058,69462.65276686255,17350.37851160835,6954.962033861759,6675.898238809437,1010.7042281627655,0.0,0.0,0.0,0.0,0.0,0.0,0.0,0.0,0.0,0.0,0.0,0.0,0.0,0.0,0.0,0.0,0.0,0.0,0.0,0.0,0.0,0.0,0.0,0.0,0.0,0.0,0.0,0.0,0.0,0.0
"98,176",2509.913814003744,0.0,0.0,0.0,0.0,0.0,0.0,0.0,0.0,0.0,0.0,22834.83656585824,20596.153702361913,6442.053277732811,2986.0776830074833,3183.4416729459576,753.6393303197973,25068.7356091303,22729.958817985946,7111.957898606505,3222.5807106850193,3388.767692269531,789.2769898695104,30412.431921320334,27536.636503068137,9109.12943236968,4180.018911878736,4166.889696716795,925.348202161228,33612.54271931087,30952.92032060343,10721.506633747325,4879.078389280918,4627.996392826006,980.4234477800481,33934.84529288984,31501.86521860291,10848.759428215963,4847.4078212186405,4474.2768516605975,944.785886220371,0.0,0.0,0.0,0.0,0.0,0.0,0.0,0.0,0.0,0.0,0.0,0.0,0.0,0.0,0.0,0.0,0.0,0.0,0.0,0.0,0.0,0.0,0.0,0.0,0.0,0.0,0.0,0.0,0.0,0.0
"99,176",2510.0688842601926,0.0,0.0,0.0,0.0,0.0,0.0,0.0,0.0,0.0,0.0,10133.31062824586,7364.028607028139,2276.860354687186,856.2288773452534,448.98223720157847,97.1978280544281,10761.053197909336,7933.450991564172,2582.229725369285,982.5872493182911,504.06104789341197,110.1576099395752,11471.809555040621,8871.093961226707,3092.197387024936,1197.7201192378998,606.5192597838009,128.3775745644289,12032.311749861288,9391.10121187416,3478.551953063292,1311.9186924541698,696.0177228759317,147.8171781315523,12766.907639300589,9869.064783708722,3695.5404070293202,1356.553724154304,735.6976382592145,164.01696121832904,0.0,0.0,0.0,0.0,0.0,0.0,0.0,0.0,0.0,0.0,0.0,0.0,0.0,0.0,0.0,0.0,0.0,0.0,0.0,0.0,0.0,0.0,0.0,0.0,0.0,0.0,0.0,0.0,0.0,0.0
"100,176",2510.0688842602235,0.0,0.0,0.0,0.0,0.0,0.0,0.0,0.0,0.0,0.0,15600.602773428898,5106.819915018829,974.5738327334909,217.80352115631104,137.0326253526351,3.239989995956421,16300.43780279253,5427.578764639648,1094.4531423877268,237.24342226982117,153.232591306462,3.239989995956421,16423.559486866932,5600.02358695105,1156.7372739146738,270.3675961494446,172.67256179977866,9.719980716705322,16308.598865995218,5565.998065667994,1150.2575514148264,273.6076545715332,182.39256015945884,9.719980716705322,16473.49727822285,5770.841736274607,1181.9332494567423,280.81190729141235,172.67258802582236,3.239989995956421,0.0,0.0,0.0,0.0,0.0,0.0,0.0,0.0,0.0,0.0,0.0,0.0,0.0,0.0,0.0,0.0,0.0,0.0,0.0,0.0,0.0,0.0,0.0,0.0,0.0,0.0,0.0,0.0,0.0,0.0
"101,176",2509.9138140037676,0.0,0.0,0.0,0.0,0.0,0.0,0.0,0.0,0.0,0.0,3875.7333082816185,1049.3526399369334,131.0310376999425,9.719631910324097,0.0,0.0,3875.733220782,1059.0724225277995,131.03104127622117,9.719631910324097,0.0,0.0,3846.574090923983,1023.4338445897196,127.79115403867236,6.479743719100952,0.0,0.0,3762.7054068471875,971.5958175892923,124.55126680112353,3.2398571968078613,0.0,0.0,3644.3033179619733,961.8762159581278,114.83160198903552,3.2398571968078613,0.0,0.0,0.0,0.0,0.0,0.0,0.0,0.0,0.0,0.0,0.0,0.0,0.0,0.0,0.0,0.0,0.0,0.0,0.0,0.0,0.0,0.0,0.0,0.0,0.0,0.0,0.0,0.0,0.0,0.0,0.0,0.0
"102,176",2509.6037298801193,0.0,0.0,0.0,0.0,0.0,0.0,0.0,0.0,0.0,0.0,54390.55524090692,14553.030829241698,1112.9850871637755,330.40428352355957,100.4170389175415,0.0,54476.55445941289,14611.335712960188,1112.9850907400541,333.6436228752136,93.93855714797974,0.0,55054.53244702208,14909.331698706572,1112.9839775637083,320.68672728538513,93.93855714797974,0.0,55492.556969963334,14957.564697593802,1126.2957801500957,320.68672728538513,93.93855714797974,0.0,55510.91329733811,14931.648287147635,1129.5341479460399,320.68665742874146,87.46005964279175,0.0,0.0,0.0,0.0,0.0,0.0,0.0,0.0,0.0,0.0,0.0,0.0,0.0,0.0,0.0,0.0,0.0,0.0,0.0,0.0,0.0,0.0,0.0,0.0,0.0,0.0,0.0,0.0,0.0,0.0,0.0
"103,176",2509.1387446183144,0.0,0.0,0.0,0.0,0.0,0.0,0.0,0.0,0.0,0.0,82314.30496208808,36853.595079732404,2806.61795093873,213.77124571800232,51.82326126098633,0.0,86142.30649961022,37883.593521593124,2926.100010179071,210.53216981887817,51.82326126098633,0.0,89620.18882356623,38732.81396091218,3020.026307366876,220.24827241897583,51.82326126098633,0.0,91408.68019861425,39434.90859898212,3094.161766352373,229.96542239189148,51.82326126098633,0.0,92231.3237322723,39787.2177391875,3162.175300659853,236.44299292564392,58.30138897895813,0.0,0.0,0.0,0.0,0.0,0.0,0.0,0.0,0.0,0.0,0.0,0.0,0.0,0.0,0.0,0.0,0.0,0.0,0.0,0.0,0.0,0.0,0.0,0.0,0.0,0.0,0.0,0.0,0.0,0.0,0.0
"104,176",2508.5190271885513,0.0,0.0,0.0,0.0,0.0,0.0,0.0,0.0,0.0,0.0,52587.06931521191,14144.98342176606,1939.7752279309666,380.9969277381897,202.76421921954437,24.822627782821655,60732.99553809447,17693.48945344009,2736.3752140091915,529.9368808269501,280.47027652964874,28.060415744781494,66466.13682283793,19921.334621762293,3315.8154265917983,622.7558615207672,325.7989613364725,28.060415744781494,70710.99610548768,22327.973514207206,3901.7316401070243,731.62341633404,389.4756991218118,28.060415744781494,72916.465573007,24509.098096911115,4598.804846363441,891.0776306909673,490.92574852214136,34.53542232513428,0.0,0.0,0.0,0.0,0.0,0.0,0.0,0.0,0.0,0.0,0.0,0.0,0.0,0.0,0.0,0.0,0.0,0.0,0.0,0.0,0.0,0.0,0.0,0.0,0.0,0.0,0.0,0.0,0.0,0.0
"105,176",2507.7448026557845,16.184492349624634,42.079530239105225,38.842785596847534,22.658024072647095,16.18409299850464,0.0,3.236872673034668,3.236964702606201,6.473745346069336,0.0,42371.98140810518,12026.389820951574,3750.4151526675505,1923.6174194476184,2129.0681680987864,1065.851673187929,46971.06589356498,14880.38619670307,4926.535108350305,2499.797196831423,2807.025226999732,1449.0225543386796,49147.44792068707,16150.294431773356,5486.864074718251,2839.52805816426,3098.3496259941776,1578.4980444319108,51061.76429383335,17374.826818654117,6121.439111454347,3179.412111156127,3526.6925495933083,1727.3939635164597,52474.22287462273,18536.339453503664,6753.297144289578,3414.49413953108,3842.8133409444026,1811.5544535524705,0.0,0.0,0.0,0.0,0.0,0.0,3.236872673034668,0.0,0.0,0.0,0.0,0.0,3.236964702606201,0.0,0.0,0.0,0.0,0.0,6.473745346069336,0.0,0.0,0.0,0.0,0.0,0.0,0.0,0.0,0.0,0.0,0.0
"106,176",2506.816351982047,0.0,0.0,0.0,0.0,0.0,0.0,0.0,0.0,0.0,0.0,26153.682233029722,2669.0799484841964,353.4352696222418,115.05641173194437,233.7315714639776,452.690783256643,30177.042368422302,3639.3323957892026,599.7175965365242,215.3773479349473,384.38679553761204,624.2039220277002,31234.79430794716,4198.105185965931,815.0889961663415,308.00781991341535,493.19701200092544,746.7564304127413,31075.085603747644,4400.766345035328,915.4068858567407,337.1324072108549,538.503363424189,792.0647559418398,31009.191952982135,4754.685020202748,1018.9548916760614,340.36655952790204,557.9207687910866,762.9405095829684,0.0,0.0,0.0,0.0,0.0,0.0,0.0,0.0,0.0,0.0,0.0,0.0,0.0,0.0,0.0,0.0,0.0,0.0,0.0,0.0,0.0,0.0,0.0,0.0,0.0,0.0,0.0,0.0,0.0,0.0
"107,176",1375.8404888697619,3.2345383167266846,18.074782077003928,0.0,0.0,0.0,0.0,0.0,0.0,0.0,0.0,11294.207247249753,1272.1487255797665,292.33624042529686,98.8372415561302,190.11778184946846,112.4891843515284,12195.492849325667,1536.1765727295597,366.73415888805016,111.77714219280317,222.46393677767585,135.13384840067695,12576.789982224445,1678.500461396049,437.897346868702,115.01197853275373,235.40245410975288,138.36839196261238,12928.091726983761,1862.8705883587108,496.1234716321908,121.15111618789972,245.1074430662043,141.60197708185981,12926.73833451645,1910.5919067803552,515.5325938608132,127.62098532471002,235.40408799227546,144.8369066434748,0.0,0.0,0.0,0.0,0.0,0.0,0.0,0.0,0.0,0.0,0.0,0.0,0.0,0.0,0.0,0.0,0.0,0.0,0.0,0.0,0.0,0.0,0.0,0.0,0.0,0.0,0.0,0.0,0.0,0.0
"83,177",1396.4788609964662,0.0,0.0,0.0,0.0,0.0,0.0,0.0,0.0,0.0,0.0,517.7894584104126,574.8291568615857,258.3046895008461,131.76800775527954,181.16930795650856,221.712078332901,1019.1354075833863,1281.8648664811078,492.91637191585465,263.5402638912201,294.85767587493444,198.4188751893885,2228.9976069095087,2043.4944304466246,721.0917919617073,350.31444907188416,439.4853847868302,288.4172124582178,2351.077856250838,2104.5266840177424,759.6427560637978,353.52765560150146,468.4083979971268,291.6346070485956,2404.098873108509,2194.5291855054743,820.7158754657296,363.1715033054352,497.3374558336594,291.6345271783716,0.0,0.0,0.0,0.0,0.0,0.0,0.0,0.0,0.0,0.0,0.0,0.0,0.0,0.0,0.0,0.0,0.0,0.0,0.0,0.0,0.0,0.0,0.0,0.0,0.0,0.0,0.0,0.0,0.0,0.0
"84,177",2491.676159426628,0.0,0.0,0.0,0.0,0.0,0.0,0.0,0.0,0.0,0.0,1292.3129028254864,667.8955185497508,202.97729400933957,84.81193604656295,51.445902585983276,83.58627438545227,2042.148414592182,1286.2346233255723,286.5716493541119,126.60611024089889,51.445902585983276,96.44483780860901,2463.3334946436044,1562.724870336757,395.8830016070721,197.33488168903426,64.30495190620422,109.30383110046387,2589.12063481574,1666.3310506100747,457.32350500705195,219.83859625049666,67.51978754997253,109.30383110046387,2853.1517737538206,2060.0640987368192,541.283195142185,258.4253307838066,83.59920835494995,106.08921027183533,0.0,0.0,0.0,0.0,0.0,0.0,0.0,0.0,0.0,0.0,0.0,0.0,0.0,0.0,0.0,0.0,0.0,0.0,0.0,0.0,0.0,0.0,0.0,0.0,0.0,0.0,0.0,0.0,0.0,0.0
"85,177",2493.9711684597714,0.0,0.0,0.0,0.0,0.0,0.0,0.0,0.0,0.0,0.0,6632.885422607496,3609.666987410714,723.912194926131,328.33721947669983,96.5669367313385,0.0,8254.627435502818,4947.700887309804,1016.8212372845294,408.811865568161,164.15995717048645,0.0,11702.489062843135,8176.566260921254,1821.5659238880755,788.6380414962769,366.95202469825745,0.0,12880.068927780787,9060.945176625719,2078.68037072537,907.7203462123871,469.940633058548,0.0,13790.499523614433,10070.129713395061,2355.1067413049586,949.556764125824,508.56490302085876,6.437340497970581,0.0,0.0,0.0,0.0,0.0,0.0,0.0,0.0,0.0,0.0,0.0,0.0,0.0,0.0,0.0,0.0,0.0,0.0,0.0,0.0,0.0,0.0,0.0,0.0,0.0,0.0,0.0,0.0,0.0,0.0
"86,177",2495.9922981304185,0.0,0.0,0.0,0.0,0.0,0.0,0.0,0.0,0.0,0.0,686.2665412425995,483.2759807109833,64.43750262260437,28.997255086898804,25.77517557144165,35.440473556518555,741.0402348041534,531.6059234142303,67.65922617912292,28.997255086898804,25.77517557144165,41.8839111328125,953.6689836978912,853.7708640098572,132.09218835830688,64.43540239334106,41.883657693862915,48.327261447906494,950.4470481872559,853.7708640098572,138.53622198104858,57.99148344993591,41.883657693862915,51.54899454116821,973.0054786205292,869.8847863674164,144.98008155822754,57.99148344993591,51.54906892776489,54.77074718475342,0.0,0.0,0.0,0.0,0.0,0.0,0.0,0.0,0.0,0.0,0.0,0.0,0.0,0.0,0.0,0.0,0.0,0.0,0.0,0.0,0.0,0.0,0.0,0.0,0.0,0.0,0.0,0.0,0.0,0.0
"87,177",2498.12205737465,0.0,0.0,0.0,0.0,0.0,0.0,0.0,0.0,0.0,0.0,5254.317729175792,4845.131594324112,2126.2590017356124,851.4769952493556,504.3331076117123,138.67906665802002,6054.177226484523,5574.635647702684,2477.3747529132693,1030.0665965276607,597.8664111109341,138.68017649650574,6808.877306640849,6251.929792571535,2774.0890096767275,1197.775436897839,679.6972843525457,180.60565447807312,7824.260197067261,7423.27816917382,3544.9102903945773,1569.871136937422,947.3826109287786,258.0017280578613,8303.336242844078,8106.242397326114,4091.5662440814226,1850.4637830594008,1145.3160644278807,293.4758496284485,0.0,0.0,0.0,0.0,0.0,0.0,0.0,0.0,0.0,0.0,0.0,0.0,0.0,0.0,0.0,0.0,0.0,0.0,0.0,0.0,0.0,0.0,0.0,0.0,0.0,0.0,0.0,0.0,0.0,0.0
"88,177",2499.967120608269,0.0,0.0,0.0,0.0,0.0,0.0,0.0,0.0,0.0,0.0,8408.547491731832,6758.807710999134,2299.9866054740605,1058.9785747640271,479.11146792710997,200.04652404785156,9015.174274149129,7363.997035894206,2619.413939067429,1178.3607366197248,533.9628387385724,196.81654739379883,9816.632493158415,8085.964530480142,2874.3251794067087,1275.1600413434646,585.5948010379193,212.95392847061157,11667.63550402604,9982.636028570287,3887.064607821259,1833.3696489446302,903.0184269278657,380.7739384174347,12873.758943940144,11357.91220875628,4558.9926414256,2092.6934573575563,1012.734932455362,409.8174829483032,0.0,0.0,0.0,0.0,0.0,0.0,0.0,0.0,0.0,0.0,0.0,0.0,0.0,0.0,0.0,0.0,0.0,0.0,0.0,0.0,0.0,0.0,0.0,0.0,0.0,0.0,0.0,0.0,0.0,0.0
"89,177",2501.6607838245054,0.0,0.0,0.0,0.0,0.0,0.0,0.0,0.0,0.0,0.0,6485.258133085101,7364.204593536901,2539.335878110399,1023.5959264390608,751.525149939107,178.7848246939042,7313.924454273897,8397.553677198934,3047.9513159031967,1291.614594852223,1051.8173857903948,259.5126942045548,7954.842839667376,9337.567917426428,3509.693583750257,1537.0171421471764,1237.0744968956592,291.80306371520544,8523.198489785662,10226.44336444537,4092.5841998118976,1826.0347165079677,1434.0368709723155,298.2597249395707,8793.254708610795,10786.348541313995,4407.883693344453,2006.473465978398,1537.3722465197245,314.40432032416845,0.0,0.0,0.0,0.0,0.0,0.0,0.0,0.0,0.0,0.0,0.0,0.0,0.0,0.0,0.0,0.0,0.0,0.0,0.0,0.0,0.0,0.0,0.0,0.0,0.0,0.0,0.0,0.0,0.0,0.0
"90,177",2503.202436380571,0.0,0.0,0.0,0.0,0.0,0.0,0.0,0.0,0.0,0.0,18885.278969196246,13550.301912738762,3116.1033550982384,829.188273340113,326.29380083084106,35.54394316673279,19718.680500450322,14406.33352338286,3544.117861064275,981.0121311243843,397.35364842414856,35.54003620147705,20247.77771301737,15055.654868861739,3875.4393189551784,1054.5920190053828,468.4248116016388,38.770066022872925,21328.93740446801,16251.025006791657,4418.2294583919,1238.7484983640556,573.0228912269367,52.900272416133504,21515.48910884203,16679.86664847019,4717.849155364317,1364.7414943414574,615.0243677531971,49.66851811315499,0.0,0.0,0.0,0.0,0.0,0.0,0.0,0.0,0.0,0.0,0.0,0.0,0.0,0.0,0.0,0.0,0.0,0.0,0.0,0.0,0.0,0.0,0.0,0.0,0.0,0.0,0.0,0.0,0.0,0.0
"91,177",2504.5915214388756,0.0,0.0,0.0,0.0,0.0,0.0,0.0,0.0,0.0,0.0,14084.88297029851,10116.833191024554,2920.691734985277,1089.0488477108524,942.3553325718524,455.82983231544495,15130.047522315792,11446.016810822017,3285.194153721192,1223.2159840920392,986.0002942487305,413.80003023147583,17233.939124309316,13847.595663009904,4294.416436904085,1710.673368282879,1409.0924888349045,656.2803592681885,18270.353026132023,15372.176375917357,5574.534346707662,2326.8784670624077,1851.1356868874793,847.0092222690582,19062.7792426876,16669.304406156727,6341.666457212673,2611.109428635765,2010.7302706980238,937.5200660228729,0.0,0.0,0.0,0.0,0.0,0.0,0.0,0.0,0.0,0.0,0.0,0.0,0.0,0.0,0.0,0.0,0.0,0.0,0.0,0.0,0.0,0.0,0.0,0.0,0.0,0.0,0.0,0.0,0.0,0.0
"92,177",2505.827536451054,0.0,0.0,0.0,0.0,0.0,0.0,0.0,0.0,0.0,0.0,15205.826381910549,18823.49782382086,7334.309712450176,2443.869946418089,2101.236161922006,446.3600709438324,17018.394535263848,20330.614430095633,7914.309105820749,2595.8853496888105,2273.7196723236757,472.229975938797,20214.66702851969,23257.26406602766,8882.073259701448,3125.5814847675024,2662.9070627969854,592.9641098050511,21214.53640481444,24532.604238464315,9574.308277690177,3500.7607745853124,2963.7026660722845,751.4514483479893,22185.992655389447,25852.30782408901,10217.230207905115,3780.354063239752,3139.4307486365824,796.7335871724522,0.0,0.0,0.0,0.0,0.0,0.0,0.0,0.0,0.0,0.0,0.0,0.0,0.0,0.0,0.0,0.0,0.0,0.0,0.0,0.0,0.0,0.0,0.0,0.0,0.0,0.0,0.0,0.0,0.0,0.0
"93,177",2506.910033595271,0.0,0.0,0.0,0.0,0.0,0.0,0.0,0.0,0.0,0.0,16938.181031130807,19306.31516005479,5327.075753612145,1772.4211834477444,1412.8745507950878,270.1733189311682,19698.823306794264,22371.81480383406,6358.1868224966765,2073.341308455374,1696.5132032787099,376.93652016789304,20514.21843289862,23381.335080676923,6848.931467297498,2269.6342761722262,1853.9725950315888,395.2702913172105,22959.89507601121,25483.11337938589,7375.794431462943,2465.3862294486926,1976.9255927160675,440.56726001571207,23584.859170073156,26754.347310264435,7748.398740623511,2600.923401562373,2043.4367444618078,472.9242229349473,0.0,0.0,0.0,0.0,0.0,0.0,0.0,0.0,0.0,0.0,0.0,0.0,0.0,0.0,0.0,0.0,0.0,0.0,0.0,0.0,0.0,0.0,0.0,0.0,0.0,0.0,0.0,0.0,0.0,0.0
"94,177",2507.838620166268,0.0,0.0,0.0,0.0,0.0,0.0,0.0,0.0,0.0,0.0,24850.703044235004,29870.45923804863,7234.693739667592,1474.264166543063,639.8573392475353,64.73592591285706,28344.095653044005,32709.773327423543,7961.179693921406,1632.050700941273,765.7372172767041,77.68221282958984,31027.018336495228,35721.66891141592,8682.596902882819,1840.4275028714947,851.1036565116808,91.8358191275129,33859.722605293864,38791.95004070413,9699.471867100398,2189.633749988032,957.9322886279986,98.31032979722116,34537.87306420288,39872.22903474453,10137.865713860007,2274.1477739726793,938.8650066319633,111.25566590066049,0.0,0.0,0.0,0.0,0.0,0.0,0.0,0.0,0.0,0.0,0.0,0.0,0.0,0.0,0.0,0.0,0.0,0.0,0.0,0.0,0.0,0.0,0.0,0.0,0.0,0.0,0.0,0.0,0.0,0.0
"95,177",2508.6129589188868,0.0,0.0,0.0,0.0,0.0,0.0,0.0,0.0,0.0,0.0,63804.203092116004,53232.95075721741,9060.175242167828,1258.912680500629,477.1569010042677,35.61428928375244,66845.47646429867,56279.353081968715,9883.18172992164,1427.2777894674564,522.8397797519085,35.61438822746277,70659.28605231397,59743.56144156456,10505.377412278978,1611.828117245319,600.543723004472,45.32770299911499,74145.69366212828,63410.92459508858,11600.379725566563,1792.724886419259,681.4847091609356,42.090065002441406,74641.8474825214,64227.993190154855,11919.492061317667,1851.0052208919153,678.2463308745739,38.852022647857666,0.0,0.0,0.0,0.0,0.0,0.0,0.0,0.0,0.0,0.0,0.0,0.0,0.0,0.0,0.0,0.0,0.0,0.0,0.0,0.0,0.0,0.0,0.0,0.0,0.0,0.0,0.0,0.0,0.0,0.0
"96,177",2509.232768362834,0.0,0.0,0.0,0.0,0.0,0.0,0.0,0.0,0.0,0.0,68436.49625696201,40646.73368567018,4765.513450276618,926.6154400236466,218.61647952117173,6.4779253005981445,74732.19991664046,43795.58303485104,5226.658108582216,983.2866355802498,215.377328043358,6.4779253005981445,76372.77626629343,44821.258788070496,5426.4963451544445,1031.867699804493,234.81025732077805,6.4779253005981445,81166.53943590276,47313.83293097721,6080.937477242713,1193.213089237961,260.3027766461466,9.716833114624023,82644.63786612773,48614.87742609697,6508.442467883989,1251.5107874973146,257.0634356255625,9.716833114624023,0.0,0.0,0.0,0.0,0.0,0.0,0.0,0.0,0.0,0.0,0.0,0.0,0.0,0.0,0.0,0.0,0.0,0.0,0.0,0.0,0.0,0.0,0.0,0.0,0.0,0.0,0.0,0.0,0.0,0.0
"97,177",2509.6978230088207,0.0,0.0,0.0,0.0,0.0,0.0,0.0,0.0,0.0,0.0,85189.93951736992,47793.04326530626,6332.215356462141,1504.704160379896,918.21081552225,106.9024806022644,89233.62723260019,49608.52347767961,6646.754796045902,1517.6606306309793,950.604908320483,110.14197301864624,93534.99056165172,51615.36134114452,6996.191057215486,1604.2982061217813,957.0836347075069,110.14197301864624,100758.25839307635,56415.34960488149,8041.461769451814,1784.2485991618212,1041.3040567370022,123.09919095039368,102330.37123125953,58106.500181956384,8515.571401533429,1840.92805908334,1081.7871529794206,123.09919095039368,0.0,0.0,0.0,0.0,0.0,0.0,0.0,0.0,0.0,0.0,0.0,0.0,0.0,0.0,0.0,0.0,0.0,0.0,0.0,0.0,0.0,0.0,0.0,0.0,0.0,0.0,0.0,0.0,0.0,0.0
"98,177",2510.007953566706,0.0,0.0,0.0,0.0,0.0,0.0,0.0,0.0,0.0,0.0,48091.095947691974,28710.737813653202,5442.854845789368,2296.2885203483056,2533.151379911572,848.4014593554477,50171.42351581255,30415.300828361513,6017.4803414410235,2610.5500013949822,3008.2087695533155,940.7292904199338,52625.82540534805,32455.779839724186,6671.9188857144,2890.378707033045,3359.312222205891,1023.3374821784449,55087.70425829139,34791.21401936493,7369.6673268028335,3112.2942009402254,3702.7022418312,1130.2491042258694,55703.23863410669,35492.78136142001,7628.850659007652,3099.3357568217257,3697.8483715842754,1114.0500347258999,0.0,0.0,0.0,0.0,0.0,0.0,0.0,0.0,0.0,0.0,0.0,0.0,0.0,0.0,0.0,0.0,0.0,0.0,0.0,0.0,0.0,0.0,0.0,0.0,0.0,0.0,0.0,0.0,0.0,0.0
"99,177",2510.163047093767,0.0,0.0,0.0,0.0,0.0,0.0,0.0,0.0,0.0,0.0,5711.663648773642,4191.15621304512,1226.8154547635247,584.0569415746951,588.8455499106763,223.55566906929016,7302.965013606876,6042.382799087786,2215.7290373269248,889.3381307779574,831.843434899461,304.55467557907104,10642.534301996231,9258.83732281479,3691.120119992425,1684.3366147677102,1422.7245999925276,406.2001508497724,12649.66203484816,11662.06399121939,5209.8367924736995,2357.4229196052925,1994.1651986159532,480.71897638077826,14434.061019813314,13983.47074232382,6276.992345954858,2849.897729728736,2242.815988199384,526.0783683084974,0.0,0.0,0.0,0.0,0.0,0.0,0.0,0.0,0.0,0.0,0.0,0.0,0.0,0.0,0.0,0.0,0.0,0.0,0.0,0.0,0.0,0.0,0.0,0.0,0.0,0.0,0.0,0.0,0.0,0.0
"100,177",2510.1630470937357,0.0,0.0,0.0,0.0,0.0,0.0,0.0,0.0,0.0,0.0,31315.597042789643,16212.510868212754,2105.973129931618,580.6775786876678,471.0018754192427,97.19970035552979,35783.1342707288,18820.686579367695,2698.1634766494526,793.7915036678314,636.2400682159498,106.91948771476746,39348.7147797996,20936.36820226277,3203.599734727074,916.9104583263397,697.7996368595198,119.8794093132019,39829.42554548489,21324.720378595244,3362.358520928551,939.5903379917145,726.9593451210096,119.8794093132019,39907.18512657391,21395.99969645108,3368.838629428078,942.8302609920502,746.3992414661482,110.15941882133484,0.0,0.0,0.0,0.0,0.0,0.0,0.0,0.0,0.0,0.0,0.0,0.0,0.0,0.0,0.0,0.0,0.0,0.0,0.0,0.0,0.0,0.0,0.0,0.0,0.0,0.0,0.0,0.0,0.0,0.0
"101,177",2510.0079535666914,0.0,0.0,0.0,0.0,0.0,0.0,0.0,0.0,0.0,0.0,1240.4318361235598,560.7925743542465,143.99068273282518,6.479736328125,6.479745149612427,0.0,1293.337242752898,586.7116376839432,156.9501723167943,16.199350595474243,6.479745149612427,0.0,1296.577612549651,593.1914128742966,169.90972436643113,19.439234733581543,9.719618082046509,0.0,1299.8174959725025,606.1509744606766,169.90972436643113,19.439234733581543,9.719618082046509,0.0,1364.6152698105457,664.4689223252091,189.3490148899602,22.67913317680359,9.719618082046509,0.0,0.0,0.0,0.0,0.0,0.0,0.0,0.0,0.0,0.0,0.0,0.0,0.0,0.0,0.0,0.0,0.0,0.0,0.0,0.0,0.0,0.0,0.0,0.0,0.0,0.0,0.0,0.0,0.0,0.0,0.0
"102,177",2509.6978230088703,0.0,0.0,0.0,0.0,0.0,0.0,0.0,0.0,0.0,0.0,18260.259738453697,5132.035607599744,278.5718550682068,22.674792766571045,0.0,0.0,19016.4383425563,5381.460337185392,346.59574365615845,32.392186641693115,0.0,0.0,19333.878591522516,5549.89839627696,378.9875183105469,35.63132286071777,0.0,0.0,20108.049862608255,5883.533333324918,398.4227707386017,38.87050700187683,0.0,0.0,20336.254364325956,6032.536861204633,430.81439328193665,42.10963678359985,0.0,0.0,0.0,0.0,0.0,0.0,0.0,0.0,0.0,0.0,0.0,0.0,0.0,0.0,0.0,0.0,0.0,0.0,0.0,0.0,0.0,0.0,0.0,0.0,0.0,0.0,0.0,0.0,0.0,0.0,0.0,0.0
"103,177",2509.232768362821,0.0,0.0,0.0,0.0,0.0,0.0,0.0,0.0,0.0,0.0,51330.247320379,19870.391273596706,1335.6116578765943,93.92682909965515,9.716430902481079,0.0,52831.20692776512,20411.269193270626,1400.3862445541456,110.12046146392822,9.716430902481079,0.0,53710.96563342786,21015.714879489413,1465.1626837440565,119.83675408363342,9.716430902481079,0.0,54177.34135035253,21517.713694310656,1523.4596967884138,126.31435418128967,9.716430902481079,0.0,55289.95945019161,21896.6414215331,1578.5200104900434,129.55316615104675,9.716367721557617,0.0,0.0,0.0,0.0,0.0,0.0,0.0,0.0,0.0,0.0,0.0,0.0,0.0,0.0,0.0,0.0,0.0,0.0,0.0,0.0,0.0,0.0,0.0,0.0,0.0,0.0,0.0,0.0,0.0,0.0,0.0
"104,177",2508.6129589189013,0.0,0.0,8.634154081344604,0.0,0.0,0.0,0.0,5.39583683013916,0.0,0.0,22586.691863017924,4203.657360823949,785.8383331719567,171.607097864151,121.00471875246834,19.426068782806396,26050.376204355092,5308.668764641706,1254.510419069552,249.31645321846008,187.92044875201057,19.426068782806396,27195.61644902884,6028.278468435886,1547.1262031302733,310.834184885025,226.77346465166877,22.664260864257812,28305.797879233083,6780.61600654733,1942.2870484146417,354.1322551661847,252.67662307795356,32.37816572189331,29483.0187244836,7504.125992031658,2403.2801882753183,398.6377203137267,285.0555877405054,45.32916307449341,0.0,0.0,0.0,0.0,0.0,0.0,0.0,0.0,0.0,0.0,0.0,0.0,5.39583683013916,0.0,0.0,0.0,0.0,0.0,0.0,0.0,0.0,0.0,0.0,0.0,0.0,0.0,0.0,0.0,0.0,0.0
"105,177",2507.8386201662993,0.0,0.0,1.0664698656867533,0.0,0.0,0.0,0.0,1.0664698656867533,0.0,0.0,31031.996096906474,18636.310670276718,5209.859459330988,2170.3133167696933,2346.249691663069,869.6857814246532,36204.49388444751,22673.543804443587,6819.355770838493,2747.8827218429715,3036.7266572868125,1138.5548200382905,38915.503977956956,24719.4439264391,7801.733794905157,3197.3537946551455,3509.2685694395327,1280.9646498932557,41277.23720017321,26920.640664905663,8795.32066673952,3508.0797828047885,3977.160819983015,1433.0971927418427,43598.53952153431,29233.330619323955,9990.112769366246,3891.2246009284377,4368.809611296187,1588.4573807491975,0.0,0.0,0.0,0.0,0.0,0.0,0.0,0.0,0.0,0.0,0.0,0.0,1.0664698656867533,0.0,0.0,0.0,0.0,0.0,0.0,0.0,0.0,0.0,0.0,0.0,0.0,0.0,0.0,0.0,0.0,0.0
"106,177",2506.910033595214,0.0,0.0,0.0,0.0,0.0,0.0,0.0,0.0,0.0,0.0,76121.99821141,24415.60685132345,2840.2435336608514,1098.4122115668129,1408.740156583225,1078.1494337343702,82988.548839585,27071.070403028007,3238.6097071441955,1268.4828468743492,1722.6434699815861,1309.7106071621765,87665.2397910913,28345.7062937241,3528.2241809470984,1376.482721522275,1846.8224598501242,1413.6498856572543,90543.89458327295,29624.488906605107,3739.28661850948,1431.4965295342836,1906.5246793475806,1475.1376779107486,92573.02891328008,31026.51996008649,3980.3587367749683,1467.0936612634096,1974.4825314727484,1526.9156866101657,0.0,0.0,0.0,0.0,0.0,0.0,0.0,0.0,0.0,0.0,0.0,0.0,0.0,0.0,0.0,0.0,0.0,0.0,0.0,0.0,0.0,0.0,0.0,0.0,0.0,0.0,0.0,0.0,0.0,0.0
"107,177",2344.0312186265833,0.0,0.0,0.0,0.0,0.0,0.0,0.0,0.0,0.0,0.0,33625.91894392032,3628.928562170852,472.72250011387996,40.020915625142116,48.51827836036682,32.34525990486145,37413.69939770604,4226.9119013935915,595.629924325382,46.489671108769436,48.51827836036682,32.34525990486145,38798.56464523615,4518.014353471644,660.3214204591864,43.25515973334219,48.51827836036682,32.34525990486145,40637.45001473146,5145.506225782282,818.080370426178,43.25515973334219,42.04945135116577,29.110748529434204,40995.14228043182,5641.197369908352,902.1732761859894,43.25515973334219,42.04945135116577,29.110748529434204,0.0,0.0,0.0,0.0,0.0,0.0,0.0,0.0,0.0,0.0,0.0,0.0,0.0,0.0,0.0,0.0,0.0,0.0,0.0,0.0,0.0,0.0,0.0,0.0,0.0,0.0,0.0,0.0,0.0,0.0
"108,177",117.75347254094065,0.0,0.0,0.0,0.0,0.0,0.0,0.0,0.0,0.0,0.0,90.94242292291977,9.7001371383667,0.0,0.0,0.0,0.0,97.40937572367051,3.233487844467163,0.0,0.0,0.0,0.0,103.87624102480271,3.233487844467163,3.2333245277404785,0.0,0.0,0.0,103.87624102480271,6.466818332672119,3.2333245277404785,0.0,0.0,0.0,90.9423997963176,9.700352668762207,3.2333245277404785,0.0,0.0,0.0,0.0,0.0,0.0,0.0,0.0,0.0,0.0,0.0,0.0,0.0,0.0,0.0,0.0,0.0,0.0,0.0,0.0,0.0,0.0,0.0,0.0,0.0,0.0,0.0,0.0,0.0,0.0,0.0,0.0,0.0
"83,178",1382.6256682408318,0.0,0.0,0.0,0.0,0.0,0.0,0.0,0.0,0.0,0.0,0.0,0.0,0.0,0.0,0.0,0.0,160.6870198249817,70.7025158405304,0.0,0.0,0.0,0.0,737.4678821760065,331.00225106688106,38.564764976501465,9.641448020935059,3.213808298110962,0.0,808.1312754668442,382.396326527876,48.19336269790051,12.85525631904602,3.213808298110962,0.0,812.9456697239596,392.0373244145337,48.19336269790051,12.85525631904602,3.213808298110962,0.0,0.0,0.0,0.0,0.0,0.0,0.0,0.0,0.0,0.0,0.0,0.0,0.0,0.0,0.0,0.0,0.0,0.0,0.0,0.0,0.0,0.0,0.0,0.0,0.0,0.0,0.0,0.0,0.0,0.0,0.0
"84,178",2491.763962948821,0.0,0.0,0.0,0.0,0.0,0.0,0.0,0.0,0.0,0.0,19.290085077285767,9.6437349319458,9.647781372070312,12.864835500717163,6.430436372756958,0.0,22.504671096801758,9.6437349319458,9.647781372070312,12.864835500717163,6.430436372756958,0.0,19.290062427520752,9.6437349319458,9.647781372070312,12.864835500717163,6.430436372756958,0.0,19.290062427520752,9.6437349319458,9.647781372070312,12.864835500717163,6.430436372756958,0.0,12.860867738723755,6.429137706756592,9.647781372070312,12.864835500717163,6.430436372756958,0.0,0.0,0.0,0.0,0.0,0.0,0.0,0.0,0.0,0.0,0.0,0.0,0.0,0.0,0.0,0.0,0.0,0.0,0.0,0.0,0.0,0.0,0.0,0.0,0.0,0.0,0.0,0.0,0.0,0.0,0.0
"85,178",2494.0592514136783,0.0,0.0,0.0,0.0,0.0,0.0,0.0,0.0,0.0,0.0,4079.8003086492126,1837.9285802841187,795.035397529602,267.15883016586304,99.78324127197266,35.40897059440613,4205.332782451779,1854.8303653062558,795.0344970226288,263.94004940986633,112.65870094299316,35.40897059440613,4267.295464308121,1898.291497069714,811.1284911632538,257.50178694725037,119.09688305854797,41.84693360328674,4074.9752320813195,1828.2842152866663,782.1567335128784,234.96981048583984,109.44071912765503,41.84693360328674,3740.2082504796044,1599.741516903335,666.2784142494202,196.34483814239502,90.12668776512146,32.18996858596802,0.0,0.0,0.0,0.0,0.0,0.0,0.0,0.0,0.0,0.0,0.0,0.0,0.0,0.0,0.0,0.0,0.0,0.0,0.0,0.0,0.0,0.0,0.0,0.0,0.0,0.0,0.0,0.0,0.0,0.0
"86,178",2496.0806416971486,0.0,0.0,0.0,0.0,0.0,0.0,0.0,0.0,0.0,0.0,0.0,0.0,3.2215678691864014,3.22196364402771,0.0,0.0,6.443589448928833,9.664732933044434,6.443155288696289,3.22196364402771,0.0,0.0,12.886540651321411,12.886329889297485,12.887887001037598,3.22196364402771,0.0,0.0,19.32991909980774,19.32972764968872,12.887887001037598,3.22196364402771,0.0,0.0,22.55304455757141,38.65968561172485,35.4409716129303,6.445098400115967,0.0,0.0,0.0,0.0,0.0,0.0,0.0,0.0,0.0,0.0,0.0,0.0,0.0,0.0,0.0,0.0,0.0,0.0,0.0,0.0,0.0,0.0,0.0,0.0,0.0,0.0,0.0,0.0,0.0,0.0,0.0,0.0
"87,178",2498.2106618354073,0.0,0.0,0.0,0.0,0.0,0.0,0.0,0.0,0.0,0.0,6.44989275932312,6.449901580810547,12.897003412246704,0.0,0.0,0.0,6.44989275932312,6.448811769485474,16.120864152908325,0.0,0.0,0.0,25.79755139350891,25.79427742958069,22.568576335906982,6.447703123092651,0.0,0.0,95.11838450431824,77.375896692276,48.36081051826477,12.895078182220459,6.447365760803223,0.0,175.7143630027771,196.6555049419403,88.65180925668454,22.566113471984863,9.67102599143982,0.0,0.0,0.0,0.0,0.0,0.0,0.0,0.0,0.0,0.0,0.0,0.0,0.0,0.0,0.0,0.0,0.0,0.0,0.0,0.0,0.0,0.0,0.0,0.0,0.0,0.0,0.0,0.0,0.0,0.0,0.0
"88,178",2500.0559641783084,0.0,0.0,0.0,0.0,0.0,0.0,0.0,0.0,0.0,0.0,1991.6534390103584,2074.815110142091,675.2186031734242,255.7355084035911,145.21755957603455,41.955798864364624,2347.4024445926443,2550.765612034704,1010.8039195930256,364.648447861391,182.33128181251826,58.09085202217102,2900.824693191753,3308.287002987955,1396.4251037663105,558.2612835070667,327.54377308639823,119.40492749214172,3722.922711376116,4729.008082725488,2475.0601248834646,1205.2958599230824,740.6186770513946,229.1292245388031,4183.512035171659,5617.185458255281,3245.4567646522146,1663.5297899311665,986.6894124161963,264.62678694725037,0.0,0.0,0.0,0.0,0.0,0.0,0.0,0.0,0.0,0.0,0.0,0.0,0.0,0.0,0.0,0.0,0.0,0.0,0.0,0.0,0.0,0.0,0.0,0.0,0.0,0.0,0.0,0.0,0.0,0.0
"89,178",2501.7498506997817,0.0,0.0,0.0,0.0,0.0,0.0,0.0,0.0,0.0,0.0,2273.4573694079527,2295.959368579528,858.9556112289429,321.24994052157683,184.03989696502686,54.88653016090393,2671.485719626557,2878.0412207173367,1146.337120294571,414.8932796786813,258.298122882843,80.716463804245,2848.261722569372,3105.6597486299625,1294.8664841651917,502.0522111079272,322.86559987068176,96.85843229293823,3266.3966109528264,3640.0237386544545,1669.3911379496255,755.4888960052939,491.54678204106347,145.28406476974487,3460.2241701378543,4052.595726401198,2043.2110918933267,996.0138119837817,636.8349714522268,190.4822118282318,0.0,0.0,0.0,0.0,0.0,0.0,0.0,0.0,0.0,0.0,0.0,0.0,0.0,0.0,0.0,0.0,0.0,0.0,0.0,0.0,0.0,0.0,0.0,0.0,0.0,0.0,0.0,0.0,0.0,0.0
"90,178",2503.2917097075365,0.0,0.0,0.0,0.0,0.0,0.0,0.0,0.0,0.0,0.0,4302.825779608183,3319.9359561490073,770.8137722866207,235.1493304981905,71.1777444530936,3.2318055629730225,5517.089186993767,4525.235629861495,1092.3357812853421,374.1061500324922,155.1986709286185,19.38832116127014,6011.456463662315,5012.405255025975,1198.961813876208,403.18854582449967,158.43047005428988,25.851919412612915,7294.172977628894,5892.566835002338,1453.5302205786984,480.7375539555269,202.9505896035363,45.242114782333374,7597.850966873355,6193.003211573992,1598.0978911708382,519.5036844029146,209.41144079601065,45.242114782333374,0.0,0.0,0.0,0.0,0.0,0.0,0.0,0.0,0.0,0.0,0.0,0.0,0.0,0.0,0.0,0.0,0.0,0.0,0.0,0.0,0.0,0.0,0.0,0.0,0.0,0.0,0.0,0.0,0.0,0.0
"91,178",2504.6809833982456,0.0,0.0,0.0,0.0,0.0,0.0,0.0,0.0,0.0,0.0,10301.073938533373,10637.481857609282,3611.7937869006514,1116.555684408487,411.417782346875,77.5793206691742,11257.626669259165,11665.723762486028,4090.252492501689,1231.3209426711587,464.7492588781843,93.73935389518738,12030.468048696894,12718.910346888562,4665.888282357946,1410.9215744803932,566.5782383806566,103.43743896484375,14088.409641738033,15298.630627589135,5893.437179370956,1913.6066079195807,771.3126475193922,153.72681900192708,14579.848836178875,16021.566545010552,6314.088028163537,2084.9607751425574,810.1105460503522,156.9608823888442,0.0,0.0,0.0,0.0,0.0,0.0,0.0,0.0,0.0,0.0,0.0,0.0,0.0,0.0,0.0,0.0,0.0,0.0,0.0,0.0,0.0,0.0,0.0,0.0,0.0,0.0,0.0,0.0,0.0,0.0
"92,178",2505.9171683448913,0.0,0.0,0.0,0.0,0.0,0.0,0.0,0.0,0.0,0.0,15093.164923528595,20315.68335459279,6984.719865294064,2048.727086307488,1345.6331779760471,239.34953045845032,16335.726766104792,21857.52855741183,7616.256604160048,2258.9630773086174,1449.1308486265293,252.2849621772766,18070.983469954663,24132.651441431983,8540.55398421942,2606.4784671166367,1630.2534327310673,278.1579954624176,19366.37793848094,25954.323915604047,9552.332486690259,3047.414519267924,1977.0117970419865,418.65336587195304,19884.405072568443,26953.090593196834,10176.188103779625,3249.0083511128146,2109.6178005648594,441.2911737180224,0.0,0.0,0.0,0.0,0.0,0.0,0.0,0.0,0.0,0.0,0.0,0.0,0.0,0.0,0.0,0.0,0.0,0.0,0.0,0.0,0.0,0.0,0.0,0.0,0.0,0.0,0.0,0.0,0.0,0.0
"93,178",2506.9998159370343,0.0,0.0,0.0,0.0,0.0,0.0,0.0,0.0,0.0,0.0,7311.131839603537,10444.430657621459,3768.087296680376,1288.9599863099118,972.1466277262743,179.5539613452612,7741.976900599985,11067.239260691289,4159.571097330019,1405.4350970791836,1020.6764042994555,179.55394584805356,9627.35391388594,13367.798381642735,4990.045434907839,1635.1537800835629,1188.9259133956011,205.4398496833502,12341.66033098838,16111.6899152896,5826.4394049083485,1897.7752988469367,1407.873266281801,302.51321942479,12976.020419962266,17294.511294422897,6563.9762441747325,2217.3952221655377,1673.5580191883387,376.93967229992734,0.0,0.0,0.0,0.0,0.0,0.0,0.0,0.0,0.0,0.0,0.0,0.0,0.0,0.0,0.0,0.0,0.0,0.0,0.0,0.0,0.0,0.0,0.0,0.0,0.0,0.0,0.0,0.0,0.0,0.0
"94,178",2507.928532773502,0.0,0.0,0.0,0.0,0.0,0.0,0.0,0.0,0.0,0.0,34757.64930316794,32115.450082586325,6080.1587478806,1223.3995682903364,283.06814354073765,3.2369303703308105,39802.36724482985,35694.637054740684,6748.342698718054,1346.3615539130044,305.73043864381077,6.474302053451538,43755.71502259759,38623.07382248337,7495.751781115813,1488.7949578818154,379.8315767437804,9.711739778518677,48257.447592975586,43311.19746110767,8989.724986591526,1859.4135761803273,496.3491830021727,19.42146110534668,51409.95990206962,46859.790117401244,10319.8562251465,2134.6416925607946,563.9621364612206,22.657920122146606,0.0,0.0,0.0,0.0,0.0,0.0,0.0,0.0,0.0,0.0,0.0,0.0,0.0,0.0,0.0,0.0,0.0,0.0,0.0,0.0,0.0,0.0,0.0,0.0,0.0,0.0,0.0,0.0,0.0,0.0
"95,178",2508.7029810082377,0.0,0.0,0.0,0.0,0.0,0.0,0.0,0.0,0.0,0.0,45340.86404544699,38754.917304790724,7564.5408497202625,2029.6117586210662,1043.418811150158,158.6583526134491,47332.61433799781,40317.27972625097,7925.006454876358,2093.6229515243976,1091.9967017846948,161.8974573612213,49360.01431904868,42132.34284801576,8583.189302222869,2365.6054816414326,1255.0562333667979,171.61100268363953,53212.5816942776,45132.74230112562,9591.90032403703,2672.1217079817084,1459.053159197639,197.51433610916138,54482.37443647758,46408.53689756861,9998.620209387238,2850.564605783014,1494.6768517101514,194.27663564682007,0.0,0.0,0.0,0.0,0.0,0.0,0.0,0.0,0.0,0.0,0.0,0.0,0.0,0.0,0.0,0.0,0.0,0.0,0.0,0.0,0.0,0.0,0.0,0.0,0.0,0.0,0.0,0.0,0.0,0.0
"96,178",2494.884191827454,0.0,0.0,0.0,0.0,0.0,0.0,0.0,0.0,0.0,0.0,13826.573703753715,12724.806938981075,1984.1204840173907,411.3107771873474,179.74157012023178,29.149965524673462,15642.080132380655,14049.401513729845,2358.184223217123,539.2345972556693,208.89038551367966,42.10486197471619,18213.112193486268,15572.367960527832,2747.9032251526332,639.6355917949303,215.36766207732407,55.06076908111572,19807.918118585323,17143.46152490354,3325.4672480975883,821.2725226000244,297.9495076908785,97.16580486297607,21511.82323562865,19002.474052115984,4099.528907735676,1136.872192811031,385.3973903431612,126.31596875190735,0.0,0.0,0.0,0.0,0.0,0.0,0.0,0.0,0.0,0.0,0.0,0.0,0.0,0.0,0.0,0.0,0.0,0.0,0.0,0.0,0.0,0.0,0.0,0.0,0.0,0.0,0.0,0.0,0.0,0.0
"97,178",2351.8557507224864,0.0,0.0,0.0,0.0,0.0,0.0,0.0,0.0,0.0,0.0,26157.145662793922,20829.8709364302,6614.111070281384,3125.231700163262,4034.6636468494635,1464.2625720500946,27806.998069615453,21884.27628509297,6901.681691354864,3245.090472917931,4066.3327767708724,1473.9786126613617,30156.618431267078,23744.38175043218,7502.812603517607,3605.396649507448,4504.389609011481,1665.109116077423,34275.085161253046,26981.310838404825,8827.708079383887,4233.122136097329,5195.123845894197,1833.5623791217804,35812.19386319553,28884.847495128593,9594.688470305648,4528.07646243993,5446.899828559277,1895.1134114265442,0.0,0.0,0.0,0.0,0.0,0.0,0.0,0.0,0.0,0.0,0.0,0.0,0.0,0.0,0.0,0.0,0.0,0.0,0.0,0.0,0.0,0.0,0.0,0.0,0.0,0.0,0.0,0.0,0.0,0.0
"98,178",2178.092635900293,0.0,0.0,0.0,0.0,0.0,0.0,0.0,0.0,0.0,0.0,20750.270575198938,18158.599183664133,9606.501550423865,5503.621810377345,6617.860868875652,1951.1781488923466,21843.80554931117,19402.67850719433,10310.646007552803,5957.196092308268,7088.3713016855945,2130.977705897537,23049.801856386897,20839.19026720477,11465.530799790924,6859.4534790861835,8435.718794617933,2472.772576304043,24125.557943348795,22004.367032496135,12222.836533325795,7325.0800291528885,8989.44133703288,2590.609949948741,24599.492566532244,22686.35015260285,12789.363339191326,7642.790002063676,9233.314123295802,2674.8401294970045,0.0,0.0,0.0,0.0,0.0,0.0,0.0,0.0,0.0,0.0,0.0,0.0,0.0,0.0,0.0,0.0,0.0,0.0,0.0,0.0,0.0,0.0,0.0,0.0,0.0,0.0,0.0,0.0,0.0,0.0
"99,178",2004.1742879145936,0.0,0.0,0.0,0.0,0.0,0.0,0.0,0.0,0.0,0.0,2987.994237609938,3113.9254510935616,1039.5112258107056,508.4275113573261,763.6968120603001,275.39373874664307,3670.493156326518,3832.46921544636,1326.7223854242586,663.9449540605732,1048.8119877843296,314.2730505466461,4551.75694359611,4817.4097564753365,1964.9897544561647,971.0138551225849,1489.4422248868382,408.2307388782501,5271.0314768679,5261.472988260493,2178.9397347534405,1035.7612733681997,1518.600912478391,417.9503948688507,5303.428918493495,5485.026615751491,2269.6571744049297,1058.4406952699026,1455.186910349715,460.0697114467621,0.0,0.0,0.0,0.0,0.0,0.0,0.0,0.0,0.0,0.0,0.0,0.0,0.0,0.0,0.0,0.0,0.0,0.0,0.0,0.0,0.0,0.0,0.0,0.0,0.0,0.0,0.0,0.0,0.0,0.0
"100,178",1830.1104600929023,0.0,0.0,0.0,0.0,0.0,0.0,0.0,0.0,0.0,0.0,4094.225506544113,1178.2738871574402,259.19569540023804,80.99859404563904,68.03874254226685,22.67963480949402,5115.535137653351,1664.9910271167755,333.71462059020996,113.39819431304932,97.19830203056335,22.679630041122437,5392.532913569843,1891.7625614727244,392.0340015888214,127.08240079879761,113.39820408821106,25.91960644721985,5972.473387622833,2091.712929089864,399.2384555339813,136.8022665977478,110.15832090377808,32.39957332611084,5949.793914699554,2101.433194716771,412.19851779937744,159.48205375671387,136.07811641693115,29.15958023071289,0.0,0.0,0.0,0.0,0.0,0.0,0.0,0.0,0.0,0.0,0.0,0.0,0.0,0.0,0.0,0.0,0.0,0.0,0.0,0.0,0.0,0.0,0.0,0.0,0.0,0.0,0.0,0.0,0.0,0.0
"101,178",1655.9119806767562,0.0,0.0,0.0,0.0,0.0,0.0,0.0,0.0,0.0,0.0,0.0,0.0,0.0,0.0,0.0,3.2398946285247803,0.0,0.0,0.0,0.0,0.0,3.2398946285247803,0.0,0.0,0.0,0.0,0.0,0.0,0.0,0.0,0.0,0.0,0.0,0.0,0.0,0.0,0.0,0.0,0.0,0.0,0.0,0.0,0.0,0.0,0.0,0.0,0.0,0.0,0.0,0.0,0.0,0.0,0.0,0.0,0.0,0.0,0.0,0.0,0.0,0.0,0.0,0.0,0.0,0.0,0.0,0.0,0.0,0.0,0.0,0.0
"102,178",1481.590753025954,0.0,0.0,0.0,0.0,0.0,0.0,0.0,0.0,0.0,0.0,0.0,0.0,0.0,0.0,0.0,0.0,0.0,0.0,0.0,0.0,0.0,0.0,0.0,0.0,0.0,0.0,0.0,0.0,0.0,0.0,0.0,0.0,0.0,0.0,0.0,0.0,0.0,0.0,0.0,0.0,0.0,0.0,0.0,0.0,0.0,0.0,0.0,0.0,0.0,0.0,0.0,0.0,0.0,0.0,0.0,0.0,0.0,0.0,0.0,0.0,0.0,0.0,0.0,0.0,0.0,0.0,0.0,0.0,0.0,0.0
"103,178",1307.159754629205,0.0,0.0,0.0,0.0,0.0,0.0,0.0,0.0,0.0,0.0,2937.9279260495127,281.13368286432,19.432510375976562,3.23876690864563,0.0,0.0,3029.5078963504116,305.00992437530965,19.432510375976562,3.23876690864563,3.2385616302490234,0.0,3079.317159125384,319.9832484020906,20.905664335512647,3.23876690864563,6.4771342277526855,0.0,3241.242363640841,371.79929845473345,27.382659565233716,3.23876690864563,6.4771342277526855,0.0,3356.787186156067,420.37681405684526,33.85964478137446,3.23876690864563,6.4771342277526855,0.0,0.0,0.0,0.0,0.0,0.0,0.0,0.0,0.0,0.0,0.0,0.0,0.0,0.0,0.0,0.0,0.0,0.0,0.0,0.0,0.0,0.0,0.0,0.0,0.0,0.0,0.0,0.0,0.0,0.0,0.0
"104,178",1132.6330349210236,0.0,0.0,0.0,0.0,0.0,0.0,0.0,0.0,0.0,0.0,4825.851906744639,2352.1627257664995,696.5647884555892,319.4196446792752,458.17424479559355,223.42354273796082,5768.053417174021,2624.1436889966326,783.9883938976363,348.5613845245511,490.5541121108859,239.61307048797607,5947.761099068323,2695.31587265239,823.0087050026539,367.98901089593477,493.79206553533965,259.04109930992126,6546.828274218241,2947.881573183396,894.2445353096607,390.65559371873445,532.6484104736178,275.2311818599701,7074.581250397364,3190.7184014152076,959.0036076134327,426.2720106498868,574.7424327476351,278.46946930885315,0.0,0.0,0.0,0.0,0.0,0.0,0.0,0.0,0.0,0.0,0.0,0.0,0.0,0.0,0.0,0.0,0.0,0.0,0.0,0.0,0.0,0.0,0.0,0.0,0.0,0.0,0.0,0.0,0.0,0.0
"105,178",958.0257119055625,0.0,0.0,0.0,0.0,0.0,0.0,0.0,0.0,0.0,0.0,1462.0975956823313,1581.5840592075795,899.1875371830137,479.9869301805309,608.7537498773313,298.90590834617615,1695.4446143655218,1795.2060677696675,1043.6799833466025,586.7940207013896,776.24211398106,389.52863025665283,1900.7887453528012,1997.4846239473304,1145.7677942481696,662.8345383335561,915.4017367241429,451.0208237171173,2015.2813135885726,2198.9612421493903,1262.288532373017,746.9870887924642,1052.7857788918066,512.3268720149994,2125.9512950962667,2442.916073555105,1417.964970625148,810.2603339681438,1146.3050331471015,580.2943099975586,0.0,0.0,0.0,0.0,0.0,0.0,0.0,0.0,0.0,0.0,0.0,0.0,0.0,0.0,0.0,0.0,0.0,0.0,0.0,0.0,0.0,0.0,0.0,0.0,0.0,0.0,0.0,0.0,0.0,0.0
"106,178",783.3539675925492,0.0,0.0,0.0,0.0,0.0,0.0,0.0,0.0,0.0,0.0,21588.248041253,5843.377449411503,596.6440913041432,213.9337756876852,171.81280722618104,167.11714089618008,23444.174689695883,6446.825669375587,700.1914488633473,239.8202159647848,249.47053709030152,192.44451962358812,24481.926170807255,6907.889669181786,782.6984461933959,255.9987833743002,261.9556968184079,194.02913483544893,25104.81281551473,7260.470119697907,866.8239883572447,288.3551264052297,302.56126292266094,228.16274206404591,25530.659680460016,7627.611796775518,984.6412906786974,325.4257561767803,348.1811242075527,231.39920632605458,0.0,0.0,0.0,0.0,0.0,0.0,0.0,0.0,0.0,0.0,0.0,0.0,0.0,0.0,0.0,0.0,0.0,0.0,0.0,0.0,0.0,0.0,0.0,0.0,0.0,0.0,0.0,0.0,0.0,0.0
"107,178",608.6350422499111,0.0,0.0,0.0,0.0,0.0,0.0,0.0,0.0,0.0,0.0,9441.870870555615,932.322763224209,119.67172980308533,9.704827308654785,19.409292459487915,7.674048568688187,10129.129329063377,1073.0321451102986,139.08141231536865,12.93977689743042,32.34834384918213,4.440099384270463,10886.065741397819,1208.8884891612856,132.61287117004395,22.64465641975403,35.5834002494812,1.2051447887046665,11059.501351138657,1278.9065722044777,142.31786727905273,25.87958025932312,35.5843243598938,1.2051447887046665,11074.111153007954,1331.339626229978,174.6662917137146,25.87958025932312,35.5843243598938,1.2051447887046665,0.0,0.0,0.0,0.0,0.0,0.0,0.0,0.0,0.0,0.0,0.0,0.0,0.0,0.0,0.0,0.0,0.0,0.0,0.0,0.0,0.0,0.0,0.0,0.0,0.0,0.0,0.0,0.0,0.0,0.0
"108,178",121.30924495577977,0.0,0.0,0.0,0.0,0.0,0.0,0.0,0.0,0.0,0.0,34.69059547817006,0.0,0.0,0.0,0.0,0.0,34.69060143863454,0.0,0.0,0.0,0.0,0.0,43.10969864994872,0.0,0.0,0.0,0.0,0.0,43.10955679089415,0.0,0.0,0.0,0.0,0.0,37.92393764888539,0.0,0.0,0.0,0.0,0.0,0.0,0.0,0.0,0.0,0.0,0.0,0.0,0.0,0.0,0.0,0.0,0.0,0.0,0.0,0.0,0.0,0.0,0.0,0.0,0.0,0.0,0.0,0.0,0.0,0.0,0.0,0.0,0.0,0.0,0.0
"83,179",1495.4018832306094,0.0,0.0,0.0,0.0,0.0,0.0,0.0,0.0,0.0,0.0,32.137603521347046,16.069276332855225,32.13752102851868,12.855482578277588,0.0,0.0,32.137603521347046,19.283668518066406,32.13752102851868,9.641628980636597,0.0,0.0,35.35143423080444,19.283668518066406,32.137324810028076,9.641628980636597,0.0,0.0,32.137638092041016,16.06979203224182,22.495913982391357,9.641628980636597,0.0,0.0,32.137776374816895,12.854780435562134,16.06842589378357,9.641628980636597,0.0,0.0,0.0,0.0,0.0,0.0,0.0,0.0,0.0,0.0,0.0,0.0,0.0,0.0,0.0,0.0,0.0,0.0,0.0,0.0,0.0,0.0,0.0,0.0,0.0,0.0,0.0,0.0,0.0,0.0,0.0,0.0
"84,179",2491.847929472524,0.0,0.0,0.0,0.0,0.0,0.0,0.0,0.0,0.0,0.0,28.94238805770874,16.073684692382812,9.646559000015259,0.0,0.0,0.0,22.51314878463745,9.644468069076538,6.431882619857788,0.0,0.0,0.0,22.51314878463745,9.647088766098022,6.431882619857788,0.0,0.0,0.0,22.51314878463745,9.64835500717163,6.431882619857788,0.0,0.0,0.0,25.72966194152832,12.864879131317139,6.431882619857788,0.0,0.0,0.0,0.0,0.0,0.0,0.0,0.0,0.0,0.0,0.0,0.0,0.0,0.0,0.0,0.0,0.0,0.0,0.0,0.0,0.0,0.0,0.0,0.0,0.0,0.0,0.0,0.0,0.0,0.0,0.0,0.0,0.0
"85,179",2494.143485396024,0.0,0.0,0.0,0.0,0.0,0.0,0.0,0.0,0.0,0.0,1407.7981648613425,767.5869539251514,215.69732809066772,83.71046662330627,16.093669891357422,0.0,1742.5525179077597,1001.4181908392438,334.4606861684837,103.02625775337219,32.19216346740723,0.0,2099.0460299753677,1312.0737568640243,485.77594753246683,173.858323097229,61.169402837753296,0.0,2568.163750653174,1723.2612237266467,678.9180340383567,221.79498668651956,90.14315176010132,0.0,2635.7633998440765,1768.338157349007,714.3362409685172,241.1144396875419,103.02539563179016,0.0,0.0,0.0,0.0,0.0,0.0,0.0,0.0,0.0,0.0,0.0,0.0,0.0,0.0,0.0,0.0,0.0,0.0,0.0,0.0,0.0,0.0,0.0,0.0,0.0,0.0,0.0,0.0,0.0,0.0,0.0
"86,179",2496.165125266392,0.0,0.0,0.0,0.0,0.0,0.0,0.0,0.0,0.0,0.0,596.3368616487465,562.3234149942211,283.4888460636139,83.7647225856781,19.328304529190063,0.0,644.6514280225716,652.8663220321431,322.4927058603249,109.53356122970581,22.54952120780945,0.0,692.9677679922066,781.7036251937642,393.35244444865805,151.40472865104675,35.43284773826599,0.0,754.162291803547,881.5472702895894,444.88387946147543,177.52526263255697,57.98201513290405,0.0,779.9304023172341,907.3099870597616,444.8819015409432,187.18902544040304,67.64630317687988,0.0,0.0,0.0,0.0,0.0,0.0,0.0,0.0,0.0,0.0,0.0,0.0,0.0,0.0,0.0,0.0,0.0,0.0,0.0,0.0,0.0,0.0,0.0,0.0,0.0,0.0,0.0,0.0,0.0,0.0,0.0
"87,179",2498.295395056466,0.0,0.0,0.0,0.0,0.0,0.0,0.0,0.0,0.0,0.0,3.2233011722564697,19.34010100364685,16.11680006980896,3.223613977432251,0.0,0.0,9.674289464950562,25.791123628616333,19.342272520065308,3.223613977432251,0.0,0.0,9.674289464950562,25.791123628616333,19.342272520065308,3.223613977432251,0.0,0.0,16.125346422195435,25.791123628616333,19.342272520065308,3.223613977432251,0.0,0.0,32.252949953079224,38.69319415092468,19.342272520065308,3.223613977432251,0.0,0.0,0.0,0.0,0.0,0.0,0.0,0.0,0.0,0.0,0.0,0.0,0.0,0.0,0.0,0.0,0.0,0.0,0.0,0.0,0.0,0.0,0.0,0.0,0.0,0.0,0.0,0.0,0.0,0.0,0.0,0.0
"88,179",2500.1409261913614,0.0,0.0,0.0,0.0,0.0,0.0,0.0,0.0,0.0,0.0,1622.2417776930565,1635.9381132770986,735.622608571894,231.52154687900168,64.53761124610901,54.85916566848755,2024.7723040664896,2192.551852793787,1048.6259862479042,377.52279485253723,114.54692801681219,38.72457265853882,2598.971581846125,2929.4506097223248,1470.4452464935828,574.3538872101727,159.7253352090424,43.39501037036671,3220.063196980719,3709.3703833963355,2146.4055947182223,930.5872995124141,304.6043580821916,61.69535802392399,3696.7311301754967,4617.53896986924,2815.0939419372407,1299.1898368554955,451.1808069378722,68.15017865685856,0.0,0.0,0.0,0.0,0.0,0.0,0.0,0.0,0.0,0.0,0.0,0.0,0.0,0.0,0.0,0.0,0.0,0.0,0.0,0.0,0.0,0.0,0.0,0.0,0.0,0.0,0.0,0.0,0.0,0.0
"89,179",2501.8350263646494,0.0,0.0,0.0,0.0,0.0,0.0,0.0,0.0,0.0,0.0,203.39125084877014,374.495644569397,225.271948149625,54.882465839385986,45.193211793899536,6.4561614990234375,409.18185986631056,719.0976062419368,460.93076830190773,151.72765588760376,116.21205139160156,25.824886798858643,645.8105617214652,1096.4097851061354,689.4057751711678,280.85525727272034,184.00387120246887,46.97836981380687,985.65390049149,1648.5904043814717,1080.9023572070926,539.4507624738357,373.99903444869847,86.77918054075802,1161.6687966879676,1995.7830407984118,1483.6922315980873,690.4544391772326,510.64702101221275,93.23548246832455,0.0,0.0,0.0,0.0,0.0,0.0,0.0,0.0,0.0,0.0,0.0,0.0,0.0,0.0,0.0,0.0,0.0,0.0,0.0,0.0,0.0,0.0,0.0,0.0,0.0,0.0,0.0,0.0,0.0,0.0
"90,179",2503.3770828841098,0.0,0.0,0.0,0.0,0.0,0.0,0.0,0.0,0.0,0.0,4515.757330551334,1943.6217414949454,329.57606715969007,64.62588596343994,31.50179654009202,0.0,5485.15502704639,2292.6034109209095,368.3531119327919,77.55009531974792,37.964711483787084,0.0,5850.288721218296,2480.016721448711,390.9716798763649,77.55009531974792,37.964711483787084,0.0,6370.521912470051,2692.4707124999923,455.59871668628614,106.63153839111328,47.65907054788926,0.0,6386.678232326694,2718.3199625781936,466.102517785278,109.86242938041687,47.65907054788926,0.0,0.0,0.0,0.0,0.0,0.0,0.0,0.0,0.0,0.0,0.0,0.0,0.0,0.0,0.0,0.0,0.0,0.0,0.0,0.0,0.0,0.0,0.0,0.0,0.0,0.0,0.0,0.0,0.0,0.0,0.0
"91,179",2504.7665370267123,0.0,0.0,0.0,0.0,0.0,0.0,0.0,0.0,0.0,0.0,1189.5957627296448,1179.8928079605103,407.3026702404022,77.5816707611084,48.49117398262024,38.79795265197754,1312.444137096405,1283.34304189682,442.8632071018219,87.28104710578918,61.422473669052124,25.865341663360596,1590.4512729644775,1525.7910342216492,533.3783900737762,119.60701751708984,87.28498125076294,22.630691051483154,1635.7045760154724,1574.2763192653656,556.0046486854553,126.07163310050964,87.28498125076294,27.65227576424094,1632.4722065925598,1590.4412717819214,572.1674747467041,135.7697458267212,74.35303616523743,17.95342298675986,0.0,0.0,0.0,0.0,0.0,0.0,0.0,0.0,0.0,0.0,0.0,0.0,0.0,0.0,0.0,0.0,0.0,0.0,0.0,0.0,0.0,0.0,0.0,0.0,0.0,0.0,0.0,0.0,0.0,0.0
"92,179",2506.002884528611,0.0,0.0,0.0,0.0,0.0,0.0,0.0,0.0,0.0,0.0,1984.5264465004789,2728.161554333743,1100.770482301712,345.28484112328175,122.1060868394141,9.704860210418701,2618.481761851965,3484.211450328079,1426.6414811676623,455.25573927467946,167.39012872097538,9.704860210418701,3340.5910668737747,4236.75891531028,1759.7997403210284,591.10887557572,225.61126886723088,9.704860210418701,3567.0050194628097,4634.591506080066,1987.8266493348515,659.0340514809477,283.8310474049811,14.372704527424832,4196.093062426062,5537.237301218744,2369.4840258626377,843.3978810936796,367.92652069447087,27.310688517140406,0.0,0.0,0.0,0.0,0.0,0.0,0.0,0.0,0.0,0.0,0.0,0.0,0.0,0.0,0.0,0.0,0.0,0.0,0.0,0.0,0.0,0.0,0.0,0.0,0.0,0.0,0.0,0.0,0.0,0.0
"93,179",1547.990892330537,0.0,0.0,0.0,0.0,0.0,0.0,0.0,0.0,0.0,0.0,387.1216834676032,498.2086656916375,238.31256709098815,85.72626955275442,57.42128324882657,12.940595865249634,387.1211689603095,524.0909508097405,238.31257185935974,95.43291289572622,57.42124939338834,12.940595865249634,416.23927508709477,560.7554341185327,251.2532094478607,95.43194586996938,70.36218309776456,12.940595865249634,396.8274599206214,531.6368258822198,244.7826078891754,101.9022894597521,70.36182904617459,12.940595865249634,403.29729305622624,540.2635167467828,251.25286087989807,111.60772616629507,70.36203813926846,12.940595865249634,0.0,0.0,0.0,0.0,0.0,0.0,0.0,0.0,0.0,0.0,0.0,0.0,0.0,0.0,0.0,0.0,0.0,0.0,0.0,0.0,0.0,0.0,0.0,0.0,0.0,0.0,0.0,0.0,0.0,0.0
"94,179",364.21402878222455,0.0,0.0,0.0,0.0,0.0,0.0,0.0,0.0,0.0,0.0,2085.402753352184,1501.5012753374438,419.6724195078307,119.7733883857727,54.21868912939932,0.0,2351.866397351844,1698.2183090378257,418.8576114439496,133.5203748740402,57.455329821156525,0.0,2466.5159156640366,1874.4440298043046,481.74123915317006,165.88789139167937,62.30483400774938,3.2365314960479736,2520.7303510890288,1966.6017345830508,523.1590356424744,178.83569941894683,62.30483400774938,6.47375750541687,2569.2799173579497,2032.1462741580665,537.7955890870562,187.73455430292614,68.77794730616552,9.711143970489502,0.0,0.0,0.0,0.0,0.0,0.0,0.0,0.0,0.0,0.0,0.0,0.0,0.0,0.0,0.0,0.0,0.0,0.0,0.0,0.0,0.0,0.0,0.0,0.0,0.0,0.0,0.0,0.0,0.0,0.0
"95,179",190.18385956273198,0.0,0.0,0.0,0.0,0.0,0.0,0.0,0.0,0.0,0.0,331.6624324761185,379.3751922747668,178.25956469704124,50.2022176770603,63.938698224460374,6.475106239318848,359.9891491534663,441.69334063155975,181.4971438043258,56.67735920232885,63.938698224460374,6.475106239318848,376.17708450579175,486.20772841677945,200.9232123487136,82.57818541807288,83.8342360833112,6.475106239318848,559.9020635950799,628.6551244866614,271.8722086495045,113.33056352746252,118.36936618674035,6.475106239318848,635.9818066503487,718.4974530668819,340.7632752614862,135.18110769122254,131.31972362387415,6.475106239318848,0.0,0.0,0.0,0.0,0.0,0.0,0.0,0.0,0.0,0.0,0.0,0.0,0.0,0.0,0.0,0.0,0.0,0.0,0.0,0.0,0.0,0.0,0.0,0.0,0.0,0.0,0.0,0.0,0.0,0.0
"96,179",30.57128513822719,0.0,0.0,0.0,0.0,0.0,0.0,0.0,0.0,0.0,0.0,0.0,2.425915813446045,0.0,0.0,0.0,3.2384259700775146,0.0,0.0,0.0,0.0,0.0,0.0,0.0,2.425902598511939,0.0,0.0,0.0,0.0,1.0667661891264073,7.277736011205935,1.0667661891264073,0.8000746418448056,1.0667661891264073,0.0,1.0667661891264073,7.277736011205935,1.0667661891264073,0.8000746418448056,1.0667661891264073,0.0,0.0,0.0,0.0,0.0,0.0,0.0,0.0,0.0,0.0,0.0,0.0,0.0,0.0,0.0,0.0,0.0,0.0,0.0,0.0,0.0,0.0,0.0,0.0,0.0,0.0,0.0,0.0,0.0,0.0,0.0
"83,180",485.9883928449386,0.0,0.0,0.0,0.0,0.0,0.0,0.0,0.0,0.0,0.0,46.58797924939324,43.37429316371095,32.13367486000061,20.99524292945862,0.0,0.0,49.801567248737115,43.37429316371095,35.34701919555664,20.99524292945862,0.0,0.0,53.01478379193475,44.98727226257324,35.34701919555664,19.28136658668518,0.0,0.0,56.22798912945916,44.98727226257324,41.77383542060852,12.854562520980835,0.0,0.0,69.08147042218377,57.84073042869568,44.98724913597107,14.568438863754272,0.0,0.0,0.0,0.0,0.0,0.0,0.0,0.0,0.0,0.0,0.0,0.0,0.0,0.0,0.0,0.0,0.0,0.0,0.0,0.0,0.0,0.0,0.0,0.0,0.0,0.0,0.0,0.0,0.0,0.0,0.0,0.0
"84,180",968.6171535595834,0.0,0.0,0.0,0.0,0.0,0.0,0.0,0.0,0.0,0.0,0.0,0.0,0.0,0.0,0.0,0.0,0.0,0.0,0.0,0.0,0.0,0.0,0.0,0.0,0.0,0.0,0.0,0.0,0.0,0.0,0.0,0.0,0.0,0.0,0.0,0.0,0.0,0.0,0.0,0.0,0.0,0.0,0.0,0.0,0.0,0.0,0.0,0.0,0.0,0.0,0.0,0.0,0.0,0.0,0.0,0.0,0.0,0.0,0.0,0.0,0.0,0.0,0.0,0.0,0.0,0.0,0.0,0.0,0.0,0.0
"85,180",1006.7513021604503,0.0,0.0,0.0,0.0,0.0,0.0,0.0,0.0,0.0,0.0,0.0,3.2182817459106445,0.0,3.218292236328125,0.0,0.0,0.0,3.2182817459106445,0.0,3.218292236328125,0.0,0.0,0.0,3.2182817459106445,0.0,3.218292236328125,0.0,0.0,0.0,3.2182817459106445,3.2182817459106445,9.654824256896973,3.2182607650756836,0.0,0.0,3.2182817459106445,3.2182817459106445,9.654824256896973,3.2182607650756836,0.0,0.0,0.0,0.0,0.0,0.0,0.0,0.0,0.0,0.0,0.0,0.0,0.0,0.0,0.0,0.0,0.0,0.0,0.0,0.0,0.0,0.0,0.0,0.0,0.0,0.0,0.0,0.0,0.0,0.0,0.0
"86,180",1044.8581117247,0.0,0.0,0.0,0.0,0.0,0.0,0.0,0.0,0.0,0.0,0.0,0.0,0.0,0.0,0.0,0.0,0.0,0.0,0.0,0.0,0.0,0.0,0.0,0.0,0.0,0.0,0.0,0.0,0.0,0.0,0.0,0.0,0.0,0.0,0.0,0.0,0.0,0.0,0.0,0.0,0.0,0.0,0.0,0.0,0.0,0.0,0.0,0.0,0.0,0.0,0.0,0.0,0.0,0.0,0.0,0.0,0.0,0.0,0.0,0.0,0.0,0.0,0.0,0.0,0.0,0.0,0.0,0.0,0.0,0.0
"87,180",1083.0582945964268,0.0,0.0,0.0,0.0,0.0,0.0,0.0,0.0,0.0,0.0,12.902294158935547,6.45114278793335,0.0,0.0,0.0,0.0,12.902294158935547,3.225567102432251,0.0,0.0,0.0,0.0,12.902294158935547,3.225567102432251,0.0,0.0,0.0,0.0,12.902294158935547,6.451151371002197,0.0,0.0,0.0,0.0,12.902294158935547,6.451151371002197,0.0,0.0,0.0,0.0,0.0,0.0,0.0,0.0,0.0,0.0,0.0,0.0,0.0,0.0,0.0,0.0,0.0,0.0,0.0,0.0,0.0,0.0,0.0,0.0,0.0,0.0,0.0,0.0,0.0,0.0,0.0,0.0,0.0,0.0
"88,180",1121.201094226605,0.0,0.0,0.0,0.0,0.0,0.0,0.0,0.0,0.0,0.0,50.40832528039521,50.821927926119635,23.38119823511909,3.225806951522827,0.0,3.2276620864868164,50.40832528039521,44.3703571768368,23.38119823511909,3.225806951522827,0.0,3.2276620864868164,50.40832528039521,44.3703571768368,17.3343483840718,3.225806951522827,0.0,3.2276620864868164,50.40832528039521,50.82190241533167,17.3343483840718,3.225806951522827,0.0,3.2276620864868164,47.18254407807893,47.596044680651495,12.906676054000854,3.225806951522827,0.0,3.2276620864868164,0.0,0.0,0.0,0.0,0.0,0.0,0.0,0.0,0.0,0.0,0.0,0.0,0.0,0.0,0.0,0.0,0.0,0.0,0.0,0.0,0.0,0.0,0.0,0.0,0.0,0.0,0.0,0.0,0.0,0.0
"89,180",1159.3181116692951,0.0,0.0,0.0,0.0,0.0,0.0,0.0,0.0,0.0,0.0,67.82696652412415,25.83886456489563,16.149237871170044,6.45969820022583,12.919403314590454,0.0,67.82696652412415,29.068706274032593,16.149237871170044,6.45969820022583,12.919403314590454,0.0,61.367419719696045,22.609008312225342,16.149237871170044,6.45969820022583,9.689575910568237,0.0,74.24941350992988,38.72097374972175,25.839231491088867,6.45969820022583,9.689575910568237,0.0,54.87029792841743,29.03144123133491,19.379706382751465,3.2298707962036133,3.2298128604888916,0.0,0.0,0.0,0.0,0.0,0.0,0.0,0.0,0.0,0.0,0.0,0.0,0.0,0.0,0.0,0.0,0.0,0.0,0.0,0.0,0.0,0.0,0.0,0.0,0.0,0.0,0.0,0.0,0.0,0.0,0.0
"90,180",2120.0361230198896,0.0,0.0,0.0,0.0,0.0,0.0,0.0,0.0,0.0,0.0,0.0,0.0,0.0,0.0,0.0,0.0,0.0,0.0,0.0,0.0,0.0,0.0,0.0,0.0,0.0,0.0,0.0,0.0,0.038000087177052215,0.038000087177052215,0.0,0.0,0.0,0.0,0.038000087177052215,0.038000087177052215,0.0,0.0,0.0,0.0,0.0,0.0,0.0,0.0,0.0,0.0,0.0,0.0,0.0,0.0,0.0,0.0,0.0,0.0,0.0,0.0,0.0,0.0,0.0,0.0,0.0,0.0,0.0,0.0,0.0,0.0,0.0,0.0,0.0,0.0
"91,180",2504.8481604335657,0.0,0.0,0.0,0.0,0.0,0.0,0.0,0.0,0.0,0.0,0.0,0.0,0.0,0.0,0.0,0.0,0.0,0.0,0.0,0.0,0.0,0.0,0.0,0.0,0.0,0.0,0.0,0.0,0.0,0.0,0.0,0.0,0.0,0.0,0.0,0.0,0.0,0.0,0.0,0.0,0.0,0.0,0.0,0.0,0.0,0.0,0.0,0.0,0.0,0.0,0.0,0.0,0.0,0.0,0.0,0.0,0.0,0.0,0.0,0.0,0.0,0.0,0.0,0.0,0.0,0.0,0.0,0.0,0.0,0.0
"92,180",1049.7516403018801,0.0,0.0,0.0,0.0,0.0,0.0,0.0,0.0,0.0,0.0,42.04600262641907,16.158890674628463,3.234095811843872,0.0,0.0,0.0,48.51482558250427,16.158890674628463,3.234095811843872,0.0,0.0,0.0,51.74965262413025,16.158890674628463,3.234095811843872,0.0,0.0,0.0,42.047332763671875,12.924784133948531,0.0,0.0,0.0,0.0,32.344178915023804,9.690447996176925,0.0,0.0,0.0,0.0,0.0,0.0,0.0,0.0,0.0,0.0,0.0,0.0,0.0,0.0,0.0,0.0,0.0,0.0,0.0,0.0,0.0,0.0,0.0,0.0,0.0,0.0,0.0,0.0,0.0,0.0,0.0,0.0,0.0,0.0
"93,180",38.426010330380656,0.0,0.0,0.0,0.0,0.0,0.0,0.0,0.0,0.0,0.0,0.0,0.0,0.0,0.0,0.0,0.0,0.0,0.0,0.0,0.0,0.0,0.0,0.0,0.0,0.0,3.2353274822235107,0.0,0.0,0.5455616894890281,0.0,0.0,3.2353274822235107,0.0,0.0,0.5455616894890281,0.0,0.0,0.0,0.0,0.0,0.0,0.0,0.0,0.0,0.0,0.0,0.0,0.0,0.0,0.0,0.0,0.0,0.0,0.0,0.0,0.0,0.0,0.0,0.0,0.0,0.0,0.0,0.0,0.0,0.0,0.0,0.0,0.0,0.0,0.0
"90,181",1413.4628182382892,0.0,0.0,0.0,0.0,0.0,0.0,0.0,0.0,0.0,0.0,0.0,0.0,0.0,0.0,0.0,0.0,0.0,0.0,0.0,0.0,0.0,0.0,0.0,0.0,0.0,0.0,0.0,0.0,0.0,0.0,0.0,0.0,0.0,0.0,0.0,0.0,0.0,0.0,0.0,0.0,0.0,0.0,0.0,0.0,0.0,0.0,0.0,0.0,0.0,0.0,0.0,0.0,0.0,0.0,0.0,0.0,0.0,0.0,0.0,0.0,0.0,0.0,0.0,0.0,0.0,0.0,0.0,0.0,0.0,0.0
"91,181",2355.2721720611157,0.0,0.0,0.0,0.0,0.0,0.0,0.0,0.0,0.0,0.0,0.0,0.0,0.0,0.0,0.0,0.0,29.100710153579712,6.466828346252441,0.0,0.0,0.0,0.0,29.100710153579712,6.466828346252441,0.0,0.0,0.0,0.0,0.0,0.0,0.0,0.0,0.0,0.0,0.0,0.0,0.0,0.0,0.0,0.0,0.0,0.0,0.0,0.0,0.0,0.0,0.0,0.0,0.0,0.0,0.0,0.0,0.0,0.0,0.0,0.0,0.0,0.0,0.0,0.0,0.0,0.0,0.0,0.0,0.0,0.0,0.0,0.0,0.0,0.0
"90,182",1335.670079571559,0.0,0.0,0.0,0.0,0.0,0.0,0.0,0.0,0.0,0.0,0.0,0.0,0.0,0.0,0.0,0.0,0.0,0.0,0.0,0.0,0.0,0.0,0.0,0.0,0.0,0.0,0.0,0.0,0.0,0.0,0.0,0.0,0.0,0.0,0.0,0.0,0.0,0.0,0.0,0.0,0.0,0.0,0.0,0.0,0.0,0.0,0.0,0.0,0.0,0.0,0.0,0.0,0.0,0.0,0.0,0.0,0.0,0.0,0.0,0.0,0.0,0.0,0.0,0.0,0.0,0.0,0.0,0.0,0.0,0.0
"91,182",1443.6437056253822,0.0,0.0,0.0,0.0,0.0,0.0,0.0,0.0,0.0,0.0,0.0,0.0,0.0,0.0,0.0,0.0,0.0,0.0,0.0,0.0,0.0,0.0,0.0,0.0,0.0,0.0,0.0,0.0,0.0,0.0,0.0,0.0,0.0,0.0,0.0,0.0,0.0,0.0,0.0,0.0,0.0,0.0,0.0,0.0,0.0,0.0,0.0,0.0,0.0,0.0,0.0,0.0,0.0,0.0,0.0,0.0,0.0,0.0,0.0,0.0,0.0,0.0,0.0,0.0,0.0,0.0,0.0,0.0,0.0,0.0
"90,183",466.18965947798665,0.0,0.0,0.0,0.0,0.0,0.0,0.0,0.0,0.0,0.0,0.0,0.0,0.0,0.0,0.0,0.0,0.0,0.0,0.0,0.0,0.0,0.0,0.0,0.0,0.0,0.0,0.0,0.0,0.0,0.0,0.0,0.0,0.0,0.0,0.0,0.0,0.0,0.0,0.0,0.0,0.0,0.0,0.0,0.0,0.0,0.0,0.0,0.0,0.0,0.0,0.0,0.0,0.0,0.0,0.0,0.0,0.0,0.0,0.0,0.0,0.0,0.0,0.0,0.0,0.0,0.0,0.0,0.0,0.0,0.0
"91,183",223.46257487753942,0.0,0.0,0.0,0.0,0.0,0.0,0.0,0.0,0.0,0.0,0.0,0.0,0.0,0.0,0.0,0.0,0.0,0.0,0.0,0.0,0.0,0.0,0.0,0.0,0.0,0.0,0.0,0.0,0.0,0.0,0.0,0.0,0.0,0.0,0.0,0.0,0.0,0.0,0.0,0.0,0.0,0.0,0.0,0.0,0.0,0.0,0.0,0.0,0.0,0.0,0.0,0.0,0.0,0.0,0.0,0.0,0.0,0.0,0.0,0.0,0.0,0.0,0.0,0.0,0.0,0.0,0.0,0.0,0.0,0.0
